iteration,point,cut_direction,cut_support_value,trial_direction_gap,wall_time_seconds,ci_lower,ci_upper,mean_gap,max_gap
0,"[1.88446179e+04 2.46528709e+03 1.28009671e+03 2.75332877e+05
 3.10960845e+04 3.15983528e+03 5.06679949e+04 1.24910580e+04
 9.48698288e+02 1.27210156e+04 1.21069639e+04 1.12035198e+03
 1.00000000e+00]","[ 0.27225961  0.23521238  0.28363698  0.52566661  0.39946053  0.21274944
  0.33143327  0.21283949 -0.0749897  -0.22415782  0.3110072  -0.01167432
 -0.03260173]",184182.02119677406,333842.94146701996,45.21282149502076,2.4548656141978765e-07,0.0012550263386699402,145663.16349696094,336647.6234335295
1,"[8.21051526e+04 6.88229757e+03 1.05281925e+03 7.52131874e+04
 2.70487108e+04 2.64512172e+03 5.38047033e+04 1.05960049e+05
 1.21072010e+03 3.78017334e+04 1.22220897e+04 1.18333668e+03
 1.00000000e+00]","[ 0.46513159  0.18706772 -0.14379545 -0.14327232  0.12000503 -0.22206602
  0.19713572  0.49735609  0.3134428   0.33074536  0.35331085  0.05172708
 -0.14956925]",111776.58916909534,272047.61512506317,31.928693052992458,2.4548656141978765e-07,0.0012550263386699402,124894.42996873173,273595.8860624059
2,"[1.70305800e+04 1.80774156e+03 1.43666244e+03 1.35921506e+05
 1.49982299e+04 1.00458746e+04 2.40692696e+04 1.19599040e+05
 9.48698288e+02 5.24228361e+04 1.88427540e+04 4.74631407e+03
 1.00000000e+00]","[-0.04109027  0.13061324  0.38867132  0.26429397 -0.03109536  0.33215451
 -0.21129883  0.42736583  0.11314518  0.25765315  0.22729481  0.51098611
  0.17261541]",105237.67118019835,243109.39302864805,34.37746917200275,2.4548656141978765e-07,0.0012550263386699402,110768.9772576851,230946.01531995073
3,"[1.98032860e+04 1.94313732e+03 1.14855319e+03 5.82999060e+04
 6.84916259e+04 4.26203172e+03 7.67504483e+04 1.57547665e+04
 9.48698288e+02 1.26721380e+05 7.73381070e+03 3.00303288e+03
 1.00000000e+00]","[ 0.00173559  0.25473392 -0.15119259 -0.51406505  0.30687948  0.37992685
  0.24610957  0.07169556  0.17048469  0.39187825 -0.16609794  0.35371865
  0.09174388]",62641.09995558785,212621.31419465935,34.77920409600483,2.4548656141978765e-07,0.0012550263386699402,96142.9481533499,193563.80401393067
4,"[1.95911047e+04 1.14648362e+05 1.05636277e+04 1.06657048e+05
 3.81273018e+04 3.47352868e+03 2.89107979e+04 5.37297485e+03
 2.99069991e+03 3.48654607e+04 1.06503033e+04 1.18333668e+03
 1.00000000e+00]","[-0.19796401  0.5089411   0.44754097 -0.00058373  0.2434921  -0.17887869
 -0.34874627 -0.17547889  0.40886229  0.06175711  0.22580735 -0.03654904
  0.18570419]",62511.134661224205,183565.42539905082,31.722466019011335,2.4548656141978765e-07,0.0012550263386699402,90046.75104964244,184704.2516602461
5,"[1.39056511e+04 9.61288453e+02 1.31511535e+03 1.87684099e+05
 2.53678330e+04 5.78981385e+03 1.38425365e+05 8.38871491e+03
 2.19495068e+03 3.67044095e+04 6.70970410e+03 1.11234272e+03
 1.00000000e+00]","[-0.26798691 -0.2395422   0.30310571  0.35785586  0.28931442  0.3173961
  0.41571148 -0.21461306  0.29608587  0.32411503  0.1994487  -0.10894507
 -0.05643168]",142290.6473627554,177302.96381648534,34.8953834999993,2.4548656141978765e-07,0.0012550263386699402,87047.24090992277,177412.77260753023
6,"[1.97801945e+04 9.10028178e+02 1.29108150e+03 7.55170648e+04
 1.89652875e+04 8.77931776e+03 1.39383512e+05 8.61090786e+04
 9.48698288e+02 1.73367469e+04 1.70196886e+04 1.15517716e+03
 1.00000000e+00]","[-0.2395671  -0.26801685  0.15309268 -0.35312824  0.05011889  0.32012606
  0.4359433   0.4546536  -0.05063604 -0.17786728  0.40963226 -0.11199741
  0.07966063]",75932.81629846118,161442.31660647862,32.26654628099641,2.4548656141978765e-07,0.0012550263386699402,82352.16776513378,177064.03313842166
7,"[4.55447411e+04 1.58339402e+03 2.14495183e+04 8.98633773e+04
 1.26301609e+04 3.06086055e+03 8.11600783e+04 1.56427461e+04
 7.17965984e+04 1.74921836e+04 5.32147299e+03 1.62778264e+03
 1.00000000e+00]","[ 2.99627831e-01 -6.52005169e-02  4.93470818e-01 -1.17955698e-04
  1.61962277e-01 -1.44220145e-03  3.28531521e-01  5.50302966e-02
  5.61455267e-01 -2.27250071e-01  1.29893160e-01  3.30255485e-01
 -1.80133034e-01]",91247.114872814,179910.14372069927,32.87746873300057,2.4548656141978765e-07,0.0012550263386699402,80925.14798951414,169513.276780325
8,"[1.16664134e+05 1.06222019e+04 1.99907173e+03 7.40579949e+04
 1.12600519e+04 4.56891301e+04 4.22628848e+04 9.66318836e+03
 2.91403841e+03 2.31516682e+04 1.76100739e+04 1.18333668e+03
 1.00000000e+00]","[ 0.32479682  0.2395136   0.15306123 -0.4077955  -0.09904701  0.53756113
 -0.00490893 -0.09874231  0.42999897 -0.09120048  0.31041266  0.20831967
  0.07674103]",37680.129069669936,157342.11510651142,35.01172402899829,2.4548656141978765e-07,0.0012550263386699402,74615.67289537417,165286.83311647217
9,"[1.94796224e+04 5.50200187e+03 1.21582200e+03 2.15451170e+05
 2.21549224e+04 2.66544005e+03 3.97306884e+04 6.52909888e+03
 1.16238888e+03 1.00878883e+05 3.67642250e+03 1.18333669e+03
 1.00000000e+00]","[ 0.26424199  0.39690308  0.18327773  0.48158704  0.28656442 -0.01785381
  0.12612307 -0.22790193  0.24313282  0.5264628  -0.05265745  0.05986141
  0.11920662]",174405.56604589865,145118.1875960835,35.72524750401499,2.4548656141978765e-07,0.0012550263386699402,70882.5382695708,152172.2567164913
10,"[1.83876623e+04 3.20803085e+03 1.07924864e+03 1.01955466e+05
 1.02616024e+04 5.41474354e+03 1.90889785e+05 9.69969616e+03
 9.48698288e+02 4.06364642e+04 2.70099160e+04 1.80304051e+03
 1.00000000e+00]","[ 0.00420112  0.44726702 -0.10800566  0.19967604 -0.22285946  0.10693781
  0.44823836 -0.28269615 -0.16062617  0.21535737  0.45505469  0.27193731
  0.23077652]",124248.30727859933,149032.85794924723,31.198234691022662,2.4548656141978765e-07,0.0012550263386699402,67739.49741067244,140081.3840231364
11,"[2.58327655e+04 1.58870506e+03 1.31463052e+03 1.24029980e+05
 5.46199233e+04 3.53273952e+03 2.80317493e+04 1.26209400e+05
 2.03786092e+03 2.18016432e+04 3.19710604e+03 1.66110134e+03
 1.00000000e+00]","[ 0.2352797   0.10446033  0.02231999  0.16253396  0.42206607  0.13713475
 -0.36713512  0.48836299  0.39684432 -0.28314756 -0.22380901  0.19543291
  0.10315653]",95559.3728574948,131254.94359463273,33.50264582899399,2.4548656141978765e-07,0.0012550263386699402,66183.60164677147,147321.12487419043
12,"[2.89432412e+04 1.54619561e+03 1.11832066e+03 9.26472831e+04
 4.14404114e+04 7.55492248e+03 3.29922934e+04 8.08117591e+03
 1.15340248e+03 6.44021394e+04 1.20655065e+05 1.12714084e+03
 1.00000000e+00]","[ 0.39552799  0.05332432 -0.13020972  0.12296718  0.41455083  0.42127642
 -0.08825436 -0.02776856  0.05663285  0.3342696   0.55728697 -0.10463676
 -0.11954678]",128717.45509323437,139290.30923995393,33.81362387200352,2.4548656141978765e-07,0.0012550263386699402,63960.77651533901,134972.84303237207
13,"[2.50629042e+04 1.48736818e+03 1.33206909e+03 7.45424638e+04
 1.32110845e+05 3.39741960e+03 5.41847316e+04 4.57116659e+04
 9.48698289e+02 2.59200897e+04 1.69294104e+04 3.93837906e+03
 1.00000000e+00]","[ 0.08709581  0.11852583 -0.02313642 -0.43062901  0.40873893 -0.07317283
 -0.22614279  0.3931912  -0.04352667 -0.19385707  0.36096306  0.4920636
 -0.04828654]",32681.07353224744,149108.60123435635,33.83739072500612,2.4548656141978765e-07,0.0012550263386699402,62071.59701681091,124194.96292995929
14,"[1.42221207e+05 8.07266639e+03 4.02335048e+04 8.53852086e+04
 1.04098908e+04 1.51865828e+03 3.10756120e+04 9.76780289e+03
 8.74193850e+02 4.36095497e+04 6.83577358e+03 1.13818234e+03
 1.00000000e+00]","[ 0.49693041  0.022358    0.62029485  0.01719767 -0.12334189 -0.30353979
 -0.14235627  0.08461023  0.11297105  0.43770336  0.08148014  0.11002776
  0.09814886]",111806.40704375839,125233.82089875755,39.063578069995856,2.4548656141978765e-07,0.0012550263386699402,60554.873307397706,130221.80284943618
15,"[2.73603456e+04 3.05322373e+03 7.90832778e+04 8.77857040e+04
 6.73918000e+04 7.37205426e+03 3.64594518e+04 6.24699836e+03
 1.04470856e+03 1.97593104e+04 4.93352918e+03 1.36735660e+03
 1.00000000e+00]","[-0.05218146  0.26299672  0.51567388 -0.21828262  0.34248042  0.4869853
 -0.10314561 -0.25216018 -0.2036384  -0.26815483  0.07992386 -0.03357156
 -0.25491409]",37165.80004853362,125653.10576098421,30.917786073987372,2.4548656141978765e-07,0.0012550263386699402,59945.29702682304,126118.06911628463
16,"[8.83242841e+04 8.57742190e+04 4.72995263e+03 1.08177795e+05
 1.31158361e+04 3.61839704e+03 3.90680184e+04 1.06591274e+04
 1.31965787e+03 2.16761308e+04 1.76471090e+04 1.80304051e+03
 1.00000000e+00]","[ 0.44172095  0.57825355 -0.15423252  0.25984356 -0.0992569  -0.25169944
 -0.11924382 -0.12764917 -0.09077678 -0.04534569  0.50934191  0.06642162
 -0.03665364]",115767.31235386514,123860.05464715001,30.1780542479828,2.4548656141978765e-07,0.0012550263386699402,58836.02642759062,127805.46963463667
17,"[1.02683050e+05 6.61917247e+03 9.26213417e+02 1.79879670e+05
 8.12431704e+03 2.29225178e+04 3.27224251e+04 4.88262383e+03
 5.33334819e+03 1.72518593e+04 6.17744810e+03 1.18333668e+03
 1.00000000e+00]","[ 0.34701934 -0.08669632 -0.12763209  0.2935355  -0.09479772  0.46597319
  0.06955121 -0.30339785  0.48530061 -0.15021852  0.09803877 -0.04132734
 -0.42095273]",99000.65176881825,115010.24068166009,35.46251786299399,2.4548656141978765e-07,0.0012550263386699402,57847.2205873896,126408.63204424872
18,"[2.38710064e+04 1.05047480e+05 1.14577843e+04 8.02484382e+04
 3.51150693e+03 6.41757556e+03 5.39673015e+04 4.06610830e+04
 9.48698288e+02 4.22404398e+04 7.60060179e+03 1.18333668e+03
 1.00000000e+00]","[ 0.08191534  0.45179824  0.25015616 -0.44306087 -0.5198915   0.06106583
  0.07553425  0.36433519 -0.07169383  0.25223813  0.09725526 -0.18608843
 -0.07052559]",45289.45163222389,116615.64499635983,30.518580509000458,2.4548656141978765e-07,0.0012550263386699402,56731.83018870828,121646.73641511133
19,"[1.41101037e+04 7.36808446e+03 1.05281925e+03 1.71860668e+05
 9.96444530e+03 2.79476425e+03 6.19746242e+04 1.10206732e+05
 1.85972253e+03 2.91886160e+04 2.04872895e+03 1.12353107e+03
 1.00000000e+00]","[-0.10162933  0.46185477 -0.03012815  0.37325861 -0.07658874  0.12239588
  0.23691816  0.46250631  0.33854824  0.2750165  -0.23425347 -0.23904685
 -0.20730656]",139227.11473893435,121337.8896296918,31.92918299502344,2.4548656141978765e-07,0.0012550263386699402,56082.37626688532,136895.73947114882
20,"[4.58607482e+04 2.56582583e+04 1.32135521e+03 1.02548836e+05
 4.15883608e+04 3.06813125e+03 5.46781412e+04 7.73381058e+03
 1.04084358e+03 2.38834203e+04 3.67900296e+03 6.70226202e+04
 1.00000000e+00]","[ 0.31076801  0.41216336  0.24085133  0.09852392  0.29987562 -0.07102265
  0.17840383 -0.28258523  0.06409716 -0.0307579  -0.20393571  0.61406767
  0.18828958]",94810.41282026266,104223.54247232572,32.399137121014064,2.4548656141978765e-07,0.0012550263386699402,54452.16390858242,110314.4046172601
21,"[1.78269008e+04 3.80690600e+03 1.17028578e+03 8.62091288e+04
 1.39566504e+04 3.61619515e+03 9.70294180e+04 3.89842401e+04
 1.93446842e+03 3.11529327e+04 1.34985763e+03 7.38472705e+04
 1.00000000e+00]","[-0.18445128  0.37450253 -0.13154854 -0.07942066  0.03803762 -0.08038491
  0.37647381  0.42371544  0.18528139  0.07330853 -0.2469294   0.58354049
  0.17815741]",89826.14242611009,114562.69017085935,32.23159050301183,2.4548656141978765e-07,0.0012550263386699402,53375.056550568006,104391.86462652656
22,"[2.22191382e+04 2.14564019e+03 2.11038353e+04 8.45525894e+04
 1.70907294e+04 2.90890349e+03 5.90140893e+04 1.23419894e+04
 9.48698290e+02 4.68313983e+04 1.24236588e+05 1.18333668e+03
 1.00000000e+00]","[-0.20591542  0.15675463  0.69213536 -0.14135501  0.1236201  -0.22833224
  0.14698432  0.04875564  0.15532623  0.15602422  0.53096684  0.10974731
  0.01245554]",82689.88149396803,103224.73166572329,31.56873069499852,2.4548656141978765e-07,0.0012550263386699402,52669.73625389517,109563.15737213264
23,"[9.16283295e+04 7.68205683e+03 1.08200580e+03 8.77854444e+04
 9.85267052e+03 6.56216539e+04 5.24212951e+04 1.75826791e+04
 9.48698291e+02 4.23528656e+04 1.63064049e+03 1.18556473e+03
 1.00000000e+00]","[ 0.42683355  0.1909204  -0.0331104  -0.00373054 -0.10740846  0.64411859
  0.16090861  0.32131484  0.06033648  0.36114725 -0.14781335  0.24837671
  0.0841698 ]",110914.25649833695,110373.54085005236,34.80402369500371,2.4548656141978765e-07,0.0012550263386699402,52023.56288976489,103801.66881912094
24,"[2.31412448e+04 1.19983849e+03 1.38759018e+03 7.28711891e+04
 2.49134277e+04 3.75557793e+03 3.90417641e+04 4.09119140e+04
 6.61045401e+04 7.00150794e+04 1.10411270e+04 1.19645273e+03
 1.00000000e+00]","[ 0.08859288 -0.11868445 -0.06644597 -0.5409353   0.20070515 -0.11829342
 -0.23162371  0.2853952   0.59929317  0.29331895  0.02225346 -0.17263264
  0.12719209]",29778.040340374002,100548.37138968693,32.67646482298733,2.4548656141978765e-07,0.0012550263386699402,51363.60310140363,96425.41962470947
25,"[1.41209081e+04 1.10950378e+03 1.16493332e+03 8.99276660e+04
 6.86201392e+04 2.65095078e+03 5.79473986e+04 1.21173487e+05
 9.48698290e+02 3.97679509e+04 6.56313294e+03 1.17907162e+03
 1.00000000e+00]","[-0.41935083 -0.2412061   0.06154783  0.02923502  0.49408975  0.12175804
  0.12436517  0.50120595 -0.14660063  0.34956741  0.04483161  0.20427017
 -0.21971022]",112975.66029339308,98295.21481652073,30.24333265799214,2.4548656141978765e-07,0.0012550263386699402,50593.75360518202,105808.02295270909
26,"[7.38089983e+04 5.30239216e+03 1.06491959e+03 1.80325011e+05
 1.60547455e+04 2.66571108e+03 2.66772884e+04 7.52821502e+04
 9.48698347e+02 2.43120397e+04 4.25698672e+03 1.17209722e+03
 1.00000000e+00]","[ 0.53592705  0.01228044  0.00516539  0.44368093  0.04181294 -0.076858
 -0.11360343  0.59148007  0.0359572   0.06710432 -0.14709421 -0.30542958
  0.15691462]",162278.84038320565,97306.17180752559,30.416084118012805,2.4548656141978765e-07,0.0012550263386699402,49867.915588039185,95041.6589585205
27,"[2.04009885e+04 8.70251006e+02 8.57560379e+03 7.83074999e+04
 3.06905928e+03 5.87128052e+04 2.18659851e+04 2.36326499e+03
 4.77854239e+03 8.17995061e+04 1.02585249e+04 1.24111819e+03
 1.00000000e+00]","[-0.17280682 -0.23697609  0.25620654 -0.31418916 -0.41662979  0.36499232
 -0.41912513 -0.3283927   0.2422754   0.24362786 -0.19333544 -0.01990662
 -0.05907055]",3150.757866321329,92492.83718328156,33.43083290301729,2.4548656141978765e-07,0.0012550263386699402,49668.673988009126,92519.30939866186
28,"[2.08596038e+04 4.34695061e+03 1.51200531e+03 6.44428439e+04
 4.33634686e+04 2.99122922e+03 1.65423742e+05 1.59624313e+04
 9.48698288e+02 3.10698558e+04 3.79801644e+04 1.18333668e+03
 1.00000000e+00]","[ 0.01661602  0.44057018  0.19741981 -0.39667696  0.29664517 -0.09832809
  0.42158602 -0.17373347 -0.29623956  0.03133822  0.45311343 -0.09671727
  0.01742969]",74321.34256688257,99519.16511193188,36.2311116179917,2.4548656141978765e-07,0.0012550263386699402,49492.24147520612,91564.96861815017
29,"[2.06400002e+04 1.43601647e+03 4.90253128e+03 8.11427989e+04
 3.89490848e+03 2.83203195e+04 3.54540523e+04 1.23050297e+05
 1.85419908e+03 3.18561107e+04 6.30853679e+03 1.24263235e+03
 1.00000000e+00]","[-0.21829172 -0.05195129  0.189264   -0.48373604 -0.2105918   0.44865597
 -0.32434045  0.3881664   0.30827438 -0.03086503 -0.00173515 -0.28562482
  0.02733327]",4469.201994639925,94923.81931106039,29.314765407994855,2.4548656141978765e-07,0.0012550263386699402,48859.185340973316,97078.8902872712
30,"[4.12831293e+04 1.50304743e+03 1.76435873e+04 7.92894527e+04
 1.01936033e+04 2.87148591e+03 1.80652393e+05 1.14385933e+04
 9.48698288e+02 4.48241040e+04 8.10119847e+03 1.18023201e+03
 1.00000000e+00]","[ 0.36699657 -0.00402172  0.44546281 -0.32109442 -0.19536196 -0.32763494
  0.46454763 -0.13774519  0.0620301   0.38844139  0.09657237 -0.10565166
 -0.09081017]",95086.62350398565,95295.44791339159,35.18073426798219,2.4548656141978765e-07,0.0012550263386699402,48584.715334551984,97809.88318306245
31,"[1.91423137e+04 2.75911655e+03 1.16065357e+03 1.05196685e+05
 5.28110018e+04 2.82718300e+03 3.33559838e+04 1.27307315e+05
 9.48698293e+02 5.17769573e+04 5.55187579e+03 1.15235474e+03
 1.00000000e+00]","[ 0.06756796  0.48222828  0.09242152  0.13204369  0.46415647  0.01640721
 -0.11689849  0.50887971  0.01860495  0.38788285 -0.14875929 -0.27266803
  0.03609017]",121026.53668238834,92144.97068077257,32.00233130500419,2.4548656141978765e-07,0.0012550263386699402,48425.2579387304,92745.96123590566
32,"[1.93300486e+04 9.88418229e+02 1.26114478e+03 1.27197178e+05
 2.62871209e+04 1.08211725e+04 2.81458154e+04 2.50240862e+04
 2.23845825e+03 1.52471743e+04 1.20808558e+05 1.18333668e+03
 1.00000000e+00]","[-0.08728828  0.03340829 -0.22467334  0.14937327  0.01651487  0.20021307
 -0.44396406  0.14494011  0.40286115 -0.52374257  0.44897963  0.11333814
 -0.09472486]",58084.97715749971,94549.50589267293,29.80155342197395,2.4548656141978765e-07,0.0012550263386699402,48068.72584077867,90878.03491939927
33,"[2.39439459e+04 8.61045010e+04 1.38821944e+03 8.32058875e+04
 7.71069072e+03 4.60363434e+03 3.32106747e+04 8.63627949e+03
 9.48698288e+02 7.64317341e+04 2.58590449e+04 1.67411039e+04
 1.00000000e+00]","[ 0.1360795   0.40540818 -0.04857221 -0.30543649 -0.19831974 -0.05098652
 -0.27961124 -0.09448034 -0.06549019  0.35239964  0.26779821  0.45479231
  0.43059278]",42229.81065764378,94073.10373121605,32.279857098998036,2.4548656141978765e-07,0.0012550263386699402,47362.19062948519,93548.40372806857
34,"[1.85611776e+04 9.06436200e+02 1.48392091e+03 1.10655843e+05
 3.13163581e+04 3.73920858e+03 2.93055457e+04 8.05939665e+03
 5.04347427e+03 4.51785887e+04 3.53872390e+03 8.74964131e+04
 1.00000000e+00]","[-0.12326964 -0.22279449 -0.12627932  0.07168143  0.23368007 -0.23934579
 -0.30959296  0.12145252  0.49507716  0.22094563 -0.07185529  0.62357233
 -0.06055751]",70368.61717785108,92688.49071687729,33.626638227986405,2.4548656141978765e-07,0.0012550263386699402,46931.14985335474,96914.69600210525
35,"[1.82166707e+04 2.01695086e+03 1.73373239e+03 1.42967531e+05
 1.70222270e+04 2.45247170e+04 2.97450719e+04 6.15836283e+03
 7.56609665e+04 2.62183792e+04 3.01482785e+03 1.23140344e+03
 1.00000000e+00]","[ 0.03122552  0.30448795  0.00439311  0.266254    0.09309919  0.59889736
 -0.23799975 -0.02849845  0.62962841  0.07659603 -0.01784024  0.02307968
  0.08631443]",97895.21465854594,90529.46016602448,31.107624601980206,2.4548656141978765e-07,0.0012550263386699402,46421.959316211345,99928.46444386616
36,"[1.46963703e+04 2.37421787e+03 1.06776457e+03 1.64257634e+05
 6.30937757e+04 3.45422066e+03 3.75979924e+04 9.37141803e+03
 9.48698295e+02 2.29752040e+04 8.71520143e+04 1.80304053e+03
 1.00000000e+00]","[-0.20112565  0.2797103  -0.02570509  0.36862872  0.46791005  0.19296922
 -0.02054325  0.00610725 -0.02914442  0.06299535  0.50124347  0.47785465
 -0.06098022]",133670.11894750196,95060.04504025375,29.879830054997,2.4548656141978765e-07,0.0012550263386699402,46124.46730859929,88107.1994163619
37,"[1.78767808e+04 5.04514219e+03 6.50461680e+04 1.71486142e+05
 1.49321552e+04 3.00605502e+03 5.82228021e+04 1.00249405e+04
 1.00828450e+03 1.39260325e+04 1.94388632e+04 1.18333668e+03
 1.00000000e+00]","[-0.19112134  0.37237282  0.59792917  0.32398224 -0.01093547 -0.23911814
  0.24849917 -0.2184034  -0.05563788 -0.25829312  0.34721767 -0.01046009
 -0.07139986]",107394.22085670357,88123.58839585005,36.559802585979924,2.4548656141978765e-07,0.0012550263386699402,45506.56677294512,92984.08143885808
38,"[1.58993482e+04 1.96257837e+03 1.13146703e+03 1.10799587e+05
 1.28172802e+04 3.42252347e+03 6.09413212e+04 1.39851230e+05
 1.24325146e+04 2.11092361e+04 1.88469120e+04 1.18333668e+03
 1.00000000e+00]","[-0.15742812  0.1797192  -0.22556952  0.23965215  0.07044635 -0.16338594
  0.12726552  0.46019741  0.60482954  0.01031346  0.44375286  0.00611518
 -0.10994399]",112714.24277658295,87980.3271332452,29.80238215799909,2.4548656141978765e-07,0.0012550263386699402,44939.92427416074,87527.15309766686
39,"[7.17410908e+04 2.53676786e+03 7.74366503e+04 1.29195317e+05
 7.33499299e+03 2.42455792e+03 2.70196945e+04 8.61101076e+03
 6.95924906e+02 1.92882130e+04 5.43225692e+03 1.31891510e+03
 1.00000000e+00]","[ 0.37010923 -0.12689475  0.66880759  0.31954077 -0.22388267  0.1092007
 -0.31074415  0.19867469  0.02288906 -0.230923    0.20140395  0.06346155
  0.03138332]",107980.33894347379,83948.99323200808,32.72042258098372,2.4548656141978765e-07,0.0012550263386699402,44662.31879002835,88739.53149017133
40,"[1.82449350e+04 1.90413164e+03 9.02453662e+04 9.69311439e+04
 9.81823484e+03 8.76595684e+03 7.72665235e+04 3.72204189e+04
 9.48698288e+02 2.00851653e+04 4.55651726e+03 1.35707798e+03
 1.00000000e+00]","[-0.34500906  0.0464493   0.60916666  0.076741   -0.0547986   0.40315064
  0.32173     0.34483625 -0.01881369 -0.22001914 -0.12710323 -0.18321321
 -0.12408772]",91631.84636675546,92884.80297646171,34.616898737003794,2.4548656141978765e-07,0.0012550263386699402,44479.177378014596,89196.12814075929
41,"[2.41855972e+04 1.95088832e+03 2.15925853e+04 7.96436385e+04
 1.10102333e+04 7.01705386e+03 3.14740985e+04 4.83578491e+03
 1.44686162e+03 4.19795878e+04 2.56006767e+03 7.57128039e+04
 1.00000000e+00]","[-0.19222317 -0.07717708  0.37910014 -0.40196778 -0.00220239  0.01800384
 -0.46394064 -0.35691728 -0.11716356  0.04687967 -0.2345086   0.47812036
  0.09654388]",-7455.9820154174395,87438.56269488712,35.7839126480103,2.4548656141978765e-07,0.0012550263386699402,44197.82072524594,86375.40220516897
42,"[1.35405909e+04 9.58530239e+04 1.49328275e+03 7.64265486e+04
 2.47413862e+04 4.33395836e+03 7.66763693e+04 1.86116531e+04
 9.48698288e+02 7.01110289e+04 1.26738139e+04 1.14559616e+03
 1.00000000e+00]","[-0.36832805  0.45785233  0.45353783 -0.22621323  0.13956476  0.27526092
  0.32428503  0.16577419 -0.07382295  0.37261418  0.11737067  0.10010378
 -0.04312926]",82540.53814522758,83817.32623168449,31.92971072002547,2.4548656141978765e-07,0.0012550263386699402,43908.686502358876,84070.01424520648
43,"[2.44258613e+04 1.07929820e+03 1.35544370e+04 8.87432951e+04
 7.01143401e+04 3.27491599e+03 2.81640015e+04 2.17923680e+04
 1.23494971e+03 5.02911574e+04 6.16865794e+03 5.57380876e+04
 1.00000000e+00]","[ 0.13237627  0.04028195  0.40797925 -0.12036461  0.3929767   0.03431435
 -0.31104942  0.19864896  0.35095015  0.25024078 -0.15752532  0.54050779
 -0.07313357]",63532.95309730803,84166.1607688789,32.885866886994336,2.4548656141978765e-07,0.0012550263386699402,43485.69297053166,93470.65809487719
44,"[5.69378434e+04 7.90654958e+03 1.82471393e+04 1.16088116e+05
 1.87188938e+04 2.68254282e+03 4.15360080e+04 3.23402462e+04
 6.88590562e+02 1.89725598e+04 9.20245825e+04 1.18333668e+03
 1.00000000e+00]","[ 0.30423958  0.36575467  0.50908027  0.23456236  0.16500588  0.13765367
  0.10297634  0.34316879 -0.09683411  0.02100474  0.40474054  0.3307499
 -0.043666  ]",113536.40135989987,83312.51104917235,33.70211215200834,2.4548656141978765e-07,0.0012550263386699402,43096.70357315604,87723.7901320065
45,"[9.11607006e+04 4.86580352e+04 1.57315752e+03 6.83527766e+04
 4.76651330e+04 3.74102549e+03 4.62997586e+04 8.36708734e+03
 1.52639431e+04 1.45417287e+04 6.40208287e+03 1.91289995e+03
 1.00000000e+00]","[ 1.84691937e-01  3.56887553e-01 -1.66662397e-01 -4.15056253e-01
  2.55409720e-01  6.77232465e-02 -4.79346406e-02 -9.66639341e-02
  4.46546990e-01 -5.60287707e-01 -2.28999859e-04  7.89823811e-03
 -2.08856273e-01]",13650.944357324504,81593.0958141261,31.192272443004185,2.4548656141978765e-07,0.0012550263386699402,42182.723397301284,78149.12155706165
46,"[1.59997661e+04 3.79369026e+03 1.16065363e+03 1.57859829e+05
 6.78138819e+03 1.96902071e+04 1.54102317e+05 1.09330159e+04
 5.54420924e+02 1.65108991e+04 1.46169685e+04 1.88476988e+03
 1.00000000e+00]","[-0.06080769  0.2723475  -0.30025653  0.26060758 -0.13012576  0.42640678
  0.33151624 -0.09995664 -0.28788836 -0.12864351  0.25636209  0.4699299
  0.24377177]",100709.02334320582,81685.76741639485,34.008505578007316,2.4548656141978765e-07,0.0012550263386699402,41809.31014318042,85674.77652003244
47,"[1.95202168e+04 1.03137920e+03 1.25411556e+03 9.60521171e+04
 6.80705476e+03 3.77374337e+03 3.66426038e+04 8.63252994e+03
 8.51591920e+04 7.38780609e+04 1.55343339e+04 1.18333668e+03
 1.00000000e+00]","[ 0.09033699 -0.11734213  0.14739061  0.09021676 -0.18828964 -0.33459233
 -0.15247114  0.0227709   0.65846299  0.44687676  0.23017949  0.02888377
 -0.29991132]",95256.1260064252,75632.73085590772,31.90723132598214,2.4548656141978765e-07,0.0012550263386699402,41142.466844837356,84390.92968708489
48,"[1.60147562e+04 9.36945073e+04 7.11965976e+03 1.15841411e+05
 9.14789239e+03 2.19759288e+04 2.09638581e+04 2.31622363e+04
 1.18344166e+03 2.32999215e+04 8.04346873e+02 2.86488007e+03
 1.00000000e+00]","[-0.21561931  0.31934006  0.01098233 -0.06472509 -0.17798468  0.23768559
 -0.64860704  0.09777832 -0.00072167 -0.31247777 -0.35613667  0.26558882
  0.18379874]",4503.3437306679325,81298.57912376717,29.82364415898337,2.4548656141978765e-07,0.0012550263386699402,40896.321829326575,82016.3786604199
49,"[1.38634258e+05 6.22501262e+03 1.04993370e+03 7.47538167e+04
 4.88305297e+04 2.64512173e+03 8.62405368e+04 1.33659781e+04
 9.48698288e+02 2.91380901e+04 5.09305603e+03 1.30129366e+03
 1.00000000e+00]","[ 0.51746064 -0.28078304 -0.15709857  0.0119806   0.42970765  0.21276366
  0.44195121 -0.18491115  0.02349521  0.2288351   0.19847171  0.26766028
 -0.07205035]",135957.94287120205,82561.98340300907,33.819030972983455,2.4548656141978765e-07,0.0012550263386699402,40680.85885455735,80305.40016131179
50,"[1.65221477e+04 2.39393127e+03 1.07736736e+03 9.18913560e+04
 1.37386128e+05 2.64512173e+03 9.92723993e+04 3.08767002e+04
 9.48698288e+02 1.83709160e+04 8.57166299e+03 1.14544662e+03
 1.00000000e+00]","[-0.07833422  0.38636421  0.10124405  0.12001898  0.50803244 -0.06358829
  0.48089347  0.41535823  0.16791298 -0.11457195  0.24338516 -0.18648351
  0.13666083]",140888.4670616775,78151.23971255659,32.372351653990336,2.4548656141978765e-07,0.0012550263386699402,40412.89185492219,83292.38127905894
51,"[1.94176839e+04 9.00752907e+02 7.41879076e+04 1.02938522e+05
 6.59684282e+03 3.01618999e+03 1.07877852e+05 1.37492204e+04
 9.48698289e+02 3.80060648e+04 1.17442466e+03 2.53947591e+03
 1.00000000e+00]","[-0.10503104 -0.20228551  0.4979922   0.23327763 -0.25145752 -0.25242075
  0.33102925 -0.08542702  0.12739309  0.26593422 -0.24885413  0.45444283
  0.21543546]",101942.55137939802,73535.36588721574,33.32449327799259,2.4548656141978765e-07,0.0012550263386699402,39813.21513461724,79853.57530483312
52,"[1.68147897e+04 2.29601731e+03 1.15310702e+04 6.34807328e+04
 7.95658734e+04 5.67520483e+03 2.16881515e+04 3.57925029e+03
 2.43542597e+03 7.80930187e+04 2.27558440e+04 1.43164131e+04
 1.00000000e+00]","[-0.39450458 -0.00881561  0.26695428 -0.424225    0.23498037  0.1799972
 -0.5346636  -0.19545988 -0.16665286  0.23565461  0.16748916  0.2609928
  0.04354717]",2461.867438299129,81342.02225639053,32.98237505700672,2.4548656141978765e-07,0.0012550263386699402,39764.49656751094,77034.27591384247
53,"[2.64684881e+04 3.23192511e+03 1.10519570e+03 8.58559132e+04
 1.21580937e+04 4.54357873e+03 8.39729437e+04 1.25888438e+04
 7.41154397e+04 6.59317706e+04 1.26831015e+04 1.18333669e+03
 1.00000000e+00]","[ 0.26902485  0.31063211  0.1377755   0.14817341  0.14926177  0.31207505
  0.35336663 -0.09667094  0.56586135  0.36322579  0.16782323  0.21821545
 -0.09164092]",120961.2221614051,83393.3874868716,34.229106811020756,2.4548656141978765e-07,0.0012550263386699402,39748.85522118764,82433.66289573976
54,"[2.05442142e+04 9.99912035e+02 1.36858427e+03 5.94827625e+04
 1.28029129e+05 1.12426012e+04 7.74661866e+04 2.42793551e+04
 2.00800160e+03 2.40864956e+04 1.92282740e+04 1.18333668e+03
 1.00000000e+00]","[-0.17773503 -0.14776667 -0.17746863 -0.54632527  0.3557598   0.46668794
  0.13364496 -0.00129156  0.32255256 -0.19177655  0.3270106  -0.06694109
  0.04634755]",26814.157516468036,79603.32774717748,32.27047828497598,2.4548656141978765e-07,0.0012550263386699402,38887.871880907645,75476.14486548881
55,"[2.05351021e+04 8.09534642e+02 1.46442146e+03 5.36286863e+04
 2.17067132e+04 8.46309837e+03 7.99506085e+04 1.74815419e+04
 9.90829361e+03 7.60258532e+04 7.45053813e+04 1.18333668e+03
 1.00000000e+00]","[-0.00533623 -0.3767698  -0.09876804 -0.58855005 -0.13463811  0.33608442
  0.22072655  0.10796482  0.30240018  0.31385963  0.32866937 -0.06229771
  0.09249158]",38605.71094559191,73327.57610739332,32.20861043600598,2.4548656141978765e-07,0.0012550263386699402,38829.00225137213,73265.36366327728
56,"[2.04502830e+04 1.48627955e+03 5.20850288e+03 7.72744165e+04
 1.04487075e+04 4.03282285e+04 3.31725703e+04 5.41192043e+03
 3.38552674e+03 2.37803550e+04 7.94139287e+04 1.84606903e+03
 1.00000000e+00]","[-0.26606135  0.08285264 -0.13568216 -0.53098472 -0.06882859  0.22483573
 -0.47560378 -0.254672    0.0912264  -0.33622107  0.25325125  0.02192003
 -0.29943877]",-43398.09489784345,77986.46891307265,30.872659858025145,2.4548656141978765e-07,0.0012550263386699402,38561.551160720526,80066.4355055668
57,"[4.11623568e+04 2.39693816e+03 1.64559363e+03 1.37472367e+05
 8.12238245e+03 6.21312403e+03 2.48211718e+04 6.11927716e+03
 1.41772286e+03 4.86728802e+04 4.82412673e+03 6.85513817e+04
 1.00000000e+00]","[ 0.3313434  -0.13515682  0.19558698  0.26464114 -0.28213237  0.19691305
 -0.44671691 -0.13016361 -0.11202265  0.2611974  -0.13442906  0.5537753
 -0.15255028]",86932.74621924286,81244.73454347841,34.76602182898205,2.4548656141978765e-07,0.0012550263386699402,38462.50408010502,76192.23579565527
58,"[1.73702925e+04 2.17251604e+03 1.55716025e+03 8.23568660e+04
 7.20969242e+03 5.61891527e+03 3.57812635e+04 3.70690215e+04
 9.48698289e+02 6.94121740e+04 3.69872778e+04 6.54683869e+04
 1.00000000e+00]","[-0.32541443  0.13732994  0.08433646 -0.21775124 -0.16803918  0.11652324
 -0.02599869  0.3388122   0.28252608  0.24444713  0.39186471  0.57631173
 -0.19535781]",57375.86970593508,71108.53310646929,33.94352904500556,2.4548656141978765e-07,0.0012550263386699402,38028.67311217034,73657.8604970643
59,"[1.14062664e+05 8.70927602e+03 1.24924816e+03 6.12314707e+04
 5.93460525e+04 1.25612052e+04 3.29421825e+04 4.00316180e+04
 9.48698287e+02 2.57565487e+04 3.93827456e+03 1.42862676e+03
 1.00000000e+00]","[ 0.22325679 -0.0065941  -0.44422662 -0.57150742  0.20413344  0.41399456
 -0.33201733  0.21794176  0.02400953 -0.1033201  -0.10501361  0.16945014
  0.06607653]",2150.7983842151143,67448.49457639466,35.57785063100164,2.4548656141978765e-07,0.0012550263386699402,37833.7746740364,69328.88080356199
60,"[8.78661230e+04 7.64815975e+04 1.23065708e+03 8.36264806e+04
 7.21229746e+03 5.37714490e+03 3.26643129e+04 2.08756569e+04
 1.22780661e+04 3.86019511e+04 5.49680815e+03 1.69027632e+03
 1.00000000e+00]","[ 0.32072207  0.47020166 -0.09305957 -0.34653892 -0.2205522   0.09586491
 -0.35677409  0.10498907  0.48950892  0.24453533 -0.11121834  0.19713012
 -0.02254603]",39682.35063415452,72912.20224569079,30.959802461002255,2.4548656141978765e-07,0.0012550263386699402,37764.16538966177,79283.56745928426
61,"[1.94327437e+04 9.79711889e+02 2.57282965e+03 1.13572349e+05
 4.66500086e+04 8.25676662e+04 2.57843594e+04 3.37270587e+04
 9.48698288e+02 2.28859267e+04 6.35450502e+03 1.19292184e+03
 1.00000000e+00]","[-0.04034407 -0.1256833   0.097315    0.02192742  0.33676811  0.61582025
 -0.47729997  0.312857   -0.10786541 -0.20478995  0.18944342  0.0658591
 -0.24593258]",63128.54150568011,73805.440246025,32.06857118901098,2.4548656141978765e-07,0.0012550263386699402,37420.86897619657,71401.63674497696
62,"[4.05600306e+04 1.37408733e+03 7.77807500e+04 6.59779478e+04
 9.05938056e+03 7.48161493e+03 7.74103454e+04 3.83052980e+04
 6.95924904e+02 1.97573421e+04 7.74205431e+03 1.18333668e+03
 1.00000000e+00]","[ 0.27391663 -0.05294764  0.55302305 -0.41659281 -0.04346948  0.39203317
  0.2588509   0.35880647  0.0313938  -0.22938042  0.15747778 -0.04217516
  0.10619675]",59546.38299247139,70309.58250853716,32.66754038000363,2.4548656141978765e-07,0.0012550263386699402,37127.472347832176,74731.94210831566
63,"[1.87230748e+04 1.03239106e+03 5.42915164e+03 8.89087317e+04
 1.07778962e+04 2.47567385e+04 7.84410137e+04 1.57929899e+04
 2.19472208e+03 1.92182289e+04 4.99092726e+03 7.75203427e+04
 1.00000000e+00]","[-0.17833085 -0.20149659  0.37356445 -0.14355825  0.05033852  0.4783486
  0.22490858  0.05743544  0.35091998 -0.24793881  0.07281319  0.50013548
 -0.20529994]",51790.76066792231,73475.5353351821,37.312624993006466,2.4548656141978765e-07,0.0012550263386699402,37131.15555000001,68593.76293154595
64,"[2.34830775e+04 8.62076633e+04 1.07835657e+04 1.11252590e+05
 8.81816504e+03 6.85671113e+03 1.93112003e+04 1.08073149e+04
 9.48698290e+02 7.45510722e+04 1.59904830e+04 1.18333668e+03
 1.00000000e+00]","[ 0.18244861  0.45096127  0.23736504  0.2044893  -0.18938011  0.18652331
 -0.58443854 -0.1360782  -0.04082742  0.40814468  0.11698474 -0.22454968
  0.04571644]",87316.34081887346,69753.07135974168,31.08122299000388,2.4548656141978765e-07,0.0012550263386699402,36898.69567143594,71760.70191499428
65,"[2.51853764e+04 1.96998564e+03 1.60323084e+03 7.78547889e+04
 8.34310891e+03 5.55587860e+03 7.84091151e+04 2.76393893e+04
 9.93309015e+03 1.49439163e+04 1.18549106e+05 1.18333668e+03
 1.00000000e+00]","[ 0.12065523  0.25338542 -0.15860662 -0.54602356 -0.28507523 -0.28922421
  0.14481184  0.12164724  0.09290454 -0.50211981  0.34565086  0.11439563
  0.06274451]",6035.821120405864,71830.40998352366,33.696254428999964,2.4548656141978765e-07,0.0012550263386699402,36840.67125566178,72234.79893068627
66,"[1.98475933e+04 8.80444120e+02 6.89972557e+03 1.52521565e+05
 1.34612175e+05 3.41866549e+03 2.23076209e+04 3.46190802e+03
 3.70700246e+03 2.29937980e+04 8.56050533e+03 1.18333668e+03
 1.00000000e+00]","[ 0.00176107  0.04704968  0.32466511  0.29102896  0.47991404  0.0893834
 -0.5928185  -0.23868278  0.26850614 -0.20247573  0.21558354  0.02575835
  0.02713093]",95777.52566441477,72818.81329655019,34.66017445200123,2.4548656141978765e-07,0.0012550263386699402,36496.20050778937,71549.99280035245
67,"[9.45506287e+04 6.26326088e+03 1.06326183e+04 6.16526706e+04
 7.33589326e+04 2.75301602e+03 3.66797544e+04 6.47889873e+03
 1.04470856e+03 6.91803030e+04 2.03328090e+04 1.18333668e+03
 1.00000000e+00]","[ 0.39349261  0.04603089  0.39162848 -0.35192494  0.37879596 -0.20504861
  0.00720672 -0.2644156  -0.25044903  0.38117652  0.23974435 -0.13832622
  0.16028125]",76554.39606116067,68152.94810992382,38.252951260015834,2.4548656141978765e-07,0.0012550263386699402,36116.25203368589,68788.30913711339
68,"[2.72257313e+04 1.68085179e+03 1.53403428e+03 9.70383508e+04
 8.85335182e+03 4.19262904e+03 2.79887583e+04 9.06048074e+03
 2.82659098e+03 5.53969673e+04 2.56746778e+04 8.35577837e+04
 1.00000000e+00]","[ 0.26299674 -0.03331433  0.07615905 -0.02387923 -0.08074832  0.00282222
 -0.48332521  0.03157147  0.33765597  0.12672974  0.37995643  0.61652035
  0.16639703]",60204.58879558014,69652.36750416235,31.908872680010973,2.4548656141978765e-07,0.0012550263386699402,36113.70237494711,67832.65504863756
69,"[2.12033258e+04 9.28629458e+02 1.27355500e+03 1.04954097e+05
 6.32198281e+04 2.14159753e+04 2.99243229e+04 9.15107454e+03
 9.12665594e+02 1.35685557e+05 3.66341208e+03 1.24263235e+03
 1.00000000e+00]","[ 0.16427514 -0.2660882   0.32963954  0.06794412  0.36534783  0.57109097
 -0.14444424  0.10133424 -0.24929279  0.39145558 -0.24169145 -0.00925547
  0.15585453]",94710.1139930347,67925.65830964012,30.438050441996893,2.4548656141978765e-07,0.0012550263386699402,36014.970716842385,68798.7691095245
70,"[1.94192005e+04 1.82953475e+03 5.21390525e+03 9.44233141e+04
 6.74967854e+04 4.40324599e+03 3.70614199e+04 1.24477263e+04
 6.43513827e+04 1.41237187e+04 2.13888230e+04 1.33232799e+03
 1.00000000e+00]","[-0.05367084 -0.03220613  0.35123569 -0.14419641  0.32975063  0.17491314
 -0.27533885  0.05908568  0.54768404 -0.45272746  0.32986667  0.13634621
 -0.03111498]",36760.08272442251,66372.49578921398,34.18337023499771,2.4548656141978765e-07,0.0012550263386699402,35738.31242885365,65745.77700025021
71,"[1.37556409e+04 9.35631592e+04 1.16065356e+03 1.34616035e+05
 1.61148953e+04 2.01276901e+04 2.80096126e+04 7.55592310e+03
 9.48698288e+02 4.78150098e+04 2.47510867e+04 1.18333668e+03
 1.00000000e+00]","[-0.2724407   0.48637913  0.21256808  0.28395663 -0.01622012  0.47885977
 -0.25764771 -0.04305062 -0.03752621  0.19748376  0.45922616  0.11279089
 -0.03963427]",102973.32384364076,65946.12645023939,31.170609863998834,2.4548656141978765e-07,0.0012550263386699402,35839.71210499255,67033.37281697981
72,"[1.50587209e+04 6.74583869e+04 1.08200579e+03 1.59973505e+05
 6.90313759e+04 3.11594625e+03 4.62985757e+04 6.85114604e+03
 1.00432126e+04 2.14384138e+04 4.24018863e+03 1.31493718e+03
 1.00000000e+00]","[-0.04883555  0.43918241  0.12731568  0.33505685  0.39232099  0.06717942
  0.14441887 -0.3309477   0.53805767 -0.12939908 -0.21300846  0.01495508
 -0.18868773]",116085.90989932077,68525.6034468453,32.73690347399679,2.4548656141978765e-07,0.0012550263386699402,35242.423299003836,71484.33573502877
73,"[1.96133313e+04 8.00016023e+04 4.02000310e+03 7.19544973e+04
 3.27385308e+03 1.92875945e+04 5.47164766e+04 1.06070168e+04
 9.52033541e+02 3.31359240e+04 1.50913476e+04 1.77209551e+04
 1.00000000e+00]","[-0.18189362  0.33975303  0.11157988 -0.56434454 -0.2906934   0.33731056
 -0.08446549 -0.07713154 -0.19980752 -0.18742556  0.24101122  0.41956107
 -0.00370345]",-11759.436672585949,67159.4814011166,30.868731922004372,2.4548656141978765e-07,0.0012550263386699402,35331.2698024351,67847.70433495466
74,"[2.93208746e+04 1.69911273e+03 1.27664966e+03 1.15669796e+05
 7.62856864e+03 2.70426881e+03 1.29486600e+05 8.65959905e+04
 1.93446842e+03 3.40559833e+04 4.84249514e+03 1.16385124e+03
 1.00000000e+00]","[ 0.35273387 -0.23991212 -0.02733958  0.27010239 -0.33387653 -0.19333197
  0.45320596  0.47116629  0.04022897  0.30841238 -0.00129971 -0.22806524
 -0.13900404]",147867.243337402,70639.50177840231,34.876678339001955,2.4548656141978765e-07,0.0012550263386699402,35054.48572746725,69728.27071779345
75,"[3.18499345e+04 4.39828834e+04 4.16304659e+04 5.51308522e+04
 4.37214336e+04 4.63097548e+03 4.03275363e+04 1.60421832e+04
 1.04470856e+03 2.93971333e+04 5.82776140e+02 1.24263235e+03
 1.00000000e+00]","[-0.04151953  0.31899055  0.39133431 -0.68477879  0.11358906 -0.09207951
 -0.21079399  0.0828593   0.07968915 -0.09413749 -0.40076585 -0.16087284
  0.00837715]",-14502.553177171772,67574.24345745405,33.61578269599704,2.4548656141978765e-07,0.0012550263386699402,34998.52509764127,67256.26377248991
76,"[4.40509856e+04 1.87780256e+03 1.38231736e+04 7.01211090e+04
 1.58031652e+04 3.92378005e+03 7.41073215e+04 3.69611642e+04
 9.48698288e+02 3.82004591e+04 2.44582007e+03 6.36308780e+04
 1.00000000e+00]","[ 0.30964918 -0.08500269  0.35991274 -0.42805836  0.11661047  0.10672713
  0.18728848  0.27053943  0.04230137  0.28326023 -0.11923612  0.54490873
  0.24019784]",59822.86373823669,73348.4256064913,35.34827810598654,2.4548656141978765e-07,0.0012550263386699402,34863.44971070116,63538.68093281516
77,"[7.02385700e+04 7.61600021e+04 1.94251455e+03 1.11432373e+05
 2.81025655e+04 2.79291089e+04 2.96948067e+04 9.09306175e+03
 9.48698287e+02 1.75361314e+04 4.37842425e+03 1.89105324e+03
 1.00000000e+00]","[ 0.26948448  0.39747014  0.1790387   0.03745927  0.18944725  0.51442075
 -0.33513166  0.03034442 -0.22548504 -0.42882589 -0.10573386  0.23742557
 -0.14106338]",55989.04373281438,65498.53194523055,31.18667551802355,2.4548656141978765e-07,0.0012550263386699402,34927.328445804276,67857.26852704863
78,"[1.14069971e+05 1.16877040e+04 1.08200579e+03 1.67840710e+05
 1.15477207e+04 3.42698850e+03 3.19539806e+04 8.28282930e+03
 1.93828659e+04 2.01196143e+04 5.22663804e+03 1.18333668e+03
 1.00000000e+00]","[ 0.46086647  0.38819534  0.15245143  0.36958936 -0.05247936 -0.03475005
 -0.04060364  0.13295666  0.64211496 -0.1823138  -0.01894106 -0.0613453
  0.06410156]",126990.35396509396,69643.97368778141,37.9107809200068,2.4548656141978765e-07,0.0012550263386699402,34688.973017258955,71921.72020448708
79,"[1.26300658e+04 8.71898162e+03 1.35176527e+03 1.34808345e+05
 1.36147265e+04 3.63729511e+03 4.43037148e+04 1.30389815e+04
 1.49841117e+04 2.05354074e+04 4.36896542e+03 7.53545887e+04
 1.00000000e+00]","[-0.32524776  0.3377765  -0.0772179   0.20879733 -0.12177739 -0.54985411
 -0.01274556  0.07846135  0.3728318  -0.21297506 -0.0559762   0.46856951
  0.00463135]",59958.17350978156,66891.23361691277,32.57290463001118,2.4548656141978765e-07,0.0012550263386699402,34264.37543576096,66968.67109205517
80,"[1.76653062e+04 4.59434588e+03 2.86052267e+03 5.59971093e+04
 2.08303655e+04 4.58140063e+03 1.61930451e+05 1.70526917e+04
 2.13472147e+04 2.79200169e+04 4.21801343e+03 1.24263235e+03
 1.00000000e+00]","[-0.44683138  0.21488137 -0.12163427 -0.66199929 -0.02153184 -0.08654091
  0.29269308 -0.10907147  0.35591005 -0.01889164 -0.04351959  0.0614874
  0.25081361]",7330.130992869164,64287.006560092086,38.69520208600443,2.4548656141978765e-07,0.0012550263386699402,34378.95887684667,69301.64240195788
81,"[1.92252474e+04 7.54796919e+04 1.81851951e+04 1.50139278e+05
 1.30964955e+04 3.25587605e+03 2.63306588e+04 4.19049405e+04
 9.48698289e+02 1.74826253e+04 4.71379230e+03 2.23079090e+03
 1.00000000e+00]","[-0.18272029  0.37416891  0.43403558  0.23832423 -0.09294077 -0.19818231
 -0.31092034  0.3662656   0.15446881 -0.41177998  0.02362752  0.3230681
  0.06583933]",67482.99339597537,62065.63134895007,33.26192825700855,2.4548656141978765e-07,0.0012550263386699402,33879.5314710063,62833.83096451685
82,"[1.85618504e+04 2.08608672e+03 1.18966586e+03 9.90277942e+04
 5.32208809e+04 8.63203597e+04 7.31513890e+04 1.85276792e+04
 9.48698288e+02 1.74284804e+04 3.81699690e+03 1.78381555e+03
 1.00000000e+00]","[-0.00427568  0.2779572   0.23537632  0.10106695  0.37006871  0.62626541
  0.24488874  0.20478367  0.02704022 -0.30305732 -0.24621947  0.24156311
  0.12036294]",100486.92084495383,66582.96725452303,34.3386239479878,2.4548656141978765e-07,0.0012550263386699402,33548.610055308105,70293.93428383437
83,"[2.36911613e+04 9.94750166e+02 1.87031870e+04 1.29422242e+05
 8.58663990e+03 8.13593581e+03 2.63739203e+04 5.04023608e+03
 5.98934387e+03 3.56315883e+04 1.07442477e+05 1.18333668e+03
 1.00000000e+00]","[ 0.09217338 -0.02956758  0.45473362  0.24784317 -0.25866932  0.35162855
 -0.27814494 -0.22649779  0.48506193  0.09649961  0.38470987 -0.02809716
 -0.09906677]",82542.4917683649,67483.593706608,31.240164568007458,2.4548656141978765e-07,0.0012550263386699402,33685.50556325975,64756.985220284
84,"[1.84620840e+04 1.59942700e+03 1.05281925e+03 9.00444282e+04
 1.16633669e+04 1.64404366e+04 7.37112350e+04 3.77830603e+04
 9.48698289e+02 1.52965699e+05 8.43663509e+03 1.18333668e+03
 1.00000000e+00]","[ 0.04913661 -0.15126343 -0.32236917  0.14926434 -0.05412079  0.51985085
  0.29521946  0.35683964  0.19434013  0.39720885  0.30023768  0.23891082
 -0.13444781]",120684.35663614639,62490.527885954056,35.07335116999457,2.4548656141978765e-07,0.0012550263386699402,33344.64421503466,67423.96218272996
85,"[4.36809010e+04 3.00017029e+03 3.81965339e+04 6.17889273e+04
 7.29804916e+03 9.36915110e+03 1.79965836e+04 2.46936216e+04
 1.07602182e+03 6.78048909e+04 4.31252266e+04 1.18333668e+03
 1.00000000e+00]","[ 0.13054498  0.18609592  0.30905283 -0.50183104 -0.0922763   0.23822974
 -0.49787514  0.09951152  0.24872758  0.18524821  0.2480245  -0.14883534
 -0.313173  ]",5461.657290339799,65347.44480400831,36.192494880000595,2.4548656141978765e-07,0.0012550263386699402,33251.4436825169,61422.91555731087
86,"[8.49192871e+04 1.23709976e+04 1.52712629e+04 9.00695122e+04
 6.36703227e+03 5.35661309e+03 3.83163445e+04 1.02503395e+05
 1.51687508e+03 1.85548734e+04 4.36355100e+03 1.71816389e+03
 1.00000000e+00]","[ 0.32520959  0.4240356   0.30666796 -0.06989091 -0.17752813  0.22592387
 -0.04894261  0.43273113  0.3526766  -0.40977661 -0.2214868   0.03488312
  0.02687416]",65836.54974216032,60229.73042081642,31.64721237498452,2.4548656141978765e-07,0.0012550263386699402,33095.18843878185,63433.416593637776
87,"[1.73371202e+04 8.30285039e+03 2.35551490e+03 6.60674438e+04
 4.06122449e+04 4.50501911e+03 3.11610434e+04 9.69839910e+04
 9.48698287e+02 7.09192362e+04 2.19740509e+04 6.12877257e+03
 1.00000000e+00]","[-0.31533866  0.34713329 -0.00960214 -0.59101638  0.13942577 -0.0767764
 -0.45060371  0.35689135 -0.08171001  0.1496338  -0.06385492  0.20229208
 -0.02918572]",-5395.4289484398405,68889.3453015533,32.886207952018594,2.4548656141978765e-07,0.0012550263386699402,32817.39014309985,65484.32666794692
88,"[4.88165775e+04 3.38872108e+03 1.06586784e+03 1.48579615e+05
 1.24371140e+05 2.64512173e+03 2.53402103e+04 2.60916156e+04
 9.48698289e+02 2.80812750e+04 3.61371750e+03 1.18333668e+03
 1.00000000e+00]","[ 0.490898    0.08713124  0.05900298  0.37051061  0.56267899 -0.14389192
 -0.19988888  0.32529254  0.16883217  0.26899369 -0.08687055  0.11882577
 -0.07110943]",159935.5039887568,62641.9058811584,33.34364319499582,2.4548656141978765e-07,0.0012550263386699402,32779.75927105971,61228.26900075166
89,"[1.73240055e+04 2.09193205e+03 1.50464933e+04 1.30661631e+05
 6.25778662e+04 2.72821067e+03 2.87200437e+04 2.90350212e+03
 1.37867210e+03 1.12239257e+05 2.73772380e+04 1.18333668e+03
 1.00000000e+00]","[-0.12763771 -0.07039326  0.50841858  0.30056517  0.34463939  0.01521233
 -0.02746319 -0.42874072  0.11909102  0.39172085  0.34504777  0.13549555
 -0.14594199]",117875.79506034627,62552.53201593974,35.418780880980194,2.4548656141978765e-07,0.0012550263386699402,32601.28394169597,72127.33459120624
90,"[6.57142420e+04 9.47531765e+04 1.20959668e+03 8.59333266e+04
 9.13171065e+03 4.59401849e+03 8.15925688e+04 1.94671732e+04
 6.20694494e+03 1.95630823e+04 7.20046346e+03 1.12353107e+03
 1.00000000e+00]","[ 0.39482868  0.47951258 -0.01344105 -0.17608123 -0.3932769  -0.07156115
  0.34317663  0.20480775  0.21727911 -0.3467498  -0.13379643 -0.27950689
 -0.00417003]",77589.05880090808,63025.819141853775,31.379492056003073,2.4548656141978765e-07,0.0012550263386699402,32610.680277653268,63037.34885031903
91,"[3.58370649e+04 2.00119438e+03 7.36020402e+04 6.23607573e+04
 4.80479312e+03 6.96360511e+03 3.54119421e+04 6.71642851e+03
 3.40063567e+03 6.22409725e+04 1.08746486e+04 1.20031699e+03
 1.00000000e+00]","[-0.04976101  0.10063017  0.39446475 -0.61104566 -0.36175537 -0.27274662
 -0.12850333 -0.17351124  0.331193    0.20354172  0.00977744  0.19957709
 -0.12448537]",-5866.497276624208,60747.74519041457,33.726238012022804,2.4548656141978765e-07,0.0012550263386699402,32561.71231086038,64099.48483632203
92,"[1.38997589e+04 1.08078123e+05 1.14888387e+03 1.05462173e+05
 3.43077720e+04 2.73972263e+03 7.63073008e+04 1.71066351e+04
 2.05908452e+03 2.16388994e+04 2.36055523e+04 2.03111441e+03
 1.00000000e+00]","[-0.25309819  0.42053396  0.17762593  0.13703455  0.21427912 -0.08899225
  0.25266088  0.10651046  0.35757362  0.01682828  0.40046601  0.52456304
 -0.1267454 ]",96417.04218258045,59609.75520316593,29.819053547020303,2.4548656141978765e-07,0.0012550263386699402,32466.501154818143,63476.164235242686
93,"[1.67419645e+04 1.12056863e+03 2.01434620e+03 9.25178420e+04
 4.17601348e+04 5.13261580e+03 5.03884140e+04 2.58830779e+04
 7.15938791e+04 2.85669443e+04 3.65653752e+04 1.18333668e+03
 1.00000000e+00]","[-0.21731606 -0.08926075  0.31254733 -0.00239678  0.31150199  0.39690068
  0.05146327  0.29629489  0.57282018  0.06384734  0.37548504  0.08809788
  0.14547239]",78645.68160093893,63138.658059975496,30.458869244001107,2.4548656141978765e-07,0.0012550263386699402,32196.63252988453,64663.86617868934
94,"[2.58417104e+04 2.22291798e+03 7.66900681e+04 8.27811712e+04
 1.12911864e+04 4.65175856e+03 3.75606950e+04 3.50336035e+04
 9.48698287e+02 1.55970654e+04 3.16922431e+04 2.38995833e+03
 1.00000000e+00]","[-0.30205747 -0.05750045  0.44762209 -0.3698112  -0.02332673 -0.21237883
 -0.23693227  0.26083492 -0.13780297 -0.42889371  0.31355371  0.31162918
  0.01184564]",-1369.6151512324184,59521.48081987669,32.921018947003176,2.4548656141978765e-07,0.0012550263386699402,32033.73843039272,60210.197282771194
95,"[1.44839333e+05 1.13432556e+04 1.21108938e+03 8.16036638e+04
 2.11205887e+04 5.34216413e+03 2.69677557e+04 2.98261513e+04
 9.48698289e+02 1.61727448e+04 3.42127594e+04 1.18333668e+03
 1.00000000e+00]","[ 0.34535545  0.03504103 -0.11874053 -0.29219914  0.0432696   0.12923134
 -0.56783343  0.29511435 -0.13079146 -0.36696275  0.43137387  0.09330226
 -0.07324627]",30333.34148100371,64751.17904971426,32.12546696301433,2.4548656141978765e-07,0.0012550263386699402,32014.815265195302,61423.25386157414
96,"[2.36563531e+04 1.30225914e+03 3.71886112e+03 7.29367476e+04
 5.51221582e+03 7.12279044e+03 4.31659271e+04 1.03912935e+05
 2.41440429e+04 1.97281312e+04 5.31215674e+03 6.25266024e+03
 1.00000000e+00]","[-0.01483184 -0.37175588 -0.04509138 -0.49062387 -0.15212085 -0.18841504
 -0.31674668  0.26082058  0.26535739 -0.40293947 -0.02845563  0.33475334
 -0.21492202]",-25138.502731964374,66110.69600165152,33.37985090300208,2.4548656141978765e-07,0.0012550263386699402,31731.93819157382,61646.923229172564
97,"[1.67894498e+04 6.96962492e+02 9.34586217e+02 1.73890152e+05
 6.52721203e+03 5.75212314e+04 7.13917215e+04 3.97508070e+04
 6.86473422e+02 1.34583429e+04 7.73597762e+03 1.15669691e+03
 1.00000000e+00]","[ 0.05321806 -0.12507899  0.27024624  0.36669943 -0.18291187  0.5798135
  0.26839858  0.36095765  0.23736    -0.29401516  0.14855701  0.01939494
 -0.19189287]",127869.25196545509,63559.769403582075,31.924979111005086,2.4548656141978765e-07,0.0012550263386699402,31745.39481260517,58328.68883241729
98,"[2.72148599e+04 1.76591395e+03 1.05281925e+03 1.17664691e+05
 4.22335446e+04 4.66016975e+03 1.34067588e+05 2.34155411e+04
 9.48698288e+02 7.69050119e+04 1.90789131e+03 1.12035198e+03
 1.00000000e+00]","[ 0.31858985 -0.10140761 -0.13470206  0.29159541  0.34454194  0.28280005
  0.40930356  0.34442598 -0.26029515  0.40733115 -0.25679603 -0.02402447
  0.0026825 ]",152030.36702676446,64102.434177527,36.54945644401596,2.4548656141978765e-07,0.0012550263386699402,31599.913058476475,58337.106859605236
99,"[4.74104606e+04 6.74648320e+03 6.84990323e+04 9.38845376e+04
 1.62534280e+04 1.55479885e+03 7.39756541e+04 4.05409270e+04
 7.10001504e+02 4.50198761e+04 1.47519219e+03 1.20551412e+03
 1.00000000e+00]","[ 0.25323063  0.30926203  0.47152063  0.19948188  0.2221443  -0.21047913
  0.26866812  0.33826168  0.31079445  0.28941572 -0.127744    0.30448337
  0.09203339]",115419.70690312533,57322.51334824566,33.83796841799631,2.4548656141978765e-07,0.0012550263386699402,31565.117169754303,58023.71833114009
100,"[1.61918872e+04 1.69116009e+03 1.14767445e+03 9.04812684e+04
 7.98273020e+04 2.89174779e+03 2.87419537e+04 1.61685225e+04
 2.01913827e+03 1.33887518e+05 2.33669636e+04 1.18333668e+03
 1.00000000e+00]","[-0.31761884  0.100223   -0.18576075 -0.09535194  0.45104735 -0.24975945
 -0.33068106  0.09182318  0.30919125  0.49273657  0.33424049 -0.108456
 -0.00128287]",87727.18532903791,59206.94686442413,36.303176413988695,2.4548656141978765e-07,0.0012550263386699402,31295.948706558465,62478.55640322158
101,"[1.88710010e+04 1.85368233e+03 1.16065358e+03 1.03356442e+05
 3.15011863e+04 1.32554328e+04 7.83468018e+04 1.42449740e+04
 9.53722708e+02 1.42077099e+04 1.23081838e+05 1.18333668e+03
 1.00000000e+00]","[ 0.05634853  0.18899901  0.21736146  0.15929167  0.31215358  0.56334711
  0.34954746 -0.24706986 -0.09313177 -0.20380511  0.46689947  0.04409166
  0.14250744]",113831.5754208669,59597.04836273934,32.01509031400201,2.4548656141978765e-07,0.0012550263386699402,31280.763263814963,57649.61337891606
102,"[2.92789195e+04 1.32362465e+04 1.34548247e+03 7.90235743e+04
 2.84698786e+04 7.61650319e+04 3.79074129e+04 8.92440177e+03
 9.48698289e+02 7.02677152e+04 1.13388278e+04 1.18333668e+03
 1.00000000e+00]","[ 0.22981886  0.38733042 -0.10339546 -0.2306052   0.22836765  0.59170165
 -0.12073582 -0.00731388  0.29022326  0.34001409  0.07804479 -0.33170343
  0.02094094]",65079.593203328746,58288.0411678673,33.63650645298185,2.4548656141978765e-07,0.0012550263386699402,31127.132739629324,62432.86845479795
103,"[2.02716956e+04 1.64097468e+03 3.36389879e+03 9.17362556e+04
 1.36712929e+04 4.33633953e+03 2.26342420e+04 3.52628624e+04
 2.04818546e+04 3.35573618e+04 2.18701161e+04 5.22401539e+04
 1.00000000e+00]","[-0.10284507  0.15844542 -0.06112603 -0.27251184 -0.02029702 -0.24604201
 -0.62040853  0.21471156  0.39244993 -0.17265553  0.22545844  0.3989774
 -0.02282654]",-6827.558134003282,55056.66385637456,31.528180799999973,2.4548656141978765e-07,0.0012550263386699402,30949.099776419655,56749.00382941861
104,"[1.61929151e+04 1.18750506e+03 1.32579397e+04 7.82709005e+04
 1.09435143e+05 3.28204393e+03 1.18054008e+05 1.19641994e+04
 1.04470856e+03 2.51950452e+04 4.15202063e+03 1.34010858e+03
 1.00000000e+00]","[-0.4268668  -0.15977833  0.44392062 -0.2527108   0.36081561  0.06480695
  0.31215567 -0.51743742  0.12673503 -0.05291258 -0.02441167  0.03148691
 -0.10633902]",48102.72475187732,59669.99087815055,33.101828287995886,2.4548656141978765e-07,0.0012550263386699402,30948.40101570022,62066.57715504867
105,"[1.24215001e+05 5.56790243e+03 1.08864409e+03 7.65096955e+04
 9.67696771e+03 6.35136463e+03 7.30849395e+04 1.21479786e+04
 2.08461364e+03 3.81218957e+04 1.76968462e+04 2.06398789e+04
 1.00000000e+00]","[ 0.3692091   0.05198695 -0.09397309 -0.31598863 -0.38261863  0.0565055
  0.30858796 -0.01331115  0.30354076  0.22669001  0.33664419  0.50043855
 -0.00390264]",66481.14336623717,63014.99887127807,37.170030834997306,2.4548656141978765e-07,0.0012550263386699402,30694.44591000744,57470.61526894087
106,"[2.07968526e+04 4.11753556e+03 1.13329040e+03 6.75625533e+04
 2.06639463e+04 1.31953350e+04 6.11662587e+04 1.25362907e+05
 1.84491756e+03 5.13404546e+04 1.86738130e+04 1.18333668e+03
 1.00000000e+00]","[ 0.08666989  0.38561205 -0.20670513 -0.4205115   0.08191351  0.48130093
  0.12591775  0.40392538  0.29819013  0.2180037   0.24527702  0.101251
 -0.00279103]",57570.52020117944,60213.81956736399,36.73434921601438,2.4548656141978765e-07,0.0012550263386699402,30633.340074227028,58468.54996725159
107,"[2.22845994e+04 1.34195141e+03 1.13390669e+03 1.25746754e+05
 1.14220168e+04 4.20396081e+03 2.21759376e+04 2.94025839e+04
 9.48698289e+02 7.62111117e+04 1.03840511e+05 1.44627033e+03
 1.00000000e+00]","[ 0.26132061  0.03450417 -0.06425342  0.31890718 -0.21151313  0.09845372
 -0.30685315  0.38069275 -0.03415825  0.47896908  0.51571487  0.12609873
 -0.13686875]",138489.68894511834,62393.100573080854,32.568600997998146,2.4548656141978765e-07,0.0012550263386699402,30515.779150579245,53555.55085551896
108,"[1.39579937e+05 8.99675713e+03 1.52395140e+04 8.37141870e+04
 6.09298167e+04 3.06094482e+03 2.21986118e+04 3.49111492e+03
 2.37450175e+03 2.59778312e+04 4.68661484e+03 1.18333668e+03
 1.00000000e+00]","[ 0.38347896 -0.11603983  0.28788497 -0.11070746  0.36546976 -0.27642306
 -0.48215371 -0.33680025  0.33542221  0.012817   -0.05223286 -0.12924856
  0.237391  ]",57876.28364610904,56201.13923984249,35.764741931983735,2.4548656141978765e-07,0.0012550263386699402,30293.011364186146,63322.035660240195
109,"[1.25771822e+05 9.16098438e+03 1.05378842e+03 9.95479705e+04
 5.98168732e+04 3.02339822e+03 3.51532458e+04 8.07937445e+03
 3.92162786e+03 6.50894634e+03 2.94057392e+04 1.18333668e+03
 1.00000000e+00]","[ 0.41381836 -0.0097305  -0.29243137  0.1589863   0.36606567  0.03909215
 -0.00283343 -0.15797374  0.39642455 -0.44600161  0.38502869 -0.02306465
  0.22917678]",98061.93096970611,58478.62828847689,36.844943763979245,2.4548656141978765e-07,0.0012550263386699402,30308.043523320022,55614.158035847446
110,"[1.19577477e+05 1.08460415e+04 1.07087458e+03 6.66495563e+04
 6.11797248e+04 8.31490809e+03 3.48199438e+04 6.20861692e+03
 1.29220666e+03 3.31732070e+04 8.63618350e+03 1.69807449e+04
 1.00000000e+00]","[ 0.30302821  0.22073918 -0.27024032 -0.32255082  0.29952246  0.43021846
 -0.12711591 -0.19162542  0.09920925  0.03535628  0.20066299  0.55074461
 -0.00459081]",45514.35474460559,56879.625248252996,35.263324272993486,2.4548656141978765e-07,0.0012550263386699402,30420.289545723455,57435.75559174117
111,"[8.78531470e+04 6.07106123e+03 1.22530904e+03 1.05803845e+05
 1.11820820e+04 3.28115490e+03 2.74628437e+04 1.00608321e+05
 5.09184577e+03 2.17767996e+04 1.50137614e+04 1.18333668e+03
 1.00000000e+00]","[ 0.40226561 -0.19036024 -0.0765819   0.12788479 -0.16631763 -0.16619886
 -0.35818357  0.49458723  0.39939186 -0.10221782  0.41369449  0.09207613
 -0.04412413]",91266.91529347442,56515.69247939803,32.017985760990996,2.4548656141978765e-07,0.0012550263386699402,30145.340278316497,62073.06864113889
112,"[2.57548011e+04 3.31285125e+03 1.08200581e+03 2.55716642e+05
 3.73705963e+04 3.35811025e+03 2.81348377e+04 4.96647277e+03
 1.55045110e+04 1.68607788e+04 7.14070939e+03 2.27885831e+03
 1.00000000e+00]","[ 0.24783359  0.23765586 -0.08103959  0.32109385  0.26482152 -0.27606961
 -0.17397899 -0.28122117  0.46692552 -0.27198847  0.04496714  0.45254728
 -0.13383711]",95875.26642582714,54743.86499878994,33.4827622740122,2.4548656141978765e-07,0.0012550263386699402,30130.776769075088,57490.70846118393
113,"[1.63723669e+04 8.01429322e+02 1.17710396e+03 2.61218124e+05
 2.62851907e+04 1.35602604e+04 1.53723427e+04 3.24681905e+04
 9.48698289e+02 1.96557392e+04 4.10560685e+03 1.33275674e+03
 1.00000000e+00]","[-0.2045969  -0.31520718 -0.01568089  0.36866355  0.23468102  0.38430594
 -0.5757746   0.2706655  -0.0536173  -0.28843499 -0.06192308 -0.1573428
  0.02055767]",97813.54950759142,54031.39798274782,34.18465234202449,2.4548656141978765e-07,0.0012550263386699402,30122.344999951994,54849.89286495106
114,"[2.47138414e+04 3.02331573e+03 1.89833436e+03 8.09171227e+04
 7.57604598e+03 9.72100582e+04 8.07652058e+04 1.60709322e+04
 9.48698288e+02 1.97820794e+04 3.54550293e+03 1.72444586e+03
 1.00000000e+00]","[ 0.12853621  0.326224   -0.20345165 -0.39014035 -0.16426721  0.49320053
  0.25957709 -0.03230614  0.09488947 -0.42431683 -0.34819299  0.11548774
  0.14551731]",30013.742398227998,58070.110414682524,31.983489809004823,2.4548656141978765e-07,0.0012550263386699402,30133.12736409931,56229.094533224015
115,"[1.50390269e+04 3.80866966e+04 1.06491962e+03 1.62883177e+05
 9.55276813e+03 2.69490192e+03 4.67947817e+04 2.01593665e+04
 9.48698287e+02 1.04720281e+05 1.54879937e+04 1.14544662e+03
 1.00000000e+00]","[ 0.01584376  0.52555244  0.16226315  0.40065383 -0.16398407  0.02527936
  0.2038559   0.37126976  0.01738048  0.50090596  0.27844188 -0.00638079
 -0.03135351]",157989.64422191744,54033.13155718753,32.74083303500083,2.4548656141978765e-07,0.0012550263386699402,29818.072357872534,56691.38614827884
116,"[8.20027803e+04 5.28637484e+03 4.41776688e+03 6.18740121e+04
 9.50666658e+04 2.72445252e+03 8.50212936e+04 3.06590787e+04
 9.48698288e+02 1.83132844e+04 5.01154089e+03 1.60044977e+03
 1.00000000e+00]","[ 0.3891143  -0.09129506  0.25269549 -0.27245321  0.46144961 -0.12551255
  0.37962082  0.40291593 -0.20597285 -0.322845   -0.06238611  0.12643521
 -0.022261  ]",97621.7403588086,56987.37458978531,37.22480382397771,2.4548656141978765e-07,0.0012550263386699402,29703.4296459011,58382.281875262765
117,"[3.88433348e+04 2.40109139e+03 1.06990542e+03 1.57877336e+05
 9.09874611e+03 2.79570255e+03 6.64245999e+04 5.14326436e+03
 9.41363934e+02 1.04929376e+05 3.02986130e+04 2.01967734e+03
 1.00000000e+00]","[ 0.3731478  -0.11147791 -0.18136699  0.31416105 -0.12358497  0.11429494
  0.31406508 -0.37739385 -0.31997429  0.37324692  0.30257392  0.27717675
  0.19304905]",130338.10331344322,52109.699814242864,35.169985640997766,2.4548656141978765e-07,0.0012550263386699402,29703.028026550568,53573.19639363866
118,"[1.55695429e+04 1.12729890e+05 1.41542659e+03 1.16997076e+05
 1.33005926e+04 1.40047227e+04 3.26040356e+04 7.71151019e+03
 2.47820692e+03 5.29911529e+04 5.24476957e+03 1.86591277e+03
 1.00000000e+00]","[-0.18953625  0.48166969 -0.00794682  0.15695071 -0.05856942  0.28279036
 -0.24360371 -0.08206426  0.39800308  0.35618025 -0.33510268  0.33629159
  0.21734513]",83036.10204991075,54957.22444469195,29.605965300026583,2.4548656141978765e-07,0.0012550263386699402,29651.20221983143,56857.63101563324
119,"[2.26705292e+04 2.44026563e+03 1.23748753e+03 7.71690291e+04
 4.56873975e+04 3.30532881e+03 4.02951276e+04 9.40253126e+03
 9.48698288e+02 7.88482666e+04 4.52846614e+04 5.23352806e+04
 1.00000000e+00]","[ 0.13313935  0.28873852  0.160113   -0.20567411  0.34880497  0.09040423
  0.06995977 -0.02969092 -0.15540124  0.39898678  0.38145501  0.5853786
 -0.15438972]",86045.92718107147,55503.78211631585,30.99280537199229,2.4548656141978765e-07,0.0012550263386699402,29528.852707875296,57223.008127286696
120,"[1.57588539e+05 1.77962986e+04 8.54163845e+03 6.20599044e+04
 2.38116874e+04 3.12271449e+03 6.07819078e+04 9.72164094e+03
 9.48698288e+02 2.94416497e+04 4.91020163e+03 1.17796361e+03
 1.00000000e+00]","[ 0.41594809  0.4307411   0.25335708 -0.6139953  -0.10291979  0.04836757
  0.30816486 -0.22892753 -0.03641256  0.1692816   0.03917191 -0.05867996
  0.07073928]",56552.15951424799,57552.882307269785,32.46250590600539,2.4548656141978765e-07,0.0012550263386699402,29452.097921270273,54595.760349449585
121,"[1.80637671e+04 2.36269722e+03 3.11245017e+03 6.19178466e+04
 8.27375092e+04 3.42869125e+03 9.35069768e+04 2.67945454e+04
 9.48698276e+02 1.86856282e+04 3.74960262e+03 3.58343020e+04
 1.00000000e+00]","[-0.39540018  0.14635743  0.11378946 -0.49427942  0.23603247 -0.18269517
  0.18615325  0.12214056 -0.29398446 -0.40921169 -0.10610812  0.38955947
 -0.09706304]",8170.841378282312,55141.16626820793,33.39675492999959,2.4548656141978765e-07,0.0012550263386699402,29238.12525459079,60739.12902960535
122,"[3.88016863e+04 6.05234643e+04 4.62815345e+03 1.87248884e+05
 4.36783049e+03 1.47808931e+04 5.10735620e+04 1.07933820e+04
 9.12665592e+02 3.01558818e+04 1.59099079e+03 1.16084193e+03
 1.00000000e+00]","[ 2.95370907e-01  3.97115323e-01  3.99366428e-01  3.42675152e-01
 -3.87217856e-01  4.28335445e-01  2.28882706e-01 -4.23476107e-02
  9.64238158e-03  2.69537293e-01 -8.33703110e-02 -1.33625154e-04
 -1.04173673e-01]",125386.24722571847,57465.851970234784,36.01115638500778,2.4548656141978765e-07,0.0012550263386699402,29257.966793566793,55541.67553396229
123,"[1.10819369e+04 8.58006138e+03 3.35581706e+03 1.18044065e+05
 4.46540127e+04 8.47940551e+04 3.22871724e+04 7.34563794e+03
 9.52235825e+02 3.97424619e+04 2.58575179e+03 1.24263237e+03
 1.00000000e+00]","[-0.42534082  0.32349026  0.30010003  0.0811312   0.288043    0.53379366
 -0.09706685 -0.00495513  0.2614324   0.25159566 -0.1507833   0.29221803
  0.02591747]",73821.72931662649,54656.14879817532,34.85984287102474,2.4548656141978765e-07,0.0012550263386699402,29130.979902072235,54915.855218027355
124,"[2.72761782e+04 1.12183301e+03 1.15684851e+04 8.48618031e+04
 6.66312024e+03 5.33854775e+03 2.85392525e+04 1.29068882e+05
 9.48698287e+02 6.43867436e+04 9.55906413e+03 1.24263235e+03
 1.00000000e+00]","[ 0.21215291 -0.40343485  0.23121689 -0.22285476 -0.15919044 -0.02743878
 -0.53933583  0.42239834 -0.16620656  0.2912232  -0.26161003  0.05347333
  0.09986598]",43175.192433789416,56620.618028800294,30.366152739996323,2.4548656141978765e-07,0.0012550263386699402,29078.297849714963,58630.84412396617
125,"[2.37023351e+04 9.40543099e+02 1.66018682e+04 9.40404739e+04
 1.20289238e+04 8.79489032e+03 4.50029413e+04 1.00958784e+04
 7.42343272e+02 9.37138343e+04 9.57281256e+04 1.11907758e+03
 1.00000000e+00]","[ 0.21063126  0.02311979  0.52546729  0.2001299   0.06586068  0.46827811
  0.15614735  0.03544747 -0.17919352  0.37521469  0.39317647 -0.19716468
 -0.1526877 ]",117300.93360205113,50606.47737229771,31.790763192024315,2.4548656141978765e-07,0.0012550263386699402,28817.854673227124,54132.417250566345
126,"[2.31921586e+04 8.58434210e+04 1.38755708e+04 6.48053430e+04
 1.75423414e+04 8.42698270e+03 7.75238181e+04 2.79169116e+04
 1.50528416e+03 1.58242302e+04 1.57226914e+04 1.18333668e+03
 1.00000000e+00]","[-0.15442153  0.35856621  0.25243011 -0.65001301 -0.03384992  0.12484917
  0.16144008  0.15149331  0.14791533 -0.48604957  0.17694865  0.04352177
  0.06536082]",1145.4190561272262,57189.694273082154,33.93495703599183,2.4548656141978765e-07,0.0012550263386699402,28808.697550608194,54174.58916516404
127,"[2.64543871e+04 1.60494650e+03 1.16065356e+03 6.38424170e+04
 4.17502231e+04 3.47953948e+03 1.28595079e+05 1.81914841e+04
 9.48698288e+02 1.81217451e+04 2.94327385e+04 3.03928465e+04
 1.00000000e+00]","[ 0.18272569  0.00559035 -0.07912295 -0.52376951  0.17232493  0.08111069
  0.32835521 -0.17455586 -0.16420156 -0.30736469  0.27784892  0.54355218
  0.13167844]",36810.9103212021,51572.04354785012,36.213571500004036,2.4548656141978765e-07,0.0012550263386699402,28864.978944295563,52630.86055802755
128,"[2.12184062e+04 1.81542336e+03 9.03248823e+03 9.79960244e+04
 1.55798945e+05 4.65072653e+03 3.32126260e+04 1.01307541e+04
 4.17064618e+03 1.96550462e+04 4.10871134e+03 3.52945494e+03
 1.00000000e+00]","[-0.22038953  0.26369776 -0.04899185 -0.26416491  0.34786809 -0.08253653
 -0.5455123  -0.15361319  0.11044291 -0.50982112 -0.1316178   0.25815791
 -0.06796695]",-5577.337873852828,56684.91162463091,33.74358896599733,2.4548656141978765e-07,0.0012550263386699402,28872.874081461192,52752.38066697589
129,"[2.10019542e+04 8.27127759e+02 6.35846070e+04 1.77942030e+05
 2.21123706e+04 2.88020408e+03 6.40506026e+04 8.51362740e+03
 1.00508356e+03 1.88636528e+04 8.60648957e+02 2.79821624e+03
 1.00000000e+00]","[ 0.03040727 -0.02542639  0.51365632  0.28733896  0.20280825  0.02555578
  0.30623916 -0.25143299 -0.02102861 -0.20716793 -0.38194013  0.50206663
 -0.10921194]",103587.25186661229,55049.79846994183,33.44206611299887,2.4548656141978765e-07,0.0012550263386699402,28742.218351721367,55482.89386059349
130,"[1.59290660e+05 7.16418819e+03 1.08200579e+03 1.02901752e+05
 5.53955465e+03 1.71921026e+04 5.90480929e+04 1.47699032e+04
 9.48698288e+02 1.81514989e+04 5.59713402e+03 2.13797572e+03
 1.00000000e+00]","[ 0.40328178  0.1713834  -0.15666254  0.20588514 -0.49469098  0.34907431
  0.2525005   0.24154151  0.03491007 -0.20236572 -0.11963523  0.41556737
  0.15234639]",104800.33631774414,51979.40696318932,31.49081628298154,2.4548656141978765e-07,0.0012550263386699402,28616.57816490625,53099.41622873573
131,"[1.11790144e+05 8.70888339e+03 4.40243151e+04 6.53871239e+04
 2.10253636e+03 8.63062900e+03 2.83508679e+04 8.35463272e+03
 9.88457604e+02 2.20966654e+04 4.16783903e+03 2.86868206e+03
 1.00000000e+00]","[ 0.19148376  0.19297476  0.22816056 -0.5231263  -0.52190791  0.05133671
 -0.36145756 -0.03613152 -0.12458193 -0.24643974 -0.11582275  0.32176515
 -0.01396547]",-17406.6263612428,57833.29980992994,32.452662800991675,2.4548656141978765e-07,0.0012550263386699402,28544.90745794937,51991.36410399691
132,"[1.74212302e+04 2.71827588e+04 7.03175985e+03 5.87145641e+04
 7.00918709e+04 6.63565595e+03 3.72620821e+04 6.12534195e+03
 2.89663075e+04 4.28938762e+04 9.72054823e+03 1.24263235e+03
 1.00000000e+00]","[-0.36357079  0.28086719 -0.05192519 -0.60661355  0.25086626 -0.05860238
 -0.29314252 -0.29064252  0.37423607 -0.02534809 -0.03985956 -0.11761951
 -0.1592534 ]",-20970.66108903039,55630.749355377964,33.07898233999731,2.4548656141978765e-07,0.0012550263386699402,28297.15469999629,52883.31803356507
133,"[1.26737598e+05 9.52576252e+03 1.06688793e+03 7.88111813e+04
 2.58148443e+04 2.96783742e+03 1.95789200e+04 1.47404013e+04
 7.08832948e+03 7.45837049e+04 1.15432835e+04 1.18333668e+03
 1.00000000e+00]","[ 0.36671792 -0.11122404 -0.13159099 -0.21371294  0.12486382 -0.2186283
 -0.54504791  0.03889673  0.39412006  0.40212373  0.11628651 -0.11005123
 -0.29242152]",54907.822096940305,51999.42706468025,35.12145411100937,2.4548656141978765e-07,0.0012550263386699402,28394.067855898866,56542.90656399765
134,"[2.05555855e+04 8.84069582e+02 9.62423443e+03 2.09242928e+05
 1.36205351e+04 3.89122018e+03 2.57649799e+04 4.95932283e+03
 3.48356538e+03 1.65541774e+04 1.01415560e+04 4.08624944e+04
 1.00000000e+00]","[ 0.01585396  0.0246953   0.20364478  0.26703938 -0.18776191 -0.03775677
 -0.46444716 -0.17942709  0.23364644 -0.38715558  0.18379562  0.55143349
  0.24378758]",61425.14552296723,49850.58442869867,31.975682493008208,2.4548656141978765e-07,0.0012550263386699402,28441.11744665415,56409.1513152813
135,"[1.45196084e+04 9.21238958e+03 1.54674827e+04 9.34952344e+04
 4.16641803e+03 5.75484202e+03 4.44309709e+04 6.72772972e+03
 8.21001067e+04 1.78469812e+04 4.42821490e+03 1.92790185e+03
 1.00000000e+00]","[-0.42938313  0.27471469  0.42247417 -0.13625633 -0.27480786  0.16439699
 -0.12717904 -0.19362372  0.4355907  -0.43356489 -0.07262805  0.03523185
 -0.05164773]",10709.854206931623,55086.91273642468,30.395268444990506,2.4548656141978765e-07,0.0012550263386699402,28261.011987910628,52452.34484533827
136,"[5.46812653e+04 2.74632758e+03 1.06491963e+03 1.30706601e+05
 6.89092845e+04 2.69053486e+03 1.29543374e+05 7.58157738e+03
 1.93590111e+03 2.19504270e+04 4.59572222e+03 1.16274888e+03
 1.00000000e+00]","[ 0.48422829 -0.36019559  0.046528    0.3680351   0.43891373  0.02082715
  0.45439306 -0.05403822  0.24397554 -0.04648806 -0.12835403 -0.11381924
  0.06767877]",161128.0738647354,51355.33484116613,38.31785332100117,2.4548656141978765e-07,0.0012550263386699402,28251.790220504718,54499.450097401146
137,"[1.37636850e+04 2.47624567e+03 1.14888386e+03 1.79019302e+05
 1.21520307e+05 2.65305851e+03 2.50234046e+04 2.78473482e+04
 1.13176081e+03 2.73253453e+04 4.74290580e+03 1.18333668e+03
 1.00000000e+00]","[-0.38741473  0.31770561  0.11318307  0.34485584  0.47153036 -0.01685893
 -0.22692343  0.40137149  0.35304177  0.18188191  0.10733196 -0.00383909
  0.11297874]",125949.04987850827,51984.187860636885,32.55720825397293,2.4548656141978765e-07,0.0012550263386699402,27983.791122796625,50949.14215374428
138,"[4.36060938e+04 1.71025302e+03 1.42706980e+04 8.67196578e+04
 8.16684544e+03 6.08581764e+03 2.68655795e+04 3.76937544e+04
 5.48304702e+04 6.95980101e+04 1.12130799e+04 1.14674252e+03
 1.00000000e+00]","[ 0.28194016 -0.03918493  0.37902121 -0.06756761  0.03740068  0.33613376
 -0.32791583  0.34848064  0.5271836   0.30270809  0.02915614 -0.19653406
 -0.13553267]",68528.7650487653,53579.951862143615,35.691068147018086,2.4548656141978765e-07,0.0012550263386699402,27986.721243257114,50363.0496622801
139,"[1.46500372e+05 5.82508859e+03 2.41618514e+04 1.19147466e+05
 1.84060394e+04 5.04239264e+03 2.08666335e+04 6.33710449e+03
 3.10272354e+03 2.39685923e+04 4.01164968e+03 1.27154985e+03
 1.00000000e+00]","[ 0.35610424 -0.27649369  0.36848233  0.21824351  0.13903589  0.37653851
 -0.26679071 -0.05363595  0.457663    0.02977562 -0.14450963  0.38060827
  0.04557996]",86053.98172471338,53844.92408670414,34.09270907699829,2.4548656141978765e-07,0.0012550263386699402,28073.53480350426,50418.47976016735
140,"[3.75560013e+04 3.56292743e+03 2.13246927e+03 9.38115080e+04
 3.80276159e+03 8.35121582e+04 4.05358216e+04 4.54582326e+04
 2.58981799e+03 2.20270052e+04 1.33154030e+04 1.18333668e+03
 1.00000000e+00]","[ 0.20363492  0.16614447  0.09732336 -0.10536279 -0.20628839  0.52931067
 -0.16782711  0.35595955  0.51925432 -0.21755089  0.28143163  0.18481975
 -0.04941972]",51879.47373722092,51938.80071955812,32.672280534985475,2.4548656141978765e-07,0.0012550263386699402,27918.602560981995,49990.865605147395
141,"[6.09132321e+04 6.87487707e+04 1.05281925e+03 1.68168389e+05
 1.37927621e+04 2.68946782e+03 6.54235351e+04 9.66405633e+03
 9.48698287e+02 2.10960141e+04 4.52206301e+03 1.36101027e+03
 1.00000000e+00]","[ 0.41899216  0.49002472 -0.26966307  0.35522525  0.03442137 -0.10958187
  0.38570325 -0.24717139 -0.18857592 -0.22367259 -0.27604416  0.02328438
  0.00562564]",135575.86047526074,52207.26198730049,35.06622342200717,2.4548656141978765e-07,0.0012550263386699402,27796.232073605715,52909.83966243628
142,"[1.48670816e+05 1.73196673e+04 1.23721291e+03 1.02227020e+05
 1.06482720e+04 3.15117702e+03 1.51910097e+04 3.13184912e+04
 9.48698287e+02 2.55641866e+04 4.60481537e+03 9.69686602e+03
 1.00000000e+00]","[ 0.35148669  0.36173682 -0.04742172  0.12153743 -0.21309318 -0.19610221
 -0.44701009  0.28017728 -0.03762504 -0.07765163 -0.14005441  0.54308555
 -0.21071006]",72584.17763249214,53149.60926256016,33.46122251599445,2.4548656141978765e-07,0.0012550263386699402,27769.889293476783,52789.28623004723
143,"[1.32579827e+04 1.78567344e+04 6.06779619e+04 1.08171300e+05
 2.64564775e+04 3.25503896e+03 1.72056351e+04 1.72987584e+04
 1.73902327e+03 6.68209654e+04 9.89080870e+03 1.24072493e+03
 1.00000000e+00]","[-0.55133747  0.23205378  0.42357818  0.00445333  0.1389438  -0.1566201
 -0.39679562  0.06542236  0.18643044  0.23296067 -0.17494614  0.01940109
  0.37036214]",34673.39402714499,53047.94842122884,31.39655497399508,2.4548656141978765e-07,0.0012550263386699402,27765.000839296023,49811.21641265854
144,"[1.56759088e+04 1.21540984e+03 4.59898430e+03 1.39406979e+05
 1.11173864e+04 8.56848733e+04 1.85987287e+04 2.59315429e+03
 2.74501648e+03 1.92266131e+04 6.93926000e+03 1.21372682e+03
 1.00000000e+00]","[-0.21799426 -0.07461742  0.18713678  0.14211082 -0.09118956  0.43209848
 -0.71877302 -0.24457366  0.10421713 -0.292424    0.12944631  0.0276956
  0.07951805]",34767.67350557922,52237.17905522524,33.492192598001566,2.4548656141978765e-07,0.0012550263386699402,27600.60677971942,49045.544151150025
145,"[1.74155163e+04 1.02401354e+05 7.83051760e+03 1.02407662e+05
 5.50098182e+04 3.20915378e+03 3.94783055e+04 3.25808913e+04
 9.48698289e+02 2.20223444e+04 4.19961006e+03 1.31260709e+03
 1.00000000e+00]","[-0.3457927   0.51614283  0.39139956 -0.04587915  0.42702948 -0.09103192
 -0.1611402   0.3875828  -0.06175446 -0.26478948  0.06496113 -0.04627578
  0.10774703]",68985.28564374495,52554.86306950389,31.49286120000761,2.4548656141978765e-07,0.0012550263386699402,27673.854442306016,50277.01346940531
146,"[1.20905264e+04 1.74456608e+03 6.60601228e+04 8.04096212e+04
 7.18976690e+03 8.94516766e+03 6.90982029e+04 1.04000264e+04
 8.79367088e+03 6.79962950e+04 9.01634393e+03 1.18333668e+03
 1.00000000e+00]","[-0.62352239 -0.10205311  0.3928642  -0.25424557 -0.23138832  0.24708866
  0.20190246 -0.22932027  0.23097124  0.24586936  0.00195677 -0.22443107
 -0.09850665]",28406.15462564972,50128.00943283728,32.89323208498536,2.4548656141978765e-07,0.0012550263386699402,27567.75678677045,50408.85042558114
147,"[1.68588601e+04 9.73067890e+02 1.40818086e+03 1.59107998e+05
 4.26179487e+04 2.30837752e+04 3.03863606e+04 6.97533083e+03
 9.52033541e+02 1.80260347e+04 4.51751089e+03 5.90380591e+04
 1.00000000e+00]","[-0.09166374 -0.00693606  0.02299918  0.28464943  0.26486865  0.43676607
 -0.29327716 -0.08167979  0.03587419 -0.37852629 -0.01407507  0.62059655
  0.1627422 ]",85445.51114320222,49665.933730527744,29.822433425986674,2.4548656141978765e-07,0.0012550263386699402,27499.232640154227,55184.552838831994
148,"[3.30181243e+04 1.46570359e+03 1.37731097e+03 1.74688524e+05
 2.39100581e+04 4.27500579e+03 4.91142634e+04 8.26500994e+03
 2.66432192e+03 1.82273926e+04 9.39301837e+04 2.52931279e+03
 1.00000000e+00]","[ 0.30308513 -0.45245638  0.15055363  0.26091012  0.15058919  0.20699039
  0.10132981 -0.19135683  0.34968625 -0.09079583  0.36078631  0.47641331
  0.11231248]",97380.69297479445,49936.10137851084,34.81029124499764,2.4548656141978765e-07,0.0012550263386699402,27364.16910234134,50262.32142185024
149,"[1.38927468e+04 1.54325170e+03 1.54631216e+03 1.26139256e+05
 1.04785287e+04 1.90650367e+04 1.46709088e+04 3.19265360e+04
 9.48698289e+02 1.39758636e+05 7.78515067e+03 1.42602825e+03
 1.00000000e+00]","[-0.37644441  0.04147693 -0.25146249  0.12385197 -0.0640272   0.37303753
 -0.60072294  0.1754224   0.10068901  0.32096879 -0.25579831  0.25257937
  0.02665822]",56618.92759380347,51265.98004267529,34.573930582992034,2.4548656141978765e-07,0.0012550263386699402,27330.95568008074,54050.37455223409
150,"[1.77390041e+04 1.16664065e+03 1.98960757e+03 9.94003117e+04
 5.62363837e+03 3.04562401e+04 2.58692575e+04 1.18531810e+04
 9.48698287e+02 6.74742910e+04 1.04261869e+05 2.03111439e+03
 1.00000000e+00]","[-0.20817802 -0.09954715  0.02986991 -0.05261216 -0.25768983  0.53429007
 -0.37377312  0.04907814  0.04426683  0.23283354  0.39885722  0.42777446
 -0.2255172 ]",54963.074619739156,50489.64891309675,31.86613558800309,2.4548656141978765e-07,0.0012550263386699402,27093.40849441826,48519.91136097687
151,"[2.32274629e+04 1.27990315e+03 1.63901726e+03 7.58070332e+04
 1.07484514e+04 5.89272609e+03 8.08838149e+04 1.33273951e+05
 1.58591412e+04 2.50025285e+04 2.77762304e+03 1.38458171e+03
 1.00000000e+00]","[ 0.14084205 -0.09439734 -0.1419597  -0.42164846 -0.09404227  0.20881439
  0.2757462   0.41754636  0.5053029  -0.22005709 -0.35779786  0.16335511
  0.10965399]",50869.27339664921,49202.8904407877,33.19626909098588,2.4548656141978765e-07,0.0012550263386699402,27337.714501294337,51946.50603409461
152,"[1.31593464e+04 9.73115582e+03 6.30352696e+04 1.06705744e+05
 1.21835262e+04 2.72951087e+03 5.39878898e+04 8.67401859e+03
 9.48698291e+02 7.25962209e+04 3.69193111e+04 2.14745748e+03
 1.00000000e+00]","[-0.25304802  0.33920883  0.51941701  0.22100895  0.00270679  0.11356225
  0.22388917 -0.13147501  0.10569898  0.32146209  0.34606955  0.43141272
  0.03947301]",104725.63692715572,49911.868113551725,31.690136343997438,2.4548656141978765e-07,0.0012550263386699402,27097.421666799466,47450.7206895741
153,"[3.03152019e+04 5.50237247e+03 8.88351873e+03 1.23277887e+05
 1.64168698e+04 2.89413219e+03 1.63987880e+04 1.90594846e+04
 2.27170347e+03 1.47608598e+05 1.46199537e+04 1.19867417e+03
 1.00000000e+00]","[ 0.2600142   0.27651047  0.28845473  0.1883233   0.11704653 -0.41206095
 -0.40444119  0.15982163  0.36514981  0.39235399  0.21000543  0.16232877
 -0.08321106]",94334.29004902048,49483.691625524836,32.79462802998023,2.4548656141978765e-07,0.0012550263386699402,27127.238189586347,50760.656830735155
154,"[3.14621314e+04 2.60430709e+03 4.45851303e+03 6.40984035e+04
 3.34961335e+03 6.48273770e+04 3.81241765e+04 1.01746844e+04
 2.69572139e+03 2.44591711e+04 9.12719601e+02 1.55540997e+03
 1.00000000e+00]","[-0.13321823 -0.09394244 -0.27222827 -0.62350287 -0.29926967  0.03176157
 -0.38946592 -0.19385843 -0.04519863 -0.37441185 -0.22909973 -0.18922034
  0.01447613]",-71162.24183926244,53183.398777615825,35.4868216610048,2.4548656141978765e-07,0.0012550263386699402,27079.23966680202,51006.49031036871
155,"[2.58775643e+04 2.18875185e+04 1.75285007e+04 8.39786051e+04
 3.30731131e+04 2.46660040e+04 1.46623999e+04 3.52559677e+04
 4.33353355e+03 1.41022740e+04 1.57577764e+04 1.48752029e+03
 1.00000000e+00]","[-0.08207897  0.16492168  0.05113587 -0.36194131  0.07970118  0.17507676
 -0.68442238  0.12544561  0.06100578 -0.524893    0.11639545 -0.08828574
  0.10342199]",-32106.331135951048,51384.53865251894,37.99017526800162,2.4548656141978765e-07,0.0012550263386699402,27087.460777776334,49684.56729903503
156,"[9.45591504e+03 7.48147685e+04 1.78964864e+03 1.50836297e+05
 1.18281673e+04 2.74278177e+04 5.93786133e+04 8.58707094e+03
 1.59774457e+03 1.16509187e+04 9.94397855e+03 1.18333668e+03
 1.00000000e+00]","[-0.38548108  0.26772981 -0.08923959  0.17423143 -0.06996103  0.36093467
  0.15752235 -0.29915545  0.30364219 -0.45829375  0.07800111 -0.42103298
 -0.07965196]",53785.45108979272,49317.17357869107,32.33300852199318,2.4548656141978765e-07,0.0012550263386699402,26980.613664896868,52090.85468825636
157,"[4.97340604e+04 3.25009616e+03 1.14888386e+03 8.53153516e+04
 4.00990117e+04 7.68663950e+04 7.64787275e+04 1.69849110e+04
 9.48698288e+02 1.70000821e+04 7.78313773e+03 1.18333668e+03
 1.00000000e+00]","[ 0.36323719  0.08257571 -0.02246425 -0.11578578  0.33486515  0.63518771
  0.26134935  0.16650491  0.25185356 -0.26746757  0.22876407 -0.18295601
  0.12218234]",90753.70167199285,50815.89605193582,32.51791761702043,2.4548656141978765e-07,0.0012550263386699402,26946.37147882137,46751.64537088908
158,"[1.47305226e+04 1.95256163e+03 1.16065356e+03 1.03597722e+05
 3.94721093e+04 8.02024039e+03 5.12723632e+04 1.05736551e+04
 9.48698288e+02 6.81798073e+04 5.64612014e+03 7.21325771e+04
 1.00000000e+00]","[-0.21036776  0.18551775  0.06596507  0.14118105  0.32372722  0.44741211
  0.18208831  0.05379461  0.08800528  0.40100876 -0.06762791  0.61726376
  0.04332584]",109804.6823447123,48175.74271251353,32.200531267997576,2.4548656141978765e-07,0.0012550263386699402,26804.97245648656,54403.49671145684
159,"[2.55078959e+04 1.07896237e+03 4.05548702e+03 5.97845250e+04
 1.25692261e+05 2.64512172e+03 7.63068177e+04 2.73435135e+04
 9.48698288e+02 5.61008704e+04 2.12210351e+04 1.14577295e+03
 1.00000000e+00]","[ 0.28117746 -0.09646937  0.33155578 -0.14764876  0.47254231 -0.02437333
  0.33418544  0.29297723  0.15094289  0.31766216  0.38484336 -0.04025828
  0.29168391]",118513.0252937601,48198.29892904239,33.30947450399981,2.4548656141978765e-07,0.0012550263386699402,26848.088244882438,47630.00604859096
160,"[6.20953000e+04 9.01033419e+04 1.07139811e+03 9.61636253e+04
 4.34111565e+04 4.23681141e+03 3.12770330e+04 2.84542620e+04
 1.88993022e+03 2.02758340e+04 1.25863117e+04 1.18333668e+03
 1.00000000e+00]","[ 0.28391342  0.44938814 -0.19831388 -0.02783707  0.33128967  0.3390144
 -0.25198226  0.29509251  0.40278311 -0.20999309  0.30852946 -0.01381613
  0.01921649]",71935.42997450568,50831.31270100683,33.272983561008004,2.4548656141978765e-07,0.0012550263386699402,26827.28105896161,50373.64025682429
161,"[4.50542156e+04 4.86400234e+03 1.04686188e+03 1.30525542e+05
 2.77933528e+04 8.94029105e+04 3.94024644e+04 8.72743243e+03
 7.07356237e+02 2.34784546e+04 4.60405582e+03 1.18333668e+03
 1.00000000e+00]","[ 0.38188786  0.34263925 -0.11923411  0.30437592  0.31223696  0.68307775
  0.13606933 -0.11253778 -0.06646522  0.11134424  0.04856838 -0.01109412
 -0.12383316]",135380.35455483673,49626.92750864876,39.001522900973214,2.4548656141978765e-07,0.0012550263386699402,26748.15187181899,55114.67432269974
162,"[3.38444453e+04 2.81034480e+03 8.06199037e+04 6.04336374e+04
 7.98981528e+03 7.94617892e+03 8.33953483e+04 1.52799230e+04
 1.00659536e+03 2.48812102e+04 3.83854544e+03 2.00883119e+03
 1.00000000e+00]","[-0.02227146  0.30001913  0.44746735 -0.59339663 -0.2135585   0.05623035
  0.24377806 -0.14389898  0.23226116 -0.11115316 -0.1722283   0.36271121
  0.02683056]",14710.478361137135,48657.22973958203,32.980947881005704,2.4548656141978765e-07,0.0012550263386699402,26616.203564976888,46959.95050600436
163,"[4.88713033e+04 6.61642101e+03 1.06990542e+03 8.83061159e+04
 4.14931332e+04 6.80237900e+03 5.40456302e+04 6.51575443e+04
 9.48698288e+02 1.73767776e+04 7.23733752e+03 4.77704743e+04
 1.00000000e+00]","[ 0.26861504  0.33087063 -0.18452349 -0.08217647  0.28820279  0.37334132
  0.01796893  0.38669348  0.18541929 -0.25113183  0.12067568  0.53418771
  0.08889737]",70731.72824676041,50630.2242706032,33.82863639801508,2.4548656141978765e-07,0.0012550263386699402,26659.1944264711,48829.4265998569
164,"[3.43095448e+04 8.89835403e+03 1.07507409e+04 5.68228058e+04
 1.15670599e+05 3.62213478e+03 8.08119863e+04 1.43859374e+04
 7.42075565e+03 2.60432943e+04 3.35319494e+03 1.24263235e+03
 1.00000000e+00]","[ 0.13337817  0.29737854  0.25650424 -0.49537978  0.30168139 -0.09029078
  0.20407516 -0.30354745  0.3221467  -0.04271876 -0.1141272  -0.20735137
 -0.43359647]",29161.840508451183,48013.916547344066,32.1710727729951,2.4548656141978765e-07,0.0012550263386699402,26774.35936395344,47984.258630609096
165,"[1.34391582e+04 3.02160930e+03 1.07924864e+03 9.30791750e+04
 1.83044602e+04 2.64512172e+03 7.33500785e+04 3.71479492e+04
 9.48698287e+02 6.53276602e+04 1.02088400e+05 1.79437550e+03
 1.00000000e+00]","[-0.44359101 -0.06223166  0.11752576  0.22011749  0.00939542 -0.06039952
  0.36253619  0.44592738 -0.0096066   0.4054773   0.46675129  0.13268318
  0.05571717]",132003.02600988795,50371.095039582506,35.10633171099471,2.4548656141978765e-07,0.0012550263386699402,26500.065812659388,51056.96879246661
166,"[2.26559789e+04 1.19995899e+03 8.35635188e+03 4.64546465e+04
 7.00581924e+04 5.72078374e+03 1.30340530e+05 3.61335950e+04
 9.48698287e+02 3.31900760e+04 1.41606668e+03 1.24263235e+03
 1.00000000e+00]","[-0.11648859  0.03823567  0.28310286 -0.59650591  0.27426495  0.3098564
  0.31161864  0.27499668 -0.24087033  0.11190632 -0.34646764 -0.06569836
  0.10071084]",46515.745562447824,47899.89246804066,36.46607061297982,2.4548656141978765e-07,0.0012550263386699402,26479.698258727654,47946.32163732041
167,"[1.74024001e+04 1.55997965e+03 3.28308580e+03 6.90909733e+04
 6.69413250e+03 6.14035598e+04 3.96846552e+04 1.36527935e+04
 9.48698287e+02 7.69787181e+04 9.03513828e+03 1.76840518e+04
 1.00000000e+00]","[-0.44276446 -0.04501022 -0.00538017 -0.49381123 -0.15306144  0.44439763
 -0.10733571  0.12821607  0.03581928  0.28239851 -0.30336583  0.36015404
  0.080026  ]",7243.735480213854,51341.863803506225,29.597309434990166,2.4548656141978765e-07,0.0012550263386699402,26458.26224432103,46706.278851921656
168,"[1.72847548e+04 5.42398019e+03 1.76876525e+03 7.42413399e+04
 2.38726906e+04 4.58261979e+03 3.56038947e+04 2.46205353e+04
 9.07745042e+03 5.99414371e+04 1.14528392e+05 1.57058471e+03
 1.00000000e+00]","[-0.38813333  0.34347862 -0.08917776 -0.54773766 -0.01258027 -0.0654497
 -0.35803393  0.08599776  0.33087176  0.00787518  0.3803025   0.11933741
  0.1223534 ]",-9680.119852220087,46819.114076969985,33.779946866998216,2.4548656141978765e-07,0.0012550263386699402,26281.37816925466,47644.70456620985
169,"[1.24748834e+04 2.00702288e+03 5.82162099e+04 1.36675442e+05
 1.53360783e+04 2.56206042e+04 2.62824265e+04 4.02062355e+04
 9.48698288e+02 1.53122691e+04 3.99794541e+03 2.34946567e+03
 1.00000000e+00]","[-0.35844831 -0.0045351   0.44428614  0.15080224  0.02029072  0.37080786
 -0.28751056  0.28268411 -0.21115485 -0.39844281  0.00154212  0.23920672
  0.30052399]",49882.6935559963,49620.04528792917,31.16879976299242,2.4548656141978765e-07,0.0012550263386699402,26441.665112190734,46725.00923330385
170,"[1.17457169e+04 8.80703137e+04 6.47358107e+03 8.88507829e+04
 5.37087544e+03 2.60799229e+04 7.61651986e+04 3.09823672e+04
 1.38504802e+03 1.67936382e+04 1.36427121e+04 1.18333668e+03
 1.00000000e+00]","[-0.38219672  0.34391528  0.40856561 -0.18335969 -0.27924812  0.44583405
  0.18339083  0.24374462  0.25799691 -0.20793674  0.20856281 -0.06513479
 -0.08814241]",43433.599264944074,47099.67740804537,30.90471627700026,2.4548656141978765e-07,0.0012550263386699402,26162.730442128908,46871.570519913905
171,"[1.31150756e+04 6.48314115e+04 1.43912983e+03 1.93498826e+05
 1.81212570e+04 9.38612044e+03 2.92335603e+04 7.97514761e+03
 2.95070681e+03 1.49445989e+04 1.84363797e+04 1.80595267e+03
 1.00000000e+00]","[-0.48815289  0.3891862   0.01120228  0.20831792 -0.078992   -0.13862298
 -0.42196771 -0.11948609  0.08331254 -0.45368746  0.28543037  0.22960908
  0.0443299 ]",42276.28347733241,48234.86994210305,30.75024220198975,2.4548656141978765e-07,0.0012550263386699402,26367.474661565524,48873.501558899145
172,"[2.45307969e+04 3.10033353e+03 2.01581313e+04 6.78187282e+04
 4.48127202e+04 5.10584920e+03 5.71430275e+04 1.29579543e+04
 1.04470856e+03 1.66827163e+04 9.34926984e+04 2.18353553e+03
 1.00000000e+00]","[-0.1811594   0.21720085  0.29610444 -0.51566386  0.24064929 -0.11516069
 -0.12374312 -0.14768941 -0.06932116 -0.51541127  0.34595594  0.20737579
 -0.15803474]",-7435.869311848997,48499.6921558037,31.57643444999121,2.4548656141978765e-07,0.0012550263386699402,26205.170047548534,47207.96996134912
173,"[4.88084220e+04 5.87201333e+03 1.55255258e+04 6.48402669e+04
 1.85553249e+04 4.64980242e+03 3.48812546e+04 6.84093574e+03
 1.29514985e+03 1.36566792e+05 1.09439035e+04 1.81111151e+03
 1.00000000e+00]","[ 0.18945969  0.17891833  0.11586208 -0.71120578 -0.05323556 -0.23258927
 -0.34555203 -0.19035561 -0.0654309   0.33036328 -0.09919455  0.19717243
 -0.19530668]",-5139.669066436484,46011.948168654024,33.110140010976465,2.4548656141978765e-07,0.0012550263386699402,26261.278506764644,47860.82789009267
174,"[1.39919060e+04 1.68995534e+03 5.77003515e+03 1.09408945e+05
 1.15707986e+04 3.70192006e+03 9.95172088e+04 2.03953083e+04
 7.67203641e+04 1.45254762e+04 7.14810584e+03 1.18333668e+03
 1.00000000e+00]","[-0.24363798  0.02845493  0.48050277  0.23450869 -0.03161971 -0.0510153
  0.34828409  0.23233246  0.54402168 -0.35917189  0.12903801 -0.10829442
  0.14740604]",101227.80258997751,48459.39947164616,31.262951359996805,2.4548656141978765e-07,0.0012550263386699402,26148.231792368915,46290.68361841129
175,"[1.77231308e+04 1.37723302e+03 2.49207071e+03 1.23504139e+05
 2.72579045e+04 4.23022642e+03 2.59365811e+04 4.65267344e+04
 6.88422524e+04 1.50876434e+04 3.77184207e+03 2.43056240e+03
 1.00000000e+00]","[-0.19275519  0.08552101  0.06504389  0.05594022  0.11718663 -0.03582412
 -0.54464363  0.23321739  0.4550026  -0.57823406 -0.10828889 -0.13455314
  0.10447699]",25403.698251465805,46926.866755370924,32.067071177007165,2.4548656141978765e-07,0.0012550263386699402,26006.787776571982,50228.556065887155
176,"[1.40987025e+04 2.25123018e+03 8.44920562e+04 1.14315197e+05
 9.10899699e+03 3.79452338e+03 3.97522557e+04 1.10606532e+04
 1.49900170e+04 3.32653289e+04 1.09268895e+03 6.75957545e+03
 1.00000000e+00]","[-0.35989661  0.11445993  0.50996904  0.17403766 -0.08675854  0.01083585
 -0.03407367  0.11122168  0.49750741  0.14651623 -0.17490073  0.49348089
 -0.05240048]",72769.70723676612,47507.38528725377,30.83412083701114,2.4548656141978765e-07,0.0012550263386699402,25999.94892449531,47705.22824283666
177,"[3.00788496e+04 1.75039630e+03 2.45992715e+04 9.34664250e+04
 5.15375979e+03 4.65598652e+03 3.04863576e+04 4.16966246e+04
 9.48698288e+02 1.45867111e+04 1.13721052e+04 5.99731058e+04
 1.00000000e+00]","[ 0.10828695 -0.32402848  0.23145888 -0.17281983 -0.21701194 -0.02566713
 -0.50319314  0.25983928 -0.07381918 -0.45186067  0.14781917  0.41857562
 -0.15710952]",6609.742698387071,45991.545532540935,34.12621645498439,2.4548656141978765e-07,0.0012550263386699402,25895.239596922034,46022.23902194771
178,"[6.01768145e+04 4.19747264e+03 1.15367763e+04 1.03192793e+05
 6.14437301e+03 1.75778509e+04 3.51466516e+04 6.09529443e+03
 1.04470857e+03 1.89624176e+04 7.41118778e+03 6.68319623e+04
 1.00000000e+00]","[ 0.28999646  0.10704579  0.33105909  0.04470073 -0.15964467  0.47834924
 -0.11358919 -0.31503961  0.06333922 -0.25649562  0.16037966  0.57500608
 -0.01525161]",62667.1965451185,45505.888791673904,33.16579445899697,2.4548656141978765e-07,0.0012550263386699402,25987.754539464477,49636.22028678782
179,"[1.51423943e+04 1.35876646e+03 1.17237003e+03 1.79637114e+05
 3.63513156e+04 7.33539573e+04 2.88022255e+04 8.37751983e+03
 7.04020975e+02 2.51769513e+04 7.09932390e+03 1.18333668e+03
 1.00000000e+00]","[-0.19997751 -0.04004681  0.01636551  0.37698812  0.34179711  0.70134605
 -0.11031123  0.1821609  -0.02661172  0.07272229  0.3509495  -0.15714058
 -0.08999578]",130995.47655404499,45187.757941319374,35.39495858800365,2.4548656141978765e-07,0.0012550263386699402,25900.02965936439,49366.478742139676
180,"[5.11455644e+04 5.81776889e+03 3.65564247e+03 1.02019778e+05
 1.05503552e+04 2.72800055e+03 8.25981320e+04 1.17555725e+05
 9.48698289e+02 1.17929197e+04 1.58860915e+04 1.14544661e+03
 1.00000000e+00]","[ 0.33312978  0.34600614  0.21474443  0.23563991 -0.15824386 -0.0500221
  0.37545387  0.42546472 -0.07954664 -0.41680876  0.27751233 -0.21456263
  0.12258212]",122269.74766502996,48842.30675926199,33.015856996004004,2.4548656141978765e-07,0.0012550263386699402,26004.767939051344,46402.903285175
181,"[1.18303755e+04 1.91080164e+03 5.57276234e+04 1.29645607e+05
 8.16912491e+04 2.77185946e+03 4.02725105e+04 2.61054528e+04
 2.04712290e+03 1.99153136e+04 3.74884660e+03 1.44480463e+03
 1.00000000e+00]","[-0.59081865  0.01994131  0.46127108  0.17260437  0.31443628 -0.1950045
  0.00901166  0.20806447  0.27178994 -0.25937314 -0.22142862 -0.18478323
  0.05817   ]",66366.01396788438,44859.5870537679,32.991870600992115,2.4548656141978765e-07,0.0012550263386699402,25906.399471939345,47982.9686111416
182,"[4.01415413e+04 2.55718321e+03 1.20807813e+03 1.34159024e+05
 2.65909676e+04 2.05067274e+04 2.02318897e+04 1.12341261e+05
 7.04020975e+02 2.49520218e+04 5.99175918e+03 1.19292184e+03
 1.00000000e+00]","[ 0.29713426  0.14317379  0.13009345  0.25959922  0.122617    0.53904599
 -0.44121324  0.4108159  -0.11856266  0.08785087  0.10075483  0.30558906
  0.11198666]",101894.80230284347,46007.57988542842,33.88916193100158,2.4548656141978765e-07,0.0012550263386699402,25855.681355367113,43489.60076653269
183,"[3.44852517e+04 7.26944136e+04 3.40803220e+04 1.24805778e+05
 1.07711958e+04 4.03876294e+03 2.07205846e+04 3.93562500e+03
 2.62901269e+03 1.63094015e+04 1.70382468e+04 1.18333668e+03
 1.00000000e+00]","[ 0.1475114   0.39040271  0.43617051  0.19832981 -0.20788009  0.12991426
 -0.49246417 -0.09860744  0.31001614 -0.27508961  0.28909515 -0.06527967
 -0.15584837]",61954.70963855221,49029.009170864316,30.93146065901965,2.4548656141978765e-07,0.0012550263386699402,25863.078968286296,44431.685167045915
184,"[1.17468023e+05 1.03512988e+04 1.95635438e+03 9.34884044e+04
 4.47547515e+03 4.26009488e+03 2.69698881e+04 2.44131921e+03
 2.98680066e+04 9.77419062e+03 1.87933383e+04 1.18333668e+03
 1.00000000e+00]","[ 0.17048686  0.10935045 -0.29316546 -0.12784196 -0.23700485 -0.10151459
 -0.48023311 -0.34965824  0.33380262 -0.55793567  0.09946932 -0.0638849
  0.02518127]",-354.79701456045285,49949.7217142507,32.458427336008754,2.4548656141978765e-07,0.0012550263386699402,25679.257655943926,45868.443069605084
185,"[1.72306093e+04 1.22525743e+03 1.29848406e+03 1.65633252e+05
 5.61404620e+03 4.17062210e+03 7.08604075e+04 2.43682762e+04
 1.12120944e+03 1.41253468e+04 9.71036976e+04 1.16442759e+03
 1.00000000e+00]","[-0.01141038 -0.04875145  0.26032095  0.38312594 -0.49189513  0.13904835
  0.25206361  0.29910374  0.18634521 -0.29692779  0.48397832 -0.01701239
 -0.10597716]",129499.33853058437,44866.061791094966,32.16424142301548,2.4548656141978765e-07,0.0012550263386699402,25688.60756499804,46137.695606977795
186,"[1.76672564e+04 1.10597170e+03 1.17555387e+03 1.86102946e+05
 6.74531895e+03 3.84317843e+03 2.83278819e+04 6.72133823e+03
 1.83692179e+03 1.13673660e+05 1.36956995e+04 1.36328716e+04
 1.00000000e+00]","[ 1.52330668e-01 -1.21352765e-01 -7.12034174e-02  3.44061807e-01
 -3.87942796e-01 -2.84831844e-04 -1.05561216e-01 -9.81251283e-02
  3.86955503e-01  3.91282893e-01  2.53501707e-01  5.38298706e-01
  1.02389158e-01]",116236.42220791962,45586.96676835939,30.8503457219922,2.4548656141978765e-07,0.0012550263386699402,25617.36805190424,49270.07400856495
187,"[1.95971009e+04 9.40218549e+02 1.17043693e+03 8.06804922e+04
 5.79727467e+04 3.50764089e+03 7.77779931e+04 1.43323303e+04
 7.84063947e+04 3.11845485e+04 4.01964214e+03 1.20583730e+03
 1.00000000e+00]","[-0.0332806  -0.03984935 -0.23216768 -0.18797572  0.43719968 -0.03288516
  0.2828684  -0.05723029  0.68205459  0.24626899 -0.01768058  0.31891678
 -0.06845079]",91754.28024405093,48253.50493862493,34.84154695898178,2.4548656141978765e-07,0.0012550263386699402,25612.058148407796,44958.209799837794
188,"[2.07444746e+04 9.78704628e+02 1.48847494e+03 7.33599016e+04
 5.82950560e+04 4.63657068e+03 3.31461159e+04 6.00692554e+03
 5.94165400e+04 6.90666026e+04 2.27079424e+04 1.49469753e+03
 1.00000000e+00]","[ 0.03571841 -0.00633248 -0.07771606 -0.41032806  0.26902285  0.33543841
 -0.32364767 -0.18388723  0.56642014  0.23693124  0.19594028  0.28408215
  0.0689725 ]",30816.030797912128,46795.2891152581,33.254030027019326,2.4548656141978765e-07,0.0012550263386699402,25713.170440760307,48289.54558664625
189,"[9.21925890e+03 3.61395775e+03 2.12057788e+03 1.73185025e+05
 1.82094742e+04 3.79655878e+03 8.06670864e+04 4.18987828e+04
 1.92893632e+03 1.21925105e+04 8.83506868e+03 3.64082286e+04
 1.00000000e+00]","[-0.61594132 -0.04769395  0.19390883  0.21311552  0.10934596  0.0597378
  0.24778716  0.23648239  0.10214714 -0.40538218 -0.0512453   0.40315637
  0.25009056]",73063.36514540878,50886.130297015305,31.471935064007994,2.4548656141978765e-07,0.0012550263386699402,25558.832970346346,50068.927304077275
190,"[1.81995526e+04 1.76207074e+03 1.49897105e+03 8.82541842e+04
 7.96465457e+03 5.12928363e+03 2.49361316e+04 4.02193846e+04
 9.48698288e+02 1.55817454e+05 2.12101344e+04 7.91692120e+03
 1.00000000e+00]","[-0.35282161  0.04710696  0.15846312 -0.29152887 -0.0696061  -0.02914658
 -0.58166831  0.29687294  0.08208839  0.47200953  0.24608979  0.19223293
  0.06314207]",45269.0527021143,46550.027003488685,30.06908059900161,2.4548656141978765e-07,0.0012550263386699402,25559.34875682088,44766.65404476131
191,"[3.13447761e+04 1.14094156e+03 2.68203569e+04 6.28099477e+04
 2.67040881e+04 6.24053848e+04 4.49263094e+04 7.93203271e+03
 1.00496213e+03 2.22757785e+04 2.43171768e+03 2.08880987e+03
 1.00000000e+00]","[ 0.03582454 -0.21199303  0.27072234 -0.56411522  0.10764824  0.39685991
 -0.07233974 -0.29133333 -0.0144073  -0.36145717 -0.12776279  0.30330446
 -0.25276301]",-12953.725621438409,45546.78648529926,39.14352025298285,2.4548656141978765e-07,0.0012550263386699402,25401.724734084608,46357.960246302406
192,"[2.63936112e+04 1.00720063e+05 4.32436705e+03 8.95923466e+04
 5.00054191e+03 4.63800280e+03 3.62937541e+04 8.31547330e+03
 1.60936671e+04 4.87770025e+04 2.61442043e+04 1.18333668e+03
 1.00000000e+00]","[ 0.16407816  0.48615454  0.21181592 -0.14400741 -0.30612339  0.02990517
 -0.28279281 -0.14073808  0.50265889  0.10542254  0.44550315 -0.1176434
  0.02550052]",53224.09983419663,48244.37027171736,30.705978726997273,2.4548656141978765e-07,0.0012550263386699402,25440.452158058022,46489.61880960553
193,"[2.10972246e+04 1.11199627e+03 1.84105536e+03 6.45873087e+04
 3.98282580e+04 4.88051787e+03 6.59860534e+04 1.22509969e+04
 8.96212660e+03 3.36235042e+04 1.09872306e+05 2.58394390e+03
 1.00000000e+00]","[-0.04797743 -0.11733538 -0.19242189 -0.55963238  0.14630263  0.08201937
 -0.01291965 -0.32780494  0.36876114 -0.12589615  0.37569552  0.41745503
  0.17524528]",5145.949638854609,46745.53400822401,31.857401110988576,2.4548656141978765e-07,0.0012550263386699402,25404.994703458473,44170.26088517084
194,"[2.38127614e+04 2.59081117e+03 2.58371117e+03 8.66934512e+04
 7.53678663e+03 5.02237697e+03 7.53981044e+04 1.12564005e+04
 3.00654773e+04 1.46383289e+04 7.81338756e+02 6.50164235e+04
 1.00000000e+00]","[ 0.05326995  0.26537743 -0.16851422 -0.15866505 -0.03198822  0.17729016
  0.14613704 -0.34212594  0.42319571 -0.48205856 -0.31499729  0.43192649
  0.07103093]",29085.429536475578,45334.98317943561,30.997473532974254,2.4548656141978765e-07,0.0012550263386699402,25354.99130801751,45153.61665507671
195,"[1.44180377e+04 1.98360760e+03 1.20761723e+03 7.74139623e+04
 1.24378548e+05 1.30181666e+04 4.97617897e+04 7.66365131e+03
 1.03674192e+03 6.73561197e+04 3.08131657e+04 1.15372291e+03
 1.00000000e+00]","[-0.38803746  0.14151097  0.10997219 -0.16006886  0.42741377  0.51182953
  0.16302958 -0.22327071  0.02601146  0.23934342  0.39573511 -0.23142682
 -0.04978629]",76727.97464010582,47087.63397173975,31.35135400199215,2.4548656141978765e-07,0.0012550263386699402,25226.273703390354,48543.502596522834
196,"[2.12858054e+04 9.16439383e+02 4.49989250e+04 5.53771279e+04
 7.48478024e+03 1.19715996e+04 5.58940002e+04 4.40485829e+04
 1.82231001e+04 3.71083175e+04 2.21310426e+03 1.23140344e+03
 1.00000000e+00]","[-0.35763655 -0.21165094  0.38887873 -0.65749849 -0.15615641  0.1662765
 -0.05243503  0.1991789   0.33856961  0.1182497  -0.13453382 -0.05058973
  0.00660631]",-9855.448208992728,45347.9367947153,32.14638833099161,2.4548656141978765e-07,0.0012550263386699402,25313.258183331614,50978.21562288494
197,"[2.63878019e+04 1.34774038e+03 6.73316664e+03 9.01826460e+04
 1.38214953e+05 6.36444273e+03 2.45724651e+04 2.51745200e+04
 9.48698291e+02 3.45130522e+04 2.37530659e+04 1.18333668e+03
 1.00000000e+00]","[ 0.12495681  0.04037645  0.23740553 -0.2309833   0.38545963  0.23248621
 -0.56257119  0.28361325  0.0630967  -0.08676305  0.37004913 -0.19490091
  0.29505481]",37816.41954119791,42728.64268232028,32.18462896600249,2.4548656141978765e-07,0.0012550263386699402,25378.224816658156,46822.813268697864
198,"[1.32830402e+05 8.38664559e+03 2.32065842e+04 7.53713844e+04
 3.43763994e+04 3.29586425e+03 3.23962347e+04 4.18833255e+03
 1.13253952e+03 1.35804609e+04 2.87036592e+04 1.42820279e+03
 1.00000000e+00]","[ 0.26198703  0.0512985   0.36749521 -0.35339468  0.23226035 -0.07597799
 -0.28157937 -0.38348037 -0.02024842 -0.46689654  0.30054382  0.23739693
  0.13282622]",16730.422085296024,44888.56290773893,32.91792122399784,2.4548656141978765e-07,0.0012550263386699402,25246.53605445665,46634.10168343638
199,"[1.28567341e+04 1.53768976e+03 1.53011291e+03 1.27865589e+05
 3.21455103e+04 3.73920858e+03 2.33712479e+04 3.45430515e+03
 6.23072457e+04 4.40402823e+04 3.98498773e+04 1.70132546e+03
 1.00000000e+00]","[-0.45845777 -0.0575561   0.00203461  0.18743384  0.14914751  0.07338837
 -0.42206122 -0.27804306  0.46786897  0.10512092  0.34028297  0.23266382
  0.26156644]",59968.487441736565,48477.20711808052,33.90017233800609,2.4548656141978765e-07,0.0012550263386699402,25154.980138266103,45675.898560455564
200,"[5.00376894e+04 2.39711053e+03 1.06990542e+03 1.99697573e+05
 6.01789639e+04 3.22185424e+03 2.19314160e+04 7.12178584e+03
 2.44661297e+03 4.87786572e+04 9.54144305e+03 5.93890615e+03
 1.00000000e+00]","[ 0.38647729 -0.08219242 -0.27449143  0.33200633  0.38473166  0.03159866
 -0.23805566 -0.27871386  0.18167943  0.33213111  0.27456254  0.37937455
 -0.11094592]",122715.39691423146,47994.2168777152,38.28128187198308,2.4548656141978765e-07,0.0012550263386699402,25295.54890283586,44309.90208492495
201,"[4.24254557e+04 2.75461618e+03 1.34148235e+03 2.44958808e+05
 1.66635748e+04 2.77437815e+03 2.50884054e+04 3.78887706e+04
 3.10368908e+03 3.51515282e+04 9.63124847e+03 1.16506613e+03
 1.00000000e+00]","[ 0.40694128 -0.04047925  0.20985364  0.39845292  0.02485623  0.12720747
  0.01434461  0.36230209  0.51458683  0.31376557  0.32675132  0.02864837
 -0.10417871]",145700.16342747872,49101.66582831406,40.42648080200888,2.4548656141978765e-07,0.0012550263386699402,25158.3052089601,49963.7906627052
202,"[4.78418038e+04 8.56903536e+04 4.44699851e+03 1.33777565e+05
 4.48419467e+04 3.11934065e+03 2.25762961e+04 5.91260512e+03
 2.65934152e+03 3.43244964e+04 4.60646330e+03 1.61968477e+03
 1.00000000e+00]","[ 0.30620507  0.45774025 -0.00967176  0.29140305  0.27256173 -0.23055817
 -0.53471584 -0.26292252 -0.07132457  0.23793709 -0.09108827  0.01183629
  0.24303985]",98267.26942901342,46855.676715327005,34.10481817901018,2.4548656141978765e-07,0.0012550263386699402,24990.575858576645,49385.70698847155
203,"[2.02543497e+04 2.62726092e+03 1.18388296e+03 8.40491548e+04
 8.80155066e+03 1.44414523e+04 8.21716745e+04 1.40596620e+04
 9.48698287e+02 4.46626156e+04 1.22970440e+05 1.18333668e+03
 1.00000000e+00]","[ 0.02310173  0.37649883  0.25245383 -0.17260442 -0.28154908  0.50749291
  0.36874746 -0.12913494  0.03410531  0.23277858  0.45256844  0.11996478
 -0.01270773]",86807.9021329409,44651.21188229635,33.842323271994246,2.4548656141978765e-07,0.0012550263386699402,24954.192425113783,48815.965617363836
204,"[1.25038391e+05 8.91001189e+03 1.08200580e+03 1.07893922e+05
 6.35138872e+03 3.64935656e+04 1.77116803e+04 1.33169293e+04
 9.48698288e+02 3.64318543e+04 1.28299408e+04 1.18333668e+03
 1.00000000e+00]","[ 0.38868952 -0.1437501  -0.2960754   0.1668425  -0.30504268  0.5578616
 -0.38382011  0.09989142 -0.06886404  0.18201357  0.2873338  -0.1665513
 -0.05505713]",88009.39074579609,46447.022741943,37.32148378601414,2.4548656141978765e-07,0.0012550263386699402,24866.448602328725,43687.50539001377
205,"[2.60834779e+04 1.07238296e+03 1.27445665e+04 5.88989828e+04
 1.18306773e+05 7.35130061e+03 3.84128960e+04 7.38891488e+03
 1.06729514e+03 6.80672008e+04 1.05007136e+04 1.24263235e+03
 1.00000000e+00]","[ 0.130225   -0.08397042  0.27086163 -0.52446853  0.40579387  0.43181007
 -0.22745666 -0.170476    0.14333535  0.26219704 -0.22080419 -0.22184043
 -0.0914876 ]",32459.29091340889,44190.03961270927,34.34167920099571,2.4548656141978765e-07,0.0012550263386699402,24896.931531062484,45827.13499635039
206,"[2.20295206e+04 3.07922403e+03 3.31016021e+03 6.86872807e+04
 9.17102038e+03 9.00510168e+03 5.45189744e+04 7.99759958e+03
 1.04470856e+03 1.49380988e+05 8.12367066e+03 2.05190077e+04
 1.00000000e+00]","[ 0.10567226  0.24192232  0.36925231 -0.4371418  -0.04035242  0.41525896
  0.13017558 -0.23561072  0.04717217  0.35049828 -0.06233029  0.45705035
 -0.13596317]",44129.933078639304,47188.813745850544,34.46550498000579,2.4548656141978765e-07,0.0012550263386699402,24901.758032070804,47833.74920174999
207,"[2.31102678e+04 1.36891259e+03 1.42659641e+03 1.82644073e+05
 1.51508638e+04 4.13455921e+03 3.98757350e+04 4.52366694e+04
 9.48698288e+02 1.92848165e+04 4.11274623e+03 5.23715750e+04
 1.00000000e+00]","[ 2.08479883e-01  7.84455693e-02  2.42699623e-01  3.29735606e-01
  2.80590064e-04  2.14282706e-01  3.17625633e-02  4.31722954e-01
  5.45263644e-02 -2.71184916e-01 -2.09142743e-01  6.22188153e-01
  2.05109386e-01]",113729.38457399688,44115.71520486777,35.94882576100645,2.4548656141978765e-07,0.0012550263386699402,24829.085323317224,45861.872522536665
208,"[1.48987816e+04 4.65924080e+03 1.22990238e+03 1.43001308e+05
 2.78207552e+04 2.06168442e+04 1.71713466e+04 1.09258561e+04
 1.30806407e+03 4.38033091e+04 3.44447325e+04 4.60652854e+04
 1.00000000e+00]","[-0.15961206  0.2788211  -0.22821836  0.19562598  0.10511927  0.35349418
 -0.52688221 -0.01420754  0.31950973  0.06142964  0.30341965  0.42970444
  0.10022611]",60979.6062722156,44775.224205847444,35.49764963600319,2.4548656141978765e-07,0.0012550263386699402,24844.432463125453,46037.72347854395
209,"[1.58201162e+04 1.97647191e+03 1.16065356e+03 1.12434432e+05
 1.51209132e+04 9.19765162e+04 8.08062823e+04 3.28358080e+04
 6.95924904e+02 2.08326782e+04 5.76790606e+03 1.17622074e+03
 1.00000000e+00]","[-0.06568843  0.32072457  0.10663599  0.23137907  0.19564389  0.64470349
  0.38677316  0.336345    0.03005003 -0.01160799  0.31120749 -0.10923104
  0.03812411]",131732.86353277066,44660.77501219518,31.118726295011584,2.4548656141978765e-07,0.0012550263386699402,24744.578000603662,46240.00549647304
210,"[2.70379520e+04 2.72373416e+03 1.68329179e+04 9.86569331e+04
 1.36411908e+05 2.72420477e+03 3.00505967e+04 6.55867917e+03
 9.12419146e+02 5.55679277e+04 2.09335342e+04 1.12714084e+03
 1.00000000e+00]","[ 0.2483947   0.36645997  0.51385749  0.14359296  0.39989167  0.19212037
 -0.05532711 -0.14537311 -0.20409785  0.28009198  0.27924453 -0.03882863
 -0.31421023]",104167.08242150336,47619.533754017655,33.0624649990059,2.4548656141978765e-07,0.0012550263386699402,24576.20959191348,45790.66926414249
211,"[1.55632218e+04 1.93484319e+03 1.29029161e+03 8.21195527e+04
 1.68879677e+04 3.24546072e+03 9.88645244e+04 1.44171769e+04
 9.48698288e+02 6.39831406e+04 1.32953581e+04 6.57146002e+04
 1.00000000e+00]","[-0.41139562  0.07940978  0.01099703 -0.10494346  0.20105117 -0.04284633
  0.37734062 -0.12981148  0.17810009  0.28908121  0.22802805  0.57185756
 -0.34280297]",83113.70818006758,44128.35418110341,29.59120251299464,2.4548656141978765e-07,0.0012550263386699402,24621.155935999413,46466.983928045636
212,"[1.22800530e+05 1.25311603e+04 1.24466237e+03 6.41482068e+04
 8.36650576e+04 2.83298678e+03 3.97107159e+04 1.97431591e+04
 9.48698288e+02 3.00554788e+04 3.38431576e+03 1.19292184e+03
 1.00000000e+00]","[ 0.41605263  0.45225724 -0.00322356 -0.38439573  0.54835998  0.10109661
 -0.1079192   0.19253851 -0.21360145  0.11117878 -0.22352291  0.04810531
 -0.06850831]",80216.95987539736,42741.98772799276,35.40789252301329,2.4548656141978765e-07,0.0012550263386699402,24745.405692526907,44133.043392787746
213,"[2.29450472e+04 1.92218491e+03 1.70944607e+03 7.34382865e+04
 2.48129125e+04 3.72086130e+03 6.12383132e+04 5.54047155e+04
 5.29953712e+03 2.75983701e+04 7.83326432e+02 6.98563181e+04
 1.00000000e+00]","[-0.02710263  0.24937696 -0.12424709 -0.49568437  0.11012366 -0.27028454
 -0.08293505  0.27099894  0.33768155 -0.14975419 -0.36283613  0.48920426
 -0.05486924]",6451.806191008981,44128.14805032379,33.184469617001014,2.4548656141978765e-07,0.0012550263386699402,24542.71834154392,43599.52128882469
214,"[2.68510685e+04 2.03301101e+03 1.13329039e+03 9.40096972e+04
 1.29812935e+05 2.64512172e+03 9.03255676e+04 7.30281866e+03
 9.50387449e+02 4.25373263e+04 1.57316269e+04 1.18333668e+03
 1.00000000e+00]","[ 0.30559034  0.20456114 -0.0070526   0.15894131  0.46759524 -0.14821449
  0.39421561 -0.38367047 -0.16455459  0.25917977  0.39384721  0.19376054
  0.09656217]",133962.7334788779,42542.04888817822,33.01375399599783,2.4548656141978765e-07,0.0012550263386699402,24470.899053562596,45875.85591683599
215,"[2.67545129e+04 2.97033197e+03 2.69887837e+04 1.01530123e+05
 4.41278676e+04 3.81939146e+03 2.86061761e+04 8.60592326e+03
 9.52033547e+02 2.54961209e+04 4.22650662e+03 6.86027142e+04
 1.00000000e+00]","[-0.00270649  0.255977    0.49345879 -0.05683644  0.26407762  0.09945805
 -0.47308362  0.05722567 -0.04909793 -0.12528669  0.02569374  0.58699271
 -0.13302905]",44364.273072881,42457.06890493529,32.80536088999361,2.4548656141978765e-07,0.0012550263386699402,24597.09677214693,43152.930625774505
216,"[6.92775141e+04 3.60469670e+03 3.28024309e+04 8.75992427e+04
 2.15345100e+04 7.12253457e+03 1.36419896e+05 6.41997613e+03
 6.35731024e+02 1.76102435e+04 4.17352910e+03 1.34903782e+03
 1.00000000e+00]","[ 0.29467833  0.07603496  0.47349403  0.02173515  0.22177565  0.41983676
  0.31825018 -0.34791025  0.30627277 -0.17753039 -0.02630241  0.00055034
 -0.33004563]",84031.60811102786,45137.582101315435,31.975757895008428,2.4548656141978765e-07,0.0012550263386699402,24548.95891469874,47854.11763507947
217,"[1.09812280e+05 8.49214834e+03 9.76514616e+03 6.33848498e+04
 2.48509097e+04 5.36131142e+03 3.47339138e+04 7.22843601e+03
 1.31242278e+03 3.47790178e+04 5.51626239e+04 1.80304051e+03
 1.00000000e+00]","[ 0.18099492  0.0577091  -0.19524888 -0.65504122 -0.18051293 -0.05601952
 -0.35498257 -0.22378957 -0.1699343  -0.04017446  0.29909745 -0.01478673
 -0.40585993]",-26942.93646073193,43993.1546981818,36.56402852298925,2.4548656141978765e-07,0.0012550263386699402,24479.30710236316,44628.951515234876
218,"[3.88628504e+04 9.92787444e+04 1.24387101e+03 8.38306693e+04
 5.21488991e+04 3.59295329e+03 3.97397738e+04 6.95785029e+03
 6.45668707e+03 4.40903970e+04 3.48066216e+03 1.78726575e+03
 1.00000000e+00]","[ 0.23385986  0.45056815  0.05394319 -0.24084034  0.37906567 -0.10660882
 -0.07563923 -0.38984834  0.38733816  0.27792615 -0.22494659  0.22678361
 -0.19829058]",61740.97414884794,44149.03455231011,37.16115638500196,2.4548656141978765e-07,0.0012550263386699402,24265.09714061064,45632.14303465588
219,"[1.34190734e+04 1.45516529e+03 1.18920435e+03 1.18877373e+05
 6.55519475e+04 3.11967435e+03 3.50327817e+04 6.15335114e+03
 8.47393332e+03 1.37898423e+05 2.64178700e+03 1.24263235e+03
 1.00000000e+00]","[-0.47842488 -0.08012654 -0.24658493  0.17091383  0.32678636 -0.35548086
  0.00726165 -0.21833974  0.41259178  0.35456038 -0.31128987 -0.01717391
 -0.02552258]",84257.16955977996,43551.75506837621,32.32982381799957,2.4548656141978765e-07,0.0012550263386699402,24363.233940089383,45205.720617779036
220,"[1.55990572e+04 1.42515310e+03 1.59726169e+04 5.72761858e+04
 2.49469365e+04 3.14793451e+03 1.17233953e+05 4.54379805e+04
 9.48698288e+02 6.73867881e+04 3.23791627e+03 1.23140344e+03
 1.00000000e+00]","[-0.59403217 -0.11178776  0.16736287 -0.46390052 -0.16383272 -0.24109929
  0.14417852  0.18325701 -0.35541138  0.16356135 -0.22376028 -0.21753401
 -0.0401918 ]",-3247.261946308256,42671.020979888206,34.42033266997896,2.4548656141978765e-07,0.0012550263386699402,24338.62052985584,44136.855337967056
221,"[3.91421017e+04 2.46083780e+03 1.16065356e+03 1.43531642e+05
 4.71017962e+04 2.78621627e+03 2.09279367e+04 4.09006604e+04
 9.48698288e+02 2.01973490e+04 7.81483194e+04 1.18333668e+03
 1.00000000e+00]","[ 0.2849128   0.11039294 -0.09935586  0.25304408  0.36253853 -0.16633763
 -0.48230496  0.39312874  0.12133154 -0.17527818  0.42273638 -0.07401017
 -0.23840551]",99749.87372042985,46509.423814089576,34.16275915200822,2.4548656141978765e-07,0.0012550263386699402,24308.160980431356,43371.35750584578
222,"[4.35113149e+04 9.78639461e+03 1.29017703e+03 6.08876387e+04
 3.03940436e+04 3.06213637e+03 1.19875288e+05 7.94553079e+04
 1.37788256e+03 2.96425446e+04 7.31313269e+03 1.18333668e+03
 1.00000000e+00]","[ 0.24771221  0.36209229 -0.03593232 -0.61585567 -0.13045624 -0.24861082
  0.31914981  0.39164247 -0.07243044  0.08525016  0.09810471 -0.11674646
 -0.23900601]",44433.675340965805,45534.751447708695,34.653812592994655,2.4548656141978765e-07,0.0012550263386699402,24383.00642765507,42966.40120392409
223,"[1.99720398e+04 3.99727167e+04 5.02173489e+03 5.70247636e+04
 9.27502194e+03 1.07082715e+04 4.83566515e+04 8.41633024e+03
 3.97908616e+04 4.22625805e+04 4.11643683e+03 1.93250848e+03
 1.00000000e+00]","[-0.16668987  0.29015473 -0.14286535 -0.73608391 -0.1204699   0.04037544
 -0.18041287 -0.15660715  0.35224868  0.07310401 -0.26587879  0.2286915
 -0.01273779]",-28697.23130923457,41354.23815862175,33.6288932429743,2.4548656141978765e-07,0.0012550263386699402,24295.953740163193,42818.78717729908
224,"[6.66289983e+04 3.93036267e+03 5.69739339e+03 5.96766365e+04
 2.85917160e+04 2.97405961e+03 7.46177437e+04 2.97289505e+04
 9.48698291e+02 3.34296995e+04 7.87767882e+04 1.17279767e+03
 1.00000000e+00]","[ 0.33660241 -0.14994162  0.20571322 -0.59513724 -0.03197667 -0.1644283
  0.18152907  0.29787442  0.11043659  0.0992914   0.40282012  0.0565177
  0.36118638]",43715.4655075803,43611.727173844105,33.735795654007234,2.4548656141978765e-07,0.0012550263386699402,24310.88607307382,43944.911979099576
225,"[2.45106179e+04 2.70248248e+03 1.61062987e+04 8.65200482e+04
 4.63054825e+04 5.91920686e+03 3.07814418e+04 6.37481040e+03
 1.41071286e+03 2.94064513e+04 1.12960174e+05 1.54094706e+03
 1.00000000e+00]","[ 0.04961893  0.3406735   0.33135144 -0.27557345  0.31449299  0.37023894
 -0.42913828 -0.08894799  0.00704594 -0.07217114  0.37805538  0.32782351
 -0.10971994]",27706.713753200085,43998.79921412539,30.969176072016126,2.4548656141978765e-07,0.0012550263386699402,24216.850734181204,40975.32299128612
226,"[3.54314046e+04 1.05173772e+03 3.11052790e+04 7.39179737e+04
 1.42048405e+04 3.18297214e+03 7.33499012e+04 1.57042734e+04
 6.81240735e+04 2.94809601e+04 6.94152131e+03 1.18333668e+03
 1.00000000e+00]","[ 0.25530676 -0.17481457  0.5592717  -0.31262272  0.15264515 -0.12261192
  0.17318105  0.00800729  0.56147564  0.14549673  0.18309625 -0.22055373
  0.08220781]",61305.924858552375,41202.966891895296,30.87799578200793,2.4548656141978765e-07,0.0012550263386699402,24139.610217102243,41644.77640161378
227,"[1.35377721e+04 2.09208911e+03 2.55334140e+03 1.13333292e+05
 4.99714394e+04 1.40264844e+04 4.77346040e+04 7.59453744e+03
 1.04470856e+03 1.99344719e+04 3.45296144e+04 6.08544838e+04
 1.00000000e+00]","[-0.3534749   0.12610766  0.33043708  0.0766211   0.30219122  0.37145336
  0.07854294 -0.30534798 -0.0485231  -0.0829905   0.34761816  0.4997557
  0.18855589]",67457.9808634337,42480.12544020256,28.635639152984368,2.4548656141978765e-07,0.0012550263386699402,24095.70625335188,41699.066396237205
228,"[2.06800349e+04 2.07996384e+03 6.05144771e+04 8.15027097e+04
 1.12145689e+04 3.37417599e+03 4.17612691e+04 5.19274938e+04
 9.48698288e+02 7.64090650e+04 2.63345395e+04 1.12035198e+03
 1.00000000e+00]","[-0.32223901  0.24352529  0.52291229 -0.2463368  -0.14095465 -0.0424714
  0.0884588   0.36401795  0.16505866  0.36024304  0.25519004 -0.25103625
  0.23573662]",60403.62037543605,43859.68066735786,31.68368202401325,2.4548656141978765e-07,0.0012550263386699402,24058.245374667218,44103.00607187106
229,"[2.93198905e+04 2.11743381e+03 2.69364240e+04 5.66204800e+04
 8.65198557e+04 9.48032606e+03 2.78409345e+04 2.46980702e+04
 3.56539330e+03 2.56751376e+04 1.09979484e+03 3.17825645e+03
 1.00000000e+00]","[-0.05833017 -0.14544441  0.04309591 -0.66981555  0.15518538 -0.10287248
 -0.57016218  0.08153768 -0.06317787 -0.26689289 -0.19463397  0.11538467
  0.17920818]",-47116.22520710586,43343.651318949516,41.00727987100254,2.4548656141978765e-07,0.0012550263386699402,24065.927783035317,41152.38528780945
230,"[3.60306876e+04 1.06935783e+05 2.00853034e+03 1.22732009e+05
 9.82631453e+03 2.20717188e+04 4.14646876e+04 6.65696877e+03
 2.20935983e+03 1.77457428e+04 5.87513582e+03 1.65962608e+03
 1.00000000e+00]","[ 0.20368261  0.36005779  0.27744543  0.20261553 -0.11572274  0.37839913
  0.05590546 -0.47085019  0.35004951 -0.30461494  0.06064533  0.32402268
  0.07379921]",73926.90995413595,44121.93512879324,32.50789413799066,2.4548656141978765e-07,0.0012550263386699402,24099.12674536938,45086.07362156639
231,"[1.94987341e+04 8.09534636e+02 1.16001779e+03 1.01442434e+05
 4.11652397e+04 4.25456770e+03 8.30662943e+04 1.29301723e+05
 3.48376122e+03 1.24887184e+04 1.20467465e+04 1.11234272e+03
 1.00000000e+00]","[ 0.11368903 -0.37805547  0.10112726  0.1917901   0.32740302  0.32160515
  0.32352724  0.41131532  0.40437542 -0.32242716  0.14342154 -0.12811119
  0.09058126]",115355.00477252789,41665.415085019646,32.095084337022854,2.4548656141978765e-07,0.0012550263386699402,23946.227588813155,42397.07629090296
232,"[3.11059917e+04 1.14396873e+03 2.25726781e+04 9.02463644e+04
 7.14264146e+03 3.43136863e+03 1.79645325e+05 1.18516411e+04
 1.01529337e+03 1.35542137e+04 2.26775259e+04 1.18333668e+03
 1.00000000e+00]","[ 0.25543957 -0.02777662  0.5005861   0.0199713  -0.11139518  0.04711544
  0.38576727 -0.16543001  0.33523456 -0.42686274  0.41156797  0.01795517
  0.16696399]",91631.84650018804,44843.0154535975,31.394520464993548,2.4548656141978765e-07,0.0012550263386699402,24049.90843299042,43311.68051199218
233,"[1.35128991e+04 9.06688352e+04 1.11969732e+03 1.09455365e+05
 1.04912706e+04 3.54645933e+03 2.98315804e+04 3.46454426e+04
 8.37296823e+03 7.02709178e+04 1.28121220e+04 1.18048144e+03
 1.00000000e+00]","[-0.21500981  0.45448298 -0.13325367  0.18310841 -0.10629923  0.10491803
 -0.15809088  0.34880604  0.53872363  0.3574208   0.12513843  0.05468651
 -0.30056954]",96114.89153172338,43741.640028958456,29.524520371982362,2.4548656141978765e-07,0.0012550263386699402,23962.206749357352,45033.84943708568
234,"[1.38648632e+04 2.32783713e+03 1.13179770e+03 1.08521015e+05
 4.00892575e+04 2.65315843e+03 2.23151051e+04 4.08801504e+04
 9.48698292e+02 6.76235041e+04 1.00563298e+05 1.15789436e+03
 1.00000000e+00]","[-0.33305965  0.20509837 -0.10097303  0.14752616  0.30407643 -0.38247802
 -0.291762    0.42683556  0.08880757  0.26604004  0.44542615 -0.14481544
 -0.1045982 ]",96569.39108067202,42908.33983259498,33.43972057700739,2.4548656141978765e-07,0.0012550263386699402,23849.597509954467,41882.0740675525
235,"[2.00964330e+04 2.29812640e+03 1.49299428e+03 7.98969647e+04
 8.87877137e+03 3.80488603e+03 1.84946823e+05 1.20217618e+04
 1.88292741e+04 2.31462767e+04 2.56048603e+04 1.18333668e+03
 1.00000000e+00]","[-0.09034104  0.37807418  0.07231836 -0.29284698 -0.09635126 -0.17334493
  0.3912306  -0.253747    0.53867139 -0.16077137  0.41839465 -0.01268591
 -0.09949292]",60674.405890970505,43336.93661238134,29.972428763023345,2.4548656141978765e-07,0.0012550263386699402,23801.974634419003,44008.59316724266
236,"[1.96895849e+04 1.09514524e+03 1.57182358e+03 7.74659624e+04
 7.71095412e+03 4.38724062e+03 7.74149087e+04 3.65356057e+04
 8.93683882e+04 2.96321189e+04 6.87526412e+03 1.53039631e+03
 1.00000000e+00]","[-0.2462214  -0.1112637  -0.10772947 -0.46070668 -0.23172308 -0.18305919
  0.18380645  0.31559054  0.5747726   0.0921693   0.18874085  0.32300273
 -0.0611399 ]",38231.03223304381,42654.863618453965,29.294436287978897,2.4548656141978765e-07,0.0012550263386699402,23866.40470582246,44423.49414827682
237,"[4.32868380e+04 2.92795487e+03 1.05281925e+03 1.89460131e+05
 9.95542343e+03 2.70534795e+03 1.28514964e+05 1.24299611e+04
 2.01082573e+03 1.61097637e+04 1.25256156e+04 1.16635785e+03
 1.00000000e+00]","[ 0.4529576  -0.12538396 -0.23748301  0.44379653 -0.17528793  0.01323051
  0.47918547 -0.05608017  0.3288384  -0.30307887  0.24598285 -0.03651742
 -0.01604872]",161065.04683516244,44103.38251544992,33.305915634991834,2.4548656141978765e-07,0.0012550263386699402,23992.026823893342,46217.14723386791
238,"[1.94580319e+04 1.11219211e+05 3.97047854e+03 8.12742719e+04
 3.42334173e+04 1.66755488e+04 5.98503671e+04 1.05844384e+04
 1.71594897e+03 2.41204169e+04 3.91413354e+03 1.47134209e+03
 1.00000000e+00]","[-0.18396744  0.45436095  0.25034362 -0.44899849  0.24544721  0.49754085
  0.01870341 -0.26645153  0.21626443 -0.19650841 -0.04057423  0.03565789
  0.1673304 ]",21979.463060813145,40357.66488284888,30.86580118400161,2.4548656141978765e-07,0.0012550263386699402,23813.845633091965,45370.553644086
239,"[2.45667531e+04 1.06223873e+03 9.51576922e+03 8.48097307e+04
 4.06725374e+04 3.18765078e+03 5.31605957e+04 1.45830914e+05
 9.48698288e+02 2.24110693e+04 3.92565915e+03 1.43255622e+03
 1.00000000e+00]","[ 0.15312314 -0.11309708  0.45413717 -0.2969944   0.39758829 -0.00998609
 -0.09949364  0.53263027  0.3131245  -0.25379475  0.0267596   0.0862524
  0.2166372 ]",66137.03807581136,41850.42216327502,33.93870954000158,2.4548656141978765e-07,0.0012550263386699402,23792.800257401028,43454.54492172252
240,"[2.85223316e+04 1.50884077e+03 8.10235579e+03 7.96757575e+04
 1.47645714e+04 3.13915081e+03 7.77659683e+04 1.42326556e+05
 9.48698289e+02 2.04566453e+04 1.14881391e+04 2.50675742e+03
 1.00000000e+00]","[ 0.230651    0.12112585  0.27465786 -0.29959849  0.02806314 -0.16919128
  0.27755386  0.42193488 -0.0393618  -0.21078486  0.26728622  0.52529847
  0.2984862 ]",66674.53148789125,42538.81163510485,31.490827412024373,2.4548656141978765e-07,0.0012550263386699402,23763.216775260178,40155.06291178662
241,"[3.14366604e+04 1.86088683e+03 6.19209149e+02 1.41926630e+05
 1.13968370e+05 1.78601235e+04 5.73446235e+04 3.22688386e+04
 7.07935320e+02 1.70126096e+04 5.03563995e+03 1.72473730e+03
 1.00000000e+00]","[ 0.36752084 -0.03920096 -0.13075348  0.32378243  0.39807651  0.49218736
  0.28196342  0.3880962   0.08495879 -0.19819376 -0.1737173   0.17649218
  0.0529045 ]",136322.25319368104,44054.76720705774,33.161587478010915,2.4548656141978765e-07,0.0012550263386699402,23786.29299477413,43632.86090109507
242,"[3.09847781e+04 8.58226031e+04 1.59112034e+04 7.43188432e+04
 3.75346016e+04 5.41145993e+03 6.11662628e+04 4.77752625e+04
 9.48698292e+02 2.26306320e+04 3.76529633e+03 1.46558189e+03
 1.00000000e+00]","[ 0.18869306  0.38204962  0.39694881 -0.21570872  0.2915638   0.43286498
  0.04567889  0.32206043 -0.19050518 -0.15977475 -0.13596038  0.14327508
  0.36784536]",56288.390614135606,42421.16070856042,32.58132933700108,2.4548656141978765e-07,0.0012550263386699402,23656.632713283165,41241.3465985292
243,"[2.50329186e+04 9.59218667e+02 7.39185403e+04 1.66896386e+05
 1.40075804e+04 3.17270142e+03 1.88904627e+04 5.19050756e+03
 2.14611110e+03 2.44194336e+04 3.21290071e+03 1.24263235e+03
 1.00000000e+00]","[-0.13656304 -0.13401923  0.4753097   0.23499615 -0.10673783 -0.30702629
 -0.64780681 -0.26343302 -0.08992694 -0.12245329 -0.21142729 -0.13919067
  0.01951777]",50697.64705312979,42450.48264957384,31.11890223599039,2.4548656141978765e-07,0.0012550263386699402,23681.670810065596,40843.57133108951
244,"[1.22746352e+05 1.11221247e+04 1.05281925e+03 8.76765946e+04
 1.92558502e+04 2.69086238e+03 9.39864470e+04 1.33361979e+04
 1.42347581e+03 4.92209426e+03 3.20500298e+04 1.18333668e+03
 1.00000000e+00]","[ 0.37117639  0.27115945 -0.15206345  0.00087352  0.07879824 -0.11096377
  0.36567987 -0.30180305  0.04460213 -0.58383872  0.37016557 -0.11474197
  0.17088692]",88973.68578762744,45853.81128623494,31.773285772971576,2.4548656141978765e-07,0.0012550263386699402,23556.23806682539,40390.19854409067
245,"[1.67949902e+04 3.37398902e+03 1.13678349e+03 1.65078789e+05
 1.96380850e+04 3.94133912e+03 7.83691765e+04 1.74088367e+04
 6.24129965e+04 1.33638688e+04 6.76344475e+03 2.81663285e+03
 1.00000000e+00]","[ 0.00808393  0.24068934 -0.24029043  0.27291123  0.18199449  0.30573184
  0.28336041  0.11801915  0.48690092 -0.30487225  0.11427508  0.48643319
  0.0962914 ]",103224.6310073623,44767.192171737,32.56134729698533,2.4548656141978765e-07,0.0012550263386699402,23726.48827035724,44642.349116823956
246,"[1.81820415e+04 1.91130803e+03 7.21999901e+03 7.54858367e+04
 2.91864105e+03 5.72043993e+03 4.55859877e+04 7.15670273e+03
 7.82418069e+04 2.65522780e+04 2.69970061e+04 1.75486782e+03
 1.00000000e+00]","[-0.30961203 -0.13578942  0.29719198 -0.50208839 -0.269564   -0.28574541
 -0.15330176 -0.13660873  0.41100043 -0.1411521   0.28988656  0.26857078
 -0.0616237 ]",-15324.360772769354,41348.976826824015,26.798058807005873,2.4548656141978765e-07,0.0012550263386699402,23469.274695947683,42809.32844007708
247,"[2.07106472e+04 5.95381693e+03 1.05281925e+03 1.45251340e+05
 4.23772330e+04 2.78742752e+03 4.15172459e+04 3.63781913e+04
 3.62773307e+03 1.86722750e+04 9.72665378e+04 1.16410340e+03
 1.00000000e+00]","[ 0.16523361  0.42712651 -0.13127184  0.28964013  0.35524893  0.05156347
  0.11158326  0.38973448  0.45132162 -0.03499629  0.43080326  0.01653268
 -0.07177734]",124811.93080786134,40851.65522533299,30.941710195009364,2.4548656141978765e-07,0.0012550263386699402,23551.068500049394,41979.4616775867
248,"[7.17979412e+03 7.89077115e+04 1.08200579e+03 1.31484769e+05
 3.49984130e+04 1.33867034e+04 7.59537696e+04 3.76502298e+04
 9.48698288e+02 1.80852712e+04 5.08407510e+03 1.16563829e+03
 1.00000000e+00]","[-0.45337635  0.34005189  0.27271226  0.24220403  0.2470135   0.35806799
  0.26219393  0.2956827   0.13627068 -0.19553156 -0.20827753 -0.28340664
 -0.14098374]",95408.0032383665,41392.98983353801,36.166992888989625,2.4548656141978765e-07,0.0012550263386699402,23599.295015979365,42439.5296719729
249,"[2.02396431e+04 1.92642865e+03 6.01477459e+04 7.99924226e+04
 7.72472286e+04 3.08329017e+03 6.83099298e+04 2.85551196e+04
 9.48698288e+02 1.42672755e+04 1.47311969e+04 1.18333668e+03
 1.00000000e+00]","[-0.31421822 -0.03166667  0.55347469 -0.24611253  0.36623944 -0.15522039
  0.07051138  0.28095562 -0.07321527 -0.29740426  0.33595851  0.21894428
 -0.19134111]",48729.547003263826,42494.31058155345,32.54955880399211,2.4548656141978765e-07,0.0012550263386699402,23513.965464211255,42958.19688613637
250,"[3.49652577e+04 1.07203544e+05 1.10990356e+03 9.79299205e+04
 1.55371630e+04 9.20150684e+03 3.49178406e+04 3.41051235e+04
 9.48698291e+02 5.06897019e+04 3.89194911e+03 1.85030879e+03
 1.00000000e+00]","[ 0.29129674  0.49230026  0.09764848  0.08180683  0.1171481   0.33101618
 -0.12740872  0.3549863  -0.18881825  0.40013029 -0.26428513  0.35308232
  0.02729649]",103333.43377754389,43225.60221458183,30.84036386900698,2.4548656141978765e-07,0.0012550263386699402,23540.488432904294,43065.21115141753
251,"[2.09394787e+04 2.52606839e+03 6.56536255e+04 6.35949024e+04
 6.67353910e+04 6.29217851e+03 5.55720789e+04 2.27836774e+04
 9.54677112e+02 2.83061974e+04 4.13182969e+03 2.60854098e+03
 1.00000000e+00]","[-0.43348236 -0.00744014  0.49108983 -0.50284714  0.23615297  0.31905728
 -0.07447313  0.13323129  0.1383607  -0.04833632 -0.0238862   0.33909647
 -0.01065742]",7381.537446491036,41181.469410345446,34.06336703701527,2.4548656141978765e-07,0.0012550263386699402,23366.60947170489,45711.59211764412
252,"[1.00254179e+04 2.14938681e+04 3.04490157e+04 6.96942564e+04
 3.51888779e+04 3.65935294e+03 4.29705506e+04 7.48443473e+03
 4.80141801e+03 7.62993488e+04 3.34210366e+04 1.36576508e+04
 1.00000000e+00]","[-0.57386349  0.20564568  0.37315465 -0.35116934  0.12825261 -0.04363082
  0.01738201 -0.12092248  0.29954851  0.24095156  0.17651603  0.32175827
  0.22377718]",19866.628480058716,44343.37415744047,31.035286351980176,2.4548656141978765e-07,0.0012550263386699402,23385.950576015162,41389.47056466632
253,"[1.85096558e+04 7.33032450e+03 1.08200579e+03 7.17793211e+04
 9.58484334e+03 5.51172767e+03 8.29744036e+04 1.51828523e+04
 9.95338712e+03 1.49821434e+05 7.81880478e+03 1.18333668e+03
 1.00000000e+00]","[-0.10057563  0.31561774  0.01385718 -0.49324547 -0.44242079 -0.30529877
  0.2698105  -0.01693578  0.22397799  0.33486011  0.04782207 -0.12445415
  0.32355158]",33894.62810563795,39811.49529670505,34.05047420601477,2.4548656141978765e-07,0.0012550263386699402,23458.033847747774,44061.83397265224
254,"[8.80403801e+03 8.24206869e+03 5.12819885e+04 9.85682907e+04
 2.63144615e+03 3.70988294e+04 2.87695393e+04 3.04302137e+04
 9.88457604e+02 3.52278872e+04 2.64228817e+03 1.26091461e+03
 1.00000000e+00]","[-0.67150547  0.13226711  0.32339461 -0.12578518 -0.36035123  0.29636621
 -0.3916303   0.11286556 -0.09719185 -0.00226674 -0.08275458  0.08214987
  0.06582282]",1287.2437799455665,41505.793530763294,29.198422624991508,2.4548656141978765e-07,0.0012550263386699402,23333.48172368191,41982.74455604747
255,"[1.55633518e+04 1.23807637e+03 1.13347466e+03 1.27403607e+05
 6.34103028e+04 3.89072578e+03 2.33235046e+04 2.13241043e+04
 9.48698288e+02 1.38157379e+05 8.43253907e+03 1.12035198e+03
 1.00000000e+00]","[-0.23915239 -0.18433741 -0.14651343  0.35041879  0.39404058  0.29932292
 -0.2806095   0.30115317 -0.1603771   0.5426957   0.11974686  0.0679513
  0.10522881]",142467.42298607682,42003.98272479593,34.792209411010845,2.4548656141978765e-07,0.0012550263386699402,23246.988088491173,39587.98209292913
256,"[3.21801737e+04 8.86052180e+04 3.31599680e+04 8.76265462e+04
 9.55764752e+03 8.00182904e+03 4.62488289e+04 8.54263130e+03
 1.04470857e+03 1.39011193e+04 1.97052069e+04 1.18333668e+03
 1.00000000e+00]","[ 0.06662876  0.36747809  0.43765186 -0.16927131 -0.04236411  0.40231452
 -0.0132784  -0.10306153  0.31659393 -0.49867372  0.32319258 -0.01236608
 -0.11119935]",35456.743988616465,40307.56640794799,31.195102983008837,2.4548656141978765e-07,0.0012550263386699402,23379.078861394362,40039.83510089187
257,"[1.44862289e+04 6.06517695e+03 3.23912672e+03 6.04850681e+04
 7.23521248e+04 5.61332404e+03 8.56306040e+04 3.62976575e+04
 4.06723621e+04 2.54666748e+04 5.24097081e+03 1.33282707e+03
 1.00000000e+00]","[-0.45964749  0.26923444 -0.02693171 -0.44967775  0.27220971  0.32162253
  0.18025084  0.27060055  0.43146712 -0.10287043  0.02059803  0.04325803
  0.17608427]",29540.65254132647,41673.951032768484,34.321777829987695,2.4548656141978765e-07,0.0012550263386699402,23345.08134999884,39739.82435088126
258,"[4.93873285e+04 5.01040600e+03 1.47077591e+03 1.08878561e+05
 6.72548267e+03 3.94186756e+03 3.04418064e+04 3.85249693e+04
 7.34358057e+04 2.66340431e+04 2.42125099e+03 4.14589795e+03
 1.00000000e+00]","[ 0.24246108  0.20112161  0.04091887  0.18807066 -0.36349665 -0.20774848
 -0.22745917  0.27135344  0.48271187  0.01589051 -0.20451701  0.47263188
  0.25413938]",71121.37346245874,44095.613081163356,33.365181567991385,2.4548656141978765e-07,0.0012550263386699402,23289.499554385373,42061.90837849893
259,"[3.18850855e+04 6.42952106e+03 9.19264247e+03 9.65392028e+04
 2.74955514e+03 9.04899091e+04 2.78711883e+04 3.66620592e+03
 1.02397077e+03 3.48374062e+04 1.59140604e+03 1.24263235e+03
 1.00000000e+00]","[ 0.16236093  0.35095769  0.33023427 -0.12029637 -0.32895301  0.4902434
 -0.37916483 -0.29221294 -0.20509085  0.09610574 -0.3013684  -0.02674868
  0.0800107 ]",33299.620544986836,42772.912888996405,36.27825210700394,2.4548656141978765e-07,0.0012550263386699402,23211.221855911695,39706.872107269475
260,"[2.49429305e+04 7.81672355e+02 1.42841918e+04 1.23198877e+05
 1.37779460e+05 3.55921478e+03 3.24049657e+04 2.71455860e+04
 9.48698290e+02 1.34724516e+04 1.21364460e+04 1.18333668e+03
 1.00000000e+00]","[ 0.20232815 -0.36885214  0.38393742  0.15021526  0.35742526  0.30299635
 -0.18166774  0.28978859 -0.04473944 -0.458905    0.23326352 -0.22057127
 -0.02897718]",77397.68749005321,40009.04411598384,30.23244239401538,2.4548656141978765e-07,0.0012550263386699402,23359.44100607448,39636.096848119894
261,"[2.70142364e+04 1.48067682e+03 3.19663265e+03 4.83596412e+04
 3.29209131e+04 1.06878181e+04 3.20027135e+04 2.71929818e+04
 3.52307711e+03 6.93736655e+04 5.14087022e+04 1.54694093e+04
 1.00000000e+00]","[ 0.08826975 -0.1193502  -0.22349303 -0.70239604  0.06795527  0.20656935
 -0.37015561  0.12139657  0.2838596   0.02705061  0.16900095  0.28914509
  0.20527864]",-20536.261484705927,41426.866852484076,36.19881369700306,2.4548656141978765e-07,0.0012550263386699402,23323.85902512967,41806.79963847823
262,"[1.43122798e+04 1.55048897e+03 1.18809074e+03 1.70938484e+05
 7.73132576e+03 3.21039412e+03 7.63471764e+04 1.62318136e+04
 6.27779150e+04 3.05804908e+04 1.87114169e+03 1.18333669e+03
 1.00000000e+00]","[-0.27820802 -0.04409536  0.18506352  0.37628762 -0.22757407 -0.10170551
  0.35889999  0.03181221  0.64691165  0.30290066 -0.14954572  0.12740451
  0.06340748]",136068.77408557528,42282.36716469562,33.1514822950121,2.4548656141978765e-07,0.0012550263386699402,23164.008387682923,40370.63736939931
263,"[3.89647103e+04 2.57920515e+03 1.94529362e+03 6.73829522e+04
 1.09053363e+04 2.37122084e+04 1.66325203e+05 1.38128453e+04
 9.48698288e+02 3.95384861e+04 5.49710788e+03 1.18333668e+03
 1.00000000e+00]","[ 0.28225107  0.09485842 -0.10516902 -0.59578315 -0.18247133  0.47399271
  0.35724013 -0.10840202 -0.1255894   0.26047146 -0.01925107 -0.18819748
 -0.16904075]",47913.283621134666,44401.49860331527,39.758629389019916,2.4548656141978765e-07,0.0012550263386699402,23013.278366220162,38905.54342920448
264,"[1.34591500e+04 1.91473727e+03 1.13146703e+03 8.81708318e+04
 1.08975332e+04 3.69599876e+03 7.32391450e+04 1.33767792e+04
 7.99109218e+04 5.37739878e+04 2.93466490e+04 1.18333668e+03
 1.00000000e+00]","[-0.48880342 -0.03296684 -0.22456209 -0.02245462 -0.09463299 -0.05363516
  0.29642631 -0.00467183  0.55698976  0.24916869  0.3869308   0.289651
  0.05825613]",81148.37873017877,39826.690837271075,33.71654666698305,2.4548656141978765e-07,0.0012550263386699402,23148.96792881795,41074.23327954559
265,"[2.53978627e+04 1.18391501e+03 1.74382030e+03 8.75473212e+04
 8.81795751e+03 1.07013193e+04 6.14505231e+04 4.68257043e+04
 6.79249995e+04 6.02409530e+04 1.22218538e+03 1.24263235e+03
 1.00000000e+00]","[ 0.20645146 -0.27411429  0.33589027  0.01344008 -0.04284863  0.44452594
  0.13142056  0.33916375  0.48023007  0.31565417 -0.23443196  0.02611159
  0.22714505]",86398.98394754162,40873.32800741287,34.04332759499084,2.4548656141978765e-07,0.0012550263386699402,23170.656215877647,41151.300180161066
266,"[2.65681300e+04 1.56301749e+03 2.71390470e+03 9.04944847e+04
 3.84044214e+03 5.44276248e+03 1.98285736e+04 3.99324780e+03
 5.52391511e+03 1.48496609e+05 1.02510435e+04 1.74016247e+04
 1.00000000e+00]","[ 0.16481726 -0.06851842 -0.32986554 -0.16571399 -0.38118278  0.08934585
 -0.584818   -0.33217495  0.28225715  0.27424988  0.10175494  0.21992334
 -0.11238493]",21634.52620961897,39283.903196092666,32.680201178998686,2.4548656141978765e-07,0.0012550263386699402,23209.695009148323,42071.069752949305
267,"[3.38635859e+04 5.27353579e+03 1.08200579e+03 9.25415043e+04
 4.32289294e+03 1.07046960e+04 2.62547384e+04 1.04091746e+05
 9.48698288e+02 7.32533133e+04 3.35110035e+04 1.18333668e+03
 1.00000000e+00]","[ 0.27682507  0.35590228 -0.12783259  0.00231843 -0.48012225  0.2797941
 -0.22016347  0.39365566 -0.1146387   0.3406938   0.37005795  0.04398448
 -0.00492314]",84744.20219182115,40819.995193601586,32.0439292860101,2.4548656141978765e-07,0.0012550263386699402,23112.524882485686,40869.61873701341
268,"[1.43206032e+04 7.42863484e+02 6.26369832e+03 6.37184886e+04
 4.61014662e+03 9.12931903e+03 7.15500412e+04 1.33015140e+04
 1.04470856e+03 2.38895907e+04 4.46778558e+03 5.33617642e+04
 1.00000000e+00]","[-0.45419181 -0.10387498 -0.07062826 -0.49277386 -0.23097845 -0.2386364
 -0.05785151 -0.17227008 -0.20803799 -0.3998375  -0.07998776  0.15208338
  0.39888089]",-50107.65358112431,42958.54466013657,31.625281057989923,2.4548656141978765e-07,0.0012550263386699402,22974.41252598302,40580.15232412082
269,"[9.89718459e+04 6.44918978e+03 4.29479586e+04 6.88970364e+04
 2.79626747e+03 7.30397448e+03 3.56068220e+04 4.52113520e+04
 4.75495324e+02 3.26091901e+04 1.37780603e+04 1.80038647e+03
 1.00000000e+00]","[ 0.27254989  0.17557868  0.40090198 -0.27094348 -0.31903099  0.39746033
  0.03060535  0.30423336 -0.13831887  0.1474064   0.2730012   0.40414633
  0.16965005]",52743.579197668965,44361.811793836685,30.637256034009624,2.4548656141978765e-07,0.0012550263386699402,23022.93635976454,39446.255394151405
270,"[2.26761008e+04 1.05481339e+03 1.34287965e+04 1.33304321e+05
 1.16044515e+04 5.44122811e+03 1.94815146e+04 1.06804376e+05
 9.48698288e+02 1.43275695e+04 6.05958194e+03 5.12906795e+03
 1.00000000e+00]","[-0.08569991 -0.22113966 -0.22057054 -0.02013722 -0.44505198 -0.2707609
 -0.51900339  0.11897841 -0.40206167 -0.41934838 -0.04378291  0.01664965
  0.00959132]",-18433.966594236208,38285.08297394446,33.091420898999786,2.4548656141978765e-07,0.0012550263386699402,23004.613060206117,39505.9245940135
271,"[6.96922601e+04 1.23578086e+04 1.07903817e+03 7.22564458e+04
 3.39078113e+04 3.54585094e+03 4.08213214e+04 7.56961856e+03
 7.54146662e+03 4.32141492e+04 9.03905946e+04 1.18333668e+03
 1.00000000e+00]","[ 0.31157173  0.43016378 -0.10854938 -0.40918755  0.18021511  0.14401955
 -0.05662673 -0.20907286  0.42461174  0.10237959  0.45289783 -0.09198441
 -0.18486024]",48528.75776565763,41633.39932156737,35.27157406002516,2.4548656141978765e-07,0.0012550263386699402,23058.001109306744,41622.947797804794
272,"[1.98169421e+04 8.46951811e+02 1.16957343e+03 9.78137190e+04
 5.72208387e+04 5.64842352e+04 2.14632546e+04 1.52571452e+04
 9.48698288e+02 6.73749589e+04 3.67127058e+04 2.03111438e+03
 1.00000000e+00]","[ 0.15351928 -0.13656911 -0.08731639  0.0213985   0.30991871  0.52139052
 -0.26325908  0.15753108 -0.22643422  0.27697407  0.3228712   0.43879209
 -0.25081505]",80045.55110421607,40047.94981144558,35.93087609502254,2.4548656141978765e-07,0.0012550263386699402,22983.097726404863,40193.20576443488
273,"[4.67067660e+04 5.25251260e+03 1.77143491e+03 1.02381193e+05
 4.10518630e+04 4.19682127e+03 2.63280222e+04 1.44059689e+04
 1.21488222e+03 2.42928759e+04 7.81338753e+02 6.98079949e+04
 1.00000000e+00]","[ 0.18739789  0.16147836 -0.30299286 -0.08791924  0.13917628 -0.11412456
 -0.54291322  0.02584595  0.00744261 -0.41895388 -0.3012753   0.4936858
 -0.03721343]",15435.125463731583,38913.291315285904,37.554156520986,2.4548656141978765e-07,0.0012550263386699402,22999.06185197756,40819.604406260005
274,"[4.29946858e+04 2.42693060e+03 9.28588622e+03 8.52566851e+04
 1.29395477e+04 2.89388697e+03 3.76930670e+04 8.66721001e+03
 1.37851504e+03 7.24147084e+04 1.14593627e+05 1.18333668e+03
 1.00000000e+00]","[ 0.41500176  0.12060266  0.12730415 -0.19753914 -0.12368411 -0.42086959
 -0.11645103 -0.2286423   0.05374244  0.4558122   0.53624228  0.01655443
 -0.03536254]",87837.80618797275,39621.56040881615,33.21817577199545,2.4548656141978765e-07,0.0012550263386699402,22983.765009621413,39800.42039716159
275,"[2.07860140e+04 2.32147496e+03 1.05281925e+03 9.55089745e+04
 1.00517479e+04 3.24925517e+03 7.50566324e+04 3.59465909e+04
 1.16074438e+04 3.70931540e+04 1.15669922e+05 1.15045883e+03
 1.00000000e+00]","[ 0.20043453  0.03764416  0.07389837  0.24468229 -0.10400122  0.17562663
  0.33279624  0.39369576  0.53273431  0.31175691  0.42488039  0.01792666
  0.15435334]",133271.01736729304,41942.57213328064,30.631192861008458,2.4548656141978765e-07,0.0012550263386699402,22840.065500034474,40485.400137743214
276,"[1.98613224e+04 1.92972394e+03 1.69557133e+03 7.18529218e+04
 1.10217946e+04 6.48207307e+04 1.26011310e+05 2.43292323e+04
 9.48698288e+02 3.10341259e+04 4.97156812e+03 1.92173519e+03
 1.00000000e+00]","[-0.11334744  0.03848182 -0.1949332  -0.42921475 -0.27531014  0.52990756
  0.36591557  0.25688664  0.0776887   0.18629335 -0.02859652  0.36607272
  0.17719162]",56742.767317691105,39778.630689805635,33.30737757802126,2.4548656141978765e-07,0.0012550263386699402,22844.592489067538,37569.67034411303
277,"[1.04697413e+04 1.98320422e+03 2.34436858e+03 1.65607885e+05
 6.21829344e+03 5.87162961e+03 7.73117560e+04 1.83204468e+04
 9.32479089e+02 1.11228763e+05 1.04586108e+04 5.56998314e+03
 1.00000000e+00]","[-0.37941532 -0.05195358  0.25848672  0.28953391 -0.24483521  0.32347995
  0.29424804  0.18303661 -0.24106983  0.33270136  0.20193184  0.45638399
 -0.01280714]",112393.84847641706,42045.1496891346,33.05898473999696,2.4548656141978765e-07,0.0012550263386699402,22799.191890857695,43853.596610924564
278,"[1.90811543e+04 9.75747177e+02 5.11902512e+03 6.76974268e+04
 1.41677767e+04 9.21708680e+03 2.14912558e+04 3.36678874e+03
 3.39212543e+04 8.99897158e+04 1.16848903e+04 1.58093010e+03
 1.00000000e+00]","[-0.26255686 -0.17803478 -0.08026323 -0.50052441 -0.09692766 -0.12358268
 -0.66746246 -0.14905023  0.13004339  0.12200183 -0.25564842 -0.16457759
  0.16054052]",-44694.54224646647,40038.90695843023,33.72775910500786,2.4548656141978765e-07,0.0012550263386699402,22857.98445965219,41297.623237963315
279,"[1.60562050e+04 2.29111800e+03 3.24415602e+03 9.91953138e+04
 6.25129000e+03 8.23899836e+03 4.21260396e+04 3.84086897e+04
 1.55791235e+04 1.94772119e+04 7.81338757e+02 7.25573340e+04
 1.00000000e+00]","[-0.49018825  0.1336358  -0.15747626 -0.13945002 -0.09477365  0.31749298
 -0.1781246   0.22525905  0.37300313 -0.33809489 -0.24587873  0.43591406
  0.03796206]",11926.135852086141,40804.24197301698,31.76195041500614,2.4548656141978765e-07,0.0012550263386699402,22837.994667995725,39464.27791611124
280,"[2.74448878e+04 9.17024122e+04 2.28304195e+04 8.84200874e+04
 4.17038847e+03 3.54669310e+03 2.94922113e+04 3.78691801e+04
 9.48698288e+02 3.32922229e+04 1.82396817e+04 1.18333668e+03
 1.00000000e+00]","[ 0.05028396  0.41317447  0.35717971 -0.22846688 -0.27308798 -0.21080159
 -0.5226675   0.33203776  0.00485844 -0.07182669  0.32627328 -0.18076242
  0.01507297]",25846.052772633033,41167.017260897774,31.648395260010147,2.4548656141978765e-07,0.0012550263386699402,22719.925216636984,42036.52245938379
281,"[4.08355967e+04 1.76808183e+03 7.24754197e+03 8.81137878e+04
 4.70124538e+04 2.93982972e+03 7.25856124e+04 1.47011334e+04
 9.52566538e+02 1.41398219e+04 1.08928134e+05 1.18333668e+03
 1.00000000e+00]","[ 0.35780047 -0.41017257  0.36518917 -0.11317585  0.39268408 -0.11447271
  0.21803087 -0.07018016  0.10464051 -0.32971083  0.45961664  0.08169949
 -0.01472277]",85078.30666453145,40462.09988970439,34.60523424099665,2.4548656141978765e-07,0.0012550263386699402,22651.255739817392,39303.17705795382
282,"[1.89583794e+04 1.25887478e+03 4.84750016e+03 1.28168515e+05
 3.33668492e+04 3.32852746e+03 5.60106410e+04 7.93962373e+03
 7.12934410e+04 1.52043236e+04 3.34496214e+04 1.18333668e+03
 1.00000000e+00]","[ 0.04992497  0.08091633  0.45096588  0.2356605   0.29686794  0.02592869
  0.1805578  -0.26464946  0.55782025 -0.18005295  0.3674903   0.20742752
 -0.13766927]",101011.53844421003,43707.56268848581,33.48534726598882,2.4548656141978765e-07,0.0012550263386699402,22756.814557561538,43053.059961150255
283,"[3.52624882e+04 8.73151342e+04 2.45172774e+04 1.22345464e+05
 4.51284992e+04 3.29456134e+03 2.55582585e+04 4.67926978e+03
 1.44347228e+03 2.16218894e+04 3.76279780e+03 1.34404807e+03
 1.00000000e+00]","[ 0.19207953  0.41590711  0.47082383  0.16451622  0.32669529  0.17690727
 -0.41028909 -0.07542085  0.27920534 -0.24067705 -0.1947751   0.20664689
  0.1131958 ]",73990.31903800546,41940.543104797194,31.899907290993724,2.4548656141978765e-07,0.0012550263386699402,22751.244224612812,41204.77531659264
284,"[1.44121232e+04 1.63960124e+03 3.31239428e+03 1.12415326e+05
 5.76647856e+04 3.36319406e+03 2.59394097e+04 9.17945874e+04
 1.59857121e+03 1.91901341e+04 6.53453306e+03 2.12042005e+04
 1.00000000e+00]","[-0.43363634  0.02858897 -0.0101743  -0.05994066  0.24151832 -0.34960564
 -0.52078683  0.26603526  0.14308941 -0.35447221  0.0968584   0.352832
  0.06999876]",12229.193453762085,40492.26538172906,30.47332918801112,2.4548656141978765e-07,0.0012550263386699402,22744.902102745444,39394.61088247938
285,"[2.14296411e+04 1.22178390e+04 1.07711047e+03 2.58963726e+05
 1.67980442e+04 2.91847402e+03 1.32395810e+04 2.20682934e+04
 9.48698288e+02 3.77133669e+04 1.06372000e+04 1.18333668e+03
 1.00000000e+00]","[ 0.18028659  0.3932021  -0.06899676  0.36894083 -0.21549147 -0.24703091
 -0.66822448  0.05083031  0.12708572  0.20084906  0.23590885 -0.01194496
 -0.05617524]",102259.94833029325,37789.58251339986,35.664989785000216,2.4548656141978765e-07,0.0012550263386699402,22662.510914380364,41996.34756931839
286,"[6.41543203e+04 6.62342090e+03 1.80990300e+03 8.89589048e+04
 3.35325117e+03 5.01642593e+03 4.73547375e+04 1.00619805e+04
 9.48698288e+02 2.03371504e+04 3.38552354e+04 6.06151651e+04
 1.00000000e+00]","[ 0.23946171  0.23682282 -0.03448785 -0.18996585 -0.42862181 -0.11839384
 -0.04382433 -0.100941   -0.13963946 -0.29825427  0.3688425   0.52678282
  0.34271486]",33067.862299480024,39523.181620683594,32.435677129018586,2.4548656141978765e-07,0.0012550263386699402,22655.738156504154,40117.62825697519
287,"[2.50647030e+04 1.00801263e+03 1.23066222e+04 6.14132521e+04
 7.13300740e+04 8.32915565e+03 7.73392781e+04 3.70611384e+04
 3.51655357e+04 1.49330028e+04 7.02295429e+03 1.21847758e+03
 1.00000000e+00]","[ 0.11858097 -0.21132739  0.30861481 -0.37436326  0.26380814  0.40284576
  0.14662867  0.27457042  0.42918553 -0.38862725  0.06696777 -0.08689883
 -0.17277898]",36908.60548110957,40876.41840697314,34.62091585501912,2.4548656141978765e-07,0.0012550263386699402,22613.473307829267,39080.92516051882
288,"[1.43479037e+04 2.21356753e+03 3.67783038e+03 2.10396810e+05
 9.77715117e+03 3.94186757e+03 2.77867658e+04 4.32694509e+03
 4.49685747e+04 1.58797394e+04 7.42484451e+03 1.26749459e+03
 1.00000000e+00]","[-0.32247473  0.15535649  0.26732163  0.23132055 -0.47212933 -0.18526299
 -0.36580393 -0.08728231  0.41942542 -0.41187868  0.04745682  0.0022681
 -0.02064305]",42156.440865445016,37951.293940588956,32.80891389399767,2.4548656141978765e-07,0.0012550263386699402,22611.77041767962,40976.208746949465
289,"[2.13058839e+04 1.42884573e+03 8.39585218e+04 1.10060483e+05
 1.78395573e+04 3.36117584e+03 3.35012480e+04 4.81546843e+04
 2.39845185e+03 2.25058463e+04 1.30234343e+04 1.18333668e+03
 1.00000000e+00]","[-0.17343176 -0.06624398  0.5589655   0.08031004  0.08606921 -0.01490362
 -0.20707262  0.38376471  0.53996786 -0.07908255  0.29728492 -0.17420329
  0.17975575]",68188.30526274878,38871.216207173115,31.11228165499051,2.4548656141978765e-07,0.0012550263386699402,22713.50774841811,42341.04349739486
290,"[1.64701932e+04 1.84274900e+03 1.71211850e+04 6.27631843e+04
 7.69661872e+03 1.20816073e+04 7.88045967e+04 9.56186951e+04
 9.48698288e+02 2.90943081e+04 6.18559691e+03 7.59136485e+03
 1.00000000e+00]","[-0.60033924 -0.07323996  0.18362473 -0.55134626 -0.32839093  0.02211734
  0.12594768  0.21304519 -0.29651779 -0.0602886   0.02829557  0.18174102
 -0.03948612]",-13927.680445633454,37986.022389313315,32.93281298101647,2.4548656141978765e-07,0.0012550263386699402,22618.906460973172,39373.31409091434
291,"[2.03829024e+04 1.68322543e+03 7.14475519e+04 1.04105796e+05
 6.45848331e+03 3.82000535e+03 1.49994043e+04 2.66936038e+04
 9.48698288e+02 5.61376845e+04 3.11877543e+04 1.92730741e+03
 1.00000000e+00]","[-0.29356604 -0.10109499  0.47855844  0.03412995 -0.22261332  0.05232568
 -0.55376173  0.1961516  -0.24944603  0.11762539  0.23498432  0.3803061
 -0.00917414]",41711.2567226742,39258.600908359884,32.77872475297772,2.4548656141978765e-07,0.0012550263386699402,22565.67388989613,40049.59881732125
292,"[1.93903619e+04 9.98049803e+04 1.27407089e+03 8.69856264e+04
 2.41769707e+04 3.30019314e+03 4.53072568e+04 1.54152707e+04
 9.52899869e+02 6.76300161e+04 3.60482105e+04 1.42538168e+03
 1.00000000e+00]","[ 0.06255982  0.62002062  0.14753501 -0.03417995  0.17007629  0.03313973
  0.02329214  0.23565983  0.11897456  0.42258205  0.55213915  0.0596782
  0.03839169]",117899.70192434902,38576.7538302044,29.73228837098577,2.4548656141978765e-07,0.0012550263386699402,22543.255325062994,40086.79308653755
293,"[1.31952556e+04 8.35103054e+02 3.58022211e+03 8.19302291e+04
 2.40129614e+04 2.05161683e+04 6.11662597e+04 5.03740687e+04
 1.15739779e+03 1.45385881e+04 2.96504091e+04 4.46017557e+04
 1.00000000e+00]","[-0.5363333  -0.2603682  -0.03341079 -0.28706988  0.09404387  0.32346097
 -0.01803344  0.26678907  0.17478386 -0.34998761  0.27102138  0.38032298
 -0.07012733]",10409.721697861753,43691.385038348606,29.324664265994215,2.4548656141978765e-07,0.0012550263386699402,22603.591261256686,39316.74060181877
294,"[1.52664548e+04 2.83464208e+03 1.16065356e+03 1.05111123e+05
 1.57489915e+05 2.82801687e+03 6.52419909e+04 9.08373659e+03
 1.88832179e+03 3.81284963e+04 6.41855387e+03 1.18333668e+03
 1.00000000e+00]","[-0.17191663  0.45182286  0.11944093  0.15670834  0.47453703  0.01873698
  0.33342599 -0.38341932  0.3034003   0.30020419  0.02821474 -0.12363594
  0.21331009]",120379.15669939853,38774.31878051984,30.791121187008685,2.4548656141978765e-07,0.0012550263386699402,22553.582275109686,40810.80586971462
295,"[1.28280657e+04 6.48776598e+03 1.16065356e+03 1.34193111e+05
 2.41971750e+04 1.54270516e+04 4.11321334e+04 1.23955570e+05
 9.48698288e+02 1.37446950e+04 1.58134932e+04 1.18333668e+03
 1.00000000e+00]","[-0.42093918  0.29050475  0.0129873   0.20001466  0.08678729  0.34604711
 -0.08190294  0.35899879 -0.04132974 -0.45201972  0.28823648 -0.20050218
  0.32567226]",69979.11242494058,40757.06178225683,32.35564213999896,2.4548656141978765e-07,0.0012550263386699402,22398.787569343865,40270.70169923154
296,"[3.37559007e+04 1.96698550e+03 1.91428169e+03 1.07989057e+05
 2.44667796e+04 4.85969664e+03 2.93536498e+04 7.17880435e+03
 7.61111691e+04 2.09302477e+04 3.52473123e+04 1.18333668e+03
 1.00000000e+00]","[ 0.25379432 -0.14079612  0.14405053  0.00712655  0.12799588  0.28438211
 -0.49300097  0.03017543  0.56482772 -0.17643317  0.37812689 -0.24524783
  0.02148152]",51929.03284578607,37752.53552312223,31.09846338198986,2.4548656141978765e-07,0.0012550263386699402,22308.854102865127,38513.50833530077
297,"[1.76845032e+04 9.89313282e+02 2.36046336e+03 1.04126663e+05
 6.67291678e+04 3.74102549e+03 2.35592880e+04 6.36895662e+03
 6.99078487e+04 3.80685389e+04 3.31749607e+03 1.52944942e+03
 1.00000000e+00]","[-0.20701939 -0.03727679  0.03913622 -0.05958717  0.36009269 -0.10190252
 -0.67132533 -0.05166378  0.52503258  0.08960779 -0.11331871  0.20496897
 -0.13686219]",37744.88156551015,37484.43438267585,33.33573291701032,2.4548656141978765e-07,0.0012550263386699402,22443.056877347448,38239.30046827627
298,"[6.83799826e+04 2.15791341e+03 3.99501166e+03 6.57152895e+04
 3.15607838e+03 8.60448783e+03 8.21986222e+04 1.99735808e+04
 2.95071107e+04 7.43397592e+03 6.75507667e+03 4.44155354e+03
 1.00000000e+00]","[ 0.15582105 -0.58987465 -0.15018437 -0.35240911 -0.31719213  0.01798799
  0.07301816  0.08230328  0.16502461 -0.51302084 -0.21371769  0.10524236
  0.14424132]",-7497.416475022169,37335.43809994309,31.368049575015903,2.4548656141978765e-07,0.0012550263386699402,22346.975082555437,42330.49270372453
299,"[4.13594336e+04 1.25497931e+04 3.80938355e+03 9.00136715e+04
 2.24635868e+04 6.74571797e+04 1.69811145e+04 4.76696171e+03
 6.29320436e+03 2.81820746e+04 8.93697931e+02 1.32462065e+03
 1.00000000e+00]","[ 0.11045005  0.20580973 -0.2070378  -0.23702368  0.12103559  0.34567889
 -0.67999885 -0.03641534  0.33764077 -0.09447766 -0.24716167  0.15521909
  0.20104992]",-1209.1634855130872,40788.31984475415,34.06780243900721,2.4548656141978765e-07,0.0012550263386699402,22397.745373142316,38580.02347738548
300,"[1.92681502e+04 1.85532988e+03 3.38894303e+03 9.69749064e+04
 1.59773364e+04 1.05726079e+04 4.30450322e+04 7.62973081e+03
 1.29110281e+04 1.60859978e+04 1.21720849e+05 4.20778659e+03
 1.00000000e+00]","[-0.09976419  0.22044633  0.13873892 -0.10749695 -0.0147846   0.32722632
 -0.13071994 -0.18873797  0.39936369 -0.41091177  0.37354004  0.50965419
 -0.15172895]",30847.19910598138,39836.15773311985,31.06464816298103,2.4548656141978765e-07,0.0012550263386699402,22346.290718233402,41031.16581596626
301,"[2.19025292e+04 9.79963606e+02 5.83995356e+04 1.86020963e+05
 1.03499926e+04 3.15140762e+03 3.01253551e+04 2.94244629e+04
 9.48698288e+02 3.79962802e+04 1.74587951e+03 1.19742114e+03
 1.00000000e+00]","[ 0.15878391  0.06582341  0.67094998  0.39561153 -0.16532586  0.15308488
 -0.03563176  0.33342338 -0.14853442  0.35669938 -0.18844252 -0.12466454
 -0.01467791]",136760.22187451183,38030.30366905138,37.35035222201259,2.4548656141978765e-07,0.0012550263386699402,22356.450417060376,39311.46127306105
302,"[1.43052532e+04 2.32810344e+03 1.05281925e+03 1.08110284e+05
 2.39893259e+04 2.86740273e+03 5.41219348e+04 1.57711723e+04
 5.34801780e+03 1.50042237e+05 4.00182122e+04 1.16589661e+03
 1.00000000e+00]","[-0.18394141 -0.01558224 -0.3833063   0.26629321  0.24877284 -0.04908627
  0.23284177  0.32568895  0.46099236  0.41101547  0.36643499 -0.08592416
 -0.01989347]",127982.31390946293,40552.905862752086,32.27755871301633,2.4548656141978765e-07,0.0012550263386699402,22297.79464646588,38458.81573069702
303,"[3.52982963e+04 1.86117434e+03 1.11969732e+03 7.98761671e+04
 4.93294089e+04 5.32674278e+04 6.90271946e+04 4.90019201e+03
 1.04470856e+03 7.45809982e+04 1.13841024e+04 1.16223364e+03
 1.00000000e+00]","[ 0.30241028 -0.01043248 -0.04525141 -0.05166853  0.29783399  0.50221043
  0.28760199 -0.39397875  0.18951048  0.32382475  0.04959757 -0.17250394
 -0.38970896]",90555.5191205969,38543.0606856942,34.74556912301341,2.4548656141978765e-07,0.0012550263386699402,22369.403091448065,42417.25750623793
304,"[5.54181611e+04 1.91252121e+04 1.06990541e+03 7.21895132e+04
 3.93555763e+04 2.99703358e+03 1.53159043e+05 2.41858588e+04
 9.48698289e+02 1.24631683e+04 7.84793917e+03 2.63639800e+03
 1.00000000e+00]","[ 0.29028519  0.33998197 -0.05166836 -0.28310703  0.22224396  0.0591618
  0.37814418  0.21970937  0.01040751 -0.56061774 -0.08928461  0.18355695
 -0.34220515]",67056.25697144485,39586.84151921572,35.84099504200276,2.4548656141978765e-07,0.0012550263386699402,22161.750349384904,41381.41926500312
305,"[9.38870505e+03 2.54299864e+04 1.14494682e+03 1.23035034e+05
 3.84659725e+04 3.17436574e+03 3.52990420e+04 4.03814967e+04
 9.48698288e+02 4.75631535e+04 1.04988726e+04 5.12877654e+04
 1.00000000e+00]","[-3.96500820e-01  3.75413371e-01 -2.19445527e-01  1.87679345e-01
  3.06020855e-01  1.91438496e-01 -2.05895788e-04  3.50178407e-01
 -9.76765114e-02  2.49310934e-01  1.20843559e-01  5.15418637e-01
  1.16590840e-01]",94645.41115922357,41228.599792506735,32.860230693011545,2.4548656141978765e-07,0.0012550263386699402,22225.463719960077,39763.331461853515
306,"[2.73828930e+04 9.85707851e+02 1.03353567e+03 1.51750998e+05
 7.33266186e+04 2.13650968e+04 2.49641557e+04 2.74559988e+04
 8.54230999e+02 8.14222367e+04 4.35268618e+03 2.35258595e+02
 1.00000000e+00]","[ 0.26308386 -0.28562031  0.21403175  0.27011832  0.31885867  0.46342715
 -0.0168993   0.28404766  0.34642085  0.31215806  0.04466062 -0.25211898
  0.22365503]",114641.15844873911,41230.109077326575,31.58501820699894,2.4548656141978765e-07,0.0012550263386699402,22089.99283623122,40946.250251393954
307,"[1.69747608e+04 2.32567513e+03 2.49654557e+03 8.61154618e+04
 7.06293013e+04 3.73920858e+03 6.58746107e+04 1.25114119e+04
 9.11945624e+03 1.41823356e+04 3.75824562e+03 6.11853863e+04
 1.00000000e+00]","[-0.29850739  0.20388416  0.04332353 -0.24903736  0.3263364  -0.21459215
  0.05856678 -0.2131251   0.34591667 -0.4799591  -0.15863904  0.45785593
 -0.1386108 ]",21272.72454803291,41720.09446418598,31.67386603500927,2.4548656141978765e-07,0.0012550263386699402,22049.51035260757,37374.22822477171
308,"[2.36607943e+04 8.67150478e+02 8.49075753e+03 6.78960566e+04
 2.51748996e+04 7.37005040e+03 7.82377791e+04 3.35948241e+04
 9.48698290e+02 7.16787836e+04 8.68029773e+04 1.14860677e+03
 1.00000000e+00]","[ 0.17797459 -0.33270276  0.39924698 -0.07573509  0.11008616  0.41179818
  0.29553559  0.32152104  0.28225754  0.31225791  0.35105374  0.14024384
 -0.00219276]",95183.82240926132,37778.33865491746,35.341899493010715,2.4548656141978765e-07,0.0012550263386699402,22230.702789142393,37261.73833558773
309,"[2.65582164e+04 1.17016641e+03 1.17710396e+03 1.08282376e+05
 1.34737852e+05 1.13279038e+04 5.89529287e+04 6.99888930e+03
 8.61828406e+02 5.44837004e+04 9.00848591e+02 2.09041000e+03
 1.00000000e+00]","[ 0.2426037  -0.17556747  0.28779609  0.15393469  0.35118541  0.46048689
  0.25672071 -0.25341258  0.00566112  0.31168979 -0.19531614  0.44495351
 -0.07056632]",106881.01496941838,42849.80737749797,29.83916433400009,2.4548656141978765e-07,0.0012550263386699402,22149.861300756547,39173.40142486441
310,"[2.40990158e+04 1.16381508e+05 1.63082922e+04 8.96483362e+04
 6.78082024e+03 5.69815200e+03 3.87122011e+04 1.13300070e+04
 9.52235821e+02 3.74446901e+04 2.77516259e+03 7.66803318e+03
 1.00000000e+00]","[-0.08819505  0.53141447  0.34020136 -0.26367483 -0.24686751  0.04115362
 -0.38134994 -0.07728425  0.03900132  0.05141343 -0.15979185  0.51358533
 -0.13058836]",30010.414043800316,38436.38388365397,31.454348113009473,2.4548656141978765e-07,0.0012550263386699402,22158.8574313645,39400.88987974219
311,"[1.26999313e+04 8.25599145e+02 5.83500397e+03 9.65656577e+04
 4.83477070e+03 4.50019548e+03 2.24722334e+04 3.67185662e+03
 2.22720907e+04 2.22684550e+04 1.84937429e+04 2.82048317e+04
 1.00000000e+00]","[-0.42999574 -0.36329519 -0.18269766 -0.2631689  -0.25407505 -0.28096915
 -0.49225843 -0.21189923 -0.09530323 -0.33719836 -0.00690569 -0.06939339
 -0.14872109]",-58289.57106012523,40088.04074131264,33.34222815799876,2.4548656141978765e-07,0.0012550263386699402,21944.879545850592,38736.931544062856
312,"[3.45720125e+04 5.10076925e+03 6.15784859e+03 5.84212214e+04
 8.02071010e+04 3.73920858e+03 5.37029961e+04 2.09981216e+04
 4.21811718e+04 2.55100430e+04 1.10544592e+04 1.18333668e+03
 1.00000000e+00]","[ 0.13432799  0.24650191  0.20815542 -0.55029749  0.25681451 -0.38222058
 -0.10830965  0.12034965  0.45846837 -0.18573411  0.21776636 -0.18865142
  0.09525517]",7698.579437727381,41875.99748887886,36.589923102990724,2.4548656141978765e-07,0.0012550263386699402,22031.88437196975,39199.094368223814
313,"[1.78788458e+04 9.11301297e+02 1.28607126e+03 1.35643885e+05
 1.26806483e+04 4.31546153e+03 2.59460054e+04 3.87842981e+04
 9.48698287e+02 2.27168836e+04 9.90295284e+04 1.19908877e+04
 1.00000000e+00]","[-0.19037991 -0.16633089 -0.14103071  0.19700909 -0.12528578 -0.1254119
 -0.37062139  0.39096169 -0.20224116 -0.25083742  0.40266629  0.50743041
  0.17973507]",66473.93068777061,38928.559354229445,28.94547493601567,2.4548656141978765e-07,0.0012550263386699402,22127.08651380344,38965.93956313962
314,"[9.64633041e+04 9.86822878e+03 1.05281925e+03 1.25938967e+05
 7.30617271e+03 8.88710555e+03 3.44870304e+04 8.82295210e+03
 1.42983774e+03 2.55154066e+04 7.16430252e+04 1.28520469e+03
 1.00000000e+00]","[ 0.42763588  0.39552745 -0.189177    0.29042074 -0.37838574  0.21077255
 -0.00648776 -0.02895875  0.26137897  0.17716796  0.46254165  0.18776257
  0.05625742]",118433.299475936,38454.960131297776,31.889321134018246,2.4548656141978765e-07,0.0012550263386699402,21972.76247342503,44072.91172857018
315,"[1.33213857e+05 1.02859382e+04 1.39712982e+03 6.39812975e+04
 1.45789568e+04 5.41150764e+03 3.57448395e+04 4.33741116e+04
 1.28362963e+04 2.55671852e+04 4.35720866e+03 1.32741199e+03
 1.00000000e+00]","[ 0.2634527   0.06273481 -0.08426631 -0.68223323 -0.36319583 -0.11839237
 -0.21407458  0.28118762  0.34184755 -0.13494113 -0.21592005 -0.03347804
  0.02192149]",-9465.791451615194,39125.733891443306,35.92847850499675,2.4548656141978765e-07,0.0012550263386699402,21923.482051631272,38141.55303970874
316,"[1.60959802e+05 1.13217458e+04 1.06990542e+03 7.81555457e+04
 3.39706435e+04 2.65691493e+03 2.85780559e+04 2.75867176e+04
 9.48698288e+02 3.88971455e+04 7.09556058e+03 2.17421384e+03
 1.00000000e+00]","[ 0.51791577  0.06845086 -0.04033043  0.0185914   0.35544324  0.0676953
 -0.20586204  0.33523671  0.11692493  0.33925053  0.28410892  0.47813715
  0.03639785]",117530.23902348148,37405.22636555327,37.215639667003416,2.4548656141978765e-07,0.0012550263386699402,21976.877667061566,40547.654461247585
317,"[2.38016141e+04 6.17543005e+03 2.08528259e+04 7.51983444e+04
 3.19692157e+04 3.16012449e+03 8.07632235e+04 1.39311708e+04
 1.04470856e+03 1.92175341e+04 3.04576302e+04 5.46170527e+04
 1.00000000e+00]","[ 0.03887241  0.31812845  0.47012394 -0.18554913  0.23053165 -0.20842301
  0.26603208 -0.2969268   0.17492897 -0.13299684  0.31232092  0.48302458
 -0.08467133]",56321.30315635931,43540.43926222064,33.64614491199609,2.4548656141978765e-07,0.0012550263386699402,21906.556032284607,38642.352407633865
318,"[1.44413943e+05 6.82283100e+03 1.22055277e+03 7.02124921e+04
 2.13625833e+04 1.25925345e+04 8.40946701e+04 1.83114448e+04
 4.07727596e+03 2.46664864e+04 4.36073467e+03 2.26219785e+03
 1.00000000e+00]","[ 0.33727102 -0.2550119   0.14801122 -0.22678612  0.07709142  0.45053193
  0.29339006  0.16938344  0.36901971 -0.08563303 -0.21394554  0.41465796
  0.25092798]",65716.2366632228,37741.74663108841,32.55178615398472,2.4548656141978765e-07,0.0012550263386699402,21816.37186030558,38397.117527774935
319,"[2.96833136e+04 1.65994679e+03 2.36853224e+03 6.14512947e+04
 6.28304180e+04 4.17334480e+04 4.43238406e+04 7.56433539e+03
 1.04470856e+03 4.41686011e+04 4.45800440e+04 1.18333668e+03
 1.00000000e+00]","[ 0.13900427 -0.10009203  0.08124431 -0.59254247  0.25893873  0.42531307
 -0.04747671 -0.37324557 -0.32516748 -0.07127002  0.30900622 -0.10611976
  0.07671933]",6993.60196636273,38627.630502927066,33.14983726601349,2.4548656141978765e-07,0.0012550263386699402,21952.861388854642,37775.45879593435
320,"[1.06162856e+04 9.00194776e+04 4.19849960e+03 9.51098300e+04
 1.20734209e+04 2.30408035e+04 3.47415425e+04 4.05332196e+04
 9.48698287e+02 3.30932650e+04 1.56786849e+04 1.18333668e+03
 1.00000000e+00]","[-0.60804534  0.34419045 -0.14335263 -0.17722127 -0.05488827  0.41560991
 -0.27388328  0.29210758  0.01374684 -0.10268112  0.25484139 -0.21696939
  0.03195301]",18663.391077952674,37462.38010800337,31.390016651013866,2.4548656141978765e-07,0.0012550263386699402,21757.979511438272,40061.436206339815
321,"[2.51109137e+04 3.21245527e+03 2.90831502e+04 7.97685517e+04
 1.77735200e+04 6.32442410e+03 2.93390887e+04 4.61127341e+04
 5.33371532e+04 3.08116973e+04 1.57562568e+03 2.71982664e+03
 1.00000000e+00]","[-0.11992857  0.20328615  0.41023621 -0.2693456   0.11036034  0.1791869
 -0.42077066  0.26896705  0.42893188 -0.0550589  -0.12801806  0.29363031
 -0.34662818]",13017.824125556997,41504.5251328162,32.12413834698964,2.4548656141978765e-07,0.0012550263386699402,21935.61266395346,39602.43703434213
322,"[1.44432172e+05 1.03047982e+04 4.25193012e+03 1.00369319e+05
 1.00182214e+04 2.79008950e+03 1.44622259e+04 3.46532886e+04
 9.48698287e+02 4.96564926e+04 4.39461508e+03 1.16861543e+03
 1.00000000e+00]","[ 0.43584527 -0.06827209  0.10297059  0.20320244 -0.21797341 -0.07514781
 -0.58684281  0.45152296  0.00875531  0.36843007 -0.0598292  -0.07826228
 -0.0808993 ]",105794.77508364763,37201.22391797004,38.25538153699017,2.4548656141978765e-07,0.0012550263386699402,21694.489191245415,38772.82597002307
323,"[1.42349754e+04 8.39660555e+02 1.49295874e+03 1.43962105e+05
 1.34752409e+05 2.35145059e+04 3.02114330e+04 6.50966724e+03
 1.39534616e+03 1.98791099e+04 3.14539597e+03 1.24263235e+03
 1.00000000e+00]","[-0.37043663 -0.11048743  0.08550199  0.1937264   0.39209626  0.52263988
 -0.22605516 -0.03946177  0.45484701 -0.224914   -0.19956996 -0.16783012
  0.02667207]",76017.51182581519,37697.210015926525,30.380701758986106,2.4548656141978765e-07,0.0012550263386699402,21904.49428299009,36779.54882822721
324,"[1.63095468e+04 9.41204340e+02 1.49727979e+04 1.17488804e+05
 1.30163029e+05 3.06102559e+03 1.99834735e+04 2.19487938e+04
 9.48698288e+02 4.54778496e+04 1.64065999e+04 2.26859480e+03
 1.00000000e+00]","[-0.28301464 -0.26973778  0.47136726  0.1193057   0.36145755  0.01662517
 -0.41000775  0.10582526 -0.17980273  0.09929655  0.25834279  0.42845795
 -0.08935301]",66989.35931287352,38834.60863114455,31.87242900498677,2.4548656141978765e-07,0.0012550263386699402,21736.41045036208,39068.10083051193
325,"[2.39431770e+04 7.14098392e+03 9.87172060e+02 1.18777553e+05
 9.91715732e+03 1.86783041e+04 1.65198152e+05 1.11593284e+04
 6.42735028e+02 5.27453957e+04 1.00874327e+03 1.58766822e+03
 1.00000000e+00]","[ 0.22689374  0.34122593  0.02837275  0.26931519 -0.07695885  0.50651436
  0.37838305 -0.01491462 -0.03799422  0.35584392 -0.16099791  0.44419441
 -0.03969018]",130212.71043325293,36124.70757405249,33.83169359099702,2.4548656141978765e-07,0.0012550263386699402,21819.878698084533,37325.53218144787
326,"[8.67839915e+04 1.90729251e+03 6.04025603e+04 9.86991681e+04
 2.97020363e+03 4.23365575e+03 4.36070621e+04 4.27531092e+04
 4.31117695e+02 1.23902469e+04 3.41282969e+03 1.04892102e+03
 1.00000000e+00]","[ 0.30183723 -0.27410714  0.44087221  0.18907143 -0.26162999  0.34973132
  0.07401525  0.30588593 -0.20599676 -0.4071014  -0.17956787 -0.26893198
 -0.03318582]",81943.69818308392,37625.04906563573,35.382747388997814,2.4548656141978765e-07,0.0012550263386699402,21872.174027145207,38804.83973907521
327,"[1.98821015e+04 1.04875380e+03 1.17484826e+03 8.05174075e+04
 2.80286569e+04 2.99508129e+03 4.59978550e+04 5.78473429e+04
 1.44868238e+03 1.52024328e+05 7.78440231e+03 1.39992880e+03
 1.00000000e+00]","[ 0.05324481 -0.1067674   0.01991606 -0.20439411  0.22941569 -0.27670205
 -0.037682    0.57642808  0.32532541  0.57947753 -0.16475428  0.10772077
  0.01812998]",109160.05249536008,37826.274966021185,31.091073788993526,2.4548656141978765e-07,0.0012550263386699402,21848.461122613266,39122.64694579344
328,"[1.38423217e+04 5.72076829e+03 2.58670180e+03 1.09216947e+05
 5.83457480e+04 1.26352158e+04 3.74229932e+04 6.77412540e+03
 1.56705794e+03 1.89076991e+04 1.06233471e+05 1.40294409e+03
 1.00000000e+00]","[-0.48329933  0.3345019  -0.10814253 -0.0311942   0.33663661  0.23888072
 -0.21721072 -0.31143147  0.19074696 -0.34422388  0.36048033  0.14009586
 -0.15118431]",36240.12972225113,38683.229500515794,30.28818839698215,2.4548656141978765e-07,0.0012550263386699402,21813.788927526617,38474.42609465544
329,"[1.97922430e+04 6.68287389e+03 5.45889530e+04 9.93972583e+04
 6.53013083e+04 2.92945965e+03 1.92977455e+04 2.14751903e+03
 3.29615633e+03 1.92235115e+04 2.06534540e+04 1.59479233e+03
 1.00000000e+00]","[-0.38557244  0.12971335  0.25989899 -0.13145602  0.14084408 -0.37916082
 -0.59571501 -0.27565304 -0.15138319 -0.24520333  0.13488014  0.12268201
  0.19731738]",-11875.661312873859,36237.6776336169,36.78561835299479,2.4548656141978765e-07,0.0012550263386699402,21648.63041373352,37972.9784245941
330,"[2.00930266e+04 9.98907496e+04 2.25636594e+03 8.90975199e+04
 3.84590944e+03 4.04537999e+03 6.20705148e+04 3.60120800e+04
 1.71664418e+04 1.40114696e+04 1.13878278e+04 1.74449579e+03
 1.00000000e+00]","[-0.0814759   0.40088605  0.16666846 -0.215994   -0.30116713 -0.1368902
 -0.04295294  0.27188193  0.4545006  -0.48334798  0.12188378  0.31088532
  0.14599165]",27912.352986893347,38504.237176608316,28.693043837993173,2.4548656141978765e-07,0.0012550263386699402,21780.54779055938,36801.86546758702
331,"[1.83533691e+04 2.18557758e+03 1.11969732e+03 7.61780493e+04
 2.56934288e+04 2.68254282e+03 7.58498215e+04 1.33543057e+04
 9.48698287e+02 1.51580912e+05 3.93436655e+04 1.17638891e+03
 1.00000000e+00]","[-0.1779201   0.20950578 -0.04085053 -0.25947393  0.0907302  -0.21929191
  0.38504335 -0.31112331 -0.12616539  0.51129166  0.48396841  0.01252009
  0.20581598]",100612.43260774223,36596.32981626452,33.704075123008806,2.4548656141978765e-07,0.0012550263386699402,21631.28279707214,37942.885648846364
332,"[1.88266415e+04 2.16550747e+03 2.51838013e+03 9.05024728e+04
 3.78071211e+03 4.78623963e+03 2.73395875e+04 3.45811082e+04
 9.48698288e+02 6.87821962e+04 8.64771141e+03 7.53594885e+04
 1.00000000e+00]","[-0.09261711  0.25924258  0.11040727 -0.11199995 -0.34331255 -0.01062705
 -0.48383334  0.27009915  0.06792858  0.26660831 -0.28078602  0.53270008
 -0.19013803]",39841.19957553132,40628.7991254955,30.864819650014397,2.4548656141978765e-07,0.0012550263386699402,21627.17439471597,37036.80218200284
333,"[2.33370466e+04 7.00835505e+03 1.13819275e+03 1.04394333e+05
 8.11971757e+03 3.19605626e+03 7.61890421e+04 2.77464342e+04
 9.48698291e+02 2.04242479e+04 6.25636982e+03 8.73207894e+04
 1.00000000e+00]","[ 0.1479443   0.39988205 -0.08409683  0.2223174  -0.26641747 -0.19296665
  0.29621874  0.27467057 -0.11857298 -0.32692698  0.0606105   0.58091225
 -0.16802438]",101092.86240931314,38863.296267318816,30.579740568005946,2.4548656141978765e-07,0.0012550263386699402,21601.884064607344,40920.40617375971
334,"[1.75638855e+04 2.07768589e+03 3.34589983e+03 7.08565713e+04
 6.52862940e+03 1.25329619e+04 3.88119271e+04 7.56873010e+03
 1.29462377e+04 7.63737694e+04 9.16507574e+04 3.56194103e+03
 1.00000000e+00]","[-0.48185408 -0.06216706  0.00391897 -0.52958107 -0.38965198  0.10181971
 -0.1706428  -0.28139205  0.10540622  0.26306971  0.28221712 -0.02294508
  0.22911774]",-8883.975115716048,37882.787085837976,29.891088849981315,2.4548656141978765e-07,0.0012550263386699402,21561.36166307283,39663.82522632947
335,"[1.77942896e+04 2.21700683e+03 1.14888386e+03 1.19729328e+05
 1.33476037e+04 1.95246009e+04 2.60713045e+04 4.96257269e+03
 5.10488210e+03 1.48731946e+05 3.04011459e+04 1.18333668e+03
 1.00000000e+00]","[ 0.05432117  0.22932379 -0.09754843  0.23301088 -0.01020055  0.48247862
 -0.22984701 -0.25656801  0.51756038  0.3855739   0.27820374 -0.16437348
  0.09028643]",99532.1183004554,38195.97299906064,33.24591964200954,2.4548656141978765e-07,0.0012550263386699402,21614.107024219596,35490.144562806236
336,"[1.82095491e+04 2.10816535e+03 1.30798791e+03 7.63056423e+04
 4.16314782e+04 1.30054105e+04 1.89257528e+05 1.33890304e+04
 1.04470856e+03 2.11934602e+04 3.77306481e+03 2.07207067e+03
 1.00000000e+00]","[-0.30631844  0.18933481 -0.00310516 -0.27001846  0.21242856  0.4137449
  0.3317447  -0.34785866 -0.31327843 -0.23007709 -0.08858168  0.38128889
  0.21383179]",41818.1962569891,38020.44910514139,32.69469491799828,2.4548656141978765e-07,0.0012550263386699402,21527.731932413524,36059.71840081779
337,"[1.83348723e+04 6.04760161e+04 1.14888386e+03 2.02661849e+05
 1.31130637e+04 1.45241918e+04 4.02365410e+04 2.63502281e+04
 9.48698290e+02 1.41378366e+04 4.70758599e+03 2.27415611e+03
 1.00000000e+00]","[ 0.11144753  0.43973558 -0.21567344  0.33459464 -0.09492121  0.31699261
  0.03322492  0.26333227 -0.18151666 -0.60686163 -0.22004191  0.07039179
  0.03462002]",98206.02764600325,38132.70290521477,32.6387587999925,2.4548656141978765e-07,0.0012550263386699402,21433.420284356962,36774.47560087908
338,"[1.22923928e+04 1.08774177e+05 1.13457632e+03 9.00177462e+04
 9.59311548e+03 4.53302358e+03 7.85726900e+04 3.52513928e+04
 2.85857941e+03 3.63148801e+04 1.57007489e+04 1.80304051e+03
 1.00000000e+00]","[-0.44657627  0.47481923 -0.16951253 -0.12769319 -0.22791888 -0.2514004
  0.28187498  0.40062499 -0.0719416   0.11651908  0.37140337 -0.07490823
  0.11255765]",77137.89692767439,39206.48442062698,30.068047451000893,2.4548656141978765e-07,0.0012550263386699402,21412.102188729787,36819.17589396839
339,"[1.90800472e+04 1.86595904e+03 2.24505823e+03 1.68428996e+05
 9.77508678e+03 3.94186757e+03 4.63047790e+04 4.15046122e+04
 4.13300146e+04 6.47539850e+03 2.83574828e+04 1.18333668e+03
 1.00000000e+00]","[ 0.06380272  0.20043091  0.27502697  0.22362676 -0.37500244  0.0857453
 -0.03432504  0.27633236  0.44935434 -0.55513717  0.27280265 -0.13647824
  0.03803724]",68977.6291972057,37788.656584360186,34.205881194007816,2.4548656141978765e-07,0.0012550263386699402,21489.594842015005,42718.78711187703
340,"[1.90476329e+04 9.81700163e+02 1.85331842e+03 6.61257683e+04
 6.39433309e+04 4.94610130e+04 3.49332787e+04 3.14043170e+04
 9.48698288e+02 7.04158295e+04 1.07698231e+04 1.24263235e+03
 1.00000000e+00]","[-0.25485262 -0.18987474  0.09529264 -0.50095259  0.30009422  0.54300143
 -0.21961335  0.27319756  0.0096281   0.30069965 -0.11086794  0.138914
  0.09532962]",29126.022393045543,40601.909270365475,33.30969621098484,2.4548656141978765e-07,0.0012550263386699402,21498.403957123883,39127.09983729209
341,"[1.34519867e+04 1.80763589e+04 1.08200579e+03 2.03973984e+05
 1.07141749e+04 2.79707643e+03 1.25141384e+05 1.27753248e+04
 9.48698289e+02 2.21136219e+04 4.47598149e+03 1.20656569e+03
 1.00000000e+00]","[-0.25973404  0.52973828  0.14907046  0.45784495 -0.24972141 -0.02458203
  0.48934389 -0.01554911  0.0444036  -0.16554134 -0.15726225 -0.2511738
  0.01456025]",153300.22510836704,37784.160765238106,34.638225324015366,2.4548656141978765e-07,0.0012550263386699402,21508.539137880765,38249.19961102508
342,"[7.04188581e+04 5.08130331e+04 6.45416014e+03 1.43025957e+05
 2.28232198e+04 1.66340508e+04 1.58884228e+04 7.05326795e+03
 3.62428100e+03 3.31564627e+04 1.11064389e+03 3.82208392e+03
 1.00000000e+00]","[ 0.21667366  0.27433489  0.22342349  0.18290615  0.11004871  0.25445555
 -0.62045669 -0.17007556  0.3093313   0.16073138 -0.26109049  0.33375445
 -0.05088138]",59922.65840063683,39567.11838828886,36.170600034005474,2.4548656141978765e-07,0.0012550263386699402,21518.005552365048,36919.55440819579
343,"[4.65625087e+04 1.06757300e+04 1.33910986e+04 4.89435258e+04
 4.75874425e+04 3.16563047e+03 6.11662598e+04 7.23676780e+04
 9.48698288e+02 5.48739359e+04 5.63858268e+03 1.21621538e+03
 1.00000000e+00]","[ 0.19086726  0.32355906  0.32530431 -0.55180091  0.20534337 -0.2173543
  0.03595546  0.34072641 -0.08119651  0.27192354 -0.33889182 -0.20363867
  0.07017375]",38317.14670386252,40762.782833696096,36.836371128010796,2.4548656141978765e-07,0.0012550263386699402,21415.6652040989,39346.79140641431
344,"[2.92580872e+04 3.22989413e+03 4.43747455e+03 4.97743158e+04
 6.37740163e+03 4.27821220e+04 8.21540257e+04 1.63554281e+04
 9.48698288e+02 2.50683838e+04 2.16280005e+04 1.18333668e+03
 1.00000000e+00]","[ 0.04623439  0.14043903 -0.20162069 -0.82220135 -0.33192027  0.17501496
  0.10218324 -0.03210812 -0.17681492 -0.1029321   0.13787831 -0.10137812
  0.19507218]",-26658.341559388646,37582.63215851353,37.93187127599958,2.4548656141978765e-07,0.0012550263386699402,21359.147886578685,36769.00245864887
345,"[2.71721035e+04 1.52401282e+03 3.86711418e+03 5.55573409e+04
 3.72905076e+03 3.96820466e+04 5.96374675e+04 8.08192415e+03
 2.44747356e+04 6.62007410e+04 8.57477763e+03 1.18333668e+03
 1.00000000e+00]","[ 0.15140697  0.02779743  0.06941869 -0.63830233 -0.41493218  0.36030726
  0.05250114 -0.23953612  0.30490338  0.22242743 -0.08807332 -0.20514483
 -0.09822986]",4097.255697334847,40411.27123876421,33.504147908999585,2.4548656141978765e-07,0.0012550263386699402,21416.388683370955,37826.90962911032
346,"[7.91199483e+04 5.50442719e+03 3.63719004e+03 2.18767971e+05
 1.55945975e+04 2.71630657e+03 1.96427260e+04 1.24776682e+04
 1.06538057e+03 1.93299405e+04 1.79661659e+04 1.18333668e+03
 1.00000000e+00]","[ 0.48107757 -0.1048341   0.08708212  0.42605045 -0.21042546 -0.25379037
 -0.50674867 -0.07443625  0.0219774  -0.16738227  0.37814953  0.11011939
  0.11758116]",119867.36801345038,40883.071196745674,36.44197413601796,2.4548656141978765e-07,0.0012550263386699402,21410.42739257487,39104.18139772161
347,"[2.64160928e+04 1.53061881e+03 1.16065356e+03 1.23592771e+05
 7.02574919e+04 3.01296569e+03 3.44959232e+04 2.80395970e+04
 9.48698288e+02 2.28479091e+04 3.55780025e+03 6.52956818e+04
 1.00000000e+00]","[ 0.28492005 -0.01106621 -0.07048872  0.22180321  0.39879857 -0.30072732
 -0.13706474  0.30885544 -0.17174514 -0.11548761 -0.14845397  0.65563921
 -0.07837094]",105366.0859403669,37062.750916666264,32.12621601799037,2.4548656141978765e-07,0.0012550263386699402,21406.270557009302,40595.16783328122
348,"[2.48716614e+04 2.37097529e+03 9.01399065e+04 7.82599920e+04
 1.27657274e+04 7.30208809e+03 7.00007808e+04 1.22821848e+04
 2.30018870e+03 3.45789553e+04 2.41119283e+04 1.18333668e+03
 1.00000000e+00]","[ 0.05926433  0.3359147   0.50853863 -0.16400031  0.11458082  0.39996337
  0.20352445 -0.15886155  0.42893587  0.10621447  0.3460429  -0.07769515
  0.19321759]",64865.82223480786,37364.915579104636,31.308953388012014,2.4548656141978765e-07,0.0012550263386699402,21328.42543096406,37817.652724977226
349,"[2.00508718e+04 2.43589626e+03 1.14356740e+03 7.72497868e+04
 3.76278967e+04 2.68254284e+03 6.48400447e+04 3.72482827e+04
 1.11710131e+03 3.93326957e+04 1.20840720e+05 1.18333668e+03
 1.00000000e+00]","[ 0.00465888  0.42840275 -0.08271753 -0.21523284  0.39678049 -0.16400849
  0.13089068  0.40068459  0.30357528  0.12281082  0.48738858  0.22260806
  0.08321982]",86646.99563900562,35932.77361704227,35.23709683099878,2.4548656141978765e-07,0.0012550263386699402,21425.927082105798,41620.894770928746
350,"[4.80868407e+04 3.36275551e+03 1.05281925e+03 1.02584431e+05
 2.85905033e+04 2.89209151e+03 1.64744613e+05 1.28919372e+04
 9.48698288e+02 1.53183243e+04 3.47220983e+04 1.18333668e+03
 1.00000000e+00]","[ 0.41772913  0.01439692 -0.08708582  0.23448762  0.2633466   0.1938742
  0.46433237  0.13317965  0.02982789 -0.11665539  0.47577198  0.36645543
 -0.21748556]",145596.4517238658,39357.577056988346,35.94119533299818,2.4548656141978765e-07,0.0012550263386699402,21227.784955326275,35364.784865195674
351,"[1.36013612e+05 8.93452968e+03 8.28866881e+03 7.94434562e+04
 3.86299796e+04 3.01815660e+03 3.17020168e+04 5.11505292e+04
 9.48698288e+02 1.45014368e+04 3.95931117e+03 2.55774954e+03
 1.00000000e+00]","[ 0.36897386 -0.24872873  0.22345793 -0.10738982  0.27121445 -0.21306459
 -0.22240482  0.37335436 -0.19368083 -0.50616644 -0.24403096  0.22356659
  0.17165443]",55246.4007761995,40806.980358519955,36.18162346200552,2.4548656141978765e-07,0.0012550263386699402,21333.04677408978,36349.80320407793
352,"[1.80528857e+04 1.41531206e+03 8.83192972e+04 1.35186914e+05
 3.43334760e+04 9.60409439e+03 3.82637996e+04 9.07100836e+03
 9.48698287e+02 2.71103779e+04 4.43857351e+03 1.19140768e+03
 1.00000000e+00]","[-0.28366644 -0.06089662  0.67447744  0.330312    0.30944565  0.44705191
  0.02960049  0.05754973  0.14458337  0.16382184  0.0067997   0.06017972
  0.02427272]",120268.92375457841,39342.79150660198,31.994113288994413,2.4548656141978765e-07,0.0012550263386699402,21285.56453372464,36525.0051501165
353,"[1.40215086e+04 1.73580253e+03 2.45749097e+03 1.85819693e+05
 8.94408113e+03 6.76211362e+04 2.99375839e+04 4.38607537e+03
 8.25624330e+02 4.14422891e+04 5.29130540e+02 1.21191951e+03
 1.00000000e+00]","[-0.22834018  0.04044195  0.29510904  0.31656137 -0.22166009  0.57454535
 -0.13601685 -0.3086443  -0.03198026  0.31469663 -0.38786274  0.08944844
 -0.08620955]",100778.63296478239,36805.91227871708,34.513663394987816,2.4548656141978765e-07,0.0012550263386699402,21218.4897800592,38236.8517974562
354,"[1.16897224e+04 7.84532095e+02 5.91838423e+03 7.84941606e+04
 7.28402973e+04 5.86485402e+04 7.32524941e+04 2.90515966e+04
 9.48698249e+02 3.52240568e+04 2.21529419e+03 1.20761981e+03
 1.00000000e+00]","[-0.43485963 -0.32373302  0.45354807 -0.10827757  0.30225023  0.46842827
  0.16284698  0.23191472  0.08163002  0.20293666 -0.08043386  0.20536251
  0.03301847]",64298.361274830975,35128.96512523743,34.53251369702048,2.4548656141978765e-07,0.0012550263386699402,21187.26217213603,37592.08310745682
355,"[7.51659316e+04 3.07044209e+04 1.05281926e+03 9.32958959e+04
 3.39679897e+04 2.65280656e+03 1.46803200e+04 4.42127532e+04
 9.48698289e+02 7.00696693e+04 3.04298240e+04 1.39262560e+03
 1.00000000e+00]","[ 0.34900785  0.42184575  0.03929247  0.07813465  0.22695185  0.14201985
 -0.33771324  0.42159243 -0.09433479  0.34521524  0.39963197  0.2032835
 -0.00459039]",104828.35878608953,38205.6664280534,33.53268276900053,2.4548656141978765e-07,0.0012550263386699402,21222.885566761448,36639.468238738176
356,"[1.86644106e+04 1.65362676e+03 1.26553706e+03 1.13558023e+05
 1.96680373e+04 3.13321595e+03 3.63578369e+04 1.48430282e+04
 1.43130726e+03 7.64176102e+04 1.43358387e+04 7.59522175e+04
 1.00000000e+00]","[ 0.14324879  0.13950485 -0.1144438   0.2140502   0.24135219 -0.11040654
 -0.01002981  0.24810742  0.43058138  0.3979835   0.22449096  0.59633219
  0.1385838 ]",114326.02660574936,39081.82677489694,34.046280993003165,2.4548656141978765e-07,0.0012550263386699402,21276.452675568373,36725.60790972508
357,"[1.24243253e+04 1.23920126e+03 2.09580697e+03 1.74148516e+05
 6.71028464e+03 1.91762720e+04 3.88803869e+04 2.84995302e+04
 5.22954715e+04 3.16377974e+04 3.41195812e+03 1.19140768e+03
 1.00000000e+00]","[-0.39366238 -0.07531711  0.19653974  0.28588431 -0.28988047  0.46910775
  0.01808668  0.27009286  0.51731886  0.1942412  -0.02191033 -0.06739512
  0.17680185]",93709.13130578084,36864.359600825905,31.276021923986264,2.4548656141978765e-07,0.0012550263386699402,21204.087180344617,39054.881243449185
358,"[1.39716297e+05 2.51982721e+03 4.99071832e+03 9.05556904e+04
 1.21930615e+04 2.62318285e+03 7.76551178e+04 1.69675626e+04
 9.48698288e+02 4.53609223e+04 1.81677420e+04 1.18319498e+03
 1.00000000e+00]","[ 0.49319524 -0.28628769  0.20161829  0.21849598  0.04924844 -0.25950719
  0.39462349  0.14252255  0.03565984  0.37121296  0.42318734  0.10417536
 -0.10764248]",146644.74312461368,36526.77578906019,32.30863825700362,2.4548656141978765e-07,0.0012550263386699402,21224.19610168467,36843.41266694205
359,"[3.42855429e+04 2.82197881e+03 7.52934974e+04 9.62365914e+04
 1.62731280e+04 4.63172718e+03 4.26610554e+04 4.62984283e+04
 2.07413431e+03 7.44985057e+03 3.43185452e+03 4.35545001e+03
 1.00000000e+00]","[ 0.06139261  0.1840088   0.36778473  0.01714959  0.08608864  0.19072155
 -0.03353482  0.23028942  0.35703917 -0.6895983  -0.13774001  0.32388789
 -0.04438208]",40023.14605420868,37996.42383040661,33.18545500098844,2.4548656141978765e-07,0.0012550263386699402,21147.44744393338,36195.60747107411
360,"[9.96536371e+03 3.10829027e+04 2.94886865e+04 7.84565666e+04
 2.74298496e+04 5.58715221e+03 3.96753687e+04 4.40604115e+04
 1.19973466e+04 1.43331468e+04 3.80156888e+03 2.97270325e+03
 1.00000000e+00]","[-7.05832244e-01  1.40588138e-01  2.12205360e-01 -3.59252350e-01
 -3.22950258e-04 -1.16980391e-02 -2.62912848e-01  1.26076489e-01
  1.02866002e-01 -4.05259426e-01 -1.24432036e-01 -1.63596054e-01
 -7.56534201e-02]",-35076.394482686206,37907.58208097458,33.365402597002685,2.4548656141978765e-07,0.0012550263386699402,21214.543437250784,37033.12508512642
361,"[5.09210411e+04 1.73667828e+03 2.94591003e+04 1.96146846e+05
 3.63532557e+03 2.24246461e+03 7.34745389e+04 1.49401670e+04
 6.45889468e+02 1.14292747e+04 1.05573510e+04 1.16582088e+03
 1.00000000e+00]","[ 0.30461554  0.04661199  0.49095475  0.34269962 -0.43506819  0.01912463
  0.28730972 -0.0011033  -0.13476366 -0.46825066  0.17970713 -0.05874937
  0.03453771]",113219.53016105351,36105.479082328864,34.24109397499706,2.4548656141978765e-07,0.0012550263386699402,21125.733284952374,37225.71895166715
362,"[5.09284040e+04 3.04177766e+03 4.96134992e+04 7.79147429e+04
 5.29848835e+03 4.33264989e+03 3.77254876e+04 7.88136475e+03
 4.31855264e+04 1.56329439e+04 1.06645529e+04 1.21524098e+03
 1.00000000e+00]","[ 0.14506322 -0.00947988  0.37857021 -0.48383063 -0.08773845 -0.22073234
 -0.28825377 -0.06305691  0.46315224 -0.44911288  0.13126794 -0.11218679
 -0.10928211]",-10105.08196204418,38020.47110073625,30.341346725006588,2.4548656141978765e-07,0.0012550263386699402,21061.337530032804,35979.11866710879
363,"[1.27804685e+05 1.00521261e+04 1.08200579e+03 1.14816732e+05
 1.34328000e+04 3.71172665e+04 2.74349660e+04 8.08680334e+03
 9.12665588e+02 1.33546733e+04 1.96250156e+04 1.18333668e+03
 1.00000000e+00]","[ 0.4048944   0.14913381  0.07293925  0.21603035  0.10200997  0.61078275
 -0.27291628  0.08174335 -0.15254369 -0.31227693  0.40262274  0.07252589
 -0.09514191]",99021.41779078955,38385.98898992897,34.04914903998724,2.4548656141978765e-07,0.0012550263386699402,21154.940721608633,40416.56633207864
364,"[2.95182411e+04 1.73446631e+03 2.60328675e+03 6.46254378e+04
 1.48071887e+04 5.58178788e+03 7.70590118e+04 1.45506851e+04
 1.04470856e+03 3.21185086e+04 2.16719503e+03 7.51284874e+04
 1.00000000e+00]","[ 0.11967037 -0.14228626 -0.07346168 -0.7237834  -0.06383574 -0.28246393
  0.07128278 -0.360589   -0.15040873 -0.14116207 -0.07160702  0.41042455
 -0.0329039 ]",-19967.80298015807,36862.044184549646,31.637726845016005,2.4548656141978765e-07,0.0012550263386699402,21043.986658609523,34881.25340300021
365,"[4.98714889e+04 3.04455287e+03 1.13995724e+03 6.25553016e+04
 1.02932582e+05 1.41655653e+04 6.11662596e+04 4.65513028e+04
 9.48698288e+02 3.89020935e+04 1.20559770e+03 1.24263235e+03
 1.00000000e+00]","[ 0.2959922  -0.15215891 -0.30957749 -0.23411732  0.38280139  0.47899042
  0.08523599  0.37730887  0.02283956  0.26752528 -0.29309729  0.1368571
  0.19043095]",78511.67973082287,35685.30996653857,35.3155020189879,2.4548656141978765e-07,0.0012550263386699402,21068.315227728395,38017.40746379979
366,"[1.07792917e+05 1.92181456e+04 1.22668288e+03 9.91762909e+04
 1.05009056e+04 2.91597635e+03 4.98841046e+04 3.59490903e+03
 1.03915442e+03 8.98997628e+04 2.04150619e+03 5.82813686e+03
 1.00000000e+00]","[ 0.39855436  0.41262336  0.09650444  0.23051259 -0.07870313 -0.07922032
  0.17025658 -0.4187476  -0.14058869  0.38423878 -0.18689476  0.35751034
 -0.24797666]",115899.94143684836,35911.93361773428,34.4565063570044,2.4548656141978765e-07,0.0012550263386699402,21080.500348489353,38113.79113453247
367,"[1.68984206e+04 1.15688615e+04 8.75047826e+02 1.56313333e+05
 2.40320518e+04 1.73149636e+04 2.49544351e+04 3.33634323e+04
 7.04267423e+02 1.16121947e+05 1.21390722e+04 1.00505756e+03
 1.00000000e+00]","[ 0.10740374  0.41585384 -0.08675029  0.33022735  0.23664156  0.52461738
 -0.03207222  0.34955036  0.13537866  0.40749129  0.19146548 -0.1227138
 -0.09177884]",133416.31709055896,41387.46964695719,34.96391249401495,2.4548656141978765e-07,0.0012550263386699402,20924.094542369665,36606.06219096236
368,"[1.35855451e+04 9.15521889e+04 1.34288739e+03 1.24835959e+05
 1.13263693e+04 5.39914325e+03 2.37451630e+04 4.00958835e+04
 1.51513038e+03 4.18024362e+04 1.74870492e+04 5.45949367e+03
 1.00000000e+00]","[-0.48098259  0.39367152 -0.01788842  0.13278783 -0.2546233  -0.17410078
 -0.54036612  0.33421095 -0.04554804 -0.01673134  0.24857738  0.1583363
  0.08759916]",47248.18854045292,38318.09252363985,31.895914032997098,2.4548656141978765e-07,0.0012550263386699402,20952.59470863519,38129.70414138773
369,"[8.94890957e+04 1.38699955e+04 1.06491962e+03 1.34128202e+05
 8.11469068e+04 2.68266410e+03 4.91462212e+04 9.75823946e+03
 9.48698288e+02 6.51892590e+03 1.58494186e+04 1.12035198e+03
 1.00000000e+00]","[ 0.38241066  0.39319866 -0.08608003  0.28958071  0.39727633 -0.08341252
  0.20761423 -0.08060376  0.19671464 -0.50199929  0.02415096 -0.25582069
 -0.19177056]",116865.50471783086,36637.92310480421,33.59093715902418,2.4548656141978765e-07,0.0012550263386699402,21023.1285390101,35763.843371733055
370,"[2.11161300e+04 1.08219745e+03 2.23578407e+03 7.51738228e+04
 2.16403674e+04 3.83851464e+03 5.37252339e+04 1.18971644e+04
 8.35622107e+04 4.82464584e+04 2.72264319e+04 2.87144200e+03
 1.00000000e+00]","[ 0.08862006 -0.14628897  0.31427094 -0.33258244  0.18419359  0.02705274
  0.04236365 -0.00719633  0.57608206  0.09612442  0.31946456  0.52835042
  0.0504074 ]",46685.79965184037,38240.91973655462,32.19348343499587,2.4548656141978765e-07,0.0012550263386699402,21038.37686126681,36149.13928542839
371,"[3.99499601e+04 8.20560786e+04 1.16065356e+03 5.88010929e+04
 5.07728372e+04 3.44233575e+03 7.92584490e+04 1.80232473e+04
 9.48698289e+02 3.03786023e+04 7.06485410e+03 4.38045549e+03
 1.00000000e+00]","[ 0.12429958  0.390202   -0.2518348  -0.74269002  0.26225308 -0.09731005
  0.16201041 -0.03863669 -0.12869725 -0.03189343  0.07244428  0.27549944
 -0.11210888]",18773.162331907173,38707.39406675687,32.62277248298051,2.4548656141978765e-07,0.0012550263386699402,20929.212411841556,36002.06833487226
372,"[1.87081707e+04 2.57916867e+03 1.37597059e+03 1.00732519e+05
 6.00373344e+03 1.21112697e+04 1.81636438e+05 3.14428073e+04
 9.48698291e+02 1.49468749e+04 2.72253820e+04 1.80964656e+03
 1.00000000e+00]","[ 0.02597005  0.22190681  0.30298647  0.18289534 -0.3605215   0.28647733
  0.35288538  0.31675378 -0.18358326 -0.04279914  0.35965034  0.44665622
 -0.15342959]",105046.07244957131,36644.32322806641,30.402447297004983,2.4548656141978765e-07,0.0012550263386699402,20941.147956854024,35899.198927027406
373,"[1.07070099e+04 3.48932004e+03 1.24309174e+03 1.01049689e+05
 5.03479036e+03 8.25038790e+04 5.18906665e+04 1.28249549e+04
 9.48698289e+02 5.99668970e+04 3.10545999e+04 2.36864707e+03
 1.00000000e+00]","[-0.50245231  0.08006369 -0.11661234  0.08853962 -0.19533234  0.47530408
  0.13148218  0.1129236   0.20969384  0.22485825  0.29527819  0.4696037
  0.1527619 ]",74168.66997325538,37487.9120677497,32.72260677302256,2.4548656141978765e-07,0.0012550263386699402,21058.452078151844,34953.982589329695
374,"[5.77111537e+04 1.13315320e+05 1.06414137e+04 9.48488488e+04
 9.04106277e+03 7.45142988e+03 3.95138600e+04 1.08940492e+04
 9.52033541e+02 2.51866898e+04 4.11038603e+03 1.19292184e+03
 1.00000000e+00]","[ 0.23249414  0.48514779 -0.27973231 -0.20152791 -0.17584551 -0.11089512
 -0.39145665 -0.19346737 -0.32984828 -0.29121931 -0.24168129 -0.24565836
 -0.21321511]",17373.43556150915,36166.35435223191,30.000473510997836,2.4548656141978765e-07,0.0012550263386699402,20936.635642907,36460.39023782064
375,"[1.83768301e+04 8.97888549e+04 2.75432944e+03 1.06395995e+05
 6.01313920e+03 2.29498750e+04 2.62523039e+04 3.69823823e+04
 9.48698288e+02 5.29332996e+04 6.29806423e+03 1.24263235e+03
 1.00000000e+00]","[ 0.0016734   0.37763766  0.29023399  0.10594955 -0.28333121  0.46158489
 -0.2949251   0.30891623  0.26593055  0.24009728 -0.1408782  -0.37002153
 -0.03240859]",70196.34963327194,35426.89306492302,31.92855877202237,2.4548656141978765e-07,0.0012550263386699402,20840.80380313888,34734.62853426825
376,"[1.00732498e+05 6.70675637e+03 2.27182052e+03 7.69295338e+04
 1.47399317e+04 4.19147286e+03 2.90580640e+04 4.83239707e+03
 1.49260982e+04 3.26949144e+04 3.66214769e+03 3.93172752e+04
 1.00000000e+00]","[ 0.26364235 -0.32739958 -0.12352959 -0.4034648  -0.13096105 -0.18961672
 -0.37734983 -0.22653566  0.38771719 -0.06153943 -0.12356779  0.45057912
  0.16136903]",-704.0694381896808,39498.020195512,32.20737425601692,2.4548656141978765e-07,0.0012550263386699402,20963.353048061632,36664.26939965096
377,"[1.86747269e+04 1.01740313e+03 3.40188323e+03 6.00361122e+04
 4.94964271e+04 3.21978855e+03 6.89690431e+04 1.15507256e+05
 9.48698288e+02 3.97668974e+04 1.78626573e+04 1.80304051e+03
 1.00000000e+00]","[-0.43715609 -0.13804345  0.17397079 -0.60600646  0.26842541 -0.14548338
  0.05883397  0.37150736 -0.13616753 -0.04198563  0.30757887  0.19881868
 -0.05651648]",19746.308963959964,35929.627782605225,30.53734971198719,2.4548656141978765e-07,0.0012550263386699402,20799.718759946263,37094.47073827106
378,"[2.24402600e+04 5.57977360e+04 8.24714728e+03 7.28491517e+04
 3.76646591e+03 7.98253223e+03 4.49990351e+04 7.88034970e+03
 3.28314663e+04 1.40713984e+04 1.46209355e+04 1.62867229e+03
 1.00000000e+00]","[-0.13845399  0.14856602 -0.19439493 -0.46486769 -0.22664326 -0.32824257
 -0.24072604 -0.40499122  0.05293073 -0.50197254 -0.00513003 -0.25247905
 -0.07238727]",-53595.425590487524,36466.73078248135,28.40301989298314,2.4548656141978765e-07,0.0012550263386699402,20829.41382999769,35033.31397998687
379,"[1.73956526e+04 1.14052652e+05 5.06738923e+03 9.62037501e+04
 7.59663337e+03 3.94913498e+03 8.99812957e+04 1.57235239e+04
 6.36678725e+03 1.91840732e+04 4.80508015e+03 1.48775021e+03
 1.00000000e+00]","[-0.31400619  0.4450907   0.20128991 -0.05318372 -0.26872734 -0.15588455
  0.36284486 -0.18853219  0.07637476 -0.54535992 -0.23209934 -0.19346927
 -0.04101313]",56853.70779025573,36487.82885035489,32.807234062987845,2.4548656141978765e-07,0.0012550263386699402,20762.510485829673,34794.33363619845
380,"[1.80915218e+04 4.31091156e+03 2.42661082e+03 7.09556137e+04
 8.56145980e+03 7.76061906e+04 5.57406765e+04 7.95971415e+03
 1.04470856e+03 7.34894268e+04 1.15804590e+04 1.18333668e+03
 1.00000000e+00]","[-0.28051651  0.31954604 -0.23094407 -0.48355166 -0.17080672  0.47739297
  0.09642443 -0.38423465 -0.0913038   0.29453846  0.03688936 -0.09118352
 -0.11517802]",21203.364874636856,34718.5676173744,33.27124079197529,2.4548656141978765e-07,0.0012550263386699402,20821.58092896632,38727.91939394559
381,"[6.36899537e+04 7.48644949e+03 1.05281925e+03 1.10362514e+05
 1.38012678e+04 1.13747094e+04 3.03189929e+04 4.01992565e+04
 1.24455735e+03 1.24890957e+05 3.51773226e+03 1.17081971e+03
 1.00000000e+00]","[ 0.35175184  0.33663208 -0.13637829  0.22188052  0.11216588  0.43768423
 -0.04990033  0.35332413  0.42287709  0.40863937 -0.13286841  0.00722335
  0.0112016 ]",119586.67924023372,35025.81738854037,36.04556234899792,2.4548656141978765e-07,0.0012550263386699402,20775.096785697737,38037.624394931045
382,"[5.08949972e+04 1.67028295e+03 2.42307307e+04 2.22901832e+05
 3.51096852e+04 2.76663830e+03 1.85461638e+04 1.13175624e+04
 9.48698289e+02 1.57453826e+04 3.84940050e+03 1.79496093e+03
 1.00000000e+00]","[ 0.32841956 -0.13817497  0.4106847   0.30696741  0.26608196 -0.24462646
 -0.44566275 -0.02387278 -0.08327335 -0.42844296 -0.28924341 -0.07023168
 -0.03519079]",86924.14254277674,35884.22237331586,33.123308651993284,2.4548656141978765e-07,0.0012550263386699402,20754.215922421994,35452.37745215699
383,"[1.08141117e+04 8.27390681e+03 7.03239677e+03 2.07878029e+05
 6.38657996e+04 1.97991538e+04 2.05614573e+04 6.28042227e+03
 1.17880372e+03 1.58539576e+04 1.74123295e+04 1.18333668e+03
 1.00000000e+00]","[-0.31548666  0.28128837  0.43348602  0.24219351  0.26543045  0.27888772
 -0.42082058 -0.21432194 -0.29978399 -0.16052862  0.25970198 -0.0843745
  0.11540193]",66309.64160158811,38232.14663532195,35.6909479930182,2.4548656141978765e-07,0.0012550263386699402,20837.432199524545,36555.38661030492
384,"[1.21580878e+04 5.90363180e+04 1.14888386e+03 2.16057948e+05
 1.24601469e+04 9.54879790e+03 2.96043258e+04 7.14593517e+03
 1.59997504e+03 3.45440594e+04 1.06598734e+03 1.98745599e+03
 1.00000000e+00]","[-0.39277048  0.43892566 -0.15697874  0.34456025 -0.34731278  0.03747591
 -0.21992407 -0.15265322  0.02322649  0.24158993 -0.4157435   0.26635895
  0.11539666]",92299.54839702824,35454.20297010569,33.44060377799906,2.4548656141978765e-07,0.0012550263386699402,20772.66570864983,34773.0120734659
385,"[1.40032417e+04 1.46095091e+03 2.27975123e+03 2.10148484e+05
 1.46838265e+04 2.75612869e+03 3.97428584e+04 9.04548161e+03
 1.30249670e+03 3.13984070e+04 7.87114481e+04 1.39992881e+03
 1.00000000e+00]","[-5.29013360e-01 -1.73539544e-01  2.84458465e-01  4.14662783e-01
 -2.46888841e-01 -1.87825327e-01  4.55657722e-04 -2.55737167e-01
  3.10553192e-02  1.49649268e-01  5.01169045e-01  2.25520716e-02
 -2.22384009e-02]",117908.2031359723,36627.43954090217,33.35002961801365,2.4548656141978765e-07,0.0012550263386699402,20797.298795914543,36125.073347887446
386,"[1.53001943e+04 5.39060712e+03 1.15178365e+03 9.07304088e+04
 2.54412525e+04 4.65878458e+03 3.38963934e+04 7.65517772e+03
 3.57984392e+03 1.56307499e+05 4.00474659e+04 2.88695988e+03
 1.00000000e+00]","[-0.39499205  0.42131558 -0.14989093 -0.07055362  0.09455087  0.00254819
 -0.27603181 -0.23950874  0.17644576  0.50446899  0.44268846  0.06537498
  0.10322776]",78282.4129597504,35217.06255392749,37.69897499302169,2.4548656141978765e-07,0.0012550263386699402,20729.28434136355,36079.67339569991
387,"[1.19827644e+05 6.10970942e+03 2.88114799e+04 1.10286049e+05
 2.54805077e+04 1.69773422e+03 2.88673971e+04 4.41287878e+04
 1.39103598e+03 1.26702342e+04 8.35747765e+03 1.12820039e+03
 1.00000000e+00]","[ 0.35077765 -0.20758579  0.42826673  0.20155461  0.24142922 -0.04355538
 -0.03865234  0.2974454   0.46694246 -0.35435416  0.14048228 -0.0197198
 -0.3097537 ]",90731.43956996495,35165.762555588575,37.18726652901387,2.4548656141978765e-07,0.0012550263386699402,20529.542067069524,34506.19212317221
388,"[1.80665533e+04 7.58846663e+04 1.14855319e+03 8.29124118e+04
 6.85509509e+04 3.49099911e+03 3.88213856e+04 1.58857723e+04
 8.83307079e+03 6.54792924e+04 1.02502477e+04 1.18333668e+03
 1.00000000e+00]","[-0.06377087  0.44593079 -0.13107791 -0.20823358  0.43533259  0.24892822
 -0.13126534  0.12233719  0.51208279  0.33660028 -0.04145652  0.04788035
  0.27077659]",69026.08198595076,36707.53897020813,35.43576162998215,2.4548656141978765e-07,0.0012550263386699402,20574.464025317346,36267.501638369984
389,"[7.49084119e+04 3.54955425e+03 8.15483886e+04 9.38595024e+04
 1.66108951e+04 3.05025630e+03 2.08059055e+04 3.21996810e+03
 7.82474940e+02 2.91791935e+04 5.20805313e+03 1.18667433e+03
 1.00000000e+00]","[ 0.31804533 -0.15022581  0.61130252 -0.03393264  0.20128144  0.04206726
 -0.58456482 -0.02396732  0.09836957  0.10032673  0.13071909  0.02714706
 -0.28159612]",64906.22655217065,35502.654984912915,32.24249358798261,2.4548656141978765e-07,0.0012550263386699402,20552.46464446663,34744.05669540931
390,"[2.93166456e+04 2.05390186e+03 1.08200580e+03 1.18988164e+05
 7.54776216e+03 2.91007260e+03 5.69002873e+04 4.33896945e+04
 9.48698290e+02 3.81477666e+04 1.01808655e+05 7.22411999e+03
 1.00000000e+00]","[ 0.31392568  0.06801161  0.05602004  0.26959224 -0.24091943 -0.16328479
  0.22684276  0.39608687  0.01906271  0.254279    0.4095      0.52905152
 -0.12390871]",124512.48347285055,38057.91038027052,36.93602152800304,2.4548656141978765e-07,0.0012550263386699402,20582.067784663206,36287.691295843586
391,"[2.56979503e+04 1.42762708e+03 1.23699541e+03 1.85168565e+05
 6.39719598e+03 1.54274659e+04 3.78131911e+04 1.88390954e+04
 9.48698288e+02 3.23207727e+04 9.23747289e+02 5.28664557e+04
 1.00000000e+00]","[ 0.24947965 -0.07060102 -0.28755871  0.29247305 -0.24631768  0.42698787
  0.03127612  0.23049443  0.30828505  0.22839582 -0.19740561  0.51458962
 -0.12834409]",105344.43197382083,35447.381785237536,33.69582958801766,2.4548656141978765e-07,0.0012550263386699402,20499.912178130267,36457.300763532374
392,"[1.78408860e+04 2.01022347e+03 1.29051654e+04 1.06576505e+05
 1.53087649e+04 2.64512172e+03 1.81482399e+05 2.85396430e+04
 9.48698287e+02 2.23852559e+04 2.28105047e+04 1.14577295e+03
 1.00000000e+00]","[-0.18766117  0.09646624  0.53579373  0.25418383  0.1709695  -0.14573929
  0.42407006  0.34853133 -0.27391676  0.11936609  0.38707891 -0.05889835
  0.0971362 ]",131164.70828965513,37122.747802268364,29.476371162978467,2.4548656141978765e-07,0.0012550263386699402,20543.022873761896,36334.35843085908
393,"[1.42607894e+04 5.26572854e+04 8.26994385e+03 1.09373830e+05
 6.36957699e+03 2.45601912e+04 1.63571436e+04 1.74242450e+03
 1.05051272e+04 2.70918424e+04 2.70347927e+04 1.31365077e+03
 1.00000000e+00]","[-0.30315857  0.13972444 -0.14406    -0.12321977 -0.3639494  -0.02723005
 -0.59568102 -0.51334229  0.08011653 -0.19421699  0.13093862 -0.13002921
  0.15128558]",-26310.061762598318,34262.17240599521,29.823891840991564,2.4548656141978765e-07,0.0012550263386699402,20543.778532606393,35414.3201086355
394,"[2.11471387e+04 9.81938235e+02 1.18920434e+03 6.94986528e+04
 4.54669605e+04 2.76348445e+03 1.88909985e+05 1.58011009e+04
 9.48698294e+02 4.31532356e+04 6.74335656e+03 1.18333668e+03
 1.00000000e+00]","[ 0.11457077 -0.15113983 -0.01717676 -0.55186274  0.31846225 -0.32571574
  0.54578001  0.05624483  0.04791766  0.38262784 -0.00746661 -0.04266751
 -0.00762194]",97927.95527791914,36426.28664176642,37.93390797500615,2.4548656141978765e-07,0.0012550263386699402,20561.526179063923,38118.52459967413
395,"[1.29833949e+05 8.02094044e+03 4.09646695e+03 6.24299290e+04
 2.33493241e+04 7.34446354e+03 3.87860500e+04 1.19753211e+04
 9.48698288e+02 6.37024593e+04 2.36997457e+04 1.80304051e+03
 1.00000000e+00]","[ 0.42918759 -0.12528335  0.01650427 -0.6336061  -0.13522608  0.23358971
 -0.02015739  0.00922662 -0.20588535  0.35546259  0.32146657  0.08238404
 -0.21485109]",43332.19514827623,33468.90389285048,34.56725775398081,2.4548656141978765e-07,0.0012550263386699402,20431.447837531374,33733.597836858884
396,"[1.22503628e+05 5.78587169e+03 1.95838253e+04 7.56866410e+04
 2.11452159e+04 3.99120211e+03 2.74471543e+04 4.48242970e+03
 1.32003242e+03 7.68173612e+04 1.40959770e+04 2.03111439e+03
 1.00000000e+00]","[ 0.36309119 -0.34937977  0.29404247 -0.23467289  0.1101896   0.25790868
 -0.23984168 -0.37105286 -0.11809789  0.34543104  0.16347627  0.41160771
  0.03589185]",55088.177296414506,36628.11640471517,35.40344472901779,2.4548656141978765e-07,0.0012550263386699402,20424.813045538227,37137.201686702974
397,"[6.93461353e+04 3.24517351e+03 3.05863708e+04 8.70484489e+04
 2.85902944e+03 3.53699897e+03 4.25291004e+04 7.65171280e+03
 1.04470856e+03 2.25359700e+04 9.34511565e+04 1.18333668e+03
 1.00000000e+00]","[ 0.34380717  0.08727895  0.5312047  -0.11530362 -0.37934481  0.0677567
  0.03637978 -0.20324786  0.33359254 -0.14519788  0.49430262  0.0427364
  0.09513746]",72802.80944190988,36811.21298486509,31.664975386025617,2.4548656141978765e-07,0.0012550263386699402,20376.907326023804,37264.25340784158
398,"[1.05948571e+04 7.98572673e+02 3.01031261e+03 1.10543279e+05
 9.30710236e+03 3.75557792e+03 9.30163276e+04 9.34511135e+03
 1.28734461e+04 1.80971842e+04 1.87283526e+04 6.03758766e+04
 1.00000000e+00]","[-0.50753129 -0.21918705  0.24046028  0.13542524 -0.07745179 -0.27364734
  0.23578142 -0.41085968  0.27350612 -0.15336008  0.21097834  0.38723416
  0.14191764]",54561.99033425041,34293.92920917273,33.80412431899458,2.4548656141978765e-07,0.0012550263386699402,20376.574564121107,39177.396003445974
399,"[2.45306907e+04 2.27517196e+03 1.53777223e+04 6.09941146e+04
 1.01692701e+04 7.80075812e+03 7.80505482e+04 1.67194491e+04
 7.91953926e+03 3.26681037e+04 9.37497726e+04 1.69641903e+03
 1.00000000e+00]","[ 0.03399251  0.30993497  0.29548122 -0.63094378 -0.17102862  0.00772884
  0.15531938  0.04474811  0.32664916  0.03442806  0.31572184  0.29324038
 -0.26152137]",12598.62557170504,35873.79694529183,32.52358812899911,2.4548656141978765e-07,0.0012550263386699402,20324.452954787364,36730.69927705068
400,"[1.17827227e+04 1.53803572e+03 2.29558855e+03 1.07762609e+05
 7.32662503e+04 2.81365105e+03 1.58693627e+05 1.20991181e+04
 1.60282250e+03 1.19665081e+04 1.23914044e+04 1.18333668e+03
 1.00000000e+00]","[-0.54985227  0.00197899  0.15211116  0.10705572  0.32901522 -0.14063597
  0.32899246 -0.28552171  0.02455195 -0.5532938   0.16593997  0.10486404
  0.0015101 ]",73473.21032981212,36750.87837847005,35.363245291024214,2.4548656141978765e-07,0.0012550263386699402,20426.07826429334,33807.626770894
401,"[1.69510511e+04 6.78899696e+02 2.52707638e+03 1.03198986e+05
 5.26239349e+03 3.11360579e+04 2.48807406e+04 1.74877019e+04
 6.16237598e+04 5.41246687e+04 5.94880975e+03 2.94226806e+03
 1.00000000e+00]","[-0.28455936 -0.35436844 -0.04265147 -0.04334292 -0.20030523  0.38597534
 -0.40464773  0.09545216  0.40547194  0.19761285 -0.29568953  0.34619082
 -0.13062333]",27861.970473548867,35063.031002205156,30.077277511998545,2.4548656141978765e-07,0.0012550263386699402,20472.61018844401,38028.30932874864
402,"[4.01091716e+04 2.37703946e+04 1.22803485e+03 8.57878123e+04
 4.21007602e+04 5.89701638e+03 3.06383444e+04 7.57059701e+03
 1.78432781e+03 1.39565601e+05 8.56630589e+03 1.80304051e+03
 1.00000000e+00]","[ 0.28195985  0.40371643 -0.24555308 -0.20585007  0.2821004   0.02261063
 -0.47495593 -0.17062856  0.01507911  0.4433216  -0.24309359 -0.17372061
  0.1844376 ]",58614.94934411372,35096.044521554104,33.711957763007376,2.4548656141978765e-07,0.0012550263386699402,20347.39434198191,36826.196633960346
403,"[1.59770952e+04 8.11273229e+03 5.94322341e+03 5.41880380e+04
 3.46447490e+04 2.42977698e+04 8.28456249e+04 1.46180780e+04
 1.04470856e+03 2.50189972e+04 6.05646311e+04 1.29942361e+03
 1.00000000e+00]","[-0.34709837  0.23393113  0.14454643 -0.60354582  0.10108733  0.31029314
  0.15318546 -0.37509555 -0.16866106 -0.15167781  0.24889352  0.09906665
  0.21391561]",-6012.490882675537,36150.133974463984,35.03857926101773,2.4548656141978765e-07,0.0012550263386699402,20437.002227159624,34576.96858473002
404,"[2.56978304e+04 5.16300883e+03 2.33587363e+04 7.43790678e+04
 5.54143374e+03 8.30490954e+03 2.60144517e+04 3.18868847e+03
 6.75702522e+03 1.35917571e+05 9.40891320e+03 1.18333668e+03
 1.00000000e+00]","[-0.19760309  0.30161495  0.30086369 -0.41255894 -0.26945529  0.16131887
 -0.37732624 -0.33782822  0.25131936  0.2828178  -0.1940574  -0.25985111
 -0.07613457]",-220.63495089958494,35066.563682070264,32.9459786269872,2.4548656141978765e-07,0.0012550263386699402,20325.220627325132,35969.67616544309
405,"[2.34835535e+04 8.36566246e+04 1.26183010e+03 8.24639520e+04
 3.36151236e+04 1.49400237e+04 6.25622551e+04 4.43312282e+04
 9.48698288e+02 1.40879186e+04 2.22717791e+04 1.18333668e+03
 1.00000000e+00]","[ 0.02469589  0.38057621 -0.09414642 -0.27854823  0.25288738  0.48694453
  0.02313984  0.30145771  0.11326959 -0.46939441  0.31817847 -0.18920312
  0.07364455]",40273.41050849748,38217.6869697963,32.29292193398578,2.4548656141978765e-07,0.0012550263386699402,20329.57980594638,35564.093575448045
406,"[1.58661320e+04 3.22450367e+03 9.08677178e+03 1.44578991e+05
 1.20268442e+05 2.64544806e+03 7.75667039e+04 1.77693117e+04
 9.48698288e+02 1.07552601e+04 1.22222733e+04 1.14544661e+03
 1.00000000e+00]","[-0.0905179   0.35601822  0.50415813  0.29521181  0.38043205 -0.07177983
  0.31141556  0.11818572  0.01374668 -0.43877931  0.11396056 -0.20557578
 -0.12222535]",115245.16047585446,34850.40352569576,31.988527694018558,2.4548656141978765e-07,0.0012550263386699402,20182.64808039685,35482.018146896306
407,"[1.75428664e+04 8.47334659e+02 2.01669675e+03 1.08206876e+05
 2.58099216e+04 1.22653452e+04 1.99966264e+04 1.29765530e+05
 9.48698288e+02 4.99486869e+04 4.76495337e+03 1.24263235e+03
 1.00000000e+00]","[-0.35176764 -0.12994773  0.03061902 -0.06627214  0.09942547  0.24180969
 -0.66631359  0.38086722 -0.18696133  0.19614584 -0.32545356 -0.12740106
 -0.03276923]",36151.72279856736,34992.129839413254,31.403827182977693,2.4548656141978765e-07,0.0012550263386699402,20301.09710964214,33702.79352501126
408,"[2.58006159e+04 5.50016980e+04 1.97734008e+03 5.96030183e+04
 4.67958416e+04 1.56847175e+04 3.85859278e+04 7.23820530e+03
 1.05870522e+03 7.55210709e+04 1.09693652e+04 4.25152300e+03
 1.00000000e+00]","[-0.01530457  0.31775887 -0.20680237 -0.68566029  0.13145889  0.3109516
 -0.26885905 -0.13119418 -0.09423168  0.26147722 -0.30586998  0.10073458
  0.03839956]",-7768.409659564788,36396.66304498876,34.33174960798351,2.4548656141978765e-07,0.0012550263386699402,20321.01062128774,35000.59022594488
409,"[2.82215866e+04 2.75057138e+03 1.14855319e+03 8.16101520e+04
 1.40167687e+05 4.35872924e+03 8.87890260e+04 1.44088474e+04
 1.04084358e+03 1.41511509e+04 1.36790505e+04 1.18333668e+03
 1.00000000e+00]","[ 0.17609528  0.28696365 -0.21863855 -0.25788875  0.38425243  0.25399323
  0.30566942 -0.33139337 -0.22835922 -0.42436722  0.35230857  0.02125539
 -0.0103179 ]",60394.91684704747,34667.83604892159,33.38149281599908,2.4548656141978765e-07,0.0012550263386699402,20298.649172848032,35655.196411626
410,"[1.16714375e+04 7.48798084e+02 3.15845047e+03 1.75213151e+05
 4.56850988e+04 4.20339860e+03 1.75905858e+04 2.64549471e+04
 1.13134848e+04 1.48807068e+04 5.87577630e+03 2.96942709e+04
 1.00000000e+00]","[-0.50693741 -0.20892217  0.1595543   0.13636411  0.14174782 -0.01415734
 -0.48611372  0.11510098  0.28374543 -0.39034765  0.06916644  0.36567214
  0.11867062]",27900.214427638282,33513.05944831982,32.88919384099427,2.4548656141978765e-07,0.0012550263386699402,20317.28714881989,34928.97718048087
411,"[1.34367304e+04 9.60827551e+02 2.42464315e+03 2.01468521e+05
 6.78671645e+03 3.94186757e+03 2.54180524e+04 2.85449832e+03
 1.84357448e+04 8.33074604e+04 1.39226888e+03 1.24263235e+03
 1.00000000e+00]","[-0.32355849 -0.12356232  0.11925197  0.19499697 -0.33383746 -0.14797712
 -0.29994472 -0.30541042  0.31091571  0.24650204 -0.56271598 -0.16098852
 -0.1058865 ]",49047.647987130294,35120.30380968782,35.31125952399452,2.4548656141978765e-07,0.0012550263386699402,20258.142591303967,35099.58539028728
412,"[1.13619620e+04 1.46828903e+03 2.51078297e+03 1.06917126e+05
 3.88159441e+03 1.53823479e+04 7.73724695e+04 1.47590190e+04
 1.04084358e+03 1.43489857e+04 1.17997776e+05 1.18333668e+03
 1.00000000e+00]","[-0.57393454 -0.12268069  0.04184707  0.0588616  -0.52940085  0.23477052
  0.19032584 -0.27932461 -0.0679812  -0.31429812  0.30740162 -0.0010161
 -0.05293918]",43547.889950327975,34198.067480329526,32.88659113200265,2.4548656141978765e-07,0.0012550263386699402,20326.1088827042,37005.72715333901
413,"[5.79978559e+04 4.44540911e+03 1.45206003e+03 1.00999618e+05
 3.74615771e+03 7.98648149e+04 6.05289705e+04 9.67201867e+03
 7.58659425e+02 1.52469305e+04 2.16444693e+04 1.18333668e+03
 1.00000000e+00]","[ 0.30067459  0.11599614 -0.38061246  0.13580935 -0.37263791  0.52391388
  0.22614457 -0.27593523 -0.05167095 -0.18795722  0.35982615  0.13139129
  0.08641149]",87622.76509188495,34989.64464348473,33.34501347100013,2.4548656141978765e-07,0.0012550263386699402,20263.04385929212,37367.40888236223
414,"[3.34267145e+04 5.17261162e+03 1.08200579e+03 1.11908724e+05
 1.37949330e+05 3.17745968e+03 3.40639497e+04 8.19789166e+03
 1.07875185e+04 5.07405644e+04 5.31431735e+03 1.18333668e+03
 1.00000000e+00]","[ 0.27243996  0.40443108 -0.0171753   0.18694133  0.42254709 -0.17944649
 -0.07190064  0.04916402  0.53140602  0.33211977 -0.01354146 -0.13031004
  0.31428658]",110132.8907659007,36124.7150103742,31.980790596018778,2.4548656141978765e-07,0.0012550263386699402,20211.090309029507,34726.179862485005
415,"[1.21027594e+04 1.69656127e+04 4.84199810e+04 9.85337637e+04
 5.33090068e+04 2.64512173e+03 3.62162350e+04 3.79592242e+04
 9.41363948e+02 6.46836770e+04 1.68265131e+04 1.15310730e+03
 1.00000000e+00]","[-0.31341732  0.36981769  0.52345747  0.10761282  0.32161395 -0.08731896
  0.06485182  0.33255024 -0.28081127  0.29594128  0.17170162  0.10003545
 -0.21825652]",92198.7533256851,38928.311524591365,34.50686713200412,2.4548656141978765e-07,0.0012550263386699402,20167.712319306378,33392.32673581823
416,"[1.72386102e+04 1.38388428e+03 2.09515084e+03 9.29378146e+04
 5.45676039e+03 4.38102163e+03 2.53357540e+04 2.86442200e+04
 1.11072465e+04 6.79477175e+04 1.13489360e+05 1.78468730e+03
 1.00000000e+00]","[-0.25243266 -0.03858238  0.31129806 -0.11324819 -0.25159204 -0.09144798
 -0.43177062  0.23584238  0.46064465  0.21981525  0.36096743  0.20340168
  0.28136589]",41146.65958551666,36276.56546707389,31.613068901002407,2.4548656141978765e-07,0.0012550263386699402,20273.634236636488,34536.19036020113
417,"[1.22349139e+05 1.52093786e+04 1.06491962e+03 1.15925380e+05
 1.33945289e+04 8.05002104e+03 2.57815110e+04 3.72422794e+04
 9.48698288e+02 6.49347563e+03 3.18236032e+04 1.18333668e+03
 1.00000000e+00]","[ 0.31685454  0.37460496 -0.06705716  0.24118333 -0.0717686   0.2295827
 -0.24997525  0.33175156 -0.20760413 -0.42518819  0.36281606  0.25029019
  0.21917448]",88034.13939630623,34595.71998790663,33.702417173975846,2.4548656141978765e-07,0.0012550263386699402,20235.111775722307,36257.20081293906
418,"[6.23420250e+04 8.41642645e+04 1.33015903e+04 7.21345336e+04
 2.81352827e+04 3.73610137e+03 3.33658616e+04 6.56874680e+03
 1.34352007e+03 4.88932494e+04 1.17993805e+04 1.18333668e+03
 1.00000000e+00]","[ 0.20655414  0.3866744   0.23326714 -0.59080285  0.02738898 -0.27542951
 -0.48944707 -0.09018553 -0.11476139  0.15092781  0.0190725   0.01870022
 -0.20830376]",-3802.828363231431,34809.12299235521,32.85553731099935,2.4548656141978765e-07,0.0012550263386699402,20277.098234550132,35365.151724233896
419,"[1.44854376e+04 2.79514077e+03 1.05281926e+03 1.21257289e+05
 1.40527404e+05 6.87433846e+03 4.73788005e+04 1.13104827e+04
 9.48698289e+02 5.18568611e+04 2.05559857e+04 1.10685046e+03
 1.00000000e+00]","[-0.02906626  0.36315806  0.18910271  0.2906736   0.43930581  0.41046639
  0.25306502  0.08314224  0.0791975   0.34761623  0.40436382  0.00125765
  0.154831  ]",139940.9756725579,35473.18357889046,34.99679461400956,2.4548656141978765e-07,0.0012550263386699402,20166.30566243012,34433.44019377295
420,"[7.67249300e+04 1.13891260e+04 3.18036482e+04 9.35501075e+04
 7.07846386e+03 3.13681766e+03 1.33517554e+05 1.20347325e+04
 4.42667629e+02 1.29517056e+04 5.01166932e+03 2.47162807e+03
 1.00000000e+00]","[ 0.31576219  0.35472869  0.43096948  0.13103737 -0.18494072  0.19397453
  0.32926082 -0.00350906 -0.30732988 -0.41269407 -0.12449698  0.28695153
 -0.16939123]",92055.07175229982,36588.82526245246,36.15288540700567,2.4548656141978765e-07,0.0012550263386699402,20129.003285422416,33604.978824102975
421,"[1.15865622e+05 7.25041094e+03 9.99844583e+03 5.05039383e+04
 6.35100268e+04 5.52970656e+03 5.16503783e+04 8.13268364e+03
 2.36312562e+03 3.50655759e+04 1.79935447e+03 1.24263235e+03
 1.00000000e+00]","[ 0.2699958  -0.40212806  0.20427468 -0.51210481  0.22387395  0.26805754
  0.0514425  -0.33094391  0.33112999  0.12176743 -0.29257022 -0.06939226
 -0.11128442]",24652.408235285984,34812.99397751013,35.088894649001304,2.4548656141978765e-07,0.0012550263386699402,20197.545090582855,36177.03161778128
422,"[4.85660154e+04 1.05907006e+05 1.24192063e+03 9.08230811e+04
 3.74695540e+03 4.03590947e+03 6.20454283e+04 1.03892692e+04
 1.53652353e+04 2.90818009e+04 9.55798193e+03 2.44065044e+03
 1.00000000e+00]","[ 0.26955441  0.39047179 -0.14993747 -0.00426253 -0.35791978  0.10038618
  0.15718224 -0.14775623  0.48730785  0.09759639  0.2524159   0.45913304
  0.2148016 ]",75012.1988746818,34602.455242431126,30.40362730299239,2.4548656141978765e-07,0.0012550263386699402,20247.3160379455,36956.4505992303
423,"[8.34607815e+04 8.12520744e+04 1.05281925e+03 7.31976260e+04
 3.54477047e+04 2.69476447e+03 7.14743968e+04 1.72158798e+04
 9.48698288e+02 3.38808637e+04 7.18859159e+03 1.12035198e+03
 1.00000000e+00]","[ 0.3936883   0.46077674 -0.41063262 -0.05595516  0.33210065  0.14763436
  0.28478426  0.15808872 -0.16161582  0.29509584  0.27086547 -0.12958077
  0.13929401]",112661.83911248123,35445.05194279265,30.73779997701058,2.4548656141978765e-07,0.0012550263386699402,20041.01538117706,34650.93293127628
424,"[1.44956322e+05 7.32783825e+03 1.08200579e+03 1.00469365e+05
 5.80880039e+03 4.61043340e+03 3.01774705e+04 6.61807947e+03
 1.79743476e+04 4.66515632e+04 1.66880598e+03 1.18333668e+03
 1.00000000e+00]","[ 0.42144731 -0.02528628 -0.02672282  0.18607377 -0.43967776  0.16130934
 -0.17706418 -0.18661582  0.51612738  0.35044177 -0.29891471 -0.08734928
  0.12130118]",96206.91231822364,35710.563748532615,34.34039932198357,2.4548656141978765e-07,0.0012550263386699402,20028.863716419593,36790.435977640984
425,"[4.08689796e+04 4.17515318e+03 1.98787894e+04 8.05690112e+04
 1.11282874e+04 4.99325677e+03 3.12653024e+04 2.66959329e+04
 1.41894262e+03 5.99598094e+04 3.04519475e+04 5.44012549e+04
 1.00000000e+00]","[ 0.2456543   0.24325883  0.40782365 -0.21415862  0.12315067  0.1895527
 -0.17929545  0.20969072  0.38518857  0.24376204  0.23591644  0.525019
 -0.04460956]",55125.12939449954,35948.83271089693,33.17471316899173,2.4548656141978765e-07,0.0012550263386699402,20094.019887135008,34695.35307521502
426,"[2.10843675e+04 1.37324827e+03 4.71665771e+03 1.21887254e+05
 9.58582864e+03 4.03614488e+04 1.51467736e+04 4.06638756e+04
 8.69930973e+02 6.25629582e+03 2.60918657e+04 8.96107015e+03
 1.00000000e+00]","[-1.37344860e-02  1.28680070e-01  4.50138198e-02 -1.92631453e-05
 -1.47468390e-01  3.08315128e-01 -5.75047795e-01  1.99067093e-01
  3.92788976e-02 -6.05351663e-01  1.82081051e-01  3.04749389e-01
 -9.72495112e-03]",14240.868953218935,35072.36101504526,31.894864543981384,2.4548656141978765e-07,0.0012550263386699402,20077.29211175941,35204.52332385199
427,"[2.65263485e+04 2.98775295e+03 1.29430576e+03 1.24217830e+05
 1.58398486e+04 4.58649577e+03 3.01935096e+04 4.45317705e+03
 1.61769357e+03 3.31272445e+04 1.59935708e+04 8.67862088e+04
 1.00000000e+00]","[ 0.21929539  0.32020648 -0.03021115  0.21494153 -0.09798829 -0.14080458
 -0.1770636  -0.51845196 -0.17980194 -0.09219283  0.32168713  0.57216234
 -0.03182094]",75037.15692393134,35195.39962658333,31.812298972014105,2.4548656141978765e-07,0.0012550263386699402,20125.57888321737,34993.97777787779
428,"[1.11519373e+04 1.66458504e+03 7.34053937e+04 1.06992390e+05
 1.11995387e+04 2.45196680e+04 8.25134669e+04 1.49894987e+04
 1.38462471e+03 1.61785823e+04 4.66376349e+03 2.00978126e+03
 1.00000000e+00]","[-0.54012494 -0.10573034  0.45826177  0.07468432 -0.03612822  0.38304507
  0.25506489 -0.16473741  0.27277538 -0.37678384 -0.12542918  0.08519836
  0.04376694]",56862.74364349682,34799.539848491775,30.719414232997224,2.4548656141978765e-07,0.0012550263386699402,20032.43321501896,32914.82750587067
429,"[1.43215028e+04 3.21253341e+03 1.37923822e+03 9.79786977e+04
 1.04491037e+05 4.33662880e+03 1.82068075e+04 1.82028205e+03
 4.11124326e+03 7.22677539e+04 3.48333066e+04 7.86245308e+03
 1.00000000e+00]","[-0.19306713  0.20949089 -0.05112608 -0.01594413  0.23444325  0.01055247
 -0.65684667 -0.54029335 -0.11369679  0.18213596  0.22988719  0.08604214
 -0.17657653]",29254.876181304622,34296.88019923799,31.666909694991773,2.4548656141978765e-07,0.0012550263386699402,20053.862866140928,32622.356394029935
430,"[2.55304695e+04 1.42820650e+03 1.11969733e+03 2.35019270e+05
 5.48037070e+04 1.64113655e+04 2.84299082e+04 2.52438515e+03
 1.32732441e+03 1.23591150e+04 1.98935019e+04 1.18333668e+03
 1.00000000e+00]","[ 0.26688726  0.07560941  0.08060592  0.32908212  0.37669061  0.47441358
 -0.02829608 -0.36940294  0.18305978 -0.25751302  0.38554827 -0.04218864
  0.23192157]",115726.04269971517,34453.059179257936,35.18898188602179,2.4548656141978765e-07,0.0012550263386699402,19996.96967659545,35318.60877589355
431,"[1.60103819e+05 6.72777684e+03 1.08200580e+03 9.76945802e+04
 9.80584331e+03 3.11147782e+03 7.14394702e+04 9.70160843e+03
 9.04041842e+03 2.26946684e+04 4.29351802e+03 2.53120257e+03
 1.00000000e+00]","[ 0.39695921 -0.00524064 -0.11279984  0.24292556 -0.18611349 -0.326664
  0.31306015 -0.12304308  0.40374753 -0.06905966 -0.32944927  0.48612926
  0.05937715]",107358.43084279235,35897.5447942724,33.489235805987846,2.4548656141978765e-07,0.0012550263386699402,19848.22353600172,33617.289204761415
432,"[1.14726975e+04 7.02190912e+03 6.09546057e+04 8.22319220e+04
 1.71932362e+04 3.12931739e+03 7.80543753e+04 4.32966468e+04
 9.92628714e+03 4.71190301e+04 1.54393268e+04 1.15613057e+03
 1.00000000e+00]","[-0.42620358  0.25924982  0.47822657 -0.09886466  0.06234795 -0.11686219
  0.25655601  0.32146949  0.39587012  0.22514533  0.25985614 -0.21738587
 -0.06141748]",70899.905516022,34489.90280748128,32.45770647999598,2.4548656141978765e-07,0.0012550263386699402,19988.384549779657,33436.052113382364
433,"[2.43579399e+04 1.02708702e+03 1.05924284e+04 6.61772084e+04
 1.83105187e+04 2.86551555e+03 5.55192386e+04 7.17269161e+04
 9.48698288e+02 1.11845494e+05 2.43512526e+04 1.34530151e+03
 1.00000000e+00]","[ 0.1170837  -0.04566335  0.29418859 -0.5617143  -0.26469476 -0.3804831
  0.10775866  0.3765627  -0.118133    0.36127462  0.21972748  0.12752265
 -0.06983787]",41620.87841884332,33479.485610247946,32.22413506099838,2.4548656141978765e-07,0.0012550263386699402,20088.99342481728,34740.61423981904
434,"[8.34512500e+04 5.81394457e+03 4.20154898e+04 1.44924477e+05
 4.46834145e+03 7.60060411e+03 3.09155380e+04 4.40245075e+03
 5.07121886e+02 3.53069428e+04 2.32760811e+04 1.08991837e+03
 1.00000000e+00]","[ 0.29175739  0.19562826  0.43530979  0.24603781 -0.19254864  0.43279228
  0.06308224 -0.18328922 -0.2251092   0.19743325  0.30073534  0.28791098
  0.31879622]",97174.61967831879,34748.098281924,34.36270433900063,2.4548656141978765e-07,0.0012550263386699402,19863.679880079897,35378.685098085494
435,"[8.16576868e+04 4.61020825e+03 2.13610567e+04 9.66991125e+04
 7.37154284e+03 3.58552006e+03 1.76324418e+04 8.33244558e+03
 1.25955729e+03 3.73183937e+04 7.68636396e+04 1.18333669e+03
 1.00000000e+00]","[ 0.26026506  0.03285132  0.23974074 -0.04627067 -0.15419733 -0.15614409
 -0.79703254 -0.14696689 -0.16216215  0.00613051  0.37058433  0.02083775
  0.0494697 ]",33609.819113531266,37517.692794243194,32.35367491299985,2.4548656141978765e-07,0.0012550263386699402,19981.80017650438,34040.82827618119
436,"[1.78565330e+04 2.05332498e+03 2.29398561e+03 8.54808334e+04
 3.16153295e+03 8.64309861e+04 3.24881712e+04 7.54624983e+03
 2.77440564e+03 5.77490045e+04 2.88377482e+04 1.18333668e+03
 1.00000000e+00]","[-0.33789669  0.14424621 -0.23635348 -0.2797135  -0.30045435  0.46201961
 -0.35989023 -0.02445177  0.39766934  0.13386824  0.23650739 -0.19195297
 -0.16798558]",12343.487237710948,35168.772936114685,31.684819258982316,2.4548656141978765e-07,0.0012550263386699402,19864.44832857757,34362.68707281433
437,"[1.06359542e+04 4.46653974e+03 1.05281925e+03 8.65450926e+04
 3.47849349e+04 4.69592341e+04 8.76717102e+04 4.02206497e+04
 2.10974683e+03 4.61888130e+04 3.54130960e+04 9.66317762e+02
 1.00000000e+00]","[-0.26352678  0.22941937 -0.03215265  0.08019583  0.27025256  0.42871167
  0.28529752  0.3025303   0.3726041   0.22741259  0.30574659 -0.32630297
 -0.22405562]",93643.64731216879,35575.54248428263,33.15850023701205,2.4548656141978765e-07,0.0012550263386699402,19995.886445208213,35327.19394639166
438,"[2.43855985e+04 1.28256775e+03 1.17627944e+04 5.73089217e+04
 1.34556413e+05 5.00046314e+03 6.85560232e+04 2.27305706e+04
 1.03750832e+03 2.78293141e+04 1.11489164e+03 3.31279078e+03
 1.00000000e+00]","[ 0.03723728 -0.13265095  0.32330163 -0.63957455  0.390117   -0.04060689
  0.01519028 -0.01568316 -0.03917678 -0.03748962 -0.17051846  0.5095263
 -0.14658368]",21275.85273173783,32981.7565274778,39.46230117001687,2.4548656141978765e-07,0.0012550263386699402,19808.520283320864,32385.272591919904
439,"[2.42251608e+04 1.17540235e+03 1.80804054e+03 1.17279770e+05
 6.13740768e+03 2.22449952e+04 3.44261332e+04 2.97869629e+04
 1.69221550e+03 2.32735589e+04 1.15884639e+05 1.18333668e+03
 1.00000000e+00]","[ 0.19019484 -0.33062455  0.16717329  0.18277588 -0.37071904  0.45025575
 -0.18047344  0.29396521  0.41319146 -0.05637842  0.37906293  0.01318548
 -0.12744442]",79571.19287517043,32490.305427098792,31.684209722006926,2.4548656141978765e-07,0.0012550263386699402,19827.802691419794,35354.79012564516
440,"[6.45815501e+04 4.38882033e+03 1.06702862e+03 9.23899852e+04
 1.01315679e+04 7.71793601e+03 6.50467277e+04 3.12964793e+04
 9.48698290e+02 1.36598622e+04 1.05577248e+05 1.18333668e+03
 1.00000000e+00]","[ 0.43773211 -0.39736147 -0.23600858 -0.01781837 -0.14751566  0.14789859
  0.13514239  0.33150709  0.03998612 -0.4124845   0.48679739  0.05465941
  0.10478519]",89302.85341807822,34447.28200628946,31.238108805002412,2.4548656141978765e-07,0.0012550263386699402,19863.985722661495,32918.061046313254
441,"[2.29320321e+04 1.15959364e+03 1.85184266e+03 7.05052028e+04
 1.22042082e+05 3.06027700e+03 3.50252816e+04 3.37716480e+04
 9.48698289e+02 6.74112783e+04 2.97631677e+04 1.18314386e+03
 1.00000000e+00]","[ 0.08940113 -0.11785456  0.12455817 -0.39823675  0.46987317 -0.02951554
 -0.25004161  0.44577508 -0.01061978  0.28409709  0.44202888 -0.17987182
  0.11204893]",69701.89097534635,35611.82103768946,34.667962274019374,2.4548656141978765e-07,0.0012550263386699402,19844.86271046571,35197.73926881542
442,"[1.08279641e+04 4.68149788e+03 1.79705809e+03 1.72878315e+05
 7.05806283e+04 3.08590430e+03 3.24358169e+04 2.23645449e+03
 1.63997124e+03 3.50408753e+04 1.20834338e+03 3.88841323e+04
 1.00000000e+00]","[-0.35695025  0.24329233  0.31027854  0.26042069  0.29388018 -0.06487839
  0.02716078 -0.44668932  0.09220576  0.16352062 -0.28587715  0.46836173
  0.14876316]",87024.29834903139,36857.56285893898,33.31358810298843,2.4548656141978765e-07,0.0012550263386699402,19911.492106259975,34247.74411379642
443,"[9.54116147e+03 9.49528633e+03 5.05742385e+03 2.35587997e+05
 1.44087456e+04 3.08330877e+04 5.80502634e+04 1.41273332e+04
 5.35562122e+02 1.83684884e+04 4.61778954e+03 1.65276815e+03
 1.00000000e+00]","[-0.29611656  0.29676359  0.41222496  0.30951908 -0.05098959  0.47631967
  0.21689461  0.10992518 -0.08884655 -0.05223126  0.00888433  0.39854982
  0.31680434]",102784.8459559963,34592.93592914495,33.532866899011424,2.4548656141978765e-07,0.0012550263386699402,19799.882727643042,36311.24547609943
444,"[3.77993339e+04 8.54407653e+03 4.15137762e+03 7.53078597e+04
 2.77915149e+03 8.29436026e+03 2.02605547e+04 1.61491005e+03
 3.04814030e+03 5.43038776e+04 2.35303183e+03 4.79612577e+04
 1.00000000e+00]","[-0.03157565  0.10377995 -0.2542394  -0.29329094 -0.31518385 -0.16803233
 -0.50544599 -0.3413144  -0.28516943 -0.01474084 -0.4667936   0.10729873
  0.16456116]",-34132.61888207351,33279.33496830921,31.255789282993646,2.4548656141978765e-07,0.0012550263386699402,19724.42410111196,35622.09065289427
445,"[2.05860749e+04 9.44821203e+02 4.40931843e+03 9.11928074e+04
 2.58075332e+04 5.35458074e+04 3.09087436e+04 5.05225681e+03
 1.04470856e+03 1.49636864e+04 5.14811464e+03 3.83346199e+04
 1.00000000e+00]","[-0.12596454 -0.21106984 -0.05373114 -0.28985477  0.15242887  0.39302515
 -0.41216678 -0.22162661 -0.02971007 -0.46331681  0.06025717  0.40121344
 -0.2753692 ]",-9616.401986665842,35198.913391771915,29.894197649002308,2.4548656141978765e-07,0.0012550263386699402,19749.261870934984,37437.737039524334
446,"[2.45477002e+04 1.44856562e+03 1.38167483e+03 1.42716900e+05
 6.72182051e+04 3.11184021e+03 3.01098791e+04 6.13059214e+03
 2.30574208e+03 1.81266435e+04 8.41207160e+04 7.78720568e+03
 1.00000000e+00]","[ 0.21712881 -0.09914403  0.07276065  0.21488637  0.39025414 -0.22203321
 -0.25496056 -0.13885283  0.18971175 -0.30266103  0.40413427  0.52822312
  0.18903654]",86028.84689858276,33547.10873169651,34.43273445300292,2.4548656141978765e-07,0.0012550263386699402,19742.712290053732,33728.96396998823
447,"[5.21489110e+04 3.13202477e+03 7.52376427e+03 1.49340645e+05
 1.98889912e+04 3.04586907e+03 5.78886970e+04 1.01238855e+04
 9.48698288e+02 1.45219806e+04 4.53151902e+03 5.95572065e+04
 1.00000000e+00]","[ 0.35736435 -0.04710144  0.22260791  0.28141599  0.14183801 -0.17075798
  0.26763121 -0.11315524 -0.2116848  -0.41827811 -0.25472001  0.55394294
 -0.12694077]",104400.34026461314,33634.598517926366,32.470492981985444,2.4548656141978765e-07,0.0012550263386699402,19694.20890246382,33763.30842957366
448,"[2.38885784e+04 3.26396701e+03 1.21091767e+03 6.60814754e+04
 1.62847170e+04 4.34166756e+03 1.39218861e+05 1.76637964e+04
 9.48698288e+02 8.36094415e+04 2.23654746e+03 1.68206951e+04
 1.00000000e+00]","[ 0.16243568  0.36800562 -0.11901414 -0.47404818 -0.03605992  0.04565205
  0.35968637  0.04175335 -0.20710093  0.34691989 -0.19016555  0.50394927
 -0.10689439]",60895.883632151046,35404.54626252127,34.18647115898784,2.4548656141978765e-07,0.0012550263386699402,19791.751593688612,36207.967827293265
449,"[9.28527430e+03 1.81540797e+04 4.79795143e+03 9.67648429e+04
 6.99351136e+03 2.86691981e+04 1.55612227e+05 1.10846400e+04
 9.98922185e+02 1.44700005e+04 9.99006118e+03 2.23195785e+03
 1.00000000e+00]","[-0.54778801  0.28123503  0.22933673 -0.06354599 -0.13339303  0.36361135
  0.26713305 -0.32949778 -0.1540549  -0.30188354  0.10853777  0.32725681
  0.02284512]",39671.496557732535,34075.60112360722,32.92412881698692,2.4548656141978765e-07,0.0012550263386699402,19658.34024323068,33783.70053074043
450,"[1.10579185e+04 9.55790396e+04 4.81736874e+03 1.02907997e+05
 4.24920030e+04 3.75739483e+03 3.47008077e+04 9.94671368e+03
 2.08507705e+04 2.18819717e+04 4.45457859e+03 1.36539453e+03
 1.00000000e+00]","[-0.527151    0.37882017  0.02081114 -0.12427351  0.23729571 -0.05647194
 -0.34301875 -0.00649897  0.50621814 -0.27944113  0.034187    0.22170217
  0.02937534]",20488.24818620137,33692.46480529706,36.641440260980744,2.4548656141978765e-07,0.0012550263386699402,19807.19637306046,35018.33855502732
451,"[1.78979488e+04 1.16889819e+03 1.48005227e+03 1.25939917e+05
 1.59932834e+04 1.17342415e+04 6.25241741e+04 4.79947631e+04
 1.57618454e+03 2.23952306e+04 4.61018070e+03 7.27506051e+04
 1.00000000e+00]","[ 0.05244107 -0.03610065  0.3937023   0.26381782  0.16594453  0.35038833
  0.20640499  0.3869877   0.34544974 -0.03207062 -0.07394335  0.54953621
 -0.0291813 ]",112412.94237030855,33043.579211885066,30.788101572019514,2.4548656141978765e-07,0.0012550263386699402,19773.0785412265,33285.444738912585
452,"[1.79889972e+04 1.01561113e+03 3.41573393e+03 7.27184793e+04
 1.84632172e+04 6.46806309e+03 1.05615308e+05 1.42784371e+04
 4.32786400e+04 4.77583143e+03 2.90746571e+04 1.22741221e+03
 1.00000000e+00]","[-0.2900841  -0.06257693 -0.16932338 -0.32909876  0.07550231  0.01461311
  0.12305001 -0.20928263  0.2669916  -0.76754242  0.11786773 -0.09771898
  0.16203889]",-7098.966462461357,35800.4690723568,33.25516783702187,2.4548656141978765e-07,0.0012550263386699402,19631.7236549802,35720.20179071946
453,"[1.39796749e+04 5.90746747e+03 4.60332179e+03 6.53569808e+04
 9.06584278e+04 3.89006815e+04 5.09112332e+04 2.87947670e+04
 9.48698288e+02 2.57646606e+04 7.81513899e+02 3.35817319e+03
 1.00000000e+00]","[-0.46532161  0.23943565  0.04088385 -0.44539298  0.27223576  0.39062606
 -0.14105094  0.1398017   0.06567349 -0.15634616 -0.30315643  0.3669245
 -0.06829726]",-262.0538311408894,33390.271717186624,32.24570173799293,2.4548656141978765e-07,0.0012550263386699402,19662.786026105976,33525.262594636544
454,"[1.82407408e+04 1.29483449e+03 1.54607772e+03 8.25042374e+04
 7.67775126e+03 3.99986191e+03 7.31212063e+04 2.35763253e+04
 9.48698301e+02 1.58819850e+05 2.33217993e+03 1.64546189e+04
 1.00000000e+00]","[-0.26337304 -0.15565527  0.08909048 -0.23103206 -0.28423555  0.0341116
  0.2342735   0.29230805  0.29923481  0.41105413 -0.34166973  0.46891149
  0.16639853]",70533.54267039707,35135.134836527664,33.419075705023715,2.4548656141978765e-07,0.0012550263386699402,19626.81967326503,35483.91482422933
455,"[1.29431525e+05 8.11666425e+03 1.41285009e+04 6.91875115e+04
 5.80562813e+03 1.09239683e+04 1.72206599e+04 2.62045888e+04
 9.48698288e+02 4.12386176e+04 8.24067348e+03 1.18333668e+03
 1.00000000e+00]","[ 0.2465898  -0.36829972 -0.04426311 -0.54608182 -0.30656917  0.19997348
 -0.55958945  0.08485333  0.03462178  0.0936523   0.08159777 -0.16898656
 -0.06233497]",-12121.233742567743,33026.684772727414,33.39730842298013,2.4548656141978765e-07,0.0012550263386699402,19615.936918460953,32303.212621526072
456,"[3.21942103e+04 2.73644473e+03 1.22873013e+03 9.30193325e+04
 3.99465088e+04 3.73920858e+03 5.17461921e+04 2.85407220e+04
 8.56271007e+04 2.27626728e+04 3.76555464e+03 1.64233060e+03
 1.00000000e+00]","[ 0.27442021  0.27189961 -0.01082468 -0.02578573  0.295158    0.14416982
  0.03558155  0.30133559  0.62928352 -0.0743109  -0.12617953  0.46248551
  0.13665914]",82414.82904848222,33023.64245021384,31.600443243980408,2.4548656141978765e-07,0.0012550263386699402,19717.0976156052,34997.27192264372
457,"[1.51541834e+05 5.75258219e+03 1.06078884e+03 1.07125134e+05
 1.79265656e+04 1.43273929e+04 4.25293958e+04 1.22173833e+04
 9.48698288e+02 4.72151564e+04 1.14904711e+03 2.48071269e+03
 1.00000000e+00]","[ 0.37101529 -0.08245794 -0.20513402  0.21144987  0.2627396   0.42381123
  0.12855612  0.21472554 -0.01772483  0.31574118 -0.34178983  0.49037043
  0.01361741]",112771.61267726375,35499.86152907305,31.747330181999132,2.4548656141978765e-07,0.0012550263386699402,19643.31228693455,33651.27151745542
458,"[3.34366692e+04 2.27444257e+03 1.58019998e+03 2.53570782e+05
 9.86443306e+03 1.82056655e+04 1.57243099e+04 1.16629996e+04
 1.39824869e+03 2.47645205e+04 1.93489758e+03 1.24263235e+03
 1.00000000e+00]","[ 0.21785418 -0.01742446  0.11832813  0.27445168 -0.51769042  0.26512433
 -0.59916893 -0.06291243  0.26097569 -0.13905453 -0.24142281 -0.02886949
 -0.12284995]",63007.53857350841,32674.648561526366,38.700984750990756,2.4548656141978765e-07,0.0012550263386699402,19638.652557581496,34258.62193700325
459,"[2.44717219e+04 2.35100432e+03 1.54599905e+04 7.09081571e+04
 3.08988070e+03 9.57125555e+03 3.48568272e+04 1.06708942e+05
 9.48698288e+02 4.71552474e+04 3.13893800e+04 1.80304051e+03
 1.00000000e+00]","[-0.11348219  0.26235103  0.01575813 -0.643703   -0.47828932  0.03235919
 -0.26044193  0.30222887 -0.13323772 -0.03753166  0.29879986 -0.01433975
  0.07787089]",-18099.1363573738,36099.245340778965,29.180605903995456,2.4548656141978765e-07,0.0012550263386699402,19657.324877185634,34731.99328335219
460,"[4.24137946e+04 1.10005912e+04 1.72250691e+03 1.28935131e+05
 1.09702672e+04 3.35450097e+03 1.69958910e+04 1.37464651e+04
 1.01252801e+03 6.21021009e+04 2.62995735e+04 5.06723237e+04
 1.00000000e+00]","[ 0.28031215  0.35091597  0.19118439  0.23509164 -0.14032355 -0.03087062
 -0.5042048  -0.04023555 -0.01158755  0.18220502  0.33141909  0.50016012
  0.19143344]",80989.05399915895,33140.11931248281,34.79175186099019,2.4548656141978765e-07,0.0012550263386699402,19596.175720214622,32918.793873207134
461,"[1.80707112e+04 1.67822512e+03 1.16065356e+03 9.07727164e+04
 4.18283885e+04 3.01289293e+03 7.80746531e+04 5.27498723e+04
 9.48698288e+02 2.42359403e+04 5.25418336e+03 6.93379587e+04
 1.00000000e+00]","[-0.06773609 -0.02270671  0.22393605  0.07848007  0.36776519  0.22421776
  0.3213475   0.42631608  0.0780761   0.06803483  0.27416852  0.61748326
  0.02960958]",115735.94622334365,34325.9084937712,31.76178885102854,2.4548656141978765e-07,0.0012550263386699402,19561.920437793313,34636.49310445179
462,"[2.76905559e+04 1.49571364e+03 8.33424095e+04 9.03868206e+04
 4.55620392e+04 8.91724607e+03 3.28707913e+04 6.24579218e+03
 8.93318932e+02 5.06839973e+04 4.30410577e+03 1.18276553e+03
 1.00000000e+00]","[ 0.14598374  0.16857132  0.57872892 -0.07837368  0.30777149  0.56664736
 -0.13181868 -0.16292553 -0.01534516  0.32909618 -0.16252026 -0.1180433
  0.02413756]",74995.37149741867,33242.98985470654,29.956943349010544,2.4548656141978765e-07,0.0012550263386699402,19700.019220469727,33835.3225974323
463,"[1.25903260e+04 6.38660385e+03 5.42658549e+03 5.57568091e+04
 7.97347905e+03 1.20832961e+04 3.34697027e+04 5.53467576e+03
 1.65720841e+03 7.69993743e+04 1.62714807e+04 3.22686751e+04
 1.00000000e+00]","[-0.58789986  0.01668052 -0.1792938  -0.61708131 -0.15561908 -0.07666451
 -0.39235439 -0.14062229 -0.08792479 -0.03120427 -0.03557511  0.0848988
  0.14202359]",-59139.7907579466,33726.56043051423,29.672837951016845,2.4548656141978765e-07,0.0012550263386699402,19596.02382006792,33792.65293509212
464,"[1.55625770e+04 1.13075927e+04 7.53786213e+04 1.56815807e+05
 6.94396497e+03 3.64448119e+03 5.13056525e+04 1.11653418e+04
 2.67118045e+03 2.13998701e+04 3.76998860e+03 1.31044937e+03
 1.00000000e+00]","[-0.31840159  0.39352654  0.54506734  0.26922435 -0.29254713  0.13323606
  0.09238432 -0.02864052  0.41163533 -0.20060384 -0.18798489 -0.06696534
 -0.1094445 ]",81684.03369462246,34119.0359704719,33.677722280001035,2.4548656141978765e-07,0.0012550263386699402,19600.896278708256,32841.17851978786
465,"[7.32753346e+04 1.13078114e+04 3.93977817e+03 8.48101613e+04
 3.06905928e+03 5.86537860e+04 2.84652104e+04 3.66030426e+03
 1.31271920e+03 1.42227928e+04 5.31355265e+03 3.77056614e+03
 1.00000000e+00]","[ 0.13707572  0.22493654 -0.178413   -0.32700069 -0.37096672  0.33946933
 -0.3463861  -0.34572656 -0.12494026 -0.41882415 -0.04946503  0.32489964
 -0.02137579]",-13359.51625816385,32346.395521393773,31.732833446003497,2.4548656141978765e-07,0.0012550263386699402,19550.699605599835,35910.32773163941
466,"[2.45084615e+04 9.84696583e+04 1.17562236e+03 1.05373064e+05
 3.62628135e+04 3.12694622e+03 8.15100017e+04 3.47020503e+04
 9.48698288e+02 1.27297538e+04 7.62087767e+03 1.95533855e+03
 1.00000000e+00]","[ 0.25097084  0.428543    0.09563399  0.24448285  0.29070887  0.16731936
  0.34949999  0.34028316 -0.10951589 -0.51763938 -0.14007502  0.16885574
  0.07693497]",118154.54933234943,36250.78055529001,32.498836991988355,2.4548656141978765e-07,0.0012550263386699402,19672.67393950238,33052.23109281535
467,"[3.68953194e+04 3.75136833e+03 1.08200579e+03 8.59019028e+04
 9.25569532e+03 1.08730082e+04 8.61022317e+04 1.35733181e+05
 1.58936676e+03 2.57456361e+04 4.56830118e+03 1.18333668e+03
 1.00000000e+00]","[ 0.33278591  0.33577085 -0.07356328 -0.10878756 -0.2185787   0.38448199
  0.40626416  0.43565288  0.18791608 -0.00971662 -0.29432669 -0.27473322
 -0.10632368]",98762.09422773223,35444.84995926739,35.343972701986786,2.4548656141978765e-07,0.0012550263386699402,19565.35294888522,33455.421900584915
468,"[1.39752021e+04 2.01250294e+03 5.33534959e+03 2.00343992e+05
 5.42497137e+04 3.40136340e+03 3.52690256e+04 4.68879912e+03
 4.10035857e+04 2.74815536e+04 5.52248770e+03 1.18333668e+03
 1.00000000e+00]","[-0.25311252  0.23621139  0.45153766  0.29466623  0.2934923  -0.20563075
  0.10510875 -0.26258937  0.53348476  0.14685189  0.20011026  0.0807612
 -0.16811626]",103191.11197106697,34302.062593372335,34.093509122001706,2.4548656141978765e-07,0.0012550263386699402,19508.639501293168,32536.816628264278
469,"[2.12120062e+04 5.93612885e+03 2.26233003e+04 8.65457576e+04
 3.89611008e+04 4.03488352e+03 3.87935485e+04 3.34134886e+04
 9.48698289e+02 2.46929136e+04 1.02279502e+05 1.18333668e+03
 1.00000000e+00]","[-0.13923884  0.38494741  0.53807406 -0.10569482  0.28064138  0.28055429
 -0.08004502  0.33682277 -0.03862602 -0.04939037  0.40568694 -0.02946706
  0.29158925]",62775.07271895332,32175.27104914419,35.74364831901039,2.4548656141978765e-07,0.0012550263386699402,19448.905076683142,34209.00748115308
470,"[3.58279956e+04 7.04259666e+04 1.08200579e+03 1.48497650e+05
 1.57020909e+04 3.66684533e+03 4.08976948e+04 5.70279645e+03
 1.85461147e+04 5.43655854e+04 1.52613055e+03 1.24263235e+03
 1.00000000e+00]","[ 0.26868362  0.4171803  -0.13257933  0.29136485  0.00254247 -0.11668339
  0.12780319 -0.3442216   0.5423628   0.36923053 -0.25086241  0.09641228
 -0.0118083 ]",114875.25978431861,33644.634745771735,34.83857909400831,2.4548656141978765e-07,0.0012550263386699402,19524.7041338069,33472.355326498495
471,"[1.77287687e+04 9.04128118e+04 1.14855319e+03 9.31745859e+04
 3.96655683e+04 3.73852968e+03 2.66626858e+04 6.33978662e+03
 1.01826409e+03 7.15461591e+04 9.86540052e+03 1.03244661e+04
 1.00000000e+00]","[-0.09428559  0.41084245 -0.37502152 -0.10778832  0.22907042  0.06061026
 -0.50076724 -0.06581491 -0.11597416  0.31140827 -0.21673476  0.44778045
 -0.03010904]",45190.60101566869,32716.701275662956,30.549715030007064,2.4548656141978765e-07,0.0012550263386699402,19489.97116533064,34487.51099512294
472,"[7.51406621e+04 2.11929542e+04 2.46240297e+04 9.58434416e+04
 2.09854195e+04 3.18697894e+03 3.31465101e+04 3.29780614e+03
 4.42025492e+04 2.40159544e+04 1.66998846e+04 1.18333668e+03
 1.00000000e+00]","[ 0.22998764  0.32266522  0.36325676  0.00954091  0.14768961 -0.40920514
 -0.01521856 -0.4485616   0.45818368 -0.00415587  0.26367298 -0.03699432
  0.19850587]",58303.230328840684,33333.159576129045,31.358963572012726,2.4548656141978765e-07,0.0012550263386699402,19604.269725619837,34068.25681044588
473,"[8.42356619e+04 6.71737672e+04 9.60726002e+03 7.72904887e+04
 1.40524893e+04 3.54128670e+03 3.04167714e+04 4.19118391e+04
 1.92289455e+03 3.17380508e+04 1.34946267e+03 1.60895115e+03
 1.00000000e+00]","[ 0.17071825  0.33963935 -0.01649099 -0.45754571 -0.10197192 -0.41892716
 -0.46737413  0.33780785  0.1811768  -0.06583714 -0.2805834  -0.09010481
  0.05851425]",-3566.0208399945354,32390.124068739322,31.06648851800128,2.4548656141978765e-07,0.0012550263386699402,19471.730734268218,33915.12527604471
474,"[1.70236302e+04 1.49424618e+03 1.18920433e+03 7.38910437e+04
 3.07699932e+04 3.46880673e+03 5.92769767e+04 1.40987670e+05
 4.64217917e+03 4.54942685e+04 4.02031771e+03 2.08182348e+03
 1.00000000e+00]","[-0.53489209 -0.0867482  -0.33844224 -0.4023038   0.0803817  -0.21881509
 -0.07674405  0.33608187  0.32091025  0.17379788 -0.17902367  0.29926247
  0.04466736]",14483.86329152701,32860.64482900664,32.68436123302672,2.4548656141978765e-07,0.0012550263386699402,19460.580532654436,34951.29076177663
475,"[1.21933961e+04 2.19621493e+04 2.60553238e+03 1.32531168e+05
 3.17181263e+04 2.61208004e+04 3.65900499e+04 2.27391488e+04
 5.13828864e+04 1.43043578e+04 6.48308145e+03 1.57977224e+03
 1.00000000e+00]","[-0.31597232  0.33246623  0.09899636  0.13871201  0.23472615  0.45637797
 -0.06467901  0.22710661  0.46403617 -0.38412268  0.08901391  0.18614929
  0.18971967]",63474.372728908704,33567.897324604404,32.51303016601014,2.4548656141978765e-07,0.0012550263386699402,19501.016491054892,34315.39006862758
476,"[2.02137983e+04 8.15510809e+02 3.79640824e+03 5.40120083e+04
 3.00706296e+03 1.07887796e+04 3.99178442e+04 4.29992070e+04
 2.85767106e+04 8.05602738e+04 1.10430954e+04 1.34530161e+03
 1.00000000e+00]","[-0.0861583  -0.05173311  0.04965278 -0.71596558 -0.55513106 -0.13863202
 -0.12838969  0.15642504  0.226817    0.18307522 -0.13898396  0.03262887
  0.03380244]",-22090.493857734575,32679.44049889122,37.53163799000322,2.4548656141978765e-07,0.0012550263386699402,19473.36802911909,35036.78695226636
477,"[1.04557184e+04 6.50828789e+03 7.64636050e+04 1.12843672e+05
 6.75663358e+03 1.57000874e+04 8.07411367e+04 1.86473455e+04
 2.19495068e+03 3.06856953e+04 2.09491097e+03 1.18333668e+03
 1.00000000e+00]","[-0.39132338  0.29875278  0.49843143  0.22936812 -0.21542536  0.31486185
  0.30132168  0.09760548  0.30851991  0.21546889 -0.16012963 -0.03127115
  0.20608432]",98401.09678628066,31993.51623421964,35.294565712014446,2.4548656141978765e-07,0.0012550263386699402,19451.25160158931,33063.3183070627
478,"[2.48638149e+04 1.51953499e+03 1.38921617e+03 7.80945648e+04
 1.92625928e+04 6.92663158e+03 7.84353571e+04 1.38181900e+04
 8.09161039e+04 2.31337477e+04 2.85547587e+04 1.40319215e+03
 1.00000000e+00]","[ 0.16547232  0.05238956 -0.21672527 -0.21109685  0.16994776  0.44298842
  0.17419503 -0.12057283  0.51419137 -0.13864064  0.3371137   0.43908985
 -0.13520459]",54387.56660084942,34125.93543237386,33.215907887992216,2.4548656141978765e-07,0.0012550263386699402,19381.894430456006,35197.62521725135
479,"[2.09066238e+04 2.44914826e+03 9.12651549e+03 1.00220739e+05
 5.74872068e+03 6.04899813e+03 4.80444100e+04 3.23750500e+04
 9.48698288e+02 1.88809843e+04 1.32447013e+05 1.18333668e+03
 1.00000000e+00]","[-0.18476533  0.46606678  0.14628368 -0.05463541 -0.30937344 -0.01102755
 -0.16085024  0.33380107 -0.28048059 -0.35850245  0.51489184 -0.11112144
  0.08046828]",55401.273645065776,35140.78602592174,31.463117676990805,2.4548656141978765e-07,0.0012550263386699402,19424.2758679567,33183.26264181605
480,"[1.87286992e+04 7.81477617e+04 1.94337375e+03 1.00241274e+05
 8.15805091e+03 3.01830812e+04 2.73375265e+04 7.73037830e+03
 9.74525024e+02 7.54669780e+04 1.10380016e+04 3.62273429e+03
 1.00000000e+00]","[-0.04956607  0.37671223 -0.22984734 -0.05505546 -0.06402599  0.5058388
 -0.39719854 -0.03002144  0.0107704   0.33721678 -0.0624192   0.4619313
 -0.22365635]",52643.81971670933,33516.25013193684,31.65169208298903,2.4548656141978765e-07,0.0012550263386699402,19421.127932146162,36129.16126283666
481,"[7.71397950e+04 8.04403915e+03 1.42373899e+03 1.00729028e+05
 7.25807599e+04 4.64316506e+04 3.30519874e+04 5.02821682e+03
 1.00496214e+03 1.36554578e+04 4.34777171e+03 2.06174787e+03
 1.00000000e+00]","[ 0.2479177   0.20437735 -0.05971533 -0.01813325  0.32710234  0.45353317
 -0.1385816  -0.27395035 -0.01802088 -0.62888224 -0.25983171 -0.12492989
  0.0836207 ]",47705.56257218373,35138.051297150865,30.990284728992265,2.4548656141978765e-07,0.0012550263386699402,19358.36141526944,35281.48876429007
482,"[1.27891665e+05 2.63350622e+04 1.39564603e+04 5.78569538e+04
 4.12608557e+04 5.11188737e+03 4.28649505e+04 9.46385644e+03
 9.48698288e+02 2.03263572e+04 3.36248464e+03 2.86198589e+03
 1.00000000e+00]","[ 0.23475034  0.29624978  0.26044865 -0.49251711  0.16230118  0.27776432
 -0.05166137 -0.03394821 -0.09249197 -0.34718299 -0.2643385   0.44616903
  0.20340412]",11788.198457759072,35157.08943938978,33.68982995397528,2.4548656141978765e-07,0.0012550263386699402,19365.364787725222,34720.62595811594
483,"[1.48738931e+04 1.27782684e+03 1.15593074e+03 2.14794914e+05
 1.22328590e+04 2.79413874e+03 2.08501282e+04 2.76826299e+04
 9.48698288e+02 9.43545329e+04 1.29303256e+04 1.16610882e+03
 1.00000000e+00]","[-0.2534348  -0.13948795 -0.01832003  0.43620204 -0.27811416 -0.22367839
 -0.31228893  0.32203977 -0.17760242  0.50674215  0.21083545 -0.22967812
 -0.10751146]",138204.68536652377,34974.16802327124,34.661980656994274,2.4548656141978765e-07,0.0012550263386699402,19419.074957659403,32539.183890619344
484,"[5.65787789e+04 3.88985415e+03 1.44790465e+03 7.26233812e+04
 1.68583562e+04 3.87155675e+03 7.93283304e+04 1.39350581e+04
 7.73307658e+04 2.56322650e+04 4.05822755e+03 1.27842271e+03
 1.00000000e+00]","[ 0.32832122  0.12061373 -0.03716893 -0.52389873  0.0568753  -0.0717158
  0.3007892  -0.19870578  0.61207339 -0.05638992 -0.19671077 -0.19479371
 -0.0949559 ]",47556.65243256361,32792.234112806625,32.395098773995414,2.4548656141978765e-07,0.0012550263386699402,19292.39242840237,33462.62938812671
485,"[2.55211947e+04 1.04072097e+03 1.28975934e+04 7.99485093e+04
 1.88368377e+04 4.37587005e+03 3.47928287e+04 5.16124393e+03
 9.38699127e+03 1.64600993e+05 1.02204730e+04 1.18333668e+03
 1.00000000e+00]","[ 0.19670494 -0.00802937  0.37720993 -0.20965972  0.20031072  0.15835087
 -0.18016236 -0.41238731  0.52428414  0.4209334  -0.01865788 -0.12313453
  0.19926864]",63055.56452520943,32210.37943764357,32.138382890989305,2.4548656141978765e-07,0.0012550263386699402,19347.335357481465,32828.1738843822
486,"[8.19899972e+04 9.07403859e+03 1.08200579e+03 7.81060240e+04
 1.12538245e+04 1.22867991e+04 3.10858014e+04 3.83349744e+04
 1.93446844e+03 1.13722741e+05 8.64920041e+03 1.18333668e+03
 1.00000000e+00]","[ 0.35288602  0.30922642 -0.17769795 -0.36217835 -0.1756338   0.40020619
 -0.08364804  0.28110247  0.34488406  0.39658646  0.05104905 -0.1802755
  0.16953418]",60371.40896752786,31755.296224551093,34.06536604400026,2.4548656141978765e-07,0.0012550263386699402,19336.185475089333,33544.0805864738
487,"[1.46853159e+04 1.54027120e+03 8.96340012e+03 1.88690571e+05
 1.22079149e+04 3.13186609e+03 1.11237150e+04 2.34592396e+04
 9.48698288e+02 5.99843891e+04 5.79024376e+04 1.18333668e+03
 1.00000000e+00]","[-0.35051151 -0.01984477  0.33869602  0.21743294 -0.08410688 -0.19347196
 -0.73976508  0.07639149 -0.03564072  0.10887289  0.32198163 -0.01910847
  0.0012328 ]",55933.69925982874,33076.21227110854,33.321042541007046,2.4548656141978765e-07,0.0012550263386699402,19308.87129426634,32859.02635621886
488,"[2.49130983e+04 1.76727156e+03 2.30890851e+04 1.09067235e+05
 8.40812927e+03 3.99269208e+03 1.85437449e+04 3.07412027e+03
 7.22291312e+04 2.89989715e+04 1.07854767e+03 1.24263235e+03
 1.00000000e+00]","[-0.11480554 -0.20266377  0.27241225 -0.02720706 -0.14688937 -0.02197358
 -0.70796503 -0.09999395  0.39049135 -0.03810297 -0.31089154 -0.20781665
  0.20916306]",11852.074730087794,34222.94889787868,31.55101616898901,2.4548656141978765e-07,0.0012550263386699402,19271.046769454635,34605.02115093652
489,"[1.34648577e+05 6.13493937e+03 1.31990536e+03 1.05942041e+05
 8.10246904e+03 3.54039569e+03 2.16637932e+04 1.04669491e+04
 9.48698291e+02 5.32648357e+04 2.32873099e+04 8.68063294e+03
 1.00000000e+00]","[ 0.39091881 -0.43786283 -0.14632208  0.20486088 -0.37861639 -0.17893439
 -0.37683997 -0.24730303 -0.15900371  0.25385677  0.27574077  0.17096511
 -0.13622764]",78283.13256478462,31223.979278366605,33.593774378998205,2.4548656141978765e-07,0.0012550263386699402,19361.286194398224,34793.74446400305
490,"[1.57041733e+04 9.19724253e+02 2.54151096e+03 1.60071085e+05
 1.18115029e+04 2.61799599e+04 3.14285870e+04 5.32413196e+03
 1.00496213e+03 1.40833181e+04 9.31799621e+04 1.18333668e+03
 1.00000000e+00]","[-0.23648821 -0.20317255  0.17372974  0.258726   -0.25305752  0.43461475
 -0.17176714 -0.21757838 -0.03564143 -0.43549279  0.39524573  0.04650291
  0.35580149]",70503.13016567478,32525.455196019902,33.050309957994614,2.4548656141978765e-07,0.0012550263386699402,19303.611336509417,34826.52785548962
491,"[2.09596522e+04 1.99559666e+04 3.51865844e+03 6.85656339e+04
 4.43192285e+04 5.31836660e+03 3.30543296e+04 5.48370336e+03
 1.82025141e+03 4.60655900e+04 5.31980315e+03 5.34095703e+04
 1.00000000e+00]","[-0.10242576  0.23349419 -0.32817882 -0.50318632  0.1439971  -0.25920578
 -0.39306985 -0.35639417 -0.09156308 -0.0260727  -0.25312773  0.34343812
  0.11645231]",-27458.2885758366,33918.92974292914,30.006929121998837,2.4548656141978765e-07,0.0012550263386699402,19256.548231364988,33029.214362180915
492,"[1.58655282e+04 8.09534635e+02 1.29858950e+03 1.32790518e+05
 1.56723592e+04 3.77579469e+03 2.63319423e+04 3.60492249e+04
 7.88831551e+04 3.78569624e+04 6.26933087e+03 1.18333668e+03
 1.00000000e+00]","[-0.29769692 -0.17285481  0.18694923  0.27174182 -0.02463942  0.03243671
 -0.4124303   0.3600019   0.64461965  0.20726868  0.04545326 -0.09554003
  0.04069494]",92186.61263198813,33239.36973073862,31.141631025006063,2.4548656141978765e-07,0.0012550263386699402,19197.065484748422,33573.665619157706
493,"[9.06538846e+04 6.90614232e+03 1.17555539e+03 5.00777692e+04
 3.46115992e+04 8.86852029e+03 8.92626853e+04 3.76698532e+04
 3.56616184e+03 4.85754560e+04 1.57060326e+03 1.20717327e+03
 1.00000000e+00]","[ 0.27912733  0.10682221 -0.03968367 -0.52832445  0.09724861  0.40100614
  0.3006765   0.22881913  0.32346148  0.30865266 -0.24360564 -0.23084909
  0.06647448]",57404.02471943934,33587.234201137195,35.79384567498346,2.4548656141978765e-07,0.0012550263386699402,19178.341276077823,33739.33462230327
494,"[1.45982291e+04 5.45321098e+03 1.15278339e+03 1.98359685e+05
 6.94161341e+04 3.09707929e+03 2.31938557e+04 5.40997089e+04
 9.48698288e+02 1.32170838e+04 6.01137474e+03 3.96715874e+03
 1.00000000e+00]","[-0.13887406  0.33471885 -0.12932991  0.25027232  0.33085545 -0.07245879
 -0.27997752  0.34183935 -0.20305557 -0.52836171 -0.09458068  0.3675233
 -0.1222339 ]",77748.07530064859,31756.67663715432,34.98503990698373,2.4548656141978765e-07,0.0012550263386699402,19159.83346952781,34123.365789430914
495,"[9.78130475e+03 1.30593167e+03 5.89265959e+03 1.39884396e+05
 1.62564278e+04 2.30387421e+04 1.34678508e+04 1.44367925e+04
 9.48698289e+02 1.09624586e+05 3.58030220e+04 1.18333669e+03
 1.00000000e+00]","[-0.48356932 -0.11915441  0.30681334  0.16177791  0.0276208   0.28554521
 -0.60627782 -0.07035353 -0.17539336  0.2634902   0.21845479  0.15488401
 -0.07023928]",54122.44492231216,33929.532335824915,32.6975819520012,2.4548656141978765e-07,0.0012550263386699402,19240.461672568574,31530.458552406442
496,"[1.01651670e+04 6.68214611e+03 2.77751634e+03 8.93925528e+04
 3.65091232e+04 8.42486853e+03 1.22082829e+04 5.00501326e+04
 4.21375649e+03 8.79292204e+04 1.10115426e+04 1.32152952e+04
 1.00000000e+00]","[-0.52302304  0.10512796 -0.30300996 -0.18475049  0.09691584  0.19390824
 -0.6157102   0.1593325   0.25245639  0.15116832 -0.04948132  0.21712014
  0.04233924]",339.12813356406986,36531.60198373301,36.16231658300967,2.4548656141978765e-07,0.0012550263386699402,19266.848267205103,33784.51063431169
497,"[1.51068980e+05 1.06529747e+04 1.37095771e+03 6.52087436e+04
 2.59874900e+04 5.39301106e+03 6.05581476e+04 1.42539973e+04
 9.48698288e+02 1.33964903e+04 9.64987892e+03 6.29938281e+03
 1.00000000e+00]","[ 0.22293995 -0.39160401 -0.26064298 -0.49379268 -0.05818261 -0.16991731
 -0.03103113  0.06770893 -0.17324577 -0.56980329  0.0104507   0.30362705
  0.01962352]",-12176.010741764505,33147.02652811803,34.366069739015074,2.4548656141978765e-07,0.0012550263386699402,19279.27009032971,32259.411506099474
498,"[1.03564071e+04 1.44634049e+04 5.99931986e+03 2.35718123e+05
 1.02809880e+04 3.91056883e+03 5.49323041e+04 4.33810208e+03
 1.04470856e+03 1.00086106e+04 8.35217422e+03 3.56281833e+03
 1.00000000e+00]","[-0.45709903  0.06562422 -0.02341925  0.11476311 -0.41525796 -0.24299251
  0.02606652 -0.39932826 -0.20892907 -0.5546848  -0.16884205 -0.01800724
 -0.03534643]",10362.273975776032,32635.819961451412,31.357664321985794,2.4548656141978765e-07,0.0012550263386699402,19183.889356652788,32632.363226481815
499,"[1.26202160e+04 1.02491841e+04 1.13693342e+03 1.06928878e+05
 1.56412930e+04 2.76823671e+03 7.78094266e+04 1.34270562e+04
 9.48698288e+02 1.58756148e+05 3.26403276e+03 4.09351833e+03
 1.00000000e+00]","[-0.40019309  0.33143991  0.08368913  0.22721471  0.16362354 -0.06255322
  0.37292292 -0.23093697  0.0613133   0.43169553 -0.3119565   0.32518094
  0.23472082]",119945.28527338876,33367.90546923979,33.00489195997943,2.4548656141978765e-07,0.0012550263386699402,19208.77165149982,32780.27787170356
500,"[2.36449902e+04 1.62704670e+03 1.83839024e+04 7.36834935e+04
 3.14444485e+04 2.87937286e+03 1.67119849e+05 4.23036071e+04
 9.48698288e+02 1.43686115e+04 3.94356966e+03 2.57035880e+03
 1.00000000e+00]","[-0.09891691  0.07721622  0.50134639 -0.23608463  0.17526746 -0.18895439
  0.35905727  0.27241954 -0.32789928 -0.40935469 -0.17746285  0.31759117
 -0.01286687]",60028.48855123585,33597.77195926122,36.102714861015556,2.4548656141978765e-07,0.0012550263386699402,19192.353062372,32975.73537676534
501,"[1.04138878e+05 8.48060140e+03 1.81638199e+03 6.53977608e+04
 7.99333042e+04 3.32178497e+03 5.17483380e+04 8.26385924e+03
 1.04470856e+03 1.70689226e+04 4.53822841e+03 1.43737895e+04
 1.00000000e+00]","[ 0.24515901  0.15003528  0.03322407 -0.34298793  0.36749953 -0.23904901
  0.01941395 -0.31526012 -0.18527436 -0.43887891 -0.04999251  0.51814423
 -0.09360428]",30949.412255236963,33406.65972250715,33.967127894982696,2.4548656141978765e-07,0.0012550263386699402,19103.474582588202,31654.684751744568
502,"[2.62821868e+04 1.71545771e+03 1.11969732e+03 8.92613419e+04
 1.42141474e+05 7.43736214e+03 3.57969503e+04 8.88659986e+03
 3.91383783e+03 6.20359748e+04 2.39718003e+04 1.20585558e+03
 1.00000000e+00]","[ 0.2642649   0.15337391 -0.11492511  0.03162907  0.44059278  0.42416195
 -0.01913164  0.07103266  0.48134135  0.27763412  0.3875702   0.2289497
 -0.03983081]",104304.66622379709,32446.103828010906,30.02044721398852,2.4548656141978765e-07,0.0012550263386699402,19228.200946669036,34483.22420428217
503,"[2.68841507e+04 1.63104510e+03 2.60791761e+03 1.00120970e+05
 8.60849012e+03 1.19470127e+04 2.07338295e+04 1.10802755e+05
 4.19179216e+03 3.74691813e+04 2.43571690e+03 1.73732689e+04
 1.00000000e+00]","[ 0.12408251 -0.06690811 -0.11312455 -0.12261006 -0.13037956  0.30816075
 -0.62687745  0.32606509  0.34954505  0.0137441  -0.14716315  0.43672465
 -0.07927629]",25555.442189764617,34219.903857067955,33.74190357400221,2.4548656141978765e-07,0.0012550263386699402,19043.24512100066,34353.451189185915
504,"[2.24523344e+04 2.66404044e+03 1.89338266e+04 1.43011000e+05
 1.12722296e+05 3.21226340e+03 1.53757951e+04 2.03162339e+04
 2.17796422e+03 1.95223756e+04 1.55933693e+04 1.18333668e+03
 1.00000000e+00]","[ 0.04934943  0.22938706  0.39633995  0.16515073  0.32264909 -0.26272469
 -0.53430409  0.11009868  0.36628433 -0.15673465  0.26812627  0.05093427
  0.2379934 ]",64368.37844128267,32229.674363776314,33.920781028980855,2.4548656141978765e-07,0.0012550263386699402,19170.726635195293,32912.236409920064
505,"[1.80487600e+04 1.61012880e+03 5.97793466e+03 1.11255900e+05
 1.21768069e+04 3.12653996e+03 2.61447537e+04 4.24683001e+04
 9.48698289e+02 1.61323082e+05 7.54483591e+03 1.34530152e+03
 1.00000000e+00]","[-0.19548167  0.1183295   0.36720943  0.20364398 -0.07589129 -0.12537406
 -0.26232199  0.51881503 -0.12026773  0.53525181 -0.33133025  0.02952007
  0.02003516]",119147.09578300314,34572.87341455724,30.554453221004223,2.4548656141978765e-07,0.0012550263386699402,19040.672652502406,33519.74976415967
506,"[2.87818440e+04 2.50543564e+03 3.90846644e+03 5.89284436e+04
 3.11951600e+04 8.45714641e+03 4.95486786e+04 1.47720096e+04
 4.73286448e+03 2.23142467e+04 4.34728846e+04 3.61584389e+04
 1.00000000e+00]","[-0.01201135  0.08226438 -0.17750922 -0.674935    0.02654454 -0.10862357
 -0.22721298 -0.11864969 -0.03828706 -0.49288679  0.17730805  0.29961724
  0.24944423]",-46345.211708283394,35077.98854840436,31.45039862699923,2.4548656141978765e-07,0.0012550263386699402,19115.841980493882,33575.74004967144
507,"[1.98854641e+04 4.18903499e+04 1.38725909e+03 5.90055630e+04
 7.66330181e+04 3.51944544e+03 5.63227234e+04 2.92830191e+04
 9.48698287e+02 7.00282877e+04 1.04278442e+04 9.77003748e+03
 1.00000000e+00]","[-0.03155699  0.40041838  0.06946429 -0.48088809  0.34730244  0.01960611
 -0.01261431  0.24795767 -0.22924065  0.25548415 -0.0071561   0.53862899
 -0.10931285]",43963.07767717599,32622.279752563772,33.7652332209982,2.4548656141978765e-07,0.0012550263386699402,19039.346722756305,33618.52094431053
508,"[1.03030213e+05 6.82528254e+03 1.57675555e+03 1.15228231e+05
 6.25015477e+04 1.25546341e+04 9.68440066e+03 2.41904203e+04
 9.48698289e+02 1.60277580e+04 3.76784253e+03 2.25062862e+03
 1.00000000e+00]","[ 0.19647806 -0.27380581  0.06154101  0.04794748  0.17625343  0.21427938
 -0.80628543  0.12826794 -0.0071999  -0.35420675 -0.09485641  0.00620985
 -0.04754107]",26969.6426316688,32267.138360200137,35.82661306299269,2.4548656141978765e-07,0.0012550263386699402,19023.74894775062,31814.842414554732
509,"[8.31624652e+04 5.40326810e+03 1.13602037e+03 9.02946947e+04
 1.14670415e+05 2.64512172e+03 4.04890997e+04 2.62856699e+04
 9.48698288e+02 1.79342298e+04 1.89935498e+04 1.15789435e+03
 1.00000000e+00]","[ 0.43736207 -0.3178269  -0.1270549   0.04006514  0.4743529  -0.18267944
  0.05662721  0.36992533  0.2126837  -0.10586264  0.44900402 -0.13510708
  0.12336402]",110730.76316855718,34022.43546813089,33.76532584900269,2.4548656141978765e-07,0.0012550263386699402,19159.53842975295,31505.308280021225
510,"[3.19564448e+04 1.90117700e+04 4.78157154e+04 6.91711319e+04
 4.11706675e+04 4.07813325e+03 1.65875214e+04 2.70123467e+03
 3.60904199e+03 4.76388033e+04 4.87437387e+03 1.21465883e+03
 1.00000000e+00]","[-0.13136202  0.121426    0.24259042 -0.36444957  0.0619529  -0.03245546
 -0.7934956  -0.17336872 -0.06100252  0.06768945 -0.29960894 -0.10181755
 -0.05750772]",-25290.898736173673,33897.37162505931,33.11741395900026,2.4548656141978765e-07,0.0012550263386699402,19045.474095419995,34856.88189071644
511,"[1.39653129e+04 7.41711106e+04 2.00498727e+04 1.16016840e+05
 8.79395618e+03 5.22129286e+03 2.05187878e+04 2.44845913e+03
 5.20530054e+03 2.90042545e+04 5.30515588e+03 1.52866758e+04
 1.00000000e+00]","[-0.52382252  0.25972494  0.23993942  0.02876548 -0.2953072  -0.0825172
 -0.48925991 -0.32313836  0.11434962 -0.20633415 -0.0488067   0.30000509
  0.11794354]",5176.728051789042,32786.82444331977,31.6822375979973,2.4548656141978765e-07,0.0012550263386699402,19173.728743525735,34462.54108430931
512,"[9.63128302e+04 7.05333656e+04 1.09706506e+03 8.00597018e+04
 1.45480900e+04 1.27154831e+04 6.72209435e+04 1.04894891e+04
 9.48698288e+02 3.17942868e+04 7.63536466e+03 5.32782001e+03
 1.00000000e+00]","[ 0.32812701  0.38441662 -0.2306419  -0.16296109  0.04511197  0.45586959
  0.28963684 -0.18988587  0.10928394  0.19074405  0.18732734  0.48747921
 -0.1181204 ]",79543.78932202494,32538.899967884703,31.60521117100143,2.4548656141978765e-07,0.0012550263386699402,19016.095432073405,32901.68030820503
513,"[4.19537654e+04 9.88243549e+02 5.06103718e+04 8.14348589e+04
 1.37899380e+04 3.88623925e+04 2.92172508e+04 2.85917912e+04
 7.15258758e+02 1.44615811e+04 3.01192413e+02 2.73128050e+03
 1.00000000e+00]","[ 0.10108311 -0.17860715  0.34415065 -0.31482201  0.02216447  0.37076283
 -0.47194995  0.13942219 -0.09361688 -0.47582329 -0.32480015  0.084768
 -0.11110717]",-6058.487442324151,32962.26158935923,32.17221106198849,2.4548656141978765e-07,0.0012550263386699402,19104.147100788898,35656.095223562865
514,"[4.57405201e+04 3.23425978e+03 1.08200579e+03 1.46854252e+05
 3.98604915e+03 3.92654452e+03 7.00984676e+04 2.30832481e+04
 5.90893183e+04 1.40513152e+04 1.07226171e+04 1.18333723e+03
 1.00000000e+00]","[ 0.32426986  0.00765064 -0.07612636  0.27378089 -0.54781891  0.03556359
  0.19741379  0.25782929  0.49655333 -0.21270363  0.1923262   0.26016471
 -0.10362324]",101448.7156589469,34419.75934157646,32.04443538398482,2.4548656141978765e-07,0.0012550263386699402,19008.999852726858,33180.47571228219
515,"[1.21373415e+05 1.06490895e+04 4.85086807e+03 1.82087547e+05
 1.61553957e+04 2.64512173e+03 3.33900998e+04 9.93635011e+03
 9.48698288e+02 2.74547975e+04 4.61026322e+03 1.14537194e+03
 1.00000000e+00]","[ 0.56818479  0.42328732  0.23889813  0.47555905  0.2265529  -0.18847635
  0.03172622  0.06341171 -0.03391952  0.27648643 -0.02645755 -0.17282814
  0.12133906]",173312.2204184313,31882.66998354558,34.74044653301826,2.4548656141978765e-07,0.0012550263386699402,19033.761908976147,30045.10176800433
516,"[1.50935571e+04 1.11870120e+05 1.55847055e+03 8.28352290e+04
 8.81543481e+03 6.13119731e+03 7.17080017e+04 2.27178104e+04
 1.23142463e+04 4.17827362e+04 1.13393257e+03 1.24263236e+03
 1.00000000e+00]","[-0.42007293  0.382243   -0.10894395 -0.25026484 -0.07974373  0.36605605
  0.06773156  0.11971576  0.43674614  0.21643024 -0.41130288 -0.18351589
 -0.05669966]",38365.3633459148,32914.96966484618,32.71049845899688,2.4548656141978765e-07,0.0012550263386699402,18946.726862704723,31822.71736065776
517,"[1.50548981e+04 1.57551870e+03 1.18920433e+03 1.06314414e+05
 3.88845636e+04 3.77044710e+03 3.80682086e+04 3.69575003e+04
 7.01413410e+04 5.77998090e+04 3.53737185e+03 1.24025360e+03
 1.00000000e+00]","[-0.27562581  0.11244795  0.14652313  0.11158303  0.30119557  0.07623575
 -0.02960476  0.34081377  0.63048674  0.40076894 -0.25064629 -0.12666538
  0.16403655]",97876.69211998017,32428.549241770044,31.09207160701044,2.4548656141978765e-07,0.0012550263386699402,18918.47943924393,32430.266227663924
518,"[2.84047799e+04 2.31365447e+04 2.35911074e+03 6.03432121e+04
 3.60553462e+04 7.80442969e+03 5.71015344e+04 2.28855779e+04
 5.84848609e+04 3.24076261e+04 1.76427383e+03 1.24263235e+03
 1.00000000e+00]","[ 0.09921803  0.27323143 -0.36280805 -0.59154591  0.16975997  0.38333541
 -0.06264523  0.11241113  0.47290786  0.02137272 -0.09826239 -0.07922781
 -0.03984684]",8774.87283557251,31704.52241081327,35.06241434198455,2.4548656141978765e-07,0.0012550263386699402,19038.79753508256,34025.7528642456
519,"[1.60420180e+04 1.41142704e+04 2.64440134e+04 9.72220520e+04
 7.14039172e+03 6.49958692e+03 2.15010057e+04 3.62912724e+03
 3.60627885e+03 4.91515726e+04 8.65867966e+04 1.53431063e+03
 1.00000000e+00]","[-0.53615984  0.24615285  0.27024406 -0.17355532 -0.17391148  0.00550723
 -0.51144102 -0.21875885 -0.07241441 -0.00161298  0.26827894 -0.01580255
  0.36278847]",-4985.182474398337,33089.29686219833,32.49910981301218,2.4548656141978765e-07,0.0012550263386699402,18931.159628397323,32285.532187263823
520,"[6.43793392e+04 4.44346445e+03 2.35662554e+04 1.07157189e+05
 5.09925123e+03 3.32086922e+03 3.24894730e+04 5.67569822e+03
 1.14599214e+03 3.65979919e+04 1.68507387e+04 5.87020602e+04
 1.00000000e+00]","[ 0.29636375  0.14253403  0.39111803  0.23443644 -0.28502312 -0.10411141
  0.04845299 -0.24292464  0.36532864  0.17989078  0.2929282   0.49968884
 -0.17076244]",93719.03948486206,36463.24920293965,34.42881837199093,2.4548656141978765e-07,0.0012550263386699402,19005.716756950624,32208.811270343
521,"[1.34555570e+04 1.53978314e+03 6.21297790e+03 7.47621713e+04
 3.06327792e+03 7.16834474e+04 4.69616093e+04 8.34905247e+03
 1.86458966e+04 2.66361431e+04 8.28407277e+02 1.24263235e+03
 1.00000000e+00]","[-0.55834935 -0.06285682 -0.00378493 -0.37645794 -0.30934301  0.29845821
 -0.05458956 -0.26723415  0.2499761  -0.19774785 -0.23530379 -0.35326227
 -0.04051219]",-21366.025810122,31721.29644054099,31.251781414001016,2.4548656141978765e-07,0.0012550263386699402,18956.268834804432,32903.48841186833
522,"[1.57246292e+04 1.71978480e+03 1.22910598e+03 1.33647482e+05
 5.71505482e+04 2.85676968e+03 5.67004483e+04 1.38603959e+04
 4.34478318e+03 3.39526100e+04 5.09657086e+03 6.90263950e+04
 1.00000000e+00]","[-0.04478222  0.09347655  0.18224271  0.26070194  0.34334505 -0.15575236
  0.21485091  0.13152037  0.51708695  0.29414609  0.02814157  0.55415503
  0.14385774]",118333.75694233814,31645.295065514685,33.512883265007986,2.4548656141978765e-07,0.0012550263386699402,18940.270184991372,33069.806068288926
523,"[1.39212176e+04 1.19745511e+03 5.10452632e+03 8.05293221e+04
 8.81596208e+03 2.04314574e+04 2.86805050e+04 3.64194214e+04
 9.48698287e+02 6.51876262e+04 9.65964507e+04 1.18333668e+03
 1.00000000e+00]","[-0.51136033 -0.16594699  0.29795081 -0.33648213 -0.02886536  0.34217637
 -0.35891034  0.28549804 -0.01426659  0.07210264  0.32006377  0.01775296
 -0.26939812]",9571.805220629907,31540.705608091164,32.75788084600936,2.4548656141978765e-07,0.0012550263386699402,18878.446374160743,31986.28563830407
524,"[1.94789084e+04 2.07105820e+03 1.16065356e+03 5.97219177e+04
 4.99478701e+04 3.19852404e+03 7.61085432e+04 1.16078892e+04
 7.36783810e+03 6.70594844e+04 9.06130901e+04 1.18333668e+03
 1.00000000e+00]","[-0.03110882  0.25179429 -0.03183387 -0.36847411  0.30080187 -0.30326975
  0.27952289 -0.38615849  0.42857437  0.21963509  0.39177405 -0.03439034
 -0.05054116]",62063.97225101196,32610.915268144192,35.35606990501401,2.4548656141978765e-07,0.0012550263386699402,18870.771466609887,30791.356504016418
525,"[5.73455388e+04 7.82684861e+03 1.27361736e+03 7.91317610e+04
 2.24077975e+04 4.14843660e+03 7.46417827e+04 1.43652613e+04
 9.48698290e+02 2.39888872e+04 1.11895681e+05 1.18333668e+03
 1.00000000e+00]","[ 0.36850315  0.47409349  0.03631156 -0.23379641  0.0567512   0.10628407
  0.30477682 -0.31215463 -0.09508609 -0.06503879  0.52700372 -0.26943892
 -0.12252922]",83365.74306071628,31704.147261376595,32.14151532400865,2.4548656141978765e-07,0.0012550263386699402,18937.896099665762,33748.36073176858
526,"[2.12148836e+04 5.63878974e+03 1.94070758e+04 8.00598306e+04
 1.08973192e+04 7.06959178e+04 2.78181035e+04 4.21720027e+03
 4.10408095e+03 2.79177905e+04 2.09301500e+04 1.18333668e+03
 1.00000000e+00]","[-0.30417005  0.21723797  0.35289379 -0.38813498 -0.0383167   0.38751501
 -0.4442638  -0.14622618  0.31544189 -0.16093975  0.20706203 -0.00205157
  0.21548292]",-14317.274558694979,32431.275766870567,30.887025140982587,2.4548656141978765e-07,0.0012550263386699402,18939.65047622709,31537.415252905223
527,"[1.88538991e+04 1.98926897e+03 6.17522590e+04 7.59615669e+04
 1.85239798e+04 2.79057129e+03 1.27392836e+05 2.50214988e+04
 9.48698287e+02 3.14502770e+04 4.15706216e+03 2.22105274e+03
 1.00000000e+00]","[-4.02533131e-01  6.52072754e-02  5.79298775e-01 -2.91434105e-01
  1.07568686e-01 -5.52046821e-02  3.76175746e-01  2.51308348e-01
 -1.79523025e-04  1.79019939e-01 -9.47223329e-02  3.57395467e-01
  1.58617511e-01]",68254.60929087625,30279.72719356772,35.012500876007834,2.4548656141978765e-07,0.0012550263386699402,18875.838876959308,32594.756595614133
528,"[7.99330330e+03 1.03077184e+04 7.49790290e+03 1.06990029e+05
 1.15772475e+04 3.64761965e+03 7.41296896e+04 2.69783224e+04
 9.48698289e+02 1.54564523e+04 3.39856980e+04 5.83392570e+04
 1.00000000e+00]","[-0.68809086  0.22558075  0.30824914  0.03698348 -0.01392199 -0.02957065
  0.10873031  0.12631626 -0.04974272 -0.34658616  0.25286693  0.38908498
 -0.11174774]",40180.58612132918,31702.811532333966,30.1220708740002,2.4548656141978765e-07,0.0012550263386699402,18879.918858934092,31410.29105236887
529,"[3.72456414e+04 3.63569850e+03 1.87528024e+04 5.06845223e+04
 1.99416239e+04 1.44146883e+04 7.58745584e+04 3.91952412e+04
 9.48698288e+02 1.92276054e+04 3.75571650e+03 3.17039894e+04
 1.00000000e+00]","[ 0.11197153  0.18999801  0.16113772 -0.65633988 -0.03354194  0.32617932
  0.05640304  0.18796065 -0.18670444 -0.38917448 -0.14153334  0.37136746
 -0.06577544]",-6121.464891738977,35821.27713103048,31.784574904013425,2.4548656141978765e-07,0.0012550263386699402,18905.948459191517,31675.08025495606
530,"[3.19500323e+04 8.30007769e+04 4.25437999e+03 6.41101084e+04
 1.93646081e+04 5.09242541e+03 7.09801665e+04 1.60415905e+04
 1.89762858e+03 7.03488212e+04 1.16143330e+04 1.62670811e+03
 1.00000000e+00]","[ 0.18604155  0.37245734 -0.09796153 -0.73144209 -0.30623351 -0.14452102
  0.08996831  0.02977646 -0.05836119  0.28887402  0.00607319 -0.20061092
 -0.17685591]",9701.48107010333,30884.155634670697,33.61369375701179,2.4548656141978765e-07,0.0012550263386699402,18893.28675704015,32391.211361278292
531,"[9.70364055e+03 1.47553382e+04 5.10476017e+03 5.55878877e+04
 3.00706296e+03 2.04021883e+04 9.03666042e+04 1.43208695e+04
 3.22002007e+04 2.59871738e+04 3.56448536e+03 1.38629931e+03
 1.00000000e+00]","[-0.56136552  0.15927432 -0.0291941  -0.59975898 -0.30818325  0.27461657
  0.12705729 -0.14267675  0.23882988 -0.08931009 -0.10512259  0.12339109
 -0.02745527]",-17305.198844372622,31457.733477872687,32.09148514998378,2.4548656141978765e-07,0.0012550263386699402,18895.02749169064,33755.58730033324
532,"[1.44679338e+04 1.37456441e+04 3.68816464e+03 7.93638744e+04
 2.27965649e+04 3.14915633e+03 1.66991814e+05 2.75612301e+04
 9.48698288e+02 1.13714065e+04 2.91430476e+04 1.18333668e+03
 1.00000000e+00]","[-0.43575271  0.29339698  0.10654246 -0.34845303 -0.0734506  -0.26632419
  0.28946718  0.19602892 -0.20581531 -0.51007     0.28038514 -0.06299112
  0.08723402]",23796.53725054318,34223.362614813144,36.74214497199864,2.4548656141978765e-07,0.0012550263386699402,18860.062984922355,32073.38632405873
533,"[2.40879297e+04 1.60155266e+03 1.27524878e+04 1.08558727e+05
 2.10932630e+04 9.14132149e+04 4.64529413e+04 3.07706039e+04
 9.48698289e+02 2.20170304e+04 4.13014030e+03 1.19140768e+03
 1.00000000e+00]","[ 0.2198653   0.21841103  0.51106413  0.15380803  0.23544337  0.57058225
  0.07969508  0.28336085  0.37875258 -0.05260221 -0.01550092 -0.05084142
 -0.0492385 ]",97483.2554225832,35865.20042866755,32.76040140897385,2.4548656141978765e-07,0.0012550263386699402,18896.732578385425,33273.694909233745
534,"[4.79945249e+04 3.18476898e+03 2.30875037e+03 9.54394996e+04
 7.39900254e+03 2.34981788e+04 3.19213555e+04 6.40804985e+03
 1.27747689e+03 2.84277894e+04 1.10520293e+05 1.69641903e+03
 1.00000000e+00]","[ 0.25686778 -0.20719059 -0.15110724 -0.20810048 -0.15319527  0.44725641
 -0.46091656 -0.21006783 -0.14460389 -0.1325552   0.43882037  0.3362356
  0.02780811]",29891.530488335975,35113.93412620291,34.527042158995755,2.4548656141978765e-07,0.0012550263386699402,18902.730205026586,31801.58885814165
535,"[6.22300502e+04 1.18178287e+04 1.15820507e+03 8.22336019e+04
 2.10330881e+04 3.76047032e+03 5.25903803e+04 8.13044404e+03
 3.06606610e+03 6.88413627e+04 9.02813895e+02 5.48280516e+04
 1.00000000e+00]","[ 0.22842472  0.25632421 -0.31959196 -0.11208032  0.16132652 -0.01144827
  0.12960796 -0.30141854  0.35194269  0.27983588 -0.44495015  0.45316666
  0.16762434]",60160.83402314527,31040.007895424736,35.481721255986486,2.4548656141978765e-07,0.0012550263386699402,18854.744097546703,32717.30223147002
536,"[8.57303392e+04 4.17217458e+03 3.13446182e+04 5.29092156e+04
 1.39764906e+04 9.67694903e+03 1.00483648e+05 1.46282087e+04
 1.00828450e+03 1.96758874e+04 9.99047185e+03 1.18333668e+03
 1.00000000e+00]","[ 0.27821209  0.00807701  0.35749775 -0.64404799 -0.02729806  0.30835791
  0.32108467 -0.17339626  0.10484957 -0.21944257  0.18577737 -0.23264823
  0.05614294]",30712.936597383374,31434.217661564253,33.174086653016275,2.4548656141978765e-07,0.0012550263386699402,18805.81454921356,32979.775567077566
537,"[9.11008219e+04 5.40024457e+03 1.88334784e+04 6.58670637e+04
 3.97343421e+04 4.79043393e+03 7.25950493e+04 1.65257204e+04
 9.50387449e+02 6.71296096e+03 4.39500615e+04 1.52570718e+03
 1.00000000e+00]","[ 0.25803085 -0.07180043  0.39624476 -0.32181447  0.20717339  0.27361484
  0.11194808  0.0290129  -0.08458373 -0.5052628   0.34774262  0.37680711
  0.1057207 ]",39919.8594154545,34342.949613178156,32.7370805980172,2.4548656141978765e-07,0.0012550263386699402,18960.25852192313,31755.79895746922
538,"[3.17596613e+04 5.20722423e+03 1.42965335e+03 1.14422913e+05
 3.65946091e+04 3.73920858e+03 2.47355590e+04 2.32184451e+03
 1.37131394e+04 2.60854861e+04 1.07692597e+05 1.18333668e+03
 1.00000000e+00]","[ 0.16945201  0.31187646 -0.10708802  0.07880002  0.08035265 -0.24939554
 -0.50440419 -0.4813939   0.32586211 -0.04986053  0.37318156 -0.17904202
 -0.14673354]",47427.50233113668,31798.09586068026,36.182305099006044,2.4548656141978765e-07,0.0012550263386699402,18819.222823267355,31401.518210399438
539,"[4.57548978e+04 3.57613558e+03 2.04293092e+04 7.89438784e+04
 5.68091740e+04 4.43267665e+03 2.86032827e+04 5.33008928e+03
 5.33909714e+04 3.01605100e+04 7.52331529e+03 1.19140768e+03
 1.00000000e+00]","[ 0.23174153 -0.07032844  0.35912758 -0.35703557  0.26805594  0.10026536
 -0.47385115 -0.09911555  0.54447511 -0.00249993  0.10303164  0.05480447
  0.24198839]",20928.58047568197,30494.952862262828,34.65093528700527,2.4548656141978765e-07,0.0012550263386699402,18722.738225565754,34973.881502347256
540,"[1.53798566e+05 1.09907674e+04 9.21268539e+03 1.07561696e+05
 1.37280015e+04 3.32275589e+03 2.08173216e+04 6.29119612e+03
 3.00963630e+03 1.15674974e+04 2.00632809e+04 1.84407202e+03
 1.00000000e+00]","[ 0.32092135  0.00260858 -0.01067177  0.14358154 -0.00994286 -0.16621288
 -0.53082285 -0.25424356  0.05253141 -0.45876494  0.24933732  0.4484084
 -0.16022128]",52073.48628438399,32620.879125933716,39.942616696003824,2.4548656141978765e-07,0.0012550263386699402,18867.03507817096,33853.31485022351
541,"[4.45405203e+04 1.03298425e+04 1.08200579e+03 9.15802047e+04
 9.17298891e+03 3.43830688e+03 1.04638700e+05 2.61677442e+04
 5.77925524e+04 1.22732704e+04 1.84386527e+04 1.18333668e+03
 1.00000000e+00]","[ 0.26580733  0.33447564  0.08187668  0.08421307 -0.00412381 -0.24192638
  0.33792947  0.24367903  0.51577475 -0.40507461  0.28053017  0.13949839
 -0.20806174]",94136.31791675722,35525.970356311314,34.84432132501388,2.4548656141978765e-07,0.0012550263386699402,18880.397733469043,34035.98228923339
542,"[1.72357003e+04 7.93136728e+04 1.13179769e+03 1.64521998e+05
 1.47303529e+04 3.53241111e+03 6.30055961e+04 8.68762980e+03
 8.04856473e+03 1.86188381e+04 2.48766976e+04 1.18333668e+03
 1.00000000e+00]","[ 0.01921263  0.42926857  0.02082702  0.29562165 -0.04830962  0.12517676
  0.30074909 -0.38566353  0.44183108 -0.10259019  0.39368177 -0.10785342
 -0.31302857]",109678.33615285408,34337.52940303726,33.164721191016724,2.4548656141978765e-07,0.0012550263386699402,18872.632202696295,31370.135199699675
543,"[1.01918852e+05 5.55775419e+03 1.38033991e+04 7.45798088e+04
 1.03360482e+04 7.61270016e+03 5.17453173e+04 6.20196458e+03
 2.71200088e+03 9.98900377e+04 1.16207951e+04 1.17099182e+03
 1.00000000e+00]","[ 0.38097843  0.02018315  0.25443699 -0.31003425 -0.27801443  0.34685573
  0.17518232 -0.24781874  0.42639572  0.37112508  0.20845686 -0.05628409
  0.19420471]",67210.50092395004,30419.769575506813,36.716992372996174,2.4548656141978765e-07,0.0012550263386699402,18806.330399236052,32195.453819145638
544,"[1.92840669e+04 9.61242074e+02 8.14278431e+04 1.15668868e+05
 3.80698362e+03 3.37799643e+03 4.33798109e+04 1.39813437e+04
 1.79625536e+03 5.71739880e+04 2.36666150e+04 1.16750479e+03
 1.00000000e+00]","[-0.12431608 -0.17710901  0.51351139  0.24692658 -0.53284911  0.06168191
  0.0986494   0.17401446  0.32724539  0.29806595  0.29086676 -0.14207262
 -0.00668638]",97047.83026054052,32173.394821566093,31.41779291900457,2.4548656141978765e-07,0.0012550263386699402,18778.77559588467,33573.54018335254
545,"[1.22818908e+05 4.15506303e+04 2.23008839e+04 7.99108127e+04
 8.22162976e+03 3.03493660e+03 4.11256981e+04 2.21671017e+04
 9.48698287e+02 1.31302412e+04 1.65890705e+04 1.18333668e+03
 1.00000000e+00]","[ 0.33144959  0.42476075  0.32405862 -0.34252205 -0.22938601 -0.35290891
  0.0099857   0.23082956  0.14950674 -0.38655143  0.25576693  0.05874629
  0.12726886]",40162.34279635889,32725.344440506084,29.916896198003087,2.4548656141978765e-07,0.0012550263386699402,18816.038350246225,31646.184766298928
546,"[1.44720322e+04 1.04349663e+05 2.50951168e+03 9.03531899e+04
 1.28195009e+04 5.25937892e+03 9.65295130e+04 1.68095682e+04
 1.32891115e+04 2.79838992e+04 4.30509294e+03 2.11118568e+03
 1.00000000e+00]","[-0.32169431  0.40618209  0.26296669 -0.02954106  0.08928225  0.35253002
  0.34390272  0.10437346  0.46297033  0.1025752  -0.04741497  0.4149861
  0.02771749]",83364.99307339123,31471.31755990183,33.20091163998586,2.4548656141978765e-07,0.0012550263386699402,18817.013881715848,31879.42460463861
547,"[2.83208937e+04 2.91630347e+03 1.56245527e+03 6.01302480e+04
 9.03170598e+04 2.83131194e+03 1.30955040e+05 3.12330988e+04
 9.48698288e+02 2.49402910e+04 1.79865926e+04 1.12035198e+03
 1.00000000e+00]","[ 0.24986111  0.33055124  0.28943195 -0.23769905  0.42518516  0.15050907
  0.39060526  0.3185127  -0.20324662 -0.05103119  0.38966823 -0.02734147
 -0.18458911]",99639.51251864966,32132.58153470485,35.4289308610023,2.4548656141978765e-07,0.0012550263386699402,18739.9651483325,32365.88925557153
548,"[1.54204643e+05 7.91049973e+03 1.07806900e+03 8.46370831e+04
 1.44882570e+04 3.56584516e+03 4.23734015e+04 9.81236403e+03
 2.29650765e+04 3.98691421e+04 6.33211669e+03 1.18333668e+03
 1.00000000e+00]","[ 0.45899866 -0.16991844 -0.33441966  0.01403172  0.13214221 -0.20683707
  0.07673487  0.08404023  0.63245922  0.35225866  0.12194415  0.17424781
 -0.07679142]",105062.7797992943,31476.022659467417,34.75732920100563,2.4548656141978765e-07,0.0012550263386699402,18657.387311110004,33594.3278022271
549,"[1.66765378e+04 2.33757732e+03 8.11759886e+03 2.24117301e+05
 5.05021012e+04 2.62174451e+03 4.82423049e+04 4.41044395e+04
 9.48698306e+02 1.94339027e+04 1.19276063e+04 1.12035198e+03
 1.00000000e+00]","[-0.01803184  0.03054951  0.48857647  0.36864526  0.36273588  0.0324904
  0.26430052  0.38196086  0.3123536   0.14882748  0.3506472   0.02942513
 -0.17949874]",141761.0894303132,31837.249884318007,33.35063181701116,2.4548656141978765e-07,0.0012550263386699402,18709.494549070278,32524.87291469631
550,"[1.35864734e+05 1.08140132e+04 1.30397415e+03 8.82383495e+04
 1.50470924e+04 4.59743338e+03 1.05669224e+05 1.64085570e+04
 9.48698300e+02 2.74481835e+04 6.66572594e+03 1.18319498e+03
 1.00000000e+00]","[ 0.48402523  0.44090374 -0.01042713  0.11659181 -0.01240833  0.03012855
  0.44361237  0.34392851 -0.04624176  0.28107648  0.34803187  0.03534028
 -0.19484157]",143308.19435856957,30259.25019833198,35.91406399500556,2.4548656141978765e-07,0.0012550263386699402,18753.59594937964,30903.176081264377
551,"[1.95038693e+04 1.98221807e+03 9.09745032e+03 8.85227756e+04
 3.18863586e+04 6.09037634e+03 6.11662599e+04 1.32041269e+05
 9.48698288e+02 5.21210728e+04 7.91578120e+02 2.22405892e+03
 1.00000000e+00]","[ 0.01725663  0.20158435  0.43399716  0.07605664  0.2506463   0.3642936
  0.14988817  0.36171663  0.03446969  0.31326627 -0.22936811  0.44924889
 -0.24966142]",95735.4906332406,31773.341193909393,31.33996583998669,2.4548656141978765e-07,0.0012550263386699402,18741.422297523604,32155.34256006131
552,"[3.66127103e+04 2.57149860e+03 1.16065356e+03 1.24910562e+05
 4.82252314e+04 1.24242460e+04 3.19608329e+04 5.03840381e+03
 1.04470857e+03 1.41057601e+04 3.02674990e+04 5.53124769e+04
 1.00000000e+00]","[ 0.24742489  0.20644711  0.00664281  0.1551194   0.31807145  0.27804546
 -0.1562273  -0.31149694 -0.05415961 -0.36716747  0.36152188  0.55029835
  0.0294409 ]",77349.50734604635,31558.050207975684,32.73130545500317,2.4548656141978765e-07,0.0012550263386699402,18564.595475328755,30344.528767192096
553,"[1.36944125e+05 5.74756053e+03 2.91150131e+02 1.04238807e+05
 1.19225906e+04 2.49756155e+04 7.78999159e+04 1.86417836e+04
 6.86473422e+02 2.37851363e+04 5.21312115e+03 1.18333668e+03
 1.00000000e+00]","[ 0.42545944  0.13307167 -0.20045216  0.27722511  0.07292825  0.57785308
  0.34632405  0.28499756  0.04666876  0.16996727  0.27513755 -0.07660147
 -0.17666179]",140879.70437231992,33164.318052108516,32.525653882999904,2.4548656141978765e-07,0.0012550263386699402,18630.91342683769,31424.656170134913
554,"[2.26719510e+04 1.29143928e+03 3.01609383e+03 1.25629517e+05
 1.11950445e+04 3.98776570e+03 2.73699301e+04 4.14104442e+03
 8.19695953e+04 1.40886558e+04 3.77644360e+03 4.32945404e+03
 1.00000000e+00]","[ 0.04562927 -0.1658499  -0.06998345  0.08386313 -0.1927041  -0.14097319
 -0.56169226 -0.09557331  0.39047613 -0.52607026 -0.17609021  0.3410656
 -0.01688996]",18063.3408886021,31759.063309719233,32.333117581991246,2.4548656141978765e-07,0.0012550263386699402,18608.288717454056,31698.20203592827
555,"[2.44496539e+04 2.63115861e+03 3.77638193e+03 6.88080141e+04
 8.38490611e+03 1.03781890e+04 1.61113521e+05 1.14326377e+04
 2.13576746e+04 1.27724517e+04 4.25654757e+03 2.86799744e+03
 1.00000000e+00]","[ 0.06754033  0.17304165  0.16614409 -0.37118981 -0.06766354  0.26952614
  0.2134446  -0.34579049  0.22810151 -0.67139936 -0.16156189  0.04714653
  0.16316972]",5602.56686869396,31421.92388008417,32.33799066900974,2.4548656141978765e-07,0.0012550263386699402,18608.68110488008,31212.43037528827
556,"[8.28635150e+03 7.76518056e+03 1.15106633e+03 1.06996905e+05
 1.15760807e+04 3.73920858e+03 4.59826181e+04 3.49063652e+03
 1.69232383e+04 7.37277457e+04 9.64996409e+04 2.05904792e+03
 1.00000000e+00]","[-0.55349712  0.22042251  0.00493866  0.13044394 -0.05778536 -0.2207244
  0.08602464 -0.3496247   0.38445225  0.26905477  0.30741894  0.34123043
  0.12320776]",69040.4230927797,31624.440443333246,32.637827200000174,2.4548656141978765e-07,0.0012550263386699402,18685.823630216368,30144.99965271025
557,"[2.12187043e+04 8.75202991e+02 1.35967502e+04 1.36405469e+05
 2.71221208e+04 8.16479327e+03 3.83468132e+04 8.88773402e+03
 7.43715767e+04 3.19217291e+04 1.27361272e+04 2.29795095e+03
 1.00000000e+00]","[ 0.06312914 -0.04214523  0.45621891  0.2341578   0.22280109  0.37225412
  0.09256239 -0.03410769  0.47595434  0.14860824  0.25640241  0.40926762
  0.22686826]",96122.26523143897,32451.625184517732,31.477249652001774,2.4548656141978765e-07,0.0012550263386699402,18696.689781380603,34519.65323573536
558,"[1.34685206e+04 1.10850903e+03 5.13139943e+03 2.44009743e+05
 5.01193436e+04 2.88274076e+03 1.73696312e+04 2.05147388e+04
 9.52671686e+02 4.41553696e+04 9.14833103e+02 1.37080664e+03
 1.00000000e+00]","[-0.41436967 -0.19925769  0.43937652  0.3349172   0.29800176  0.08560135
 -0.30098751  0.1450235   0.07774117  0.32372427 -0.37490946  0.15551415
 -0.00566722]",105343.76897613474,31162.312436992346,32.93091189098777,2.4548656141978765e-07,0.0012550263386699402,18555.504170268432,31701.328335302227
559,"[1.62482585e+04 9.91719204e+02 4.05743219e+03 4.35147146e+04
 2.59164974e+04 9.64606628e+03 8.66239323e+04 1.98250756e+04
 5.52656033e+03 8.34519382e+04 1.00004896e+04 1.43481915e+04
 1.00000000e+00]","[-0.41746573 -0.14323778 -0.04458423 -0.71772266 -0.04880592  0.1527544
  0.16522681  0.10360976  0.25971609  0.19898973 -0.20891619  0.27133394
  0.00484635]",-1916.9612296502391,31640.934375549725,33.98404531099368,2.4548656141978765e-07,0.0012550263386699402,18650.581025987438,30311.832077762287
560,"[2.70666822e+04 9.99141428e+04 2.33630406e+04 7.97948436e+04
 1.09782877e+04 3.58727571e+03 7.22399383e+04 1.18218454e+04
 1.04470856e+03 4.80733005e+04 2.51636625e+03 1.24263235e+03
 1.00000000e+00]","[ 0.08517275  0.42760252  0.51208241 -0.24772304  0.02619782  0.04609586
  0.27607189 -0.37666409 -0.23292629  0.34729938 -0.28138577  0.00441242
  0.10646578]",68919.18958448656,32000.525250928316,31.996971855987795,2.4548656141978765e-07,0.0012550263386699402,18491.620213919865,31840.27923910621
561,"[3.44206130e+04 2.18526946e+03 9.09154969e+02 2.21663826e+05
 7.45509258e+03 1.33906545e+04 7.48042251e+04 3.92993573e+04
 6.86473431e+02 2.54195408e+04 1.40479928e+03 1.15196795e+03
 1.00000000e+00]","[ 0.3663246  -0.02292525  0.1996583   0.37155739 -0.20820055  0.43158
  0.3195037   0.3551219   0.20084809  0.15821441 -0.33728991  0.05087324
  0.21871239]",140929.26013477347,31064.915710765636,36.74214725199272,2.4548656141978765e-07,0.0012550263386699402,18546.21052585108,33922.18634345764
562,"[2.73043025e+04 1.56090046e+03 1.97799464e+04 1.87576934e+05
 5.94735368e+03 3.49580827e+03 1.18867719e+05 4.61420683e+03
 2.11599293e+03 2.35775099e+04 3.08548159e+03 1.24263235e+03
 1.00000000e+00]","[ 0.23022556  0.04851065  0.47126854  0.30253942 -0.2767389   0.30482772
  0.3104907  -0.30111184  0.4562048   0.08726148 -0.1579375  -0.00173394
  0.18373067]",109904.08560237497,35443.56958466074,35.137822386983316,2.4548656141978765e-07,0.0012550263386699402,18579.59519355619,31524.781858207934
563,"[2.01460563e+04 1.38970177e+03 1.59938422e+03 6.28608185e+04
 3.59446341e+04 1.15030690e+04 7.11110332e+04 1.60152180e+04
 9.48698289e+02 5.05638093e+04 3.69669714e+04 5.48768108e+04
 1.00000000e+00]","[-0.10389261  0.02699479  0.23110592 -0.45526794  0.17389599  0.47814582
  0.08554581  0.09908226  0.07615221  0.1016126   0.3197566   0.50250998
 -0.28445614]",33722.90639481829,34905.24688516477,31.992219909996493,2.4548656141978765e-07,0.0012550263386699402,18569.93787895447,30304.418801422667
564,"[1.91228729e+04 1.05969064e+05 1.30130957e+03 1.32763339e+05
 1.76303624e+04 3.77579469e+03 3.04199459e+04 1.80470088e+04
 1.67696871e+04 2.45457432e+04 4.37417548e+03 1.19292184e+03
 1.00000000e+00]","[-0.01477609  0.51646775 -0.07328561  0.25312993  0.01116214  0.03519912
 -0.45528105  0.16215852  0.58959271 -0.11264768 -0.03454198  0.08292927
 -0.24551563]",84434.4531515756,31912.675211757494,31.651513076998526,2.4548656141978765e-07,0.0012550263386699402,18494.582629773267,31154.39917300234
565,"[2.64785283e+04 3.49698142e+03 1.02447401e+03 2.46585114e+05
 3.28491362e+04 3.21870332e+03 4.38043368e+04 1.16659836e+04
 9.48698292e+02 5.04635518e+04 1.41613373e+04 1.17379187e+03
 1.00000000e+00]","[ 0.31674826  0.32184984 -0.22317475  0.39663485  0.35250458  0.18068803
  0.21481781  0.19623841  0.04663419  0.36416994  0.36103463  0.09845287
 -0.26936915]",154598.0385473978,29974.09698652022,36.71097090098192,2.4548656141978765e-07,0.0012550263386699402,18532.969471547032,32226.642280026506
566,"[2.03041976e+04 6.02924087e+03 4.20601614e+03 6.10523824e+04
 3.06342187e+03 6.77636257e+04 5.81505403e+04 4.39489001e+04
 2.54317277e+03 3.00950534e+04 4.52986123e+03 1.18333668e+03
 1.00000000e+00]","[-0.08783041  0.24996744  0.1696424  -0.56461241 -0.34846675  0.37365925
 -0.01465872  0.1907879   0.23069232  0.03600111 -0.01007009 -0.30371354
  0.37109677]",-982.6100219113745,30450.529977096805,32.55789481499232,2.4548656141978765e-07,0.0012550263386699402,18455.518046266294,31576.717273052367
567,"[1.38735576e+04 7.67587197e+02 1.34148050e+03 1.65524517e+05
 8.10959696e+03 3.76389940e+03 4.34778151e+04 2.09128815e+04
 6.52962953e+03 2.32400375e+04 2.71269100e+04 5.66231660e+04
 1.00000000e+00]","[-0.47842881 -0.28184945 -0.13470477  0.26110185 -0.25562185  0.02634066
  0.01053002  0.1908694   0.34551487 -0.05391199  0.30171079  0.52742584
 -0.10618096]",77711.86840182375,32056.20308478245,32.51427247500396,2.4548656141978765e-07,0.0012550263386699402,18503.53173599495,32022.084235040005
568,"[3.78205201e+04 7.08637058e+03 1.21795809e+03 1.21143304e+05
 9.32786354e+03 1.16498084e+04 2.53931901e+04 1.31379388e+05
 1.37911888e+03 2.77896131e+04 2.88327627e+03 1.19742114e+03
 1.00000000e+00]","[ 0.17018249  0.37338485 -0.34203822  0.14253594 -0.39651893 -0.09857542
 -0.48219069  0.41127307 -0.04353169 -0.05145688 -0.17264122 -0.27446083
  0.12665191]",60558.112000725276,31980.271574094833,33.01940735298558,2.4548656141978765e-07,0.0012550263386699402,18478.486571649963,30459.362735116665
569,"[8.03268178e+04 8.07443691e+03 1.27845018e+03 8.64838258e+04
 1.17326119e+04 6.53015224e+04 8.06555816e+04 1.88374390e+04
 1.29062305e+03 1.74318672e+04 1.29684400e+04 1.18333668e+03
 1.00000000e+00]","[ 0.33747785  0.29489129  0.31486737 -0.00878776  0.06328363  0.51849606
  0.30592394  0.23922582  0.35431989 -0.06066988  0.25785721  0.27899412
 -0.05211744]",95987.8869179892,34419.90598663612,30.291750812000828,2.4548656141978765e-07,0.0012550263386699402,18578.08373782955,34129.09634736259
570,"[2.70385754e+04 1.66953095e+03 3.50398750e+03 1.02157761e+05
 1.44089642e+04 4.47677103e+03 2.00558524e+04 7.31602368e+03
 4.51598618e+03 2.30313642e+04 5.87200938e+04 4.31871518e+04
 1.00000000e+00]","[ 0.07291703 -0.09757411 -0.01147036 -0.18824616 -0.11502783 -0.22567389
 -0.68372617 -0.11496327  0.01241046 -0.43331968  0.28105567  0.36203135
 -0.08220173]",-12469.097503668869,30919.919948876995,33.21421703998931,2.4548656141978765e-07,0.0012550263386699402,18460.079344072095,31015.023982624836
571,"[1.63571312e+04 2.29369916e+03 2.22509165e+04 1.77924379e+05
 9.62098463e+03 3.79892274e+03 2.83101850e+04 5.59286125e+03
 1.37878857e+03 1.97480461e+04 7.70394274e+04 1.40740013e+03
 1.00000000e+00]","[-0.48276234  0.1051099   0.40449799  0.1944343  -0.39907832 -0.04916974
 -0.33044581 -0.18319255 -0.1054031  -0.23770615  0.3154314   0.27369617
 -0.08951762]",41379.869694033434,31687.11690084706,31.69146127899876,2.4548656141978765e-07,0.0012550263386699402,18590.346419587673,30834.151126569384
572,"[3.27041232e+04 2.32296015e+03 1.08200579e+03 1.06369080e+05
 1.47928394e+05 2.83856838e+03 7.62064728e+04 1.72044938e+04
 5.98178059e+03 2.12146926e+04 6.30275660e+03 1.20069897e+03
 1.00000000e+00]","[ 0.35340266  0.11931053  0.11539899  0.25156599  0.4192401  -0.00812765
  0.31404244  0.23049886  0.54802749  0.04203198  0.24057334  0.25252667
  0.18150047]",134600.2508131291,30894.302764459106,33.03332654800033,2.4548656141978765e-07,0.0012550263386699402,18599.181958617464,33305.24553089666
573,"[2.03450674e+04 1.10882367e+03 1.23277433e+03 5.27655090e+04
 3.68359285e+04 4.77220794e+03 4.97192347e+04 3.61792463e+04
 3.37851899e+03 1.00327156e+05 5.56365527e+04 1.18333668e+03
 1.00000000e+00]","[-0.17807103 -0.03796863 -0.16730593 -0.76444078  0.00844453  0.03566797
 -0.13676714  0.22393994 -0.00765375  0.35316928  0.29099731 -0.27261572
  0.02245811]",8850.09711029188,32891.98954607507,39.995547310012626,2.4548656141978765e-07,0.0012550263386699402,18340.53905193752,30758.50292080533
574,"[2.75265100e+04 2.01053599e+03 2.32847410e+04 4.73649835e+04
 2.85919722e+04 3.18022191e+03 9.67679139e+04 9.76495089e+03
 7.32798221e+02 5.91509672e+04 1.69830321e+04 1.42535708e+04
 1.00000000e+00]","[ 0.04923508 -0.05883724  0.24431348 -0.62656606  0.01909212 -0.29583115
  0.20873816 -0.52899487 -0.03443922  0.10400979  0.10009201  0.31988816
 -0.07874816]",4273.458806560959,31482.827139033383,32.35175365599571,2.4548656141978765e-07,0.0012550263386699402,18408.907438073813,32498.83730808006
575,"[3.16705903e+04 2.67402093e+03 7.62356972e+04 1.03157610e+05
 3.14170068e+03 5.97642728e+03 1.94186315e+04 1.83449855e+03
 2.36489060e+03 1.51524992e+04 7.81338892e+02 3.55984748e+03
 1.00000000e+00]","[-0.2127775   0.01723396  0.13959231 -0.075477   -0.49061169  0.02863579
 -0.53745133 -0.20869693 -0.23599398 -0.3765967  -0.19371126 -0.01908442
 -0.34628204]",-22510.573175673868,31163.760209720127,35.4478023010015,2.4548656141978765e-07,0.0012550263386699402,18406.33395886375,30475.88000019912
576,"[1.22938011e+04 1.39972870e+03 4.62139298e+03 6.05252980e+04
 8.76794392e+04 5.40547793e+03 3.40785453e+04 2.73116107e+04
 1.60816938e+04 7.57167018e+04 1.09196309e+04 1.24263235e+03
 1.00000000e+00]","[-0.55857953 -0.10923206 -0.04668524 -0.49501141  0.24793841 -0.02056134
 -0.35736342  0.21257081  0.3410353   0.20017189 -0.16610818 -0.04321011
 -0.09064975]",-3168.0869293863607,31199.95018752254,39.169367619993864,2.4548656141978765e-07,0.0012550263386699402,18369.77192171693,30436.209012264822
577,"[1.26888083e+04 3.34061442e+04 2.07224529e+03 7.21294183e+04
 3.16475213e+04 1.05892213e+04 3.58208517e+04 2.73214579e+04
 9.48698288e+02 1.22533724e+05 1.60554880e+04 1.68133540e+03
 1.00000000e+00]","[-0.53685461  0.31886082  0.18068454 -0.45211644  0.12825864  0.34069445
 -0.16839895  0.13522308 -0.06916401  0.32422707  0.08700678  0.03170974
 -0.2746083 ]",18045.55747616548,33341.882107908525,35.84034248901298,2.4548656141978765e-07,0.0012550263386699402,18385.412360596998,32307.547142774216
578,"[2.08270426e+04 1.98802938e+04 2.68198646e+03 1.09668646e+05
 2.09180755e+04 5.82773201e+03 2.67569180e+04 2.36541457e+04
 9.52033542e+02 2.27982608e+04 7.17432060e+03 7.48182119e+04
 1.00000000e+00]","[-0.01727166  0.37778813  0.08899709 -0.06203128 -0.03182663  0.01385087
 -0.51447492  0.06985256 -0.23930331 -0.43144794  0.1609849   0.52475787
 -0.17245434]",18240.273704439594,32475.39136634604,32.63127769599669,2.4548656141978765e-07,0.0012550263386699402,18336.919407914913,31188.75176245312
579,"[1.38618581e+04 1.82292286e+03 3.10079999e+03 1.41956644e+05
 1.24361720e+04 6.72368835e+03 1.41875605e+04 3.25018037e+04
 9.48698287e+02 2.93706963e+04 4.79779810e+03 6.11864237e+04
 1.00000000e+00]","[-0.38272706  0.09551322 -0.18264165  0.07807755 -0.31295134  0.00509279
 -0.69943839  0.12650311 -0.28740938 -0.15142966 -0.03120144  0.28029917
  0.12917168]",7997.353187119871,31214.844802510448,31.637211528985063,2.4548656141978765e-07,0.0012550263386699402,18386.202979509028,30238.86190041981
580,"[6.55657417e+04 1.54025348e+03 5.03513516e+04 8.68165373e+04
 5.44825097e+03 2.24434489e+03 6.12577634e+04 1.01000213e+04
 4.46002884e+02 9.31037844e+04 1.98981669e+03 3.62350371e+02
 1.00000000e+00]","[ 0.37298621 -0.09392543  0.62411817  0.0812918  -0.19344561  0.00747021
  0.31117009 -0.16080588 -0.23520129  0.43421672 -0.15627817 -0.10467976
 -0.12853232]",119166.67667716634,31608.64756986563,33.59742027000175,2.4548656141978765e-07,0.0012550263386699402,18510.64242130068,31505.001629530736
581,"[1.83120343e+04 2.00169343e+03 6.92716693e+04 8.97606863e+04
 5.73997351e+04 2.65375234e+03 5.49186819e+04 8.67435349e+03
 1.00828451e+03 6.55582124e+04 1.42290435e+04 1.18280782e+03
 1.00000000e+00]","[-0.12026585  0.14236602  0.599526    0.08226748  0.35334306 -0.14539064
  0.25934603 -0.20178941  0.33982009  0.35237419  0.2286949  -0.11804925
  0.19803371]",105944.0648500853,32903.10086286436,32.04793610199704,2.4548656141978765e-07,0.0012550263386699402,18417.93998743627,31250.644085075677
582,"[3.58709199e+04 3.91082996e+03 8.02573888e+04 1.21719744e+05
 9.45585450e+03 3.45886275e+03 1.38252960e+04 3.01341458e+04
 1.48719089e+03 2.44084652e+04 2.16700103e+03 1.26371989e+03
 1.00000000e+00]","[ 0.1453225   0.26697941  0.42443728  0.13674619 -0.16653521  0.10599951
 -0.62767531  0.22782277  0.3580742  -0.07098172 -0.12758089  0.25394842
 -0.09942451]",52789.576476208145,33588.72678159428,33.21112689599977,2.4548656141978765e-07,0.0012550263386699402,18413.98391660902,31780.79527502776
583,"[7.70326960e+04 5.31843579e+03 1.11342799e+03 1.00600914e+05
 3.20442991e+04 5.22333940e+04 2.17536977e+04 3.54185301e+03
 1.43753335e+03 6.09443170e+04 1.30091783e+04 1.18333668e+03
 1.00000000e+00]","[ 0.37236293 -0.0540143  -0.07033156  0.10796238  0.27216333  0.55272611
 -0.3876959  -0.36693126 -0.07516827  0.34255306  0.19815567  0.02017556
 -0.12097363]",90408.46324090965,31384.187864967098,34.40061217499897,2.4548656141978765e-07,0.0012550263386699402,18419.975743034953,30297.274818028003
584,"[3.45434292e+04 3.53471595e+03 4.01381666e+04 9.95306401e+04
 6.50237943e+03 3.23865908e+03 3.01918994e+04 3.94885387e+03
 1.03953488e+03 1.34738242e+05 2.05387230e+03 1.01465340e+03
 1.00000000e+00]","[ 0.17924877  0.28257624  0.52783059  0.10929475 -0.12106785 -0.20916714
 -0.12006969 -0.37683995  0.19848925  0.3799603  -0.28248265 -0.31905461
  0.13144038]",83174.89189914812,31781.61713818104,30.915797633002512,2.4548656141978765e-07,0.0012550263386699402,18406.13543032077,31610.87730477091
585,"[3.90544702e+04 4.83239664e+03 1.13789334e+03 6.44633277e+04
 6.26876907e+04 4.50346300e+03 9.03282492e+04 1.56818000e+04
 1.18728511e+03 3.43153387e+04 4.27280343e+03 5.06061391e+04
 1.00000000e+00]","[ 0.24466299  0.30375819 -0.21836258 -0.23729269  0.3756502   0.28806309
  0.32048856 -0.046537    0.24571186  0.17556424 -0.0144352   0.52947581
 -0.20774693]",81592.34193973239,31713.98593111329,34.75691512299818,2.4548656141978765e-07,0.0012550263386699402,18410.867603593244,31276.97233734717
586,"[2.65713229e+04 1.43651125e+03 2.13895487e+03 1.00990182e+05
 1.25944075e+05 1.68482951e+04 1.46758195e+04 2.47474775e+04
 9.48698288e+02 3.82170872e+04 3.26199536e+03 2.52432551e+03
 1.00000000e+00]","[ 0.11192565 -0.20438985  0.02009351 -0.09310344  0.3050597   0.30571785
 -0.69877142  0.2619111  -0.04930714  0.0822247  -0.20801155  0.28687896
  0.24178763]",36260.22826884049,31780.562785095262,35.89651840098668,2.4548656141978765e-07,0.0012550263386699402,18241.959500726818,31182.583787356725
587,"[1.56998452e+05 2.98251040e+04 1.05281926e+03 7.62401997e+04
 3.93234080e+04 2.76807371e+03 3.23550126e+04 1.17748912e+04
 2.11180012e+03 2.41647714e+04 5.75404469e+03 1.41602361e+03
 1.00000000e+00]","[ 0.48954457  0.52982141 -0.37515381 -0.13318212  0.32551677 -0.18138889
 -0.31885724 -0.07825229  0.15440404 -0.13067324 -0.03756149 -0.10261619
  0.14711906]",79978.29735854206,30856.88868131538,35.97873780899681,2.4548656141978765e-07,0.0012550263386699402,18464.625917675337,29969.32411894301
588,"[2.59862423e+04 1.14714624e+04 2.18523187e+03 7.80224297e+04
 3.31533456e+03 6.75431003e+03 3.98713816e+04 3.56614618e+04
 9.48698288e+02 3.59231118e+04 1.14869288e+04 7.54583323e+04
 1.00000000e+00]","[-0.01016134  0.33297259 -0.21358428 -0.55425892 -0.25837026 -0.11944069
 -0.24099461  0.25218614  0.07122047 -0.21888825  0.24313065  0.45948776
  0.10139694]",-12764.991145365051,32142.626166113932,30.289853793015936,2.4548656141978765e-07,0.0012550263386699402,18386.303032942997,31444.333151468396
589,"[3.53247270e+04 1.90412375e+03 6.21098150e+04 5.94618112e+04
 6.80561896e+03 9.10736363e+03 3.52394086e+04 5.03166350e+03
 1.08318787e+03 2.71896156e+04 3.23320974e+03 1.65980806e+03
 1.00000000e+00]","[-0.28221927 -0.01918414  0.12720094 -0.66282326 -0.15789066 -0.02258655
 -0.39398574 -0.38103958 -0.01558624 -0.34072775 -0.10965955  0.01305479
  0.1003991 ]",-68213.35052787628,32806.65144831161,31.977946321014315,2.4548656141978765e-07,0.0012550263386699402,18441.0590168942,29700.42271360752
590,"[1.04225576e+04 5.26519610e+03 1.67741034e+03 1.07294657e+05
 5.60517676e+03 2.39050756e+04 8.01702143e+04 1.14149802e+05
 2.05197093e+03 1.27710123e+04 5.48550786e+03 2.81942822e+03
 1.00000000e+00]","[-0.47710971  0.11806855 -0.23593745  0.04380109 -0.20755241  0.3022775
  0.20236273  0.25949296  0.24506031 -0.50620801 -0.12720146  0.30724685
  0.17669811]",46066.6810812023,31571.441138208676,32.81443318899255,2.4548656141978765e-07,0.0012550263386699402,18390.625408641234,32150.74585945285
591,"[8.72301290e+03 5.49777996e+03 1.14888386e+03 2.52945334e+05
 1.49853304e+04 3.03273162e+03 2.53086735e+04 4.35403843e+04
 9.48698292e+02 3.40188994e+04 1.12383122e+03 2.74686029e+03
 1.00000000e+00]","[-0.66993642  0.14245773 -0.05809458  0.30267442 -0.25188273 -0.21081676
 -0.17270359  0.31052049 -0.02558016  0.20248815 -0.28356564  0.2821752
  0.00883035]",83488.64271178562,30834.194756181154,34.706725388998166,2.4548656141978765e-07,0.0012550263386699402,18345.04357743832,29737.643025348967
592,"[3.59361001e+04 1.09104269e+03 3.49794637e+04 5.46696954e+04
 2.10916844e+03 1.15276746e+04 7.64041565e+04 2.54635957e+04
 9.52033543e+02 6.31476460e+03 3.75994525e+04 1.18333668e+03
 1.00000000e+00]","[ 1.22115947e-02 -2.10133504e-01  1.47568580e-01 -5.94801937e-01
 -4.04341606e-01 -7.63999133e-02 -8.34761700e-05  8.46600920e-03
 -2.65569626e-01 -5.19165524e-01  1.64016483e-01 -2.03055613e-01
 -5.03501669e-02]",-26275.182024363614,31263.240160711197,37.83599541900912,2.4548656141978765e-07,0.0012550263386699402,18205.383112240153,31051.230061070175
593,"[1.53516182e+04 1.01415013e+05 2.01291493e+03 9.87259707e+04
 1.76760823e+04 3.78923284e+03 4.08200697e+04 4.77586886e+04
 8.85625932e+03 2.86498434e+04 7.11678388e+03 6.09642143e+03
 1.00000000e+00]","[-0.32795245  0.3722972  -0.23761313 -0.07268628  0.06588043 -0.2672284
 -0.18720971  0.36282169  0.40469685 -0.03978256  0.11696999  0.47240211
 -0.21783588]",41062.02872052456,31023.01935873374,30.813197423005477,2.4548656141978765e-07,0.0012550263386699402,18297.600904289793,32444.751697162385
594,"[5.95698550e+04 4.14871255e+03 1.37901846e+03 4.29802225e+04
 5.63969561e+04 2.90172268e+03 7.49559597e+04 1.71917918e+04
 9.48698288e+02 6.77302909e+04 4.56274185e+04 1.20976266e+03
 1.00000000e+00]","[ 0.27979049 -0.00887577 -0.01575941 -0.745263    0.19875975 -0.24765524
  0.15022187  0.16314879 -0.22021806  0.28166339  0.23138731 -0.07796011
  0.1688265 ]",38464.300279919655,30488.882662511383,36.727936410024995,2.4548656141978765e-07,0.0012550263386699402,18252.606495519638,31993.67814768564
595,"[1.11903023e+05 5.58951148e+03 3.80738496e+04 7.58240592e+04
 6.39611293e+04 1.67156737e+03 4.46379971e+04 7.36097931e+03
 6.44528544e+02 2.35467528e+04 3.74027509e+03 1.20358975e+03
 1.00000000e+00]","[ 0.44940508 -0.1369421   0.68465168 -0.13335872  0.4652283  -0.01634058
  0.2024647  -0.13954353  0.06206974 -0.01128346 -0.05504435 -0.00790279
  0.09224106]",102778.54477654981,31963.745269465304,34.12799224597984,2.4548656141978765e-07,0.0012550263386699402,18196.976907885863,30416.277721415303
596,"[1.20069041e+04 3.17411899e+03 3.98784117e+03 7.96477182e+04
 6.25751250e+04 6.65266032e+03 7.44376708e+04 1.36252367e+04
 6.35715472e+04 1.91598253e+04 1.09807405e+04 1.44047101e+03
 1.00000000e+00]","[-0.5008845   0.20555902  0.164023   -0.2246844   0.24687019  0.41412003
  0.10200555 -0.07062552  0.43453462 -0.20200795  0.22837718  0.29037288
  0.12465994]",28910.343660353064,29990.699648367012,32.595549746998586,2.4548656141978765e-07,0.0012550263386699402,18184.896726090938,31421.305212539097
597,"[3.65519592e+04 2.96087428e+03 9.35294552e+03 2.07407733e+05
 8.91701745e+04 2.67119176e+03 3.70987586e+04 8.92556218e+03
 9.48698290e+02 2.11749278e+04 4.59418906e+03 1.22281756e+03
 1.00000000e+00]","[ 0.40217904  0.25417364  0.38314115  0.42787205  0.5015889   0.19959384
  0.10978564 -0.05730777 -0.22267178 -0.14818201 -0.17482771 -0.10365437
 -0.15543607]",152322.71916666787,31183.760881481983,33.41251679198467,2.4548656141978765e-07,0.0012550263386699402,18275.917233542812,30158.29808854526
598,"[1.87682854e+04 1.96574726e+03 1.97950411e+03 1.25959672e+05
 1.48872309e+04 3.79845910e+03 3.74532132e+04 3.90235987e+04
 8.02222118e+04 2.06587073e+04 1.84248695e+04 1.18333668e+03
 1.00000000e+00]","[ 0.05464579  0.25910234  0.38003675  0.24717076 -0.04563118  0.03259937
 -0.16813476  0.3492335   0.5782627  -0.13612832  0.33733701  0.28573877
 -0.15039508]",90327.07850370313,29743.352662178368,34.19576735299779,2.4548656141978765e-07,0.0012550263386699402,18261.924961204037,34089.24300920185
599,"[1.05493595e+05 5.36286107e+03 1.06990541e+03 6.46937608e+04
 6.99707538e+04 3.48013537e+03 8.34688225e+04 2.20162214e+04
 9.48698288e+02 3.04305917e+04 1.42892121e+04 5.08643670e+03
 1.00000000e+00]","[ 3.67508710e-01 -2.13280825e-01  1.21824308e-02 -4.94638648e-02
  3.68336578e-01  3.53647458e-01  3.18259100e-01  2.11923918e-01
  3.08985994e-04  1.77354345e-01  3.44868626e-01  4.97792961e-01
  1.08294650e-01]",105530.34805599955,31226.18564561724,36.12341570999706,2.4548656141978765e-07,0.0012550263386699402,18148.436238101636,30672.09097906403
600,"[6.44487700e+03 1.71316173e+04 5.20492609e+04 9.67663492e+04
 3.78557937e+03 4.05284715e+03 4.54729137e+04 3.54590050e+04
 9.48698290e+02 5.84669607e+04 9.81530916e+03 1.55112586e+04
 1.00000000e+00]","[-0.63518176  0.25073634  0.36976484  0.00873942 -0.3199682   0.01502112
  0.02646107  0.19750558 -0.2423809   0.18550516  0.03391223  0.31749574
  0.24381312]",43223.583600559774,31497.802092476246,30.01870163498097,2.4548656141978765e-07,0.0012550263386699402,18125.06451323684,31612.549423003395
601,"[5.55844407e+04 7.51821883e+03 4.67063787e+03 8.90932489e+04
 1.35589089e+05 3.25922580e+03 2.83096588e+04 2.65942957e+04
 9.48698288e+02 2.98887387e+04 1.49851120e+03 1.24263235e+03
 1.00000000e+00]","[ 0.24882552  0.37110231  0.2781345  -0.25761429  0.4351836  -0.0472029
 -0.46734886  0.32832451  0.13533102  0.0183429  -0.24636843  0.14918019
 -0.19291735]",49814.23448714414,30268.409186884477,35.53693832401768,2.4548656141978765e-07,0.0012550263386699402,18196.881775319962,30873.945425847964
602,"[1.75931323e+04 9.42198345e+03 1.37671161e+04 8.14428713e+04
 1.11854266e+04 4.31783284e+03 8.00714820e+04 7.06961403e+04
 2.19495069e+03 1.02808926e+05 1.04443631e+04 2.03111440e+03
 1.00000000e+00]","[-0.14469129  0.3487435   0.4200587  -0.17681084 -0.23430288  0.02719417
  0.30569601  0.36047973  0.32888189  0.34240733  0.21900006  0.28344026
  0.13035521]",78369.55222586115,31799.978973035148,33.65971278498182,2.4548656141978765e-07,0.0012550263386699402,18318.29930715367,31624.50516951205
603,"[1.41177594e+04 1.32143781e+04 3.74339016e+03 4.63588782e+04
 3.23999106e+04 4.82657676e+03 6.43404287e+04 5.54339872e+04
 9.48698290e+02 6.48591525e+04 1.52025026e+04 1.69498506e+04
 1.00000000e+00]","[-0.44350041  0.16344579 -0.15512809 -0.73211065 -0.08581912 -0.35730906
 -0.04817337  0.15156469 -0.07013879  0.03537231 -0.04325779  0.19942604
 -0.09166399]",-32874.50160989624,29882.435665936293,35.86554425500799,2.4548656141978765e-07,0.0012550263386699402,18280.316666683615,30321.340523855633
604,"[4.41794787e+04 1.07068272e+05 1.05281926e+03 1.05335737e+05
 1.17183761e+04 3.85040189e+03 5.59270585e+04 4.22928666e+04
 4.25919574e+03 2.30693896e+04 4.58686410e+03 1.16448058e+03
 1.00000000e+00]","[ 0.39203774  0.53380107 -0.31524792  0.27806234 -0.08707156 -0.06954359
  0.12937142  0.44633667  0.25022035 -0.13533775 -0.19969211 -0.17170932
  0.07748672]",125083.03946803953,30755.893470145515,31.44751195999561,2.4548656141978765e-07,0.0012550263386699402,18290.53668485594,31463.698436227445
605,"[3.68715999e+04 9.75731990e+04 2.30038784e+03 9.74400970e+04
 1.12607329e+04 2.48741478e+04 3.16678744e+04 1.37784504e+04
 2.43038876e+03 2.24148550e+04 1.93010258e+04 1.18333668e+03
 1.00000000e+00]","[ 0.15266512  0.39452877 -0.01857114 -0.15813813 -0.0163563   0.48047421
 -0.40651203  0.07563899  0.45502889 -0.24009453  0.31346716 -0.008423
 -0.17482071]",30373.0531129745,30559.16211871852,29.1235111830174,2.4548656141978765e-07,0.0012550263386699402,18167.207074407437,31343.541235821773
606,"[2.63001535e+04 3.60324580e+03 2.43441453e+04 7.72708584e+04
 1.19356545e+04 6.33801683e+04 3.19650166e+04 3.78388036e+04
 9.48698289e+02 3.39005512e+04 2.44424745e+04 1.97770135e+03
 1.00000000e+00]","[ 0.08078347  0.2717126   0.38782444 -0.34408088  0.04587879  0.45862788
 -0.25391673  0.25905359  0.24544037 -0.01808958  0.27537609  0.41137784
  0.03446811]",24422.91731982524,29628.60791991265,32.577345197991235,2.4548656141978765e-07,0.0012550263386699402,18210.611444538066,30916.973716169712
607,"[2.91246666e+04 9.74965229e+04 1.00524300e+04 9.30167085e+04
 1.31616407e+04 4.49447520e+03 4.41692733e+04 5.07474601e+04
 9.48698288e+02 1.87412652e+04 1.70293600e+04 1.18333668e+03
 1.00000000e+00]","[ 0.06640996  0.47382113  0.09636509 -0.22329483 -0.06719789 -0.22047691
 -0.26889022  0.46878921 -0.15697308 -0.40894253  0.38521397 -0.16263811
 -0.00548218]",36920.91352010083,30973.496667468036,32.8142348479887,2.4548656141978765e-07,0.0012550263386699402,18156.447002015997,31420.261440574795
608,"[1.59599062e+04 1.30838527e+03 1.30643193e+03 9.19346930e+04
 1.50101047e+05 6.47035395e+03 3.27839433e+04 5.42630113e+03
 3.45782100e+03 5.79551122e+04 8.11886672e+03 1.82542348e+03
 1.00000000e+00]","[-0.48562069  0.03025381 -0.21826384 -0.24164757  0.39944702 -0.13938591
 -0.37162054 -0.40068148 -0.12698155  0.19863359 -0.28795473 -0.14428237
  0.14239325]",22957.967715125767,30640.40918016363,31.726554491004208,2.4548656141978765e-07,0.0012550263386699402,18209.81794978106,30965.283659181892
609,"[1.64460444e+04 1.49297248e+03 2.37143268e+03 8.04177792e+04
 6.38612105e+03 6.01711587e+03 8.69162451e+04 1.16235347e+04
 8.50625632e+04 3.27310742e+04 5.13569563e+02 4.74894743e+03
 1.00000000e+00]","[-0.38710852 -0.1068232  -0.05367384 -0.20574129 -0.18199393  0.25454461
  0.23810051 -0.26264934  0.40468216  0.13605051 -0.43135244  0.38251707
 -0.2351011 ]",35284.018557735435,30090.62179469508,33.091654832998756,2.4548656141978765e-07,0.0012550263386699402,18272.219914140835,30401.862825178185
610,"[1.46153325e+04 4.00724648e+03 1.06491962e+03 2.19700646e+05
 9.71351793e+03 2.89137826e+03 7.72805233e+04 4.67021176e+04
 1.95222556e+03 4.91558423e+03 1.83043886e+04 1.18333668e+03
 1.00000000e+00]","[-0.31416883  0.25458789 -0.01443308  0.35296369 -0.28113378 -0.04732722
  0.28489803  0.32553732  0.26442303 -0.53702712  0.26087659 -0.00937511
 -0.1296596 ]",110952.5830738538,31595.35064344434,32.38562277998426,2.4548656141978765e-07,0.0012550263386699402,18122.32536626585,30857.542970608483
611,"[2.50125427e+04 1.19535942e+03 6.94756402e+03 1.19526247e+05
 1.47425801e+04 3.32086474e+03 5.60815543e+04 9.90632608e+03
 9.52235821e+02 1.41460190e+04 1.33639385e+05 1.18333668e+03
 1.00000000e+00]","[ 2.13046775e-01 -3.89315780e-02 -3.78742523e-04  1.81453394e-01
 -1.46316858e-01 -2.92600324e-01  1.62620033e-02 -2.28708914e-01
 -3.57086098e-01 -5.83107535e-01  5.25910531e-01 -2.44053531e-04
  1.28325010e-01]",84179.19454673097,31541.187004974257,31.820076003001304,2.4548656141978765e-07,0.0012550263386699402,18091.43068178013,30124.323891087326
612,"[2.73552783e+04 1.46744923e+03 7.37963492e+03 1.31843292e+05
 2.94717013e+04 7.67559714e+04 2.43261037e+04 4.14186678e+03
 9.61356671e+02 1.61325130e+04 2.56677050e+04 1.39157129e+03
 1.00000000e+00]","[ 0.21143994  0.04755842  0.41273642  0.15114939  0.21429312  0.51468275
 -0.39690708 -0.11743443 -0.01563938 -0.24028583  0.29115856  0.34566768
 -0.12428429]",68569.44182536518,31362.36583773404,32.59652505000122,2.4548656141978765e-07,0.0012550263386699402,18035.01509390211,31862.020684291114
613,"[2.46936525e+04 1.12326557e+03 1.35087430e+04 6.09262636e+04
 4.26697940e+04 4.68560848e+03 2.80728184e+04 3.80220368e+03
 3.01607713e+03 8.82031841e+04 6.76308900e+04 1.18333668e+03
 1.00000000e+00]","[-0.0063474  -0.07338163  0.07044806 -0.60268761  0.05147312 -0.2102146
 -0.46356376 -0.34739368  0.01531065  0.2166415   0.26776685 -0.31447929
  0.16187001]",-12238.060775122154,31096.21539914789,30.917010966019006,2.4548656141978765e-07,0.0012550263386699402,18174.31670039209,29971.59991942944
614,"[2.84285538e+04 1.42982738e+03 8.33354312e+04 8.06037431e+04
 1.63465501e+04 3.17306651e+03 3.37435076e+04 6.64614899e+03
 1.20005281e+03 7.15566141e+04 2.44261893e+04 1.18333668e+03
 1.00000000e+00]","[ 0.04052128  0.09887035  0.69354416 -0.23906191  0.21438034 -0.1617504
 -0.26244369 -0.13440637  0.06680497  0.42472233  0.28452196  0.12558772
  0.09893288]",70633.28421196045,30400.879583720736,29.577729935990646,2.4548656141978765e-07,0.0012550263386699402,18068.618909579214,31288.78155468758
615,"[1.32764995e+04 2.12607092e+03 1.38410529e+03 2.26990710e+05
 3.68262030e+04 3.19358616e+03 2.11671480e+04 5.52171281e+04
 9.58773118e+02 2.38936660e+04 2.34600351e+04 1.25948373e+03
 1.00000000e+00]","[-0.37324342  0.16056615  0.26940238  0.31302811  0.27806418  0.21552984
 -0.24509818  0.40489419  0.29544353  0.06929166  0.3858281   0.22939155
 -0.1516126 ]",106189.98768232917,28684.525671963886,33.968702962010866,2.4548656141978765e-07,0.0012550263386699402,18201.087558704712,30139.883984894284
616,"[1.23889186e+04 7.39391946e+02 3.16535030e+03 1.14027003e+05
 8.82006835e+03 3.57165268e+03 3.01868298e+04 5.36555548e+03
 1.04470856e+03 1.49685160e+05 1.61213575e+03 2.48146071e+04
 1.00000000e+00]","[-0.47426044 -0.32268705  0.0484241   0.14430151 -0.13568537 -0.19104956
 -0.16565966 -0.15536951  0.08831437  0.33082828 -0.48536211  0.42874415
 -0.06814923]",62248.808992669896,29498.44684277592,33.87575994202052,2.4548656141978765e-07,0.0012550263386699402,18111.82684910485,30004.591256377913
617,"[1.65164667e+04 1.19714031e+03 5.31462471e+03 1.03064541e+05
 7.57558881e+04 5.61430736e+04 1.74797876e+04 2.80664832e+03
 4.46600999e+03 2.34238794e+04 1.70941486e+03 1.38099135e+03
 1.00000000e+00]","[-0.22030092 -0.25062041  0.22615311 -0.16167161  0.23459621  0.32637637
 -0.65768981 -0.19277855  0.20505448 -0.18448776 -0.15549006 -0.07813371
  0.27153728]",880.0940268476725,30787.03230302068,32.69420449799509,2.4548656141978765e-07,0.0012550263386699402,17971.57870018947,30150.796109654708
618,"[2.76107958e+04 8.80376810e+04 2.10401554e+04 1.01275859e+05
 6.64955103e+03 3.09613884e+03 3.71134613e+04 8.93695514e+03
 1.11294341e+03 7.34900140e+04 2.09278640e+04 1.12714084e+03
 1.00000000e+00]","[ 0.25202689  0.44407181  0.49548068  0.25900512 -0.25525054  0.07579673
  0.08060622 -0.10720663  0.14445294  0.39130375  0.29642319 -0.11957665
 -0.24831182]",118266.68459623597,30430.589804309988,33.24762405399815,2.4548656141978765e-07,0.0012550263386699402,18058.041250786333,30606.04336634064
619,"[1.58323731e+04 2.45673238e+03 5.33308121e+04 1.93920968e+05
 1.29379295e+04 3.64943558e+03 2.92914888e+04 6.22674776e+03
 9.62759627e+02 5.26714609e+04 4.53470110e+03 1.18333668e+03
 1.00000000e+00]","[-0.4215954   0.22292742  0.56699843  0.32623652 -0.10698053  0.21801035
 -0.13018699 -0.23220613 -0.28592877  0.34949885 -0.07019386  0.07241895
  0.02692798]",99428.40426861291,30903.97039982729,35.23599936199025,2.4548656141978765e-07,0.0012550263386699402,17948.12207366107,31655.818229889876
620,"[2.95414928e+04 9.38044776e+04 1.37487827e+03 1.03189516e+05
 5.49283036e+04 7.23329693e+03 5.60392330e+04 1.20223947e+04
 9.48698296e+02 1.75024555e+04 2.58893640e+04 1.18333668e+03
 1.00000000e+00]","[ 0.21900402  0.45731072  0.30930186  0.07545198  0.40372243  0.39679469
  0.12879775  0.0355091   0.23236247 -0.20886197  0.43118437  0.04604995
 -0.13266397]",98051.45136683383,31376.955755445422,30.750729941006284,2.4548656141978765e-07,0.0012550263386699402,18074.133879701993,30787.537940324182
621,"[1.31219440e+04 2.05158447e+03 5.25176788e+03 1.78501326e+05
 8.60846716e+03 1.27912881e+04 5.07784354e+04 1.98856359e+04
 9.12665594e+02 3.01231713e+04 8.61963418e+04 1.09370107e+03
 1.00000000e+00]","[-0.19934725  0.18656675  0.51978014  0.316278   -0.09278208  0.43481249
  0.17206866  0.26388874  0.02649958  0.17820636  0.39238516 -0.23691587
 -0.12561874]",114656.0652992727,30488.401262485,32.93287270001019,2.4548656141978765e-07,0.0012550263386699402,18014.07681977534,30330.033716650265
622,"[1.02309238e+05 8.13480294e+03 1.17329732e+03 9.90716582e+04
 7.07066279e+04 3.15205432e+03 1.45899353e+04 2.44626542e+04
 9.48698288e+02 2.10093461e+04 2.62013520e+04 5.78629412e+03
 1.00000000e+00]","[ 0.18580426  0.08280555 -0.15480247 -0.02317867  0.25033631 -0.42171507
 -0.5667877   0.17183917 -0.06209315 -0.15866075  0.25755287  0.37249354
 -0.32972168]",35021.529424849105,29519.22471287073,35.22503651201259,2.4548656141978765e-07,0.0012550263386699402,17935.4880021123,32071.790147946063
623,"[2.24094556e+04 1.35809895e+03 1.39931021e+04 1.39103840e+05
 6.84954611e+03 2.72279846e+04 3.06749212e+04 2.05457229e+04
 1.85447268e+03 1.80034528e+04 5.14889524e+03 5.64064580e+04
 1.00000000e+00]","[ 0.10353877 -0.07334552  0.37316781  0.21274535 -0.36086554  0.41348636
 -0.16011939  0.16840963  0.3515991  -0.2106748   0.12566714  0.43344746
 -0.26928739]",66326.3609247632,29334.431966205048,29.860465773002943,2.4548656141978765e-07,0.0012550263386699402,17954.225411467236,30667.986464912174
624,"[5.57319114e+04 4.12527476e+03 1.37334885e+04 7.66407881e+04
 9.07314413e+03 3.86661190e+03 7.81061254e+04 3.70618126e+04
 6.26120858e+04 2.79149944e+04 4.62936826e+03 1.18333668e+03
 1.00000000e+00]","[ 0.34203793  0.20891114  0.38407941 -0.30535318 -0.26533232 -0.05172979
  0.30400957  0.31444634  0.53576571  0.11713003 -0.12294853 -0.13071046
 -0.03559772]",70679.2376572452,30800.856265322014,35.78139690399985,2.4548656141978765e-07,0.0012550263386699402,18005.21899633445,32291.11747357635
625,"[2.72236332e+04 1.42179145e+03 1.18920433e+03 7.91192659e+04
 7.08915463e+04 3.30207293e+03 2.83879697e+04 2.57394099e+04
 9.48698288e+02 1.37166183e+05 9.31882513e+03 2.43799223e+03
 1.00000000e+00]","[ 0.24711806 -0.33351572 -0.12907747 -0.35079783  0.35095427  0.04400776
 -0.45975022  0.23110096  0.00304547  0.39092555 -0.27646892  0.1565605
 -0.21051841]",47696.70158791719,30924.01553178239,35.75307627799339,2.4548656141978765e-07,0.0012550263386699402,18009.241123769978,29278.360571242374
626,"[1.67762486e+04 7.17927886e+04 2.06099870e+03 9.50289482e+04
 4.50907169e+04 1.04312461e+04 2.14360422e+04 4.87328647e+04
 9.48698289e+02 5.02049240e+04 1.94187784e+04 1.18333668e+03
 1.00000000e+00]","[-0.19385177  0.38550251  0.19586588 -0.09977395  0.32865698  0.35785852
 -0.47195611  0.35994477  0.23502268  0.09042316  0.3076312  -0.02753098
  0.13528921]",52027.05014465107,30967.153258101192,32.2545214050042,2.4548656141978765e-07,0.0012550263386699402,18008.791875683703,30188.529213035297
627,"[2.07603110e+04 1.04196893e+03 2.24176264e+03 7.12478350e+04
 7.55645283e+03 5.82114694e+04 3.77947932e+04 4.74377060e+04
 1.16277635e+04 6.35617749e+04 2.38601079e+04 1.81450269e+03
 1.00000000e+00]","[ 0.0720728  -0.04367637  0.02301456 -0.40969929 -0.19469053  0.49555721
 -0.03452975  0.28926742  0.48149981  0.26433186  0.21459675  0.27906367
 -0.17471036]",40131.88911199226,30244.262369416087,33.678946595988236,2.4548656141978765e-07,0.0012550263386699402,17988.38421189618,31582.900884651648
628,"[4.83994518e+04 1.07768866e+04 6.23475194e+04 7.53669051e+04
 2.43975507e+03 7.23928481e+03 2.02968351e+04 1.35260009e+03
 8.22832525e+02 2.76035041e+04 2.68612353e+04 1.18333668e+03
 1.00000000e+00]","[ 0.00945682  0.21021989  0.2814905  -0.43374908 -0.34718636 -0.03757683
 -0.61466185 -0.34097522 -0.05227537 -0.1523792   0.21075327  0.03554432
  0.02620765]",-25018.87638694147,30842.763142485994,31.53202089399565,2.4548656141978765e-07,0.0012550263386699402,17985.78038900901,30921.45427319561
629,"[1.16794304e+04 1.03788314e+05 1.19113501e+03 8.79937788e+04
 8.45384696e+03 5.42420572e+03 4.88727281e+04 9.01396137e+03
 9.18120765e+03 6.76350184e+04 1.87205351e+04 1.63864952e+03
 1.00000000e+00]","[-0.66714743  0.43863776 -0.23210996 -0.27733349 -0.20768563 -0.05480181
 -0.11275252 -0.25595475  0.13307028  0.24950334  0.06316479 -0.12217742
  0.09210357]",22262.061467768533,31528.97157705524,32.5218726460007,2.4548656141978765e-07,0.0012550263386699402,17998.774013232924,29372.738876284522
630,"[4.25418212e+04 2.42458233e+03 6.85355319e+04 8.24082649e+04
 5.14027202e+04 2.09025488e+03 3.11625279e+04 4.07342841e+04
 6.95924904e+02 2.72187332e+04 8.19473592e+03 1.18333668e+03
 1.00000000e+00]","[ 0.25613571 -0.23479132  0.54327945 -0.19720076  0.31589941 -0.32380874
 -0.23317654  0.34117257  0.22929057 -0.05882327  0.25899954 -0.14824141
  0.15723121]",54008.123523195456,32882.10629491494,35.67524536300334,2.4548656141978765e-07,0.0012550263386699402,17939.48335053898,28153.32655542573
631,"[6.80408606e+04 8.98072916e+04 1.06491962e+03 1.25232636e+05
 2.07748121e+04 9.94049429e+03 5.26658839e+04 1.00795987e+04
 2.48203538e+03 2.28558106e+04 1.19536295e+04 1.12427739e+03
 1.00000000e+00]","[ 0.35628737  0.40008656  0.03411114  0.25993501  0.22473733  0.3823396
  0.20004853 -0.11989546  0.49482697  0.11967252  0.31943363 -0.17679425
  0.02657452]",118141.25980431747,31668.592793571894,33.24993583501782,2.4548656141978765e-07,0.0012550263386699402,18022.060882575803,31035.920281787574
632,"[6.29243845e+04 5.05826347e+03 5.80630941e+04 1.00705422e+05
 7.28356520e+04 2.03892155e+03 3.81461599e+04 1.74494687e+04
 6.82100545e+02 1.46661632e+04 3.29573807e+03 2.30021123e+03
 1.00000000e+00]","[ 0.28156275  0.26950675  0.54405838  0.10008587  0.36377038 -0.10189711
 -0.00800892  0.1605881   0.17932219 -0.32066466 -0.05595664  0.44786641
  0.18657307]",85799.01224379333,30506.097288439792,34.30896482698154,2.4548656141978765e-07,0.0012550263386699402,17966.394879478554,32998.185184782924
633,"[3.23705985e+04 5.94232340e+04 1.15165777e+03 1.00072561e+05
 3.83344042e+04 3.17167454e+03 1.40103771e+05 1.12168704e+04
 9.48900566e+02 2.48459545e+04 3.54880286e+03 1.19140768e+03
 1.00000000e+00]","[ 0.31176301  0.49887244  0.1970566   0.17836955  0.3286572   0.26106652
  0.46446306 -0.30521336 -0.07914089  0.10109674 -0.22857329 -0.01411605
 -0.17117785]",134498.38918391164,29978.99549075996,32.05662190099247,2.4548656141978765e-07,0.0012550263386699402,17841.857338835747,34465.04957448614
634,"[2.39768194e+04 1.38409635e+03 1.50062232e+04 9.26980988e+04
 4.14738164e+04 1.06692094e+04 3.83401064e+04 5.14156924e+03
 7.52318163e+04 1.75527296e+04 3.76717169e+03 1.60737877e+03
 1.00000000e+00]","[ 0.05767297  0.03071514  0.3444098  -0.15894094  0.22253215  0.42277143
 -0.14854822 -0.26793539  0.47151226 -0.44662245 -0.11618554 -0.2110712
 -0.22336595]",25383.121109076033,29392.977597565314,32.21338397299405,2.4548656141978765e-07,0.0012550263386699402,17983.9089373987,29032.91737736138
635,"[2.11994948e+04 8.66425424e+04 1.27784134e+04 7.70145504e+04
 6.19001078e+04 3.46686402e+03 7.24518792e+04 1.28644020e+04
 1.00828450e+03 3.74371304e+04 9.42546243e+03 1.18220395e+03
 1.00000000e+00]","[-0.01328791  0.42796057  0.45370284 -0.16496803  0.40398702  0.3819335
  0.252817   -0.25138263 -0.27985452  0.20109579  0.16501744 -0.03168968
 -0.02076135]",80068.84725566453,30633.806333243294,32.35378466799739,2.4548656141978765e-07,0.0012550263386699402,17837.63930977533,31494.333384420504
636,"[1.43194680e+04 7.67587062e+02 1.32764820e+03 9.65946898e+04
 1.36727857e+05 1.51378975e+04 6.02577314e+04 4.21928497e+04
 9.48698288e+02 1.45487757e+04 4.51147476e+03 2.20621422e+03
 1.00000000e+00]","[-0.47044822 -0.31709897  0.12139756 -0.09870789  0.37698514  0.41346674
  0.06097845  0.35590835 -0.03610166 -0.44835154 -0.08487902 -0.01169821
 -0.02281905]",53175.16728804282,30898.03718282483,32.173773824004456,2.4548656141978765e-07,0.0012550263386699402,17930.224018501827,30434.368725348395
637,"[1.86837225e+04 2.37687359e+03 1.14855319e+03 1.32749418e+05
 1.42522875e+05 1.38412511e+04 2.43440702e+04 2.69366684e+04
 9.48698288e+02 2.62522197e+04 2.94329921e+03 1.24263235e+03
 1.00000000e+00]","[ 0.04634712  0.39997265  0.01508354  0.19676279  0.42248363  0.48600059
 -0.36115702  0.37116867 -0.29355458  0.08993396 -0.03028963  0.14388636
 -0.01256882]",98272.6499489506,29256.342627527585,36.003582605015254,2.4548656141978765e-07,0.0012550263386699402,17881.20076837067,29623.578738183904
638,"[1.47592678e+04 1.71596967e+03 6.24302209e+03 8.46539198e+04
 1.36203530e+04 1.14139181e+04 3.60122230e+04 7.00850289e+03
 9.57914526e+02 7.30218979e+04 1.02238802e+04 7.65009176e+04
 1.00000000e+00]","[-0.36751265 -0.02148722  0.42745712 -0.1710675   0.06537023  0.43573425
 -0.09205121 -0.13146137 -0.21682631  0.28756403  0.03537844  0.52929902
  0.14656107]",45997.966881954075,28959.24455954568,29.308850948000327,2.4548656141978765e-07,0.0012550263386699402,17895.05909267518,29133.72302491204
639,"[3.98660607e+04 2.93780475e+03 1.51208011e+04 9.69932146e+04
 4.81641936e+03 3.21652781e+03 9.23847495e+04 1.49904091e+04
 9.48698288e+02 2.69864736e+04 4.95753866e+03 7.08608379e+04
 1.00000000e+00]","[ 0.28021501  0.18273439  0.39219946  0.24868439 -0.37163303 -0.22334793
  0.34277114 -0.02147144 -0.02923192  0.17156154  0.21417409  0.52428566
 -0.12426184]",113410.67203854484,31627.117218438347,34.456472211983055,2.4548656141978765e-07,0.0012550263386699402,17861.58853573094,30538.115656897084
640,"[1.60274114e+05 9.83404220e+03 1.94834923e+04 7.87003211e+04
 1.11974671e+04 2.68254282e+03 5.61904281e+04 9.24270692e+03
 9.52033541e+02 1.15994223e+04 1.51208243e+04 1.17948087e+03
 1.00000000e+00]","[ 0.46274513 -0.11124801  0.4173551  -0.31017654 -0.17041633 -0.31040224
  0.23241552 -0.17753522 -0.05409713 -0.45641458  0.25789836 -0.0932619
 -0.0756237 ]",63914.224819150375,29561.347064963928,34.04063105100067,2.4548656141978765e-07,0.0012550263386699402,17849.70652749731,30447.565861592637
641,"[2.90771591e+04 1.79620229e+03 1.29155991e+03 1.15132736e+05
 6.68812918e+04 3.73920859e+03 4.44649378e+04 8.01077331e+03
 7.19143192e+04 1.43837101e+04 3.96621241e+03 2.76488925e+03
 1.00000000e+00]","[ 0.22315853  0.0995012  -0.21129294  0.13919438  0.33323992 -0.078079
  0.0493217  -0.10892853  0.51281421 -0.46940343 -0.03326878  0.44443084
  0.25078518]",76960.54267353255,30246.606904403,36.65352287699352,2.4548656141978765e-07,0.0012550263386699402,17915.459511767953,30442.253240285263
642,"[2.23406151e+04 2.21972982e+03 6.56952548e+03 6.67183189e+04
 1.42563917e+04 4.47025381e+03 1.90108697e+05 1.83297602e+04
 1.93446842e+03 2.58098197e+04 4.60964598e+03 6.71097025e+03
 1.00000000e+00]","[-0.11855368  0.10302162 -0.09855468 -0.61988066 -0.423555   -0.37344666
  0.25059645 -0.02363345 -0.23745746 -0.25125646 -0.21051907  0.18731021
  0.01512956]",-11582.741544870389,29169.26101017784,32.47995719499886,2.4548656141978765e-07,0.0012550263386699402,17843.022565198997,30438.488380929095
643,"[5.19815238e+04 4.38243510e+04 8.43067211e+03 5.12050363e+04
 5.14430715e+04 2.89115237e+03 7.03560643e+04 1.56672834e+04
 9.48698288e+02 6.94513957e+04 1.48149320e+04 1.18333668e+03
 1.00000000e+00]","[ 0.29016093  0.43281674  0.42882124 -0.45295395  0.34300158  0.01633631
  0.17360875  0.07011753 -0.04391969  0.34123139  0.12811529  0.10717786
  0.20044828]",71160.29099710361,29745.615810157782,35.70319248101441,2.4548656141978765e-07,0.0012550263386699402,17886.281216067506,34363.587806807365
644,"[1.27049537e+05 7.32854230e+03 1.23813245e+03 8.72620893e+04
 1.05977342e+04 6.65197372e+03 4.45144435e+04 7.66808248e+04
 1.93624043e+03 2.17176043e+04 8.73971399e+03 1.18333669e+03
 1.00000000e+00]","[ 0.56988268 -0.26176899 -0.242415   -0.11228603 -0.19702773  0.03088504
  0.13201976  0.58071493  0.14436951 -0.32901891 -0.03547493 -0.09875606
 -0.0282392 ]",101617.47595019644,29408.612947481786,32.901048752013594,2.4548656141978765e-07,0.0012550263386699402,17870.826235097295,31542.721553610318
645,"[2.04651402e+04 8.36548344e+04 7.74389028e+03 1.43653994e+05
 5.72640011e+04 3.12717244e+03 2.99890537e+04 7.82266562e+03
 9.52033543e+02 1.46495582e+04 1.20565323e+04 2.22115773e+03
 1.00000000e+00]","[-0.02061518  0.42078999  0.23860599  0.20862963  0.34822656 -0.1191141
 -0.31317956 -0.03334078 -0.19136377 -0.361197    0.2412961   0.50330481
 -0.09373262]",75066.48388163891,28844.23950193668,32.41544928602525,2.4548656141978765e-07,0.0012550263386699402,17782.062254518507,29803.787462106193
646,"[7.89703450e+03 6.88980811e+04 4.64838042e+03 1.27306933e+05
 4.21992585e+04 2.63106861e+03 2.53046421e+04 1.48915380e+04
 1.00278595e+03 7.35231445e+04 2.63331040e+04 1.18023202e+03
 1.00000000e+00]","[-0.54161942  0.33569846  0.35869815  0.19562965  0.2027784  -0.41040225
 -0.23814403  0.03727443  0.07440302  0.29640072  0.21999143 -0.05785077
  0.11931653]",75022.21687735539,28806.472774349706,35.500621724000666,2.4548656141978765e-07,0.0012550263386699402,17911.97529403886,32157.482377711734
647,"[2.24566171e+04 2.15580340e+03 2.82422280e+04 6.93430776e+04
 4.01534102e+04 4.70178544e+03 1.53145470e+04 3.83708313e+04
 5.41535179e+03 5.29572333e+04 4.56975376e+04 1.18333668e+03
 1.00000000e+00]","[-0.32889875 -0.20404405  0.33023768 -0.38373391  0.13475899 -0.04396563
 -0.60016833  0.22205263  0.20461689 -0.04837989  0.23231159 -0.25026357
  0.05891892]",-11709.132976545256,32898.7565232516,32.066800411994336,2.4548656141978765e-07,0.0012550263386699402,17844.1228896058,28970.172991019863
648,"[1.91802705e+04 2.03060192e+04 4.66386449e+03 1.35680956e+05
 3.25962989e+04 1.30413384e+04 1.51856079e+05 1.10990187e+04
 9.48698293e+02 1.21719248e+04 1.10283253e+04 1.52661447e+03
 1.00000000e+00]","[ 0.13030912  0.33339443  0.35155624  0.25258771  0.24809544  0.35430705
  0.33065075 -0.03367909 -0.06560754 -0.25335261  0.18117994  0.31165704
  0.43414068]",107053.67877158655,29262.32789552823,38.09839666399057,2.4548656141978765e-07,0.0012550263386699402,17809.034607117876,28546.25249756925
649,"[1.08055944e+04 7.24056749e+04 6.56429561e+03 1.07534216e+05
 6.54910339e+03 1.70001105e+04 4.80099796e+04 2.52470930e+04
 1.04470857e+03 6.47237152e+03 2.91993047e+04 1.79383524e+03
 1.00000000e+00]","[-0.39263775  0.09301709 -0.2945057  -0.1458736  -0.3254412  -0.28155869
 -0.22335607 -0.07688743 -0.33319785 -0.55716462  0.07349818 -0.24690327
 -0.01916732]",-36960.82391063401,30703.97941518588,30.33096527599264,2.4548656141978765e-07,0.0012550263386699402,17844.377468587387,30852.620445637775
650,"[5.44352785e+04 2.57574097e+03 1.51058780e+04 1.22270028e+05
 1.66479624e+04 3.08329017e+03 2.55657234e+04 3.39921775e+04
 9.48698288e+02 2.53578984e+04 5.88345924e+03 6.30817283e+04
 1.00000000e+00]","[ 0.31866966 -0.14120305  0.33944104  0.17933729  0.15315029 -0.33591176
 -0.2510712   0.27101626  0.3095811   0.01070385  0.15630361  0.56822815
  0.12280839]",85675.5113717382,30971.043428878344,33.5842171870172,2.4548656141978765e-07,0.0012550263386699402,17748.464176659138,29138.33213514772
651,"[1.09107977e+05 3.78237618e+03 5.79525049e+04 6.93444044e+04
 2.14494033e+03 5.73110730e+03 3.99430554e+04 3.40634290e+03
 1.34224291e+03 2.35075958e+04 3.87695155e+03 1.98212080e+03
 1.00000000e+00]","[ 0.24666876 -0.3074285   0.33231871 -0.35160936 -0.38815835  0.00858842
  0.05722927 -0.42292446  0.35602132 -0.12611945 -0.06239212  0.36194954
 -0.01178437]",18677.836451125873,29708.15908000221,32.88787150502321,2.4548656141978765e-07,0.0012550263386699402,17904.905889455615,29828.419648473035
652,"[1.78756836e+04 1.17075645e+05 1.14100616e+03 8.73134811e+04
 4.30920107e+04 2.88689119e+03 7.98575943e+04 2.32358411e+04
 9.48698288e+02 2.44476306e+04 4.31621364e+03 1.32578552e+03
 1.00000000e+00]","[-0.15084679  0.61062687 -0.26871909 -0.13251137  0.42646668 -0.03468376
  0.44442475  0.26031399 -0.13906939  0.00201331  0.03990644 -0.01717906
  0.21219174]",116799.85829362283,29284.118482930367,32.342636909976136,2.4548656141978765e-07,0.0012550263386699402,17764.97933492922,31032.45106454099
653,"[1.22401894e+04 4.51203910e+03 7.85807627e+03 1.05541966e+05
 4.00001429e+03 8.35691282e+03 1.85933290e+04 4.52011774e+04
 3.89340673e+04 2.14962793e+04 2.79680315e+04 2.22396247e+03
 1.00000000e+00]","[-0.38083056  0.0731466   0.09191767 -0.05384745 -0.49932237  0.05492418
 -0.59222289  0.15811153  0.26865101 -0.22981439  0.17760574  0.13964822
 -0.18484888]",-3897.9431747960925,32149.59791614292,35.20348095402005,2.4548656141978765e-07,0.0012550263386699402,17768.353583533342,28360.812695286964
654,"[1.37196484e+04 9.02672684e+02 1.18920433e+03 1.01855374e+05
 3.88995170e+03 3.94186756e+03 1.84928929e+05 3.48999225e+04
 1.39149905e+04 2.79507212e+04 4.64226357e+03 1.87841335e+03
 1.00000000e+00]","[-0.33655718 -0.2725403  -0.15657664  0.15912743 -0.5857294  -0.22397461
  0.28566276  0.28593796  0.28058933  0.15381387 -0.01800114  0.24698038
  0.20565398]",79387.68186745349,28117.07404985139,36.1703624399961,2.4548656141978765e-07,0.0012550263386699402,17728.12638879042,30615.369093588408
655,"[1.08904304e+05 6.01185580e+03 2.26573539e+03 1.37147596e+05
 6.75367627e+04 3.32570587e+03 2.39593544e+04 2.08558181e+04
 9.48698288e+02 1.36508909e+04 4.45700074e+03 4.07689527e+03
 1.00000000e+00]","[ 0.37980487 -0.18409414  0.01760057  0.2660987   0.28145527 -0.00640083
 -0.15075838  0.2006193  -0.0245613  -0.51777256 -0.38704703  0.41839606
  0.1222814 ]",89239.06180498507,29798.786201778727,35.368947264010785,2.4548656141978765e-07,0.0012550263386699402,17731.61322534776,29883.098444177045
656,"[2.00419522e+04 9.17490683e+03 2.08031045e+03 7.08072923e+04
 2.60541278e+04 3.65144719e+03 8.50524031e+04 2.88852544e+04
 1.12860092e+04 3.45699069e+04 6.74513681e+03 6.62978971e+04
 1.00000000e+00]","[-0.04713612  0.24277218  0.24844692 -0.42527272  0.16805147 -0.30937329
  0.24592704  0.19251796  0.43969836  0.14381206  0.11388788  0.49583999
 -0.04377663]",44988.843002696194,31244.638483118855,34.131476084003225,2.4548656141978765e-07,0.0012550263386699402,17716.487603872687,28707.03913729044
657,"[9.10367049e+03 8.48749688e+04 1.47586821e+03 1.05089506e+05
 6.81626709e+03 2.44132532e+04 5.52836083e+04 2.96303501e+03
 7.58866772e+02 6.07932180e+04 1.80599294e+04 1.18333668e+03
 1.00000000e+00]","[-0.51955086  0.31678612 -0.18885829  0.0580588  -0.10501316  0.39411523
  0.2001617  -0.52537298 -0.17190989  0.21091401  0.10127838 -0.10864258
  0.1101857 ]",60787.14673388926,30178.257484725676,32.17843925100169,2.4548656141978765e-07,0.0012550263386699402,17631.133355582027,31295.750257952466
658,"[2.43188955e+04 1.75207568e+04 3.70393639e+03 6.70819579e+04
 3.33613023e+03 3.96717800e+04 1.67852888e+04 2.79513061e+04
 1.04301940e+03 6.99621813e+04 1.97271451e+04 1.24263235e+03
 1.00000000e+00]","[-0.04036758  0.17835514 -0.2845806  -0.46246593 -0.32863761  0.2371459
 -0.63880239  0.09082722 -0.13201265  0.11210899 -0.04453508 -0.06163328
  0.23529198]",-23055.29172375234,29077.584657802483,31.159062468999764,2.4548656141978765e-07,0.0012550263386699402,17776.369420675128,29635.85943244945
659,"[3.76047573e+04 2.48003825e+03 4.45851303e+03 9.52684619e+04
 1.12683438e+04 5.52003725e+03 2.16934312e+04 2.95218410e+03
 3.98200644e+04 1.51081768e+04 7.81338783e+02 3.21165425e+03
 1.00000000e+00]","[-0.08437852 -0.21597747 -0.44075613 -0.24916639 -0.13689418 -0.23653987
 -0.4396081  -0.26467918 -0.1319407  -0.37306278 -0.25744277 -0.30548816
  0.18894095]",-54650.02052267208,31789.59499611097,33.76361542197992,2.4548656141978765e-07,0.0012550263386699402,17703.82172637622,30706.92425495939
660,"[2.37151681e+04 9.55411953e+04 1.55411284e+03 8.10493534e+04
 7.97363054e+03 5.75174559e+03 7.95869578e+04 1.54832911e+04
 1.50302698e+03 2.00364751e+04 1.51771236e+04 1.78923992e+04
 1.00000000e+00]","[ 0.01118633  0.34880703 -0.32956432 -0.50241873 -0.20239067 -0.1494465
  0.21898875 -0.20538992 -0.1173757  -0.35915869  0.20182418  0.42440189
 -0.01058266]",7416.977572349758,29072.236334837035,32.46349568699952,2.4548656141978765e-07,0.0012550263386699402,17688.395486551937,30709.54812704661
661,"[1.38776607e+05 6.21210985e+03 2.85628628e+04 1.15870360e+05
 1.30401198e+04 1.49893444e+03 6.27420709e+04 8.58638645e+03
 6.42980782e+02 2.28188309e+04 4.67141229e+03 8.97928924e+02
 1.00000000e+00]","[ 0.43938974 -0.01851679  0.51401074  0.32171538  0.06685281 -0.26564206
  0.35173706 -0.21970354  0.00442419  0.0994885   0.06155495 -0.41957674
 -0.04594743]",135660.53297157004,28503.913494646185,35.44153410400031,2.4548656141978765e-07,0.0012550263386699402,17683.19846260084,32046.003785931192
662,"[3.33290451e+04 2.09716747e+03 3.07737963e+04 5.05678720e+04
 2.97878411e+04 9.17801539e+03 4.13061647e+04 7.02903062e+04
 9.49298339e+02 2.78456228e+04 1.18644780e+03 5.04484658e+03
 1.00000000e+00]","[ 0.05882925 -0.25724364  0.20122635 -0.7362786  -0.01880779 -0.17058964
 -0.30677939  0.24227674  0.03546088 -0.18406113 -0.17152966  0.29741944
  0.11173055]",-31180.992476075837,31028.275395358934,34.59950584100443,2.4548656141978765e-07,0.0012550263386699402,17692.051623076208,30484.166133335602
663,"[2.14893053e+04 1.14133323e+05 1.33350554e+03 1.10840061e+05
 7.60119858e+03 5.96614349e+03 3.87251802e+04 3.19690786e+04
 9.48698288e+02 3.08834614e+04 4.91721691e+03 1.15639994e+04
 1.00000000e+00]","[ 0.05287408  0.47341731 -0.19079868  0.19875196 -0.26035098  0.22241995
 -0.11155561  0.30363255 -0.29319149  0.01291333  0.02086193  0.62136143
  0.05128365]",89087.73230596574,31012.65006359895,28.2643502689898,2.4548656141978765e-07,0.0012550263386699402,17672.020793054468,28378.60965947393
664,"[6.57867576e+04 6.93284109e+03 1.97872415e+03 9.35641130e+04
 6.82287251e+04 3.73920858e+03 1.87807479e+04 1.82028205e+03
 1.50244110e+04 2.52488363e+04 6.97627025e+03 2.93524252e+04
 1.00000000e+00]","[ 0.14522136  0.19689412 -0.16479013 -0.15935072  0.19654812 -0.01796322
 -0.63780021 -0.31446402  0.36257134 -0.19351693  0.11211681  0.37148983
 -0.153241  ]",8722.851077901778,29910.955263907068,35.121462426002836,2.4548656141978765e-07,0.0012550263386699402,17708.68196635578,30421.072006929033
665,"[2.23418853e+04 5.89661790e+04 1.73026002e+04 6.65568983e+04
 1.21997471e+04 9.13525757e+03 3.17913772e+04 2.61420421e+04
 2.60917644e+03 2.97277876e+04 3.77514681e+03 1.21244470e+04
 1.00000000e+00]","[-0.2727148   0.11236679 -0.21159627 -0.58707673 -0.19406682 -0.40917459
 -0.42333627 -0.06482803 -0.16582874 -0.2677912  -0.12951164 -0.04687346
 -0.12994054]",-72911.8419499608,28411.40253255077,31.87524794699857,2.4548656141978765e-07,0.0012550263386699402,17670.198998273343,32582.982541929538
666,"[2.30186203e+04 8.16306621e+04 1.13613534e+03 1.05891871e+05
 7.05688754e+04 3.30972880e+03 2.74779775e+04 9.63632709e+03
 1.06426183e+03 5.07407285e+04 1.85670053e+04 4.44057995e+03
 1.00000000e+00]","[ 0.16859745  0.46342509 -0.17770731  0.11408285  0.45498603  0.15676532
 -0.42328639 -0.04258417  0.05814188  0.17371022  0.32520583  0.3983897
 -0.04019892]",90857.61946593306,29071.85365895681,30.513736307999352,2.4548656141978765e-07,0.0012550263386699402,17612.76534231035,31092.251532993207
667,"[5.41843299e+04 3.07242335e+03 5.18762366e+04 5.58960636e+04
 6.61815208e+04 8.05748355e+03 3.55592427e+04 6.77371906e+03
 7.73955813e+02 2.84627047e+04 8.59978369e+03 1.18333668e+03
 1.00000000e+00]","[ 0.21666532 -0.06473737  0.47654576 -0.56854281  0.26452888  0.38001369
 -0.25119043 -0.04919723  0.09124771 -0.0710201   0.20106768 -0.01785597
 -0.25398512]",15543.500697757927,28827.39067406989,35.03042612198624,2.4548656141978765e-07,0.0012550263386699402,17649.541601273486,29553.128557674907
668,"[5.03934159e+04 2.91570582e+03 2.10435024e+04 7.74142073e+04
 5.94589202e+03 6.09061799e+03 4.89140932e+04 1.31382894e+04
 2.48295924e+03 2.00712449e+04 5.25221150e+03 7.01909592e+04
 1.00000000e+00]","[ 0.19345958  0.05488876  0.2061781  -0.515744   -0.1311943  -0.09306419
 -0.11212082  0.03574143  0.30587568 -0.47237811  0.07722438  0.53417346
  0.05772362]",-2861.6039236001893,29591.30537790039,29.633474226022372,2.4548656141978765e-07,0.0012550263386699402,17616.654525939382,31612.038020702857
669,"[1.30612837e+04 2.48496267e+03 1.06990541e+03 1.20618205e+05
 3.31816240e+04 2.76667821e+03 1.50674724e+05 5.20968271e+04
 9.48698288e+02 3.90799690e+04 1.62468755e+03 4.54749059e+03
 1.00000000e+00]","[-0.4133529  -0.08699821 -0.29276895  0.26695149  0.26383705 -0.02826181
  0.36064578  0.36278438 -0.02496027  0.2755527  -0.23157574  0.44637083
  0.05550479]",120585.933188591,32387.464730853244,35.52129099701415,2.4548656141978765e-07,0.0012550263386699402,17716.42004207142,31003.568623064184
670,"[2.34912589e+04 2.91445490e+04 3.15432514e+04 6.08704523e+04
 4.67487598e+04 4.08277661e+03 8.17913444e+04 1.46172701e+04
 1.04470856e+03 5.53925336e+03 1.81646024e+04 1.49969167e+03
 1.00000000e+00]","[-0.28887416  0.16386571  0.28335825 -0.44883258  0.09743292 -0.0127739
  0.11451753 -0.31785115 -0.08499345 -0.65861303  0.09895144 -0.12606065
 -0.13221009]",-13298.474020028423,30473.676251627294,36.23725215601735,2.4548656141978765e-07,0.0012550263386699402,17754.83107510802,31002.470351602162
671,"[2.88950377e+04 1.66478888e+03 1.25624053e+03 8.86810470e+04
 1.54663693e+05 4.74045276e+03 4.84871712e+04 8.19329478e+03
 6.51540674e+03 1.97310753e+04 1.63730712e+04 1.40801105e+03
 1.00000000e+00]","[ 0.10063475 -0.01622581 -0.2371369  -0.42882074  0.40808611 -0.13594564
 -0.1122396  -0.43462285  0.18088824 -0.4373097   0.33530178  0.00597988
 -0.16295588]",16071.293234972702,29878.411478769634,31.553731253021397,2.4548656141978765e-07,0.0012550263386699402,17673.945116965995,29409.900695134987
672,"[4.22985249e+04 9.92765963e+03 6.36271147e+04 6.89677492e+04
 2.31361477e+03 4.78059366e+03 3.61599723e+04 4.06746012e+04
 8.63265443e+02 1.43988552e+04 6.85820660e+03 2.73073012e+03
 1.00000000e+00]","[-0.03556936  0.21598291  0.29804059 -0.54028056 -0.21310965 -0.33824336
 -0.27805588  0.19268847 -0.08493075 -0.51226006  0.01499024  0.0020797
 -0.16502748]",-29326.77851698551,29735.622051839357,32.56122488999972,2.4548656141978765e-07,0.0012550263386699402,17672.392600285002,30272.365235643796
673,"[8.65937810e+04 5.84346621e+04 1.08914080e+04 1.21200682e+05
 1.12977227e+04 3.46039275e+03 1.51293189e+04 2.83252401e+04
 9.48698288e+02 1.67810291e+04 6.01568963e+03 1.48809013e+03
 1.00000000e+00]","[ 0.18353752  0.31225104 -0.06808557  0.1091902  -0.22193506 -0.24739945
 -0.55730841  0.1152673  -0.0610687  -0.53748121 -0.1699355  -0.25362399
 -0.17915247]",27624.39089757226,31402.71003551015,33.8671075309976,2.4548656141978765e-07,0.0012550263386699402,17592.46117973761,31404.87648630437
674,"[1.56307729e+04 1.14226054e+05 1.27397656e+03 1.23239150e+05
 4.50261065e+04 3.39780150e+03 5.64663580e+04 7.53077320e+03
 1.29156223e+03 2.00407966e+04 4.10614445e+03 2.66962921e+03
 1.00000000e+00]","[-0.19557857  0.347936   -0.20010237  0.09604932  0.2853096  -0.28460531
  0.16233433 -0.5554253  -0.2185252  -0.43918371 -0.15937767  0.05798902
  0.15739161]",55548.126711830315,30995.58623395855,35.104922310012626,2.4548656141978765e-07,0.0012550263386699402,17603.62292828892,29153.620865397246
675,"[1.12979789e+04 3.36753134e+03 4.86586068e+03 1.09734633e+05
 6.99681404e+03 8.58842646e+03 1.72494347e+04 1.45142819e+03
 4.33054368e+03 6.11924628e+04 7.62057381e+03 6.54858762e+04
 1.00000000e+00]","[-0.31336108  0.11638098  0.13162536  0.055582   -0.21803119  0.18725762
 -0.6733903  -0.33269273  0.205857    0.11042458 -0.01869177  0.31553748
 -0.25810806]",19744.72636548426,31277.312556324163,31.14730375999352,2.4548656141978765e-07,0.0012550263386699402,17569.55043387912,30302.200017396124
676,"[7.53841131e+03 7.27835898e+03 4.82234323e+03 5.36456313e+04
 8.57052793e+04 3.34981002e+03 8.27028116e+04 1.44561779e+04
 1.04470856e+03 6.46479557e+04 1.35802269e+04 7.44903715e+03
 1.00000000e+00]","[-0.74849688  0.11181726  0.11905197 -0.43792008  0.2216565  -0.15474857
  0.14476076 -0.26454361 -0.15644007  0.0920052  -0.03903922  0.14831667
 -0.02870349]",5238.7050032408615,30577.534857861803,34.180256772990106,2.4548656141978765e-07,0.0012550263386699402,17597.313086904105,30252.4671765106
677,"[3.23399371e+04 1.43015163e+03 1.17211816e+03 1.54090093e+05
 3.28185696e+04 1.68295657e+04 2.44786636e+04 1.05139251e+04
 9.67454497e+02 3.73061365e+04 9.36475517e+04 1.18333668e+03
 1.00000000e+00]","[ 0.36710587 -0.35649773 -0.11423417  0.31862202  0.26972138  0.43090061
 -0.25981609  0.07853931  0.17998049  0.19351949  0.42955876 -0.10946032
  0.15852561]",118385.82483635869,30728.982635904365,33.805043755011866,2.4548656141978765e-07,0.0012550263386699402,17623.89686038886,29639.770180123844
678,"[1.16471267e+05 9.72967051e+03 1.06491962e+03 5.96153388e+04
 4.40361680e+04 2.81299830e+03 8.22460429e+04 1.44210917e+04
 4.74527543e+03 2.38518397e+04 3.25924581e+04 1.18333668e+03
 1.00000000e+00]","[ 0.40504541  0.26358328 -0.10582698 -0.26137856  0.31161756 -0.14973043
  0.34712008 -0.09590495  0.48129503  0.05102942  0.41472165  0.00773275
 -0.17727492]",91540.10732315706,28716.64795699199,40.094207203015685,2.4548656141978765e-07,0.0012550263386699402,17538.377762864635,29529.610882146884
679,"[2.35086133e+04 1.36253081e+03 1.54762352e+03 9.00184316e+04
 1.56915035e+04 3.81017656e+03 5.16957387e+04 2.62755814e+04
 1.69913891e+04 1.59894998e+04 1.22161647e+05 1.60523910e+03
 1.00000000e+00]","[ 0.04982863 -0.02310944 -0.09397922 -0.25816783  0.08255863 -0.16951583
 -0.14444292  0.24341495  0.5225628  -0.39191646  0.40675042  0.45745006
 -0.0667634 ]",30369.047188150496,29102.597449043456,31.909380232013064,2.4548656141978765e-07,0.0012550263386699402,17586.19727340504,30870.524362294742
680,"[2.76979242e+04 1.36033045e+03 2.44281755e+04 1.36326377e+05
 2.63308185e+04 3.88716949e+03 1.81582879e+04 1.91617501e+03
 4.25222262e+03 5.37916603e+03 6.90627071e+04 1.71126654e+03
 1.00000000e+00]","[-0.00209525 -0.11138724  0.08933442  0.05506669  0.0031319  -0.21479989
 -0.61830937 -0.28766856 -0.04471309 -0.62814983  0.20666681  0.09649313
  0.12951242]",7817.772575195259,30459.67809345493,34.33174177200999,2.4548656141978765e-07,0.0012550263386699402,17553.839217597353,28148.83561156925
681,"[3.15752612e+04 1.41112820e+03 1.18920433e+03 7.05313142e+04
 3.73677862e+04 3.07753476e+03 1.69448312e+05 5.02128572e+04
 7.34773243e+03 2.31378160e+04 4.48570736e+03 1.21694914e+03
 1.00000000e+00]","[ 0.33652004 -0.3768199   0.05951788 -0.19578939  0.2558545  -0.00710469
  0.41833146  0.40923295  0.49764473 -0.1236875   0.04225135 -0.15851855
 -0.07097998]",98119.87892627245,28724.875398541277,33.0566234140133,2.4548656141978765e-07,0.0012550263386699402,17607.70676052729,30201.29865842401
682,"[6.44879711e+04 4.61150066e+03 1.08200579e+03 1.01636031e+05
 1.03574059e+04 2.10329537e+04 1.52274681e+04 2.28382174e+04
 9.48698288e+02 1.00451197e+05 4.24700504e+04 1.36673256e+03
 1.00000000e+00]","[ 0.29675813  0.10429654  0.05187351  0.11086113 -0.02017607  0.47261033
 -0.41939251  0.12605858  0.17237877  0.34684436  0.34264729  0.34131737
  0.29429098]",87189.49149784254,28308.84935806539,33.34765143599361,2.4548656141978765e-07,0.0012550263386699402,17562.14582499843,29214.952923967256
683,"[7.30240036e+04 1.35268336e+04 1.31645201e+03 9.46998192e+04
 1.40445210e+04 3.55641515e+03 1.49446703e+05 6.06728011e+03
 9.18170647e+03 1.29251868e+04 5.78669339e+03 3.74014926e+03
 1.00000000e+00]","[ 0.22324249  0.26076044  0.02967369  0.04367776  0.0678256  -0.1871764
  0.26946675 -0.54755129  0.16040611 -0.54854506 -0.08465861  0.35984804
  0.06347399]",56479.14567164898,29971.535395583473,31.927524844999425,2.4548656141978765e-07,0.0012550263386699402,17570.909580595442,31218.460479497662
684,"[3.62964833e+04 2.26290142e+03 1.23464114e+03 8.46125752e+04
 9.09273387e+03 4.81360758e+03 7.16843376e+04 1.90264369e+04
 4.08437585e+03 1.65655109e+05 3.85583696e+03 1.80304051e+03
 1.00000000e+00]","[ 0.45671028 -0.06734571 -0.08532431 -0.11594813 -0.48114206 -0.00820354
  0.28346354  0.31510674  0.22372992  0.51131157 -0.1194241  -0.07293834
 -0.15450093]",113432.4606676233,30170.371357804062,33.28725572000258,2.4548656141978765e-07,0.0012550263386699402,17561.51006096991,29242.747695856437
685,"[7.41936324e+03 1.02622907e+04 1.08200579e+03 2.08051867e+05
 5.35499297e+04 2.64448081e+03 7.15923026e+04 4.47625624e+03
 9.48698290e+02 3.93716794e+04 1.68090789e+04 2.07975717e+03
 1.00000000e+00]","[-0.48922641  0.2793964   0.0204067   0.27529638  0.26637323 -0.33767917
  0.27427536 -0.28610484 -0.14083239  0.21678704  0.27390616  0.27712603
 -0.21371   ]",101844.02555772912,29552.685293674804,36.13843661401188,2.4548656141978765e-07,0.0012550263386699402,17476.90710230832,30030.106383023784
686,"[2.44205344e+04 1.92231074e+04 1.19038155e+04 4.34702655e+04
 4.53741136e+04 5.81532928e+03 1.10765652e+05 1.47046259e+04
 8.59205549e+03 2.42697007e+04 8.27515417e+02 3.84841795e+03
 1.00000000e+00]","[-0.08174226  0.08015199 -0.10146629 -0.62131232 -0.00518595 -0.32519607
  0.07090248 -0.58153196 -0.09169321 -0.22266783 -0.2818495   0.00263292
 -0.06441131]",-37911.028663335666,28084.995049433717,34.4283893009997,2.4548656141978765e-07,0.0012550263386699402,17485.593557012962,28632.426872511056
687,"[1.65494326e+04 3.00760734e+03 8.28868206e+03 9.82126321e+04
 4.58619963e+03 4.33691394e+04 1.77019616e+04 1.29173738e+04
 1.04470856e+03 2.41305462e+04 6.41328868e+03 3.77072147e+04
 1.00000000e+00]","[-0.41407136  0.0509732   0.15965482 -0.23640796 -0.27034272  0.21096389
 -0.67640557 -0.04897996 -0.13407748 -0.27528497 -0.01343477  0.26765096
 -0.03844037]",-30067.855204427447,29294.674019467646,32.54440160098602,2.4548656141978765e-07,0.0012550263386699402,17556.201807276702,30770.513326671782
688,"[1.68297734e+04 1.35528399e+03 3.86440648e+03 8.80773723e+04
 1.24892437e+04 5.53651149e+03 3.56372672e+04 5.85239356e+03
 2.62036675e+03 3.27153547e+04 4.08678265e+04 7.12599906e+04
 1.00000000e+00]","[-0.48943251 -0.03449663  0.03551397 -0.32940557 -0.0487346  -0.16686912
 -0.2693451  -0.36000395  0.07074913 -0.24005294  0.32303014  0.47473136
  0.1574082 ]",-11034.846040813612,29018.240165329895,33.13214264099952,2.4548656141978765e-07,0.0012550263386699402,17442.837648286804,28432.015070563342
689,"[1.19799879e+04 5.27720567e+03 5.01857460e+03 8.83108627e+04
 3.53078677e+04 4.58909912e+04 1.80112546e+04 1.59856347e+03
 6.52117306e+03 6.77828372e+04 4.14597000e+04 1.18333668e+03
 1.00000000e+00]","[-0.39028324  0.16586874  0.16381002 -0.16646952  0.14661731  0.33861922
 -0.54899341 -0.28810422  0.32625988  0.14676126  0.16956065 -0.2469064
 -0.16542474]",11501.551097503185,30890.40564677879,32.01161011701333,2.4548656141978765e-07,0.0012550263386699402,17538.866201022036,29454.03109293882
690,"[6.39620156e+04 1.84258420e+04 1.45135385e+03 1.81941799e+05
 6.28032307e+03 3.87201446e+04 2.16532607e+04 1.54140533e+04
 1.31498965e+03 2.42470393e+04 6.22703366e+03 1.18333668e+03
 1.00000000e+00]","[ 0.27106786  0.33620233 -0.09725752  0.27029287 -0.30198159  0.47892956
 -0.30331259  0.14056702  0.37437258  0.00391621  0.16227467  0.28422015
 -0.22663758]",86749.79866857926,28718.3712410796,35.29416719599976,2.4548656141978765e-07,0.0012550263386699402,17611.15311293356,29270.381549473575
691,"[1.53564525e+04 8.01429321e+02 1.43709508e+03 1.34865319e+05
 1.84822996e+04 3.48132316e+03 1.40269084e+04 3.81102245e+04
 9.63622067e+02 6.81734526e+04 9.47546937e+03 5.43721949e+04
 1.00000000e+00]","[-0.19316456 -0.19079726 -0.17317279  0.19170657  0.06241572 -0.13937416
 -0.61332046  0.29948461  0.31737544  0.24184023 -0.08946348  0.43513539
  0.11751319]",65569.87315620498,29706.057190755404,32.427948732016375,2.4548656141978765e-07,0.0012550263386699402,17520.981263666043,28841.23866794348
692,"[2.57806433e+04 5.45955123e+04 1.29151213e+03 2.04582055e+05
 1.25416308e+04 3.21962519e+03 3.83075418e+04 1.35486504e+04
 9.48698289e+02 1.90309813e+04 3.02898219e+04 1.73910999e+03
 1.00000000e+00]","[ 0.25105893  0.48387667  0.14359172  0.38048144 -0.27278605 -0.04892542
 -0.02746445  0.11366898 -0.19272761 -0.16061495  0.46383029  0.33916627
 -0.23206426]",119223.79448766154,28957.535055988905,32.359929663012736,2.4548656141978765e-07,0.0012550263386699402,17497.77305610138,31196.308761823486
693,"[1.14565456e+04 5.34677237e+03 7.25023638e+03 1.09879642e+05
 3.89178244e+03 2.73577565e+04 3.71282490e+04 1.69100222e+04
 6.37575091e+04 4.37785651e+04 1.91037294e+04 1.18333668e+03
 1.00000000e+00]","[-0.25504842  0.23106687  0.3787244   0.10572457 -0.25155814  0.36346938
 -0.07689931  0.13923192  0.39510395  0.10249144  0.20854419 -0.06010586
 -0.54087246]",54730.35988141395,30286.194009704748,30.248758235014975,2.4548656141978765e-07,0.0012550263386699402,17493.925393974958,34409.207124199376
694,"[1.81982238e+04 1.05435721e+03 1.20455852e+03 1.98152806e+05
 1.33893206e+04 3.06751827e+03 3.53616156e+04 1.04912560e+05
 9.48698291e+02 2.18151135e+04 7.21493694e+03 1.39375182e+03
 1.00000000e+00]","[ 0.08833502  0.09075587 -0.03253396  0.4905988  -0.24843518 -0.09684326
 -0.09632758  0.64715453  0.12040051 -0.18246508  0.28821001  0.33467476
  0.01288484]",158422.07244999777,28317.994776874024,30.283351917983964,2.4548656141978765e-07,0.0012550263386699402,17480.431409267025,29062.72413011198
695,"[2.58140772e+04 1.46473051e+04 1.26036259e+03 7.38609612e+04
 3.11489715e+04 3.87114184e+03 2.89671961e+04 3.97801086e+04
 8.34400009e+03 1.34296790e+05 1.02820314e+04 1.24263235e+03
 1.00000000e+00]","[ 0.08433175  0.30734227  0.09944667 -0.3945948   0.12756792 -0.15454378
 -0.49818856  0.27079724  0.44335522  0.31358167 -0.25056405  0.09037347
  0.07284789]",20723.87076983534,31774.962889873103,34.10611971601611,2.4548656141978765e-07,0.0012550263386699402,17483.580433498268,28270.461876758578
696,"[2.35449746e+04 3.32902890e+03 1.07417622e+03 1.72663518e+05
 9.37636320e+03 3.13673045e+03 1.49657061e+04 8.10925273e+04
 9.48698289e+02 6.17548920e+04 2.39042216e+04 1.62257650e+03
 1.00000000e+00]","[ 0.22335281  0.35678598 -0.14692532  0.32858825 -0.35177794 -0.14873757
 -0.40439985  0.4287835   0.14736664  0.28045084  0.29215873  0.11699039
 -0.02412088]",112610.67410272967,29128.764346249853,35.81339250900783,2.4548656141978765e-07,0.0012550263386699402,17480.987484509154,28499.87745452954
697,"[2.68529873e+04 1.42411899e+03 4.77096348e+03 6.15295082e+04
 5.00592237e+04 1.04576291e+04 2.36261519e+04 6.75877664e+04
 9.48698289e+02 7.08710646e+04 1.02442242e+04 7.69402065e+03
 1.00000000e+00]","[ 0.03832236 -0.16822998 -0.07509261 -0.50367937  0.14930559  0.12138253
 -0.64553512  0.23558029 -0.13344663  0.09928445 -0.37216814  0.0412922
 -0.18379102]",-17730.84869355665,27925.51608754663,34.184422063000966,2.4548656141978765e-07,0.0012550263386699402,17441.18711298424,28422.24706189686
698,"[1.05007542e+04 2.73503352e+03 8.84130171e+03 8.65587813e+04
 7.04419786e+04 3.48589129e+03 1.63328577e+04 2.01783025e+04
 2.85575933e+03 6.05047222e+04 1.77689140e+04 3.35010125e+04
 1.00000000e+00]","[-0.60149528  0.01682356  0.32947071 -0.2323886   0.16196228 -0.07859537
 -0.48336187  0.10717865  0.22671058  0.06884639  0.07884125  0.35800775
  0.08548104]",138.0995619419111,28335.83879676081,34.93930802901741,2.4548656141978765e-07,0.0012550263386699402,17466.838900531257,29974.090540923484
699,"[2.69018931e+04 1.77410410e+03 1.18169627e+03 8.45984411e+04
 3.85943377e+04 3.81816174e+03 3.76723550e+04 1.29207081e+05
 9.50630017e+03 3.15918704e+04 2.01703128e+04 1.18333668e+03
 1.00000000e+00]","[ 0.16662013  0.13732504 -0.47556487 -0.2189666   0.21093197 -0.00466775
 -0.22371887  0.390586    0.50033619 -0.07190878  0.34751509  0.11334993
  0.20743067]",45429.67700145562,30021.76283123913,33.146727657003794,2.4548656141978765e-07,0.0012550263386699402,17418.216364447133,29313.808521266008
700,"[9.89094156e+04 6.87196207e+03 1.15249024e+03 7.48681590e+04
 1.66787714e+04 3.56015026e+03 3.99607528e+04 2.93964632e+04
 1.23419385e+04 2.85590131e+04 6.89094855e+04 1.17508241e+03
 1.00000000e+00]","[ 0.39382882 -0.13649921  0.11324612 -0.36815107  0.01620891 -0.04536378
 -0.02399958  0.32754319  0.54845907  0.04111146  0.45942699 -0.21140142
 -0.09728612]",58715.01236576821,29315.25564880055,32.67717853700742,2.4548656141978765e-07,0.0012550263386699402,17465.915057937866,29064.219793921584
701,"[7.23274768e+04 4.87837692e+03 2.88095986e+03 1.03812638e+05
 3.37593477e+04 2.90162355e+03 3.27253375e+04 2.85310433e+03
 1.36001482e+03 1.27977665e+05 7.18284888e+03 2.77993816e+03
 1.00000000e+00]","[ 0.4306542  -0.20709942  0.07293484  0.20391895  0.26142556 -0.04911092
 -0.02465024 -0.62962269 -0.00200955  0.4418768   0.03751826  0.22055804
  0.10790819]",115027.65868911425,27687.00743428868,30.05469670300954,2.4548656141978765e-07,0.0012550263386699402,17515.041848111512,28351.616140676095
702,"[1.09463729e+05 5.44281840e+04 1.17603061e+03 8.89447317e+04
 1.20304155e+04 2.10621547e+04 3.32931942e+04 7.10147837e+03
 1.26210488e+03 4.80040899e+04 6.12230824e+03 1.18333668e+03
 1.00000000e+00]","[ 0.40059279  0.44803215 -0.15167024 -0.06984209 -0.05024996  0.51572265
 -0.16976424 -0.3297798   0.16603287  0.38991469  0.04266696  0.15194518
 -0.01825154]",83477.34197448748,28906.99129451638,33.583691827981966,2.4548656141978765e-07,0.0012550263386699402,17416.97422644235,28282.9491514326
703,"[2.05077253e+04 2.02591653e+03 1.23219859e+03 8.41663711e+04
 5.72245695e+03 5.34434003e+03 3.35791132e+04 2.04279786e+04
 1.19600113e+04 1.55474348e+05 3.56826648e+04 1.18333668e+03
 1.00000000e+00]","[ 0.11293835  0.25468947 -0.09382116 -0.29592459 -0.40989682  0.0466783
 -0.23859057  0.14540872  0.47060452  0.44756654  0.38520128  0.01568544
 -0.08561852]",59649.212510518955,29301.49932229209,30.76329293899471,2.4548656141978765e-07,0.0012550263386699402,17425.973294094085,31356.255321314464
704,"[2.34295175e+04 1.25857311e+03 1.52195485e+03 7.41313733e+04
 6.27480775e+04 6.85451758e+04 5.31225764e+04 2.17737598e+04
 3.48853070e+03 3.76510180e+04 2.07226924e+03 7.07813527e+03
 1.00000000e+00]","[ 0.10163284 -0.14594825 -0.14439034 -0.29856392  0.29611347  0.52405789
 -0.00820444  0.12270294  0.42793059  0.17085297 -0.15880303  0.49324682
 -0.01056192]",47670.67926412744,33222.33921431865,37.53197649100912,2.4548656141978765e-07,0.0012550263386699402,17319.802095300736,28460.6398252277
705,"[1.40034558e+04 1.25103046e+03 1.59448677e+03 1.01930806e+05
 7.51026280e+04 3.73920858e+03 7.28927994e+04 2.89638016e+04
 5.11876251e+04 8.06828087e+03 4.76407165e+03 3.57342030e+03
 1.00000000e+00]","[-0.30246988 -0.10298675 -0.15938455  0.07956248  0.25145837 -0.13841318
  0.13809913  0.21439648  0.36420699 -0.69155099 -0.27740294  0.10420854
 -0.14157689]",50249.00151868163,28798.764356938074,32.77444594699773,2.4548656141978765e-07,0.0012550263386699402,17390.425445151654,29007.154354885803
706,"[1.31773241e+04 8.90266210e+02 5.34700305e+04 8.18435129e+04
 3.15158026e+03 5.15452191e+03 7.78434501e+04 4.05265708e+04
 2.11869169e+04 1.14576458e+04 1.20420481e+04 1.84935561e+03
 1.00000000e+00]","[-0.47576569 -0.2878766   0.31919235 -0.26790889 -0.26882236 -0.03935413
  0.09121599  0.22740246  0.28409403 -0.47970268  0.02697027  0.12780317
 -0.23533716]",4965.066047160511,31135.145463125602,30.189699824986747,2.4548656141978765e-07,0.0012550263386699402,17337.18981868708,27601.277882734954
707,"[1.85477134e+04 7.43580308e+02 1.97955177e+04 7.17595594e+04
 5.96372577e+03 6.33161365e+03 1.20080888e+05 9.09082654e+03
 1.76723877e+03 7.43116235e+04 3.78878714e+04 1.18333668e+03
 1.00000000e+00]","[-3.76144428e-01 -4.40723172e-01  2.93205696e-01 -3.57421204e-01
 -4.97097579e-01 -1.87202445e-01  2.09515396e-01 -1.15765684e-04
  8.66870490e-04  2.11042225e-01  2.16491668e-01 -1.31231713e-01
 -1.26021854e-01]",17590.746923945837,28354.012428335634,32.550669965014094,2.4548656141978765e-07,0.0012550263386699402,17268.858344179753,29390.961774567986
708,"[5.06479038e+04 6.61591606e+03 1.81304550e+03 1.00275009e+05
 5.35191379e+03 2.79853499e+04 2.79478827e+04 5.50991403e+03
 2.82249266e+03 1.33008480e+05 4.08412805e+03 1.24263235e+03
 1.00000000e+00]","[ 0.24592513  0.23443832 -0.25129483 -0.03406874 -0.25131481  0.4583577
 -0.27770961 -0.27822362  0.4292983   0.33087041 -0.23454874  0.15531895
  0.13985154]",56778.145275102164,29022.28990470578,33.067184707004344,2.4548656141978765e-07,0.0012550263386699402,17350.250733905435,30188.924073279948
709,"[1.39424643e+04 6.83207700e+03 2.77192325e+03 1.39172330e+05
 1.56966595e+04 1.96444036e+04 3.86573231e+04 7.09052761e+03
 1.04470856e+03 1.31486225e+04 5.91562611e+03 7.22099607e+04
 1.00000000e+00]","[-0.32844732  0.34584464  0.11075322  0.19026926 -0.04653124  0.2483778
 -0.09903558 -0.27758568  0.01444207 -0.57014572 -0.02846079  0.48671587
 -0.10173278]",50418.58292112859,29839.34442781371,29.768840899021598,2.4548656141978765e-07,0.0012550263386699402,17350.826965023578,30400.132357970797
710,"[1.92394718e+04 1.53498175e+03 5.24254717e+03 1.08775570e+05
 6.92010244e+03 2.49434769e+04 1.39176679e+04 9.56125736e+04
 1.63370611e+03 6.11661176e+04 2.43770432e+04 1.18333668e+03
 1.00000000e+00]","[ 0.06946587  0.09842716  0.30180701  0.08483939 -0.15859526  0.37816144
 -0.59927733  0.28852622  0.35643303  0.1102885   0.24205488 -0.13955219
 -0.24369803]",52943.04598861729,29039.91266441901,32.58606283197878,2.4548656141978765e-07,0.0012550263386699402,17369.936797625458,27813.51339589208
711,"[2.12176145e+04 6.37168228e+04 1.09862881e+04 2.09733265e+05
 1.65203599e+04 3.07960878e+03 3.61980649e+04 6.10416909e+03
 1.04470856e+03 1.69195171e+04 6.02903773e+03 1.42139587e+03
 1.00000000e+00]","[ 1.08845869e-01  4.77153361e-01  3.77127367e-01  3.59002375e-01
 -6.51497906e-02 -2.44195516e-01 -3.13911661e-02 -3.44988794e-01
  8.47853121e-02 -5.36775996e-01 -4.74467931e-02  4.39141887e-04
 -8.90082216e-02]",97800.68379762255,28083.074207727797,33.231739066017326,2.4548656141978765e-07,0.0012550263386699402,17227.826392142637,30045.22709467989
712,"[5.16273657e+04 8.19384850e+03 1.85270629e+03 6.10039078e+04
 1.06223410e+05 1.21389596e+04 3.37434941e+04 5.68138739e+03
 2.56573855e+03 5.11432047e+04 1.87121745e+04 1.69902549e+03
 1.00000000e+00]","[ 0.10475843  0.29172226 -0.21861814 -0.6150174   0.33388662  0.12571732
 -0.4574673  -0.28174659 -0.05763118 -0.05113379  0.13603939 -0.06375119
  0.18284957]",-10494.925135428712,27586.40109087282,34.066683490003925,2.4548656141978765e-07,0.0012550263386699402,17341.909617478505,32533.323935404842
713,"[1.42598771e+04 1.97991335e+03 1.14855319e+03 1.27620290e+05
 8.11475289e+04 3.03303395e+03 5.25069954e+04 1.89254682e+04
 1.89053638e+03 1.43601583e+04 1.25312124e+04 5.42962549e+04
 1.00000000e+00]","[-0.35226583  0.2144366   0.03404306  0.18077846  0.37493354  0.11067878
  0.06242008  0.14740893  0.29174332 -0.38455414  0.2962643   0.54338522
 -0.03999077]",83584.88068134696,29287.182357879923,33.561627515009604,2.4548656141978765e-07,0.0012550263386699402,17360.134254235276,28980.538385203356
714,"[3.07325051e+04 8.12700801e+04 1.12377536e+03 9.18564607e+04
 6.20995051e+04 1.33327363e+04 7.77248088e+04 1.41009783e+04
 1.00474697e+03 1.29053050e+04 3.84405762e+03 3.21952329e+03
 1.00000000e+00]","[ 0.18203168  0.31391398 -0.08495707 -0.02153419  0.2761301   0.3371305
  0.21557955 -0.19648141  0.02699179 -0.65688224 -0.26937387  0.2795249
  0.05232086]",56074.64509661691,29190.771497409383,36.50767645399901,2.4548656141978765e-07,0.0012550263386699402,17350.314913371534,31008.4395769938
715,"[2.75464240e+04 1.33210091e+03 1.66810763e+03 9.76244284e+04
 8.45909259e+03 2.70451239e+04 1.85085114e+05 1.30154586e+04
 9.45497345e+02 1.39253206e+04 4.61074164e+03 2.22078737e+03
 1.00000000e+00]","[ 2.75393371e-01 -3.42819449e-01  1.24986304e-01  7.63229329e-02
 -1.63741457e-01  4.97303075e-01  3.68254582e-01 -1.44225929e-01
 -8.03916914e-02 -5.44388849e-01 -1.89180057e-01 -1.06346027e-06
  1.26654036e-01]",84605.76394716559,27409.300760150814,33.11134349700296,2.4548656141978765e-07,0.0012550263386699402,17263.971486585422,28592.55255092466
716,"[1.80045694e+04 7.93619995e+02 1.25885596e+02 1.72318703e+05
 6.83435771e+03 2.33921134e+04 1.29018944e+05 1.00131054e+04
 7.41035221e+02 4.00436853e+04 1.30348043e+04 1.03541791e+03
 1.00000000e+00]","[ 0.17714951 -0.11051528 -0.1441793   0.35238914 -0.08317903  0.55381747
  0.37407575 -0.14946481  0.34585927  0.30657234  0.29626026  0.10354998
  0.15308733]",139461.26632618444,29693.630157386215,32.24626286001876,2.4548656141978765e-07,0.0012550263386699402,17311.466972944432,30278.779132636904
717,"[5.05632595e+04 8.61480690e+04 1.10074897e+03 8.75216672e+04
 5.22279524e+03 4.09661715e+03 5.60594614e+04 4.36074100e+04
 9.48698288e+02 4.36337104e+04 1.62468759e+03 8.81530097e+03
 1.00000000e+00]","[ 0.30447755  0.33993183 -0.02287759 -0.07548211 -0.4663235  -0.03824963
  0.18214996  0.30716349 -0.26818371  0.2233465  -0.31964649  0.37969655
  0.26630936]",71381.06309302205,29959.710476174485,33.399148945027264,2.4548656141978765e-07,0.0012550263386699402,17348.68305892799,28991.435550317547
718,"[3.41111429e+04 7.01091066e+04 1.33334001e+03 6.33641713e+04
 4.34111287e+04 3.27039124e+03 3.51456715e+04 3.03038069e+04
 1.37911888e+03 6.73634426e+04 2.54002947e+04 1.80304051e+03
 1.00000000e+00]","[ 0.13526627  0.40505041 -0.16316806 -0.59574232  0.21752738 -0.2698584
 -0.33567597  0.25230375 -0.03120574  0.17049991  0.28805504 -0.03425497
 -0.15948067]",18151.490623857026,33492.50044521587,31.802427935006563,2.4548656141978765e-07,0.0012550263386699402,17221.857535875693,29792.879107857465
719,"[2.05477673e+04 1.20876414e+03 2.03720612e+04 9.20157694e+04
 4.78524816e+04 4.26066155e+03 1.35120916e+04 4.39805390e+04
 9.48698288e+02 1.10541895e+05 1.04161528e+04 1.24263235e+03
 1.00000000e+00]","[-0.19376196 -0.12602824  0.40817799 -0.13040747  0.20950923  0.15370967
 -0.709375    0.24226183  0.11277263  0.27897838 -0.10127614  0.0522519
  0.173204  ]",33888.25791711818,29080.11286655808,34.802256309980294,2.4548656141978765e-07,0.0012550263386699402,17279.81276503588,28793.67898796546
720,"[1.45285469e+05 1.06893559e+04 1.30623195e+03 8.74107234e+04
 7.83428454e+03 2.53295588e+04 2.40694209e+04 3.37855300e+04
 9.48698288e+02 2.18938844e+04 4.88629033e+03 1.30799585e+03
 1.00000000e+00]","[ 0.41973976 -0.04950691 -0.02849749 -0.2343862  -0.37836433  0.5707748
 -0.29856733  0.2855235  -0.10957826 -0.24765949 -0.05888634  0.05584635
  0.21466255]",48140.620930307465,30752.24436186027,35.192791695997585,2.4548656141978765e-07,0.0012550263386699402,17315.578477657073,30332.721687696518
721,"[3.26881270e+04 2.51589270e+03 6.56228680e+04 8.55362523e+04
 1.97755389e+04 8.60665955e+03 1.47465474e+04 3.61460140e+04
 7.60738037e+02 5.97314693e+04 1.20784344e+04 1.12553757e+03
 1.00000000e+00]","[ 0.14915795  0.16918407  0.46352661 -0.1687781   0.19302675  0.43912476
 -0.5981836   0.24858041 -0.04861564  0.20106983  0.07930019 -0.04259286
 -0.0720051 ]",41926.31896369337,29690.255615809816,30.929324538010405,2.4548656141978765e-07,0.0012550263386699402,17352.21164223399,30521.532038484685
722,"[1.26011844e+04 2.13534894e+03 1.15096355e+03 8.85463127e+04
 5.39550162e+04 2.64512172e+03 4.79547187e+04 9.76288877e+03
 9.56578148e+02 6.78518051e+04 1.13076967e+05 1.78882159e+03
 1.00000000e+00]","[-0.59503431 -0.1594268  -0.29047702 -0.00169254  0.32231841 -0.29583979
  0.07810803 -0.14234099  0.13525994  0.24402928  0.36747105  0.22662569
  0.23264913]",69286.73824933813,28367.18214222647,33.9911446319893,2.4548656141978765e-07,0.0012550263386699402,17240.563652025197,27222.136938433378
723,"[6.91556921e+04 1.69668035e+04 2.97645011e+03 8.48231246e+04
 3.76520562e+03 9.80825229e+03 1.78102462e+04 4.43362259e+04
 2.80470081e+04 2.28271045e+04 1.54099675e+04 1.18333668e+03
 1.00000000e+00]","[ 0.08057903  0.19987404 -0.27912063 -0.249091   -0.44852282  0.09780207
 -0.63168737  0.17190325  0.28880609 -0.24469661  0.11503191  0.09375349
  0.09475055]",-12956.116826493348,28662.72917742003,32.26459914899897,2.4548656141978765e-07,0.0012550263386699402,17191.056513781205,27924.103617157918
724,"[3.01039465e+04 1.45408101e+03 1.13347466e+03 8.61199425e+04
 6.46792843e+04 2.65315844e+03 4.79943939e+04 1.32848740e+04
 9.48698289e+02 1.49344925e+05 1.60384709e+04 1.16999472e+03
 1.00000000e+00]","[ 0.43307898 -0.25119186  0.00493023 -0.00490736  0.45508053 -0.01733273
  0.10261637  0.27845237  0.05632149  0.56554325  0.34179483  0.05643882
 -0.10398064]",140329.8535354934,29654.11453787869,34.51195224400726,2.4548656141978765e-07,0.0012550263386699402,17271.42832166673,28340.635382012388
725,"[7.93745495e+04 8.13612447e+03 4.37236307e+04 1.27496180e+05
 5.15244055e+04 1.50425825e+03 3.74237296e+04 1.11632039e+04
 4.32064028e+02 4.53128220e+04 5.18171894e+03 2.27815224e+02
 1.00000000e+00]","[ 0.36340686  0.2982509   0.52567857  0.28325104  0.33012965  0.29763741
  0.15292478  0.25477399  0.08636411  0.33880024  0.04548022 -0.04347285
  0.10168901]",132009.6042420996,30169.991339750006,36.2205987740017,2.4548656141978765e-07,0.0012550263386699402,17141.718919138202,27824.099254729008
726,"[2.64375382e+04 1.40269194e+03 1.54085501e+03 8.67558155e+04
 7.15695680e+04 3.73920858e+03 1.78935570e+04 9.89711228e+03
 1.18981548e+03 7.83438868e+04 2.58813976e+04 3.85239855e+04
 1.00000000e+00]","[ 0.17671553 -0.09782427  0.05973515 -0.22048297  0.31780326 -0.04508723
 -0.63288957 -0.05214811 -0.11484111  0.3051233   0.25611327  0.47304451
 -0.07118132]",44854.2232222501,29577.04511567938,36.98848201701185,2.4548656141978765e-07,0.0012550263386699402,17281.990075537135,29160.40448233123
727,"[2.38431022e+04 6.01722364e+03 1.13678349e+03 1.89221682e+05
 1.74073710e+04 9.02842565e+03 4.86581846e+04 8.53009140e+03
 9.48698290e+02 2.61065413e+04 5.23249039e+03 5.86917637e+04
 1.00000000e+00]","[ 0.24680091  0.37792776 -0.11056177  0.32754593  0.12837188  0.40883533
  0.17540719 -0.1510911  -0.18698051  0.16706171  0.18317744  0.58551602
  0.01653766]",122691.08707164886,31177.163716999246,31.289861319004558,2.4548656141978765e-07,0.0012550263386699402,17181.683586629086,27992.93463282522
728,"[1.17487709e+04 1.07715688e+04 4.57807671e+04 9.16364129e+04
 3.85870451e+03 3.52711990e+03 9.17532436e+04 1.08022696e+04
 8.59585047e+03 6.74017666e+03 6.47097623e+03 4.86856560e+03
 1.00000000e+00]","[-0.50571993  0.06938491  0.18573574 -0.14952025 -0.13859184 -0.29799536
  0.10605563 -0.39321614 -0.01420408 -0.62261578 -0.14180717 -0.0079353
  0.02605673]",-11769.981085752008,29703.346100815157,34.37454331401386,2.4548656141978765e-07,0.0012550263386699402,17227.537287792846,28799.141319337497
729,"[2.13249904e+04 2.39804990e+03 1.41881928e+04 1.03275310e+05
 6.51737156e+04 3.08576918e+03 3.03375859e+04 4.92742057e+03
 1.04470856e+03 1.34528797e+05 2.92914860e+03 6.57061553e+03
 1.00000000e+00]","[ 0.05731069  0.28598239  0.42151989  0.05833007  0.33536685 -0.26854254
 -0.16432698 -0.25424281 -0.12169126  0.34910884 -0.29378848  0.47744124
  0.0816811 ]",77817.68474497594,31063.69338989955,34.42131947699818,2.4548656141978765e-07,0.0012550263386699402,17258.349951649347,29297.451689081165
730,"[1.61832482e+04 1.68029579e+03 1.44443755e+03 9.07442293e+04
 1.03184656e+04 7.53024230e+03 3.54444178e+04 1.31451007e+05
 1.85038581e+03 6.80780616e+04 2.64184854e+04 1.80304051e+03
 1.00000000e+00]","[-0.59628525 -0.12808516  0.01674624 -0.11474569 -0.09345771 -0.03300298
 -0.16349728  0.51509064 -0.01843223  0.36043937  0.41177926 -0.11345268
  0.00527879]",75625.81987606133,28824.18253945317,32.40904989498085,2.4548656141978765e-07,0.0012550263386699402,17228.107904769797,30135.818383031838
731,"[2.40041050e+04 2.90340668e+03 1.08200579e+03 8.25430488e+04
 1.01828053e+04 4.09397939e+03 5.82973683e+04 1.13322631e+04
 9.48698288e+02 7.15918081e+04 1.25040011e+05 5.27876308e+03
 1.00000000e+00]","[ 0.1874373   0.36341994 -0.17757901 -0.31499399 -0.37247779 -0.28839974
  0.25037263 -0.07052055 -0.22762231  0.35561348  0.42708487  0.17059272
 -0.15062453]",67731.18364263723,29359.29556793879,34.61415281199152,2.4548656141978765e-07,0.0012550263386699402,17155.049053196708,28777.78745457891
732,"[8.92986285e+04 4.07561431e+03 3.99696967e+04 9.70255117e+04
 1.08375889e+04 6.87771761e+03 2.00393287e+04 1.51643872e+03
 2.54551588e+04 1.37762629e+04 3.70509398e+03 2.58974139e+03
 1.00000000e+00]","[ 0.17745177  0.04028189  0.27551782 -0.09782484  0.0507502   0.29745233
 -0.48751744 -0.2299591   0.36810669 -0.45907284 -0.08848941  0.13330293
 -0.35770113]",13071.700085753368,28434.64937265931,31.95103868600563,2.4548656141978765e-07,0.0012550263386699402,17206.50547219975,27752.843874224433
733,"[2.06704167e+04 6.44308550e+02 2.41219570e+03 4.80109810e+04
 2.39228433e+04 3.94186756e+03 7.24113597e+04 1.20880266e+04
 3.40935539e+04 8.92550006e+04 1.16318910e+04 1.22232877e+03
 1.00000000e+00]","[ 5.21212777e-04 -3.55098560e-01 -5.68932055e-03 -6.29859480e-01
 -3.08733629e-02 -2.83875496e-01  8.17719961e-02 -1.87332624e-01
  3.22496985e-01  2.21974801e-01 -7.84066919e-02 -4.34499773e-01
  7.49399395e-02]",691.6314393973033,27050.845804567245,37.2309360379877,2.4548656141978765e-07,0.0012550263386699402,17286.6420894426,28391.763236656625
734,"[1.00496055e+04 2.50413076e+03 1.57532532e+03 1.15426803e+05
 3.71055567e+04 2.11733830e+04 1.68295876e+05 8.13914415e+03
 9.03929761e+02 3.18869346e+04 1.69179289e+03 1.19140768e+03
 1.00000000e+00]","[-0.56387847  0.10062692  0.02324026  0.17051519  0.26287018  0.47887106
  0.3432885  -0.25616575  0.04044628  0.23653001 -0.11863317 -0.25761466
 -0.14964008]",96957.19617781052,28974.028093452405,35.40738728700671,2.4548656141978765e-07,0.0012550263386699402,17110.006601982703,30815.67390042934
735,"[1.89385651e+04 1.12145027e+03 1.25000096e+03 1.20450229e+05
 1.67182873e+04 1.25798851e+04 2.55441986e+04 7.85914451e+03
 1.19189415e+03 1.69582687e+05 6.46344365e+03 1.80304051e+03
 1.00000000e+00]","[ 0.02066769 -0.01165992 -0.1553499   0.16929547  0.11217482  0.01107829
 -0.64258156 -0.28357162 -0.17335137  0.513682   -0.37480988 -0.05458681
  0.05683697]",88331.73334126973,30582.2999405016,30.59946491799201,2.4548656141978765e-07,0.0012550263386699402,17248.174467414858,29052.800266992792
736,"[2.24544890e+04 1.22099322e+04 5.24379886e+04 1.54152449e+05
 3.87771588e+03 3.19703932e+03 2.37009127e+04 2.87868063e+04
 9.48698265e+02 5.80813092e+04 1.75557622e+04 1.18333668e+03
 1.00000000e+00]","[ 0.10366549  0.37615116  0.53462386  0.29178007 -0.46553059 -0.03720496
 -0.19354662  0.27765466 -0.03878114  0.28892798  0.2238459   0.08801591
  0.03623536]",102193.66481257368,28542.53232080763,36.95439462500508,2.4548656141978765e-07,0.0012550263386699402,17174.402879525085,28966.99566758602
737,"[4.26516804e+04 6.11443487e+04 1.65456797e+03 7.10668458e+04
 1.35791255e+04 2.28958951e+04 4.58705337e+04 7.75832427e+03
 1.04301940e+03 6.70410419e+04 3.66698138e+04 1.18333668e+03
 1.00000000e+00]","[ 0.27997896  0.38540626  0.00091812 -0.43958947 -0.10623123  0.48786418
  0.04227826 -0.32578946  0.09198056  0.24680419  0.37187057 -0.00830514
 -0.12199123]",43675.99801096051,31912.590676082065,30.82208255500882,2.4548656141978765e-07,0.0012550263386699402,17140.960073862912,27609.110821858587
738,"[2.49400707e+04 1.58566179e+03 4.44793434e+03 5.45052522e+04
 6.59666558e+03 1.33913803e+04 6.61724111e+04 4.24520344e+04
 2.91224966e+04 1.46075991e+04 7.66128025e+03 1.85735618e+04
 1.00000000e+00]","[-0.01966556 -0.01927475 -0.41189726 -0.6387231  -0.14412299  0.15291815
 -0.07292634  0.11871481  0.19503311 -0.49085097 -0.0250396   0.2717682
 -0.06775557]",-32490.35468224772,30143.408534276838,33.339137197996024,2.4548656141978765e-07,0.0012550263386699402,17104.680285918497,28748.207341069276
739,"[6.93043617e+04 2.60201002e+04 1.23276600e+04 7.98942994e+04
 6.21126211e+04 3.33063315e+03 1.37139076e+04 2.26490722e+04
 1.03949327e+03 6.58628417e+04 1.00179349e+04 1.91448653e+03
 1.00000000e+00]","[ 0.18035751  0.30174447  0.29525575 -0.23174642  0.27189927 -0.02863226
 -0.70468119  0.10614294  0.06353831  0.1946026  -0.03974842  0.28164898
  0.17359371]",28033.014737074718,28431.541860336252,32.21662073000334,2.4548656141978765e-07,0.0012550263386699402,17086.0701531073,28874.322026191592
740,"[1.35861961e+04 1.32260656e+03 5.02693948e+03 6.45144353e+04
 1.76770903e+04 3.18060258e+04 1.40364945e+05 2.48869970e+04
 1.37788256e+03 1.38866384e+04 4.55504540e+03 2.50552678e+03
 1.00000000e+00]","[-0.52320402 -0.13625568  0.11331276 -0.44299186 -0.07448958  0.28474763
  0.22158199  0.10517831  0.02175279 -0.53389673 -0.24100306 -0.05746647
 -0.07011163]",-2464.3630773588834,30980.162502733067,36.891105012997286,2.4548656141978765e-07,0.0012550263386699402,17188.25107114142,28848.74126747565
741,"[8.04131911e+04 1.10287149e+04 1.08200579e+03 9.27107972e+04
 8.20578280e+03 3.93164753e+03 2.82007345e+04 3.91813443e+04
 1.93446842e+03 3.71389065e+04 7.92472659e+04 5.56150583e+03
 1.00000000e+00]","[ 0.31058258  0.38721621 -0.04862851  0.02568923 -0.15770102  0.04463674
 -0.23782652  0.39419516  0.3759495   0.1124134   0.40396824  0.43246397
  0.08702788]",78514.92467161024,28416.499154252408,31.91280896399985,2.4548656141978765e-07,0.0012550263386699402,17080.102465777254,28161.579078263872
742,"[4.11633417e+04 4.03364021e+03 7.06064060e+03 4.94655083e+04
 5.13504243e+04 5.81015969e+03 4.24602781e+04 7.85557373e+03
 2.86977780e+04 5.23267438e+04 6.78418777e+03 1.14745398e+04
 1.00000000e+00]","[ 0.12699184  0.03660411  0.16742361 -0.72275223  0.13256776 -0.1170201
 -0.21109353 -0.06251077  0.42177359  0.08800592 -0.11546956  0.38358647
  0.0792841 ]",-12193.556260873665,30167.990833249743,31.647154092002893,2.4548656141978765e-07,0.0012550263386699402,17078.728886858175,28347.667939096456
743,"[2.59300135e+04 9.23739147e+04 1.42546840e+03 1.27370049e+05
 3.91066872e+04 3.00019522e+03 2.56771751e+04 3.88986264e+04
 9.48698290e+02 3.38772913e+04 1.35983249e+03 6.65467375e+03
 1.00000000e+00]","[ 0.18944794  0.40853944  0.2041859   0.22045921  0.25885207 -0.08859872
 -0.24775472  0.35431202 -0.05448285  0.18786853 -0.1551584   0.49344655
  0.37324353]",97685.2782127442,31781.990372907967,30.405258561018854,2.4548656141978765e-07,0.0012550263386699402,17074.537420779674,29010.183330420878
744,"[5.61949639e+04 6.50970256e+03 1.06491962e+03 8.56225366e+04
 9.36376161e+03 3.40235693e+03 4.77588198e+04 3.68812071e+04
 5.84899141e+04 6.70861324e+04 1.15786764e+04 1.18333668e+03
 1.00000000e+00]","[ 0.37512643  0.32842504  0.10939468  0.0279005  -0.15491899  0.03692792
  0.18613954  0.33393542  0.57650084  0.38179399  0.23860383 -0.08050847
 -0.16004343]",107604.19145948664,28562.958903331033,34.17609087200253,2.4548656141978765e-07,0.0012550263386699402,17104.474738710298,28715.452761855835
745,"[9.40724799e+03 4.77887167e+03 7.76487744e+03 1.14633867e+05
 7.23430678e+03 2.97521815e+04 3.01203362e+04 1.26372287e+04
 1.04419923e+03 2.00393510e+04 9.84084183e+04 1.93719588e+03
 1.00000000e+00]","[-0.66596474  0.11100218  0.28922468 -0.05277534 -0.12508251  0.32176272
 -0.33521071  0.03763004  0.00600815 -0.22553724  0.27342779  0.29058577
 -0.12111239]",12465.711695511982,29133.238083096112,29.78616208699532,2.4548656141978765e-07,0.0012550263386699402,17166.11521120217,31881.18938941651
746,"[8.58424113e+03 1.17644671e+04 1.26760683e+04 1.00170889e+05
 6.17327668e+04 3.32903539e+03 1.43074158e+05 9.46877705e+03
 1.15081298e+04 2.81252897e+04 7.20961584e+02 1.21125016e+03
 1.00000000e+00]","[-0.45469558  0.28436104  0.41603366  0.08266904  0.27039603 -0.09321872
  0.27169132 -0.20318856  0.39452679  0.10899716 -0.23776952 -0.3336152
  0.0142067 ]",73357.2109992215,30795.064810420197,32.84598900901619,2.4548656141978765e-07,0.0012550263386699402,17170.447334503853,28849.60187148751
747,"[2.00679253e+04 2.74026963e+03 2.68194027e+03 9.92656824e+04
 6.41953775e+03 4.66938431e+03 2.95792076e+04 5.31708735e+03
 1.27941200e+04 7.01598879e+04 1.16049664e+05 1.80304051e+03
 1.00000000e+00]","[-0.0099482   0.33929584 -0.15328464 -0.01548353 -0.39639793 -0.16471174
 -0.40352787 -0.47322625  0.13089622  0.30743849  0.38861612 -0.14104979
 -0.08622391]",49104.943224199196,28036.959938829394,32.79563335099374,2.4548656141978765e-07,0.0012550263386699402,17052.74425460597,29015.016347696255
748,"[1.51924363e+04 1.53912724e+03 1.16274789e+03 1.51210464e+05
 7.51571039e+04 3.73561532e+03 6.29654238e+04 2.95261365e+03
 4.52656070e+04 1.41209376e+04 5.97430268e+03 1.36622444e+03
 1.00000000e+00]","[-0.11225201  0.05480113  0.00206277  0.22820326  0.3452121   0.29718208
  0.23632451 -0.49537005  0.47885731 -0.37433236  0.02018329 -0.1576043
  0.17003081]",89656.2909138423,28084.131691825154,34.50212099700002,2.4548656141978765e-07,0.0012550263386699402,17082.03251726751,29461.698865825456
749,"[1.74325609e+04 1.74135462e+04 2.87350012e+03 5.30144524e+04
 3.63961036e+04 9.88212293e+03 7.58554986e+04 1.37745482e+04
 1.04470856e+03 4.26105746e+04 3.31304623e+03 4.75960855e+04
 1.00000000e+00]","[-0.42667477  0.1972808  -0.29180745 -0.5631305   0.12628681  0.25739654
  0.08344999 -0.35143645  0.09617884  0.021355   -0.14528408  0.35581077
 -0.08169079]",-8601.791848809662,29604.704966665126,37.32205180701567,2.4548656141978765e-07,0.0012550263386699402,17040.306821277416,28979.757148608518
750,"[4.92293245e+04 7.16368757e+04 4.01283681e+04 7.18742395e+04
 5.90251239e+03 7.03322228e+03 3.38893677e+04 4.47354514e+03
 1.37567731e+03 3.08883719e+04 1.45237375e+03 1.24263235e+03
 1.00000000e+00]","[ 0.13112937  0.3499994   0.35565881 -0.48101685 -0.20862813  0.11898454
 -0.25866886 -0.47270357  0.24081941 -0.02913378 -0.18645358 -0.16101286
 -0.18671102]",-1087.4809155335245,27592.75331551107,30.608280956017552,2.4548656141978765e-07,0.0012550263386699402,17082.285738490704,29626.712617243742
751,"[1.68664983e+05 1.01096897e+04 2.53125030e+03 9.55137803e+04
 9.50970448e+03 9.52444373e+03 4.77754829e+04 7.59944473e+03
 1.23544817e+03 1.08499946e+04 1.17792099e+04 1.42454939e+03
 1.00000000e+00]","[ 0.44084148 -0.22178053 -0.1258274   0.03041457 -0.32348734  0.10001693
 -0.01051026 -0.33241394  0.0244909  -0.69116764 -0.11407846 -0.13627389
  0.06753278]",60540.216405888954,29087.843014633516,33.56029100200976,2.4548656141978765e-07,0.0012550263386699402,17097.89363174067,28733.23367643554
752,"[5.52834503e+04 3.71784030e+03 1.31115963e+03 1.32269444e+05
 2.01209067e+04 3.80357288e+03 2.38924899e+04 2.64415916e+04
 6.37083390e+04 1.76116792e+04 4.56044239e+03 2.45322061e+03
 1.00000000e+00]","[ 0.28728872 -0.11667246  0.04742272  0.21203786  0.16764203  0.07466123
 -0.4343807   0.19119033  0.52329285 -0.40316211  0.00760591  0.3941868
  0.0768706 ]",69130.42683350938,28030.748494535357,32.688270766986534,2.4548656141978765e-07,0.0012550263386699402,17019.526321613863,27554.88265647879
753,"[1.99407681e+04 6.93067611e+03 3.60594814e+03 9.31791316e+04
 8.41328728e+03 5.51168907e+03 3.40239782e+04 5.30593140e+03
 2.48507075e+03 2.16976470e+04 2.61625567e+03 7.51847990e+04
 1.00000000e+00]","[-0.1505451   0.14785442 -0.33179889 -0.23227169 -0.14384443 -0.26684756
 -0.2933438  -0.48636375 -0.22295294 -0.52093896 -0.0891811   0.21425702
 -0.04461759]",-36040.59626842163,29070.635714115648,32.53579292897484,2.4548656141978765e-07,0.0012550263386699402,17060.179396445536,29703.127907109432
754,"[1.82589615e+04 2.47105919e+03 1.14855320e+03 1.26085785e+05
 5.20118914e+04 7.78961855e+03 1.50715593e+04 3.60875159e+04
 4.31752161e+04 6.56049382e+04 9.79600942e+03 1.17600086e+03
 1.00000000e+00]","[ 0.00371904  0.30356711  0.15827165  0.16558036  0.29424471  0.28035552
 -0.44265182  0.3144846   0.48795545  0.28707559 -0.11322482 -0.11309304
 -0.22186308]",82701.5409603502,30422.92299776741,32.11201464998885,2.4548656141978765e-07,0.0012550263386699402,17042.86668689431,27434.356505846998
755,"[2.11097981e+04 1.17487249e+05 7.50912577e+03 8.57780033e+04
 3.71748320e+04 3.36029294e+03 4.88716422e+04 8.05208441e+03
 1.07010626e+03 3.25474949e+04 1.68772607e+04 1.31357750e+03
 1.00000000e+00]","[-0.22560073  0.51706736  0.16904623 -0.45278024  0.16921799 -0.18152266
 -0.09031167 -0.27446037  0.0089509  -0.14853756  0.37384627  0.08660066
  0.36562953]",19072.939204089842,27959.892102060934,29.644711259985343,2.4548656141978765e-07,0.0012550263386699402,16980.496141713185,29702.265166994446
756,"[1.13259844e+05 1.00065278e+04 2.08981214e+03 6.65268124e+04
 1.07251637e+04 2.37420671e+04 4.64902941e+04 4.66640654e+04
 9.48698287e+02 1.39236611e+04 1.61692477e+04 1.18333668e+03
 1.00000000e+00]","[ 0.23367657  0.16494871 -0.17704666 -0.57357493 -0.1676403   0.36257574
 -0.00509182  0.29245746 -0.30514398 -0.34589162  0.22942162 -0.19409702
 -0.09833587]",8183.7192797022535,30392.850007202152,31.523510276019806,2.4548656141978765e-07,0.0012550263386699402,16996.4653822872,28495.500063751588
757,"[1.66114390e+04 3.40479081e+03 2.13759285e+04 1.15982137e+05
 5.00183439e+04 3.19635795e+03 3.49828256e+04 2.55021473e+04
 9.48698288e+02 1.37587199e+04 9.35270750e+04 1.18333668e+03
 1.00000000e+00]","[-0.32412249  0.25356717  0.48062219  0.109068    0.30853701 -0.02706979
 -0.13279208  0.20510486 -0.20555183 -0.45958621  0.3600292  -0.17711978
 -0.13289737]",61278.47353763589,28199.030273224285,30.916591721004806,2.4548656141978765e-07,0.0012550263386699402,17020.94918564057,28354.446844859605
758,"[8.44070982e+04 8.83915109e+03 3.34713179e+03 5.48786479e+04
 5.19332791e+03 1.22137749e+04 6.50885914e+04 9.43496667e+03
 3.27033629e+04 2.58549710e+04 1.17886112e+03 2.39442030e+03
 1.00000000e+00]","[ 0.20990548  0.21341017 -0.17525656 -0.5696401  -0.41374531  0.11013294
  0.07238809 -0.19329834  0.32126913 -0.12815531 -0.35785398  0.25658981
 -0.12544687]",-2773.9814822754547,30358.00109259702,34.95461547002196,2.4548656141978765e-07,0.0012550263386699402,17015.72908776319,28257.381247820544
759,"[7.06582973e+04 3.73768596e+03 1.76368193e+04 1.50282717e+05
 6.57732750e+04 2.70664100e+03 2.11685657e+04 4.59587195e+03
 1.20232638e+03 2.23314898e+04 3.58365188e+04 1.18333668e+03
 1.00000000e+00]","[ 0.38777136 -0.03592972  0.38813174  0.31937066  0.37343092 -0.21584533
 -0.34975919 -0.23361451 -0.13718552  0.08653873  0.40237557  0.19706168
  0.07551986]",114026.86818813789,30662.52593522679,36.965614156011725,2.4548656141978765e-07,0.0012550263386699402,17112.590137767285,29316.004357357146
760,"[1.14320843e+04 5.61157202e+03 3.56921408e+03 1.32958444e+05
 1.02543472e+04 2.16742091e+04 2.98100599e+04 1.24526179e+05
 9.48698295e+02 2.37731740e+04 2.81289378e+03 1.30803608e+03
 1.00000000e+00]","[-0.48892164  0.27384254  0.05202494  0.17639643 -0.30180891  0.42043035
 -0.27884295  0.37207899  0.07082862 -0.11143326 -0.12737356  0.14808889
  0.33542321]",60879.094415079744,29475.03242871251,37.94247580500087,2.4548656141978765e-07,0.0012550263386699402,16998.591874299684,28492.8869988434
761,"[8.98858978e+03 1.70974503e+04 1.09489847e+03 1.72104079e+05
 1.04524581e+04 3.03434432e+03 6.26664247e+04 1.63125406e+04
 9.48698289e+02 1.10723214e+05 3.12428855e+03 5.67127337e+03
 1.00000000e+00]","[-0.49951281  0.38394392  0.25929958  0.30703076 -0.12690504 -0.06642245
  0.19908935  0.17888662  0.0758009   0.35948158 -0.1298476   0.44446375
  0.00590191]",111055.86204509262,27647.976256302703,31.889773706992855,2.4548656141978765e-07,0.0012550263386699402,17039.71881268217,28470.59769377268
762,"[6.77532625e+04 4.34166307e+03 4.22104632e+03 7.33195604e+04
 1.42907164e+04 1.85999888e+04 3.81745954e+04 4.52296094e+03
 4.77968538e+04 1.55603332e+04 7.81338757e+02 4.29079968e+03
 1.00000000e+00]","[ 0.18079369 -0.33641051  0.08458999 -0.36415105  0.05782298  0.33860865
 -0.24994866 -0.23362807  0.35916077 -0.40012434 -0.24895135  0.35149891
  0.06855823]",-6773.034474108158,26537.0115125178,30.507793761003995,2.4548656141978765e-07,0.0012550263386699402,17032.641337440968,27641.016299515468
763,"[1.18731893e+05 7.39213802e+03 1.05378842e+03 9.09173990e+04
 9.61231297e+04 3.04453445e+03 4.28752165e+04 7.20428785e+03
 9.48698289e+02 2.22129661e+04 5.76753769e+03 1.15286897e+03
 1.00000000e+00]","[ 0.59163427 -0.04197625 -0.15772749  0.05872692  0.60754383  0.2767519
  0.07876129 -0.36239624 -0.03072649 -0.06628147  0.08459134 -0.13670022
  0.0739228 ]",133945.24776584818,29062.333428000988,31.22285128000658,2.4548656141978765e-07,0.0012550263386699402,17018.633336491406,28871.17503542544
764,"[8.72369765e+03 2.00720990e+03 2.94860155e+03 1.37514165e+05
 3.19046643e+04 2.20101319e+04 3.46317503e+04 2.99012620e+04
 9.48698287e+02 2.06786821e+04 3.72517145e+04 4.33257585e+04
 1.00000000e+00]","[-0.67734505  0.00837597  0.15308785  0.16610996  0.17916091  0.40021403
 -0.03482803  0.22546603  0.09844977 -0.05303522  0.26634682  0.40276365
 -0.01109117]",63830.72719166625,29838.49501656581,35.460235317994375,2.4548656141978765e-07,0.0012550263386699402,16956.570758044134,28125.79053464713
765,"[1.53769031e+05 1.03202829e+04 3.89741925e+03 7.48056602e+04
 3.45907839e+04 2.89005745e+03 3.28256784e+04 7.58291291e+03
 1.35569212e+03 2.85786244e+04 3.18993371e+04 1.18333668e+03
 1.00000000e+00]","[ 0.49173867 -0.2870726  -0.01193275 -0.14788845  0.22624825  0.08986771
 -0.31259601 -0.25883901 -0.34183644  0.10822206  0.50362157 -0.13703373
  0.16974554]",75936.62626508143,28622.589369481007,36.09568356600357,2.4548656141978765e-07,0.0012550263386699402,17017.275139570807,27675.176393717724
766,"[1.63038394e+04 1.50161262e+03 8.05517808e+04 9.97362288e+04
 1.40595881e+04 3.94186756e+03 4.31966066e+04 7.82510211e+03
 1.46361737e+04 1.37529309e+04 2.05952812e+04 1.72096269e+03
 1.00000000e+00]","[-0.47953351 -0.33721331  0.35822214 -0.10311809  0.01350443 -0.2256887
 -0.11014554 -0.16821169  0.29921336 -0.54594502  0.16907826  0.06385558
 -0.07472475]",3935.2932372746286,28735.017381046466,29.880336424015695,2.4548656141978765e-07,0.0012550263386699402,16873.249893651977,27774.121716140206
767,"[1.26731083e+04 1.55839137e+03 2.00295784e+03 2.41798356e+05
 1.00920277e+04 1.64346213e+04 5.90946515e+04 7.43229591e+03
 8.21396197e+02 9.13937194e+03 2.67741089e+04 1.18333668e+03
 1.00000000e+00]","[-0.30126816 -0.00818579  0.33241287  0.32074778 -0.29678436  0.35147061
  0.25089804 -0.28889555 -0.24377791 -0.35585621  0.31698856  0.22633279
  0.00065929]",95154.4140516364,29180.13662294818,33.9970331179793,2.4548656141978765e-07,0.0012550263386699402,17020.718218996357,27720.284362198574
768,"[2.04299189e+04 6.14630570e+04 1.89825315e+03 8.30257604e+04
 3.42921563e+03 6.21546858e+03 2.09981166e+04 4.10852969e+04
 1.22831782e+04 7.22196216e+04 2.32885334e+04 1.32555130e+03
 1.00000000e+00]","[-0.08494003  0.2935307  -0.20511197 -0.33398474 -0.27501643 -0.02919842
 -0.65334446  0.23229814  0.27732401  0.20463323  0.16079392 -0.09230521
  0.20625689]",4695.2073605560745,28808.430068463535,31.47598307800945,2.4548656141978765e-07,0.0012550263386699402,16955.689765870346,29485.55567398086
769,"[1.88555188e+04 2.94906764e+03 1.91650844e+04 1.22229159e+05
 4.21585161e+04 6.30721773e+03 1.46092240e+04 4.35472192e+04
 9.48698288e+02 3.18851112e+04 1.39218876e+03 4.50573673e+04
 1.00000000e+00]","[-0.14574541  0.2066104   0.35897279  0.09548018  0.22843975  0.23444875
 -0.55108803  0.25293295 -0.35229915  0.07350844 -0.12671618  0.39113372
  0.15718686]",49941.165875210936,30337.8574638375,30.390675826987717,2.4548656141978765e-07,0.0012550263386699402,17031.766004348585,29508.539102099694
770,"[1.86748203e+04 1.55401193e+04 2.74686639e+03 2.48046008e+05
 3.75856593e+04 3.17482223e+03 1.57613600e+04 1.40204959e+04
 9.85582996e+02 1.56250600e+04 1.00103475e+04 1.49043507e+03
 1.00000000e+00]","[ 0.00606728  0.25093204 -0.20758516  0.2135426   0.12184507 -0.26578321
 -0.66256842 -0.23928303 -0.15737459 -0.46009768 -0.09642257 -0.04784497
  0.1360917 ]",37968.41003215124,31522.991402176838,35.95912122700247,2.4548656141978765e-07,0.0012550263386699402,16929.45121459963,29173.04521741376
771,"[5.65866270e+04 2.50549383e+03 2.75260405e+04 9.38426569e+04
 2.87392956e+03 4.19639646e+03 3.24934848e+04 1.59449371e+04
 2.01312972e+03 7.01944809e+04 3.22028503e+03 4.52958960e+04
 1.00000000e+00]","[ 0.24484054  0.05359781  0.38452706  0.11961287 -0.41366417  0.22303518
 -0.12046395  0.16936591  0.37272664  0.30192041 -0.24255458  0.45839833
  0.10913359]",76257.69468535447,28854.57166270117,34.234248724998906,2.4548656141978765e-07,0.0012550263386699402,16977.802500483635,27115.677481735373
772,"[2.06434293e+04 1.04669165e+03 2.24113590e+03 9.47869033e+04
 2.36887557e+04 2.41963195e+04 3.91320739e+04 1.75107736e+04
 9.48698299e+02 2.07060236e+04 1.22777609e+05 1.18333668e+03
 1.00000000e+00]","[-0.01511189 -0.11815154 -0.33839018 -0.2382054   0.19283441  0.61631103
 -0.26236237  0.12716199  0.01643049 -0.25487533  0.47712374  0.0553894
 -0.12879085]",41051.28770589127,27489.386621933187,30.652010660007363,2.4548656141978765e-07,0.0012550263386699402,16983.473554372067,29120.61470485825
773,"[1.53463428e+05 9.98184569e+03 1.37097755e+03 6.66607547e+04
 2.41852818e+04 1.90102837e+04 4.10315391e+04 1.20632805e+04
 9.48698288e+02 3.52043540e+04 1.39719214e+03 1.23022421e+03
 1.00000000e+00]","[ 0.37431654 -0.40330741  0.15099848 -0.42085515  0.13540454  0.51692571
 -0.00467663  0.16036648  0.00723412  0.1913071  -0.34696352  0.03126508
  0.16737045]",46710.56023106741,27051.0629085236,36.334825084981276,2.4548656141978765e-07,0.0012550263386699402,16947.57719954551,26479.544275581844
774,"[1.99460834e+04 1.79566908e+03 5.74762900e+03 5.45563619e+04
 1.29346845e+04 8.45146766e+03 7.55623904e+04 1.11507920e+04
 6.32941895e+04 2.19977227e+04 3.89347414e+03 1.65021508e+03
 1.00000000e+00]","[-0.21347782  0.05169522  0.06038023 -0.67579239  0.00966979 -0.15625362
  0.07552215 -0.4870566   0.35787852 -0.29753673 -0.05071226 -0.06171331
 -0.03149384]",-25799.697388595443,28223.81420122827,31.817719565995503,2.4548656141978765e-07,0.0012550263386699402,17050.250170729007,29340.383708959736
775,"[5.46975812e+04 3.33387759e+03 2.14158304e+03 1.09843672e+05
 2.62841943e+04 1.90776594e+04 2.23275386e+04 4.79651465e+04
 4.81993496e+04 1.98062608e+04 3.83104546e+03 1.39346987e+03
 1.00000000e+00]","[ 0.26059424 -0.25480233  0.20612545 -0.00196946  0.15297266  0.39475704
 -0.44047197  0.32409474  0.4778222  -0.32175116 -0.0559274  -0.09035627
 -0.05708004]",47209.70255382542,27110.012025153796,33.939215741993394,2.4548656141978765e-07,0.0012550263386699402,16860.008127202444,31760.796451638213
776,"[1.42555122e+04 8.01429291e+02 2.23657675e+03 2.40408510e+05
 6.27885210e+03 2.39245713e+04 2.10323915e+04 2.81782329e+03
 1.18859516e+03 3.95921598e+04 1.80241487e+04 1.18333668e+03
 1.00000000e+00]","[-0.20672696 -0.2753819   0.18016647  0.2684288  -0.46968646  0.26819567
 -0.41360011 -0.40858629 -0.2247213   0.11526417  0.21231146 -0.19237119
 -0.02245817]",63280.403353440895,27126.235938225145,32.06114108901238,2.4548656141978765e-07,0.0012550263386699402,16834.43779097631,27162.917422837654
777,"[2.83366042e+04 2.01995266e+03 2.83347909e+04 7.63163072e+04
 6.69628299e+04 3.29325987e+03 3.62172236e+04 6.19703199e+03
 1.48323711e+03 1.60858182e+04 1.62811364e+03 4.21193749e+04
 1.00000000e+00]","[-0.12828293 -0.22926674  0.24511258 -0.43453667  0.21901192 -0.29856533
 -0.27789624 -0.29219633  0.08642014 -0.44246677 -0.20111043  0.36008463
 -0.09494116]",-20658.451194060835,28124.304832248316,31.604914861003635,2.4548656141978765e-07,0.0012550263386699402,16916.966573839156,29139.3493583955
778,"[1.29103809e+04 1.72625705e+03 6.34763073e+03 8.83936230e+04
 2.10253634e+03 8.21711503e+03 6.20265247e+04 1.22380414e+05
 1.70337924e+04 3.50372940e+04 4.78482775e+03 5.63500433e+03
 1.00000000e+00]","[-0.29240894 -0.08662353  0.3060591  -0.03929776 -0.6859927   0.24943411
  0.11495019  0.23731213  0.2866285   0.15470356 -0.02956303  0.29769738
 -0.11771211]",43162.77365951414,27965.494951065513,32.75333438097732,2.4548656141978765e-07,0.0012550263386699402,16999.79695760075,28281.035077210763
779,"[1.92344604e+04 2.18694766e+03 4.68484325e+03 8.81604715e+04
 1.12138121e+04 2.15930089e+04 1.04680048e+05 1.14665191e+05
 9.48698290e+02 2.11306758e+04 4.59699825e+03 1.44934355e+03
 1.00000000e+00]","[-0.09758693  0.28261993  0.4267019  -0.08094817 -0.07661067  0.53208358
  0.39158885  0.417754    0.09660094 -0.17147904 -0.08305777  0.22419752
  0.09609038]",89538.61055988914,26717.6695028932,33.4614379130071,2.4548656141978765e-07,0.0012550263386699402,16977.517285230762,27051.211556452043
780,"[1.66970698e+05 1.20545128e+04 1.11943245e+03 8.99116153e+04
 2.27514953e+04 1.07765018e+04 2.08160508e+04 6.40454824e+03
 3.45969862e+03 2.77969553e+04 4.60495617e+03 1.18333668e+03
 1.00000000e+00]","[ 0.4394934  -0.04253855 -0.1972654  -0.04458121  0.01933907  0.21812537
 -0.66964362 -0.38102472  0.21367453 -0.00973127 -0.26508017 -0.03312675
  0.07391507]",54260.47969562264,28373.510879903573,35.30272355501074,2.4548656141978765e-07,0.0012550263386699402,16856.083567887224,29098.765482397444
781,"[5.67283156e+04 3.92739377e+03 1.05281925e+03 7.88698680e+04
 3.37898306e+04 2.91637478e+03 7.69889651e+04 3.68608904e+04
 4.64466869e+04 1.92344867e+04 3.66366741e+04 1.18333668e+03
 1.00000000e+00]","[ 0.36275902  0.08184867 -0.01739969 -0.03582962  0.29633766  0.03155745
  0.2953182   0.38535788  0.56678584 -0.02116255  0.40958552  0.0511925
  0.2086139 ]",106086.98520770475,28033.71321419481,34.240300147008384,2.4548656141978765e-07,0.0012550263386699402,16873.232070160844,28244.766704457696
782,"[4.54662408e+04 5.34666533e+04 1.15037656e+03 6.53857257e+04
 4.51687028e+04 3.59726420e+03 8.42436875e+04 5.13627050e+04
 6.63695245e+03 1.37137759e+04 1.10048723e+04 1.58221674e+03
 1.00000000e+00]","[ 0.20537623  0.36722793 -0.09545656 -0.43791659  0.21553644  0.1555265
  0.24541576  0.35908806  0.37895839 -0.45913306  0.07371433  0.04515143
  0.01946003]",46743.61888484407,30725.267570869466,32.68332877301145,2.4548656141978765e-07,0.0012550263386699402,16830.38795633348,26724.553729117622
783,"[1.80278570e+04 1.90642721e+03 6.64877880e+03 6.06747554e+04
 1.26952302e+04 5.85931527e+03 4.14262691e+04 2.63501280e+04
 2.28934281e+03 9.72925799e+04 4.52573322e+03 3.73751521e+04
 1.00000000e+00]","[-0.28546199 -0.04037838  0.29865416 -0.58283311  0.01987605 -0.09334722
 -0.10074467  0.16946906  0.17881267  0.24419637 -0.42068456  0.41334152
 -0.02411936]",-890.7514401971516,27280.470009582466,32.25303121699835,2.4548656141978765e-07,0.0012550263386699402,16858.507616014398,29886.299247236304
784,"[2.65627600e+04 2.27510589e+03 9.81078564e+04 8.58339761e+04
 8.10255986e+03 3.11842615e+03 7.30912938e+04 1.32046560e+04
 2.16314449e+03 4.07565232e+04 9.52084486e+02 2.07789078e+03
 1.00000000e+00]","[ 0.1385473   0.1996945   0.47697504  0.01415796 -0.10898494 -0.29669126
  0.22926674 -0.14242953  0.44355165  0.26053177 -0.21583398  0.45793649
 -0.1398688 ]",77536.90569717926,28890.25265610154,33.34602425302728,2.4548656141978765e-07,0.0012550263386699402,16825.30069772639,28213.995431519477
785,"[3.18697386e+04 5.30180745e+03 1.15037656e+03 1.09392869e+05
 6.98811777e+03 1.04792554e+04 7.35235987e+04 1.45207751e+04
 1.89280154e+03 5.33624818e+03 1.12108087e+05 1.69403810e+03
 1.00000000e+00]","[ 0.17269502  0.30472853  0.03142715  0.16151135 -0.20992975  0.20138568
  0.16693716 -0.17931001  0.19500059 -0.59914873  0.32622962  0.43125918
 -0.12720812]",69612.47122216575,28883.364609488584,33.77473485900555,2.4548656141978765e-07,0.0012550263386699402,16908.474780998222,29519.81414998979
786,"[2.46088647e+04 2.98994706e+03 3.60890762e+04 9.67284762e+04
 4.49012412e+03 7.94113443e+03 3.79874990e+04 6.83714927e+03
 1.29035437e+03 1.60718872e+04 8.08550852e+02 6.49176659e+04
 1.00000000e+00]","[-0.28442708  0.0815503   0.39419843 -0.09859271 -0.34518965  0.21121697
 -0.16986131 -0.27024596  0.15589813 -0.44161809 -0.25865826  0.44207336
 -0.00446011]",11353.733346615181,27184.43097839525,30.679541724006413,2.4548656141978765e-07,0.0012550263386699402,16843.135330730653,27166.903680682917
787,"[3.67771103e+04 5.79323385e+03 3.14359625e+03 5.36402438e+04
 1.15969706e+04 1.18842585e+04 6.11662598e+04 7.84381858e+04
 9.48698288e+02 4.55755533e+04 3.72719965e+03 1.73980360e+04
 1.00000000e+00]","[ 0.11738588  0.20209488 -0.24728311 -0.76952859 -0.38009581 -0.02781136
  0.02866187  0.23484807 -0.1806234   0.00761357 -0.19233866  0.1061669
  0.09942463]",-19825.498411815537,31668.174615837946,34.854711550986394,2.4548656141978765e-07,0.0012550263386699402,16800.259593902534,27357.278346117397
788,"[1.46732080e+04 1.71665958e+03 1.16065356e+03 1.02616612e+05
 5.52260120e+04 2.68607130e+03 7.96372510e+04 1.50711238e+04
 1.86991437e+03 1.85908066e+04 1.12330983e+05 1.18333668e+03
 1.00000000e+00]","[-0.31136678  0.14143468 -0.02873274  0.14021697  0.44221322 -0.35873332
  0.32865166 -0.17560258  0.35066056 -0.11586612  0.4815094  -0.09150587
 -0.15118818]",109495.41488499744,27300.27794010649,32.14511818898609,2.4548656141978765e-07,0.0012550263386699402,16773.983877324277,27703.32785237956
789,"[3.18049300e+04 4.69466319e+04 4.54985217e+04 8.19296806e+04
 4.32538404e+04 3.63171659e+03 2.36460743e+04 7.76822849e+03
 2.47973570e+03 1.71454120e+04 4.88397319e+03 3.48941747e+03
 1.00000000e+00]","[-0.04652697  0.26772729  0.3551677  -0.33380828  0.12801067 -0.4046833
 -0.4864082  -0.01986369  0.21519244 -0.34421292  0.04907441  0.32270252
 -0.010341  ]",-11691.12501041469,27379.914109317746,32.27026225099689,2.4548656141978765e-07,0.0012550263386699402,16897.41788413627,28991.32525424272
790,"[8.18844480e+04 1.13221080e+03 1.18834083e+03 8.75931981e+04
 1.01212349e+04 1.07005821e+04 6.82433534e+04 8.71481352e+03
 5.04810915e+03 9.23088756e+04 3.80134557e+04 2.19943447e+03
 1.00000000e+00]","[ 0.31011968 -0.43806865 -0.04713017  0.10518728 -0.06835594  0.37332672
  0.25358077 -0.08024451  0.38975265  0.28704138  0.2949726   0.39220554
 -0.09335074]",94503.97500027342,28639.018266716885,31.453323910973268,2.4548656141978765e-07,0.0012550263386699402,16773.35875339021,27030.58357453317
791,"[1.44381807e+04 1.94553666e+03 5.02766552e+03 1.09420952e+05
 1.20885866e+04 3.78119278e+03 2.28337554e+04 5.42544778e+03
 1.62361624e+04 1.43745312e+05 3.19101780e+04 1.18333668e+03
 1.00000000e+00]","[-0.35552895  0.11658487  0.3435582   0.10377506 -0.04470314 -0.14126633
 -0.52934615 -0.16801677  0.45005526  0.34444229  0.27086767  0.06312829
  0.04763824]",59640.33028997416,29066.068227754273,31.23943932101247,2.4548656141978765e-07,0.0012550263386699402,16816.6997251055,28242.677408010524
792,"[3.43665515e+04 3.61511675e+03 1.39632633e+03 5.22549200e+04
 6.97612266e+04 1.75509938e+04 1.31656065e+05 1.83183445e+04
 9.50387450e+02 2.55905896e+04 6.45024080e+03 1.23380637e+03
 1.00000000e+00]","[ 0.19001209  0.26652206  0.18176383 -0.57089678  0.29557001  0.51594061
  0.32401769 -0.09343279  0.00287814 -0.09540953  0.18116404  0.15469067
  0.02767333]",47457.7490416927,27796.887694018573,34.56189127799007,2.4548656141978765e-07,0.0012550263386699402,16797.861423119586,30023.231563166955
793,"[1.74649018e+04 9.63736519e+02 2.43122912e+03 7.88844755e+04
 3.07096552e+04 2.05651619e+04 6.13426660e+04 9.55042430e+03
 3.49047648e+03 1.49386863e+05 3.00593772e+03 1.24263235e+03
 1.00000000e+00]","[-0.32628639 -0.10967142  0.16336239 -0.25711193  0.18727343  0.44296863
  0.12591949 -0.35038583  0.37744102  0.31263646 -0.39964839  0.01384532
  0.13668668]",40386.75803513604,29985.492274165867,35.72042049901211,2.4548656141978765e-07,0.0012550263386699402,16776.43876182376,28214.263246336406
794,"[4.46593680e+04 1.38704218e+03 2.63636234e+04 7.36554488e+04
 2.47295285e+03 3.70151738e+04 2.05097446e+04 3.14234015e+04
 9.85122350e+02 7.48301552e+04 1.05860628e+04 2.09041006e+03
 1.00000000e+00]","[ 0.19405618 -0.17979118  0.30041522 -0.30188484 -0.22570645  0.40814581
 -0.46361923  0.15708984  0.16394738  0.26812152 -0.2431059   0.33004573
  0.15712608]",22420.266743484422,28786.964455599773,36.32168873801129,2.4548656141978765e-07,0.0012550263386699402,16815.73878925817,28789.73784111478
795,"[2.97806892e+04 1.63936652e+03 9.88133372e+02 1.37841060e+05
 1.78119761e+04 2.26596687e+04 5.57822411e+04 1.14003715e+05
 3.90641301e+02 1.39371842e+04 1.34693925e+04 1.23636046e+03
 1.00000000e+00]","[ 0.29683906  0.06367019  0.10562783  0.28284648  0.1110574   0.50496625
  0.15680062  0.37126673 -0.33887778 -0.08723337  0.31015001  0.39767379
  0.10068741]",115850.81431021573,30130.616855213506,35.90473727500648,2.4548656141978765e-07,0.0012550263386699402,16769.041219509312,28641.70709941836
796,"[1.59502039e+04 4.75218353e+04 4.81736088e+03 2.33202855e+05
 2.27363182e+04 2.64544806e+03 4.92171617e+04 6.52099734e+03
 9.52235821e+02 3.05977544e+04 3.71793085e+03 1.18333668e+03
 1.00000000e+00]","[-0.03755396  0.45950352  0.45797272  0.38642481  0.22888631  0.04755122
  0.26428412 -0.34313703 -0.12033743  0.31022502 -0.08722843  0.03839072
  0.25756665]",138757.56840723936,26626.335570338822,33.08584131198586,2.4548656141978765e-07,0.0012550263386699402,16758.608663463885,28168.085136392332
797,"[8.81990702e+04 8.78056421e+03 1.76811745e+04 9.65798032e+04
 4.89927829e+03 4.09782597e+03 5.12952938e+04 1.19074715e+04
 9.48698288e+02 1.89823087e+04 4.60517334e+03 5.75027248e+04
 1.00000000e+00]","[ 0.34381319  0.37215512  0.330972    0.1417205  -0.22371103  0.26387948
  0.12574546  0.10091832 -0.27311005 -0.18751115 -0.00884362  0.55613004
  0.22109296]",88888.18248973844,26562.082483433347,33.75838659200235,2.4548656141978765e-07,0.0012550263386699402,16863.381853577786,27881.861358742637
798,"[4.04278725e+04 2.11536896e+03 1.41927851e+03 7.16747899e+04
 4.02411626e+04 3.73920858e+03 1.00451244e+05 4.64513470e+04
 1.12863865e+04 1.30467283e+04 3.59061260e+03 3.56977594e+04
 1.00000000e+00]","[ 0.23872215 -0.28982099 -0.08619719 -0.23803743  0.17320631 -0.11487135
  0.24391853  0.20510934  0.34547852 -0.53403126 -0.28007203  0.40529254
  0.05398733]",42818.65245740559,26546.165923281085,35.3870065449737,2.4548656141978765e-07,0.0012550263386699402,16812.602063403054,28004.1274598701
799,"[1.01137234e+04 1.72660895e+03 3.53133046e+04 1.13202603e+05
 6.29032196e+03 2.49009346e+04 5.60947300e+04 2.74736496e+03
 7.78584611e+02 9.97577141e+04 1.01371703e+04 1.18333668e+03
 1.00000000e+00]","[-0.39590772 -0.0454076   0.39378861  0.15857927 -0.08911208  0.37862316
  0.21219865 -0.4101546   0.2117108   0.27179517  0.06831665 -0.0956334
  0.40487017]",75277.24536437413,27358.931578600386,35.49495308799669,2.4548656141978765e-07,0.0012550263386699402,16735.784679905213,26536.933356473855
