iteration,batch_directions,batch_sources,batch_points,batch_support_values,batch_size_applied,best_gap,ci_lower,ci_upper,mean_gap,max_gap,wall_time_seconds
0,"[[ 0.11251557  0.09800192  0.45398603  0.01156027  0.07939268  0.49354138
   0.06422865  0.13193119  0.49241854 -0.00333585  0.10964936  0.48345375
  -0.10882922]
 [-0.14396218 -0.07122656  0.24489721  0.17332266 -0.4375876   0.52256072
   0.37047541  0.24926253  0.32298218  0.1016126   0.03647782  0.27196414
  -0.1741037 ]
 [-0.04115549 -0.22001758  0.4867654   0.1709902   0.37778523 -0.08558951
  -0.05644792 -0.06911189  0.52591879  0.04663259 -0.13538329  0.40700284
  -0.25092848]
 [-0.03814577  0.35087624  0.40367741 -0.15282093 -0.20648826  0.29297983
   0.18859567 -0.27372683  0.61445151 -0.18028569 -0.13377466 -0.06745055
  -0.13286447]]","['bbo_main', 'random_fill', 'random_fill', 'random_fill']","[[0.09340882 0.16190879 0.25589272 0.16630567 0.28816085 0.43898284
  0.09051671 0.16437568 0.25610679 0.05131815 0.08844486 0.12951227
  0.14263255]
 [0.09048292 0.15636439 0.22518238 0.16588158 0.28612578 0.45266118
  0.0920533  0.16673343 0.24816752 0.05156144 0.0886794  0.12752712
  0.06511281]
 [0.090795   0.15702477 0.25575101 0.16691304 0.28827615 0.41246163
  0.09041802 0.16373192 0.25212705 0.05144611 0.08854119 0.1287423
  0.03103777]
 [0.09490526 0.16434033 0.24747329 0.16393589 0.28274042 0.40952657
  0.0908175  0.16451848 0.28417556 0.05045763 0.08627874 0.12326391
  0.12552536]]",[0.59423475 0.35871013 0.33955131 0.29156586],4,0.41046772343991156,2.4548656141978765e-07,0.0012550263386699402,0.12965033164945708,0.3300803404210656,2310.41858652723
1,"[[-0.07602554  0.02342978 -0.16059147 -0.12645693 -0.13927587 -0.30414768
   0.1250765  -0.09064344 -0.21827593  0.07353481  0.19404467  0.82190807
  -0.22335685]
 [ 0.10450533  0.11559481  0.02561166 -0.00823454 -0.58780957 -0.28237778
  -0.02792326 -0.13159254 -0.10794328 -0.03720379  0.17276266  0.68518605
  -0.13883935]
 [-0.0554518   0.24416592 -0.38963429 -0.1886549  -0.13273888 -0.20495322
   0.23466755 -0.35996777  0.11339429 -0.28600572  0.09580759  0.55403074
  -0.30796879]
 [-0.36818088 -0.3728636  -0.21161999  0.17546697 -0.30295329 -0.25908034
  -0.00791296  0.26176683 -0.14984427  0.26040667 -0.14631718  0.53475749
  -0.15721595]]","['bbo_main', 'random_fill', 'random_fill', 'random_fill']","[[0.09228373 0.15894478 0.2265726  0.16451808 0.28269932 0.4066212
  0.09047089 0.16291164 0.24076882 0.05236181 0.09109507 0.17357659
  0.12887048]
 [0.09483398 0.16402398 0.23254096 0.16268612 0.27796602 0.39952598
  0.09018433 0.1624685  0.24286482 0.05249024 0.09173131 0.18726415
  0.21470638]
 [0.09255931 0.15953886 0.22766619 0.16646012 0.28697425 0.40944948
  0.09071986 0.16377758 0.24535205 0.05193615 0.08947116 0.13471191
  0.01969729]
 [0.09035636 0.15587644 0.22284738 0.16472339 0.28274945 0.4055003
  0.09201301 0.16620461 0.24460567 0.05241924 0.09071395 0.17065928
  0.12262864]]",[-0.14412635 -0.18043877 -0.15585707 -0.22187515],4,0.22797369559109842,2.4548656141978765e-07,0.0012550263386699402,0.09224448584689514,0.19838454068587003,3281.1292251469567
2,"[[-0.00317936 -0.0959954  -0.18034532  0.02654011  0.27026692  0.8634151
  -0.1214919  -0.16664782 -0.13179613 -0.00176286 -0.11932273 -0.17123806
  -0.18854874]
 [ 0.3685704  -0.03792658  0.52385726  0.046531   -0.25271912 -0.3919802
   0.24491561 -0.17310398 -0.33358283 -0.14435554  0.36697261 -0.02081672
  -0.10697445]
 [ 0.07780796 -0.02419892  0.6850486   0.21499087 -0.16030831 -0.55097814
  -0.01452562  0.11308205 -0.15259203 -0.20345966  0.00747577 -0.05583624
  -0.26023015]
 [-0.30382395  0.23528943 -0.23705654 -0.04623581  0.54389359  0.476721
  -0.13849689 -0.07335795 -0.28501782  0.06979327  0.07008589 -0.26583029
  -0.29097487]]","['bbo_main', 'random_fill', 'random_fill', 'random_fill']","[[0.09036647 0.15554067 0.2217429  0.16814264 0.292191   0.4696179
  0.08967641 0.16153254 0.23956146 0.05119674 0.08790467 0.12579595
  0.10282862]
 [0.09609243 0.16639829 0.3059863  0.1620405  0.27574698 0.39458086
  0.08992796 0.16121158 0.23770733 0.05195382 0.09051203 0.13057389
  0.24884026]
 [0.09442799 0.16399574 0.27303993 0.16399142 0.2820148  0.40511815
  0.09021733 0.16314289 0.2436087  0.05126814 0.08847457 0.12784446
  0.05741692]
 [0.09060774 0.15631645 0.22318699 0.16746923 0.29007372 0.45111185
  0.09010416 0.16241615 0.23982351 0.05146389 0.08843635 0.12639809
  0.04091836]]",[ 0.31280266 -0.1162142  -0.09462378  0.19295921],4,0.18266051705481878,2.4548656141978765e-07,0.0012550263386699402,0.08740450091177114,0.1690518979554412,2501.455382894026
3,"[[-0.11033061 -0.04854571  0.47514231  0.23096251  0.44229028 -0.33068624
  -0.0666769  -0.00577379 -0.3230467   0.09868428  0.10296106  0.51748369
  -0.06652248]
 [-0.15983548  0.51721823  0.42811857  0.15122612 -0.01692193 -0.16185792
   0.37637781 -0.12240699 -0.20007536  0.29198866 -0.08405774  0.42992539
  -0.02158529]
 [ 0.18902902 -0.24201604  0.60374034 -0.20357724  0.16355515  0.00560364
  -0.29162439  0.1928399  -0.04336194 -0.08248181 -0.05695632  0.58166858
   0.02169378]
 [ 0.18764677  0.28597573 -0.28017805  0.28787026  0.34464389 -0.48522849
  -0.20160998 -0.13714035  0.31168324  0.32906574 -0.05208084  0.29723945
   0.10706524]]","['bbo_main', 'random_fill', 'random_fill', 'random_fill']","[[0.09355217 0.16339055 0.29761992 0.16638187 0.28594791 0.40331092
  0.08826608 0.15831072 0.23329744 0.05211558 0.09131971 0.26526173
  1.00002975]
 [0.09602941 0.16833979 0.32116058 0.1630265  0.27915987 0.39714101
  0.08942912 0.15963125 0.23401598 0.05208907 0.09084295 0.24274823
  1.00000277]
 [0.09453841 0.16372809 0.41969633 0.16374356 0.28202144 0.40347927
  0.08926456 0.16188038 0.23845294 0.05170778 0.08990871 0.14698503
  1.00003189]
 [0.09331357 0.16046954 0.22576782 0.16392304 0.27982334 0.39423298
  0.08994543 0.16563691 0.41802894 0.05273025 0.09120583 0.15336237
  1.00001026]]",[0.15781303 0.2225138  0.33933655 0.20717664],4,0.17791768458122256,2.4548656141978765e-07,0.0012550263386699402,0.08090694436910983,0.14941610201786926,3068.43851612485
4,"[[ 0.07675322 -0.02005577 -0.16085023  0.152499   -0.24406541 -0.3110881
   0.04321249  0.5396571   0.66358807  0.0863989   0.14606285 -0.07059079
  -0.14493383]
 [ 0.22439173 -0.17998706 -0.17130093  0.22271852  0.17017229  0.46360349
  -0.12681508 -0.1104568  -0.26585778  0.33930745  0.02413141  0.59765982
   0.15015456]
 [ 0.20562084  0.03630248  0.48861447  0.1668248  -0.12404216  0.43102984
   0.23615449  0.05589454 -0.38237629 -0.02086535 -0.20343291 -0.49053222
  -0.03327872]
 [-0.10810809 -0.10271791  0.47186096  0.39560775 -0.04674033  0.43666315
  -0.13724199 -0.14546524 -0.16036665 -0.50583773 -0.05529496 -0.2846442
  -0.00891155]]","['bbo_main', 'random_fill', 'random_fill', 'random_fill']","[[0.09051104 0.15558187 0.22169637 0.16368609 0.28064702 0.40201736
  0.09463414 0.17504649 0.30790487 0.05148135 0.08853664 0.12701505
  0.17436981]
 [0.09000452 0.15463819 0.22069925 0.1685669  0.2927681  0.445033
  0.0884063  0.15890989 0.23359969 0.0524262  0.09045301 0.30257016
  1.00001006]
 [0.09553059 0.16548237 0.41281368 0.16744262 0.29027303 0.43623057
  0.08923014 0.1595793  0.23212403 0.04867644 0.08299033 0.1176866
  0.99999921]
 [0.0937772  0.1627503  0.4017326  0.16907396 0.29251933 0.4486969
  0.08830207 0.1588302  0.23339597 0.04852674 0.0833689  0.11853412
  1.00000449]]",[0.08558783 0.50833349 0.23963973 0.26739028],4,0.1622129880343598,2.4548656141978765e-07,0.0012550263386699402,0.07711542624914532,0.1377605663178944,3203.0723799001426
5,"[[-0.06781912 -0.15883387  0.47618602  0.29155895  0.41966088 -0.40345655
   0.00279487 -0.21917814  0.49254624  0.13234625  0.08841005 -0.05509838
  -0.02244582]
 [-0.29414389 -0.20163172  0.3599074   0.34279531  0.37065768 -0.38163426
  -0.06360478 -0.29910109  0.26455149 -0.04561923 -0.37921281 -0.18204268
  -0.01525484]
 [-0.30009052 -0.10523546  0.55459276 -0.22686305  0.10597856 -0.2554927
  -0.02030655  0.23176851  0.51276536 -0.21576843 -0.26592161  0.13661122
   0.10165126]
 [-0.24980311  0.2696077   0.29285604 -0.27794875  0.30042666 -0.40080831
   0.36190224  0.21314198  0.36593994  0.1366012  -0.10148877 -0.22569818
   0.24652008]]","['bbo_main', 'random_fill', 'random_fill', 'random_fill']","[[0.0923179  0.16089858 0.30019083 0.1654971  0.28426434 0.39906848
  0.09046022 0.16515255 0.38046228 0.05124978 0.08808064 0.12697211
  1.00003973]
 [0.09079698 0.15806135 0.41852072 0.1679415  0.28853937 0.40344247
  0.09017075 0.16371588 0.25318141 0.04890684 0.08333224 0.11967697
  0.9999999 ]
 [0.09262126 0.16133512 0.41092876 0.16291873 0.27935395 0.39481853
  0.0938386  0.17299887 0.27107452 0.05018334 0.08592941 0.12458433
  1.00000705]
 [0.09463549 0.16429421 0.27435133 0.16051048 0.27281151 0.38625951
  0.09946219 0.18209864 0.39170339 0.04974359 0.08426135 0.1212743
  1.00001774]]",[0.25424712 0.0440063  0.33707812 0.41907522],4,0.16069503268436006,2.4548656141978765e-07,0.0012550263386699402,0.07279265047076504,0.1340462340557551,4528.3553808159195
6,"[[ 0.27768314 -0.0533048  -0.31875107  0.22630223  0.3839129  -0.50235058
   0.23931859  0.28270762 -0.39756993  0.02876251 -0.09588561 -0.24333887
  -0.05474061]
 [-0.29909125 -0.25286087 -0.1844993  -0.06477969  0.29715254  0.46664106
   0.15987585 -0.226264    0.49891959 -0.06250832  0.19645576 -0.34472322
   0.1237061 ]
 [-0.03019571  0.26561922 -0.16062815  0.24233278  0.44587881  0.28301118
   0.42424278 -0.36352748  0.35383325  0.15336141 -0.29132653 -0.06065815
   0.1253093 ]
 [ 0.07892705  0.30565365 -0.01782878  0.18037295  0.25456489  0.47867588
  -0.02033806 -0.20350742  0.51525154 -0.39649606 -0.32658662  0.02960154
   0.03876803]]","['bbo_main', 'random_fill', 'random_fill', 'random_fill']","[[0.09240288 0.15791685 0.22908481 0.16765787 0.28886515 0.40930374
  0.09225989 0.16479745 0.2421036  0.050955   0.0867623  0.1270167
  0.04880404]
 [0.08890542 0.15284131 0.21724712 0.16890411 0.2947115  0.46080471
  0.09154647 0.16585947 0.40413315 0.05040818 0.08586641 0.1212107
  1.00005634]
 [0.08976814 0.154446   0.2193373  0.17106673 0.29853743 0.44429498
  0.09072134 0.16293432 0.41280744 0.04937294 0.08396795 0.12045776
  1.00001424]
 [0.09298049 0.16027765 0.22542243 0.16852762 0.29308258 0.45709084
  0.09030915 0.16379993 0.40552642 0.04870626 0.08354517 0.11999864
  1.00000577]]",[-0.18057103  0.46072769  0.52982442  0.54561456],4,0.12949833959497564,2.4548656141978765e-07,0.0012550263386699402,0.0703425426792021,0.12613710651409704,2739.8128642700613
7,"[[-0.19893763  0.32955606 -0.29060859  0.08108108 -0.29569566  0.41338778
   0.2216637  -0.31957714 -0.44729245  0.11786401  0.18411813  0.31432223
  -0.06737208]
 [-0.26398463  0.2721644  -0.27854413  0.4876044  -0.12460001  0.35540008
   0.33243887 -0.11475512 -0.28727103  0.33632412 -0.108107    0.25658106
  -0.04706942]
 [ 0.20764263 -0.05955593 -0.0929865  -0.08627487 -0.06159844  0.69847734
  -0.18904682  0.03722992 -0.29304624  0.22137794  0.07777038  0.50016575
  -0.13175642]
 [-0.0994544  -0.3356172  -0.18280081  0.02326645  0.35359869  0.45181392
  -0.09687603 -0.26998786  0.43051437  0.40792423 -0.11670017 -0.24514112
  -0.08129137]]","['bbo_main', 'random_fill', 'random_fill', 'random_fill']","[[0.09084999 0.15669684 0.22179248 0.16778142 0.29038663 0.51525412
  0.08733073 0.15378988 0.22442426 0.05289646 0.0923104  0.1460583
  0.5124244 ]
 [0.08947909 0.1543589  0.2196086  0.16954485 0.29343455 0.60413137
  0.08907189 0.15854802 0.23210504 0.05217512 0.08977877 0.14264363
  1.00003694]
 [0.09050183 0.15570671 0.22212867 0.16746439 0.29087358 0.47758056
  0.08903162 0.1603704  0.23573005 0.05208225 0.08960992 0.13599712
  0.17529138]
 [0.08904821 0.15301602 0.21839463 0.16979698 0.29628068 0.48828463
  0.09009274 0.16323454 0.26016512 0.05077128 0.08616079 0.122963
  0.30364661]]",[0.01429363 0.16014665 0.27356151 0.24422944],4,0.13549372050201255,2.4548656141978765e-07,0.0012550263386699402,0.06650468352817084,0.11854482276111941,3445.9541210699826
8,"[[-0.08440059 -0.22590314 -0.30350505  0.19646455  0.19276243 -0.58448047
   0.21068047  0.12452755  0.26389018  0.30170039  0.36723293  0.27255662
  -0.05151933]
 [ 0.19970291  0.21680818 -0.32175505 -0.0040184   0.03238649 -0.19420234
   0.47010226 -0.14278502  0.30477327  0.3840453  -0.4072539   0.34576448
  -0.06030772]
 [-0.45506905 -0.05030355  0.16097432 -0.32904939 -0.09156405 -0.22899091
   0.33736168  0.22221367  0.31855669 -0.29497047  0.30626442  0.38698757
  -0.01181658]
 [-0.05319522 -0.28672967 -0.31239506 -0.21600811  0.39192167  0.16904763
   0.04448918 -0.42501669  0.08446752 -0.05845956  0.28620384  0.55255719
  -0.09013131]]","['bbo_main', 'random_fill', 'random_fill', 'random_fill']","[[0.08882031 0.15257428 0.21799708 0.16123469 0.27305176 0.3851952
  0.0981597  0.1804937  0.29916281 0.05524461 0.09723709 0.18046746
  0.54562754]
 [0.09097473 0.15635568 0.22184071 0.16297417 0.279945   0.39934531
  0.09483857 0.17219615 0.28121302 0.05200511 0.08918525 0.18457728
  0.31683082]
 [0.08996483 0.15575709 0.22499787 0.16000856 0.27173771 0.38732766
  0.09922166 0.18127763 0.28324587 0.05253072 0.09177943 0.28078042
  1.00000165]
 [0.08953665 0.15394407 0.21951433 0.16758758 0.29089241 0.42229966
  0.08927777 0.16035337 0.2411015  0.05253917 0.09165317 0.22406622
  0.43625301]]",[-0.05339865  0.0456137   0.09465841  0.09555077],4,0.12245080134924691,2.4548656141978765e-07,0.0012550263386699402,0.06430135838742129,0.11033569847886474,2655.994800588116
9,"[[ 0.00389765 -0.41865443  0.32618474 -0.22452816  0.33898805  0.24637624
   0.3645843   0.29252087 -0.4773602  -0.01257422  0.15480288 -0.12409206
  -0.08003708]
 [ 0.11967664 -0.10043935 -0.47034623 -0.1277981  -0.47934055 -0.25984253
  -0.07086558  0.28975016 -0.46063554  0.06223656 -0.18991306 -0.26016212
   0.17877115]
 [ 0.51470802 -0.31531297  0.28701922  0.31702892 -0.22032546  0.3455412
   0.226158   -0.05217308 -0.23649621  0.17076313 -0.10539022  0.25073783
   0.26811837]
 [ 0.22590415  0.23118945 -0.51935444 -0.40217588 -0.01280372  0.46317589
   0.28783121  0.28416034  0.11811395 -0.1938415   0.1675097   0.0148688
  -0.07712668]]","['bbo_main', 'random_fill', 'random_fill', 'random_fill']","[[0.09035617 0.15569042 0.26687455 0.1674799  0.29191025 0.43403236
  0.09043287 0.16145542 0.23583194 0.05132636 0.08826258 0.12685841
  0.12546419]
 [0.09342436 0.15769359 0.220795   0.15582596 0.26122873 0.38912155
  0.0993351  0.17539656 0.24683339 0.05237155 0.0880541  0.12600408
  1.00089335]
 [0.09411394 0.16152706 0.25258503 0.16740836 0.28993175 0.59300274
  0.08873578 0.15817307 0.23143354 0.05152489 0.08893595 0.13140812
  1.00001759]
 [0.08976951 0.15410467 0.2179898  0.16625876 0.28949207 0.49242014
  0.0939709  0.16999997 0.25304197 0.05112706 0.08800381 0.12673134
  0.28529165]]",[ 0.14536419 -0.29198245  0.52168763  0.19015249],4,0.10574932332589226,2.4548656141978765e-07,0.0012550263386699402,0.06234502653672907,0.10153455271112549,2601.709675824968
10,"[[-0.01462268  0.32552424 -0.30316736 -0.20256229  0.53281357 -0.39350021
   0.35197627 -0.0681429  -0.3393504  -0.21858969  0.09614495  0.02476881
   0.14428186]
 [-0.22841746  0.44148833 -0.04074943 -0.1215024   0.21399922 -0.42593831
   0.22470102  0.3773123  -0.38254942 -0.26025236 -0.18546006  0.15771933
   0.20753256]
 [ 0.15026716 -0.22086247 -0.2149447   0.00429325  0.50066546 -0.41028264
  -0.01431391 -0.05346166 -0.30106259 -0.32060395  0.42279125  0.07693074
   0.28681485]
 [-0.11389653  0.61182274  0.21919278 -0.17476894  0.50940288 -0.41325679
   0.04519614  0.1220578   0.09847862  0.18360786  0.1891113  -0.06443633
  -0.05977107]]","['bbo_main', 'random_fill', 'random_fill', 'random_fill']","[[0.09746425 0.16709719 0.2314432  0.16889215 0.29298797 0.40466539
  0.08783654 0.14392154 0.20214203 0.05225638 0.09485455 0.18102047
  1.00001515]
 [0.09677784 0.17049166 0.24291813 0.16047295 0.27171336 0.38334707
  0.09594472 0.16970045 0.24251529 0.05063831 0.0884043  0.26754682
  1.00005008]
 [0.08913948 0.15198501 0.21692281 0.17105838 0.29328912 0.40672782
  0.08561922 0.14746014 0.21451594 0.05594634 0.11065619 0.20238984
  1.00001174]
 [0.09617472 0.1676942  0.28023957 0.16303021 0.28038072 0.39713259
  0.09051727 0.16397836 0.24985775 0.05165202 0.0887362  0.12860285
  0.14657061]]",[0.0444408  0.13161287 0.17144564 0.16121691],4,0.11488013599741777,2.4548656141978765e-07,0.0012550263386699402,0.06003537572462995,0.1010382617256602,3264.8740184861235
11,"[[-0.10145951  0.25622525  0.24305548  0.31003116  0.45199052  0.23774148
   0.2451547   0.53406289 -0.19673611  0.25521014  0.03670037  0.23953793
   0.01249884]
 [-0.15861964 -0.24208437 -0.26738335  0.14803119  0.43478505  0.35010851
   0.09926024  0.2645109   0.31135991  0.31174796  0.01900649  0.36103277
   0.32643157]
 [-0.04419728 -0.32040787  0.12771493  0.01596803  0.4248032  -0.65211508
   0.08733184  0.32544633 -0.32564186 -0.06575421  0.1972532  -0.03881106
   0.09372271]
 [-0.11842979  0.24491865  0.41476191  0.03882153  0.29811876  0.2820412
  -0.06224473  0.20857429 -0.36229359  0.0078946   0.56714453  0.19368436
   0.21487089]]","['bbo_main', 'random_fill', 'random_fill', 'random_fill']","[[0.09207119 0.1606299  0.32891815 0.17535307 0.30642726 0.47614063
  0.09058603 0.16147875 0.23288897 0.05110299 0.08789438 0.14506175
  1.00000934]
 [0.08682765 0.14913042 0.21198496 0.17004054 0.29691033 0.47630446
  0.09369907 0.17072349 0.25832559 0.05181073 0.08885261 0.24706684
  1.00003389]
 [0.09026022 0.15627876 0.35162118 0.16162284 0.26785478 0.36796712
  0.09511419 0.1695095  0.24263168 0.05298217 0.09323331 0.13526183
  1.00001044]
 [0.09444956 0.164351   0.41761269 0.16733098 0.29043568 0.42690511
  0.08777841 0.15669585 0.22879386 0.0518977  0.09027523 0.13050529
  1.00002101]]",[ 0.54397104  0.78283933 -0.04490295  0.6518515 ],4,0.10433512097637021,2.4548656141978765e-07,0.0012550263386699402,0.05861770016604139,0.09371254175597998,2808.9170116330497
12,"[[ 0.18943216 -0.34470023 -0.18178532  0.28740854 -0.39802372 -0.35203264
   0.16550787  0.31531092 -0.46939074 -0.03893231 -0.29552517  0.10613122
   0.00644877]
 [-0.31642592  0.01483927 -0.23899644 -0.08615613 -0.01822753 -0.31542723
   0.39265039 -0.29123207 -0.50024015  0.00154802  0.38225009 -0.31583398
  -0.01365265]
 [ 0.24064509  0.08534707  0.43638288  0.22672704 -0.30321669 -0.4298795
   0.00798392 -0.08661716  0.40536166  0.23099912  0.00667609  0.40857406
   0.15495687]
 [-0.32502723 -0.07880895 -0.1950665   0.31402163 -0.05693734 -0.5668247
   0.15011605  0.16800866 -0.38778385 -0.440448   -0.16978278  0.05299397
  -0.01366658]]","['bbo_main', 'random_fill', 'random_fill', 'random_fill']","[[0.09327799 0.15901858 0.22596917 0.16016152 0.26298782 0.36842383
  0.09902321 0.17435435 0.24437485 0.05280946 0.0921672  0.20877483
  1.000001  ]
 [0.09147396 0.15870418 0.23808781 0.1635282  0.27886455 0.39948877
  0.08734489 0.14395176 0.20543024 0.05752822 0.10079499 0.14179171
  0.85543745]
 [0.09612605 0.1664629  0.39995842 0.16024125 0.27076411 0.38211445
  0.09243548 0.16872478 0.26525176 0.05260913 0.0909368  0.13797557
  1.00001369]
 [0.09071435 0.15780031 0.22518986 0.1634154  0.26766283 0.36755161
  0.0972367  0.17022873 0.24082356 0.05069877 0.09051109 0.1835475
  0.99999801]]",[-0.31059234 -0.35690891  0.31958047 -0.34993692],4,0.10037358243548566,2.4548656141978765e-07,0.0012550263386699402,0.057133102175376586,0.09261467481842212,4463.33951372304
13,"[[ 0.37920314 -0.27829977  0.17798828  0.0315099  -0.33207924  0.29427167
   0.21891344  0.48770443  0.25220274 -0.18043046 -0.21916952 -0.33906761
   0.06532131]
 [-0.11519358 -0.12871303 -0.36419836  0.30341272 -0.26738293  0.29094887
   0.41344128  0.40604689  0.29006001 -0.34116927  0.04127898  0.22620299
  -0.0103922 ]
 [-0.05426164 -0.46453814  0.41542387 -0.20289248 -0.228776   -0.3264701
   0.43268548  0.27036602  0.04939929 -0.16819487  0.02333128 -0.33716603
  -0.05767893]
 [ 0.00563755 -0.02959414  0.03273646 -0.09541208 -0.04140832 -0.59612186
  -0.06930109 -0.42591059  0.3314375  -0.17009449 -0.36668452 -0.37880873
  -0.17000688]]","['bbo_main', 'random_fill', 'random_fill', 'random_fill']","[[0.09165544 0.15606911 0.22488395 0.16356974 0.28083345 0.55029517
  0.10146138 0.18826284 0.28470873 0.04694479 0.08029253 0.11419366
  1.00002729]
 [0.0869673  0.14958573 0.21086244 0.16463335 0.28207867 0.51823049
  0.10224992 0.1889878  0.31750804 0.04994643 0.08724069 0.12812376
  1.00000002]
 [0.09157998 0.15796837 0.40895115 0.16078727 0.2729507  0.38825987
  0.09709199 0.17545621 0.2574102  0.05035997 0.0861511  0.12238651
  1.00002651]
 [0.09435317 0.16290673 0.23654148 0.16445019 0.28273055 0.40397002
  0.09070852 0.16417669 0.27125582 0.05081671 0.08677069 0.12426319
  0.06543438]]",[ 0.2915481   0.23549937 -0.13352761 -0.34972275],4,0.1013271418291658,5.395411025929977e-05,0.0023346635863319577,0.0558708889092196,0.09468128896236272,3945.909429526888
14,"[[ 1.67365865e-01  4.96075634e-01  1.54046690e-01 -7.47543865e-02
  -4.28389549e-01  2.48505994e-01 -6.91102472e-02  2.92831286e-02
  -4.53122839e-01 -9.56049083e-02 -2.64206402e-01 -3.90055970e-01
  -9.62454212e-02]
 [-1.59372751e-01  2.22945434e-01 -3.05856709e-01 -2.76185197e-01
  -1.26531654e-01 -5.45899031e-01 -1.44782825e-01 -3.96302082e-01
   9.11505736e-02 -1.44101225e-01 -3.41429613e-01 -3.42107820e-01
  -1.87115294e-02]
 [-2.55069283e-01 -3.93527020e-02  3.83629895e-01 -1.17509875e-01
   3.93133607e-01  3.23228808e-01  2.71625069e-01 -2.10239260e-01
   3.69166205e-01 -3.30864820e-01 -1.87634887e-01 -2.84578348e-01
   1.82898976e-01]
 [-6.02676245e-03  6.80165234e-01  2.71466280e-01 -6.11406496e-02
  -4.22943298e-01  2.68860562e-01 -9.77609262e-02 -1.86115883e-01
  -2.09264035e-01 -1.26288850e-01  5.30790039e-04  3.17665284e-01
  -6.23829438e-02]]","['bbo_main', 'random_fill', 'random_fill', 'random_fill']","[[0.09619183 0.16658641 0.24662489 0.16432107 0.28356501 0.44183205
  0.08919457 0.16023173 0.23538065 0.04999948 0.08528522 0.12180429
  0.09709974]
 [0.09704545 0.16766053 0.23348691 0.15704396 0.26160884 0.36680628
  0.09030074 0.16296911 0.31586442 0.04863531 0.08291083 0.11804647
  1.00001065]
 [0.09225278 0.16025431 0.39311828 0.16876753 0.29440674 0.42907625
  0.09129655 0.16440661 0.26594071 0.04763774 0.08173493 0.11701891
  1.000018  ]
 [0.09764915 0.17053073 0.27434137 0.16322305 0.28072891 0.42541401
  0.0873989  0.15644482 0.2304281  0.05164841 0.09035122 0.14876727
  0.2817002 ]]",[-0.07952917 -0.46949574  0.56248705  0.11286894],4,0.09591739949491708,5.395411025929977e-05,0.0023346635863319577,0.05452968674215319,0.09536686504632785,3937.1260328998324
15,"[[-5.38654577e-02 -1.55522968e-01 -2.75024270e-01  2.64127975e-01
  -4.24584766e-01  5.22651193e-02 -3.24636528e-02  5.67144995e-01
  -2.69805924e-01 -3.03721784e-04 -3.93700990e-01 -3.06075551e-01
  -1.78869045e-02]
 [-7.76009597e-03 -3.10199391e-01  1.31132681e-01 -9.97558197e-02
  -2.52847262e-01 -4.40853781e-01 -2.13802204e-01 -5.11611757e-01
   2.95571980e-01 -8.39172543e-02 -4.14604839e-01  2.05428047e-01
  -4.82140310e-02]
 [ 2.44832765e-02  5.05242651e-01  1.04635338e-01  3.09688380e-01
  -4.20559693e-01 -4.80897958e-01 -2.46993311e-02 -2.32398866e-01
   2.20617127e-01  4.16555726e-03 -3.38557638e-01  9.72744964e-02
  -4.18273142e-02]
 [-1.46923250e-01  2.67290588e-01 -3.10671592e-01 -1.40032376e-01
   2.35090576e-01  1.69896780e-01 -2.37253719e-01 -9.72138341e-02
  -4.97661950e-01  2.47571127e-01 -3.38508131e-01 -4.65917576e-01
  -1.85801724e-02]]","['bbo_main', 'random_fill', 'random_fill', 'random_fill']","[[0.08827351 0.15150771 0.21308265 0.16534186 0.28128852 0.45344626
  0.10550229 0.19079273 0.26803138 0.04575534 0.07705477 0.10953739
  0.67111792]
 [0.09320399 0.16040331 0.24218169 0.1607776  0.27208484 0.3849926
  0.09000739 0.16365951 0.33822845 0.05214882 0.08981898 0.14419177
  0.59309433]
 [0.10119223 0.17544437 0.25089764 0.16004178 0.26786876 0.37730999
  0.09096998 0.16500332 0.30512086 0.05140058 0.08852041 0.13158279
  0.5330474 ]
 [0.09128497 0.15651761 0.22051456 0.17746666 0.31655026 0.52441452
  0.08443931 0.14481718 0.20931035 0.04837673 0.08063304 0.11383978
  1.00003353]]",[-0.18239638 -0.31687526 -0.1396971  -0.12663714],4,0.09299150377428292,5.395411025929977e-05,0.0023346635863319577,0.05212107858510563,0.09378488618620937,3589.2818986510392
16,"[[ 0.22244897  0.39671205 -0.35301199 -0.1558179   0.44289936  0.07042625
  -0.19464887  0.49913836  0.13880161  0.03069051  0.3611111   0.07369353
  -0.00725089]
 [ 0.283469   -0.20711686 -0.31901183 -0.35711837 -0.39699682  0.09703455
  -0.27540099  0.43822164 -0.26740148  0.17486664  0.26635324  0.1986462
   0.00731583]
 [-0.38503075  0.37335553  0.32406999  0.27322824  0.29468901  0.38204713
   0.3508768  -0.30876715  0.20943318  0.05467923  0.09280128 -0.14946044
  -0.06021679]
 [ 0.34588123  0.30131935 -0.49705667  0.21731669 -0.31070063  0.01377643
   0.33851727  0.01707535 -0.28873259  0.30149824  0.29396548 -0.07219011
   0.1333265 ]]","['bbo_main', 'random_fill', 'random_fill', 'random_fill']","[[0.08959448 0.1519798  0.21208848 0.16703497 0.29245907 0.42462073
  0.09773384 0.18736558 0.3830103  0.05287659 0.09112862 0.13191182
  1.00004326]
 [0.09041448 0.15445922 0.21780138 0.15959368 0.27329429 0.41526576
  0.09282549 0.16850725 0.24370522 0.05664469 0.10071763 0.28538821
  1.00000511]
 [0.0927882  0.16225368 0.25477968 0.16941823 0.29485441 0.59043384
  0.08947718 0.16013953 0.24062879 0.05006739 0.08551341 0.12247928
  1.00005152]
 [0.09694571 0.16243594 0.21843237 0.16215361 0.27459973 0.43694385
  0.09187974 0.15564737 0.22048158 0.06207443 0.10860472 0.15125162
  1.0001265 ]]",[ 0.3034202  -0.11718726  0.4306652   0.07300968],4,0.10093158865423274,2.4548656141978765e-07,0.0012550263386699402,0.05080405969786938,0.08953095440864917,2996.39104946889
17,"[[ 0.33020594 -0.13868396 -0.18642442  0.16972767  0.61115951 -0.4382323
   0.19279784  0.02558475  0.06589246  0.05457111 -0.10255231 -0.42697227
   0.06810325]
 [ 0.36194233  0.46288571 -0.04541578 -0.22560156  0.56507663  0.07583313
   0.14577656 -0.123465   -0.32440464  0.04119299 -0.35398285  0.08132096
  -0.03697362]
 [ 0.39115824 -0.12944232  0.1135806   0.06727516  0.45396944 -0.11114836
   0.51825051  0.31724141  0.16293301 -0.02081103  0.4280587   0.09791241
   0.0731037 ]
 [ 0.43342826  0.41434223  0.15526435  0.35160707 -0.35246837 -0.22033059
  -0.10110083  0.24448719  0.00281059 -0.12254627  0.22694001 -0.41308411
   0.11307205]]","['bbo_main', 'random_fill', 'random_fill', 'random_fill']","[[0.0892017  0.15186648 0.21519759 0.17876888 0.30502684 0.41435742
  0.10098366 0.18432107 0.31655959 0.04528044 0.07535817 0.10484832
  1.00000213]
 [0.10058381 0.17143339 0.23893276 0.17043157 0.301611   0.467868
  0.08554427 0.14825584 0.21632898 0.0491776  0.08403359 0.12520793
  0.47774043]
 [0.08939386 0.15273347 0.22528799 0.16519215 0.28453772 0.40139861
  0.10818924 0.1948088  0.38069255 0.05170443 0.09111265 0.13410807
  1.00000085]
 [0.10731203 0.18488169 0.34903341 0.16029126 0.26559355 0.37482505
  0.09338232 0.17059238 0.25297035 0.04865096 0.08307172 0.11723631
  1.00002651]]",[0.06657573 0.16115726 0.44051336 0.1679841 ],4,0.09560649048937189,5.395411025929977e-05,0.0023346635863319577,0.04927158230368806,0.08502491257052305,6722.26585923112
18,"[[ 0.20009306 -0.14864343 -0.33355196 -0.16636985 -0.3904836   0.37626825
  -0.07163027 -0.27867831  0.40536325  0.17794671  0.25711325  0.39986581
  -0.01000203]
 [ 0.18774197  0.03212309 -0.54755578  0.24752905 -0.5102025   0.20741383
  -0.106182   -0.31403658  0.251847   -0.14649196  0.26928719 -0.17873769
   0.00792831]
 [ 0.23875274 -0.25822864 -0.25098277  0.47083677 -0.38776045  0.18957778
  -0.29182973 -0.28673825  0.15209794 -0.37043801  0.12324762 -0.14135958
  -0.20596979]
 [-0.2172739  -0.22625433  0.42522954 -0.07604577 -0.20626863  0.31986928
  -0.03063659  0.42516311  0.55704292 -0.07072375 -0.14521835 -0.21265559
  -0.08260214]]","['bbo_main', 'random_fill', 'random_fill', 'random_fill']","[[0.08988382 0.1542917  0.21696404 0.16387593 0.2824888  0.43281673
  0.09056934 0.16455326 0.35582007 0.05372594 0.09377434 0.19804554
  1.00000554]
 [0.08981704 0.15389626 0.21575161 0.16510619 0.28364953 0.43476599
  0.09021756 0.16483619 0.4192156  0.05197876 0.08968138 0.12736086
  1.00003671]
 [0.09093834 0.15666004 0.22341848 0.16731404 0.28879929 0.44200747
  0.09021081 0.16320657 0.24447874 0.05143466 0.08859046 0.12681623
  0.03235334]
 [0.09019597 0.15538196 0.23440588 0.16405202 0.28234444 0.4129066
  0.09559482 0.17743611 0.43226976 0.04987174 0.08504738 0.12128392
  1.00001177]]",[ 0.14271782 -0.06406952 -0.09289341  0.29531613],4,0.10443083788863891,5.395411025929977e-05,0.0023346635863319577,0.04832453137179621,0.08127108773373648,3347.900159335928
19,"[[ 0.10462485 -0.44070131  0.1245438  -0.08072068 -0.23936536 -0.31071316
  -0.25843426 -0.34900449 -0.46996542  0.26270753 -0.23631462 -0.27021014
   0.10787636]
 [ 0.31821006 -0.2883598   0.21241345 -0.24139982 -0.22879763  0.27950852
   0.25485113 -0.46400796  0.26901341  0.26291938  0.37337078  0.03571135
   0.13890982]
 [ 0.11900249 -0.24902514 -0.03208851 -0.43142247  0.51292703 -0.20331591
   0.23901067  0.53768201 -0.22631964 -0.13631958  0.03239221  0.12109313
  -0.02222405]
 [-0.1693405  -0.12970061  0.42848414  0.27021447 -0.25239341  0.32245313
   0.27647376 -0.35961276  0.06103581 -0.19588998  0.14551951  0.50753838
  -0.05983399]]","['bbo_main', 'random_fill', 'random_fill', 'random_fill']","[[0.09463521 0.16273039 0.34472155 0.16122728 0.27371117 0.38811466
  0.08475748 0.14513255 0.21043116 0.0522217  0.08808219 0.12481401
  1.00004734]
 [0.09276798 0.15878785 0.22926025 0.16299637 0.2823183  0.58886389
  0.09014064 0.16176057 0.26070007 0.05354513 0.09233524 0.13105927
  0.99999891]
 [0.08872771 0.15159841 0.21814895 0.16450849 0.28766036 0.40547715
  0.10297078 0.18315215 0.25828302 0.05086364 0.08848604 0.18299203
  0.47712833]
 [0.09137995 0.15869042 0.26266696 0.16687651 0.28729308 0.42068208
  0.08953035 0.1606625  0.23718213 0.05183768 0.09084575 0.29249574
  1.00000387]]",[-0.32239719  0.30327042  0.0320652   0.25786092],4,0.08717517809646036,0.0012531266575342055,0.006173289325202822,0.0464525639670682,0.08549172832458224,3245.2264642359223
20,"[[ 0.2728605  -0.19082603  0.34723201  0.07342223 -0.35830784  0.12338893
  -0.06868358  0.68422069 -0.05069544  0.00216291 -0.122967    0.35433972
  -0.05860658]
 [ 0.31437393  0.2545457  -0.08974393  0.22855437 -0.18816785 -0.41930313
  -0.16027254 -0.52267535 -0.22057295 -0.05416416  0.41939577  0.19603102
  -0.00884539]
 [ 0.27376645 -0.25856324  0.06655728  0.23248525 -0.35804475  0.14016196
  -0.2038238  -0.39871428 -0.5809776   0.29051863 -0.01189604 -0.16720815
  -0.03637236]
 [ 0.14827606  0.29943356  0.09472597  0.18972579  0.03962614 -0.24244256
   0.19568397  0.13240948 -0.60503125  0.26215314 -0.35599175 -0.40701802
  -0.00555654]]","['bbo_main', 'random_fill', 'random_fill', 'random_fill']","[[0.09466461 0.16350666 0.29073265 0.16218359 0.27700903 0.40085493
  0.09400587 0.17177338 0.25068963 0.05148456 0.08933337 0.15893025
  0.35774015]
 [0.10173913 0.17406091 0.24361766 0.16137336 0.27161574 0.3830599
  0.08501283 0.14822063 0.22135279 0.0566525  0.10341869 0.23423457
  1.0000021 ]
 [0.09615681 0.16518664 0.24084568 0.16866668 0.29161774 0.46459684
  0.08434222 0.14309236 0.2057698  0.05271304 0.09027617 0.12851756
  0.49689157]
 [0.10430111 0.18221815 0.32200688 0.1656514  0.28273442 0.40126067
  0.0867761  0.14644616 0.20697965 0.04792873 0.07982609 0.11291888
  1.00001294]]",[ 0.18053612 -0.18296187 -0.21955121 -0.11034765],4,0.08850829035620761,0.0009545559495169254,0.005471167122258511,0.045044266232068426,0.0810365663017013,3783.614469492808
21,"[[-0.0036639   0.27882686  0.07935142  0.40238847 -0.55759397  0.10629354
  -0.10227828  0.29915584  0.08474782  0.27606489  0.43875459 -0.22822255
   0.0622854 ]
 [ 0.2565131   0.66009262 -0.0166036   0.26629055 -0.23520605 -0.23640049
   0.31753093  0.41207124 -0.09303293  0.10652361  0.13832058 -0.06534074
  -0.045303  ]
 [ 0.33425988 -0.38631815  0.09097891 -0.19196016  0.51400659  0.17645816
  -0.06211527 -0.24633879 -0.37595563 -0.11775243  0.3129961   0.25894505
   0.11744797]
 [ 0.37127429  0.49771439  0.24420556 -0.27208832  0.10401968 -0.00398969
  -0.2522097  -0.1184116   0.41781435 -0.16061268  0.38174773  0.20395566
  -0.06786627]]","['bbo_main', 'random_fill', 'random_fill', 'random_fill']","[[0.0995703  0.17152626 0.24284771 0.1587939  0.26191652 0.46786148
  0.09820462 0.18487132 0.2800268  0.05565888 0.09456489 0.12980543
  1.00000408]
 [0.10038777 0.17312063 0.24635683 0.16048449 0.27083342 0.38672155
  0.09712922 0.1748724  0.25408719 0.05167164 0.08901575 0.12863399
  0.27316052]
 [0.09037876 0.15432933 0.22243438 0.17271389 0.30655312 0.45922634
  0.08477789 0.14694082 0.21438308 0.0538383  0.0944893  0.24497604
  1.00006119]
 [0.09654202 0.16740512 0.24241166 0.16282651 0.28004705 0.40281158
  0.08936666 0.16298863 0.42586929 0.05178539 0.09013452 0.13276818
  1.00001884]]",[0.19282621 0.09984857 0.27834091 0.28297985],4,0.08320314836656251,0.0004226422228750862,0.003997683835657477,0.043702287596124434,0.07473717221258955,3135.5655830798205
22,"[[ 0.22977846 -0.04194434 -0.18070393  0.25311289  0.47460304 -0.00717923
   0.34853992 -0.28801182  0.15399797 -0.10510776  0.59791724 -0.16109139
  -0.02781284]
 [-0.13417005 -0.44895878  0.15381955  0.4178921   0.42165402  0.00665473
   0.32639858  0.1581063   0.02942509  0.29883664  0.41925289  0.07841594
  -0.0260556 ]
 [ 0.02252795 -0.22038553  0.04641206 -0.28992545  0.35005685 -0.3667098
   0.39636803 -0.32232769  0.09953965  0.45653189 -0.3551893  -0.04481634
   0.01399226]
 [-0.25710888 -0.41351197 -0.05374302 -0.26626964  0.2210572   0.10038517
   0.40310296  0.24090847 -0.52029569  0.25632707  0.16244627 -0.21546735
  -0.02040957]]","['bbo_main', 'random_fill', 'random_fill', 'random_fill']","[[0.08818927 0.15049117 0.2142948  0.17983412 0.31400222 0.44249605
  0.08954498 0.15891397 0.29734559 0.05163598 0.08936124 0.1265018
  0.57178287]
 [0.08281841 0.14188796 0.2843922  0.1816932  0.31312164 0.43845892
  0.09412644 0.16844253 0.24666544 0.05541351 0.09746555 0.13951601
  0.96810689]
 [0.09097075 0.15663472 0.24449549 0.16081661 0.27487279 0.38579722
  0.09593432 0.16915452 0.40116268 0.05190733 0.08643387 0.12472768
  0.9999972 ]
 [0.08473145 0.14503638 0.20973305 0.17257183 0.3100412  0.49970285
  0.0925668  0.15734616 0.21989123 0.05302977 0.09010388 0.1263929
  0.80806382]]",[ 0.20954933  0.28755715 -0.0881694  -0.07496648],4,0.08341592339999587,0.000675460545317257,0.004748549255124749,0.0428700399363111,0.07609405916664497,4134.224170494825
23,"[[ 0.16495267 -0.2779876  -0.53885648 -0.26838794 -0.29857152 -0.35717895
   0.19186719 -0.48689808 -0.03261693 -0.08464774  0.18074602 -0.03982655
   0.00512111]
 [ 0.32825551 -0.27076851 -0.10077997  0.67353696 -0.30104767 -0.1419215
   0.02752745  0.41312423  0.15635828 -0.11217829 -0.14526344 -0.00860824
   0.12130889]
 [ 0.07016838  0.32728715  0.15095711  0.35388894  0.59600099 -0.06108465
  -0.23680165  0.18954457  0.15596225 -0.3435082   0.18307573 -0.3267852
   0.07972463]
 [ 0.325007    0.32982865 -0.2505941  -0.36893422 -0.18810798 -0.01007684
   0.64649344 -0.21203756  0.07492482  0.10980278  0.2474752   0.03582108
   0.08986825]]","['bbo_main', 'random_fill', 'random_fill', 'random_fill']","[[0.08925219 0.15013769 0.21094854 0.15690104 0.26525239 0.37641148
  0.09092993 0.16016041 0.27305898 0.05746424 0.10372718 0.1490245
  1.00000161]
 [0.08934271 0.15256536 0.21755756 0.16304931 0.27293649 0.38807133
  0.10624148 0.19914274 0.38714234 0.04819089 0.08301353 0.12223918
  1.00000007]
 [0.09600731 0.16635047 0.30167213 0.18262321 0.31341973 0.43461569
  0.08803439 0.16287232 0.28017553 0.0453387  0.07715217 0.10904909
  1.00000679]
 [0.10241936 0.17279477 0.23583061 0.15179294 0.2592796  0.37846957
  0.103828   0.17914899 0.31037201 0.05623622 0.10057154 0.14435797
  1.00006067]]",[-0.45281005  0.18718907  0.42796076  0.10109495],4,0.08055796244570429,0.0009545559495169254,0.005471167122258511,0.04171532383978744,0.07083266395969376,4224.162670757854
24,"[[ 5.50695766e-01  4.72305800e-01  1.81574827e-01  1.74415214e-01
   3.49095247e-01  9.40817609e-02  2.84270251e-01 -2.61552961e-01
   1.63735466e-01  9.96011668e-02 -1.83270212e-01  2.00296485e-01
   1.41055226e-01]
 [ 5.96110374e-01 -1.07328880e-01  2.10593791e-01  1.21998095e-01
   5.06461299e-01 -3.59974181e-02 -2.90579580e-01  1.41355888e-01
   2.57811913e-01  2.33391109e-01 -2.02784646e-01  2.20285870e-01
  -3.31201443e-02]
 [-2.87665758e-01  1.31853759e-01 -3.45422903e-01  5.29478916e-01
  -2.98741564e-01 -8.90081833e-02 -2.14849568e-01 -2.32760103e-01
   2.04701386e-01 -2.61252557e-01  3.13329651e-01  3.03729255e-01
  -4.59241245e-02]
 [-2.79245869e-02  2.51344959e-01 -3.85353374e-01 -2.58657321e-01
  -4.15569238e-01 -5.19643661e-02  5.42455897e-01  2.32292330e-03
   5.55688874e-04  2.66483867e-01  4.23023335e-01  1.04929236e-02
  -3.01730064e-02]]","['bbo_main', 'random_fill', 'random_fill', 'random_fill']","[[0.10398193 0.17751663 0.28085133 0.16861146 0.29228339 0.41766206
  0.08801887 0.15716312 0.24434459 0.04915601 0.08448404 0.23038052
  1.00000661]
 [0.09508646 0.16264108 0.25287122 0.1677029  0.29026854 0.41073499
  0.08896971 0.16438614 0.41204873 0.05096884 0.08732019 0.13481882
  0.99999739]
 [0.08953225 0.15456129 0.22027022 0.1657431  0.28288193 0.40509948
  0.08956185 0.16302651 0.25765937 0.05322955 0.09485216 0.30989624
  1.00003497]
 [0.09121197 0.15650828 0.21966161 0.1571081  0.26754929 0.38690919
  0.10191784 0.1807935  0.2683639  0.0573158  0.10086861 0.1430973
  0.46486559]]",[ 0.5633733   0.3395452  -0.05470324 -0.11851108],4,0.07750750438202669,0.0012531266575342055,0.006173289325202822,0.04121246138059395,0.07367613222374836,3502.036729685962
25,"[[ 0.02070769  0.48983578  0.00924661  0.00529917  0.67569203 -0.23237333
   0.25723801 -0.36491858  0.09146635 -0.10254609  0.03963628  0.16875416
  -0.02633793]
 [-0.31315629  0.2502882   0.09367075  0.05852708 -0.47592833  0.13861595
   0.35619246 -0.15499754 -0.16881829  0.15517324 -0.51983314 -0.31130837
   0.10369241]
 [-0.23689534 -0.22494214  0.17504866 -0.26327451 -0.12451652  0.17572322
   0.09817138  0.16200753 -0.62911463 -0.40760398 -0.30056448  0.24139007
  -0.02290578]
 [-0.30927349  0.34688747  0.21391019 -0.04109385 -0.44422057  0.10933884
   0.37192778  0.15508931 -0.42597709  0.1318351   0.39192586  0.11122468
   0.00943742]]","['bbo_main', 'random_fill', 'random_fill', 'random_fill']","[[0.09831134 0.17026006 0.23887383 0.16978406 0.29358295 0.41031488
  0.08669284 0.15262733 0.24220204 0.05096249 0.08890725 0.27845497
  1.00000456]
 [0.09648358 0.17210214 0.27156012 0.16287612 0.27777455 0.52781457
  0.09225169 0.16166708 0.23423914 0.04659388 0.07804472 0.11052037
  1.00000217]
 [0.09063743 0.1568732  0.24441579 0.16700404 0.29072347 0.44245238
  0.0876226  0.15303395 0.22048445 0.0505579  0.08820206 0.27074755
  1.00003372]
 [0.095859   0.16986713 0.39444136 0.15969969 0.27112436 0.39646958
  0.09049062 0.15872914 0.22776324 0.05531039 0.09801436 0.1400468
  0.99999937]]",[ 0.199277   -0.00700255 -0.12637705  0.06197253],4,0.08074229611974146,0.004768802607230218,0.012649997439923887,0.0402408648824507,0.07251192528006116,3748.675409876043
26,"[[ 0.35197341 -0.38353296  0.04476936  0.3582894  -0.22131251 -0.2708003
   0.32214821 -0.54456085  0.08660743 -0.20838185  0.08868614  0.05871327
   0.11733397]
 [ 0.2896849  -0.35948757  0.09853082 -0.08631413 -0.46236159  0.17188179
   0.22410962 -0.32060294 -0.06281013  0.52136047  0.31038335 -0.02106035
  -0.02857836]
 [-0.06780554 -0.31416042  0.03127708  0.31016029 -0.34783298 -0.41107366
   0.40381426 -0.4473906  -0.08481952  0.08107004 -0.14730219 -0.33046297
   0.04079122]
 [ 0.24366328  0.4770574  -0.35999069 -0.09005036 -0.24904106 -0.36228814
  -0.27468836  0.22548139  0.01207724  0.45447084 -0.21851176  0.03613189
   0.00546538]]","['bbo_main', 'random_fill', 'random_fill', 'random_fill']","[[0.09374876 0.1595473  0.26439572 0.1616633  0.26537583 0.37062104
  0.08887078 0.15428867 0.30244088 0.05274615 0.09552109 0.15200285
  1.00001524]
 [0.09231924 0.15801778 0.23943503 0.16120023 0.27638013 0.48330116
  0.08920175 0.15815433 0.23326736 0.0579845  0.1007097  0.14114597
  0.54340269]
 [0.09326393 0.16097615 0.29994917 0.16044921 0.26163237 0.36431395
  0.09247404 0.16120625 0.24250926 0.05071582 0.08467634 0.11862163
  1.00001444]
 [0.10383538 0.17513858 0.23857893 0.15443523 0.25523701 0.35889774
  0.0971362  0.18339219 0.28042483 0.05403145 0.09135486 0.16105802
  1.00000059]]",[-0.02298677 -0.06747898 -0.30063295 -0.15059559],4,0.07692806941777731,0.002925546913451879,0.00949859344778915,0.03978006715826129,0.07558403505678357,3742.285062660929
27,"[[-0.35775689  0.44383939 -0.44513786  0.29411734 -0.24140791 -0.20016407
  -0.26334846 -0.29041043 -0.16858607  0.12496604 -0.26015762 -0.16288179
   0.00892097]
 [ 0.07746622  0.1430942   0.14536426  0.0399276  -0.36006498 -0.24994037
  -0.3562634   0.6607947   0.21889001  0.2021472   0.13005436 -0.29518516
  -0.04778168]
 [-0.38981902  0.25249648 -0.28821458 -0.39458167  0.20637181  0.16856421
   0.38234582  0.08324926  0.29876762 -0.33031631 -0.31655193 -0.14305544
  -0.04859419]
 [ 0.42933044 -0.06066555  0.2210835   0.01977329 -0.0901895   0.45538968
  -0.10414279  0.51912017 -0.31367408 -0.31152856  0.24813493 -0.06216943
  -0.07748123]]","['bbo_main', 'random_fill', 'random_fill', 'random_fill']","[[0.09534212 0.16772866 0.23169568 0.16817906 0.27944253 0.39807481
  0.08334413 0.14404751 0.22370587 0.05096924 0.08549283 0.12341339
  1.00000175]
 [0.09542945 0.16415767 0.25481934 0.1590505  0.26884894 0.38503009
  0.09867562 0.18669356 0.30556965 0.05103578 0.08667876 0.12312843
  0.44202568]
 [0.08904008 0.15322938 0.21795009 0.16630641 0.28924788 0.43023741
  0.09947584 0.1806585  0.36487121 0.04716425 0.08107445 0.11743763
  0.66797607]
 [0.09478725 0.16313596 0.23551079 0.16686352 0.28950445 0.48778164
  0.08962013 0.1616551  0.23717221 0.05050017 0.08693364 0.12548052
  0.25093933]]",[-0.2890249   0.00045807  0.07934006  0.26097102],4,0.07512908339177449,0.0043909851837188926,0.012028982676593525,0.03872871320193587,0.0692988305777073,3508.7659222001676
28,"[[ 0.33310949 -0.32866088 -0.50355378 -0.19785473 -0.05393463  0.09237946
   0.40870733 -0.34881084 -0.12414582 -0.1015493  -0.38609741 -0.10010121
   0.05777283]
 [-0.19807405 -0.27006809 -0.10027592  0.42071368 -0.59564774  0.02073367
   0.00265119 -0.48941304  0.20877802 -0.12065315  0.04988244 -0.20473936
  -0.05885965]
 [ 0.22588989 -0.01188862 -0.30035584  0.08613847 -0.3620935   0.09907061
   0.47342487 -0.36843477  0.31107405 -0.04403077 -0.31244263 -0.38700213
  -0.06557555]
 [ 0.44759221  0.04681813  0.01575444  0.32190778  0.23972537 -0.01842474
   0.08119737  0.48588709 -0.48806369  0.23833383  0.16275362 -0.21949993
   0.15307289]]","['bbo_main', 'random_fill', 'random_fill', 'random_fill']","[[0.08721182 0.14248745 0.19822733 0.16852346 0.29925876 0.51007909
  0.09168189 0.15806734 0.23143062 0.04749129 0.08165714 0.11901549
  1.00004209]
 [0.09030649 0.15598817 0.22385805 0.16522178 0.2830951  0.40974914
  0.09039413 0.16334363 0.29178454 0.05175072 0.08908525 0.12724345
  0.14085516]
 [0.09150471 0.15699363 0.22243172 0.16466029 0.28360152 0.41078402
  0.09465719 0.1706245  0.30518487 0.04914146 0.08364611 0.1193403
  0.18249   ]
 [0.10175415 0.17177495 0.2570735  0.18223187 0.31614553 0.44804718
  0.08761853 0.14784085 0.20539068 0.05060638 0.08441862 0.1186664
  1.00004407]]",[-0.15684416 -0.22800784 -0.10538119  0.31536905],4,0.07061337811955475,0.006314533720347517,0.015099318939894302,0.038225901436771834,0.06469823471342587,3456.6128778648563
29,"[[-0.25865243  0.09300589  0.1312624   0.32720308  0.24542942 -0.11702082
   0.26676104  0.49267984 -0.2086976  -0.27849108 -0.27238746 -0.46483011
  -0.03096564]
 [-0.07834142  0.43177344  0.15267024  0.50021482  0.23631211  0.08530826
   0.28512847  0.49190716  0.08438522 -0.23052729 -0.07788436  0.1388783
   0.24880231]
 [ 0.47617916 -0.26946455 -0.3442379   0.13073837  0.58288809  0.23372227
  -0.28200988  0.11872992 -0.16425183  0.1116905   0.06084821  0.17859692
  -0.04456702]
 [ 0.41143023 -0.34567381 -0.43898514  0.12843499  0.15548661 -0.3701182
   0.07714461 -0.16430765 -0.13286957 -0.37964675 -0.37896743  0.05003141
  -0.00374055]]","['bbo_main', 'random_fill', 'random_fill', 'random_fill']","[[0.09097245 0.15882984 0.2805374  0.16953154 0.29089076 0.41288008
  0.10109864 0.1803975  0.25669689 0.04493177 0.07611924 0.10848972
  0.47256478]
 [0.09329519 0.16343086 0.32524978 0.17446466 0.29694894 0.42049748
  0.10348256 0.18767568 0.27150278 0.04573958 0.0794521  0.12156812
  1.00001135]
 [0.08817222 0.14954525 0.21275978 0.18000115 0.31828629 0.5072808
  0.08660477 0.15547003 0.22949424 0.05142852 0.08857891 0.1356204
  0.66211575]
 [0.0887524  0.14543616 0.20248947 0.17203211 0.29425627 0.40887595
  0.09121621 0.16176714 0.23863015 0.04623902 0.08124877 0.1745756
  1.00002231]]",[ 0.07058049  0.69991821  0.21825731 -0.28073343],4,0.07277430177969837,0.007904028017353142,0.017504600027769775,0.03767426276339437,0.06585266708949822,3432.5461366861127
30,"[[-0.2039393   0.31934494  0.23911113 -0.07278945 -0.19165375 -0.01653437
  -0.2985201   0.31521067  0.33485332  0.25321125 -0.51688121  0.34029293
   0.09628308]
 [-0.40894691 -0.34353148  0.18251835 -0.32076161 -0.25365744  0.25567328
   0.21208784  0.1591155   0.26415798  0.32136217  0.3802817   0.24281529
  -0.04371678]
 [-0.37001686  0.19375102 -0.24266195 -0.33895309  0.59818665  0.18192584
   0.30905023 -0.2578608   0.15045645  0.03016686  0.2399009   0.12773801
   0.03780091]
 [-0.0754462   0.36403237  0.15069125  0.62601862  0.01101692 -0.26767663
   0.15128095  0.27921579  0.07034626  0.16921065  0.44861637  0.18174971
   0.0817995 ]]","['bbo_main', 'random_fill', 'random_fill', 'random_fill']","[[0.09479791 0.16438782 0.23723331 0.16166342 0.27577642 0.39416608
  0.09315183 0.17360768 0.30029443 0.05124589 0.08782376 0.26727593
  1.00000294]
 [0.08798154 0.1520378  0.22192669 0.16146795 0.27843767 0.4617111
  0.09735995 0.17886787 0.30278448 0.05526395 0.09680307 0.14054007
  0.61751758]
 [0.08582327 0.14748179 0.20848355 0.17385842 0.31856626 0.54971194
  0.08976557 0.15774509 0.24822387 0.05197972 0.08970796 0.13059973
  1.00000942]
 [0.09536799 0.16652452 0.28522158 0.16140761 0.27058333 0.38136654
  0.09581976 0.17438718 0.25776828 0.05574026 0.09896374 0.23780309
  1.00001636]]",[0.3010372  0.13871686 0.27985229 0.35851829],4,0.07001024544849027,0.0075031930421536955,0.016906759290684307,0.03739896272803178,0.06883070218738327,3183.5246880310588
31,"[[ 0.2351732   0.04484467 -0.49182077  0.28278544  0.1018608   0.0051558
   0.40100744  0.28034841 -0.45806823 -0.19773149  0.34623439 -0.04315696
  -0.01891605]
 [-0.37382687  0.19426958  0.05718069  0.16385025 -0.42443102  0.34156174
  -0.18188667  0.48865973  0.30378346 -0.28968008 -0.07766955  0.19555547
  -0.05697034]
 [-0.57274967 -0.13213039  0.16997116 -0.03360158  0.36535495 -0.15041593
  -0.2161447  -0.14793958 -0.40097695  0.10987434  0.07314537 -0.47066775
   0.00574491]
 [-0.25625627 -0.16585186  0.40533486 -0.33152327 -0.44869721  0.22108984
  -0.01666496 -0.38850757  0.31071906  0.09303622  0.2205339  -0.27318709
  -0.05222679]]","['bbo_main', 'random_fill', 'random_fill', 'random_fill']","[[0.08676866 0.14445598 0.20123016 0.18025784 0.31187729 0.46190557
  0.09345785 0.15955135 0.22332361 0.05293363 0.09541177 0.13688295
  0.86661798]
 [0.08968576 0.15485106 0.22154693 0.16376492 0.28057177 0.48513754
  0.09700515 0.18131913 0.27718439 0.05044732 0.08737326 0.12664091
  0.4445251 ]
 [0.08902715 0.15543243 0.37382282 0.17124721 0.29765966 0.42246752
  0.08460305 0.14700763 0.21462321 0.04996467 0.08374442 0.11757264
  1.        ]
 [0.09283524 0.16158458 0.42608439 0.16301306 0.28105743 0.4075562
  0.0900441  0.16303718 0.25098272 0.05153647 0.0882173  0.12425901
  1.00000467]]",[-0.00678401  0.21588229 -0.13260822 -0.0167076 ],4,0.07462954557609289,0.011592510279050451,0.02280386846708547,0.036460133812494716,0.06558163501269287,4306.830057096202
32,"[[ 0.34634732  0.21344979  0.2099665  -0.11157532  0.68134982  0.13923438
  -0.20605674 -0.19486235 -0.29733563  0.07003941  0.3098232   0.1523646
  -0.03706538]
 [-0.271828    0.57933    -0.32297945  0.21575174  0.05139913  0.24575108
  -0.3728653  -0.33950352  0.21389684 -0.06052426 -0.19423366  0.18733143
  -0.00776537]
 [-0.27532863  0.00966622  0.12256627 -0.33326132  0.68472997 -0.11363352
  -0.25336298 -0.31764084  0.0999683  -0.19515181 -0.20365526 -0.24118245
  -0.05862225]
 [ 0.5656038   0.10459137  0.10879494 -0.14812418 -0.16900402  0.49958749
  -0.13285066 -0.39534633  0.36022045 -0.06000038 -0.02529345 -0.20980241
  -0.07254107]]","['bbo_main', 'random_fill', 'random_fill', 'random_fill']","[[0.0969793  0.16664835 0.30645569 0.17403206 0.31020125 0.44946222
  0.08399378 0.14461502 0.21086089 0.05186998 0.0896446  0.13138808
  0.77407826]
 [0.09187735 0.15927508 0.22171651 0.17010686 0.29527232 0.6004864
  0.08664483 0.15771129 0.25084957 0.05082595 0.08758753 0.12918253
  1.00000049]
 [0.0924203  0.15955341 0.26112054 0.1686376  0.29354218 0.41900585
  0.08869468 0.16019799 0.24918979 0.04935593 0.08419571 0.1210252
  0.11320732]
 [0.09514965 0.1637771  0.231107   0.16647278 0.28901749 0.60694744
  0.08910479 0.16142864 0.25196237 0.05004167 0.0855161  0.12178942
  1.00001416]]",[ 0.30257383  0.15928736 -0.00576619  0.23765436],4,0.06796540374347693,0.007104564309876558,0.016306701312664172,0.036021617565210745,0.06465806999637491,4116.557230110047
33,"[[-0.06087303 -0.3211258  -0.25039631  0.38108158  0.14371914 -0.34670268
  -0.1744413   0.33079567 -0.17216519  0.21827203  0.38522651 -0.42226493
   0.02338952]
 [ 0.20888601 -0.48880511  0.14428608  0.43875253 -0.04146711 -0.419328
  -0.23986675 -0.05593288 -0.23097716 -0.22356082  0.38123041 -0.12972147
  -0.01999306]
 [-0.37530756 -0.30121053 -0.5370714   0.07891651  0.10453762 -0.51779176
  -0.08974304  0.20305543 -0.19082104  0.17895764 -0.16308384 -0.22189313
   0.03390865]
 [ 0.36552419 -0.18355495 -0.65330415  0.00787521 -0.37417506  0.05921591
  -0.30334365 -0.17134779  0.12476333 -0.26558889 -0.14066367  0.17822012
  -0.05734419]]","['bbo_main', 'random_fill', 'random_fill', 'random_fill']","[[0.08244492 0.1380014  0.19839486 0.17503663 0.29249291 0.40655853
  0.0983732  0.18577657 0.28185575 0.05495075 0.09286602 0.12738622
  1.0000224 ]
 [0.09242806 0.158293   0.37746547 0.16352777 0.27244632 0.38194797
  0.08613077 0.15415314 0.22806724 0.05302685 0.09437885 0.13634468
  1.00004484]
 [0.08315539 0.13966605 0.19799854 0.16520766 0.27719963 0.38861354
  0.10266145 0.18949908 0.28704554 0.05322106 0.09001616 0.12895164
  1.00000183]
 [0.09044766 0.15467379 0.21764999 0.16494297 0.28367467 0.41207709
  0.09020142 0.16427463 0.26165438 0.05196802 0.09015378 0.16354156
  0.17378904]]",[-0.11809073 -0.19883119 -0.36419186 -0.24813362],4,0.0709658061449072,0.015388958966391782,0.02799484351959068,0.03548320513198959,0.06809297491916833,4449.78802974103
34,"[[-0.09360985  0.36886166 -0.2262122  -0.15356382 -0.25694797  0.02768892
  -0.38495074  0.54068697 -0.25885527  0.21958686 -0.39388981  0.01943136
   0.04852692]
 [-0.01230192  0.56252019  0.10031095 -0.31232088 -0.02444752  0.1618621
   0.43492105  0.28579356  0.18535819 -0.29547038  0.39061752 -0.06216538
  -0.00864896]
 [ 0.13674699 -0.19394469  0.34711835  0.1124072   0.5164863   0.35213219
  -0.36479335  0.10710393  0.34680477 -0.14997445  0.23046705  0.27923321
  -0.03750262]
 [ 0.36376435  0.55721733 -0.42787137 -0.03358994 -0.04117846  0.02513559
  -0.35068403  0.27070258 -0.25483776 -0.19560906 -0.25903736 -0.06309482
   0.01044124]]","['bbo_main', 'random_fill', 'random_fill', 'random_fill']","[[0.10150177 0.17411078 0.23589557 0.15502491 0.26320628 0.43651035
  0.09744584 0.18481371 0.25724944 0.04930183 0.08154637 0.12581518
  1.00001142]
 [0.09769914 0.16964978 0.23800631 0.15865646 0.27339478 0.41514565
  0.10337522 0.18627025 0.38647516 0.04950045 0.08625592 0.1229338
  1.00000247]
 [0.08989111 0.15449607 0.25997946 0.17025371 0.29726276 0.55465638
  0.08877574 0.16220418 0.26971922 0.05124685 0.08842606 0.12898928
  1.00000055]
 [0.11056221 0.18392974 0.24193581 0.16664118 0.28791853 0.45582365
  0.08567444 0.15305574 0.22029034 0.04487981 0.07704457 0.1125083
  1.00001287]]",[-0.05248914  0.30167215  0.53029139 -0.03695009],4,0.0707220426984117,0.018394922761836643,0.031978987117613863,0.035185107400426976,0.06403340891643478,3976.062308932189
35,"[[-0.28425708 -0.44073858  0.05822885 -0.19167546 -0.41548241 -0.01971271
  -0.34220237  0.44828636 -0.19160713 -0.13526466  0.12661447 -0.3502687
  -0.0032837 ]
 [ 0.15667495 -0.24453364  0.06887755  0.58873704 -0.30693207 -0.33373084
   0.22172223  0.03528364  0.26243283  0.10329168  0.47140612  0.06044402
  -0.0537979 ]
 [ 0.39292745 -0.56195747  0.21039724 -0.26623656 -0.16042618  0.22207284
   0.2901215   0.23821575  0.11321726  0.00927899 -0.36494534  0.22881256
  -0.01575569]
 [ 0.26509808  0.21746376  0.16253856  0.6228249  -0.26719302 -0.07605832
   0.46051801  0.1070913  -0.13425806 -0.09669119  0.33681467  0.15951739
  -0.03340923]]","['bbo_main', 'random_fill', 'random_fill', 'random_fill']","[[0.08662943 0.15003053 0.31040185 0.15527192 0.26290056 0.38541293
  0.0984464  0.18708184 0.26902697 0.04972594 0.08347722 0.11636056
  1.00000126]
 [0.09158044 0.15719955 0.22657803 0.16196519 0.27317412 0.38846226
  0.09536927 0.17379944 0.30730841 0.05364089 0.0934971  0.13514129
  0.28536558]
 [0.08990401 0.15416978 0.2473701  0.16270054 0.28157332 0.45216778
  0.09971755 0.18150918 0.26255329 0.04995147 0.08542975 0.23769462
  1.0000005 ]
 [0.09753884 0.16874279 0.29385673 0.16238266 0.2732468  0.39127537
  0.09338162 0.16527218 0.2407255  0.05258035 0.09361914 0.14812993
  0.35216219]]",[-0.26083259  0.02373886  0.12247275  0.17537829],4,0.07021510263181377,0.02231188838394824,0.037049221021403754,0.03456761615984639,0.06019200036842186,2584.698728665011
36,"[[ 0.19304806 -0.42524618 -0.350846    0.39575594  0.14793203 -0.07343161
  -0.10197087  0.33359733  0.29150378  0.07336835 -0.35374146 -0.36910027
  -0.03867476]
 [ 0.2862677  -0.38160762  0.21097167 -0.0931836  -0.39031356 -0.43008524
  -0.36150069  0.33415655  0.20729357 -0.10532638  0.234499    0.16973942
   0.04131989]
 [ 0.17479008 -0.06296692  0.2348192   0.4585121  -0.37212971  0.37552228
   0.04418258 -0.39386662  0.43476269  0.06289878 -0.09649437  0.24198114
  -0.05185353]
 [-0.0957699   0.5397042  -0.38118475  0.18344271 -0.26594012  0.169335
   0.46751129 -0.01037925 -0.055925   -0.24448357 -0.3679231  -0.06059261
  -0.0241399 ]]","['bbo_main', 'random_fill', 'random_fill', 'random_fill']","[[0.08805032 0.1507459  0.2150903  0.16873822 0.289644   0.41443726
  0.09829593 0.18510965 0.41736777 0.04788133 0.08105989 0.11544752
  1.00001706]
 [0.09298503 0.15861678 0.31452476 0.15543159 0.25781412 0.36218725
  0.09765548 0.18465384 0.29177184 0.05373047 0.09389941 0.13782307
  1.00000523]
 [0.09241947 0.15970083 0.22772972 0.16710364 0.28822003 0.4311016
  0.08976889 0.16252838 0.42824133 0.05125049 0.08833153 0.12743578
  1.00000497]
 [0.09442523 0.16294845 0.22564419 0.16548648 0.28466642 0.58458293
  0.09677475 0.17158096 0.24965664 0.04626558 0.08017293 0.1175249
  0.99999765]]",[ 0.02356888 -0.07048097  0.29064394  0.00396289],4,0.06618030543469827,0.01796310943855214,0.03141221776693267,0.03425573516793388,0.06245099395385472,3288.7799198420253
37,"[[-2.32494630e-02  4.49984875e-01  1.03154398e-02  4.81008968e-01
   3.19037593e-02 -1.56182323e-01  3.62627507e-01  1.72856049e-01
   1.76148900e-01  4.92033731e-01 -1.76053988e-01 -2.72012799e-01
  -2.44285025e-02]
 [ 1.16841110e-01 -3.17163326e-01 -4.86606388e-04 -4.30194219e-01
  -2.89697123e-01  4.73398304e-02 -4.15398294e-02 -4.22487670e-01
   1.22458222e-03  3.48856743e-01 -3.11144285e-01 -4.58201395e-01
   7.64172381e-02]
 [-4.68084068e-01  1.83808495e-01  4.69315093e-02  3.25593194e-01
   1.57535333e-01 -2.95985782e-01  2.69254899e-02 -3.46960704e-01
  -6.75734315e-02 -2.69952400e-01  2.13575513e-01 -5.30970596e-01
  -1.95405098e-02]
 [ 2.38221662e-02  5.36383952e-01  7.82605367e-02 -5.71481883e-01
   2.55990968e-01  2.80972253e-02 -2.14868307e-01  3.46961271e-01
   3.85709821e-02  9.18785340e-02 -3.69003515e-01 -6.64684955e-03
  -4.82756855e-05]]","['bbo_main', 'random_fill', 'random_fill', 'random_fill']","[[0.09584268 0.16654522 0.23542184 0.1636253  0.27730048 0.3938592
  0.10220556 0.18570043 0.40042295 0.04928243 0.08125772 0.11413179
  1.00002348]
 [0.09391755 0.15994313 0.23720942 0.15726297 0.27236192 0.46876787
  0.08675225 0.15255295 0.23560287 0.04917676 0.08008646 0.10924846
  1.00010046]
 [0.09325443 0.16696173 0.28840875 0.17139407 0.2916978  0.40667634
  0.08629864 0.15190604 0.22923832 0.04701269 0.07947266 0.1104352
  0.55351462]
 [0.10658054 0.1875561  0.31058505 0.15799334 0.27690841 0.401412
  0.09591959 0.17894227 0.26310668 0.04607958 0.07683429 0.11099101
  1.00000019]]",[ 0.19534588 -0.21339737 -0.14908322  0.14604172],4,0.0680129039730864,0.020129300106202428,0.03423892964021248,0.033884124681746626,0.05799990870884783,3522.5716162950266
38,"[[-0.31630722 -0.17138558 -0.24507796  0.27617385 -0.55579724  0.08795046
  -0.10858635 -0.17910563 -0.46407742 -0.04662088  0.34760667  0.15958518
   0.09943169]
 [-0.46882654  0.23698606 -0.0067307   0.02251023 -0.54080819 -0.40019995
  -0.18503732 -0.1160366  -0.44220213  0.15774106  0.03182694 -0.02988202
  -0.02862895]
 [-0.05873237 -0.18629492 -0.44286634 -0.21819208  0.63832584 -0.44758893
  -0.14317211 -0.24003707  0.01757364 -0.0317646   0.02155077 -0.1732774
  -0.01967842]
 [-0.25208586  0.3262844   0.18906816 -0.36522114  0.1765916   0.18670142
   0.48235493 -0.34952859 -0.4219538  -0.05841677  0.15143502 -0.18627197
  -0.02986784]]","['bbo_main', 'random_fill', 'random_fill', 'random_fill']","[[0.08897029 0.15362133 0.21858312 0.16591234 0.28339496 0.43375142
  0.08518418 0.1471205  0.21245528 0.05787297 0.10698017 0.2334506
  1.00003288]
 [0.09699809 0.17115639 0.27398283 0.15717418 0.26363512 0.37387049
  0.08726827 0.15329293 0.22332543 0.05439014 0.09460719 0.13847114
  0.65293751]
 [0.08537142 0.14494404 0.20581439 0.17260044 0.29935305 0.41623611
  0.08887212 0.16064287 0.27618212 0.05204243 0.08915653 0.12726442
  0.4690426 ]
 [0.096533   0.1701844  0.33057497 0.16747877 0.29535099 0.47139223
  0.08602458 0.14388756 0.20527695 0.05111541 0.08732874 0.12302116
  1.0000132 ]]",[-0.14459768 -0.43934921 -0.23348711  0.03473361],4,0.06664936596546585,0.028939761796717287,0.04539989621753072,0.03345190997250913,0.06053726342707133,4661.4729715480935
39,"[[ 0.21651797 -0.31728484  0.12266682  0.2892523   0.25054392  0.00307979
   0.38197177 -0.16762786 -0.49556647  0.01026328 -0.50018931  0.14299785
  -0.02497606]
 [ 0.18752105  0.33051428  0.49494091  0.44200214 -0.20036104 -0.01604752
  -0.07822006 -0.00462767  0.43422241 -0.07718541 -0.07570131 -0.40224295
  -0.08176269]
 [ 0.15845465 -0.43435066  0.10888635  0.02444517 -0.26128725 -0.25541963
   0.58886632 -0.38030519 -0.22312126 -0.00748942  0.29112159  0.11759301
  -0.02128249]
 [ 0.23589485 -0.36516061 -0.1366067   0.50766865 -0.26195616 -0.08365841
  -0.21114343  0.21456916 -0.2543429  -0.2875265   0.42080517 -0.20525424
   0.04258122]]","['bbo_main', 'random_fill', 'random_fill', 'random_fill']","[[0.09078575 0.15577178 0.28731863 0.18177534 0.31638229 0.44714892
  0.08560051 0.14307393 0.20402239 0.0485099  0.08323238 0.14921869
  0.99999902]
 [0.09623148 0.16704862 0.31068748 0.16421271 0.28113638 0.40277262
  0.09117518 0.16684015 0.26259269 0.04905715 0.08361881 0.11863987
  0.34827545]
 [0.09132054 0.156908   0.32124214 0.15832244 0.26712294 0.37777346
  0.09018575 0.15438878 0.22358331 0.05696401 0.10489797 0.17069307
  1.00000061]
 [0.08600264 0.14327642 0.20407468 0.17944395 0.29617803 0.42773751
  0.08753769 0.15759245 0.22836749 0.05435583 0.10077214 0.14118983
  1.00006302]]",[ 0.00153588  0.2566247  -0.20771286 -0.08455212],4,0.0658394107188052,0.03206651175839469,0.0492631048458944,0.03310854174826558,0.06149123614128288,3999.9069127298426
40,"[[-0.37563743  0.34720245 -0.00126214  0.30494435  0.47659447 -0.34648776
  -0.19877166  0.20952969 -0.13935533  0.40463668 -0.15052428 -0.07246019
   0.06071755]
 [-0.30056044 -0.02890724  0.06679657 -0.03593693  0.63217864  0.10245373
  -0.19491087  0.47265497  0.07124812  0.26584586  0.16798524 -0.32177803
   0.15499845]
 [-0.10116179  0.46789975 -0.48873371 -0.33992271  0.05401226  0.05081827
  -0.16707185 -0.44282987 -0.15306213 -0.21085166  0.34313645 -0.00122811
  -0.03586564]
 [ 0.43885865  0.43676893 -0.55718706  0.34481423 -0.29843811 -0.02674756
   0.00191075 -0.29013168 -0.03031992  0.03330041  0.05239604  0.09208204
  -0.00826292]]","['bbo_main', 'random_fill', 'random_fill', 'random_fill']","[[0.09142776 0.1688669  0.26249127 0.18643472 0.31178503 0.41848481
  0.0859002  0.15698162 0.2308455  0.05094695 0.08361972 0.11958892
  1.00002318]
 [0.08489406 0.1464774  0.21486005 0.18145263 0.32518706 0.49952935
  0.09541796 0.17655844 0.2608124  0.04904337 0.08116171 0.11318377
  1.00000143]
 [0.09366888 0.16069554 0.22349087 0.16677629 0.29022232 0.45357472
  0.08592077 0.15169813 0.22528609 0.05285638 0.09262358 0.13304801
  0.2096511 ]
 [0.10315344 0.17201674 0.22897146 0.16354733 0.27546374 0.40175231
  0.0856252  0.15082317 0.23040848 0.05462296 0.09812474 0.23208799
  1.00001314]]",[ 0.12813335  0.46352216 -0.16453861 -0.07425243],4,0.06350371502608412,0.028939761796717287,0.04539989621753072,0.03275114890955178,0.058914702190887125,4026.2143962420523
41,"[[ 0.48232617  0.07796265 -0.20369756 -0.35613793 -0.1556799   0.00749266
   0.31347567  0.34044179 -0.48118469  0.28423073 -0.2040452   0.02231916
  -0.00616307]
 [ 0.0032354  -0.21314052  0.14274316  0.05608949  0.575513   -0.12966979
  -0.21210886 -0.55293599  0.14517263 -0.24268309  0.3656579   0.07126815
   0.11630196]
 [-0.16196176  0.40513941  0.16046873  0.43172002 -0.29289692  0.15954352
  -0.20866386 -0.00876301  0.16168402  0.27835537  0.52297758  0.18794354
   0.17374163]
 [ 0.41649833  0.13282911 -0.12332625 -0.28423816 -0.03276486 -0.40259675
  -0.17910467 -0.08307055 -0.51287803 -0.34640377 -0.35642779 -0.02363254
  -0.01045416]]","['bbo_main', 'random_fill', 'random_fill', 'random_fill']","[[0.10493008 0.17593256 0.23831314 0.15532842 0.26923597 0.42477452
  0.09911601 0.16604628 0.22265302 0.05340624 0.0906231  0.13908751
  1.00001778]
 [0.08909349 0.1534433  0.29195265 0.18069247 0.31424404 0.43322396
  0.08374946 0.14615635 0.26625733 0.05238806 0.09356056 0.13584305
  1.0000079 ]
 [0.09525642 0.16686141 0.25491926 0.16372162 0.27904835 0.40952584
  0.08757747 0.1599407  0.25111773 0.05727964 0.10178449 0.26916243
  1.00005539]
 [0.10790295 0.18324022 0.25985035 0.15922456 0.27114124 0.38333143
  0.08552636 0.14642114 0.21091846 0.04868078 0.08433302 0.14067486
  1.00000811]]",[-0.10417544  0.23162371  0.46180711 -0.3675924 ],4,0.06287563161916561,0.030277476523643463,0.04705787985950256,0.032516292318541785,0.05939779529388567,3923.7595564350486
42,"[[-0.17138984  0.33624868  0.13593152  0.14488844  0.24658221 -0.07812721
  -0.17756675  0.62640585 -0.19834114 -0.12095887  0.52149906  0.0337594
  -0.01414933]
 [-0.2410673   0.19380761 -0.05636723  0.45460443 -0.42684825  0.01936562
   0.19873121 -0.38844555  0.1108459  -0.29226486 -0.46173612 -0.07917684
   0.06595025]
 [ 0.31008515 -0.64067667  0.05954732 -0.14270862  0.29583233  0.18459139
  -0.07782594 -0.22634843  0.03890666 -0.10864837 -0.15100512 -0.50439674
  -0.00713608]
 [ 0.48271249 -0.22476457 -0.22724482  0.54176529 -0.21371184 -0.14350142
   0.01635711 -0.5411554   0.06899612  0.04129881 -0.06186442 -0.03942428
  -0.00948857]]","['bbo_main', 'random_fill', 'random_fill', 'random_fill']","[[0.09412641 0.16668078 0.39847872 0.1659068  0.28424798 0.40250918
  0.09242251 0.1681255  0.24213447 0.05391465 0.09690608 0.13912269
  0.99999935]
 [0.09597337 0.16757326 0.23575892 0.16593416 0.27968574 0.40819699
  0.09118284 0.16223365 0.39701441 0.04533277 0.07900422 0.11528486
  0.99999888]
 [0.0891863  0.1514238  0.21999212 0.17532764 0.31210269 0.56827681
  0.0884819  0.15857476 0.24405616 0.046916   0.07912043 0.11157571
  1.00000077]
 [0.0937726  0.15721934 0.21969401 0.17227439 0.2879585  0.40246829
  0.08418    0.14568843 0.31437077 0.05231736 0.09140414 0.13274704
  1.0000369 ]]",[ 0.23220201 -0.03378875  0.00220653 -0.13994826],4,0.06586958182178898,0.029385265064608663,0.045952959402343674,0.032337936869912355,0.056344737034541646,3934.018129664939
43,"[[ 0.42269571 -0.35015294 -0.26678054 -0.30025763 -0.3861623  -0.37421375
   0.25742618  0.26254702  0.00811771 -0.20242407 -0.1611654  -0.21423376
  -0.01124865]
 [-0.38809107  0.36278149  0.05913688  0.54860865 -0.1980516  -0.00211084
  -0.05876781  0.3146497  -0.25831217 -0.25084208 -0.36834116  0.07918669
  -0.00516233]
 [-0.26972232 -0.25874619 -0.62127907 -0.09428182  0.08617836 -0.05903534
  -0.06308184 -0.01436156 -0.52669103  0.33085854 -0.18182513  0.15984851
   0.06959409]
 [ 0.20556655  0.24911677  0.23161048 -0.15228248 -0.17109356 -0.51268812
  -0.08092862 -0.49735725  0.04016619 -0.02927474  0.42906652 -0.23374925
   0.17778343]]","['bbo_main', 'random_fill', 'random_fill', 'random_fill']","[[0.09253438 0.15654529 0.22110654 0.15509094 0.26066734 0.37007172
  0.1120543  0.20378957 0.32047382 0.04935293 0.08431497 0.12048676
  1.00002852]
 [0.09354991 0.17724194 0.28708481 0.17138519 0.28968919 0.4131182
  0.08946641 0.15921797 0.22771516 0.04436857 0.07735335 0.17511955
  1.00000127]
 [0.08457836 0.14375287 0.20319993 0.17201664 0.30094075 0.43886312
  0.08718844 0.15121802 0.21775601 0.05539656 0.0957819  0.22156096
  1.00003614]
 [0.10241192 0.17829136 0.36754177 0.15687745 0.26311584 0.3711168
  0.08719014 0.15627005 0.23917288 0.05273761 0.09134556 0.13015343
  1.00009422]]",[-0.33608951  0.03585089 -0.21888014  0.00127488],4,0.05925632878169734,0.03206651175839469,0.0492631048458944,0.03192738807635833,0.058955095933381454,3494.45869104797
44,"[[-0.05277572  0.43643148 -0.13694092 -0.36678789 -0.32112774  0.16356841
   0.06627425 -0.04116578  0.01635493  0.41593923  0.18848061 -0.55492486
  -0.02742434]
 [ 0.23877294  0.00246224  0.03138089  0.29139394  0.0525191   0.40957445
   0.19439262  0.55029709  0.40225967 -0.06962752 -0.32340597 -0.26728275
  -0.0571756 ]
 [-0.37989542  0.37366487  0.09865916 -0.42671731  0.30870907 -0.39188888
  -0.21784909  0.05683455  0.16490374 -0.2492627   0.3067507   0.14937226
   0.13759714]
 [-0.40544864 -0.29243606 -0.29293447 -0.05351263 -0.59008943  0.02796003
   0.26570538 -0.10100075 -0.45622566  0.04527118 -0.14209994 -0.02088821
  -0.0284693 ]]","['bbo_main', 'random_fill', 'random_fill', 'random_fill']","[[0.09698856 0.16804618 0.23429001 0.16047147 0.27824226 0.48201843
  0.09145266 0.1644864  0.24660641 0.05121548 0.08453274 0.11698878
  0.40421461]
 [0.08985792 0.15416111 0.21992462 0.16734972 0.28864663 0.55540807
  0.09899125 0.18380728 0.29680309 0.04754953 0.08121262 0.11614321
  1.00002487]
 [0.09555643 0.16775227 0.24492889 0.15715585 0.26789457 0.37850486
  0.09284233 0.17003075 0.38682465 0.05384832 0.09551192 0.15234795
  1.00001756]
 [0.08885237 0.15370102 0.21838295 0.16288356 0.27863511 0.4462882
  0.0904141  0.15847138 0.22809697 0.0532029  0.09242793 0.13330085
  0.32254059]]",[-0.06867622  0.44212996  0.1473136  -0.42434069],4,0.05780054699634366,0.03341210851489888,0.05091320043746358,0.03158901215545629,0.057633564225199885,3394.7713921999093
45,"[[-0.19831783 -0.3560964   0.08588904 -0.08315198  0.48146398 -0.23331625
  -0.2718804   0.43444856  0.10283491  0.27804741 -0.1741383  -0.38977771
  -0.02301032]
 [-0.04570378  0.43910285 -0.09292067  0.29123041  0.00908782 -0.01319979
   0.46315103  0.17416658 -0.18039399 -0.15343267  0.61183576 -0.17727487
   0.06854042]
 [-0.29098232 -0.23174646  0.43120746  0.18689231  0.18064826 -0.14319823
   0.46717042  0.0504173   0.44341228 -0.13369351 -0.37974042  0.01363038
  -0.08914958]
 [-0.05752993  0.24311461  0.19984444  0.00217274 -0.21836628 -0.28633727
   0.38769106  0.36673969  0.22021409  0.57678404  0.19814287  0.24580266
  -0.04810646]]","['bbo_main', 'random_fill', 'random_fill', 'random_fill']","[[0.08628921 0.14893093 0.24824506 0.16905888 0.29110556 0.40655767
  0.09913696 0.19080476 0.3027843  0.04799451 0.07948741 0.11164212
  0.62654324]
 [0.09965636 0.17514235 0.2427234  0.16687078 0.28356185 0.42066624
  0.1037717  0.17549723 0.23880077 0.0548146  0.10078486 0.13893441
  1.00003143]
 [0.09021183 0.15649368 0.27704932 0.16521213 0.28410626 0.40465321
  0.09489902 0.17274346 0.27166693 0.0497054  0.08519062 0.12320241
  0.20514558]
 [0.09488396 0.16428799 0.26460309 0.15733077 0.26673467 0.38071678
  0.1003031  0.18339972 0.28139895 0.05418677 0.09365383 0.15976321
  0.52919366]]",[0.01106645 0.22813483 0.19910216 0.15218225],4,0.06396383218340192,0.04382084801939801,0.06347137804172286,0.031222035570202433,0.05442819595623977,3943.5953672491014
46,"[[-0.20967871  0.44724868  0.10254311 -0.44219078  0.05660261  0.0415776
   0.45397012 -0.35612548  0.07830034  0.28514872 -0.34968671  0.04820474
   0.00798027]
 [ 0.29815175 -0.0710123  -0.4813801  -0.3586786  -0.41755345  0.08977233
  -0.37363935  0.24485876  0.10701397  0.30711587  0.18276214  0.07112867
   0.13957105]
 [ 0.44761849 -0.09191598  0.0051113  -0.44598135  0.47826107  0.09408585
  -0.10648873  0.53523063  0.00369322  0.21836318 -0.01135267 -0.09280782
  -0.02068562]
 [ 0.36849521  0.14259332  0.09346019  0.35303402  0.17595027  0.1655075
   0.34210642 -0.25461088 -0.24276151  0.30512421 -0.05379993 -0.56134675
  -0.01604127]]","['bbo_main', 'random_fill', 'random_fill', 'random_fill']","[[0.10111177 0.18683123 0.35262874 0.15796529 0.27685478 0.40156575
  0.09093545 0.15704566 0.24160666 0.04976783 0.0836243  0.12163451
  1.00000217]
 [0.08838719 0.14755602 0.20544074 0.15639479 0.26762395 0.42447981
  0.09739156 0.18720438 0.3223083  0.05869602 0.10117815 0.14344872
  1.00002662]
 [0.09159673 0.15397933 0.21948791 0.16590743 0.29995567 0.47886821
  0.09941345 0.18332037 0.26578749 0.04959336 0.08333686 0.11891919
  0.58908386]
 [0.09961822 0.17043651 0.24645527 0.1804882  0.315039   0.51393726
  0.08536452 0.14651968 0.21402628 0.04760168 0.07940432 0.1099631
  1.0000015 ]]",[0.06409921 0.0174801  0.21766427 0.16068049],4,0.0616891043536616,0.036112412103017945,0.05420427535647621,0.030945651254383522,0.05977602144160776,3692.4310700900387
47,"[[-0.31613389 -0.26878547  0.03281354  0.61085842 -0.05271442 -0.49577232
  -0.33218147  0.27000866 -0.0136548   0.05638664 -0.1180646   0.06294121
  -0.02245081]
 [ 0.09692296 -0.24482444 -0.35753209  0.33645957  0.30250535  0.1585775
   0.2235871   0.55921589  0.07782172  0.38849864  0.05821763  0.21774912
  -0.04971319]
 [ 0.41631237 -0.23567195  0.07988087  0.37994103 -0.06960643 -0.20819663
  -0.50639968  0.35816153 -0.11779888  0.08845209 -0.39255382  0.09342632
   0.05447993]
 [ 0.38805925 -0.16529514  0.15877372  0.08425899 -0.38917815  0.22870111
   0.28774238  0.49746108 -0.00333716  0.01363192  0.470306   -0.183376
  -0.0272098 ]]","['bbo_main', 'random_fill', 'random_fill', 'random_fill']","[[0.08858094 0.15359668 0.25846225 0.16435805 0.26961536 0.3747399
  0.09479625 0.17817756 0.26367822 0.05244385 0.09028736 0.1429567
  0.54523171]
 [0.08635351 0.14760614 0.21051151 0.16932783 0.29302114 0.4411308
  0.09847363 0.18049514 0.26272096 0.05187058 0.08890058 0.16205316
  0.40473159]
 [0.09786664 0.16662214 0.31128532 0.16428793 0.27382175 0.38379002
  0.08729062 0.16502395 0.24459309 0.04886052 0.08301837 0.20461348
  1.00001663]
 [0.09254379 0.15824319 0.23686296 0.16119768 0.27557462 0.56363031
  0.1000183  0.18275934 0.26384177 0.05164741 0.08884403 0.12558698
  1.00000005]]",[-0.1583319   0.29642553  0.02121511  0.19366404],4,0.06241601154168813,0.04884719903875893,0.0694291801424882,0.030417082783139832,0.053945058911792965,4499.596506888047
48,"[[-0.4805104  -0.21323497 -0.45785674 -0.30445211 -0.04611684 -0.04076525
  -0.14403958 -0.46599722  0.0752808  -0.15591309 -0.37263027 -0.00234597
   0.10388664]
 [-0.05857083 -0.22156404 -0.18946431 -0.11075839  0.30683877  0.48290951
   0.18285686 -0.35143727  0.25830891 -0.22496742 -0.34127898  0.41882035
  -0.0761749 ]
 [ 0.09612802 -0.08827052 -0.56725314 -0.20321531  0.1809121   0.25396225
   0.27843844 -0.41227507  0.28979579 -0.31160397  0.01335696  0.29924016
  -0.06609617]
 [-0.21006253  0.38390437  0.03992302  0.55991694 -0.05292851 -0.04068493
   0.09345585 -0.32568722  0.09349196 -0.33807088  0.45268999 -0.21371998
   0.02214437]]","['bbo_main', 'random_fill', 'random_fill', 'random_fill']","[[0.08321675 0.14184221 0.20100778 0.16674674 0.29108073 0.42130611
  0.08753606 0.1564316  0.31348071 0.049191   0.08423504 0.12530475
  1.00005365]
 [0.08923409 0.15336328 0.21855659 0.16901861 0.29550141 0.60610232
  0.09005139 0.16202363 0.24222249 0.0509824  0.08788665 0.13937662
  1.00002112]
 [0.08915359 0.15280023 0.21638568 0.16751108 0.29209773 0.4521863
  0.09064503 0.16302507 0.26947982 0.05149912 0.08901667 0.14007052
  0.22226448]
 [0.09659219 0.17431463 0.24778856 0.17675716 0.29747439 0.41769467
  0.08477632 0.14862694 0.33559458 0.0491781  0.08717379 0.12329139
  1.00000128]]",[-0.24099584  0.24685627  0.05446596  0.13227672],4,0.05634829621298926,0.04884719903875893,0.0694291801424882,0.03021167334074777,0.054525389288816006,4885.21070024604
49,"[[ 4.46245942e-02 -1.23982247e-01 -3.25653948e-01  5.28266980e-03
   3.80382778e-01 -4.12243960e-01 -2.55057360e-01  4.51437240e-03
  -3.40776026e-01  4.48819697e-01  3.85039740e-01  1.72358746e-01
  -3.62947882e-02]
 [ 3.46029001e-01  4.99694296e-01 -3.79919424e-01  3.56203239e-02
   2.86341112e-01  4.49194847e-04 -7.71475186e-02  5.76198636e-03
   2.51246676e-02  6.22798131e-01 -6.13104385e-02 -5.93832847e-02
   3.45178963e-02]
 [-1.70061092e-01 -1.11443227e-01  2.16889173e-01  3.68977824e-01
  -5.01887281e-01  2.37323533e-01 -2.72576693e-02 -1.05978092e-01
   6.14306488e-02  1.23305175e-01  4.34030009e-02 -6.58182276e-01
  -3.49403300e-02]
 [-1.59943328e-01 -2.64541770e-01 -1.63831129e-01 -2.52798344e-02
   2.16374739e-02 -3.07808448e-01 -1.09711198e-01 -5.50050558e-01
  -6.29943599e-01  2.05108032e-01 -1.50031860e-01  6.39299924e-02
  -4.06797880e-02]]","['bbo_main', 'random_fill', 'random_fill', 'random_fill']","[[0.08981655 0.15432895 0.2199394  0.1674265  0.28772175 0.40425121
  0.08637525 0.15356613 0.22632499 0.05871121 0.10445711 0.19347942
  0.4920621 ]
 [0.10329002 0.17140836 0.22711249 0.17836605 0.31609139 0.44930798
  0.08585791 0.15469358 0.24938841 0.05426374 0.08861494 0.1240762
  1.00002045]
 [0.09381498 0.16318439 0.27418526 0.16581696 0.28390976 0.56210553
  0.09042044 0.16358247 0.24268543 0.04878461 0.08153017 0.11355463
  0.99999744]
 [0.09154391 0.15784137 0.22819882 0.16811743 0.29045355 0.41258054
  0.08529809 0.1467154  0.21319215 0.05349112 0.09257616 0.16122003
  0.41722138]]",[-0.15947547  0.18822022 -0.02759762 -0.45268628],4,0.055826463628338596,0.048389149978867674,0.06888867029918733,0.029974704682571848,0.05292970607301817,4452.6369302440435
50,"[[-0.04335676 -0.02371745 -0.11260853 -0.14212108 -0.5741249   0.14735375
  -0.32875945 -0.47572127 -0.24162519  0.19051806 -0.3370753   0.26392818
  -0.0315413 ]
 [-0.32349891 -0.38525711 -0.05609897 -0.34207423  0.05020717 -0.34023522
  -0.12997722  0.44979775  0.21847194 -0.19798117 -0.39707356  0.20392613
   0.05559561]
 [-0.41476947  0.00493247  0.05270791  0.01711717 -0.50327043 -0.33651082
   0.31443487 -0.02384898  0.01480222  0.29470461 -0.2662855  -0.44709208
  -0.0322941 ]
 [ 0.27282182 -0.08820103 -0.15267946  0.0831359  -0.39989235 -0.08582949
  -0.25912472  0.4671478   0.26252946  0.51506047  0.29111307  0.11995778
  -0.03958863]]","['bbo_main', 'random_fill', 'random_fill', 'random_fill']","[[0.09406018 0.16185431 0.22830864 0.16377816 0.28176413 0.42821085
  0.08603598 0.15245266 0.2243628  0.05295788 0.09196908 0.29414562
  1.00002201]
 [0.08794822 0.15132067 0.21764228 0.15934882 0.27133526 0.38402075
  0.10292727 0.1938436  0.3888584  0.05041926 0.08692387 0.14641822
  1.00000816]
 [0.09132248 0.15932861 0.26686784 0.15822143 0.26785781 0.3814795
  0.10070709 0.18057713 0.26893119 0.05023887 0.08377351 0.11737873
  0.43232623]
 [0.09068993 0.15495065 0.22066457 0.15942454 0.26955002 0.38663316
  0.09815045 0.18567246 0.40662156 0.05524945 0.09519036 0.1414939
  1.00000919]]",[-0.28541365 -0.07077736 -0.32609715  0.0512685 ],4,0.05280364454743411,0.055280956111260514,0.07697523970342553,0.02954212917469583,0.05191208229165742,3691.4234018879943
51,"[[ 0.40208741  0.05237989 -0.10362384 -0.32648401 -0.41135128 -0.32265719
  -0.36209872  0.07038333  0.01084422 -0.13470081  0.53226758  0.0803664
  -0.02891511]
 [-0.07853592 -0.04846122 -0.45637035  0.47238002 -0.61956576  0.11458811
  -0.18203383 -0.11783597  0.09187757  0.25268013 -0.14801461  0.04986798
   0.13917317]
 [-0.13257975 -0.08524474 -0.50303894  0.01753477 -0.55922316  0.05041259
  -0.38473262  0.11199849  0.1439416  -0.3642552  -0.21532763 -0.21440965
  -0.01506489]
 [-0.53681304 -0.13978469 -0.24204234  0.09119938  0.08687261 -0.18209785
   0.36417496 -0.05595992 -0.37431876 -0.06910829 -0.33497057 -0.41845577
   0.12933594]]","['bbo_main', 'random_fill', 'random_fill', 'random_fill']","[[0.09916615 0.1693351  0.23636645 0.15517505 0.26212816 0.37301631
  0.09037116 0.16456528 0.24881191 0.057214   0.10356745 0.1857693
  0.68313929]
 [0.08585548 0.14593583 0.20502591 0.16418192 0.27606955 0.52558127
  0.08982793 0.16685965 0.26310041 0.05354837 0.09160358 0.13238909
  1.00003415]
 [0.08753404 0.14864594 0.20846141 0.162162   0.2746179  0.41218221
  0.09802292 0.18796447 0.37997142 0.04791435 0.08215438 0.11739764
  0.99999898]
 [0.08380572 0.1452548  0.20971021 0.18039368 0.30988997 0.44679027
  0.09410163 0.16039167 0.22900676 0.04568605 0.07683445 0.10946604
  1.00001051]]",[-0.23044237 -0.00673325 -0.29643718 -0.15982949],4,0.05680028663387143,0.05712590275608106,0.07912452402200336,0.029556883923023223,0.055017738240187325,3764.040244318079
52,"[[ 0.04866077 -0.19654374  0.01901038 -0.06905552  0.51682892 -0.44904977
  -0.22852329  0.17748364 -0.20556314  0.25439744  0.49471252 -0.22261391
  -0.01094362]
 [-0.07114048 -0.46668686  0.14614356 -0.53804266  0.50614671  0.08448645
   0.35997536 -0.09408887 -0.12745198 -0.10622155 -0.15247474 -0.11343941
   0.02988412]
 [ 0.32579389 -0.14187051 -0.18409317 -0.26025727  0.35521624  0.03520213
  -0.20984457  0.08931123  0.12251463 -0.18523827  0.72574751  0.12889223
  -0.00567813]
 [ 0.43371561  0.33589569  0.0028895  -0.04162718 -0.65115037 -0.0760037
   0.24520738 -0.39047048  0.01172004 -0.14146708 -0.08988968 -0.16134553
  -0.026337  ]]","['bbo_main', 'random_fill', 'random_fill', 'random_fill']","[[0.08997753 0.15485342 0.26267598 0.16739827 0.28553881 0.39092622
  0.08594727 0.15469373 0.22593583 0.06452757 0.11094756 0.14978349
  0.96676203]
 [0.08768312 0.14956411 0.32695131 0.17091639 0.31533948 0.45533206
  0.09172681 0.15892171 0.22951753 0.04811561 0.08224752 0.11718994
  1.0000027 ]
 [0.08846755 0.14956724 0.21109176 0.1662136  0.29086735 0.41711549
  0.08846716 0.16083052 0.27278219 0.05875633 0.11414476 0.21564607
  1.00000351]
 [0.10675281 0.18308893 0.27588256 0.15627198 0.26471538 0.38314725
  0.09052543 0.16080361 0.24665508 0.05025128 0.0860096  0.12262616
  0.58918731]]",[-0.0718443   0.06561435  0.16678106 -0.18724263],4,0.05670064218257772,0.06128697223522057,0.08395047109351546,0.029171211319740903,0.05016256498800692,4520.470599797089
53,"[[ 0.50018923  0.43499585 -0.33565365  0.04541391  0.3728508   0.04513506
  -0.14916205 -0.14532268  0.09542883 -0.15224082 -0.43985199 -0.18820053
  -0.01635585]
 [-0.42731235  0.20817974 -0.03609661 -0.21585208  0.25735426 -0.01634074
   0.48386474  0.05695911 -0.13428455  0.4177666   0.04378961 -0.47571494
   0.03897578]
 [ 0.01330484 -0.44280074  0.16828992 -0.33621556 -0.02424446  0.2267122
   0.33405415 -0.4316475   0.26147898 -0.20670644  0.1009811  -0.43575762
  -0.03618606]
 [-0.33183844 -0.66325478  0.20315902  0.29061567  0.2972337   0.10033956
   0.21532497  0.07282092  0.21152187  0.04311059 -0.14834926  0.223789
   0.23552625]]","['bbo_main', 'random_fill', 'random_fill', 'random_fill']","[[0.10200616 0.1706498  0.23165983 0.17981276 0.31666816 0.45019006
  0.0862559  0.15587268 0.28566058 0.04391846 0.07406886 0.10664969
  1.00002614]
 [0.08681454 0.15308771 0.22166954 0.16819901 0.30177813 0.44660952
  0.11007721 0.18659635 0.25857399 0.04851777 0.07858248 0.10576611
  1.00003829]
 [0.09005058 0.15495704 0.22730135 0.16693018 0.29097829 0.43773087
  0.09199166 0.16427416 0.41711071 0.04896058 0.08335303 0.11786859
  1.00001921]
 [0.08479827 0.14715892 0.2436268  0.17229818 0.29818644 0.42426868
  0.09454645 0.17186276 0.26926238 0.05094817 0.08767589 0.24968922
  1.00000157]]",[ 0.11010119  0.06237247 -0.0134696   0.47544872],4,0.05552873685657522,0.06406820075620355,0.08716058484549065,0.029031065206296346,0.0477045863747361,4137.155850321986
54,"[[ 0.61864485 -0.37372469 -0.0720789   0.32001586 -0.09997481  0.04276392
  -0.22921016  0.2296602   0.00388696  0.33907657 -0.07574239 -0.36331844
   0.01314689]
 [ 0.39275514  0.38785363  0.22125455 -0.30387861 -0.16940177  0.25944507
   0.08855859 -0.30074771  0.16106764 -0.09480505  0.12620573 -0.55521655
  -0.02434275]
 [ 0.03816824  0.17535057 -0.13544216 -0.19851006  0.46767458  0.12384114
  -0.07996958  0.05627464 -0.40837801  0.36430775  0.584111    0.01453715
   0.1598021 ]
 [-0.14970037 -0.6301624   0.13558583  0.42685287 -0.04845597  0.13161913
  -0.08976616  0.34489855 -0.23157469  0.36848134 -0.05217531 -0.18185391
   0.08952799]]","['bbo_main', 'random_fill', 'random_fill', 'random_fill']","[[0.09100806 0.14806986 0.20769947 0.17721932 0.2997115  0.47407349
  0.09566363 0.18573294 0.27569239 0.04821572 0.07849266 0.10637203
  0.99999758]
 [0.10210483 0.17506553 0.2735545  0.16318252 0.28236511 0.54735255
  0.08938392 0.16096215 0.24357466 0.0481929  0.08123948 0.11397944
  1.00000154]
 [0.0897133  0.15322311 0.21804467 0.17395575 0.31405507 0.49591225
  0.08437805 0.14331856 0.20659703 0.05969295 0.10321305 0.1454332
  1.00001399]
 [0.08348513 0.14324816 0.30536346 0.17996957 0.30891373 0.475332
  0.0906638  0.16327509 0.23579126 0.05110505 0.08584431 0.12092579
  1.00002573]]",[0.03971971 0.12991088 0.3354183  0.13851347],4,0.056121722370613164,0.06825003763378722,0.09196575871008174,0.028882308598840764,0.04753021209765161,3907.7496033371426
55,"[[-0.1731009   0.11728841  0.08799     0.61150544 -0.06649184 -0.18264567
  -0.16384808 -0.18209517 -0.56694841  0.19844694  0.32642842  0.09086594
   0.03448332]
 [ 0.38860282 -0.55199098  0.01486465 -0.14465015 -0.32591068  0.07004767
  -0.28593516  0.37089056 -0.23879323 -0.10027625  0.35229569  0.03008627
   0.02471918]
 [-0.38111168  0.03086177 -0.01998728  0.11318914 -0.30084625 -0.59427279
  -0.42392805 -0.30129489  0.10259     0.13358761  0.30832984  0.05006885
  -0.0219865 ]
 [ 0.05277343 -0.00907162  0.04239177 -0.49825331 -0.01551145  0.18121191
   0.50510347 -0.4480657   0.11004864  0.08856831  0.47427826  0.11094354
  -0.03008514]]","['bbo_main', 'random_fill', 'random_fill', 'random_fill']","[[0.09559697 0.16777715 0.28346868 0.17082609 0.29000068 0.40874336
  0.08357514 0.13911998 0.19570777 0.05769885 0.10385574 0.158933
  1.00003178]
 [0.0893629  0.14951082 0.22096086 0.1573678  0.26876899 0.45332085
  0.09188736 0.16644511 0.2387655  0.05927354 0.11329413 0.16598609
  1.00003652]
 [0.09449941 0.16421539 0.24085648 0.15712866 0.2586577  0.3616261
  0.0881087  0.16010997 0.29586454 0.05929744 0.10520547 0.15378215
  0.99999849]
 [0.09244191 0.15879145 0.22668374 0.1614272  0.281424   0.48891244
  0.09069234 0.15937949 0.24549102 0.05625705 0.10014254 0.1434806
  0.48994743]]",[-0.01710926 -0.08099454 -0.33986311  0.07191595],4,0.050257376102390935,0.06778482131075662,0.09143241842804097,0.028779390400767126,0.052078175362557155,3676.755127402954
56,"[[-0.15146545 -0.50034569  0.39702477 -0.31802888  0.12588401  0.07524778
  -0.29288822 -0.31429318 -0.16316241  0.409097    0.04368753  0.24947039
  -0.06117397]
 [-0.16819901 -0.08610654  0.06154474  0.16051084 -0.26004738  0.0317737
   0.73813388 -0.10841436 -0.30021055 -0.27131614  0.30013876 -0.23126773
   0.04697775]
 [ 0.04546428 -0.39613575 -0.07594399 -0.20503737 -0.57497935  0.0054614
   0.00365187 -0.53231132  0.11139231 -0.2313042  -0.31498513  0.1070717
   0.05110809]
 [ 0.28542614  0.0922342  -0.06337375  0.60008944 -0.45862414  0.09103939
  -0.26094672 -0.4312037   0.10516465  0.21548808 -0.12065822 -0.02736104
  -0.02110321]]","['bbo_main', 'random_fill', 'random_fill', 'random_fill']","[[0.09022743 0.15586678 0.41657608 0.16644246 0.28901877 0.41518196
  0.08720269 0.15657325 0.2319902  0.0529963  0.09123715 0.13428109
  1.00004255]
 [0.09011113 0.15796703 0.33128146 0.16345062 0.27727536 0.413429
  0.09749376 0.15975928 0.21963582 0.04998091 0.08714326 0.1234723
  1.00020285]
 [0.0904513  0.1556743  0.22281688 0.15702424 0.26770598 0.38931886
  0.08872306 0.15841041 0.3439106  0.05159118 0.09007804 0.16176169
  1.00000106]
 [0.09786503 0.16801576 0.23493597 0.1675527  0.28433213 0.44216289
  0.08485338 0.15142162 0.26821965 0.05162839 0.0878549  0.12558498
  0.38068863]]",[-0.02618523 -0.02137012 -0.27604139 -0.03123302],4,0.05466183867479454,0.07992243496141789,0.1052572669670207,0.02832050360934351,0.04995813461137934,3415.947218467016
57,"[[ 0.28886288  0.41968485  0.02224457 -0.30139762 -0.13299714  0.06439312
  -0.29553875 -0.20090945 -0.43276414 -0.28725652  0.46590367  0.05454657
   0.09850066]
 [-0.46338389  0.46080626 -0.28919006 -0.31932029 -0.37333167  0.05589922
  -0.25113982 -0.15046279  0.13203822 -0.09758231  0.24812391  0.09584425
   0.24782474]
 [-0.1001546  -0.35135808 -0.23784314 -0.43806174 -0.17828285 -0.16322085
  -0.23788782  0.19361671 -0.64870981 -0.13623711 -0.02058421 -0.08405085
   0.13664557]
 [-0.15350602  0.33332037 -0.15221752 -0.23403486  0.07431702  0.0029232
  -0.05416546  0.33906121 -0.60334925 -0.15064302  0.41224711 -0.32716207
  -0.01601993]]","['bbo_main', 'random_fill', 'random_fill', 'random_fill']","[[0.10625181 0.18342866 0.25634001 0.16146381 0.279055   0.44442275
  0.08399935 0.14070117 0.20123477 0.05488117 0.09984952 0.14468358
  1.00005198]
 [0.09290115 0.16184936 0.22536309 0.15762469 0.26900532 0.3954473
  0.08961746 0.16326746 0.38433865 0.05562932 0.0994115  0.15364534
  1.00000094]
 [0.09112432 0.15591911 0.22430304 0.16019584 0.27759043 0.4095165
  0.08632357 0.14569085 0.20416179 0.05489952 0.0967846  0.1501306
  1.00002276]
 [0.0974271  0.16891985 0.23538187 0.16714126 0.29330997 0.45507204
  0.0861987  0.14412143 0.20017221 0.05227626 0.08977754 0.1257094
  0.6736879 ]]",[ 0.05318866  0.1231679  -0.31397623 -0.10983023],4,0.05271983628741021,0.0841425479312939,0.11002415633012548,0.028044500792440512,0.047144496445730544,3775.419980006991
58,"[[ 0.25904372  0.24849726 -0.02479861  0.23133519  0.34088438 -0.49699329
  -0.21552615 -0.21160099  0.10168629  0.05760462  0.25063436 -0.53488382
  -0.00261777]
 [ 0.38831757  0.11121716 -0.09516249  0.2152972   0.30630633 -0.52982294
   0.33360563  0.27767462  0.16471463 -0.04761173  0.37831725 -0.21340852
  -0.02084861]
 [-0.12105789 -0.20373691  0.06327499 -0.16791599 -0.06603448 -0.15611639
   0.05839495  0.66151446 -0.55244077  0.33881963  0.13715339  0.05391658
  -0.01359881]
 [-0.36889732 -0.33774609 -0.52412721  0.25917051 -0.16706897 -0.08499399
   0.01783405  0.08389953  0.14679961  0.29620277  0.47492306 -0.17234043
  -0.03051414]]","['bbo_main', 'random_fill', 'random_fill', 'random_fill']","[[0.10676298 0.1817952  0.25203578 0.16709414 0.27758348 0.38133479
  0.08728232 0.15957424 0.30630902 0.04958125 0.08210244 0.11284447
  1.0000603 ]
 [0.09550847 0.16321888 0.22995554 0.16101128 0.26722905 0.3703818
  0.10649355 0.19501978 0.36264269 0.0512416  0.08834796 0.12502032
  1.00000546]
 [0.08943471 0.15523736 0.28450887 0.15672079 0.26761713 0.38117542
  0.10161059 0.17637348 0.23843144 0.06024283 0.10546023 0.15772781
  1.00002288]
 [0.08329375 0.14226208 0.20233379 0.16599423 0.28316335 0.4054576
  0.0983331  0.18331754 0.31851668 0.05569705 0.09639436 0.13468402
  0.62955238]]",[-0.05063352  0.08650585 -0.10727907 -0.13982457],4,0.05132133957189278,0.07617889842513985,0.10101235550856949,0.028069242966156933,0.04819901888314257,3455.6278932329733
59,"[[-0.16286399 -0.07982555 -0.01160753 -0.54058868  0.38139649 -0.0663546
  -0.31664425 -0.30494369 -0.03357384  0.30524007 -0.47486717  0.10711528
  -0.01845768]
 [-0.2044926   0.53306948 -0.13026632 -0.12170941 -0.12767146  0.37835606
  -0.3363887   0.21185151  0.12887629 -0.00911725 -0.20026153  0.50915998
  -0.0932989 ]
 [-0.11511508 -0.17919252  0.19339876  0.28049288  0.35616829 -0.2559247
  -0.08245299 -0.6553773   0.29863684  0.07114733  0.3360642   0.00682643
  -0.05153995]
 [-0.23453025  0.43429152  0.12915447 -0.16365742 -0.13207939  0.26261183
   0.26888143  0.43895902 -0.01819402  0.42715088 -0.41631416  0.05429267
  -0.04975492]]","['bbo_main', 'random_fill', 'random_fill', 'random_fill']","[[0.09052709 0.15567539 0.22444024 0.16766619 0.29904026 0.42644254
  0.0854277  0.15049211 0.22877648 0.05186676 0.08728434 0.19202364
  0.49004004]
 [0.09265506 0.16064488 0.22720228 0.16573424 0.28683899 0.4344062
  0.08975497 0.16301556 0.24173054 0.05151003 0.08873418 0.18394955
  0.24098309]
 [0.09044881 0.15660266 0.23556262 0.16819714 0.28904497 0.40878502
  0.08819822 0.15913165 0.30536049 0.05234285 0.09096244 0.1317813
  0.2847506 ]
 [0.09449541 0.16454051 0.23436817 0.16323727 0.28215788 0.46606013
  0.09518503 0.17151789 0.24966953 0.05032498 0.08503666 0.12325142
  0.21648784]]",[-0.12937334  0.23309094  0.05273729  0.21633192],4,0.053393501522956174,0.08696076464258835,0.11319727364335573,0.02783499762742607,0.04771598231354593,3123.141423576046
60,"[[ 4.39208935e-01  1.92450748e-02  1.78422488e-01  7.17325955e-01
   6.74272323e-04  1.75556320e-01  1.47557368e-02  3.77059093e-01
   1.03524989e-01 -1.86639586e-01  1.00787311e-01 -1.74477544e-01
  -3.11449283e-02]
 [-6.69381542e-02 -3.29593918e-01 -4.41963001e-01  2.31307806e-01
  -6.62423241e-02  1.60837553e-01  5.24088763e-01 -1.04256285e-01
   5.43874026e-02  1.39433466e-01 -2.74175073e-01 -4.73526655e-01
  -2.14061831e-02]
 [ 3.85375807e-01  9.60642582e-02  1.79281219e-01  5.31928707e-01
  -7.30579824e-02  2.15063214e-01 -3.38286484e-01  2.40476956e-01
   1.94904284e-01  7.06451355e-02  4.65774263e-01  2.08043441e-01
  -1.02235761e-02]
 [ 3.77062103e-02  5.56792170e-01 -3.62174723e-01  1.32352557e-01
   3.51919824e-01 -5.07191456e-01  2.70132997e-01 -5.55295142e-02
   1.71391612e-02  2.42564892e-02 -2.09401286e-01 -4.64898705e-02
   1.89300182e-01]]","['bbo_main', 'random_fill', 'random_fill', 'random_fill']","[[0.09523296 0.16328431 0.27400598 0.17484853 0.2975503  0.45720615
  0.09347779 0.17251637 0.25474215 0.04658969 0.08039177 0.11476298
  0.52021372]
 [0.08405118 0.14274519 0.20198549 0.17280533 0.29975346 0.52078437
  0.10277859 0.18163292 0.27111231 0.04680382 0.07842009 0.11078031
  1.00003103]
 [0.09511518 0.16350859 0.23371274 0.16771048 0.2867813  0.57260248
  0.08839716 0.16382678 0.25301132 0.05387295 0.09559343 0.14601158
  1.00000055]
 [0.10318922 0.17611098 0.23905988 0.16298997 0.26840161 0.36592452
  0.10270693 0.18210824 0.2970988  0.0480142  0.08223244 0.12098745
  1.0000257 ]]",[ 0.35572965 -0.07723302  0.41295679  0.13615045],4,0.050187582724652346,0.10346916289898156,0.13163831303152188,0.02715496242505597,0.053226265094146366,3147.475185523974
61,"[[ 0.3731444   0.09237574  0.23555986 -0.44445099  0.37148616 -0.50416026
  -0.09648555 -0.29112889 -0.28641516 -0.06531352 -0.1315795   0.08918456
  -0.03732652]
 [ 0.25054725  0.35751693 -0.67049102 -0.27251541  0.09669487 -0.12827393
  -0.20504717  0.17993143 -0.18042894 -0.17987475  0.31404504 -0.12735183
   0.07489194]
 [-0.5666355  -0.25884811  0.00544876 -0.05993593  0.05223933 -0.200219
  -0.29905563 -0.19342493  0.00932834 -0.38543961  0.52415082 -0.12307066
  -0.01022768]
 [-0.37014623 -0.10006269  0.21004548  0.56693352 -0.07815527  0.16256237
  -0.2129358   0.04071879 -0.3604863  -0.08062125  0.15183798  0.48584456
  -0.11118542]]","['bbo_main', 'random_fill', 'random_fill', 'random_fill']","[[0.10194388 0.17546725 0.39103106 0.16032174 0.27319912 0.38505791
  0.08583934 0.15113215 0.22288603 0.05168927 0.08970974 0.13337919
  0.99999864]
 [0.0921749  0.14796052 0.19790028 0.16206266 0.28230589 0.4213134
  0.09007243 0.1628558  0.23828522 0.05680024 0.10469478 0.14896537
  1.00001297]
 [0.08251398 0.14320678 0.25517763 0.16439747 0.27758412 0.38963701
  0.08614508 0.15550509 0.24298928 0.05614835 0.10872088 0.15472287
  1.00001667]
 [0.09042765 0.15639779 0.23056443 0.16783165 0.2890053  0.41814504
  0.08896776 0.16028754 0.23617475 0.05211427 0.09080673 0.17531571
  0.15630502]]",[-0.17426663 -0.0811843  -0.2032984   0.119673  ],4,0.05173395883906992,0.09968614694399688,0.12743288748841541,0.027297968751339403,0.046266006586872216,4995.010558365146
62,"[[-0.06589866  0.40463088  0.03517049  0.23560131  0.30978233  0.1705114
   0.42406798  0.2559337   0.19883914  0.11180993 -0.59203034  0.04249175
  -0.02161921]
 [-0.10904873 -0.29505098 -0.16289514 -0.57921239  0.1405574   0.10866832
  -0.11074885 -0.2749324   0.06649221  0.17029191  0.58469701 -0.21052706
  -0.00061409]
 [ 0.07188661 -0.2082779   0.3855416   0.32350149  0.13162091  0.26867193
   0.01386861  0.35100246  0.38074779 -0.42383617  0.13929043  0.37143587
  -0.05727954]
 [-0.41208814  0.03137841 -0.44328031 -0.06591745 -0.60751179 -0.13141099
  -0.20443691  0.11428326 -0.18163187 -0.16884817 -0.33389193  0.117111
  -0.02151811]]","['bbo_main', 'random_fill', 'random_fill', 'random_fill']","[[0.09254137 0.16074214 0.22682785 0.16914826 0.29414082 0.43895476
  0.1018506  0.18297137 0.38619318 0.04576131 0.07767952 0.11290042
  1.00000492]
 [0.08581615 0.14467673 0.20576144 0.16477157 0.29675192 0.51973355
  0.08731405 0.15553049 0.24683635 0.06046005 0.10328899 0.14034516
  1.00001434]
 [0.08994739 0.15476233 0.37273022 0.1670456  0.28795851 0.41784673
  0.09378528 0.17332706 0.29192386 0.05062449 0.0878568  0.1335853
  1.00000094]
 [0.08986347 0.15489482 0.21783552 0.15878436 0.26862118 0.38964283
  0.09452491 0.17217999 0.25026036 0.05254259 0.09096236 0.18906727
  0.51064055]]",[ 0.38185489 -0.07830072  0.47854816 -0.42678589],4,0.050837457250647644,0.10820531235618504,0.1368877145011335,0.026736077482641125,0.04598263542138783,3825.71598352585
63,"[[ 0.4066528  -0.42066246 -0.12061696 -0.50401909  0.08432797 -0.0894206
   0.45355486 -0.17159579 -0.12551471 -0.20225376  0.21265563 -0.19211091
  -0.00624336]
 [-0.46414172  0.0711468   0.11042989 -0.33959978 -0.63281818  0.08506844
  -0.33518839  0.0918213   0.00705823  0.25122412 -0.24071707  0.02619839
   0.04141835]
 [-0.26946571 -0.22247227 -0.35748148  0.34200368 -0.32832368  0.035081
   0.40967008  0.30170179 -0.28978058  0.36811192  0.20549545  0.03367355
   0.04911914]
 [-0.05904111 -0.51132856  0.08799086  0.24545769 -0.18374076  0.15108535
   0.45209077 -0.18999791  0.05171314  0.22467635 -0.53784431  0.11096006
   0.12349219]]","['bbo_main', 'random_fill', 'random_fill', 'random_fill']","[[0.09106877 0.14716056 0.2072186  0.15695161 0.28211913 0.41687625
  0.10523078 0.17630728 0.24977255 0.05224266 0.09053191 0.12711965
  1.00001535]
 [0.09184837 0.16312555 0.35972074 0.15354341 0.260304   0.39334557
  0.08985811 0.16532322 0.2446384  0.05306156 0.0902668  0.12966257
  1.00001702]
 [0.08278614 0.13993921 0.19713286 0.16578899 0.28153243 0.44554009
  0.10396531 0.18142606 0.25229926 0.05992252 0.10539838 0.15047003
  1.00000095]
 [0.08728841 0.1508475  0.22219746 0.16950518 0.29250797 0.59190919
  0.0956909  0.16949803 0.24815903 0.04920047 0.08341237 0.12841905
  1.0000197 ]]",[-0.1783135  -0.1515029  -0.02189555  0.14237974],4,0.054488677902225446,0.11484893023408255,0.1442238663747318,0.026600363097929212,0.04490601569190994,4157.713328605983
64,"[[-0.05682037 -0.33039465 -0.60301153  0.13075344  0.04643696  0.24266143
  -0.18828974 -0.51500028  0.14432868  0.01538919  0.27113368  0.22459175
  -0.01223326]
 [-0.15091146 -0.43912151  0.04986858  0.57061233 -0.11451203  0.08746222
  -0.22000743 -0.30463814 -0.13203058 -0.27942351  0.3655444  -0.01765985
   0.25475139]
 [-0.00063416 -0.48709611  0.09041958  0.50524048 -0.33770714  0.19873278
   0.4614239  -0.12046753  0.1941294   0.11446819  0.21498408  0.14598484
  -0.00302351]
 [-0.18495346  0.00406079 -0.50609936 -0.31882359  0.07780342 -0.39705529
  -0.16545843  0.37557888 -0.03788362  0.03539058  0.37181411 -0.36643283
  -0.02533787]]","['bbo_main', 'random_fill', 'random_fill', 'random_fill']","[[0.0847005  0.14355963 0.20223362 0.17267368 0.30068234 0.54302459
  0.08729596 0.1566711  0.23966606 0.05484884 0.09695678 0.15684637
  1.00000068]
 [0.0847532  0.14672858 0.21841482 0.18622952 0.31667668 0.49791367
  0.0835855  0.14516774 0.2144788  0.05304518 0.09696745 0.13930714
  1.00007801]
 [0.08735154 0.1507525  0.2171176  0.16727244 0.28597348 0.57222829
  0.09563365 0.17196265 0.27729262 0.05259099 0.09225554 0.13363055
  1.0000004 ]
 [0.08883241 0.15206011 0.21465769 0.15937099 0.27133548 0.38485728
  0.10148376 0.19011892 0.29061977 0.0532259  0.0908114  0.12714179
  0.47701837]]",[-0.01828812  0.22922448  0.16738375 -0.28638384],4,0.048421021281567826,0.12007894665586583,0.14997795365740238,0.026326671010575866,0.04629367999181966,4078.5009729759768
65,"[[-0.29801835  0.41166467 -0.40845084  0.1005781   0.36304112 -0.33828604
  -0.11177238  0.27548992  0.02220899 -0.38451055 -0.28575654 -0.01060359
  -0.00585891]
 [-0.18933125 -0.16296291 -0.0203795  -0.41355262  0.48615709  0.09969585
   0.23065355  0.3899001   0.17017884 -0.18354816 -0.4597103   0.20140844
  -0.00973973]
 [-0.07375783 -0.09141467 -0.18715908  0.04732443  0.12680976 -0.42187126
  -0.40159191  0.23918258 -0.26468609 -0.3056577  -0.44454733 -0.41614378
   0.04594824]
 [-0.30793183 -0.19465483  0.20458889 -0.41507645 -0.14855371 -0.04445995
   0.03157927 -0.56806945  0.22010238 -0.32637124 -0.32805979  0.20385724
  -0.03539965]]","['bbo_main', 'random_fill', 'random_fill', 'random_fill']","[[0.08625843 0.14942896 0.20882036 0.17071058 0.29036191 0.40084812
  0.10421268 0.19903249 0.32116091 0.04366646 0.07682349 0.11582183
  1.00002519]
 [0.08732526 0.14983583 0.21474018 0.16705782 0.29294341 0.42190085
  0.10319358 0.18843246 0.28728528 0.0467099  0.0804906  0.23687855
  0.99999903]
 [0.09433648 0.16088373 0.24878535 0.16642372 0.28034818 0.39261494
  0.08936359 0.16484396 0.24328341 0.04293626 0.07144092 0.10284055
  1.00005254]
 [0.09044272 0.15759322 0.28094558 0.16156493 0.27808454 0.39701326
  0.08908026 0.16027604 0.37536617 0.05048979 0.08776827 0.13755188
  1.00001734]]",[-0.05801729  0.20861912 -0.29301588 -0.18531842],4,0.050282876939794004,0.12770099770307594,0.15833277924676376,0.026273427958558096,0.04805137634685147,3886.111822914798
66,"[[-0.15164048  0.0761766   0.24339595  0.05563655  0.55963378  0.29072486
  -0.30385065 -0.4484042  -0.20559972 -0.00607422 -0.36657004  0.19651614
   0.04962356]
 [-0.0839265  -0.05548492  0.06561707  0.64179549 -0.0383499   0.05836302
   0.00302    -0.42717022 -0.21125898 -0.48606619  0.32251517  0.02520266
  -0.02771876]
 [-0.06127786  0.32525221 -0.27242033  0.268215    0.21638836 -0.01933682
   0.62991855 -0.13312755 -0.07295293  0.40982928 -0.08351743 -0.00435974
   0.31985841]
 [ 0.25730169 -0.29157642 -0.00701214 -0.30501606  0.36568979 -0.26413244
  -0.24756899  0.09609384  0.040759    0.40019387  0.28635771 -0.39233431
   0.2897107 ]]","['bbo_main', 'random_fill', 'random_fill', 'random_fill']","[[0.09250699 0.16046418 0.25792712 0.17923349 0.31619575 0.53827809
  0.08416967 0.146262   0.21486745 0.0494205  0.08486919 0.12613858
  1.00000681]
 [0.09007573 0.15611403 0.2569082  0.17990968 0.30607232 0.44303742
  0.0841461  0.14547118 0.21396331 0.05085568 0.09128317 0.13242629
  0.51699168]
 [0.08650307 0.14945249 0.20812809 0.18685505 0.32377843 0.46405504
  0.09714692 0.16103335 0.23128034 0.05200819 0.08726583 0.12802317
  0.9999959 ]
 [0.0915548  0.15396311 0.22256291 0.16185343 0.28129738 0.39128041
  0.09194003 0.17870578 0.31958671 0.05872798 0.09422935 0.12230952
  1.00001848]]",[0.31205608 0.01685983 0.45402588 0.22690716],4,0.04931216317771664,0.13725148325473785,0.16875338740721638,0.025941309190435576,0.04460208320763008,5363.891729380004
67,"[[-0.29838515  0.67259288 -0.25775675 -0.35583556  0.26633261  0.0148208
  -0.15952449 -0.05785299  0.0151947  -0.05427695  0.1818004  -0.35923465
   0.01738099]
 [ 0.35389293 -0.04792004  0.23801887 -0.19641963 -0.26930194 -0.18566104
   0.28303019  0.06258033  0.23608865 -0.22513339  0.08806555 -0.68691503
   0.01353377]
 [ 0.20055319  0.11052406  0.19744327 -0.50188325 -0.32272001 -0.45907849
   0.0859387  -0.14521466 -0.22622689  0.33452969  0.04916792  0.38303788
   0.03307522]
 [ 0.19130214  0.24494747 -0.27325598  0.3162965   0.35398132 -0.44288122
   0.47415721  0.13369455 -0.29503707  0.04514643 -0.24866677  0.11550477
   0.01686695]]","['bbo_main', 'random_fill', 'random_fill', 'random_fill']","[[0.10148243 0.17699555 0.23878464 0.16640075 0.30699341 0.46969392
  0.08653463 0.15467795 0.23852277 0.04726865 0.07830669 0.10646986
  1.00000623]
 [0.09719665 0.16714779 0.33999421 0.15807247 0.26891948 0.38228046
  0.10077316 0.18391353 0.30301804 0.0472793  0.07955564 0.11116805
  1.0000031 ]
 [0.09696524 0.16774186 0.2515453  0.15805389 0.26887171 0.38267506
  0.09038994 0.16156234 0.23861872 0.05457224 0.09538902 0.28423516
  1.00000239]
 [0.09598311 0.16496381 0.23015482 0.16703608 0.28203096 0.39054378
  0.09718716 0.16898427 0.24072079 0.05024143 0.08666905 0.25369043
  1.00005504]]",[ 2.84043685e-02 -2.20280465e-02 -1.58901596e-01  1.19723052e-04],4,0.050460545605485324,0.14347204578329323,0.17551403474233115,0.025842384788610177,0.04414790898202793,3918.067791900132
68,"[[-0.17015934  0.40214462  0.06811084 -0.39230276 -0.18825311  0.13020624
   0.43494117  0.58830279 -0.09681338 -0.15435341  0.03772088  0.16775106
   0.01889389]
 [-0.22058554  0.3443781   0.35765283  0.24979263 -0.1142618   0.35779866
  -0.04621881 -0.53966252  0.27722342 -0.00363478 -0.10783949  0.34058142
  -0.05912094]
 [-0.2727753  -0.09806197 -0.30072904  0.48671475 -0.10101139  0.07480714
   0.58809033 -0.08747598  0.10907817 -0.29636922 -0.32395139  0.11626791
  -0.03392791]
 [-0.09444572  0.28883682  0.32033326 -0.44998019 -0.29918832  0.28457799
  -0.36326376 -0.29959522  0.26078129 -0.01776282 -0.12956927  0.35264149
   0.02957998]]","['bbo_main', 'random_fill', 'random_fill', 'random_fill']","[[0.09474705 0.16539882 0.23382564 0.15577646 0.26678719 0.41332105
  0.11002164 0.19351798 0.27180231 0.05021379 0.08785459 0.21112161
  1.0000144 ]
 [0.09501175 0.16549239 0.28151109 0.16725012 0.28928739 0.46839362
  0.0874418  0.15731629 0.23870112 0.05128174 0.0884829  0.13383422
  0.43505655]
 [0.08614922 0.14944728 0.21331741 0.17091733 0.293279   0.42574712
  0.09949331 0.17638482 0.29222672 0.04756926 0.08249192 0.12865724
  0.3693574 ]
 [0.09569135 0.16659052 0.27243248 0.16248632 0.28028647 0.41351863
  0.08839602 0.16067838 0.24418995 0.05181114 0.08968221 0.28117396
  0.99999969]]",[0.19405946 0.30039746 0.0196701  0.18667708],4,0.0483535219009365,0.14203567533735093,0.17395474143991954,0.025667602549042635,0.047970055796022204,3036.6413115879986
69,"[[-0.20711942  0.21595817 -0.17630506  0.18367744 -0.75239237  0.18347323
  -0.21192567  0.24924824 -0.02713702  0.1948795   0.31404928 -0.0186731
  -0.03404093]
 [ 0.44369272 -0.03209466  0.08918389 -0.40876316 -0.48745372  0.08864994
   0.37640058 -0.09672437 -0.43135277 -0.12159391  0.00082322  0.1414846
   0.09845711]
 [-0.10942859  0.27292585  0.04178968  0.32898613  0.61924079  0.05535039
   0.11127204 -0.21947816  0.16359701  0.5296769  -0.02883205  0.2011271
   0.08876184]
 [ 0.10366801  0.51138928 -0.04778132 -0.45961955 -0.30626558  0.20700257
   0.01879848  0.09588273  0.19266802  0.20271043 -0.49374592  0.13797097
   0.16423069]]","['bbo_main', 'random_fill', 'random_fill', 'random_fill']","[[0.091649   0.15804089 0.223375   0.16081589 0.27179955 0.45900255
  0.09348673 0.17109312 0.2510734  0.05482027 0.09504678 0.13430272
  0.31875369]
 [0.10340947 0.17581162 0.26701737 0.15607684 0.26775069 0.41401963
  0.0876873  0.14908824 0.21333449 0.05287197 0.09333384 0.20155928
  1.00004073]
 [0.08968698 0.15515991 0.22192859 0.18094834 0.31568963 0.44439235
  0.08661115 0.15530819 0.24727601 0.05218557 0.08902848 0.24154024
  0.99999729]
 [0.09961937 0.17108314 0.23762701 0.15853535 0.27369691 0.55264625
  0.09444167 0.17308614 0.26952479 0.04989782 0.08451208 0.12348029
  1.00002351]]",[-0.07178795 -0.04636941  0.4998426   0.2641313 ],4,0.04801871123815313,0.14107837741041104,0.17291493017974632,0.02551668794109773,0.04229170728386944,3375.7803986000363
70,"[[ 0.35865435 -0.09175234  0.10131286  0.12538296  0.20805483 -0.59186915
   0.24741069  0.4324268  -0.0241755  -0.34863128 -0.17897793 -0.20118675
  -0.02291416]
 [-0.4078321  -0.146193   -0.30135068 -0.19371595  0.42280799  0.02746295
  -0.31031882  0.46194741 -0.36958587 -0.10427197 -0.0910521   0.03382105
   0.19454506]
 [-0.21006847  0.54706516 -0.12402688 -0.16076417  0.15468085  0.19794722
  -0.20178132  0.22164496 -0.29048781 -0.26983248  0.53892072  0.12036542
   0.01719274]
 [-0.111131    0.18173637  0.21626931 -0.14430082 -0.08495517 -0.61367795
   0.28669367  0.37128906  0.12088839  0.00953302 -0.49277213  0.15809308
   0.02524168]]","['bbo_main', 'random_fill', 'random_fill', 'random_fill']","[[0.09704875 0.16604968 0.28885748 0.16052565 0.26588773 0.36813811
  0.10943166 0.19789002 0.28409787 0.04600564 0.07991116 0.11544855
  1.00000042]
 [0.08257877 0.14047173 0.20011196 0.1818537  0.32857521 0.49963978
  0.08807054 0.15695115 0.22629877 0.05080603 0.08744031 0.13042102
  1.00000985]
 [0.09435668 0.16373781 0.22958672 0.16705889 0.29125584 0.57797578
  0.0861984  0.15269477 0.22179967 0.05381863 0.09693425 0.14855692
  1.00001842]
 [0.09615703 0.16635121 0.32893791 0.15579989 0.259018   0.36346016
  0.10404553 0.18951271 0.27942132 0.05010763 0.08575389 0.12876834
  1.00000059]]",[-0.06430962  0.1501348   0.19869502 -0.03905763],4,0.047560956718002645,0.15354041524986187,0.18641531051233504,0.025409818772987237,0.04405609422219639,4977.696690774057
71,"[[ 0.17230499  0.25468688  0.06864203 -0.38328297 -0.37764858  0.11261753
  -0.1246456   0.04214406 -0.12348642 -0.26252722  0.655972   -0.25771752
  -0.01808849]
 [-0.14281542 -0.03828469  0.16654593  0.40327944  0.10247436  0.04071247
   0.44660423 -0.43893832  0.1109716  -0.14219869 -0.5711745   0.15713175
  -0.00443127]
 [-0.28363248  0.17253578 -0.13562451 -0.11971732  0.31109111 -0.24105879
   0.34756326 -0.26496243 -0.13285219  0.17513378 -0.17790796 -0.6564689
  -0.01553182]
 [-0.00462314 -0.0254645   0.04472927 -0.16122122  0.571979   -0.13469007
  -0.0812659  -0.26650464 -0.18085643 -0.34577873 -0.52839791 -0.32277507
   0.112902  ]]","['bbo_main', 'random_fill', 'random_fill', 'random_fill']","[[0.10469885 0.18154402 0.26856624 0.1550771  0.26503122 0.483192
  0.08799916 0.15771627 0.23182245 0.05466957 0.09693299 0.13456578
  1.00003389]
 [0.09081875 0.15814472 0.38676198 0.1743183  0.29899134 0.42283653
  0.09036962 0.15951058 0.24191914 0.0466132  0.08059545 0.1295704
  1.00001831]
 [0.09448674 0.16475828 0.24097467 0.16972207 0.29502942 0.41672911
  0.09307011 0.16099022 0.23885328 0.04617133 0.07586846 0.1044282
  0.52290965]
 [0.09544079 0.16372599 0.27254853 0.18132845 0.32148758 0.45007549
  0.08463315 0.14629628 0.21664451 0.04388709 0.07446671 0.10721356
  1.00000699]]",[-0.05888405  0.12399761 -0.18417658  0.04033558],4,0.049287076889862856,0.146825523455877,0.17915043900404273,0.025163677439946207,0.04533558972644704,3441.3312530480325
72,"[[ 0.27419311 -0.30364651 -0.47959677 -0.36201591 -0.05575071 -0.20115865
  -0.22148152  0.06547924 -0.14896184  0.17667773 -0.40046638 -0.40090184
  -0.01155628]
 [ 0.32870293  0.2555986  -0.11766707 -0.38609316  0.08347335  0.1421559
  -0.13688797 -0.29567613  0.0262769  -0.47626919 -0.5223241   0.17278138
  -0.01314545]
 [-0.0884326  -0.35068779  0.01234041  0.48850745  0.21081609 -0.35333063
   0.28291375  0.22139961 -0.41902098  0.23019101 -0.14018769 -0.00959311
   0.28939749]
 [ 0.26170536 -0.20880957  0.06095025  0.28198751  0.69946486 -0.20355094
  -0.20168206  0.31540992  0.0808633  -0.18020105 -0.03750394  0.10266014
   0.28788348]]","['bbo_main', 'random_fill', 'random_fill', 'random_fill']","[[0.09084353 0.14846938 0.20624807 0.16258262 0.28186932 0.40489085
  0.09527089 0.17552321 0.2696846  0.04932785 0.08056119 0.11283277
  0.82499851]
 [0.09933583 0.16944053 0.23465756 0.16622285 0.29141506 0.44769555
  0.08693751 0.15582117 0.23309563 0.04626608 0.08052829 0.26023399
  1.0000009 ]
 [0.08594912 0.15023017 0.25253813 0.18180414 0.3033338  0.41273781
  0.09261013 0.15593728 0.21553558 0.05269407 0.09071239 0.13435364
  1.00000229]
 [0.08743816 0.1495951  0.21960681 0.18634367 0.31941542 0.43682899
  0.09131551 0.17245961 0.26647751 0.04748677 0.08214138 0.17384182
  1.00010325]]",[-0.40320468 -0.0119874   0.20769267  0.5437298 ],4,0.046252682293965675,0.15546084147230796,0.1884891022477613,0.025167208536105982,0.04402367884650252,5313.65685327095
73,"[[-0.06518655  0.27629821 -0.50622811  0.15001374  0.10754859  0.04464986
  -0.1922161   0.12082338  0.66267629  0.19149036 -0.02319136 -0.07488672
  -0.30590698]
 [ 0.23162709 -0.03076478 -0.18848346  0.24951961 -0.27272503 -0.24768527
   0.25083503  0.61840707  0.28031391 -0.2994607  -0.17013254  0.2592534
  -0.04619431]
 [ 0.24733432  0.59304672 -0.43583802 -0.17777021  0.01467945 -0.13603729
   0.19531639  0.11097095 -0.00706815  0.52603005 -0.1343581   0.03396772
  -0.02039957]
 [ 0.01432762  0.02524459 -0.30246378 -0.09689452  0.2088292  -0.19285664
  -0.15786696  0.16508984  0.59887152  0.19859058 -0.18392663 -0.4642495
  -0.34331134]]","['bbo_main', 'random_fill', 'random_fill', 'random_fill']","[[0.09060505 0.15631114 0.22249428 0.16707758 0.28847196 0.41330268
  0.0907387  0.16463804 0.27952547 0.05152375 0.08854663 0.12670212
  0.05842973]
 [0.08975051 0.15391689 0.21940089 0.1601603  0.27011687 0.38518358
  0.10557262 0.19596728 0.35850638 0.05016995 0.08708513 0.14337149
  0.80434796]
 [0.10034484 0.17039914 0.23302044 0.15748307 0.26908714 0.38535264
  0.09797425 0.1772894  0.26118684 0.05364916 0.09068773 0.14119995
  0.37251871]
 [0.09095657 0.15687114 0.22374577 0.16691908 0.28809252 0.41131799
  0.09082855 0.16469073 0.27485622 0.05143477 0.08832472 0.12608054
  0.0468391 ]]",[ 0.16732799  0.06392769 -0.00195657 -0.00093899],4,0.04848108481619057,0.16266962310769267,0.1962586374931187,0.02511526757659744,0.04234681533260155,3423.08991760388
74,"[[-0.24896405  0.3125757  -0.4360665   0.41181497  0.06629838 -0.05237716
  -0.35334804  0.34077652  0.0121058   0.29792877 -0.10751748 -0.36281238
  -0.01856147]
 [-0.45793919  0.18099485  0.1968398  -0.06279525  0.30890847 -0.17039284
   0.19615257 -0.49980394 -0.09312416  0.49948047  0.16681685  0.12208145
  -0.03494051]
 [-0.33942964 -0.30302871  0.44565682 -0.12936416 -0.03189219 -0.15732234
  -0.38573107  0.29520561  0.27288659  0.10331111  0.0235133   0.47475613
  -0.0694785 ]
 [-0.08559068  0.16105858  0.28040165 -0.07830419  0.320502   -0.72339001
  -0.39988489  0.10891645  0.2224288  -0.11756325 -0.13194352  0.03652569
  -0.04640557]]","['bbo_main', 'random_fill', 'random_fill', 'random_fill']","[[0.08579198 0.14870756 0.2094887  0.17879018 0.30269682 0.42636061
  0.09497012 0.18303831 0.28310062 0.04886258 0.08045292 0.11253489
  0.62891816]
 [0.09303197 0.16415974 0.31966288 0.1667535  0.28758847 0.40564385
  0.08576177 0.15026978 0.22375857 0.05510874 0.09556822 0.1388004
  0.48603874]
 [0.0901426  0.15625915 0.27965926 0.16314669 0.27971586 0.39864362
  0.09219086 0.16998403 0.25544708 0.05234157 0.09093985 0.2720464
  1.00004322]
 [0.09617437 0.16676731 0.32936925 0.16071136 0.2715095  0.38103128
  0.09162948 0.1692299  0.26481252 0.05114351 0.08820339 0.1283179
  0.53440371]]",[-0.00921294  0.02359011  0.10548974 -0.08728617],4,0.05018263561296798,0.16988932752942168,0.20401724929092,0.024756917860592146,0.04208884710300293,3857.080291542923
75,"[[-0.09467637 -0.18178513  0.08946944 -0.0525137   0.40791634  0.0580258
  -0.32638876 -0.45466972  0.10882672  0.59440267  0.04840928 -0.31058622
  -0.01568823]
 [ 0.41801541  0.08069535  0.20295001 -0.30380253 -0.37913469 -0.08251529
  -0.05919766 -0.11777072 -0.15793363 -0.2395915  -0.55548962 -0.3536429
  -0.03689665]
 [ 0.20159278 -0.2024947  -0.33596626  0.25173586  0.56373171  0.23563199
   0.13104682  0.27332259  0.19587272 -0.39228136 -0.22109478  0.18911506
  -0.00440486]
 [-0.46391518 -0.31409519  0.11231981 -0.20386923 -0.35440277 -0.09652908
   0.26834785  0.06645561 -0.33839048 -0.09768663 -0.35446931 -0.41286842
  -0.02104278]]","['bbo_main', 'random_fill', 'random_fill', 'random_fill']","[[0.08765901 0.15086106 0.25121286 0.18288347 0.32660279 0.46252602
  0.08355735 0.14553589 0.25933663 0.05180096 0.08522725 0.11809232
  1.00001778]
 [0.10269301 0.17626297 0.34392146 0.15935897 0.27120542 0.39136859
  0.08931441 0.16062084 0.23742968 0.04674855 0.07940243 0.11329599
  0.74124418]
 [0.08452737 0.14305076 0.20256734 0.18197373 0.3184806  0.52880587
  0.09474176 0.17218309 0.26496465 0.04712864 0.08165042 0.12246244
  1.00000559]
 [0.08972791 0.15680625 0.33353958 0.15968241 0.27198145 0.3929613
  0.09457239 0.16637756 0.2394497  0.04680077 0.07891625 0.11164759
  0.77081706]]",[ 0.05454338 -0.2410065   0.36355873 -0.35974621],4,0.049235508680591386,0.1785666768144914,0.213313878704988,0.024498273989217657,0.04392064944682553,3884.21624245611
76,"[[ 2.20179018e-01 -3.07024479e-01 -4.66009743e-02  5.53648333e-03
   6.31416092e-01 -6.02886579e-01 -1.53777605e-01  2.75935778e-02
   3.97758758e-02 -1.35636966e-01  2.20117657e-01  4.87565396e-03
  -5.68680853e-03]
 [-2.61903267e-01 -1.24674901e-01 -2.65080641e-01  2.24541954e-01
   8.76581192e-02  1.79072219e-01 -3.03644658e-01  1.83907868e-01
   2.99151628e-01  3.48011565e-01 -5.39960693e-01  3.56486920e-01
  -1.26017806e-02]
 [-3.01587111e-01 -1.54261445e-01  1.56810415e-01  4.74044161e-01
  -3.30977471e-01  1.68422390e-01 -8.95819015e-02 -2.82671854e-01
  -5.51751811e-01  2.45854603e-01 -3.70308366e-02  2.09415686e-01
  -8.87590982e-05]
 [-9.57007328e-02  4.28797170e-01  2.78794241e-02  5.32419643e-01
   3.75870464e-01 -3.24534399e-01  1.17428134e-01  4.15212785e-02
  -4.08829218e-01  2.00511219e-01 -2.20930380e-01  6.36716919e-02
  -2.00364273e-02]]","['bbo_main', 'random_fill', 'random_fill', 'random_fill']","[[0.08975217 0.15265453 0.21908752 0.16856722 0.27882441 0.37447072
  0.09290309 0.17342302 0.30759857 0.05512274 0.10069514 0.14458734
  1.00000246]
 [0.08840861 0.15202055 0.2161459  0.16808343 0.29002802 0.42033232
  0.09192526 0.17062976 0.27009109 0.05130331 0.08783536 0.2981614
  0.99999994]
 [0.09020547 0.15701683 0.25114234 0.17031597 0.29207596 0.44880948
  0.08438857 0.14303474 0.2051146  0.05369192 0.0939261  0.22309262
  1.00000155]
 [0.1004103  0.17753415 0.26640343 0.1801877  0.3042508  0.41860257
  0.08475669 0.14263258 0.2020805  0.05044833 0.086215   0.14347492
  0.98955361]]",[-0.07365252  0.18741228 -0.05719979  0.06202221],4,0.051955245458425905,0.16555622386633545,0.19936336329699914,0.024537574487261113,0.043595939907722064,4264.839738132898
77,"[[-0.25875651 -0.44613388 -0.49624004 -0.33302333  0.06132273  0.16937688
  -0.30092554  0.32830299 -0.23494181 -0.1298816   0.00148058  0.26572451
  -0.05817454]
 [-0.30210261 -0.4637005   0.10292138  0.05261435 -0.54258368  0.06578197
  -0.37841293  0.22505575  0.07193838  0.30279349 -0.23270845 -0.19074864
  -0.01966552]
 [ 0.37100384  0.6743278   0.18624709  0.08660294  0.12102874  0.12506918
   0.12597838  0.03764807 -0.04017478  0.48726186  0.28023255  0.01470089
  -0.00934869]
 [-0.14496618 -0.43357034 -0.06808818 -0.35141934 -0.36806232 -0.20378926
  -0.09648229  0.30261879 -0.03774766  0.2149122   0.45200196  0.01098856
   0.36461549]]","['bbo_main', 'random_fill', 'random_fill', 'random_fill']","[[0.08823956 0.15139381 0.21491998 0.16758614 0.2919283  0.44124413
  0.09030126 0.16324547 0.24006126 0.05228201 0.09015079 0.17517478
  0.25635803]
 [0.08681908 0.15028335 0.29845465 0.15901099 0.26900198 0.39597071
  0.09342602 0.18035874 0.27623947 0.05071221 0.08442751 0.11854201
  0.71608389]
 [0.10534481 0.18313486 0.3754432  0.16509594 0.28531754 0.41850775
  0.08678167 0.15444301 0.22828822 0.05321713 0.0909173  0.12908749
  1.00001371]
 [0.08801686 0.15120482 0.22071434 0.15442357 0.26144449 0.37410053
  0.10237341 0.18801346 0.27267032 0.06207079 0.10912709 0.15857928
  1.00001171]]",[-0.16520075 -0.19261564  0.38520651  0.14567588],4,0.04542998775105035,0.1848425299371954,0.22001923196194184,0.024444839828424658,0.04414119473603867,3019.4060085790697
78,"[[-0.21401276  0.00644814 -0.40610785  0.26978528 -0.39953536  0.06961063
   0.37804819 -0.36947988  0.07381212  0.03804839  0.11554896 -0.50202132
  -0.01632308]
 [-0.39813812  0.13768656  0.15841536  0.26124815  0.54800267 -0.3259445
   0.24783874  0.33054273  0.19260425 -0.29340981  0.09316242  0.1417062
   0.00274904]
 [-0.1551572   0.01892025  0.01397325  0.00592338 -0.50329627  0.01805916
  -0.23990662  0.2323255  -0.36270015  0.12591814  0.24946447 -0.63286211
   0.00453801]
 [-0.32845964 -0.29851178 -0.32701016  0.50513813 -0.08341944 -0.16593254
  -0.4349591   0.4363492  -0.0345462  -0.11531914 -0.00969229  0.10537869
   0.03364219]]","['bbo_main', 'random_fill', 'random_fill', 'random_fill']","[[0.08536772 0.14605603 0.20526764 0.1675582  0.28638015 0.47109866
  0.09470358 0.16659636 0.28250899 0.04929986 0.08189198 0.11212614
  0.79200182]
 [0.08839432 0.15360121 0.25861306 0.16712197 0.28628176 0.39958301
  0.10111296 0.18673316 0.38674127 0.04916092 0.08614056 0.13232771
  0.99999754]
 [0.09763409 0.1718181  0.27881755 0.15743665 0.26590137 0.42121947
  0.08748502 0.15425193 0.22024586 0.05076166 0.08300415 0.11076846
  1.00000306]
 [0.08206757 0.13902987 0.197859   0.171928   0.29089847 0.40793952
  0.09660637 0.18868963 0.28144307 0.05185209 0.09021429 0.19971421
  1.00005013]]",[-0.19988779  0.27359802 -0.23678906 -0.05984194],4,0.0459703581551206,0.18339361287196076,0.21847248604820016,0.02425001262552028,0.04199145261710574,3443.0041866130196
79,"[[ 0.54368268 -0.20584832 -0.36056179 -0.30920611 -0.25188596  0.01233176
  -0.47256675  0.18535607  0.07844718 -0.00207541 -0.32230081  0.0704181
  -0.01236058]
 [-0.18421505  0.42135864 -0.28659037  0.04510113  0.51731104 -0.07557122
  -0.2305258  -0.10278509 -0.04309028  0.17664622  0.57800421 -0.00226119
  -0.0130492 ]
 [-0.47710348  0.09500395  0.09443738  0.06716693  0.4506423  -0.01137478
   0.13514077 -0.07468708  0.07076032  0.47817706  0.5213463  -0.11993843
   0.05495575]
 [ 0.10126205  0.27012413  0.02526079 -0.26224085 -0.30950658  0.00970535
  -0.51178708  0.63931544  0.09265661 -0.2297007   0.04352828 -0.13234083
   0.00868095]]","['bbo_main', 'random_fill', 'random_fill', 'random_fill']","[[0.09158933 0.15006016 0.20674868 0.15751808 0.27004104 0.39515008
  0.0952061  0.18837172 0.34330844 0.05127298 0.08722603 0.1451797
  0.99999934]
 [0.08827264 0.15185004 0.21383411 0.18095424 0.31741151 0.44442091
  0.08392761 0.14706442 0.22242582 0.06037804 0.1083825  0.15861574
  1.00001122]
 [0.08454676 0.14867067 0.27268529 0.1802517  0.3166178  0.44344203
  0.08779537 0.15586851 0.24481249 0.06069807 0.10276182 0.13967423
  1.00000188]
 [0.10038723 0.17036213 0.23791569 0.15549409 0.26441971 0.38560587
  0.09937902 0.19957665 0.33881852 0.04811801 0.08252266 0.11745959
  0.99999784]]",[-0.18099252  0.14107086  0.28763154  0.03712104],4,0.04628284145964259,0.19402770769703073,0.2298065859944907,0.024183136139515206,0.04342923012517097,4880.142233016901
80,"[[-0.48450987  0.17862223  0.01393305 -0.47299715 -0.23845669 -0.04026816
   0.01135701 -0.38668117 -0.02576413  0.34248983  0.27503831 -0.29857481
   0.13613725]
 [ 0.27806368 -0.50866968  0.10700354 -0.43522496  0.40308967 -0.01971419
  -0.24045719 -0.08655242  0.14060161  0.13229405  0.39479375 -0.202884
   0.02428514]
 [-0.28988136  0.01886506 -0.01835277  0.63042582 -0.36408622 -0.05731214
  -0.13561442  0.006606    0.02956157  0.54224691 -0.19137624 -0.00370994
   0.17893231]
 [ 0.16149984  0.53912157  0.01385835  0.09317277 -0.14257033 -0.08589468
   0.42007804 -0.20616676 -0.47591455 -0.44668099 -0.01926104  0.00905426
  -0.0353056 ]]","['bbo_main', 'random_fill', 'random_fill', 'random_fill']","[[0.09328119 0.1723167  0.2918188  0.15398676 0.26393139 0.38561988
  0.08557096 0.14831677 0.22909781 0.05905929 0.09906284 0.13467946
  1.00005163]
 [0.08948806 0.1521486  0.24341037 0.16598564 0.29359393 0.4194547
  0.08846806 0.16155017 0.40297338 0.05362045 0.09132919 0.12725708
  1.00000878]
 [0.08640124 0.15294618 0.22148954 0.1695895  0.2728867  0.38353485
  0.090619   0.17066144 0.30287711 0.06096291 0.10051531 0.14120547
  1.00003003]
 [0.1030108  0.17925852 0.26786007 0.16440926 0.28202618 0.40648744
  0.0867995  0.1495282  0.21682192 0.0499856  0.08786114 0.13045151
  0.44558965]]",[-0.08052616  0.07439031  0.14937859 -0.07893922],4,0.04413028001250463,0.20128944139776142,0.23752316641209076,0.024068029259554726,0.041565040452547164,2840.2942636490334
81,"[[ 0.46370847 -0.06838325  0.0635176   0.148532   -0.0201588   0.01598868
   0.50237272  0.30693035 -0.20428185  0.30572446 -0.27483911 -0.44291295
   0.00695685]
 [-0.25311681  0.37073264 -0.43147136  0.11721659  0.11812438 -0.14321368
   0.54424094  0.09630602  0.04274646  0.16160337  0.47135375  0.09166298
   0.01122411]
 [ 0.08141616  0.23741916  0.08113908  0.32019834 -0.18800095  0.09815893
   0.34549609  0.55123248 -0.26418101  0.29316332  0.4015975  -0.20542161
  -0.02176629]
 [-0.09832386 -0.16986302 -0.09505141 -0.06402179 -0.2550945  -0.1185769
   0.610844    0.39101808 -0.06237447 -0.28401494  0.50039724  0.08236233
   0.03808129]]","['bbo_main', 'random_fill', 'random_fill', 'random_fill']","[[0.09985756 0.16964832 0.28447973 0.16444522 0.28356996 0.41361931
  0.11004448 0.19007442 0.26290246 0.04469189 0.07341496 0.1015672
  1.00001603]
 [0.08614773 0.14834546 0.20804678 0.16175362 0.27436884 0.38940177
  0.10647719 0.18742786 0.27438889 0.05895933 0.10741137 0.20079259
  1.00003709]
 [0.09562733 0.16636952 0.25795155 0.16203823 0.27563799 0.43264224
  0.10220788 0.18088466 0.25237219 0.05262515 0.08960968 0.12530589
  0.42957682]
 [0.08796184 0.1512383  0.21681614 0.15661034 0.26580982 0.38168354
  0.11457407 0.20116706 0.28305297 0.05433873 0.09916934 0.17789426
  1.00009292]]",[0.09346972 0.11654242 0.19542068 0.03988006],4,0.043693407670152895,0.20128944139776142,0.23752316641209076,0.0239177028144789,0.04389992224742187,3268.0560848421883
82,"[[ 0.21357297  0.2169208  -0.19191612 -0.23348612 -0.3732822  -0.50220444
  -0.00265656  0.02137123  0.01302779 -0.44444764 -0.2268363   0.41359848
  -0.06123621]
 [-0.26614048 -0.24983387 -0.29633246  0.28702172  0.26817934 -0.30766567
  -0.03384983 -0.49608057  0.02773039  0.50643996  0.08358193  0.13595441
   0.00422727]
 [ 0.40485464 -0.08541594  0.11478658  0.46866862  0.34259342  0.3041386
  -0.18933667  0.15366215 -0.03963223  0.29514787 -0.39494462  0.28224868
  -0.04807373]
 [ 0.57661336  0.10139396 -0.15831411  0.05070965  0.18747098  0.0997617
   0.37181298  0.0394886  -0.06209729  0.36695806  0.54527018  0.01000956
   0.0936238 ]]","['bbo_main', 'random_fill', 'random_fill', 'random_fill']","[[0.09595753 0.16541678 0.23334852 0.1600551  0.27110151 0.38518338
  0.09312781 0.16828666 0.25552438 0.05207499 0.09051823 0.29812566
  1.00004434]
 [0.08449669 0.14497653 0.20705846 0.17295972 0.29534091 0.41158617
  0.08576388 0.15149539 0.23876271 0.06040544 0.10542034 0.22559883
  1.00005883]
 [0.09042847 0.15489543 0.22225154 0.17654183 0.30663866 0.58465499
  0.0874839  0.1583515  0.23368811 0.05036796 0.0858217  0.14160866
  1.00001169]
 [0.09565144 0.16107002 0.22258309 0.1669978  0.2939786  0.48621292
  0.09126106 0.15838989 0.23168933 0.06336247 0.11210567 0.15553212
  1.00003137]]",[-0.29534991 -0.11498398  0.38587237  0.35369582],4,0.042295691005451996,0.20419658873066146,0.2406073446245766,0.023842546901359743,0.041296194323329496,2723.969374487875
83,"[[ 4.67601522e-01  1.17881558e-01  1.21183407e-01  2.58088988e-01
  -5.35689891e-01  2.23499690e-01  4.65186316e-01 -8.05803579e-03
   2.46484467e-01 -1.51536064e-01 -7.71862903e-02  2.06682863e-01
  -1.96239557e-02]
 [-3.35820394e-01  6.55545447e-01 -4.93854222e-02 -1.91746955e-01
  -1.70823005e-01 -3.47476596e-01  2.39699285e-01  3.22987411e-01
  -2.40298952e-01  1.02408763e-02  1.91735958e-01 -1.09409901e-01
  -4.99504292e-04]
 [ 9.24225735e-02  5.63327279e-01 -2.53479796e-01  5.23712336e-01
  -3.07760910e-01  8.39358419e-02  2.72881346e-01 -9.24949493e-02
  -2.56084442e-02  2.80898219e-01  2.65331761e-01  2.89669693e-02
  -3.55641689e-03]
 [ 4.53764394e-01  3.37438953e-02  2.42651188e-02 -3.20032926e-01
  -1.10065242e-01 -2.00074872e-01 -1.65946023e-01  1.20608743e-04
   1.73528702e-01 -4.65784240e-01 -4.71176644e-01 -3.74014945e-01
  -3.61271107e-02]]","['bbo_main', 'random_fill', 'random_fill', 'random_fill']","[[0.09626847 0.16575531 0.2331511  0.1610668  0.27285197 0.41583141
  0.09700396 0.17531757 0.41422673 0.05065324 0.08809874 0.12946512
  1.00000259]
 [0.10174835 0.18325175 0.27010609 0.15423393 0.25624893 0.36203195
  0.1023871  0.18019118 0.25542655 0.05264521 0.09068833 0.13070412
  1.00015999]
 [0.10245846 0.17508867 0.23700262 0.16358629 0.27388741 0.49305135
  0.08907216 0.15540229 0.22980962 0.05954762 0.10462814 0.14914855
  1.00000031]
 [0.10025792 0.17118083 0.24020519 0.16133551 0.27427054 0.39145241
  0.09464733 0.17367169 0.30903813 0.04606653 0.07881917 0.11254414
  0.45941979]]",[ 0.2196236  -0.10203305  0.14009041 -0.18238566],4,0.04934088590837332,0.21147041483122775,0.24831183215316216,0.023711044681482083,0.04267579560565869,3454.9630370968953
84,"[[ 3.60973598e-01 -4.64759471e-01  1.03042433e-01  4.59755394e-01
   1.28985508e-01 -2.26307916e-01  4.94064123e-01  1.47768492e-01
  -1.73096666e-01 -5.65543165e-02 -2.34050672e-01  9.79847300e-02
  -1.93633751e-02]
 [ 1.15928809e-01 -3.24501570e-01 -1.83501988e-01 -3.12580212e-01
  -1.03578927e-01  1.49241337e-01 -2.15787547e-01 -4.16157675e-01
  -6.57354649e-01 -1.25777423e-01 -1.71618704e-01  1.40492999e-01
  -6.85613709e-04]
 [-1.88055546e-01  4.29176200e-01  2.47912032e-02 -1.64277798e-01
   3.42158088e-01 -5.72368910e-02 -1.56944382e-01  7.10380328e-01
   2.99693235e-02  2.84362879e-01  2.95033898e-02  1.43264380e-01
  -8.09895190e-03]
 [ 9.10298065e-02  4.03621833e-01  3.82343177e-02 -6.41922512e-02
   5.45421691e-01 -4.74085848e-01  1.92469756e-01  2.94744084e-01
  -2.25282115e-01 -3.29988824e-01  1.25869833e-01 -3.81323489e-02
  -1.08463162e-02]]","['bbo_main', 'random_fill', 'random_fill', 'random_fill']","[[0.08936119 0.15331081 0.30135217 0.16939877 0.28854661 0.40253222
  0.10126564 0.17737245 0.25116566 0.04756827 0.08226783 0.1373229
  0.59758719]
 [0.090315   0.15456355 0.21954474 0.16793926 0.29628631 0.50472601
  0.08399927 0.13925811 0.19812902 0.05243763 0.09074348 0.15079938
  1.00000177]
 [0.09264429 0.16102566 0.22850765 0.16239147 0.28000333 0.39828124
  0.10048501 0.19341129 0.28439903 0.05197225 0.08843629 0.24235821
  1.00000283]
 [0.1063502  0.18662421 0.29436958 0.16293534 0.27167232 0.37237598
  0.09841474 0.17303573 0.24512026 0.04762907 0.08414647 0.12409426
  1.00001629]]",[ 0.02876559 -0.29581889  0.27784153  0.05145813],4,0.04881967856868376,0.2221535864867505,0.25959685327075455,0.023508140295697623,0.04037334838968709,4111.659009997034
85,"[[ 0.40059275 -0.31104514 -0.41565242  0.05298361  0.25142737  0.12074656
   0.46341591  0.08421139  0.2325675   0.45285616  0.08206082  0.00551819
  -0.04037415]
 [-0.4175208   0.35805544  0.39884244  0.06417271 -0.24486845  0.3346329
  -0.28974993  0.16736825  0.40452609  0.15180465 -0.09574389 -0.22462638
  -0.06373737]
 [ 0.07024539 -0.03012569 -0.51989619 -0.11960624  0.15738617  0.08699907
  -0.18776406 -0.42496638 -0.02644191 -0.40593602 -0.54315113 -0.02131159
  -0.02046334]
 [ 0.66963502  0.38005254 -0.16406223  0.028927   -0.00494231  0.0692022
   0.09814844  0.29841435  0.06602581 -0.01391848 -0.23998606 -0.44574971
   0.12271493]]","['bbo_main', 'random_fill', 'random_fill', 'random_fill']","[[0.08691271 0.1459962  0.20609295 0.16767765 0.29242216 0.42610118
  0.09936454 0.17996077 0.32514625 0.05197098 0.08868896 0.12648415
  0.51376097]
 [0.09427056 0.16446315 0.29278054 0.16404602 0.28201979 0.41466953
  0.09240478 0.17032232 0.38314492 0.04983461 0.08458063 0.12008215
  1.00000912]
 [0.08717684 0.14585305 0.20431174 0.17711667 0.31592745 0.51098633
  0.08534521 0.14928156 0.22600152 0.04572599 0.0795664  0.11740855
  0.97940609]
 [0.10565029 0.17662482 0.24084482 0.16360151 0.28112273 0.44898154
  0.10175159 0.18817605 0.27986476 0.04359344 0.07248941 0.10092599
  1.00000722]]",[ 0.18518838  0.28201177 -0.20126017  0.2771183 ],4,0.04272217394127892,0.22847439287976976,0.2662572514232108,0.02341200736653386,0.042130021068373213,3993.143527485896
86,"[[ 3.51759515e-01  4.20382136e-01  9.37147987e-02 -1.93319207e-01
   1.70653204e-02  4.18499375e-02 -1.40152584e-01 -4.49262472e-02
   1.15421816e-01 -2.98302435e-01  7.11648483e-01  7.29680784e-02
   1.24944488e-01]
 [ 4.71238078e-03  3.72493627e-01 -3.79773619e-01 -4.68692528e-01
  -1.22817327e-01  2.20643246e-01 -1.48289976e-01  1.16419036e-01
   3.97125543e-02  5.86197411e-01 -5.17361287e-02  2.22466901e-01
  -2.53400115e-02]
 [-1.03017336e-01 -1.31947080e-01  3.68204916e-01 -2.95622742e-01
  -3.02487399e-02  4.39009866e-01 -2.02704681e-01  3.31536486e-01
  -1.56196549e-01 -2.15045104e-01 -4.10654096e-01 -3.99584331e-01
  -7.35749318e-02]
 [-3.41558295e-01 -4.74817901e-01 -8.63172443e-02 -4.30427792e-02
   4.57844761e-01  1.18535647e-01 -4.29738807e-01  3.74477396e-01
   5.05988258e-04 -1.85307105e-01 -1.83793798e-01  1.75530467e-01
  -3.27287970e-02]]","['bbo_main', 'random_fill', 'random_fill', 'random_fill']","[[0.10696055 0.18342828 0.28132756 0.15797622 0.26986022 0.39024181
  0.08688146 0.15670512 0.2739615  0.05635116 0.10623481 0.15293559
  0.99998527]
 [0.09109322 0.15603466 0.21868076 0.16226932 0.28231347 0.47417634
  0.09027534 0.16448309 0.24425833 0.0548604  0.09360802 0.2606522
  1.00002495]
 [0.0938512  0.16246334 0.26423532 0.16708224 0.29033072 0.47832776
  0.09015736 0.16290442 0.2396646  0.04805914 0.08218216 0.11726977
  0.34927686]
 [0.08333146 0.14196402 0.20520719 0.18058813 0.31635742 0.46196486
  0.09026976 0.16605393 0.24505353 0.05003916 0.08648602 0.18465601
  0.81483292]]",[0.33879445 0.04482251 0.09966118 0.08233742],4,0.04367063425390627,0.2396713820580065,0.2780270083066104,0.023377415864219753,0.041335807406599756,2961.238461292116
87,"[[ 0.40148157 -0.23517132  0.18098049 -0.0097838   0.43424821 -0.09124479
   0.31612052 -0.38881731 -0.03973138 -0.26178754  0.46830762 -0.11209891
  -0.02568337]
 [-0.43431935  0.299252   -0.18956233 -0.18789343 -0.39921808 -0.1580091
   0.22741721  0.07144889 -0.47531605 -0.18892432  0.38161979  0.04622588
  -0.00483851]
 [ 0.06795734  0.03598834  0.41620062 -0.28738133 -0.36612094 -0.58604361
   0.09705138 -0.0183217  -0.24210947 -0.06114864  0.13955309  0.40644656
  -0.06324031]
 [-0.27148611 -0.43246065 -0.46194948  0.14548283 -0.05331718  0.18834785
  -0.42011444  0.4290572   0.05361974  0.10930102  0.20644493 -0.21933992
   0.01597948]]","['bbo_main', 'random_fill', 'random_fill', 'random_fill']","[[0.09542046 0.16348659 0.41313191 0.16907783 0.29460592 0.41677505
  0.08679008 0.15205822 0.22726569 0.05130693 0.08950816 0.12749829
  1.00000006]
 [0.09517185 0.16577727 0.23253442 0.1568017  0.26604197 0.38300457
  0.08990833 0.15342466 0.21758969 0.05815857 0.11064394 0.19384515
  1.00002508]
 [0.09632838 0.1671327  0.38748515 0.15795717 0.26807617 0.3792026
  0.09037079 0.16185409 0.23764983 0.05298593 0.09285013 0.15889594
  0.99999385]
 [0.08294538 0.14094633 0.19957483 0.17101109 0.29475721 0.54006238
  0.09574665 0.18192312 0.27500583 0.05174931 0.08828741 0.12470045
  1.00000232]]",[ 0.11067406 -0.26865132 -0.23261071  0.00030448],4,0.043228055567371054,0.24600779153370098,0.2846718029011219,0.02324230707237049,0.04246952462041792,3230.8645610231906
88,"[[-2.08276415e-01 -1.47903212e-01 -3.98181999e-01 -3.17426506e-01
   1.41507760e-01 -8.06388124e-02  5.00215147e-01 -1.26251789e-04
  -3.77296778e-01 -1.73272708e-01 -4.75093318e-01  2.01155372e-02
   1.41500494e-02]
 [ 6.43911273e-01  2.72016326e-01  8.09730052e-02 -1.60587122e-01
   4.85330180e-02 -3.26963668e-01 -1.92410034e-01 -2.85655055e-01
   1.51478659e-01  3.60439945e-01 -1.90235708e-01  1.36880797e-01
   2.08256329e-01]
 [-5.36968822e-01 -2.52411588e-01  1.22482464e-01 -1.14793448e-01
  -4.55719754e-01 -1.11930589e-01  5.68683492e-01 -1.41441149e-01
   2.00797052e-01 -9.92085361e-02  3.24269004e-02 -6.72172627e-02
  -2.06511095e-02]
 [-9.96796909e-02 -2.40788266e-01 -1.42045123e-01 -4.78809655e-01
  -3.87080065e-01 -5.66281491e-01  1.74141646e-01 -2.27529789e-01
   1.76492824e-02 -2.93602499e-01 -1.38832527e-01  1.53342522e-01
  -2.73188806e-02]]","['bbo_main', 'random_fill', 'random_fill', 'random_fill']","[[0.08442748 0.14301102 0.20176182 0.1699806  0.30223994 0.43543089
  0.10019766 0.16968174 0.23410177 0.0466894  0.08079785 0.15641144
  1.00006829]
 [0.10781916 0.18364371 0.25798584 0.15747133 0.2676907  0.37920002
  0.08697562 0.15826321 0.32670999 0.05319221 0.09088054 0.14765068
  1.00003291]
 [0.08907351 0.155053   0.24354147 0.1574353  0.26740955 0.38402355
  0.10337203 0.1852908  0.39666348 0.05172807 0.08922584 0.12788378
  1.00003381]
 [0.09349209 0.15995047 0.22796796 0.15549916 0.25924244 0.36526345
  0.09690713 0.17352586 0.26475991 0.05316528 0.09349258 0.20547523
  0.86748749]]",[-0.23277973  0.22189281 -0.15931692 -0.50057309],4,0.04317594950006717,0.2572314584715865,0.2964148812720297,0.02299992829474071,0.04104659063515936,4381.12535861996
89,"[[ 0.04096854 -0.08673247 -0.03338666  0.23724406  0.00871089 -0.02801238
   0.53097525 -0.48735941  0.08263594  0.35322182  0.15448924 -0.5074215
  -0.01213709]
 [ 0.03171296 -0.44281891 -0.43846011 -0.32169074 -0.23777511 -0.03804157
  -0.3850163  -0.39780004 -0.03107624 -0.34834788 -0.11692509  0.07953873
  -0.01992645]
 [-0.58643894  0.5033807  -0.10227948 -0.03588717  0.06164857 -0.44465485
  -0.03628796 -0.24891252 -0.11018311 -0.00148647 -0.33684571  0.02021696
   0.01179968]
 [ 0.27083045  0.64473736  0.10189678 -0.14724558  0.07482459  0.02803598
  -0.30790148  0.14203951 -0.22140596  0.42478299  0.12117814  0.19558129
   0.27411628]]","['bbo_main', 'random_fill', 'random_fill', 'random_fill']","[[0.09025733 0.15567943 0.22274157 0.17420599 0.2990448  0.42583328
  0.09239288 0.15816838 0.36396259 0.05085315 0.08270053 0.11102028
  1.00002133]
 [0.08732267 0.14722573 0.20690449 0.16440928 0.28448872 0.41843092
  0.08725234 0.15653565 0.23895599 0.05260875 0.09321267 0.18669537
  0.57594304]
 [0.09685849 0.18447942 0.27461364 0.16041873 0.26591989 0.36994826
  0.08726355 0.15312289 0.22685596 0.05072111 0.08664462 0.14555951
  1.00001201]
 [0.10449442 0.18161096 0.26179722 0.162405   0.2796655  0.40690668
  0.085592   0.1525364  0.22419507 0.0545806  0.09495415 0.24367575
  1.00003238]]",[-0.02091843 -0.41873684 -0.22668342  0.48263741],4,0.0462859867448097,0.2562548362956646,0.29539439517699634,0.023094444442348965,0.03946456718541069,3701.2410327191465
90,"[[-0.34221988 -0.00218733  0.09440845 -0.07297613  0.36690688 -0.12278106
   0.65356279 -0.16887116 -0.15810162 -0.38678736  0.2772423   0.09726871
   0.04857559]
 [-0.47860249 -0.05800287  0.23696153 -0.30740516  0.44859226  0.2406286
  -0.12284539  0.19880752 -0.29135666  0.16201352  0.43745903 -0.01666715
  -0.01971745]
 [ 0.00679411 -0.33144976 -0.07605885 -0.34588807 -0.37387748 -0.10272605
  -0.44900646 -0.020695    0.09458913  0.13190577  0.46918413 -0.40504823
   0.04189564]
 [ 0.35324385 -0.32554756 -0.31758325 -0.44847313  0.18458244  0.00818125
   0.05015519 -0.31170768  0.10022094  0.30354475 -0.41847381  0.04209482
   0.23315126]]","['bbo_main', 'random_fill', 'random_fill', 'random_fill']","[[0.0873375  0.15302501 0.31223826 0.17004197 0.29465871 0.41158479
  0.09392611 0.15669948 0.22385681 0.05183321 0.09658417 0.18606932
  1.0000053 ]
 [0.08898898 0.1540133  0.27702017 0.16962288 0.30014215 0.55415042
  0.08771199 0.15600193 0.22599388 0.05306544 0.09145634 0.13030025
  1.00000111]
 [0.08972767 0.15367569 0.22058815 0.15492182 0.26243357 0.37901863
  0.08924768 0.17104361 0.34301186 0.05659008 0.09626421 0.13137755
  1.00001264]
 [0.08804776 0.14618303 0.2054998  0.16635315 0.29827947 0.43196458
  0.09050027 0.16091772 0.36499001 0.05180455 0.08704237 0.13184592
  1.00002542]]",[ 0.11735889  0.21107354 -0.22759775  0.11120243],4,0.04575811660114004,0.25479013318835714,0.29386343587209457,0.02298308875041766,0.041220869726871834,3248.197640422033
91,"[[ 0.14048649  0.17294904  0.00823887 -0.12479129 -0.33412546 -0.02440336
  -0.38940172 -0.04898062 -0.74391112 -0.12966961  0.24173935  0.19452054
  -0.04414943]
 [-0.29181813 -0.20533119 -0.07877813  0.19326263 -0.27272463 -0.17332112
  -0.13050056 -0.43994406 -0.45412714  0.30295701 -0.27016886 -0.37781497
  -0.01936424]
 [ 0.53266566  0.1126517  -0.16973885  0.38120572  0.22177448 -0.13470478
  -0.31473653  0.14143309  0.0589789  -0.33553499  0.40158335  0.00513011
   0.25631692]
 [-0.20694929 -0.35593092 -0.27971356 -0.03844492  0.35156021  0.08132417
   0.26901466 -0.39718517 -0.29338985 -0.51579217  0.18071005  0.06862989
  -0.0308056 ]]","['bbo_main', 'random_fill', 'random_fill', 'random_fill']","[[0.09721872 0.16801735 0.23821947 0.16360371 0.28115991 0.41027478
  0.08505112 0.14781176 0.21382002 0.05425409 0.09665322 0.18741779
  0.48818926]
 [0.09140682 0.15900553 0.24701991 0.16771218 0.2873353  0.41391094
  0.08453699 0.14321635 0.20661226 0.0515973  0.08640502 0.12143396
  0.66010861]
 [0.10139897 0.16894758 0.23130698 0.17887711 0.30189863 0.41595682
  0.08587768 0.1622992  0.29171049 0.05038626 0.09664596 0.13985357
  1.00006272]
 [0.08537008 0.14608173 0.20869581 0.18198745 0.32129719 0.49269526
  0.08591765 0.1472777  0.2146949  0.05099655 0.08957917 0.13286421
  0.79275504]]",[-0.24788101 -0.43071494  0.40497913 -0.10580181],4,0.04246112280110109,0.26749329706830266,0.3071226793434599,0.022808104540396296,0.03912224928755853,4058.700680464972
92,"[[-0.11854167  0.00809618 -0.14218317 -0.27581531 -0.47286194 -0.23559016
   0.39151405  0.5952025   0.09016858 -0.23723394  0.00565613 -0.12871875
  -0.14809105]
 [ 0.54437358 -0.23634653  0.04851991 -0.35548025 -0.01288072  0.0584798
  -0.14009297  0.11062322 -0.42233173 -0.25655316  0.40537201 -0.27391493
  -0.00940881]
 [ 0.38861554 -0.39281481 -0.09857451  0.19240322  0.189648   -0.16762299
  -0.26080859  0.35289187 -0.58333748  0.00876754 -0.21864454  0.00387054
   0.05604483]
 [ 0.25577025 -0.17584488  0.15912533 -0.45366836 -0.01039071  0.12896276
  -0.07332524  0.42373826 -0.376161    0.48471245  0.19088647 -0.17496446
   0.16541092]]","['bbo_main', 'random_fill', 'random_fill', 'random_fill']","[[0.09175084 0.15794298 0.22744614 0.1635765  0.28101286 0.4030522
  0.09513539 0.1727679  0.25898896 0.05170101 0.08898063 0.12703454
  0.05103106]
 [0.10355729 0.17379168 0.27480644 0.16184201 0.2863749  0.45434708
  0.08468791 0.14102605 0.19606118 0.05180269 0.08962038 0.12560728
  1.00000999]
 [0.09178335 0.15513823 0.22144459 0.18335959 0.31553634 0.43929149
  0.08431815 0.14216686 0.19869978 0.0506708  0.08685883 0.15000498
  1.00000011]
 [0.09556801 0.16417068 0.4075932  0.16086392 0.28187893 0.42515466
  0.08964381 0.16004902 0.23056533 0.05359376 0.09073463 0.1272872
  1.00002535]]",[-0.18712842 -0.1058593  -0.07526841  0.20031262],4,0.04160513179494915,0.271406020288893,0.31119838905926417,0.022786333282844122,0.03913576877914715,4765.5451784390025
93,"[[-0.39588289  0.14932863  0.07943761  0.41563937  0.18201243 -0.32972255
   0.52620715 -0.04704061 -0.02251612  0.45166483 -0.08621513  0.0937631
  -0.01504478]
 [-0.00682965 -0.09196078  0.15916088 -0.04947026  0.15518137  0.12608746
  -0.53290214  0.57405881  0.10625287 -0.39326902 -0.33981702  0.15351307
   0.07223225]
 [-0.02140091 -0.44806307  0.34315503 -0.09977463  0.04332363  0.33879194
   0.0202433  -0.39933783 -0.21499956 -0.48025415  0.05125666  0.33496587
  -0.0532493 ]
 [-0.21132411 -0.47774375  0.1370145   0.5326874   0.15401737 -0.00864002
   0.15950165  0.23602765  0.05775604 -0.33164993  0.27479979 -0.30867465
   0.18843024]]","['bbo_main', 'random_fill', 'random_fill', 'random_fill']","[[0.08830489 0.15735661 0.29230379 0.16604313 0.2740883  0.37591505
  0.10328401 0.17963619 0.25723159 0.05530063 0.0944501  0.17560539
  1.0000008 ]
 [0.08977268 0.15390443 0.34994132 0.16731063 0.28871831 0.41893258
  0.09593607 0.18663121 0.27818619 0.04609138 0.07981836 0.12957511
  1.00000071]
 [0.09056513 0.15590159 0.35200391 0.16833813 0.293783   0.47391845
  0.08674272 0.15292942 0.22381377 0.05136043 0.08962518 0.14271916
  1.00003288]
 [0.08310783 0.14298175 0.29693629 0.18109104 0.30796147 0.43027484
  0.09971274 0.18350833 0.26843665 0.04626741 0.08003727 0.11364589
  1.00000746]]",[0.0650748  0.26272428 0.07254003 0.3297149 ],4,0.04536070665499507,0.27825776723272794,0.318326399656258,0.022565116122100777,0.042494312586940364,4375.176677288953
94,"[[-0.30820849  0.70910389 -0.01138651  0.03411522  0.38550696  0.03119483
   0.37265348  0.24184514  0.0073854   0.17125079 -0.13051507  0.07582368
   0.04210097]
 [-0.34194958  0.47341228 -0.13980808 -0.62964841  0.32060741 -0.00183636
   0.19509456  0.03792651 -0.23455292  0.08352904 -0.16709231  0.10334663
  -0.00790874]
 [ 0.01752291  0.28355277 -0.46123284 -0.48725901 -0.0113007  -0.0319199
   0.04952903 -0.53437065  0.1599544   0.28813289 -0.02426716 -0.26454979
  -0.02829381]
 [ 0.32127897 -0.34132403 -0.08489378 -0.16688548 -0.09334773 -0.14322335
  -0.26924337 -0.33515453  0.36141755  0.31458324  0.30258549  0.45077617
  -0.08264587]]","['bbo_main', 'random_fill', 'random_fill', 'random_fill']","[[0.09776782 0.17641217 0.24683656 0.17252697 0.30243046 0.42803151
  0.10323324 0.18045062 0.25685116 0.04707816 0.08040548 0.14961014
  0.99996856]
 [0.09474988 0.16558513 0.23225037 0.16320498 0.29313593 0.43056629
  0.0894495  0.1539366  0.22133001 0.05189727 0.08872686 0.27131974
  0.99999912]
 [0.09275059 0.15816021 0.22100246 0.16274788 0.28353109 0.41119736
  0.08912177 0.15982092 0.30243738 0.05218032 0.0879744  0.1235589
  0.2649888 ]
 [0.09116677 0.15631745 0.2232152  0.1634601  0.28108451 0.40204547
  0.08984756 0.16335966 0.26267696 0.05396827 0.09436438 0.19336998
  0.29280912]]",[ 0.36299825 -0.01503462 -0.21098977 -0.02962214],4,0.040787928858876,0.27874739349065,0.31883532750383237,0.02252997523054313,0.039764039301638625,3775.884574868018
95,"[[-0.53414101  0.44352451  0.05728797 -0.33354849 -0.31709121 -0.26784975
  -0.1832173   0.13994559  0.11948666 -0.21120999  0.14782557 -0.31136114
  -0.01772949]
 [-0.33805361 -0.37446191 -0.04870395 -0.28732564 -0.20737237  0.06515636
   0.03214268  0.31323382  0.11726845 -0.35322482  0.33127938 -0.50069428
   0.12333795]
 [-0.04331832  0.07431329  0.08820687  0.52825868 -0.30671815  0.05409482
   0.59307039  0.25615678 -0.35570757  0.18694673  0.12790912  0.10461095
   0.0512949 ]
 [ 0.35556118  0.0050059  -0.42157564  0.54640384  0.24338291  0.18887785
  -0.15118211 -0.09975832 -0.00788091 -0.24844195  0.40066122 -0.19496867
   0.09603371]]","['bbo_main', 'random_fill', 'random_fill', 'random_fill']","[[0.09644199 0.17644028 0.26203994 0.15453021 0.25809327 0.36523663
  0.09831176 0.18204632 0.31853226 0.04962639 0.08450325 0.11908361
  1.00001707]
 [0.08534034 0.14624063 0.2105479  0.1609953  0.27776151 0.41626777
  0.10799755 0.20162771 0.35557554 0.04746438 0.08107314 0.11340661
  1.00000175]
 [0.0938003  0.16404053 0.28772928 0.16355878 0.27449855 0.40381537
  0.09992503 0.16901912 0.23071254 0.05488622 0.09790606 0.19878346
  1.00003976]
 [0.08735194 0.14875785 0.20955987 0.18573667 0.32228153 0.55015256
  0.0858103  0.15387254 0.23179223 0.04969625 0.08590641 0.12238897
  1.00000939]]",[-0.19673039  0.01437282  0.17292631  0.29139052],4,0.04276043654673592,0.29246837238668355,0.3330738633336774,0.022331832596093813,0.04076802853535952,3648.926218775101
96,"[[ 0.55811959  0.24796261  0.23659841 -0.41192961  0.00683089  0.23032342
   0.20674708  0.11158159 -0.14371547  0.3697828   0.23849837  0.27859466
  -0.03423462]
 [ 0.32081667 -0.16176463  0.16186005  0.23766738 -0.06129048 -0.03252497
   0.08794589  0.13104543  0.15991126 -0.04942422  0.81827495 -0.2462592
  -0.01645529]
 [-0.03116448  0.33344355  0.03497097  0.28456558  0.19766146  0.18941825
   0.64898492 -0.17206697  0.14893752 -0.37056519  0.27144002  0.19470538
   0.09388836]
 [ 0.28008683 -0.33631354  0.07610863  0.21152676  0.26930122  0.13280275
   0.54761869 -0.31444319  0.07179542 -0.30620902  0.1327847   0.06901612
   0.38428436]]","['bbo_main', 'random_fill', 'random_fill', 'random_fill']","[[0.09969581 0.17073101 0.26734845 0.16165176 0.28045956 0.42333876
  0.0894155  0.15936301 0.23273541 0.05374589 0.0936614  0.26942192
  1.00003775]
 [0.09354555 0.16014054 0.36965436 0.16213234 0.27543384 0.39268797
  0.09448274 0.17453094 0.29352097 0.05466186 0.0961112  0.13299894
  0.9999997 ]
 [0.09289428 0.16140957 0.22801657 0.16926746 0.29397919 0.47223348
  0.09311848 0.16339255 0.24505972 0.04985069 0.08827095 0.26041711
  1.00000032]
 [0.08788667 0.14955627 0.21869664 0.1812439  0.31970988 0.554879
  0.09067416 0.15688538 0.24057284 0.0488052  0.08626854 0.12598744
  1.00000163]]",[0.27991947 0.17767253 0.47352258 0.59617451],4,0.04196492983509148,0.29246837238668355,0.3330738633336774,0.022299782513439594,0.037898114783350645,3700.9819494970143
97,"[[ 4.00135243e-01 -4.66302231e-01  6.01683607e-02 -1.53564162e-01
  -3.36447119e-01 -2.33722082e-01 -1.95525903e-01 -7.75868545e-02
  -7.64193758e-02  2.37513246e-02 -6.12822566e-01  2.90462041e-02
  -1.94892858e-02]
 [-1.50436406e-01 -5.12848087e-01  1.80462063e-01  2.22115410e-01
  -1.75937343e-04  1.62552062e-01 -1.59415257e-01 -2.07889919e-01
  -1.86580481e-01  3.97944925e-01  4.90469095e-01  1.70158807e-01
   2.73336564e-01]
 [-3.30020278e-01  1.94151921e-02 -4.99933831e-01 -1.65396252e-01
   3.16755682e-01  1.96199753e-01 -5.79196694e-02  2.01054248e-01
  -1.01142456e-01  2.66528126e-01 -5.78545359e-01  1.21563312e-01
  -7.38226040e-03]
 [ 9.76129563e-02  2.55711974e-01 -2.81954803e-02  4.71913367e-01
   4.04737634e-01  1.66493466e-02  3.48137656e-01  4.55482753e-01
  -3.62035275e-01 -1.36454505e-01  1.73022932e-01 -1.68154240e-01
  -3.04895566e-02]]","['bbo_main', 'random_fill', 'random_fill', 'random_fill']","[[0.09436945 0.16055699 0.29170727 0.15715488 0.26599901 0.37719072
  0.08994329 0.16370708 0.24336019 0.04905626 0.083466   0.12672527
  0.55290395]
 [0.08700279 0.15060913 0.29796115 0.17116321 0.29587977 0.44332683
  0.08457651 0.14807665 0.2165626  0.06039626 0.10780454 0.16002716
  1.00004348]
 [0.08444029 0.14381553 0.20352417 0.17563743 0.31144824 0.55484047
  0.09131942 0.16437917 0.24085893 0.05010839 0.0846928  0.13551166
  1.00003822]
 [0.09294748 0.16088368 0.2276469  0.18043067 0.31277503 0.4502634
  0.09207822 0.1619876  0.23286884 0.04790498 0.08235674 0.11832462
  0.45285002]]",[-0.32730645  0.36628719  0.02848562  0.2585707 ],4,0.0459654220216929,0.29884619703540133,0.3396772418120158,0.022188580128950544,0.036803649416936035,4179.320764304139
98,"[[-0.35018373 -0.19525403  0.16266987  0.2655343   0.2762797   0.13215713
  -0.45007531  0.1602956   0.14556491  0.12981205 -0.32332268 -0.52621916
  -0.02709909]
 [-0.36668886  0.16665401 -0.07361065  0.75620489 -0.14729708  0.02021583
  -0.25476817  0.29066788  0.08317408  0.27773747  0.02925009  0.06336563
   0.00864914]
 [-0.26313466 -0.30317496 -0.07053498  0.42209057  0.07500245  0.05664682
  -0.01747494  0.70369684 -0.30567799 -0.1424681  -0.17306556  0.03036564
   0.08228399]
 [ 0.06781457 -0.10892605 -0.36604208 -0.58197416  0.0032616   0.15413105
   0.56342063  0.35211019 -0.03334691  0.13312148  0.06142046 -0.06648796
   0.13651994]]","['bbo_main', 'random_fill', 'random_fill', 'random_fill']","[[0.08659643 0.15045245 0.29109341 0.18324396 0.3163154  0.45102541
  0.08859733 0.16488931 0.26038068 0.04590625 0.07634186 0.10565641
  0.94618024]
 [0.0836875  0.14683307 0.21088623 0.18109519 0.30131648 0.42367395
  0.0938056  0.18422019 0.34182169 0.05246534 0.08966395 0.13655309
  1.00000079]
 [0.08181177 0.14069775 0.20414167 0.18380006 0.31468701 0.48508163
  0.10194548 0.18324122 0.25498412 0.04648238 0.08049042 0.11991681
  1.00000645]
 [0.08639323 0.1456133  0.20503488 0.15955528 0.28006038 0.48283719
  0.11284658 0.19954457 0.28225387 0.05157062 0.08795324 0.12579238
  1.00002899]]",[0.10780125 0.17196163 0.16467347 0.16227983],4,0.04185729728124141,0.31210695488427653,0.35337744405623267,0.021917981183316327,0.03938849554418536,4557.556363963988
99,"[[ 0.48532769  0.32854408  0.04924234  0.49238477  0.36221343 -0.14320243
  -0.19865841  0.14371836  0.12319282 -0.37920072 -0.19677267  0.04149982
  -0.020279  ]
 [-0.10623926 -0.01606185  0.00512163 -0.32553349 -0.55157392  0.13497885
   0.26517986 -0.17972433 -0.12124554 -0.59982595 -0.28400573  0.03794393
  -0.02814316]
 [ 0.23102176  0.24716307  0.13661802  0.42559069 -0.38589762  0.06816641
   0.44288443  0.06174498 -0.01967678  0.40664325 -0.40520064 -0.03948122
  -0.02706506]
 [-0.35239682 -0.36407154  0.01257335 -0.14843226  0.3639073   0.10068323
   0.0583738   0.7354334   0.10186428 -0.07853552  0.0008621  -0.12951928
  -0.03037432]]","['bbo_main', 'random_fill', 'random_fill', 'random_fill']","[[0.105003   0.17784558 0.24767122 0.17938568 0.30470289 0.41992352
  0.08740427 0.16281961 0.30953206 0.04451278 0.07788504 0.11759288
  1.0000008 ]
 [0.09619432 0.16623272 0.23711037 0.15957791 0.27274466 0.45454777
  0.09291181 0.16432804 0.24035647 0.04819146 0.08404058 0.12531888
  0.33867673]
 [0.10073147 0.17397663 0.30902573 0.16188389 0.2732465  0.39866944
  0.09626218 0.17147027 0.24937669 0.04949681 0.08348777 0.1201064
  0.4373888 ]
 [0.08317191 0.14234024 0.20610657 0.16868326 0.29195202 0.45577291
  0.11053599 0.20577888 0.3030277  0.04745461 0.08120245 0.11685244
  0.99878065]]",[ 0.25671191 -0.24429608  0.11714907  0.18808199],4,0.04164633551018951,0.32587899494506956,0.3675649178537742,0.021968260307765157,0.03886819667420566,2582.797787454212
100,"[[ 0.30964325  0.39990663 -0.45377883  0.41053441 -0.04748929 -0.2183421
  -0.11350636  0.45981682 -0.22527916 -0.21127561 -0.00523494 -0.00391166
  -0.0082167 ]
 [-0.33428659  0.26450236  0.04751371 -0.17278191  0.36400297 -0.11693534
   0.01542254  0.20569169 -0.01087535 -0.1737883   0.74167505 -0.12982346
  -0.01429022]
 [ 0.46606102 -0.50933718  0.06528443 -0.22154359  0.15565016 -0.03090077
   0.46995552 -0.01486648 -0.03268789  0.37141885  0.28186466  0.06222766
   0.03765213]
 [ 0.31598174 -0.17474122  0.15073313 -0.42826629  0.71356876  0.14597814
  -0.04006417  0.03403945 -0.05046936 -0.23722981 -0.20447177  0.17073205
   0.0212473 ]]","['bbo_main', 'random_fill', 'random_fill', 'random_fill']","[[0.10319752 0.17089199 0.22839001 0.16465777 0.27013137 0.37792631
  0.10173756 0.18592269 0.261757   0.04770401 0.08430325 0.15409172
  1.00000998]
 [0.09155478 0.16235497 0.27114925 0.16442149 0.28444421 0.39938051
  0.09370044 0.16919264 0.24887806 0.05797958 0.10652458 0.14677602
  0.56133096]
 [0.08754927 0.14610564 0.25822939 0.15996517 0.28031808 0.40264913
  0.10216363 0.17699128 0.25278989 0.0636572  0.11201525 0.16434195
  0.99999781]
 [0.09123492 0.15395338 0.25265399 0.17535289 0.32557133 0.47719067
  0.08760438 0.15519619 0.22717709 0.04797597 0.08286526 0.16230978
  1.00000799]]",[-0.03545662  0.12904274  0.11920799  0.27783063],4,0.04325082774124284,0.3184986036154018,0.35996699822461675,0.021865760776301167,0.03995617828946013,4008.072969729081
101,"[[ 0.17310265  0.13344288  0.30660717  0.00218753 -0.6696191   0.23632807
  -0.32533383 -0.12568471  0.27795252  0.37823507  0.04932773  0.0870523
  -0.04478379]
 [-0.09168194 -0.19631268 -0.57655596  0.14080713 -0.45481091  0.30352699
  -0.05974362  0.3356134  -0.23633472 -0.20588294  0.02666838  0.29162579
  -0.04032858]
 [-0.29809409 -0.2800669   0.0690105  -0.18359429 -0.28243985 -0.34409131
  -0.22901064 -0.26246634 -0.65574457 -0.08241048 -0.0866312   0.17411158
   0.01074013]
 [-0.13080377  0.16975896 -0.55796817 -0.03357724 -0.14218207 -0.41471893
  -0.21376232  0.0646555   0.09612642  0.11265161 -0.61238775  0.04597574
  -0.02170163]]","['bbo_main', 'random_fill', 'random_fill', 'random_fill']","[[0.09649067 0.16737834 0.41149342 0.16092864 0.27359621 0.40226213
  0.08939681 0.1635456  0.25696929 0.05275802 0.0904998  0.12892923
  1.00001417]
 [0.08838567 0.15164261 0.21319744 0.16607734 0.28618773 0.58523121
  0.09173948 0.16566205 0.24193679 0.05220526 0.09145859 0.15417932
  0.99999872]
 [0.09269548 0.16050888 0.26965174 0.16076238 0.27272856 0.38673679
  0.08514137 0.14557659 0.21036046 0.05452859 0.09656565 0.20650898
  1.00003208]
 [0.08981188 0.15366137 0.21592864 0.15985023 0.27028276 0.38162031
  0.09900251 0.18718545 0.32934354 0.0501243  0.08437169 0.1291096
  0.62479865]]",[ 0.0900622  -0.10067143 -0.45540684 -0.33925217],4,0.03986174107521967,0.34114981133812156,0.3832492772010798,0.02169237453361875,0.037288945186463,3553.49695300404
102,"[[ 0.61644871 -0.18057592 -0.28145964  0.32341678  0.07393167  0.04101151
   0.04674705  0.30963266 -0.1975846  -0.00430952 -0.49763871  0.10580613
   0.0215037 ]
 [ 0.75415055  0.18080851 -0.20711448  0.12305681  0.39415058 -0.10163863
   0.36489915 -0.07171768  0.07504678  0.15452647 -0.00171224  0.08377892
   0.00369415]
 [-0.36197579  0.4728944  -0.19902816 -0.07860908 -0.02040016 -0.18793395
   0.02147827 -0.62354596  0.11546954  0.38350723  0.08677982  0.06047403
   0.05429315]
 [ 0.26588819  0.30032539 -0.12469829  0.29641578  0.24521043 -0.07537975
  -0.07583995 -0.09209646  0.02937662  0.68350338  0.25458256 -0.34963359
  -0.02359342]]","['bbo_main', 'random_fill', 'random_fill', 'random_fill']","[[0.09013499 0.14818712 0.20623709 0.17987546 0.31120154 0.45208822
  0.09441567 0.16901203 0.2418213  0.04607088 0.07942041 0.20345667
  1.00000183]
 [0.10387446 0.17217706 0.23302535 0.17666977 0.30668481 0.42436603
  0.09243575 0.16221674 0.2641478  0.05034205 0.08609101 0.18507187
  1.00000356]
 [0.09609488 0.16839823 0.2355379  0.16117394 0.27368061 0.38772177
  0.08515715 0.14828158 0.33408629 0.05895009 0.10208283 0.1554382
  1.00004733]
 [0.09736196 0.1667824  0.23255    0.17040759 0.29398925 0.41656947
  0.08710149 0.15786738 0.24846482 0.05274927 0.08790943 0.12212372
  0.18262168]]",[ 0.08275498  0.22944398 -0.05003942  0.13575917],4,0.041237861746209456,0.34213584592774215,0.3842603507135255,0.021674046454003754,0.03724087206154686,3897.0801310457755
103,"[[ 0.32810174  0.10913206 -0.1370841   0.22694776 -0.42883293 -0.24675898
   0.08019493 -0.10635829 -0.27819672  0.29298124  0.54695494 -0.27615888
   0.09463749]
 [ 0.15385698  0.50507437  0.08148334 -0.21377457  0.1247804  -0.22050385
  -0.06326736  0.11911855 -0.0753598   0.60238923 -0.45390525  0.10702406
  -0.02164963]
 [ 0.33443202  0.15079915  0.02000183 -0.36449028  0.46894487 -0.16207731
   0.08122376 -0.46980264  0.09838796 -0.08089892 -0.38091581  0.05861821
   0.30645336]
 [-0.18569122 -0.21344646  0.11043422  0.28166975 -0.19936898 -0.04997046
  -0.45207591  0.71661318  0.09920159 -0.20924432  0.00871776  0.11708202
  -0.02941704]]","['bbo_main', 'random_fill', 'random_fill', 'random_fill']","[[0.10395545 0.17683639 0.25517708 0.15860205 0.26164969 0.37334204
  0.08775556 0.15345304 0.22492584 0.0613041  0.10612868 0.14616376
  1.00008915]
 [0.10663069 0.18655062 0.29281726 0.15768611 0.26903423 0.38050143
  0.08939109 0.16141602 0.23805302 0.05217205 0.08731183 0.14812835
  0.69015931]
 [0.1058232  0.1788893  0.24801915 0.16699585 0.29484184 0.41414577
  0.08514834 0.14703057 0.31116987 0.04678046 0.08066111 0.12717744
  1.0000379 ]
 [0.08855957 0.15256153 0.25811145 0.16249626 0.27440719 0.39198509
  0.09934113 0.19398149 0.29204538 0.05069243 0.08797967 0.13282156
  0.52448904]]",[-0.09147638  0.0387871   0.32546682  0.06432352],4,0.0413671755275775,0.34854746173268886,0.39082993754432477,0.021529053496354644,0.037870238713740505,3325.5551386510488
104,"[[ 0.2870604   0.03938033  0.11475139 -0.38628098  0.4369743   0.05463262
   0.56511516  0.30655257 -0.28627321 -0.13625049 -0.17479443  0.12091847
  -0.02669906]
 [ 0.30289496 -0.088824    0.14884237  0.2921636  -0.02343708  0.20416334
  -0.1485282   0.21356331 -0.62196635  0.39675328  0.20587074  0.3067958
  -0.0467729 ]
 [-0.18522922  0.15679705 -0.09676315  0.01881513 -0.12013095  0.044088
  -0.0819368  -0.33909328  0.14720796 -0.30739486  0.80855331  0.15057247
  -0.02687575]
 [-0.16111754  0.42468361 -0.74762813 -0.26573473 -0.09147511 -0.16613041
  -0.2572544  -0.16621046 -0.02274525 -0.16599066  0.0211992   0.06810922
   0.03450993]]","['bbo_main', 'random_fill', 'random_fill', 'random_fill']","[[0.09543202 0.1636739  0.27098455 0.16555999 0.29398781 0.42508224
  0.0975121  0.16900052 0.23885271 0.04804379 0.08260069 0.1324218
  0.34479207]
 [0.09501096 0.16343995 0.23496339 0.16841066 0.290729   0.44041347
  0.08567123 0.15068317 0.21871856 0.0542945  0.0950748  0.27969504
  1.00002764]
 [0.08983014 0.15455946 0.22023461 0.16327704 0.27990746 0.40406327
  0.0870261  0.15594827 0.27086877 0.05855757 0.11443125 0.20724737
  0.86093091]
 [0.08943044 0.14878128 0.20225132 0.16109331 0.2762267  0.39510002
  0.08843905 0.15961196 0.24832167 0.05567944 0.10108772 0.20732501
  1.0000015 ]]",[ 0.1770304   0.1451093   0.03599902 -0.24954391],4,0.042145384200206304,0.359901134272885,0.4024430080194298,0.02147548013805185,0.03620481748943871,4959.973419458838
105,"[[ 0.01524957 -0.46314774 -0.22370539 -0.51923305 -0.1130047   0.01688733
   0.50638887 -0.04041928 -0.02785079  0.21479171 -0.37201268  0.0945176
  -0.01605491]
 [-0.01801428  0.42527086  0.18893613 -0.18196359  0.57804909  0.13879401
  -0.1399996  -0.42788578  0.18747435 -0.32459273 -0.17188699 -0.02262987
   0.15283191]
 [-0.33246439 -0.2175718  -0.18527174  0.53037873 -0.40559216 -0.06702365
   0.37987452  0.17560015 -0.21985572  0.15067415 -0.33332304  0.0113876
  -0.0096085 ]
 [-0.10963493  0.27615387  0.06704906 -0.35639208 -0.02702948  0.1292791
  -0.2870445   0.27243914 -0.25872999  0.6627051   0.31285571  0.0418755
  -0.01988755]]","['bbo_main', 'random_fill', 'random_fill', 'random_fill']","[[0.08533612 0.14401212 0.2036956  0.15786833 0.27698817 0.4109999
  0.10936924 0.19100681 0.27050906 0.05244166 0.08899165 0.20315229
  0.99999819]
 [0.0991819  0.17064697 0.31710402 0.17357626 0.30952868 0.44575622
  0.08525101 0.15032381 0.26651742 0.04671417 0.08066852 0.11671403
  1.00003313]
 [0.08337386 0.14464449 0.20657695 0.16643276 0.27696603 0.39577294
  0.11336723 0.19587511 0.26945507 0.05019967 0.08500218 0.14442363
  0.99999864]
 [0.09590826 0.16714406 0.24175385 0.16029767 0.27882921 0.51788212
  0.08587208 0.15308743 0.22226074 0.06226027 0.10650006 0.14904934
  0.99999517]]",[-0.19586237  0.43477885 -0.15856474  0.07462365],4,0.043270076050042294,0.35298868384580406,0.39537570184446885,0.021313260265638987,0.03749243902843841,4745.576495618094
106,"[[ 0.24635462  0.0744525   0.083873   -0.59868973 -0.02485312 -0.54424818
   0.28123933 -0.29400895  0.10927865 -0.22586832  0.19285136  0.0690005
  -0.03210202]
 [ 0.46164214 -0.05527078 -0.38069454 -0.08255842 -0.23484362 -0.18785326
  -0.35229514  0.10517062 -0.07774733  0.34106594  0.32551268 -0.42171709
  -0.01731805]
 [-0.51592402  0.07265765  0.06463984  0.10321905  0.32745338 -0.47132778
  -0.22362709  0.09412809 -0.00407538 -0.1302525  -0.48938303  0.1022709
   0.24192687]
 [-0.46060421  0.20194674  0.089532    0.43756419 -0.23031103 -0.01506828
   0.01203676 -0.40902931 -0.04409233 -0.28678768  0.46873475  0.14225705
   0.05217422]]","['bbo_main', 'random_fill', 'random_fill', 'random_fill']","[[0.0989129  0.17044518 0.27336342 0.1548683  0.26248061 0.3719057
  0.093302   0.16618213 0.2679328  0.05291433 0.09291613 0.13499775
  0.49961305]
 [0.09465479 0.15977201 0.2227259  0.15956433 0.2706285  0.38856922
  0.08996928 0.16741184 0.26033478 0.05579526 0.09416427 0.1297558
  0.3597079 ]
 [0.08927314 0.15799073 0.2831403  0.16407211 0.27586838 0.38253096
  0.09175548 0.16957844 0.25350742 0.0471984  0.08134394 0.19907441
  1.00003715]
 [0.09269542 0.1637303  0.24963467 0.16669086 0.28302865 0.40642602
  0.08493381 0.14836915 0.22250676 0.05502897 0.10312011 0.26229601
  1.00000918]]",[-0.23576084 -0.24524479  0.12144442  0.06691504],4,0.039572257233969566,0.3638532110745248,0.406479363540809,0.02120731516746705,0.03587149446388663,3999.731576030841
107,"[[ 0.51582487 -0.43228004  0.05153029  0.44228095 -0.14133964  0.05623171
   0.12234282 -0.4219737   0.03706006 -0.19501166  0.26939277 -0.14359497
  -0.00523646]
 [ 0.1606154   0.45583727 -0.0688849   0.05349837 -0.35479342  0.24548806
  -0.10995557 -0.19822546 -0.55605344 -0.07891235  0.03803176 -0.45155329
  -0.02263136]
 [ 0.30459905  0.16707776  0.1476119   0.74275039 -0.34535085  0.1508231
  -0.02604343 -0.11205734 -0.20907117 -0.29164272 -0.00240127  0.14670678
  -0.01709467]
 [ 0.62213947 -0.02757521  0.14243946 -0.25806569 -0.04116754 -0.44033436
  -0.07882425 -0.23088194  0.08626713  0.41991574  0.14841393  0.25129034
  -0.03523586]]","['bbo_main', 'random_fill', 'random_fill', 'random_fill']","[[0.09195103 0.15409966 0.25301177 0.18414171 0.31275048 0.48541173
  0.08390254 0.14155791 0.22272906 0.05043002 0.08949692 0.12667699
  1.00001139]
 [0.10062136 0.17290931 0.24125921 0.16761778 0.2900743  0.55955044
  0.08517727 0.14775139 0.21413847 0.04939053 0.0840661  0.11914796
  0.99999693]
 [0.10188057 0.17516595 0.29115754 0.1706068  0.28968427 0.50151328
  0.08460251 0.14764863 0.21435113 0.04947724 0.08858915 0.14440581
  0.9999984 ]
 [0.09977097 0.17085031 0.24642947 0.15814898 0.26875418 0.38037642
  0.08926602 0.1611386  0.2502318  0.05565815 0.09777229 0.27232677
  1.00004437]]",[ 0.00802225 -0.11308501  0.13147789 -0.07848345],4,0.04301210418276398,0.3796766295977023,0.4226096741723639,0.021182363062403453,0.03711963626417422,3389.9243299472146
108,"[[-0.14651685 -0.09328784 -0.02572756 -0.2924537   0.23230102 -0.02632484
  -0.3835249   0.52850805 -0.45010015 -0.12022408 -0.36740378 -0.21041072
   0.07917118]
 [-0.37494811 -0.11693441  0.05165072 -0.19150186  0.25907161 -0.2950802
   0.25948058  0.21292367 -0.54168403 -0.02493888 -0.39919939 -0.28480856
   0.07087182]
 [-0.19089922 -0.18260863 -0.17956326  0.39913804  0.03532226  0.12128392
  -0.52427624 -0.02674798  0.21514093  0.57844744 -0.25121881  0.04331917
  -0.03527684]
 [-0.4915708   0.27241748 -0.29183049  0.34113336 -0.0238408  -0.07591119
  -0.34418006 -0.35449998  0.08918541 -0.39193245 -0.1040283   0.09198328
   0.22649708]]","['bbo_main', 'random_fill', 'random_fill', 'random_fill']","[[0.08961979 0.1533671  0.24397121 0.17212606 0.31203775 0.44907139
  0.08850178 0.15610776 0.21934169 0.04460329 0.07474837 0.10757881
  1.00029287]
 [0.09010993 0.15828224 0.30951657 0.16780167 0.29023086 0.40694988
  0.09276673 0.15607522 0.21587491 0.04599426 0.07746803 0.11122295
  1.00007196]
 [0.08672073 0.14999214 0.21386366 0.17193413 0.29586991 0.43568391
  0.08809838 0.16353426 0.33500873 0.05235647 0.08890411 0.12699406
  0.51836962]
 [0.08616988 0.15160888 0.21558779 0.17903081 0.30239855 0.42412421
  0.08471689 0.15172644 0.27598961 0.0489516  0.0879174  0.2108425
  1.00003163]]",[-0.04981958 -0.16584033  0.06624877  0.11693138],4,0.04282281764827414,0.37374003248341814,0.4165636228779382,0.02108385639087862,0.0351499240896323,4026.826043915935
109,"[[ 0.08881615  0.8059411   0.14533179  0.11153341  0.10441425  0.1967229
  -0.16982789  0.08852907  0.12878138 -0.24495067  0.38014035  0.01637455
  -0.03698886]
 [ 0.139265   -0.18170338 -0.111494   -0.12677944  0.39291999  0.18174213
   0.1498032   0.20592922  0.08916543 -0.48832469  0.47033097 -0.44554965
  -0.0261507 ]
 [-0.18338854 -0.45533464 -0.01169472  0.45299861  0.06476272 -0.23073062
  -0.24697401 -0.39177966 -0.13292851 -0.20223926 -0.24259975 -0.40124429
   0.05791277]
 [ 0.47126961 -0.22504957 -0.19613021 -0.3244987   0.46973983 -0.3910345
  -0.18934555 -0.1780089  -0.14854893  0.19066842  0.05729167 -0.12624515
   0.25445506]]","['bbo_main', 'random_fill', 'random_fill', 'random_fill']","[[0.10138513 0.17734144 0.25261657 0.16612073 0.28649413 0.47039717
  0.08774049 0.15966685 0.24419575 0.05048985 0.08768705 0.12588094
  0.43356894]
 [0.0881998  0.1498784  0.21426775 0.17299255 0.30652399 0.56765796
  0.09608151 0.17329006 0.2630828  0.04681137 0.08090729 0.11491458
  1.00001962]
 [0.08616344 0.15004074 0.24808005 0.18496919 0.31294986 0.43096753
  0.08394499 0.14683485 0.22129279 0.04553837 0.07743916 0.10965165
  1.00004247]
 [0.09509479 0.15682466 0.2231563  0.16593623 0.29146704 0.40380578
  0.08391001 0.14434917 0.2249567  0.05864152 0.0999747  0.14300045
  1.00028094]]",[ 0.36729672  0.17421443 -0.20415399  0.0693016 ],4,0.03919491449721807,0.40742462815828917,0.4507807011989627,0.020941552458399293,0.034841671359163245,4576.8608522079885
110,"[[ 0.13190234  0.21470153 -0.16158768 -0.33095318 -0.00813655 -0.09410601
  -0.52798467 -0.46046399  0.04530332 -0.29972547  0.36483647 -0.27579742
  -0.00947565]
 [-0.33315191 -0.29111397 -0.15064997  0.18107114 -0.12949238  0.05563458
   0.22490238 -0.2611854   0.06067862 -0.41165652  0.64906424 -0.02807987
   0.12207398]
 [ 0.45886255 -0.10477919  0.13054374 -0.08903337  0.13831209  0.0432475
  -0.56140131 -0.35454598  0.0492783  -0.16373384 -0.19342059 -0.47335384
  -0.03017457]
 [ 0.13255513  0.77724309 -0.26214238  0.11514729 -0.12596758  0.12828916
   0.14387192  0.10783423  0.23859934 -0.22566342 -0.01700602  0.34618854
  -0.06084536]]","['bbo_main', 'random_fill', 'random_fill', 'random_fill']","[[0.10555718 0.17927357 0.2446876  0.15884866 0.27451016 0.39440009
  0.08181052 0.14216084 0.27406777 0.05221261 0.0906973  0.12664489
  1.00007555]
 [0.08248554 0.1417578  0.20393847 0.17021295 0.29074296 0.45177809
  0.09121384 0.16055532 0.26139548 0.05653461 0.11294481 0.16352563
  1.00002918]
 [0.09920839 0.16924197 0.2948887  0.16905873 0.29343588 0.4213768
  0.08539774 0.15302092 0.23333603 0.04670408 0.07900092 0.111748
  0.42331004]
 [0.09529307 0.16447276 0.23063717 0.16359028 0.2809167  0.40649547
  0.09226098 0.16841944 0.26136111 0.05109513 0.08893221 0.19412846
  0.30342171]]",[-0.20224835  0.08079691 -0.06925073  0.24510296],4,0.039413953014359515,0.38264618458210703,0.4256314433822121,0.020944821017377793,0.03637230767983596,3569.4480839711614
111,"[[ 0.24040537  0.33232382  0.21539011 -0.27714602 -0.14494056  0.26587655
   0.29402171  0.29930651  0.27555832  0.328916    0.11271397 -0.49208558
  -0.04314264]
 [-0.3809587   0.35509497  0.09218603  0.04827674  0.50024549 -0.06963108
  -0.28908469 -0.00098589  0.07924597  0.25863213 -0.53807956  0.12779804
  -0.01586527]
 [-0.35211887 -0.10172763  0.01568636 -0.22831267  0.16543406  0.00131577
  -0.52410468  0.38448297  0.09920561  0.43149017  0.39504424 -0.10543426
   0.01435865]
 [ 0.17395005 -0.029868   -0.22559134  0.49281228 -0.53675154 -0.03173289
   0.0050191  -0.01164664  0.00110161 -0.42409367 -0.44575942  0.066109
   0.05380844]]","['bbo_main', 'random_fill', 'random_fill', 'random_fill']","[[0.09613648 0.16575586 0.23733661 0.16163475 0.27910785 0.46897516
  0.09954887 0.18253536 0.36098775 0.04907449 0.08190705 0.11470657
  1.00003016]
 [0.09220433 0.16400913 0.24009242 0.1796562  0.31220715 0.43428537
  0.08621833 0.15757384 0.24791516 0.04760833 0.07985326 0.22287779
  1.00000058]
 [0.0851371  0.14762232 0.21426447 0.16276968 0.28123955 0.40599208
  0.09267479 0.18799157 0.345021   0.06056707 0.10198205 0.13874392
  0.99999714]
 [0.09377871 0.15909478 0.22231764 0.16391589 0.26933236 0.38627932
  0.10053679 0.18361629 0.27476733 0.04432376 0.07840733 0.19782432
  1.00000472]]",[ 0.27791611  0.15638985  0.09235185 -0.10282732],4,0.038736262158372725,0.39502826961516246,0.4382132090924953,0.020837418961525564,0.03901817508739064,3532.6117432538886
112,"[[-0.61971019  0.34033727 -0.26509275  0.07614226  0.33307733  0.01674269
   0.26875552 -0.34701327  0.05693182  0.3405501   0.0206296  -0.01994896
  -0.01225995]
 [-0.03019697 -0.07003102 -0.65422437 -0.20540931 -0.45130545 -0.11479968
   0.05942284 -0.11846458  0.15382195 -0.42307756  0.25853766  0.1403277
  -0.01927132]
 [-0.00167724  0.46802333  0.08811085  0.43127763  0.22633154  0.30801332
   0.42751228  0.03793104  0.29515713  0.27932637 -0.09813459  0.28327304
  -0.04322933]
 [-0.31482265 -0.41078473 -0.25075599  0.27048457  0.55658381 -0.19743203
  -0.05968261  0.2207868  -0.13466504  0.36185065 -0.18862552  0.10060591
  -0.01602067]]","['bbo_main', 'random_fill', 'random_fill', 'random_fill']","[[0.08351313 0.14626214 0.20729953 0.18552972 0.32839052 0.4635306
  0.08638062 0.14886426 0.27140753 0.05298329 0.08994508 0.12783092
  1.00000966]
 [0.08719583 0.14716424 0.20665011 0.15772019 0.26786379 0.38622953
  0.09948943 0.18191168 0.35176502 0.05484143 0.09973255 0.16025241
  0.9999998 ]
 [0.09278496 0.16122522 0.22747554 0.16843551 0.2918895  0.59255942
  0.09279017 0.16752652 0.26417534 0.05103524 0.08763138 0.12964284
  1.00000236]
 [0.08133492 0.13886237 0.19939226 0.1868853  0.32213481 0.44420726
  0.08972732 0.16260788 0.23936281 0.05245911 0.08912629 0.17488345
  1.0000301 ]]",[ 0.06643571 -0.30148924  0.5397144   0.01155319],4,0.03727335015083734,0.3915598390346878,0.4346917614750068,0.020829111798388547,0.03809980848574185,4164.646844025003
113,"[[-0.38427411  0.73265149  0.1876448  -0.1741936   0.12132276 -0.30802387
  -0.07440952  0.08763401  0.19802397 -0.14832512 -0.00674407  0.25444112
  -0.03445591]
 [-0.26791894 -0.24534259  0.19879676 -0.23330592 -0.04487236 -0.06100867
  -0.44404536 -0.00265626  0.06203307  0.20803202  0.70646354  0.15474167
  -0.03153707]
 [-0.13754476 -0.19802963 -0.1024128  -0.00284117  0.27339815 -0.22385784
   0.61533746 -0.43521832  0.09130217 -0.4476316   0.13533394  0.1033682
   0.02729087]
 [-0.15725464  0.52937372  0.12867125 -0.09976088  0.47126973  0.19818724
  -0.12947594  0.25605972 -0.10026384 -0.42110959 -0.18821592 -0.31917146
  -0.01184091]]","['bbo_main', 'random_fill', 'random_fill', 'random_fill']","[[0.09687276 0.17167229 0.26207343 0.16001626 0.27145768 0.38453726
  0.09288831 0.16895972 0.26416039 0.05159872 0.08958719 0.26733313
  0.9999752 ]
 [0.08950148 0.15474495 0.35544712 0.16147197 0.27649867 0.39421502
  0.08729603 0.15948921 0.23931555 0.05994791 0.10896302 0.15755805
  1.00002315]
 [0.08661814 0.15012605 0.21544889 0.16893213 0.29033368 0.40554564
  0.0953924  0.1643647  0.27133994 0.04995032 0.09185072 0.26807246
  1.00000993]
 [0.09654253 0.16788812 0.24902844 0.17335489 0.30605642 0.55651106
  0.08874613 0.15988378 0.23482283 0.04521008 0.07711018 0.11004082
  0.99999983]]",[ 0.10985337 -0.00746206 -0.01858544  0.2683616 ],4,0.04098805330725974,0.4039522192960502,0.44726323188781264,0.02081322985083256,0.037656951717380586,3167.35689065489
114,"[[-0.43181367  0.47383855 -0.06240154 -0.51362615 -0.11093022  0.02867824
  -0.34038936  0.3043328  -0.11976421 -0.28052015  0.0125751   0.08021622
  -0.00831191]
 [-0.30177629 -0.33684149  0.06895328 -0.3997743   0.02246857  0.06234984
  -0.07494026 -0.05557698  0.01982327 -0.34420853  0.16171795 -0.58256892
   0.3652204 ]
 [ 0.0659642   0.53452924 -0.25772629 -0.43441833 -0.24736142 -0.12420896
   0.2819926  -0.10162316 -0.0773717   0.21551685 -0.2010612  -0.4202709
   0.13724187]
 [-0.20820506 -0.10260016  0.34057621  0.40706992 -0.37416611  0.2754142
  -0.21784306  0.291913    0.03524426  0.18990097  0.44376971  0.27998001
  -0.05726109]]","['bbo_main', 'random_fill', 'random_fill', 'random_fill']","[[0.09679432 0.17461821 0.24506894 0.15542358 0.26704568 0.40036157
  0.09193858 0.16853603 0.24379557 0.05108554 0.08966706 0.25105322
  1.00002054]
 [0.08666442 0.14975742 0.3054944  0.16365213 0.28892813 0.44534705
  0.09178312 0.16602389 0.2467758  0.04491987 0.07529639 0.103319
  1.00001082]
 [0.10782449 0.1839214  0.25066247 0.15367392 0.26234679 0.38092339
  0.09951438 0.1736909  0.26295262 0.048734   0.08016397 0.11191251
  1.00008474]
 [0.09048634 0.15722046 0.2934253  0.16533315 0.28325207 0.42058428
  0.08997201 0.16328103 0.24137728 0.05407819 0.09489656 0.13902376
  0.30245987]]",[-0.08289868  0.2038377  -0.06347445  0.25267448],4,0.04070375616909104,0.4059363173478317,0.4492733499358751,0.020722372881480364,0.03506594538744515,3176.8109958420973
115,"[[-0.14438042  0.04223871  0.10028025 -0.55841831  0.53807894  0.04813856
  -0.06379824 -0.03884662  0.1207216   0.02050562 -0.48414077 -0.32905873
  -0.01978368]
 [-0.48090512 -0.47635461  0.03046731  0.10817537 -0.20740954  0.06792168
  -0.09231191 -0.10048209 -0.39318238  0.14734159 -0.53490329 -0.00380078
  -0.02232186]
 [-0.33614502  0.34153644  0.09587483  0.29669777  0.14938325  0.26866985
  -0.25531319  0.02118394 -0.4810131  -0.4945787   0.0885675   0.16476645
  -0.0450725 ]
 [ 0.48502325  0.15174977 -0.04557454 -0.00599128  0.27342865 -0.15566739
   0.17087015 -0.242029   -0.05907636 -0.13045405  0.20801071 -0.69824853
   0.0389047 ]]","['bbo_main', 'random_fill', 'random_fill', 'random_fill']","[[0.09346043 0.16102788 0.26208305 0.17146105 0.31554668 0.44890662
  0.09050282 0.16204673 0.291045   0.04480804 0.07421742 0.10517887
  0.9999987 ]
 [0.0860046  0.1501506  0.24135335 0.17140757 0.29634378 0.46243733
  0.08567623 0.14868447 0.21477694 0.05028337 0.08492737 0.12385756
  0.54125756]
 [0.09380673 0.16339842 0.23325961 0.17201936 0.29939772 0.51060832
  0.08488823 0.1488119  0.21645626 0.0503921  0.08819566 0.1384581
  0.58513443]
 [0.10929914 0.18365375 0.26316253 0.17059019 0.29542902 0.41701333
  0.08703343 0.15108817 0.22896266 0.04491955 0.07449448 0.10171679
  1.00002111]]",[ 0.04890124 -0.27491183  0.13627463  0.02602491],4,0.039868422591675515,0.4347460735186802,0.47837972701552606,0.020540326419621176,0.03732342955043033,3802.4249262269586
116,"[[-0.09358157  0.20590015  0.00556185 -0.07133169 -0.48066739 -0.19378762
   0.4286174   0.4669163   0.00195334 -0.2317628  -0.44529295  0.14215231
  -0.03462779]
 [ 0.03472245 -0.47756035  0.1527099  -0.3417389   0.38201513  0.08960866
   0.07197735  0.62648407 -0.15656617 -0.10654568  0.10272961  0.14360827
   0.10933763]
 [-0.63306506 -0.05984045  0.21781718 -0.36318021 -0.08476787 -0.31420563
   0.29047358  0.10705548 -0.07965627 -0.13937763 -0.37237132  0.22126855
  -0.03414089]
 [ 0.36436668  0.21178014 -0.14816116  0.07089311  0.19372414  0.10566172
  -0.30069738 -0.67542589  0.16689696 -0.10384195  0.39961225 -0.04015689
  -0.0124809 ]]","['bbo_main', 'random_fill', 'random_fill', 'random_fill']","[[0.09508332 0.16429414 0.23224499 0.15692958 0.26609168 0.38080613
  0.10701639 0.19336796 0.279594   0.04811572 0.08310113 0.17087163
  0.67363932]
 [0.08688234 0.14863335 0.35970174 0.16624138 0.29428452 0.42491595
  0.10012741 0.1801472  0.25497096 0.05104904 0.08824908 0.13752299
  1.00001881]
 [0.08975295 0.15715265 0.32116779 0.15768174 0.26871828 0.37989055
  0.09596701 0.17180783 0.24891894 0.05122227 0.08844017 0.20991089
  1.00001583]
 [0.09624145 0.16437897 0.22908483 0.17048635 0.29811178 0.44099521
  0.08386327 0.14615156 0.36543202 0.05238882 0.09124355 0.12987823
  1.00000162]]",[-0.09716005  0.29351383 -0.19700267  0.10275491],4,0.03943786441919936,0.4123871294064156,0.4558037401880708,0.020643144104089194,0.03567576991566401,3714.576889727963
117,"[[ 0.55541823 -0.14802236  0.22128642 -0.23762531  0.01191448  0.19583187
  -0.35429727 -0.32066349 -0.18449458  0.39116642 -0.33105487  0.02435212
  -0.00911172]
 [ 0.04410807 -0.22724838 -0.18505001  0.45922048 -0.3394078  -0.55163849
  -0.00145336 -0.05307868 -0.19191353  0.14272467 -0.28026639 -0.37808963
  -0.01616819]
 [-0.41847147  0.00289571 -0.27491977 -0.01565245 -0.0644114   0.10564951
   0.15691054 -0.34736808 -0.45185047  0.18758013  0.5806183   0.10456654
  -0.03231555]
 [-0.46406237 -0.337263   -0.02914713 -0.01307197 -0.18150063  0.15285306
  -0.16278617  0.57399276 -0.0509972   0.41939149 -0.25545522  0.11376648
  -0.03025998]]","['bbo_main', 'random_fill', 'random_fill', 'random_fill']","[[0.09801689 0.16786285 0.3920794  0.16681126 0.29167178 0.43842448
  0.08475947 0.14887401 0.21774466 0.05117778 0.0867271  0.124515
  1.00000175]
 [0.09390164 0.160759   0.25004259 0.16172491 0.26421994 0.36888084
  0.09371804 0.16826599 0.24884824 0.05048688 0.08508127 0.12028299
  0.69582409]
 [0.08875712 0.15305666 0.21693392 0.16862901 0.29213686 0.46507453
  0.0851753  0.14558728 0.21054577 0.05948522 0.1072757  0.16105518
  0.7113387 ]
 [0.08581733 0.14887757 0.2142682  0.16436827 0.28253959 0.46576307
  0.09914031 0.18491729 0.26830792 0.05210046 0.08869631 0.13233426
  0.4058753 ]]",[ 3.33356344e-02 -4.27753126e-01 -1.33704553e-01 -2.31669942e-04],4,0.038335703503046735,0.4158622178049351,0.45931852994875716,0.020504579373065383,0.035232306150718595,4442.156656895066
118,"[[-0.12847274 -0.4719523  -0.00300995 -0.23554204 -0.33559913 -0.04794139
  -0.2147227  -0.42361965 -0.04164632  0.59004526 -0.1212873   0.00091976
  -0.01351981]
 [ 0.44732236  0.16291099 -0.0421463  -0.40659262  0.40337614 -0.20186286
   0.44892858 -0.37620192 -0.04326765  0.19706056  0.13474033 -0.02142846
   0.0205929 ]
 [-0.06423124  0.63279345 -0.15447249  0.23755743  0.10838139  0.10195043
  -0.03965616  0.27242093  0.01357228  0.40965705 -0.49774621 -0.03632634
  -0.01230138]
 [ 0.13998738 -0.41545646 -0.10227449 -0.23615691  0.14568793  0.2123536
  -0.12293103 -0.6600218   0.20829861 -0.10316113 -0.3351467   0.24104874
  -0.00715035]]","['bbo_main', 'random_fill', 'random_fill', 'random_fill']","[[0.08828712 0.1527384  0.26283898 0.15741144 0.26949785 0.39053377
  0.08490124 0.14844653 0.22526212 0.06209445 0.10502097 0.14904847
  0.87714259]
 [0.11012854 0.18480088 0.26096608 0.15941604 0.28143254 0.39848193
  0.08722949 0.14474332 0.21767183 0.05670184 0.09788968 0.14044894
  1.00003797]
 [0.09983913 0.17260338 0.23643555 0.17513062 0.29968911 0.53192786
  0.09292646 0.17092752 0.25283182 0.04609625 0.07639632 0.11042893
  1.00000025]
 [0.08955767 0.15334865 0.21789478 0.16891867 0.29645791 0.45235542
  0.08716337 0.15628111 0.24619615 0.05131763 0.08844697 0.27953689
  1.0000449 ]]",[-0.30877916  0.05387379  0.20545672 -0.01138655],4,0.04060927686321286,0.42331252959512644,0.4668465284823867,0.02051457369172542,0.035795123875765826,4025.9235986731946
119,"[[ 0.52952512  0.21280817  0.22448032 -0.08057364  0.06591364 -0.14199945
  -0.47757115 -0.31271539 -0.16843392  0.19054026 -0.03203871  0.39918682
  -0.20495502]
 [-0.40118205 -0.23205361 -0.16210547  0.11361465 -0.40162252 -0.00838089
  -0.2902332  -0.47643215 -0.21474664 -0.26923128 -0.14705292 -0.3517563
   0.09728906]
 [-0.4963127   0.24837335  0.22304719  0.05016609 -0.16195594  0.06820012
   0.07329104  0.33175744  0.11392342 -0.24710695  0.62138431  0.18064928
  -0.02468036]
 [ 0.07074593  0.24582704  0.11691062  0.30898589  0.43421345 -0.52885899
   0.0286889  -0.28158232  0.01038767 -0.08441918 -0.36985365 -0.36222897
   0.04292827]]","['bbo_main', 'random_fill', 'random_fill', 'random_fill']","[[0.09515907 0.16433328 0.25505493 0.16439372 0.28341488 0.40782416
  0.08911961 0.16117783 0.2389742  0.05177993 0.0893327  0.13297826
  0.03432754]
 [0.0872218  0.15232675 0.21788788 0.16897041 0.28897047 0.47814702
  0.08400763 0.14466021 0.21261704 0.04687869 0.08017803 0.11345641
  1.00001988]
 [0.09165603 0.16089593 0.39161476 0.16129824 0.27465073 0.39572498
  0.09646525 0.1761565  0.25772853 0.05431279 0.09732627 0.14184976
  1.00000441]
 [0.10342943 0.18064878 0.34659317 0.16829929 0.28387374 0.39192214
  0.08767543 0.15674329 0.23950071 0.04517028 0.07626723 0.10878915
  1.00001427]]",[ 0.00997622 -0.31251845  0.21529277 -0.00739328],4,0.035209427540553104,0.4486809715813355,0.4924043414578108,0.020400552290711745,0.03376858479813871,3011.7470864711795
120,"[[ 0.00563867 -0.13062248 -0.658771   -0.04921988  0.10821787 -0.14955553
   0.23302367 -0.12980269 -0.29638928  0.59187059 -0.0141936  -0.04705694
  -0.02653658]
 [ 0.23140309 -0.63222838  0.14224677  0.00850414  0.21578846  0.11724591
  -0.01302618 -0.29179779 -0.01674971  0.59945739 -0.0792269   0.11925377
  -0.02604709]
 [-0.49651262 -0.541115    0.08292635  0.28985283 -0.01007282 -0.13687442
   0.08939797 -0.08724911  0.10692912 -0.02459419 -0.22678517 -0.52139988
   0.00313017]
 [ 0.37051489 -0.35204311 -0.13514808  0.32010904 -0.49190923 -0.00496532
  -0.02668358 -0.07693119 -0.26978907  0.52090733 -0.15181999 -0.04730915
  -0.00132138]]","['bbo_main', 'random_fill', 'random_fill', 'random_fill']","[[0.08667291 0.14654063 0.20639577 0.16890548 0.29366504 0.42059058
  0.09081876 0.15994797 0.23456157 0.05651331 0.0966284  0.14809443
  0.42634092]
 [0.08848869 0.15072541 0.2758455  0.17186549 0.30285211 0.44735028
  0.08583624 0.15170483 0.22546135 0.05477517 0.09344632 0.1362607
  0.49339015]
 [0.08297816 0.14326996 0.26952617 0.1715333  0.29239175 0.41257135
  0.09606828 0.17652529 0.30545684 0.04558615 0.07586448 0.10536487
  1.0000058 ]
 [0.09318055 0.15746784 0.22139052 0.16250183 0.27282781 0.44043838
  0.08557909 0.14571159 0.20832919 0.06093373 0.10257517 0.14250703
  1.0000277 ]]",[-0.2493814   0.06335383 -0.15035494 -0.19680002],4,0.03548072116500098,0.4591434707989697,0.502911476592762,0.020155012785629253,0.03680644726388796,3884.7422073320486
121,"[[ 0.36677843 -0.18681312  0.08304296  0.31400614 -0.68325203  0.07201869
  -0.32039386  0.22151373 -0.09021814 -0.23920134 -0.14506995 -0.09716304
   0.07413044]
 [ 0.13846237 -0.08126407 -0.19789435  0.07530598 -0.37693438  0.05206045
  -0.50877155  0.08682306  0.05856079 -0.55590842  0.43510337 -0.04000911
   0.12180064]
 [-0.39007846  0.58199575 -0.11014807 -0.50549235 -0.27861839  0.14053903
   0.25643534  0.06069332  0.16225364  0.07582199 -0.14067257  0.14648406
  -0.03634383]
 [-0.2093146   0.12542451 -0.03749238 -0.33229968  0.32501883  0.20847009
   0.53815703  0.20343904 -0.03038789 -0.16618302  0.54129541  0.16428021
   0.0009743 ]]","['bbo_main', 'random_fill', 'random_fill', 'random_fill']","[[0.10198601 0.17299785 0.3287502  0.15864962 0.26108296 0.40427112
  0.08948552 0.16608844 0.24390432 0.0470262  0.08156985 0.11738276
  1.00007976]
 [0.09027548 0.15317906 0.21432605 0.16014223 0.26944619 0.43796966
  0.0867788  0.16800961 0.29919124 0.05257518 0.1024717  0.14593833
  1.00003051]
 [0.09478402 0.165119   0.23164227 0.15766247 0.2704584  0.42370931
  0.09762224 0.17655478 0.28985655 0.05179397 0.08888827 0.13056276
  0.33850297]
 [0.08883013 0.1528181  0.2182492  0.16556913 0.29078408 0.58031855
  0.09604241 0.16987923 0.24541803 0.05368181 0.09573159 0.14867802
  1.0000272 ]]",[-0.04130035  0.01021661  0.01913185  0.29994728],4,0.036951548166863385,0.46961564356137864,0.5134089381691782,0.02003178483659901,0.033115163588445434,2738.547066922998
122,"[[-0.17771917  0.10193045  0.08549338  0.12604117  0.02407638 -0.16207344
  -0.17532322 -0.33537219  0.13841802  0.57932427 -0.14117685 -0.62454825
  -0.00167409]
 [-0.05777965  0.48392953 -0.00526753 -0.06444594 -0.48808665  0.06297874
  -0.35363947 -0.00954901  0.06376012  0.08483011 -0.50890563 -0.34617464
   0.02936676]
 [-0.00490507  0.3010782   0.24891691  0.10386938  0.15532864 -0.45239854
  -0.16324119 -0.65030417  0.05841024 -0.23764616  0.15312496  0.26903921
  -0.05027872]
 [ 0.0930353   0.16365987  0.08666862  0.09474948  0.62914848  0.05901478
   0.44387089 -0.16199859  0.05928847  0.22003791  0.50898157 -0.11669379
  -0.02973248]]","['bbo_main', 'random_fill', 'random_fill', 'random_fill']","[[0.09570513 0.16733209 0.26339905 0.16619752 0.28466985 0.40438797
  0.08746395 0.15900285 0.37705695 0.04980815 0.08096542 0.11030754
  1.00000038]
 [0.10567819 0.18920713 0.26935763 0.15821817 0.26838117 0.42960645
  0.08877386 0.1630758  0.25888784 0.04576662 0.07598494 0.10737534
  0.99999525]
 [0.09712914 0.16921979 0.30807785 0.16252967 0.27596468 0.38881452
  0.08674923 0.15490305 0.23436287 0.05240674 0.09223323 0.15351346
  0.46405379]
 [0.09208095 0.15916297 0.25810399 0.17844484 0.31605    0.44814158
  0.0894245  0.15648977 0.2389901  0.05209823 0.08940338 0.12681135
  0.53112625]]",[-0.08478248 -0.0891309  -0.07056219  0.35407142],4,0.03758811907015808,0.4581466251586108,0.5019112142002549,0.019946361002130784,0.03680734339207832,2868.9193197651766
123,"[[-0.20253131 -0.35311202  0.09061353 -0.18671512  0.13721321  0.10240872
   0.45059812 -0.05777257  0.09305639  0.56312601  0.34984631 -0.32753012
  -0.00945873]
 [-0.1485352  -0.57640368  0.22026994  0.25771796  0.11980166  0.3283087
   0.33380912  0.18041119 -0.14688808 -0.3256091  -0.31959085 -0.17895065
  -0.05370195]
 [-0.45055652  0.21967885  0.01033286 -0.63230565  0.443852   -0.18431875
  -0.0821206  -0.27794597 -0.03396543 -0.09908591 -0.07157709 -0.13307086
  -0.00665357]
 [-0.16604709  0.39129154 -0.6306041  -0.08530811 -0.37060408 -0.04843629
   0.00756346 -0.15691439 -0.0220719   0.03777498 -0.4812271  -0.01379427
   0.12776378]]","['bbo_main', 'random_fill', 'random_fill', 'random_fill']","[[0.08316866 0.14233866 0.2299928  0.16656744 0.29390778 0.48983646
  0.10390267 0.18238538 0.2762188  0.05628867 0.09323278 0.12479324
  0.99999988]
 [0.08902211 0.15347228 0.23482263 0.17084298 0.29705496 0.51358271
  0.09264045 0.16548439 0.24158355 0.04766072 0.08184174 0.11805474
  0.48158125]
 [0.09294866 0.1783661  0.28828561 0.16081923 0.2899594  0.40821405
  0.08490749 0.14560338 0.22110445 0.04814834 0.08232598 0.11710451
  1.00002758]
 [0.09055509 0.15177768 0.20573063 0.15899089 0.27033059 0.41377255
  0.09406693 0.16874876 0.26856789 0.04943782 0.08362046 0.12640442
  1.001351  ]]",[ 0.08909349  0.13490137 -0.13579876 -0.16304773],4,0.036434266344815044,0.48309405438554726,0.5268914857726938,0.019874467647347124,0.035167890024712684,3989.6038198999595
124,"[[ 0.4719065   0.41950993  0.08674028 -0.1712597  -0.32630426  0.10524074
  -0.10922565  0.49430514  0.13000813  0.32911584  0.02449203  0.15773987
   0.19985729]
 [-0.20304515 -0.00704973  0.12919772  0.36016904  0.13276164 -0.20067671
  -0.22472247 -0.45016655  0.20227658  0.55056308  0.33819179  0.20568428
  -0.02338896]
 [-0.11120684  0.25685536 -0.10197556  0.22949059 -0.00275632 -0.15815951
   0.54198397 -0.70358773  0.03402588 -0.04115721 -0.20279715  0.02768098
   0.00666878]
 [ 0.17148388 -0.21003812  0.05972762 -0.12151122 -0.02335527 -0.4089431
  -0.13880295  0.37508194  0.05141702  0.68661589 -0.19440965 -0.26175327
  -0.00415552]]","['bbo_main', 'random_fill', 'random_fill', 'random_fill']","[[0.10429511 0.17649703 0.24665992 0.15524811 0.26436529 0.39046937
  0.0985809  0.18604857 0.28464043 0.05251958 0.08973638 0.20737488
  1.0000473 ]
 [0.08990564 0.15663011 0.23251432 0.16732905 0.28619846 0.40327753
  0.08624625 0.1551471  0.28485107 0.05838645 0.10272479 0.24751726
  1.00000874]
 [0.10079204 0.17581107 0.24451957 0.17024004 0.28850324 0.40214608
  0.08587156 0.13999586 0.27156392 0.04875262 0.08435837 0.13198155
  1.00002022]
 [0.09296392 0.15832587 0.27380898 0.15601363 0.25886613 0.36344541
  0.10416716 0.19645521 0.29517436 0.05232227 0.0857221  0.12008029
  1.0001452 ]]",[ 0.44316082  0.09081827 -0.06782574 -0.11651283],4,0.038865968854398525,0.4850922130034915,0.5288875432182257,0.019918602396756937,0.037408168738671616,3529.521784531884
125,"[[ 0.53581368 -0.24020122  0.13036568 -0.13987241 -0.50260346  0.009383
  -0.10414723 -0.09612892  0.04423686 -0.47479747  0.32028247  0.1255392
  -0.01146265]
 [-0.25849059 -0.13851504 -0.08802895 -0.61006454  0.57393455 -0.23506106
  -0.08849713  0.23616657  0.03757331  0.28066596  0.07222831 -0.0143678
   0.01410363]
 [-0.20309086  0.45122185  0.21684749  0.4398586   0.12062538  0.06926716
   0.12171172  0.13080665  0.15676963 -0.10276835 -0.29641122 -0.58297373
  -0.0229336 ]
 [ 0.00224167  0.16955484 -0.6426317  -0.50953743  0.02767783  0.069513
   0.29980835  0.40716895 -0.0188962  -0.18296998  0.02105294  0.03493908
  -0.04328355]]","['bbo_main', 'random_fill', 'random_fill', 'random_fill']","[[0.10103406 0.17122139 0.34967908 0.15484446 0.26179774 0.37885454
  0.08945078 0.16147214 0.24084721 0.05302444 0.09799882 0.1580074
  1.00000251]
 [0.08367412 0.14219157 0.20577999 0.16131555 0.28970516 0.40457334
  0.10158874 0.19232587 0.32130064 0.05628057 0.09535587 0.13459923
  1.00004668]
 [0.09600941 0.16818399 0.38553938 0.16928932 0.29026368 0.41431383
  0.09433845 0.17128373 0.25878686 0.04513576 0.07606757 0.10715378
  0.999997  ]
 [0.08879912 0.15211969 0.2137355  0.16241805 0.28165436 0.44376746
  0.10041188 0.18308698 0.26504238 0.05116085 0.08815891 0.12795831
  0.26662892]]",[-0.09068912 -0.00332298  0.24003767 -0.07040784],4,0.03736947138119829,0.4945882512127127,0.5383640313139221,0.019790302829291288,0.03301069473901323,3836.183438443113
126,"[[-0.11420889  0.00852309 -0.33138542  0.09504661  0.14537324 -0.51774582
  -0.51298754  0.27879352 -0.13922115  0.3776882   0.24592871  0.12403016
   0.00787749]
 [-0.54354984 -0.09836455  0.11000687 -0.39151499  0.31149465 -0.12692939
   0.33280443  0.2647979   0.02254084 -0.36899844 -0.2729518  -0.15585957
   0.00360049]
 [-0.04213106  0.19065894 -0.19677906 -0.58892817  0.4193965   0.15013356
  -0.33061032 -0.1630423   0.1874905  -0.37102059  0.19711009  0.17380681
  -0.0112297 ]
 [ 0.09215993 -0.22195065 -0.08355864 -0.47302955 -0.03657204  0.06642765
   0.11176093 -0.36366752 -0.10577411 -0.2828815  -0.46166493 -0.50641504
  -0.01448887]]","['bbo_main', 'random_fill', 'random_fill', 'random_fill']","[[0.08954381 0.1535692  0.21803545 0.16165628 0.27112438 0.37945439
  0.08891022 0.16500037 0.24518488 0.06308543 0.11144887 0.22021754
  1.00005296]
 [0.08669286 0.15112726 0.3054644  0.16311608 0.28223985 0.40021749
  0.11136137 0.19946155 0.28586468 0.04454639 0.07643182 0.11010812
  1.00000735]
 [0.0901116  0.15416618 0.21615013 0.16734273 0.29804881 0.44059495
  0.0874862  0.15867147 0.39642781 0.0514188  0.08937078 0.13927035
  0.99999889]
 [0.09323368 0.15816099 0.22377898 0.16405413 0.29071564 0.49263468
  0.0881079  0.15292137 0.22622775 0.04385835 0.07342    0.10259979
  1.00000745]]",[-0.17017049 -0.00966828  0.10670605 -0.28316391],4,0.03506655204547976,0.48908958112839396,0.5328786072208815,0.019873374647387622,0.0368468867472701,4322.422479098896
127,"[[-0.29349084 -0.19135961 -0.25891123  0.47497573  0.11139109  0.16941528
  -0.39925027  0.17137773 -0.16928515  0.0827322   0.56262352 -0.03744451
  -0.03574408]
 [-0.03013293 -0.14657345 -0.08577625  0.46561872 -0.49502041 -0.02799969
  -0.52500325  0.01453884 -0.11404501 -0.30647202  0.02461373 -0.35218619
  -0.01444248]
 [ 0.02043749 -0.5312477  -0.05049731 -0.4042803   0.4796082  -0.45068179
  -0.04933026  0.04950734 -0.29758451  0.04966003 -0.00127587 -0.14932073
   0.00470432]
 [ 0.52219749 -0.30119758 -0.13707027 -0.33862608 -0.06741256  0.16083395
   0.17054194 -0.49993865  0.12826493  0.40392867 -0.03440663 -0.11316315
  -0.00993549]]","['bbo_main', 'random_fill', 'random_fill', 'random_fill']","[[0.08529592 0.14785298 0.21164351 0.17898534 0.30691008 0.48533029
  0.086646   0.15724095 0.23234331 0.05403889 0.09470802 0.1347541
  0.51577619]
 [0.09360273 0.16022834 0.23309838 0.16633856 0.27845626 0.41787028
  0.08691741 0.16009863 0.23705255 0.04745995 0.08192644 0.115841
  0.40305041]
 [0.08558019 0.14516603 0.24676346 0.16554151 0.28951262 0.3995584
  0.08781323 0.15221665 0.21888803 0.05411898 0.09295689 0.1333935
  1.00000235]
 [0.09229228 0.15634867 0.22032962 0.16390508 0.28716387 0.59801
  0.0887401  0.1579128  0.24997033 0.05312476 0.09008246 0.12718663
  1.00000098]]",[ 0.08059542 -0.24787768 -0.27055603 -0.0454979 ],4,0.037884841283503,0.4975886436356865,0.5413549629889989,0.01968375400999547,0.035496289856186775,3456.80627527507
128,"[[ 0.26570124  0.42487741  0.22099201 -0.10613351 -0.0776108  -0.24859948
   0.0082123   0.65241041  0.2509262  -0.25465508  0.06772144  0.24924443
  -0.02694765]
 [-0.1448223  -0.6214093   0.19298039  0.20242899 -0.4628972   0.05379369
   0.40346463  0.22701668  0.07522267 -0.17705907  0.08129102  0.19527479
  -0.03770088]
 [-0.16591729 -0.64814083 -0.16490293 -0.36443132 -0.10288563 -0.43639754
  -0.03764022 -0.1769126  -0.02891714 -0.18985172 -0.28518512 -0.18295119
   0.08340905]
 [ 0.25689677  0.29565386  0.02062565 -0.29479195 -0.23575111  0.14302848
  -0.14446203 -0.22094441  0.0277442   0.56141751 -0.49202404  0.16235467
   0.17069748]]","['bbo_main', 'random_fill', 'random_fill', 'random_fill']","[[0.09950712 0.17009811 0.2719353  0.15675795 0.26607555 0.37737232
  0.10101555 0.18929158 0.3258762  0.05067884 0.08811286 0.16878016
  1.00000123]
 [0.08836185 0.15251455 0.2735478  0.16121641 0.27302572 0.39411225
  0.10143407 0.18373621 0.26584504 0.05191972 0.09062637 0.1466342
  0.4146524 ]
 [0.08659995 0.14759685 0.21778386 0.15679888 0.2655253  0.37485506
  0.09637064 0.17572061 0.30137861 0.05001204 0.08514619 0.12225016
  1.00000777]
 [0.10232292 0.17494171 0.24297932 0.16041826 0.27867996 0.43975411
  0.08688812 0.15658856 0.23371534 0.0519537  0.08737857 0.25832793
  1.00000653]]",[ 0.24198095 -0.01351931 -0.41015518  0.19107801],4,0.03650353753246588,0.4940882625469913,0.5378654659634011,0.019690199395431072,0.03458691634766233,3411.490373645909
129,"[[ 0.20981161 -0.246429   -0.04674294  0.00846958  0.06976672  0.03815381
  -0.05066715  0.61660151 -0.60816683 -0.17503651 -0.31268085 -0.07203512
  -0.02108226]
 [ 0.41369867  0.46461085  0.13245818  0.26677003 -0.20126615  0.13482866
  -0.26980195  0.20902517  0.17064459  0.39144901 -0.40548273 -0.0469544
   0.01159498]
 [-0.33260697 -0.09746185 -0.34969118 -0.17767544 -0.225257    0.10507297
   0.72086759 -0.21355221 -0.27809351  0.03406968 -0.06951231  0.12103585
   0.03173727]
 [ 0.0727394  -0.18485423 -0.25141966  0.06410965  0.19273927 -0.16758391
  -0.16854111 -0.22643349 -0.29692704  0.24960771  0.39630504 -0.58589624
   0.31225505]]","['bbo_main', 'random_fill', 'random_fill', 'random_fill']","[[0.0920863  0.15678443 0.22371732 0.17034138 0.29747782 0.46366947
  0.09223616 0.16138355 0.22673696 0.04711978 0.08139616 0.11861447
  0.34290568]
 [0.10495934 0.17951832 0.25286333 0.16373564 0.27960136 0.41718872
  0.09033095 0.16839375 0.37283966 0.04836978 0.08082542 0.11528677
  1.00000081]
 [0.08507558 0.14549907 0.20502882 0.16455417 0.28551811 0.46302552
  0.09444199 0.16095972 0.22921523 0.05335091 0.09357104 0.21931455
  1.00000823]
 [0.08816774 0.15088725 0.21598168 0.18241575 0.31634017 0.45535153
  0.08370676 0.14227343 0.20951382 0.05289822 0.08697931 0.11866792
  1.00064593]]",[-0.08241537  0.27076888 -0.13551547  0.10264525],4,0.04074817268794645,0.4840930899138204,0.5278895582761379,0.019801605735356245,0.03378269228613423,4202.115909219952
130,"[[-0.36763142  0.08595534  0.17729802 -0.34449372 -0.49983947  0.17063817
  -0.36313743 -0.27912009 -0.45287113  0.06124155 -0.0316526   0.08877203
  -0.02982374]
 [-0.19720279  0.24051246 -0.01955641  0.39865709 -0.30307403 -0.32941195
  -0.4282671   0.18356987 -0.01153099 -0.3321213   0.46465551 -0.00888503
   0.00754833]
 [-0.47933665 -0.19056622 -0.18111882  0.33103179 -0.63229191 -0.21286199
   0.01674102 -0.31404183 -0.16817972 -0.05970323 -0.12209487 -0.01858141
   0.02068045]
 [ 0.05374694 -0.53032458  0.08966009 -0.18030945  0.07226113  0.20817869
  -0.38467653  0.39668247  0.18159671  0.29488582  0.37850049  0.21705619
   0.10541635]]","['bbo_main', 'random_fill', 'random_fill', 'random_fill']","[[0.09569508 0.16882704 0.32095454 0.16016043 0.27571256 0.43838027
  0.08445289 0.14366729 0.2059314  0.05320679 0.09251434 0.1331048
  0.90873049]
 [0.09731399 0.17032258 0.26087025 0.15943845 0.2581394  0.35924763
  0.09079669 0.16932558 0.25472563 0.05620697 0.10516335 0.15094746
  0.9999978 ]
 [0.08905135 0.15564254 0.22841392 0.16150611 0.26416885 0.37142495
  0.089299   0.15709054 0.23181321 0.05473854 0.09600695 0.16252777
  1.0000459 ]
 [0.08760195 0.15005967 0.21611014 0.16550366 0.28587674 0.45701878
  0.09257125 0.174298   0.2626333  0.05556639 0.09733646 0.25513992
  1.00000373]]",[-0.26093063 -0.09067718 -0.39049921  0.32571033],4,0.03819058825894439,0.5116009269812932,0.5553021921191105,0.019561900353288593,0.033178413009833374,4432.296854062006
131,"[[-0.17787149  0.09575004  0.115599   -0.1191627  -0.0520357   0.1010634
   0.05535502  0.70506832 -0.31761072  0.49495844 -0.18188345 -0.18362475
   0.07657463]
 [ 0.26722843  0.07473138 -0.05006618  0.37717359 -0.28953593 -0.19128362
   0.4804739   0.04808328 -0.10026955 -0.57656974  0.24094403 -0.15466797
  -0.01368021]
 [ 0.11490257  0.4834961  -0.10278525  0.13240608  0.43106047  0.07886909
  -0.07978657  0.14086956 -0.21879727 -0.61836095  0.25589274  0.10435664
   0.00867384]
 [-0.2186226  -0.60833947  0.0679607   0.4075137  -0.0396352   0.10891597
   0.06143863  0.14654766 -0.4702932   0.281302    0.23607186  0.12614988
  -0.02839715]]","['bbo_main', 'random_fill', 'random_fill', 'random_fill']","[[0.09265214 0.16245157 0.35122357 0.16239678 0.28095054 0.43286237
  0.10310352 0.18347258 0.25265007 0.05025169 0.08235181 0.11534971
  1.00004214]
 [0.10274012 0.17464901 0.25430336 0.16056042 0.26281677 0.36941157
  0.10775779 0.18734662 0.2652133  0.04618965 0.08272377 0.11952486
  0.89493917]
 [0.09889135 0.16876522 0.23420695 0.18131059 0.32033561 0.47494657
  0.08439994 0.14696493 0.21365036 0.0473942  0.08534631 0.17152016
  1.00001865]
 [0.08562074 0.14847271 0.21746319 0.17358447 0.29878365 0.46562637
  0.08690764 0.1516568  0.21844472 0.05626164 0.09957674 0.16691815
  0.61185125]]",[ 0.1695656  -0.06166244  0.25476525 -0.01680462],4,0.03399316955500509,0.5311468532903989,0.5746998725494193,0.019474351271141895,0.0325455242100623,3851.7598395089153
132,"[[ 0.29999918  0.0774008  -0.19914686 -0.40919981 -0.11135165  0.06826206
   0.21824525  0.42548306 -0.28981766 -0.35333891  0.12141742 -0.47407869
   0.05333368]
 [ 0.17089538  0.17006344 -0.16125751  0.36335938  0.13165513 -0.29013988
  -0.23380604 -0.14111932 -0.57081307 -0.33182083 -0.01660864 -0.38268739
   0.1583885 ]
 [ 0.02317538  0.21748621 -0.28625369 -0.25686419  0.18142026 -0.25190158
   0.13394872  0.23395326 -0.24865106 -0.18542852  0.14680975 -0.69717955
   0.1771289 ]
 [ 0.14062755  0.28952133 -0.15804429 -0.0287641   0.69861719 -0.39560362
  -0.10837482  0.28695936 -0.2636165  -0.15490782 -0.16930891  0.09732739
  -0.01757014]]","['bbo_main', 'random_fill', 'random_fill', 'random_fill']","[[0.0973682  0.16535931 0.22820893 0.15854508 0.27783743 0.46266784
  0.10791741 0.18829061 0.25887647 0.04470333 0.07555239 0.10484202
  1.00005874]
 [0.1029315  0.1757413  0.25797627 0.17536895 0.29916927 0.42262587
  0.08352828 0.13929664 0.19877395 0.046284   0.08047713 0.11579291
  1.00000689]
 [0.09750388 0.16687265 0.23615593 0.16066236 0.2754528  0.39878724
  0.10678094 0.18676477 0.26607825 0.04329355 0.0717951  0.09971054
  1.00002734]
 [0.0965828  0.16586649 0.23220644 0.17250582 0.29891042 0.4115986
  0.08833154 0.15887294 0.23081317 0.04817873 0.08378212 0.17763556
  0.52014896]]",[-0.04201804 -0.06890156 -0.01883243  0.02760967],4,0.0348746645136831,0.5171104741311386,0.5607767391670402,0.019514513108188466,0.03221695129716365,3834.182704639854
133,"[[-0.60166909  0.50498917  0.01801918  0.12511004 -0.10959181  0.05590648
  -0.15238515  0.07106402 -0.09444149  0.47917891  0.06986496 -0.2417601
   0.14742835]
 [ 0.13963575  0.3778636   0.03158361 -0.15910528 -0.19351927 -0.06037259
  -0.47134717 -0.50311147  0.0487883   0.53933166 -0.03672649  0.01431281
  -0.0145756 ]
 [-0.42119158  0.19488723  0.03465828  0.0575618   0.09458743  0.03548452
  -0.44409949  0.09616159 -0.00319538  0.5381274  -0.33567599 -0.3213119
   0.24065266]
 [ 0.40967295  0.39956078 -0.03054949 -0.47339909 -0.03531377 -0.01935368
  -0.02256631 -0.19913937 -0.17220846  0.4123858  -0.31012485 -0.33115172
   0.01162934]]","['bbo_main', 'random_fill', 'random_fill', 'random_fill']","[[0.09246022 0.18507128 0.28020967 0.16457114 0.2811611  0.44590555
  0.0857342  0.15355069 0.22595303 0.05220304 0.08508586 0.11747811
  1.00008224]
 [0.10739164 0.18694507 0.28180674 0.15761488 0.26854409 0.38584696
  0.08317086 0.14512962 0.24366007 0.05807978 0.09870182 0.1401099
  1.00002055]
 [0.08955695 0.163644   0.26358717 0.18295472 0.31493132 0.46868823
  0.08539144 0.15890665 0.237944   0.04683467 0.07587611 0.10420993
  1.00003115]
 [0.11234417 0.19192624 0.27045322 0.15957343 0.27825263 0.40626338
  0.08554838 0.14868664 0.21813294 0.04971353 0.08158882 0.11387979
  0.99999995]]",[ 0.18408928 -0.09100667  0.24376549 -0.07877032],4,0.03717189353713907,0.5266332637835991,0.5702264758753843,0.019528839544258804,0.03319996391954208,4180.403277443023
134,"[[-0.30598711  0.22358515 -0.44963198  0.15295399 -0.21888007  0.02605825
  -0.19007166  0.43618664 -0.23698328 -0.17056431  0.38745222 -0.34618003
   0.02512154]
 [ 0.34917071 -0.26992253  0.19004793  0.44693214  0.37795877  0.1521153
  -0.14594653  0.17315422  0.19243712  0.35189082 -0.41455605  0.13683454
  -0.02531429]
 [-0.63032736  0.13311839 -0.02511754 -0.36611774 -0.42327477 -0.02661236
   0.42375204 -0.14134614 -0.02985096 -0.12839768  0.01881067 -0.22723004
   0.03892537]
 [-0.27949254  0.33128769  0.55513072  0.34555983 -0.00677907  0.00782367
  -0.26990998 -0.14543677 -0.30516758 -0.03487896 -0.32113833 -0.28733682
  -0.10200093]]","['bbo_main', 'random_fill', 'random_fill', 'random_fill']","[[0.08362961 0.14067446 0.19340864 0.16752967 0.28511302 0.46660414
  0.1006171  0.18508212 0.26066268 0.0510827  0.08707303 0.11973518
  1.00001931]
 [0.0890674  0.15243383 0.27511378 0.18112733 0.31394284 0.44839186
  0.08911236 0.16387538 0.32173752 0.04850523 0.08225246 0.1211067
  1.00000429]
 [0.08831663 0.15938552 0.25611385 0.15163539 0.25825602 0.3785781
  0.10846247 0.18768445 0.26804695 0.04958873 0.08457575 0.11894934
  1.00005016]
 [0.0954435  0.1661198  0.3129405  0.16675749 0.28736336 0.41268021
  0.08826808 0.15903829 0.23470209 0.04958112 0.084553   0.12102588
  0.27168649]]",[-0.09719287  0.36156734 -0.19723515  0.05103795],4,0.03577120095558965,0.5151066935750743,0.5587863036503369,0.019476591484911977,0.03460284073694164,3829.644706329098
135,"[[ 0.08827884 -0.09915646  0.06445878  0.03875425  0.15563049  0.0468668
  -0.08196056  0.47397561 -0.27383791 -0.33531103  0.65409242 -0.21255617
   0.24185234]
 [ 0.41036133 -0.60263055  0.10927981  0.27857092 -0.24359844 -0.05254217
  -0.16812394  0.16485869  0.08243075  0.49152072  0.01598298  0.11251438
  -0.00698947]
 [-0.06706422 -0.10878442 -0.03351596  0.11909772  0.34792671 -0.23144542
  -0.3087885   0.49718346 -0.19169174  0.27071045  0.19806983 -0.54944685
   0.00675881]
 [ 0.34330068 -0.05186131  0.04589667 -0.00087275  0.15844794 -0.25152909
   0.36664635 -0.56217842 -0.10560196 -0.3544881  -0.44001566  0.0874179
  -0.02077909]]","['bbo_main', 'random_fill', 'random_fill', 'random_fill']","[[0.08898529 0.15216444 0.31053191 0.17243155 0.30293643 0.44600463
  0.09400617 0.16599064 0.23005927 0.05295008 0.09827536 0.1353475
  1.0000275 ]
 [0.08923482 0.1519761  0.28075677 0.16138082 0.27149654 0.38461605
  0.09319496 0.17628007 0.26780882 0.05866406 0.10005256 0.22036989
  1.00000019]
 [0.08559293 0.14846358 0.23480148 0.18181203 0.30912994 0.42479137
  0.09525617 0.18548122 0.26763121 0.04825936 0.07846566 0.10530733
  1.00000029]
 [0.10213982 0.17424111 0.26765337 0.16636119 0.28597169 0.40159099
  0.08636081 0.14787932 0.22091586 0.04643259 0.08108725 0.15064612
  0.57771715]]",[ 0.35510358  0.01803316 -0.00986289 -0.14330725],4,0.03392660297613115,0.5341569143340414,0.5776811356303372,0.019372128181365078,0.03966760508804276,5077.257969419006
136,"[[-0.37262253 -0.43261564  0.11354389  0.54517808  0.27305537 -0.25789338
  -0.12731448 -0.25989596 -0.22181499 -0.22416102 -0.1275611   0.15246575
  -0.00969506]
 [-0.32100135  0.14344228 -0.09816501  0.16395668 -0.72909709  0.04430832
   0.11714841  0.36960827 -0.04973938 -0.30099464  0.10474308 -0.22725346
  -0.01724637]
 [ 0.17697367 -0.4075191   0.13609763 -0.26566915 -0.13276897 -0.31382032
  -0.23911295 -0.01482505  0.21159572 -0.55476191  0.26330635  0.31415704
  -0.13943408]
 [ 0.07473924  0.62520077  0.13989866  0.01298375 -0.37640388  0.16201394
  -0.45634393 -0.34980288  0.0356983  -0.09392109 -0.17226245  0.1338439
   0.16605273]]","['bbo_main', 'random_fill', 'random_fill', 'random_fill']","[[0.08600844 0.15061113 0.27118401 0.18130446 0.3072849  0.42426489
  0.08441191 0.14795424 0.21800031 0.05067154 0.08911388 0.20194221
  0.99999948]
 [0.09006182 0.15590245 0.22203499 0.15610008 0.26153457 0.42495113
  0.11359143 0.20596762 0.29310755 0.04831161 0.08326905 0.11820276
  1.00007567]
 [0.09235663 0.15856608 0.24828638 0.16407518 0.28169901 0.40265129
  0.09089273 0.16488402 0.25234377 0.05194858 0.09043381 0.13470389
  0.03901764]
 [0.10589877 0.18893568 0.28987918 0.16119961 0.27413608 0.46727023
  0.08446051 0.14944851 0.22349952 0.05063127 0.08788797 0.13113431
  0.99999943]]",[-0.09226736 -0.14967854 -0.16074627  0.22206963],4,0.037031587006270975,0.521119095753204,0.5647565496936862,0.01944338015684353,0.033256413092550854,3200.5376973350067
137,"[[ 0.31781704  0.48498361  0.24474845  0.16650194  0.42990655 -0.34691607
   0.45375344 -0.07885513  0.23263354  0.01341234 -0.05429472 -0.00770603
  -0.03965162]
 [ 0.06818456 -0.47554399 -0.25590719 -0.28109175 -0.229855    0.06048366
  -0.39236412  0.21811992 -0.01875543 -0.05524066  0.59798016  0.06900089
  -0.03074953]
 [ 0.31207058  0.1041201   0.17719806 -0.07264991  0.47581738  0.27212045
   0.47444035 -0.08692995  0.27608658 -0.05476894 -0.48396185 -0.07690036
  -0.05133653]
 [ 0.4292952  -0.02048822  0.03778819 -0.30404418 -0.42219302 -0.13309169
   0.45289052 -0.18537737 -0.25274591  0.28569125 -0.1050381  -0.32303583
   0.15841398]]","['bbo_main', 'random_fill', 'random_fill', 'random_fill']","[[0.10110463 0.17536098 0.39031563 0.16293378 0.27780608 0.39067097
  0.09454159 0.17001692 0.26911989 0.04918045 0.08405636 0.12276757
  1.00000216]
 [0.08794672 0.14933254 0.21210669 0.16269628 0.27990017 0.44202502
  0.09136597 0.16833211 0.24827726 0.05733914 0.1034304  0.14989717
  0.39030192]
 [0.09464875 0.1624663  0.23114631 0.16850128 0.29504512 0.47445447
  0.09343529 0.16745073 0.26787827 0.04699821 0.08065825 0.1168407
  0.34034734]
 [0.1062558  0.18126862 0.30815672 0.1537016  0.26110421 0.37789379
  0.09217166 0.15818665 0.22831084 0.05143127 0.08483194 0.11816935
  1.00007705]]",[ 0.27133476 -0.14939633  0.38033022 -0.07296612],4,0.03705828398870675,0.5371677783193076,0.5806615957730652,0.019280574871815254,0.03481559501054274,4021.136008298956
138,"[[ 0.28519727 -0.22911314  0.1871121  -0.21441864  0.28221217 -0.34152533
   0.13039798  0.203931    0.29280292  0.09107995 -0.62603564  0.20495619
  -0.04849616]
 [-0.02130053  0.05621189 -0.37192074 -0.45615597  0.41367489 -0.02310659
   0.45380474 -0.28328166 -0.1017581   0.14001602 -0.40221832 -0.0074296
  -0.01847058]
 [ 0.40621458  0.49025963  0.12361978 -0.40181135  0.06104477  0.08539326
  -0.21817729  0.4322377  -0.04496751 -0.28432922  0.28116113  0.1020888
  -0.01062392]
 [-0.56213582 -0.02134012  0.08035663 -0.10671339  0.46253939 -0.51288231
  -0.16451398  0.16818512 -0.27698814  0.12362426 -0.12956845  0.15602005
  -0.01501071]]","['bbo_main', 'random_fill', 'random_fill', 'random_fill']","[[0.09255817 0.1581761  0.23366378 0.16178286 0.2760992  0.39041397
  0.09886194 0.18316008 0.35282925 0.04933803 0.08403117 0.13439333
  0.60563403]
 [0.08888186 0.15055308 0.21106767 0.17113139 0.31345012 0.45530675
  0.0925009  0.15864572 0.23137547 0.04959102 0.0838282  0.12338959
  0.56741644]
 [0.10915217 0.18850855 0.34055768 0.15667849 0.26974029 0.39843566
  0.09193685 0.16804995 0.24483228 0.05075224 0.08964293 0.13280733
  1.00000204]
 [0.08961078 0.15668386 0.24440439 0.16572167 0.2837829  0.39629663
  0.0891302  0.16020378 0.23366778 0.05306156 0.09197578 0.2910414
  0.99999969]]",[ 0.04738534 -0.0955269   0.22166921 -0.1511574 ],4,0.035628581150042755,0.5436940796503722,0.5871164967320626,0.019250096043507105,0.032178333247439836,4354.983935654862
139,"[[-1.10270911e-01 -9.40347017e-02 -5.42674123e-01 -1.94136580e-01
   3.86202172e-01 -1.33797961e-01  5.04486521e-01 -1.58772259e-02
   7.23128315e-03 -1.90660370e-01  1.35397947e-01 -4.12498583e-01
  -1.04634599e-02]
 [ 2.09161020e-01 -5.00156610e-01 -3.49988196e-02 -2.09596130e-01
   1.29232510e-01 -1.48866991e-01 -2.24004619e-01  2.59499192e-01
  -1.99915701e-01  2.71917802e-01 -6.23788651e-01  8.67966879e-05
   3.92605240e-02]
 [-2.66112730e-01  3.86688613e-01 -3.40167279e-02  1.08058565e-01
  -1.41548002e-01  1.01673596e-01 -6.42283843e-01 -3.74909277e-01
   1.90703966e-01 -1.27246309e-01 -7.31465978e-02 -3.52646133e-01
  -3.30747012e-02]
 [-1.59562930e-01 -3.25296507e-02  1.20534376e-01 -4.14113475e-01
  -3.82782884e-01 -2.31325928e-01  3.27261289e-02 -3.26934412e-01
   2.20610283e-01 -3.67374407e-01  4.10594233e-02 -5.41268907e-01
  -3.43612912e-02]]","['bbo_main', 'random_fill', 'random_fill', 'random_fill']","[[0.08362216 0.13882233 0.19442421 0.17254901 0.30343943 0.42954103
  0.10805498 0.18919658 0.2873425  0.04726942 0.08058762 0.11387924
  1.00000004]
 [0.08662591 0.14282889 0.23149801 0.16660195 0.29012471 0.40745732
  0.0953004  0.17510718 0.24993267 0.04603001 0.07557042 0.12828941
  1.00002078]
 [0.09559579 0.16622478 0.23339655 0.16799051 0.28955798 0.42746802
  0.08643542 0.15781112 0.30815949 0.04831161 0.08247263 0.11682594
  0.36636858]
 [0.09609223 0.16644668 0.26843095 0.1577637  0.26879639 0.38632717
  0.09230346 0.1670052  0.38276432 0.04853616 0.08290283 0.11735219
  1.00004446]]",[-0.10351829 -0.14072687 -0.06988224 -0.32542846],4,0.03336658395520459,0.5703408270920869,0.6133931126944948,0.019017446234078358,0.03357019918668702,5412.547714178218
140,"[[ 0.06095401 -0.05084501  0.19366331 -0.44835129  0.56662085  0.05402792
   0.09328469 -0.16359665  0.10151804  0.49854789  0.31923616  0.18419049
   0.03220497]
 [-0.03651536 -0.06518903  0.15405208 -0.00525352  0.07190684  0.15781561
   0.74867892 -0.10712751 -0.4332618  -0.11095542 -0.39494927  0.10864598
  -0.02772768]
 [ 0.00716898  0.1112246  -0.18023286 -0.1824364  -0.51022739 -0.24055844
  -0.22614959  0.32581353 -0.27602191 -0.3254458  -0.44589048 -0.25568342
  -0.00411409]
 [-0.09761261 -0.08159804 -0.14062486 -0.4301845  -0.25898631 -0.16591483
   0.4068751  -0.54211177 -0.05866273 -0.05045352 -0.46597003 -0.0368487
  -0.02173837]]","['bbo_main', 'random_fill', 'random_fill', 'random_fill']","[[0.09070902 0.15617501 0.37763921 0.16606325 0.29417483 0.42200753
  0.0884927  0.15752385 0.23520717 0.05722902 0.09880684 0.15089072
  0.99999679]
 [0.09488696 0.1639146  0.28525449 0.16958191 0.29736634 0.47123668
  0.09099185 0.1522398  0.21512495 0.04821931 0.08292225 0.12308532
  0.65678245]
 [0.10090486 0.17256867 0.25436696 0.15562122 0.25841643 0.37076056
  0.10029842 0.18155205 0.25839909 0.04560875 0.07802591 0.11268898
  1.00002999]
 [0.09424096 0.16166487 0.23602983 0.15877921 0.27227678 0.39019921
  0.09247598 0.16176955 0.24183103 0.05105628 0.08674742 0.12798054
  0.30811239]]",[ 0.31218836  0.04032464 -0.39277497 -0.37781137],4,0.03605660402419231,0.5617867909075047,0.6049717303848375,0.0190658527497001,0.03239562435178195,3481.682368058944
141,"[[-0.00203861 -0.0170492   0.05431393 -0.10861763 -0.45475729 -0.0210383
  -0.02330316 -0.55775698  0.09217359  0.23377597  0.58162753 -0.25346512
  -0.01980796]
 [-0.15794095  0.4710534  -0.26235188  0.22298336 -0.03024806  0.08998447
   0.21218392 -0.07208456 -0.51593832 -0.51008292 -0.13846381  0.0535086
   0.16422725]
 [ 0.22389238 -0.24513703 -0.05027807 -0.22659436 -0.40201633 -0.02168502
   0.40538319  0.4893294   0.2816982  -0.2740622  -0.07655258 -0.32693994
  -0.05316953]
 [ 0.11196004  0.21325539 -0.15158622 -0.36270543 -0.36192629 -0.03887542
   0.0972963   0.34443675  0.10296387 -0.09648157 -0.55312638 -0.44807522
   0.01475975]]","['bbo_main', 'random_fill', 'random_fill', 'random_fill']","[[0.09646356 0.16731586 0.25793601 0.15683155 0.26653685 0.38793118
  0.08601922 0.15152937 0.27554282 0.06007209 0.10407717 0.14204727
  0.73949239]
 [0.09684051 0.16771651 0.23140247 0.17651529 0.30509901 0.49464482
  0.08512434 0.14092949 0.19757693 0.04731276 0.08356823 0.13266816
  1.00002152]
 [0.09079005 0.15506805 0.22145586 0.16023865 0.27249502 0.39484172
  0.10523968 0.19360063 0.3369462  0.04846007 0.08279552 0.11841206
  0.57110952]
 [0.09643257 0.16483121 0.22994448 0.15671102 0.26728414 0.38857978
  0.10901673 0.20080704 0.33711887 0.04488094 0.0751817  0.10710744
  1.00003317]]",[-0.17264301  0.11923188 -0.03962339 -0.12225578],4,0.03630786613735609,0.5668177738864266,0.6099262876910592,0.018972986077241124,0.030750693918255065,3102.111857063137
142,"[[-0.33635943  0.21837281 -0.01097029  0.36992211 -0.65113551  0.00646031
   0.06968693 -0.1314909   0.02693393  0.40069484 -0.29334455  0.09199288
  -0.01587815]
 [-0.03305891  0.0290355   0.03188029 -0.11731053 -0.13469894  0.07880675
   0.57547785 -0.37241537  0.08806968 -0.43651243 -0.35171317 -0.38107185
   0.14780524]
 [-0.15505517 -0.28172519 -0.57010751 -0.44176885 -0.1509048   0.08210006
  -0.414173    0.05377167 -0.02401675 -0.36201819 -0.19075739  0.0612234
   0.02631584]
 [-0.04766843 -0.2712798  -0.26867727  0.20233444  0.65196874  0.02491195
   0.06305073 -0.3769319   0.3246493  -0.12212191  0.10521366  0.32741583
  -0.02625689]]","['bbo_main', 'random_fill', 'random_fill', 'random_fill']","[[0.0956985  0.16856092 0.23887113 0.15914525 0.26541667 0.38553769
  0.09211161 0.16519049 0.25336954 0.05381934 0.09135623 0.20739502
  0.62481711]
 [0.09631669 0.16688579 0.23754177 0.16427143 0.28434088 0.44654724
  0.10023183 0.172622   0.31737155 0.0425292  0.07151461 0.10030707
  1.00003952]
 [0.08420607 0.13929976 0.19477018 0.16373469 0.2865604  0.49680319
  0.08936002 0.16615688 0.24672923 0.05031865 0.08747185 0.13598563
  1.00017822]
 [0.08770944 0.15063195 0.21486855 0.17192093 0.29907268 0.4256676
  0.0891017  0.16113104 0.29341311 0.05179273 0.08957139 0.25818163
  1.00000042]]",[-0.11401427  0.07406879 -0.27238717  0.23911492],4,0.038518877654298,0.5708442124843007,0.6138882813328168,0.018968453465726738,0.03097804798950049,3243.608506218996
143,"[[ 3.90836216e-02 -9.74763580e-02  4.38204616e-01 -7.05018595e-01
  -1.42308586e-01 -2.03991668e-02 -5.99416841e-02  2.68742386e-02
   5.88019386e-02  2.30476814e-01 -1.67409596e-01 -2.91800501e-01
  -3.24287680e-01]
 [-1.32125779e-01  4.90564435e-01  2.00392199e-01 -2.37085933e-01
  -3.51313439e-01  1.54498755e-01  1.82475385e-01  3.30670946e-01
  -2.40010653e-01 -1.86846901e-01 -4.53529245e-01 -2.39516459e-01
  -4.14886512e-03]
 [ 5.80906149e-04 -6.42517929e-02  1.65100349e-01  4.24901998e-01
   1.83422260e-01 -4.89440616e-01 -2.49212087e-01 -3.90035130e-01
   1.54875870e-01 -2.38231892e-01 -1.95726777e-01 -4.25857506e-01
  -1.53971266e-02]
 [-1.42035537e-01  4.53801318e-01  1.24936772e-01  3.13789948e-01
   2.08683399e-01  6.11293918e-02 -4.52674498e-01  1.13766509e-01
   3.41013029e-01  1.33895327e-01  3.56076586e-01  3.59498850e-01
  -6.65323618e-02]]","['bbo_main', 'random_fill', 'random_fill', 'random_fill']","[[0.09352876 0.16174136 0.25695202 0.16424933 0.28341099 0.40923913
  0.09043807 0.16359096 0.24600092 0.05148283 0.08848774 0.12655942
  0.01711783]
 [0.10096671 0.17777035 0.37841063 0.16045923 0.27489066 0.41242287
  0.0950884  0.16915006 0.2419128  0.04628796 0.07876103 0.1120699
  1.00000273]
 [0.09625599 0.16709079 0.36980747 0.16492667 0.27749541 0.3868631
  0.08714908 0.15902211 0.2609853  0.04646829 0.07863056 0.11159927
  1.0000337 ]
 [0.09359559 0.16257205 0.23069762 0.16679575 0.28662123 0.41001064
  0.08903929 0.16346708 0.2749725  0.05211133 0.09086163 0.17722141
  0.28320021]]",[-0.09598034  0.01866346 -0.15070049  0.38278029],4,0.03193490085308727,0.5728579847714681,0.6158687251695,0.01892484883028554,0.029931356181250205,2711.5182347937953
144,"[[ 0.26186263  0.57903615  0.05188368  0.28586348 -0.457189    0.11115688
  -0.10827646  0.17938213  0.18101803 -0.32772291 -0.28416772  0.15446767
  -0.04092045]
 [-0.36455765 -0.43815132  0.15325876  0.43369476 -0.52496142  0.16485426
  -0.21453984 -0.19360734 -0.03183777  0.04100847 -0.11958993  0.16805168
   0.17897129]
 [ 0.0364183   0.34667423 -0.49894176  0.06655789 -0.19068818  0.04528906
  -0.42786762 -0.48884659 -0.01296166  0.35129707  0.12370981 -0.15749272
   0.03126313]
 [-0.4547991  -0.09886222 -0.17846969  0.50616702  0.07739533 -0.42547809
   0.02582734  0.15425752 -0.21133624 -0.41280518 -0.22660057 -0.13123086
  -0.01424816]]","['bbo_main', 'random_fill', 'random_fill', 'random_fill']","[[0.10128795 0.17373728 0.24195583 0.16176636 0.27358068 0.39822646
  0.09318502 0.17118813 0.3023576  0.04867207 0.0843333  0.12612416
  0.36798748]
 [0.08742527 0.15255903 0.24974589 0.16661121 0.2838459  0.46317644
  0.08702316 0.15765627 0.23304887 0.05241779 0.09166837 0.24318125
  1.00004634]
 [0.09231255 0.15607584 0.21330523 0.16667671 0.28863005 0.47785416
  0.08144961 0.14092197 0.21927951 0.05878156 0.09918817 0.13611499
  1.00000982]
 [0.08611037 0.15111249 0.22699536 0.17368993 0.28982178 0.40204793
  0.09754941 0.17449226 0.25194097 0.04579628 0.08013817 0.11951371
  0.55520324]]",[ 0.14496654  0.09358759 -0.13509512 -0.23979652],4,0.03420605730548973,0.6076545894710298,0.6499723491118341,0.018717602036153518,0.03293607368035356,3689.3674161401577
145,"[[ 0.25882927 -0.13311575 -0.30693798  0.26572059  0.18726948 -0.2147758
  -0.60413605  0.37534509  0.04256677 -0.31335265  0.21768703 -0.12581167
  -0.01372635]
 [-0.37957123 -0.22941429 -0.15273749 -0.47839502  0.35486791 -0.02291279
   0.00234513  0.11481989 -0.42066574 -0.33349172  0.34573224 -0.05955903
  -0.01429808]
 [ 0.2549066   0.14157628 -0.44313331 -0.37699729  0.22122868 -0.13541552
  -0.2650987  -0.39916696 -0.28844126 -0.32627231 -0.26610987 -0.13795038
   0.0098423 ]
 [ 0.0381295  -0.53940844 -0.03542478  0.40343935  0.00577477  0.02226423
  -0.40238538 -0.04002058  0.08462891 -0.30955619 -0.35642009 -0.06989577
   0.38028145]]","['bbo_main', 'random_fill', 'random_fill', 'random_fill']","[[0.08675989 0.14316425 0.20078143 0.17272226 0.2934327  0.40817039
  0.0920426  0.19089793 0.32172636 0.04987993 0.08734198 0.12481999
  1.00001308]
 [0.08445174 0.14434025 0.20748286 0.17401584 0.31789445 0.46755407
  0.08671176 0.14749214 0.21055563 0.05458359 0.0965506  0.13673628
  1.00002207]
 [0.09940407 0.16700012 0.22876012 0.16975954 0.30205083 0.44470312
  0.08335049 0.1395209  0.20214089 0.04623615 0.08049205 0.11851914
  1.00000361]
 [0.08401784 0.14286268 0.20729999 0.18747559 0.31960708 0.44982296
  0.08651332 0.16242931 0.30469696 0.04546513 0.07885962 0.11557974
  1.00000157]]",[-0.04135307 -0.15671027 -0.28889224  0.32079062],4,0.03291229785902965,0.6253488461683752,0.6672274842086714,0.018609516578971034,0.032685276198776037,4599.15818148409
146,"[[-5.82259235e-01 -4.29901183e-01  1.40626093e-01 -2.65455081e-01
   3.63781477e-01  1.07542367e-01 -2.69688043e-01  3.54939583e-01
   4.48463613e-04 -2.41899657e-02  1.36046364e-01  1.53556099e-01
  -2.50507760e-02]
 [-1.39621515e-01  4.82972173e-01  5.45258353e-02  3.17585662e-01
  -2.58524365e-01  3.23861622e-02  4.04515242e-01 -2.38396227e-01
   8.88524529e-02 -3.19352692e-01  4.88902513e-01 -7.45222003e-02
  -2.45115140e-02]
 [ 2.06818664e-01 -9.25927999e-02  2.10584276e-01 -2.91866738e-01
   3.58273875e-01  2.41968093e-01 -9.50594208e-02 -6.57597570e-01
   2.39349183e-01 -8.13216859e-02  3.47517599e-01  6.86616677e-02
  -3.68367333e-02]
 [-3.92401962e-01 -3.12128953e-01 -7.02639448e-01 -6.20054938e-02
   2.38006614e-01  7.35733441e-02 -1.19224794e-01  9.80713375e-02
   3.03241248e-01 -1.26951214e-01  6.59683519e-02  2.24247418e-01
  -4.94573031e-02]]","['bbo_main', 'random_fill', 'random_fill', 'random_fill']","[[0.08404898 0.14581361 0.256767   0.17079892 0.30077532 0.4380775
  0.09233885 0.16934239 0.24835215 0.05227999 0.09008504 0.18609536
  0.71079852]
 [0.09923047 0.17524008 0.26613113 0.16205559 0.273706   0.39598655
  0.09226876 0.16256641 0.26572135 0.05154675 0.09107743 0.1303277
  0.31699232]
 [0.0949037  0.16291055 0.235578   0.16841591 0.29703638 0.55834659
  0.08571018 0.15141699 0.27116982 0.05191711 0.08979551 0.12853479
  1.00000341]
 [0.08414595 0.14354577 0.20367545 0.16928239 0.29246239 0.42080617
  0.09467978 0.1751919  0.36638476 0.05191526 0.08948543 0.14354518
  0.83230945]]",[ 0.09274947  0.11158676  0.20267732 -0.02352812],4,0.0359816375666482,0.6106857543850286,0.6529325084805042,0.018695276427671843,0.033483018007184506,2104.510173643939
147,"[[ 5.10730590e-01  8.69745070e-02 -2.40346109e-01  3.41236800e-01
   2.29211401e-01 -2.52933896e-01 -1.03442544e-01  8.02687116e-02
  -9.52102720e-02 -3.31151665e-02  5.77161845e-01 -2.83631096e-01
  -2.06465424e-04]
 [-3.01672642e-01 -7.01741294e-02  7.40819854e-02 -1.64005656e-01
   2.82394485e-01  7.21259670e-03  5.17785147e-01  3.20750522e-01
  -2.01323055e-01  3.41516927e-01 -4.67692008e-01  7.87146349e-02
   1.96991368e-01]
 [-9.73363633e-02  5.95361280e-01  1.76590977e-01 -1.26617116e-01
  -2.45868724e-01 -1.36141843e-01  2.41843844e-01  1.04772108e-01
   6.53372686e-02  1.81621203e-01  6.25510410e-01  1.06770984e-01
  -2.20023614e-02]
 [-1.34518676e-01  1.36450981e-01  2.33960802e-01 -1.66189979e-01
   2.36671545e-01 -1.35741124e-01 -4.13047894e-01 -2.26161752e-01
  -6.15584117e-01 -3.02290441e-01 -3.12579983e-01  1.29237060e-01
   7.32904814e-04]]","['bbo_main', 'random_fill', 'random_fill', 'random_fill']","[[0.10288505 0.17013167 0.23317937 0.1777704  0.29582215 0.40498858
  0.08516421 0.15368337 0.24861463 0.05656963 0.10059486 0.13727212
  1.00014749]
 [0.08558783 0.14936469 0.26417236 0.16764028 0.29581306 0.42494783
  0.11359359 0.19391544 0.26493094 0.04750883 0.07915182 0.13687032
  1.00001318]
 [0.10094882 0.17790648 0.3427978  0.15487938 0.26210666 0.37310557
  0.09451786 0.16897918 0.24871442 0.05780539 0.10250674 0.14611379
  1.00000313]
 [0.09641382 0.16938546 0.36964495 0.16766827 0.29040882 0.41328567
  0.08417352 0.14284347 0.20561531 0.049523   0.08568039 0.13279065
  1.0000085 ]]",[ 0.03423294  0.29702927  0.14680734 -0.13611222],4,0.03386792079385878,0.631928758244763,0.6736287748953276,0.01841789100418308,0.03087135397603713,3536.067222855054
148,"[[ 0.1588685   0.4980246  -0.09617839  0.03178075  0.04737855 -0.2717141
  -0.30947465 -0.2628572   0.04772695 -0.45289674 -0.51182848  0.07801689
  -0.00905048]
 [ 0.31839472  0.12504109 -0.56567393  0.19430116  0.1203456  -0.0148492
  -0.12347629  0.35134767  0.03721593 -0.46234901 -0.39341376  0.03440629
  -0.02728818]
 [-0.11064867 -0.57953731 -0.04148733 -0.22579828  0.04297075 -0.52589154
   0.12539975  0.04367169 -0.04455703  0.1383125   0.52457681 -0.08273974
   0.00205564]
 [ 0.36537528 -0.11837783 -0.34387802 -0.19000707  0.14335853  0.03507865
   0.23005476 -0.37878117 -0.27468317 -0.39805059  0.38047142  0.13940792
   0.28611553]]","['bbo_main', 'random_fill', 'random_fill', 'random_fill']","[[0.10932143 0.18818206 0.25803708 0.16259827 0.27413964 0.38517591
  0.08628839 0.15481198 0.24652035 0.04489571 0.07871205 0.17521626
  1.00001589]
 [0.08923224 0.15180737 0.21216331 0.1699455  0.29230283 0.41685996
  0.09915706 0.18541329 0.28160135 0.0458343  0.07971853 0.11898785
  0.3879454 ]
 [0.08805164 0.15145467 0.24195497 0.15644773 0.2600077  0.36435433
  0.10039319 0.18034252 0.26298891 0.06095377 0.10834765 0.15168636
  1.00000148]
 [0.09164016 0.15415255 0.21616624 0.1687438  0.29639829 0.43813321
  0.08540553 0.14527691 0.21113584 0.05473255 0.10240155 0.23412444
  1.00002781]]",[-0.1118653  -0.00627926 -0.25979864  0.20925897],4,0.03406201956140752,0.6405397350381776,0.6819932171886718,0.018467484083226536,0.02933425357737207,4370.430593928089
149,"[[ 0.29824111  0.29225751  0.04734466  0.32039467  0.37024033 -0.07109282
   0.12011594  0.30321752  0.08978746  0.42430004  0.28790981 -0.44834085
   0.01577488]
 [-0.4802627   0.17310557 -0.28909599 -0.29479925  0.39442988 -0.48577096
   0.2177219  -0.0176752  -0.24277959  0.07041906 -0.05695072 -0.24989754
  -0.00652491]
 [-0.17976452  0.0682912  -0.55398369 -0.24203015 -0.40379619  0.00732525
  -0.22213333 -0.14956426  0.1063982  -0.08961745 -0.57862927  0.0919875
  -0.01007   ]
 [ 0.05123077  0.58966895 -0.09063157 -0.53388685 -0.19973932  0.15012619
  -0.41992172 -0.19710734  0.03950785 -0.19660954  0.15613824  0.11899148
  -0.00657049]]","['bbo_main', 'random_fill', 'random_fill', 'random_fill']","[[0.09995854 0.17004721 0.23855343 0.17718853 0.30278032 0.42104312
  0.09836344 0.18306073 0.31281581 0.04909109 0.08000859 0.10769268
  0.99999803]
 [0.08753707 0.15416411 0.22833054 0.16150719 0.27495425 0.38277635
  0.09924413 0.16988653 0.24903893 0.05163969 0.08607063 0.12318277
  0.8384803 ]
 [0.08789851 0.14880698 0.20840806 0.15969899 0.27272257 0.40015314
  0.09160437 0.1701118  0.34621731 0.04904837 0.08352175 0.13920958
  1.00004693]
 [0.10308918 0.1769962  0.2437996  0.15843872 0.27487866 0.53874445
  0.08599193 0.15424437 0.23125545 0.05237317 0.09212526 0.14389472
  1.00000207]]",[ 0.33650775 -0.28584339 -0.32588136 -0.01379543],4,0.03267335852194775,0.6253488461683752,0.6672274842086714,0.018522897531551855,0.03320543225185524,3932.6367441939656
150,"[[ 0.49704463  0.51729589 -0.42703447 -0.31500488  0.07246496  0.15366011
   0.11917147  0.08242448  0.09998399 -0.24967419  0.25726809 -0.12370014
   0.00917984]
 [ 0.24134628 -0.17941867 -0.12148903 -0.0350215  -0.58156432  0.06052087
   0.52496756 -0.47733994 -0.14102356 -0.12741511  0.07623548  0.078792
  -0.01040922]
 [ 0.41089164 -0.10899154 -0.50696013 -0.51821034  0.10915699  0.0932291
  -0.17507405 -0.12750174  0.0556626  -0.36560643  0.2695223  -0.12925701
   0.01038336]
 [ 0.02148165  0.07518452 -0.17232367  0.07725294  0.38055352 -0.25930163
   0.1104855   0.54393206 -0.45758379  0.08148181  0.43217202 -0.18776674
  -0.00661106]]","['bbo_main', 'random_fill', 'random_fill', 'random_fill']","[[0.09937753 0.16768694 0.22936587 0.16217459 0.28401096 0.57187966
  0.09412154 0.17079372 0.26327904 0.04942547 0.0850524  0.12184591
  1.00003763]
 [0.0938019  0.1596388  0.22426406 0.15693966 0.26687917 0.44239271
  0.08842078 0.14846713 0.21403725 0.05527008 0.10076585 0.18448545
  0.99999945]
 [0.08811727 0.1431728  0.19664829 0.16555024 0.29795732 0.5202429
  0.08909643 0.16073568 0.25289728 0.05143232 0.08936675 0.12740382
  1.00004909]
 [0.08668644 0.1482665  0.22569891 0.17505321 0.29962105 0.41961791
  0.10088672 0.17139701 0.23160007 0.05849125 0.10375744 0.14629822
  1.00001162]]",[ 0.15082855 -0.21704782 -0.10667202  0.00677824],4,0.033399677698507296,0.6152341494439679,0.6573710998641669,0.018546800304140715,0.03347533378715453,5077.8133270938415
151,"[[ 0.66986673 -0.37653026 -0.10286566 -0.27925878 -0.02390261 -0.01218858
  -0.19243369 -0.05767078  0.02607793 -0.33250756 -0.38843864 -0.00582255
   0.13304272]
 [ 0.56839881 -0.20865506  0.02919705 -0.38520187  0.2825      0.10269038
  -0.30521777 -0.39230676 -0.02842636 -0.09508019  0.32011641  0.18312577
  -0.02968185]
 [-0.23287777 -0.12820095 -0.00465057  0.47319698  0.21015636 -0.30426553
  -0.1715939   0.38400739 -0.14638749 -0.31540625  0.46422869  0.04829141
   0.23020724]
 [-0.29775469 -0.09015922 -0.09334799  0.64244902  0.13454057 -0.02195215
   0.39064623  0.1275436   0.07037435  0.06290655  0.27042901 -0.46034068
  -0.01867584]]","['bbo_main', 'random_fill', 'random_fill', 'random_fill']","[[0.0995804  0.1611267  0.22260633 0.1622633  0.28456733 0.41244267
  0.08912562 0.16482766 0.30413927 0.04304622 0.07466545 0.11316262
  1.00001611]
 [0.09575242 0.1630888  0.23111203 0.1669173  0.29401388 0.43705167
  0.08450744 0.14773007 0.22132883 0.05476859 0.09773195 0.27184113
  1.00002088]
 [0.08523998 0.14862668 0.21729284 0.17698263 0.29322947 0.40005124
  0.09332227 0.16960781 0.24530803 0.05446195 0.10604444 0.18640542
  1.00006652]
 [0.08297823 0.1431196  0.20621884 0.18483363 0.313436   0.43672005
  0.1027639  0.18519511 0.30280121 0.0472694  0.07924211 0.10957384
  1.00000014]]",[-0.00365982  0.04692369  0.26821743  0.13482828],4,0.03476257933039692,0.6359800617379112,0.6775659039005537,0.01843605462912964,0.03205038880338243,4362.348294636933
152,"[[-0.39726827  0.18854064  0.112521   -0.37293078 -0.07517918  0.16112541
  -0.42338144  0.20552963  0.1312061   0.54652153 -0.27168479  0.10764446
   0.02199214]
 [-0.02455208 -0.17472714  0.12582974 -0.02751512  0.46958564 -0.36570872
  -0.24135972  0.07151207 -0.21615956 -0.48048161 -0.49088554  0.12662217
  -0.00812843]
 [-0.4519018  -0.23503474 -0.33762032 -0.30312221 -0.15832941  0.00836534
  -0.32120545  0.0335979  -0.32522405  0.49554889 -0.0339117  -0.16708093
   0.15756748]
 [-0.24271017  0.09265227  0.13827066  0.14041033 -0.01636765  0.20693254
  -0.07600559 -0.49076705 -0.16517027  0.73597913 -0.05796    -0.17766651
  -0.00917141]]","['bbo_main', 'random_fill', 'random_fill', 'random_fill']","[[0.09257692 0.1617446  0.23207726 0.16180641 0.28042614 0.58623046
  0.09032701 0.16918118 0.2610994  0.05285397 0.08935871 0.12930933
  0.99999594]
 [0.09197951 0.15843556 0.33977212 0.16913012 0.2907567  0.40544505
  0.08616542 0.15405874 0.22539932 0.04548742 0.07977    0.17254842
  1.00001396]
 [0.08331296 0.14285152 0.20284874 0.16485531 0.28804638 0.4733234
  0.08549903 0.1504632  0.21798095 0.05810104 0.09762065 0.13532914
  1.00015055]
 [0.0932673  0.16302515 0.24745243 0.17011672 0.29581461 0.57717579
  0.08446277 0.14705131 0.217595   0.05282261 0.08944444 0.12626589
  0.99999983]]",[ 0.10416966 -0.10937701 -0.16416666  0.05272365],4,0.03404186637557283,0.6354735595828098,0.6770738519921136,0.018425453124427463,0.030654588581452036,4261.591263478855
153,"[[ 0.25866127  0.07261746 -0.1456885   0.43423534  0.10994988  0.19338173
   0.39981105  0.6284845   0.04124667 -0.21794361 -0.07250442  0.24159343
  -0.02972356]
 [-0.07016645 -0.51549938  0.18186304  0.25288365  0.14790278 -0.06488272
   0.71677188  0.06749378  0.26180418 -0.12119765 -0.04401169 -0.02645652
  -0.04520106]
 [ 0.11418685 -0.16051604 -0.2365644   0.567436   -0.33256125  0.02173659
   0.1291709   0.48268559  0.13813061 -0.07316834  0.4439074   0.031957
  -0.00098639]
 [-0.09288056  0.34657624  0.00082115  0.18945961  0.33402405  0.13986681
  -0.08920789  0.64260101  0.06207637  0.036239    0.51966962  0.08304795
   0.03483343]]","['bbo_main', 'random_fill', 'random_fill', 'random_fill']","[[0.0889168  0.15247745 0.21657684 0.16783484 0.28910028 0.43993529
  0.10222364 0.18621341 0.26862973 0.04841131 0.08390752 0.25457627
  1.00003849]
 [0.08843782 0.1522985  0.22970383 0.16672729 0.28711488 0.40950521
  0.10205887 0.18458021 0.32928708 0.04881763 0.08366436 0.12135479
  0.46320642]
 [0.08572927 0.14571145 0.20641205 0.1622694  0.27255455 0.39469655
  0.110139   0.20382486 0.34758634 0.05371513 0.09449659 0.13459372
  1.00000094]
 [0.08860342 0.15274751 0.21768512 0.17357096 0.29870306 0.52088361
  0.09769919 0.18531659 0.27095725 0.05363752 0.09453008 0.13541066
  0.99999083]]",[0.37638802 0.15319021 0.14954086 0.4747369 ],4,0.0337120507737268,0.6395262943007882,0.6810095497927031,0.018335169415802176,0.03173143245612642,3409.34748322214
154,"[[-0.39975161  0.09261558  0.07097641 -0.3129662   0.03601495  0.10853134
  -0.25755481 -0.15265195 -0.02246869 -0.54666791  0.2589049  -0.50938882
  -0.0079324 ]
 [-0.14815734  0.10784582  0.2256009  -0.05059668 -0.50535655  0.1583347
   0.34046772  0.34941301  0.35890345  0.12060168 -0.36403964  0.34001941
  -0.05482278]
 [ 0.15584097 -0.06697994 -0.09951332  0.0328166   0.10665625 -0.31043329
  -0.26790489 -0.03111032 -0.14644706  0.70717354 -0.47316948 -0.17261089
   0.06735843]
 [-0.39665084 -0.46299757 -0.06386242 -0.20176685  0.20351536 -0.22826892
   0.450769    0.10788893 -0.15627572 -0.02564918 -0.28039047 -0.41348486
  -0.02206021]]","['bbo_main', 'random_fill', 'random_fill', 'random_fill']","[[0.09285794 0.16322341 0.26450855 0.16713775 0.29259465 0.5426905
  0.08683959 0.15635779 0.23390676 0.04563763 0.0778101  0.10862573
  1.00006226]
 [0.09294152 0.16108164 0.23197152 0.1600603  0.27167866 0.39368284
  0.09989431 0.18387348 0.40407865 0.05125581 0.08808462 0.1523118
  1.0000233 ]
 [0.10126647 0.17213821 0.26211097 0.16410133 0.27181029 0.3760908
  0.08477301 0.15119917 0.22613806 0.0527545  0.08455725 0.11864036
  1.00001011]
 [0.08577882 0.14883699 0.22569357 0.16807641 0.29115553 0.41219416
  0.10568066 0.18554698 0.26413055 0.04673539 0.07845291 0.11128302
  0.54905778]]",[-0.10565966  0.18723948 -0.12056251 -0.24104099],4,0.03465752782422925,0.6613383635207878,0.7021353057998723,0.018227367985800703,0.030469167280842285,3946.056650350103
155,"[[ 0.07422434  0.04619906  0.03414947  0.14652229  0.04351856  0.00533416
   0.46391286 -0.07112079 -0.29760966  0.67363614  0.37509    -0.2537633
  -0.00896258]
 [-0.56691829 -0.61741469  0.11418298  0.22759243 -0.28949537  0.05816805
  -0.16472692 -0.1547863   0.04948838  0.02017816  0.27998045  0.11183844
  -0.02299333]
 [-0.18076688 -0.3287832   0.07478203  0.05522528  0.19660258 -0.23717258
   0.01130761 -0.07094458 -0.73297412 -0.4212885   0.18568567 -0.02596631
  -0.02509754]
 [-0.13052398  0.35009011 -0.39388661 -0.42374793  0.30266165 -0.03729847
   0.08796691  0.13926391  0.08475435  0.34456921 -0.23665367 -0.46822825
   0.06640532]]","['bbo_main', 'random_fill', 'random_fill', 'random_fill']","[[0.09590922 0.16587413 0.27276947 0.16868424 0.29226423 0.42527712
  0.08771249 0.14375551 0.20050018 0.06326097 0.1050358  0.14052244
  1.00000217]
 [0.08299529 0.14348954 0.27442388 0.166967   0.28451479 0.41077916
  0.08854173 0.16033051 0.24005653 0.05622619 0.10168215 0.15726629
  0.66292696]
 [0.09042753 0.1563502  0.28707032 0.17042403 0.29386404 0.4155339
  0.08489298 0.14145965 0.19894379 0.05208931 0.0931928  0.13684659
  0.80290472]
 [0.0891807  0.15204193 0.21130693 0.16553699 0.29210596 0.42043893
  0.10598497 0.19305591 0.33747078 0.0461214  0.07533199 0.10377176
  1.00007999]]",[ 0.07198725 -0.12035372 -0.26089192  0.04163597],4,0.032613347851393124,0.658291871431905,0.6991904733901446,0.018235909772458363,0.03396638734849594,3580.625637385063
156,"[[-3.41022044e-02  1.35527424e-01 -5.46695471e-03  3.62704901e-01
  -3.04730995e-01 -1.71033330e-02 -1.90517150e-01  3.04386022e-01
  -1.24164530e-01  6.53759889e-01 -3.57982974e-01 -2.36247056e-01
   4.26543796e-04]
 [ 1.99451347e-01 -3.98890998e-01 -1.06284353e-01 -3.06831717e-01
  -5.06644348e-02 -8.81216429e-02 -2.00565829e-01  1.71814155e-01
  -3.05551665e-01  3.88943671e-01  1.00993777e-01 -6.00449662e-01
  -1.43339206e-02]
 [ 4.08048632e-01 -3.11284420e-01  1.99294967e-02  7.03744471e-02
   8.67964169e-02 -2.60853390e-01  5.42104576e-01 -7.29953403e-02
   1.06928157e-01 -2.21628472e-01  5.41727347e-01  4.24432275e-02
  -2.53381158e-02]
 [-4.60231744e-01 -2.24586282e-01  1.21841475e-01  4.46197198e-01
   4.87295224e-02 -2.84383790e-01 -3.72198881e-01  4.42828402e-02
   1.49221896e-01 -5.10842613e-01  1.47920491e-02  1.25616502e-01
   2.90364534e-02]]","['bbo_main', 'random_fill', 'random_fill', 'random_fill']","[[0.10258109 0.17776238 0.26433069 0.16350485 0.26661571 0.38197737
  0.0980005  0.18280617 0.25904036 0.04980125 0.07987934 0.10845399
  1.00000432]
 [0.09211803 0.15654854 0.23164693 0.16337986 0.28412016 0.41640317
  0.08939576 0.15999587 0.23177065 0.05200132 0.08452163 0.11471348
  0.36562013]
 [0.0912673  0.15563063 0.22339345 0.16004579 0.27104715 0.38246873
  0.10090718 0.17937125 0.30832005 0.05462881 0.09945599 0.14243047
  0.4832952 ]
 [0.08688783 0.15177517 0.25437469 0.16971286 0.28701561 0.39936569
  0.0894377  0.16833337 0.38357014 0.04946637 0.0879025  0.14139717
  1.00002208]]",[-0.02575032 -0.27652901  0.03841624 -0.01271099],4,0.03326493360866465,0.6577842170288886,0.6986995737116839,0.018211794917232658,0.03346053949584579,5307.399405420059
157,"[[-3.42196786e-01  1.35469947e-01  3.90394347e-02 -6.47645589e-01
   3.26536412e-01  4.61584240e-02 -3.82566546e-01  1.92849678e-01
  -6.17554282e-02  3.65778651e-01  9.58381796e-02 -4.90613478e-02
   4.55614949e-02]
 [-1.19508886e-01 -3.79565362e-01 -1.35832613e-01 -5.95430883e-01
  -1.11503946e-01 -3.32240788e-02 -1.82057444e-01  1.23408715e-01
  -7.15492236e-04  1.74078570e-01  3.37766492e-01 -5.12133531e-01
  -8.77021555e-03]
 [-2.46081708e-01 -1.23789176e-01 -1.44812309e-01 -3.51564439e-02
  -2.60468386e-01 -6.65136825e-01  4.40809768e-02 -7.74522534e-02
   1.16745376e-01 -1.77174475e-02  4.94152031e-01 -3.33924661e-01
   1.18681901e-01]
 [ 1.01558267e-01  1.54848948e-01  8.95978852e-02 -1.72256670e-01
   1.88702262e-01 -1.90346290e-01  1.45750209e-02 -3.66294985e-01
  -3.12340250e-01  7.30824763e-01 -2.14511680e-01  1.92652986e-01
   8.36132760e-02]]","['bbo_main', 'random_fill', 'random_fill', 'random_fill']","[[0.08915964 0.15440781 0.24760307 0.16038004 0.30869437 0.47347745
  0.08653884 0.15683559 0.2308963  0.05848071 0.09813294 0.13581883
  1.000004  ]
 [0.08582479 0.14546115 0.20825971 0.15606414 0.26977924 0.39523428
  0.10114161 0.19168313 0.31593865 0.05335055 0.08729004 0.11744336
  1.00001152]
 [0.090809   0.15670675 0.22433051 0.15606117 0.25710506 0.35963128
  0.10031268 0.18443091 0.32994685 0.0554017  0.09614375 0.1338848
  1.00001597]
 [0.09747734 0.1693027  0.25241251 0.16400503 0.28320004 0.40345654
  0.08495598 0.14727254 0.21567961 0.05516067 0.09433213 0.26651528
  1.00001693]]",[ 0.07143309 -0.25502588 -0.23672769  0.04208939],4,0.031454283040330266,0.6618462067941092,0.7026260166113011,0.01816606825271498,0.030561387467484935,3750.100900113117
158,"[[-0.22187609  0.04414691  0.09465686  0.11577342 -0.06138652  0.14454191
   0.14656687 -0.71821882  0.1550456   0.25208373 -0.48493076 -0.20379234
  -0.01426044]
 [ 0.39258198  0.02452195 -0.03587838  0.01458482  0.28980518 -0.16767071
  -0.57063771  0.43876572 -0.09108083 -0.1835788  -0.39524568 -0.12235662
  -0.01864508]
 [ 0.31871187  0.16776049  0.05737365 -0.41607116 -0.01552185  0.02103463
   0.306395    0.02775053 -0.14525593  0.6976438  -0.22902195 -0.19499299
  -0.01616674]
 [ 0.1941125  -0.25174052  0.19733763  0.26791975  0.28929853 -0.20225199
  -0.07363343  0.04602671 -0.62923523 -0.20233085  0.42989748  0.17929026
   0.04746025]]","['bbo_main', 'random_fill', 'random_fill', 'random_fill']","[[0.09407688 0.1637718  0.23697494 0.17062033 0.29568576 0.4610893
  0.08605917 0.15079707 0.35384017 0.04835758 0.08101099 0.11444189
  1.00000019]
 [0.10122311 0.17054496 0.24416114 0.16893872 0.2902637  0.40831464
  0.08964852 0.17096744 0.25458847 0.0452335  0.0769961  0.11183575
  0.39684502]
 [0.10625362 0.18121863 0.29611928 0.15648935 0.27098787 0.39886064
  0.09342541 0.16359118 0.23613702 0.05227612 0.08493698 0.11777457
  0.61768025]
 [0.0946238  0.16252618 0.33726706 0.16939818 0.29091915 0.40937626
  0.08453277 0.14333911 0.20392659 0.05456188 0.10013824 0.15905833
  1.00000618]]",[-0.02847108 -0.00586783  0.00325912  0.07080213],4,0.033046295563488565,0.6623540771841878,0.7031167003064506,0.018052310956473753,0.03146894558652032,4719.189809699077
159,"[[-0.07650528  0.34035845 -0.00642491  0.40202706  0.17729761 -0.14970143
   0.68713174 -0.18692988 -0.00594263 -0.32465358 -0.19534143 -0.10972476
  -0.00807495]
 [ 0.25426049  0.30236785 -0.13638181  0.43420688  0.18856635 -0.08367018
  -0.33919547  0.24385701 -0.24749047  0.59676    -0.03166346  0.03606265
  -0.00589725]
 [-0.1424577  -0.20849126  0.06206935 -0.03649383 -0.29515534  0.07346685
   0.23487982 -0.4480485  -0.05076641 -0.37092511  0.60662879 -0.13350694
   0.23798632]
 [ 0.49281374 -0.30800355  0.05313852 -0.18789608  0.12492866 -0.51582901
   0.15306753  0.07715693 -0.36500756 -0.39190898  0.01279115  0.10523581
   0.12251059]]","['bbo_main', 'random_fill', 'random_fill', 'random_fill']","[[0.09953588 0.17610441 0.25614858 0.17771035 0.3000154  0.41448313
  0.10190737 0.17352218 0.25447863 0.04255434 0.07316044 0.10632357
  1.00000484]
 [0.10050019 0.17074378 0.23494804 0.18311924 0.31122208 0.43258354
  0.08335848 0.14733864 0.21270871 0.05713981 0.09626677 0.15771172
  1.00002089]
 [0.08957403 0.15503267 0.27487322 0.16076864 0.27381929 0.44824219
  0.08559206 0.14571635 0.21643356 0.0560084  0.10630709 0.14989262
  1.00000069]
 [0.10023718 0.17042906 0.27747152 0.15703663 0.26085846 0.36288813
  0.09071015 0.15904103 0.22891886 0.05190213 0.0935725  0.18377257
  1.00001018]]",[ 0.10149257  0.13299344  0.12373949 -0.1071501 ],4,0.03304614769447882,0.6877829762676606,0.7276155061565828,0.018027673431309562,0.03276883254739288,4445.098975855159
160,"[[-0.27022513  0.32453254 -0.00505436 -0.13134466  0.10110964  0.05702404
  -0.43210262  0.51361234 -0.09396863 -0.41007855  0.29375258 -0.27558726
   0.03407931]
 [ 0.12128468  0.58173312 -0.18207846 -0.01384065  0.21332162 -0.04405544
  -0.23286323  0.12198299 -0.26051594 -0.27158015  0.59476081  0.04007895
  -0.00304534]
 [ 0.10097995 -0.83624525 -0.05110706  0.16930017 -0.09118448  0.04022591
   0.02676499  0.10587604  0.06454395 -0.22850315 -0.20646319 -0.3683842
  -0.05147862]
 [-0.05227627  0.36295151 -0.10006776  0.17063305  0.58543467 -0.01724049
   0.19247898  0.35572132 -0.03811362 -0.15501049 -0.37739964 -0.37278962
   0.11359534]]","['bbo_main', 'random_fill', 'random_fill', 'random_fill']","[[0.09442311 0.1669965  0.2353496  0.16646214 0.28849617 0.47270979
  0.0934541  0.18978039 0.27388782 0.04496159 0.07765188 0.10871421
  1.00007195]
 [0.10429902 0.17661809 0.24099927 0.16713563 0.2878217  0.41097541
  0.08404389 0.14569519 0.21069231 0.05630118 0.10981005 0.17575898
  1.00005434]
 [0.08885427 0.1526232  0.22039523 0.1682434  0.29025541 0.44452408
  0.09491054 0.17273198 0.26090064 0.04863342 0.08300877 0.11870443
  0.15933779]
 [0.09198071 0.15920636 0.22494508 0.18216444 0.318944   0.45514667
  0.10043828 0.17956171 0.2596156  0.04330958 0.07239145 0.10369096
  1.0000532 ]]",[ 0.1016015   0.10982537 -0.1525379   0.35464706],4,0.031730874027179584,0.6811646724961676,0.7212526065093501,0.01793977046478687,0.02896779335122754,3337.357581517892
161,"[[ 0.26346264  0.18797044 -0.0420452   0.23362893 -0.38574485  0.15521132
   0.32585742  0.50993651  0.03249659  0.02891763  0.51786027  0.16993206
  -0.02911886]
 [ 0.00762271  0.4304941  -0.60056215  0.36600792  0.10033279  0.02071761
   0.21548873 -0.04476017  0.04600038 -0.24464002  0.43846467  0.08259418
  -0.00272661]
 [ 0.06366341 -0.11851154 -0.64625828  0.0324425   0.13197773  0.18879818
   0.09702769  0.11092908 -0.12870935  0.30117428  0.25308871 -0.56247828
  -0.02663522]
 [ 0.48468074 -0.25881028  0.02979164 -0.1598369   0.52152989 -0.15553201
  -0.53860754 -0.10250458  0.10845341 -0.00526437 -0.24255518  0.06462543
  -0.00884424]]","['bbo_main', 'random_fill', 'random_fill', 'random_fill']","[[0.09430771 0.1616377  0.22670085 0.1585804  0.26820571 0.42414631
  0.10362951 0.18777025 0.2699486  0.05457919 0.09773434 0.19110319
  0.76587033]
 [0.08548934 0.14289446 0.19629165 0.17944892 0.3056037  0.43605558
  0.09233914 0.1640439  0.24960704 0.05429351 0.10188825 0.19480966
  1.00006981]
 [0.08498704 0.14346975 0.20216403 0.17418813 0.30612128 0.55975645
  0.09322282 0.16665686 0.24409128 0.05098748 0.08546984 0.11967436
  1.00003321]
 [0.09291934 0.15694603 0.22552541 0.17364171 0.30623473 0.42655538
  0.08554743 0.15755322 0.37640643 0.04861629 0.08286069 0.13045193
  1.00000219]]",[ 0.24577637  0.11845018 -0.05135644  0.03457711],4,0.034965444521408484,0.6837095980144706,0.7237004515244988,0.017987272064438647,0.03545611363145583,3519.3280611180235
162,"[[ 1.11864999e-01  5.47647228e-01 -1.46724820e-02 -5.73023504e-04
   3.83728348e-01 -1.75839988e-01  3.54293799e-01  4.18040625e-01
   1.14480985e-01 -3.77711050e-01  1.99688175e-01  1.13596736e-01
  -1.87829795e-02]
 [-4.64608483e-01 -5.82730247e-01  1.50273097e-01 -1.61808605e-01
  -2.72122114e-01  1.32794167e-01  3.55043119e-01  1.05836407e-01
  -2.59852103e-01  3.05417918e-01 -1.62623088e-02  3.93123872e-02
   6.51578433e-02]
 [ 5.54567562e-01 -3.19442583e-01 -6.77000283e-02  5.71179292e-01
  -6.10112319e-02 -1.76624072e-02 -2.69984995e-02  2.57367450e-01
   9.77437794e-02 -1.51183068e-01  3.80414973e-01  1.06984662e-01
  -3.08028421e-03]
 [ 2.23408033e-01  5.84243160e-01 -3.37596898e-01  2.02471239e-02
   1.65931413e-01 -3.18855497e-02  5.44952728e-01  1.38197997e-01
  -8.49925701e-03 -2.18068229e-01  2.72138976e-01 -1.66973020e-01
  -1.33971463e-02]]","['bbo_main', 'random_fill', 'random_fill', 'random_fill']","[[0.09937369 0.17032422 0.23760544 0.16042972 0.27257695 0.38432177
  0.11110199 0.19983665 0.32471042 0.04765346 0.08492505 0.14618519
  1.00007679]
 [0.08570062 0.14968763 0.37611634 0.16312983 0.28259822 0.42955092
  0.09331124 0.16358216 0.23405989 0.05350292 0.09193604 0.13174474
  1.00001217]
 [0.08758813 0.14659323 0.20908356 0.16985645 0.28812262 0.40754465
  0.09760404 0.18399995 0.29292551 0.05399282 0.09806769 0.23103407
  1.00000229]
 [0.10103623 0.17061891 0.22983568 0.16487646 0.28609027 0.41211759
  0.11432544 0.19718383 0.29054014 0.04617112 0.0802741  0.11470088
  1.00001242]]",[ 0.29468899 -0.04197475  0.18396451  0.14864345],4,0.03155501515449499,0.6964451171571556,0.7359287852856747,0.017905639502886234,0.03240545397090387,3955.8379955911078
163,"[[-0.23224857  0.26692924 -0.3229534  -0.40308011 -0.13324045  0.02847781
   0.21116437 -0.18733212 -0.01549525  0.40022883 -0.59092904 -0.01267659
  -0.00285542]
 [-0.33822383  0.02345875  0.08844291 -0.17141869 -0.57321924  0.10009192
   0.09842139 -0.67089319  0.13362096 -0.11946726 -0.07432823  0.07595353
   0.07774362]
 [-0.23835776 -0.12466713 -0.09148503 -0.37550175  0.25878551 -0.60179937
   0.03287305  0.04943881  0.00914765 -0.10336322 -0.57137539  0.08988945
  -0.01725609]
 [-0.18542836  0.52589123  0.14712878  0.4807801   0.27401922  0.04356075
  -0.28849285  0.01008557 -0.25830032  0.24289987  0.30502423  0.14564772
   0.18966285]]","['bbo_main', 'random_fill', 'random_fill', 'random_fill']","[[0.08985397 0.15458185 0.21314231 0.15552554 0.27186003 0.47714774
  0.09529673 0.16582081 0.24571209 0.04898222 0.07978221 0.11603117
  0.99999975]
 [0.09402957 0.16549279 0.26502603 0.15754019 0.26804088 0.40161835
  0.08662366 0.1520884  0.34459999 0.05251188 0.09156095 0.13293389
  0.99999701]
 [0.09101118 0.15689869 0.22494096 0.15812251 0.26500979 0.36715172
  0.10371176 0.18926473 0.28301758 0.04881318 0.08320349 0.18558665
  0.98492717]
 [0.09604807 0.17072661 0.30642338 0.17962092 0.30796928 0.43473362
  0.08361932 0.14398686 0.21004937 0.05430635 0.09590513 0.15258127
  1.00003589]]",[-0.18038045 -0.11763638 -0.31112265  0.48415224],4,0.03240307155530983,0.6760769572947476,0.7163547806877283,0.017983033726259073,0.030092461162637738,4100.72103640507
164,"[[ 0.33990206  0.25958957  0.18501869 -0.60242478 -0.1333392   0.24557343
   0.06618546  0.22197352  0.21072901  0.37275974 -0.16021837  0.27919219
  -0.0349165 ]
 [-0.19577397 -0.47661591 -0.21294237 -0.33301043 -0.0400153  -0.18922457
   0.12097701  0.1862668  -0.29922589 -0.55920878  0.08378437  0.06907981
   0.2783686 ]
 [ 0.63193736 -0.15170656 -0.08129066 -0.05160925  0.08847394 -0.13325408
   0.19119961  0.49823788 -0.14319479 -0.41276537  0.01893863  0.08597981
   0.2436285 ]
 [ 0.0839256   0.03258621  0.23669082 -0.60776595  0.41526608 -0.02481961
  -0.33725708  0.17106514  0.07015771 -0.39419115 -0.18082156  0.23639658
  -0.03919865]]","['bbo_main', 'random_fill', 'random_fill', 'random_fill']","[[0.09631833 0.166066   0.23595045 0.15976943 0.27760237 0.42922465
  0.09370493 0.17162573 0.25698804 0.05209113 0.08911474 0.28297397
  1.00000672]
 [0.08479317 0.14416886 0.20666316 0.16006222 0.27430599 0.39009387
  0.10174084 0.17826193 0.25041744 0.0518565  0.09764373 0.19614488
  1.00001933]
 [0.0955105  0.16105948 0.226815   0.15953788 0.27109018 0.38489875
  0.11349289 0.20256303 0.2832081  0.04692817 0.08377302 0.17553963
  1.00018119]
 [0.0953912  0.16491752 0.3002121  0.1640405  0.2854952  0.40690214
  0.08928849 0.16282904 0.24234975 0.04970598 0.08649905 0.15297087
  0.35007975]]",[ 0.23932501 -0.02572774  0.30499856  0.09514483],4,0.03343014668966962,0.6893109720342061,0.7290831727323985,0.017915800795170675,0.02964793479387451,3426.816708106082
165,"[[ 0.58795227  0.06872274  0.11171555 -0.04098968  0.30641356  0.13904151
   0.19256449  0.410973    0.10109084  0.52270561 -0.08707205  0.1587577
   0.00101342]
 [-0.04877291 -0.59719283 -0.43951843 -0.06295676 -0.00501834  0.11691616
   0.14189961 -0.46198944  0.18080324  0.09242231  0.35164423  0.17779279
  -0.00905408]
 [ 0.01980973 -0.58131816  0.2498076  -0.02651124 -0.36578418  0.23037967
  -0.26343915 -0.02499224  0.24917    -0.3955348   0.07852727  0.02116999
   0.34135652]
 [-0.37437184 -0.01667048 -0.22633931  0.32335852  0.45540127  0.01035478
  -0.12978217  0.04917128 -0.59032372 -0.17783244 -0.31055977  0.01981306
  -0.00851113]]","['bbo_main', 'random_fill', 'random_fill', 'random_fill']","[[0.09633725 0.1637055  0.23262366 0.16520971 0.28854301 0.44031898
  0.09877335 0.18127162 0.26484975 0.05167605 0.08762496 0.24907395
  0.99999973]
 [0.0835962  0.14139341 0.19970002 0.16945714 0.29440463 0.43144311
  0.09027229 0.16081233 0.30644309 0.05730664 0.10280026 0.18902379
  0.99999973]
 [0.08973574 0.15449084 0.36550428 0.16404388 0.28203707 0.42215792
  0.09095357 0.1688165  0.29763144 0.05076175 0.0880139  0.12643226
  1.00004302]
 [0.08636004 0.14943015 0.21350032 0.18776772 0.32862241 0.48649536
  0.08437231 0.14418723 0.20717986 0.0488233  0.0840302  0.12448221
  1.00003294]]",[ 0.41697327 -0.078071    0.36988017 -0.03472359],4,0.033694016982688146,0.7051158938511546,0.744233428812813,0.01784238608362903,0.029644167321042886,4002.0299335811287
166,"[[-0.35933619  0.36625502 -0.20082151  0.35666151  0.50132516 -0.38494288
  -0.35008863  0.02061674  0.09125174  0.07220969  0.13636641 -0.11978781
  -0.01473041]
 [ 0.79480965 -0.01506505  0.07310781  0.32118472  0.20972288  0.05390644
  -0.19940695  0.28141447 -0.21572086  0.12814277  0.13413945  0.1125345
  -0.00927388]
 [ 0.1086167  -0.07263676 -0.2120025   0.23945876  0.17005006  0.13858333
   0.49086304  0.08222068  0.24348515 -0.45883283  0.51732485  0.21456223
  -0.03656622]
 [-0.4262883  -0.29033593 -0.04489566  0.1254446   0.12815103 -0.51830228
   0.22583491 -0.09840016  0.03752881 -0.23156915  0.27862517 -0.44656193
   0.19597246]]","['bbo_main', 'random_fill', 'random_fill', 'random_fill']","[[0.08661105 0.15244947 0.21685564 0.18407714 0.31023663 0.41823112
  0.08625248 0.16230288 0.33403679 0.05115751 0.08758005 0.12373974
  0.99999874]
 [0.10411444 0.17437601 0.24786538 0.1785663  0.30869515 0.4423352
  0.08418483 0.14920716 0.2166906  0.05189667 0.08987589 0.19713654
  1.00000224]
 [0.08811881 0.15089886 0.21476885 0.16735722 0.288586   0.41746193
  0.09853053 0.17804362 0.41103491 0.05119572 0.09169246 0.14573185
  1.00000053]
 [0.08654566 0.1510995  0.22784099 0.16338221 0.26914405 0.36954246
  0.10543625 0.1890897  0.31633669 0.04969016 0.08474809 0.11864604
  1.00003302]]",[ 0.03106691  0.25425716  0.2818129  -0.05536145],4,0.03240559640997085,0.6979746199960114,0.7373949448234963,0.017792168865099482,0.02977167087550564,4041.370636195177
167,"[[-0.40643135  0.19746367  0.24531601  0.16840619  0.12025439  0.20609936
   0.33301852  0.46654101  0.06911061 -0.54767343 -0.10787275 -0.06372907
  -0.0368886 ]
 [-0.13455382  0.20450287  0.16669821 -0.05949935 -0.18366476  0.17931245
  -0.17568156  0.67971377 -0.25883712 -0.4243932  -0.26214145  0.18303698
  -0.02565007]
 [ 0.11751781 -0.06333657  0.16970385 -0.64683327 -0.05751053  0.16182253
   0.0026522  -0.44322452 -0.0826734  -0.10828189 -0.53207115  0.07986208
  -0.03160461]
 [-0.53675271  0.07826563 -0.02335202 -0.43523169 -0.19755918 -0.2131321
   0.26989099 -0.19770332 -0.37898472  0.21583062 -0.33825188 -0.12159054
  -0.00235389]]","['bbo_main', 'random_fill', 'random_fill', 'random_fill']","[[0.09069962 0.15836479 0.38177737 0.16733538 0.28903236 0.42730282
  0.10061736 0.18134924 0.26074555 0.04604    0.07991846 0.11560175
  1.00000422]
 [0.0952946  0.16587991 0.26096835 0.16349091 0.28172389 0.45935883
  0.09444298 0.17081835 0.24397767 0.04749034 0.08270947 0.23500455
  1.00002571]
 [0.09648642 0.16641764 0.2939671  0.16235573 0.28419974 0.43905565
  0.08629359 0.15219672 0.22508522 0.04875269 0.08327577 0.12217595
  0.42796404]
 [0.09440976 0.17171034 0.28034955 0.15637553 0.26813011 0.38190536
  0.08820986 0.14788093 0.21117526 0.05257887 0.08816991 0.12806095
  1.00005875]]",[ 0.29711151  0.09739487 -0.13881965 -0.36807208],4,0.0343946154870875,0.7040953464658007,0.7432568679256786,0.01772548607330984,0.03341074516221651,3103.741020744201
168,"[[ 0.60944911  0.12152506  0.29561861 -0.35044449  0.13516531  0.10796481
   0.1938229  -0.36853087  0.26901073 -0.24705753  0.02368914  0.25426117
  -0.04097876]
 [ 0.36680315 -0.23282805  0.09067039 -0.48107401 -0.01002622 -0.12489863
   0.35825974  0.36563215 -0.27055821 -0.27019968  0.23072876 -0.30361858
   0.04718588]
 [ 0.09102057  0.08999014 -0.2726441   0.31184842  0.45918802  0.00100742
  -0.40463663 -0.36727409 -0.24765203 -0.14232928 -0.41119872  0.2219165
  -0.05134783]
 [-0.06635523  0.20066958  0.00280849  0.07477285 -0.02158766 -0.29163875
   0.47448041  0.09071428  0.04371267  0.27823141  0.55703748 -0.46542311
   0.15689794]]","['bbo_main', 'random_fill', 'random_fill', 'random_fill']","[[0.09960147 0.17057928 0.41287024 0.1628135  0.28217695 0.4052177
  0.08934034 0.16061069 0.25474732 0.05089208 0.08828579 0.13047709
  0.99999671]
 [0.09649902 0.16522726 0.33054484 0.1547171  0.26692429 0.38261302
  0.10838604 0.18844083 0.26139612 0.04753631 0.08206185 0.11624022
  1.00007694]
 [0.09055046 0.15559447 0.22189108 0.1746426  0.30323077 0.43392323
  0.0854194  0.15187731 0.22576065 0.05084255 0.08785109 0.17563468
  0.38254324]
 [0.09558153 0.16643538 0.23681939 0.15703627 0.26000231 0.36568465
  0.11146134 0.19589463 0.31340134 0.05408317 0.09149312 0.12524981
  1.00007494]]",[ 0.23668725 -0.04300316 -0.01439595  0.17618723],4,0.030438622448580865,0.702054618718835,0.7413033791368022,0.01770183492313403,0.029530818751067466,2830.0686056090053
169,"[[ 0.45908378  0.03401428 -0.44058851 -0.34336296 -0.17255462 -0.01102774
  -0.20801471  0.02413172 -0.16523227 -0.55933628  0.24848101  0.01625507
  -0.01240019]
 [-0.45400732 -0.12260463  0.00402894  0.28779953  0.5228847  -0.02404797
   0.04257529 -0.25240108 -0.0961627  -0.12903286  0.19103332 -0.54152825
  -0.02918319]
 [-0.00165795  0.48691127 -0.45926784  0.06905749  0.07608071  0.22290707
   0.22192812 -0.53498565 -0.34519527  0.10025084 -0.03812878  0.15771881
  -0.02724287]
 [ 0.38654214  0.3349139  -0.1170206   0.61902644 -0.13040869  0.04743655
   0.24901269 -0.1609286   0.04589482 -0.15848898 -0.39716897  0.00354368
   0.22223292]]","['bbo_main', 'random_fill', 'random_fill', 'random_fill']","[[0.09494444 0.15690477 0.21344232 0.15895653 0.27491584 0.41853549
  0.08846627 0.15822063 0.23009257 0.0524041  0.09986909 0.16989532
  0.7602804 ]
 [0.08636039 0.15035704 0.23476606 0.18656448 0.3244585  0.45500536
  0.08683449 0.15320454 0.22807835 0.04806744 0.08112788 0.11398729
  0.71615918]
 [0.09433568 0.16168346 0.22412453 0.17056446 0.29963577 0.56272645
  0.08475213 0.14504171 0.21145039 0.05238218 0.09036241 0.14379193
  1.00002297]
 [0.10671577 0.17993206 0.24493197 0.17929316 0.30167862 0.46961789
  0.08937706 0.15853418 0.24574108 0.04313402 0.07395737 0.10930932
  0.9999971 ]]",[-0.21551384  0.02547282  0.00110999  0.36120393],4,0.03156828322864802,0.7240186457880471,0.7622771805158042,0.017569192290676154,0.028813539474842276,4068.4463828739244
170,"[[-0.05294717  0.64825448 -0.1432179  -0.23792372  0.22800148  0.02009255
   0.30342311 -0.21389616  0.07885585 -0.40447099  0.35276981  0.04663382
   0.1148993 ]
 [ 0.21365584 -0.08541014  0.21245645 -0.1612379   0.25151683 -0.30713559
  -0.25772511  0.45078647 -0.16444221 -0.11262168  0.24390544 -0.59028692
  -0.03230846]
 [ 0.57180114 -0.08390999  0.08862338  0.29720522 -0.38798393  0.12184517
  -0.27041998 -0.32370148  0.10312785 -0.08329628 -0.31666794  0.12237109
   0.30610984]
 [ 0.19887486  0.07758648 -0.42427526 -0.00883383 -0.20682858 -0.00745152
   0.62157187 -0.36254443  0.02293532 -0.37578239  0.05836183  0.05934261
   0.25505269]]","['bbo_main', 'random_fill', 'random_fill', 'random_fill']","[[0.1047615  0.18189316 0.24708184 0.16379808 0.28813022 0.4154141
  0.08954075 0.15388699 0.3120612  0.04968808 0.09483702 0.14039624
  1.0000089 ]
 [0.0962877  0.16628607 0.41441103 0.16304131 0.27946647 0.39610741
  0.09284244 0.17038694 0.24974793 0.04866262 0.08183259 0.11497307
  1.00004076]
 [0.1035175  0.17521779 0.24738293 0.16477486 0.28082224 0.4768317
  0.08558003 0.15342217 0.23565414 0.04880351 0.08399937 0.20510463
  1.0000193 ]
 [0.09093342 0.14861983 0.2021264  0.1623206  0.27703365 0.4041066
  0.10275457 0.17513329 0.26357904 0.05040607 0.09412086 0.19923544
  1.00000578]]",[ 0.26571561 -0.05712912  0.31657642  0.14196412],4,0.03314503773472066,0.703074921558196,0.7422801845638519,0.01771377656412627,0.030686432093038778,3568.4223383280914
171,"[[-0.30159067  0.14916484 -0.04746122  0.15519413  0.06191139  0.29354131
  -0.05376649  0.17249845  0.30570434  0.28012342  0.63586956 -0.39862518
  -0.05150397]
 [-0.02434491 -0.08256901 -0.20219696  0.14405916 -0.00242966  0.06615183
   0.69900329 -0.17910532  0.02159706  0.62122175 -0.1380344  -0.01376355
   0.01615301]
 [ 0.47757306 -0.22890452  0.02665266 -0.34986898 -0.55055541  0.11838191
   0.20603543  0.11776923 -0.11766183  0.35283506 -0.26732032 -0.11472906
  -0.00158051]
 [-0.35882857 -0.09027084  0.13449159 -0.17760252  0.03623841  0.05656
   0.78881944 -0.07750719  0.05420586  0.32296732  0.18510369  0.1555152
   0.12252486]]","['bbo_main', 'random_fill', 'random_fill', 'random_fill']","[[0.08917635 0.15366364 0.21974965 0.1674426  0.28959665 0.4686345
  0.09304481 0.17152383 0.29246514 0.05174547 0.08831873 0.1240985
  0.3649587 ]
 [0.08323606 0.13979636 0.19686675 0.16975719 0.29510415 0.48138272
  0.10891958 0.18620742 0.26795808 0.05454914 0.09057429 0.128377
  1.00006566]
 [0.09774037 0.16687404 0.23718491 0.1552485  0.26577271 0.53398951
  0.0983132  0.17553854 0.25273225 0.05155273 0.08628213 0.12259985
  1.00000693]
 [0.08724758 0.15219613 0.26020946 0.16146304 0.27952382 0.40545582
  0.10335971 0.18019541 0.25859398 0.0551109  0.09698123 0.24429703
  0.99999934]]",[ 0.28345737  0.08655076 -0.13195252  0.27218633],4,0.032972832001174845,0.7046056048230036,0.7437451637043354,0.017635339262790657,0.03093062868021261,3158.042175745126
172,"[[-0.00299863 -0.38399631 -0.49840255  0.52133491  0.11916813 -0.09935898
  -0.43448451  0.18018697 -0.17792394 -0.13270501 -0.08560662 -0.17292057
  -0.02297166]
 [-0.20312341  0.82252514 -0.25422901  0.05035578 -0.04958233  0.01273012
  -0.19002765  0.16054515  0.05678242  0.18225683 -0.32242122  0.09750658
   0.02479315]
 [-0.51820585  0.6372002   0.07713864 -0.00413009 -0.0441326  -0.23953946
  -0.37797857  0.17858467 -0.20259175  0.14965285  0.11427816 -0.09226668
  -0.01928785]
 [ 0.46641973  0.22523287 -0.31206047 -0.09316837  0.01595196 -0.12118923
  -0.45376017 -0.13629797  0.06046266  0.38875918  0.45700181 -0.01776709
   0.1492924 ]]","['bbo_main', 'random_fill', 'random_fill', 'random_fill']","[[0.08385813 0.14131568 0.1999544  0.18650886 0.31926948 0.45521551
  0.08769843 0.16071619 0.23801157 0.04972382 0.08504771 0.12212267
  0.78624779]
 [0.10203433 0.17807299 0.24174629 0.16273464 0.27801909 0.40133723
  0.09057221 0.16901659 0.26291414 0.04882457 0.08264999 0.25083318
  1.00000353]
 [0.09693127 0.18964707 0.32391018 0.15884471 0.26816036 0.37924499
  0.08578249 0.15388283 0.22541386 0.05234255 0.08966646 0.12834215
  1.00000496]
 [0.10101035 0.16972853 0.23197636 0.15938732 0.27115955 0.38608488
  0.08494693 0.15351641 0.27942326 0.06466254 0.11417367 0.15888887
  1.00004224]]",[-0.16867415  0.12015799 -0.07139535  0.13685396],4,0.031107575124079218,0.7086887802221682,0.7476504214201047,0.01760354836940588,0.030214847262233974,5476.130580658093
173,"[[ 0.11498588 -0.65787674  0.001016   -0.46381415  0.238203    0.00529583
   0.00903331 -0.24737598  0.07087716 -0.44113947 -0.1108641   0.09154841
   0.0225186 ]
 [ 0.59653286 -0.12883854 -0.04367319  0.26806208 -0.33805108 -0.39962191
   0.32387924  0.04913973  0.08680164  0.15611999 -0.3145915   0.14184328
   0.1466307 ]
 [-0.18913927  0.47489851  0.02972078 -0.01950166  0.20652924 -0.00155071
   0.01447799  0.33978572 -0.28261042  0.5657224  -0.32705887 -0.26869697
  -0.00611392]
 [-0.21227962 -0.23325203  0.0441111  -0.27288209 -0.4090828  -0.30859655
   0.19169759  0.12771782 -0.55621937 -0.41641517  0.14593024 -0.06577247
  -0.00876526]]","['bbo_main', 'random_fill', 'random_fill', 'random_fill']","[[0.08571455 0.1439816  0.21280969 0.16772484 0.30233836 0.43464628
  0.0902393  0.1597354  0.25549596 0.04881377 0.08621284 0.23380156
  0.99999756]
 [0.09846068 0.16772911 0.23520769 0.15650642 0.25853908 0.3630679
  0.10344781 0.18703522 0.28305208 0.05218771 0.08945428 0.20593101
  1.00004836]
 [0.10220013 0.18712859 0.29228713 0.16881488 0.29428894 0.4238692
  0.09038736 0.15849052 0.22358042 0.0476292  0.07732018 0.10678647
  1.00001468]
 [0.09389504 0.16190907 0.30089584 0.15544601 0.25924254 0.36658881
  0.09153859 0.15846973 0.22427455 0.05283307 0.09504317 0.1385637
  1.00002397]]",[-0.095883    0.05943548  0.09387856 -0.41899158],4,0.02975556990080694,0.7117524662210288,0.7505780602911619,0.017539154362274306,0.028566561488526182,4265.672764641
174,"[[ 0.26752264 -0.04709065 -0.06519361 -0.44698101 -0.10911362  0.11825554
  -0.34081771  0.07574106  0.10201739  0.27062761  0.62022998 -0.32508555
   0.01938049]
 [-0.56949964  0.49838799  0.06431415 -0.06213781 -0.28350233  0.02615827
  -0.19523875 -0.1866957   0.02883249 -0.30903429 -0.40980087  0.02887649
  -0.0121146 ]
 [ 0.57754484 -0.00550287 -0.1187525  -0.14319035  0.40306132 -0.02604137
   0.49350985  0.02288139  0.12268039 -0.07682517 -0.37018155 -0.25697724
  -0.02386743]
 [-0.49130939  0.57993995 -0.14812271  0.4406219  -0.17014593 -0.09980651
   0.08357259  0.09816484 -0.05446735 -0.21298504  0.15924546 -0.26378521
   0.08598825]]","['bbo_main', 'random_fill', 'random_fill', 'random_fill']","[[0.09338583 0.15861184 0.22368562 0.1586536  0.27648991 0.55114845
  0.08890593 0.16715997 0.26364137 0.05804277 0.09850357 0.13368821
  1.00000469]
 [0.09511478 0.18916076 0.31831325 0.15928773 0.27016151 0.39261119
  0.08655222 0.1555552  0.23628171 0.04571053 0.07950678 0.11740901
  1.00000164]
 [0.09535382 0.161887   0.226941   0.16731999 0.29358828 0.419649
  0.10329616 0.18306805 0.31658534 0.04461815 0.07529077 0.10781368
  0.62209583]
 [0.09370426 0.18002902 0.25201648 0.16575196 0.27355241 0.3882418
  0.1017215  0.18025804 0.26810718 0.04595597 0.07902279 0.11190926
  1.00004242]]",[ 0.0290027  -0.11019908  0.13083049  0.07964095],4,0.03213078587566582,0.7240186457880471,0.7622771805158042,0.017428678738174903,0.03096184566610967,3702.1750359348953
175,"[[ 0.22207856 -0.24896354  0.08878593 -0.34913838 -0.04372394  0.06293084
  -0.51101078  0.16625768 -0.00101654  0.01877468  0.32886952 -0.59606041
  -0.02180182]
 [-0.05930323 -0.33735296  0.13911571 -0.34995748 -0.6318652   0.17926707
  -0.30583754  0.07621851 -0.04149852 -0.10325624 -0.39257742  0.20740281
  -0.02448636]
 [-0.0681747  -0.19050671  0.05871377  0.69323628 -0.16739974  0.09873502
   0.27186166  0.14509531 -0.30832104  0.1329794  -0.41069228 -0.2461737
  -0.01696604]
 [-0.27094657 -0.47532165  0.05987568  0.27914389 -0.1664637   0.05948114
  -0.22714073  0.14264812 -0.23891827 -0.15398349 -0.65102138  0.10587498
   0.01140646]]","['bbo_main', 'random_fill', 'random_fill', 'random_fill']","[[0.09380706 0.15982225 0.28435048 0.16290042 0.28226604 0.42008247
  0.08857429 0.16541423 0.24655383 0.04999169 0.08283563 0.11355267
  0.32845448]
 [0.0917546  0.15757634 0.2462536  0.15862745 0.27104482 0.42397793
  0.09039453 0.16451551 0.24211463 0.0518919  0.08930936 0.26842461
  1.00003028]
 [0.08747467 0.15263337 0.22975442 0.18691076 0.31689984 0.51289592
  0.09141898 0.15811691 0.22538708 0.0456153  0.0766695  0.10932199
  1.00000161]
 [0.0853146  0.14877341 0.24412755 0.17362127 0.29768472 0.4458167
  0.08739525 0.15759578 0.22875747 0.0458974  0.07942789 0.22064162
  0.99999966]]",[-0.10116761 -0.20950221  0.01461748 -0.12981875],4,0.03155936794218897,0.7235071831620552,0.7617900889732443,0.017531983720035654,0.032846440648024194,4143.01849588193
176,"[[-0.25300867  0.13397707 -0.21203861 -0.23342722 -0.08988365  0.03420886
   0.39898602  0.38629325 -0.55179659 -0.26360578  0.32670177 -0.03763674
   0.13714387]
 [-0.17097813 -0.03234726 -0.02905083 -0.34417647  0.14436616 -0.1443575
  -0.68946468  0.30875801  0.01354959 -0.39370931 -0.01735913 -0.2872479
  -0.00645772]
 [ 0.03544254  0.27241584  0.12909916 -0.12568068  0.37295587 -0.341782
  -0.48143872  0.06315926  0.1391432   0.53071226  0.22617035  0.06584595
   0.20948224]
 [-0.37633993 -0.4955075  -0.13014325  0.07185498 -0.50466408 -0.072036
   0.00891408 -0.18133216 -0.20182391  0.19096385  0.15622915 -0.44295597
  -0.00931277]]","['bbo_main', 'random_fill', 'random_fill', 'random_fill']","[[0.08929156 0.15406129 0.21706886 0.16195833 0.2818308  0.45476698
  0.10137611 0.16763201 0.22163626 0.05492113 0.10124815 0.14524479
  1.00006032]
 [0.09031593 0.15483855 0.22760606 0.16304366 0.28177917 0.39792654
  0.08873051 0.18883534 0.3127534  0.04509007 0.07665203 0.10858159
  1.00001029]
 [0.09954475 0.17269874 0.3037516  0.16027551 0.27183455 0.38152177
  0.08675063 0.16116755 0.31636647 0.05919719 0.10090201 0.14237709
  1.00000345]
 [0.08399401 0.14555717 0.21517051 0.16304521 0.27441061 0.42589928
  0.08964746 0.15861285 0.2309156  0.05459894 0.09082815 0.12348618
  1.00003265]]",[ 0.03763242 -0.15530796  0.32615954 -0.40314996],4,0.03038876920895066,0.7393780887761365,0.7768743630621384,0.017461812380521947,0.030222038101920118,3692.2811549319886
177,"[[ 0.04918231 -0.14216193  0.00486981 -0.45232081 -0.14984391  0.35756812
  -0.25927477 -0.03302103 -0.38938276  0.20371789  0.22140553  0.39774285
  -0.39216274]
 [-0.0241721  -0.26765111 -0.13130527 -0.06750527 -0.52880722  0.04455075
   0.33693685 -0.3128536   0.08891571 -0.19052627  0.39873507 -0.44840075
   0.09325098]
 [ 0.25578227  0.53775025 -0.29599318  0.29525639 -0.19695049  0.05931319
  -0.22754562  0.06296946  0.11177293 -0.4520393  -0.22647586 -0.32252261
   0.02042599]
 [-0.10990005  0.04903732 -0.174902   -0.48015938  0.17827953 -0.44865303
  -0.29595914 -0.27454539 -0.07648717  0.50011869  0.25016162  0.09613337
  -0.02328131]]","['bbo_main', 'random_fill', 'random_fill', 'random_fill']","[[0.09105128 0.15714091 0.22775439 0.16695294 0.28858081 0.43791705
  0.09018295 0.16268446 0.23990234 0.05179667 0.0891046  0.12858814
  0.01991159]
 [0.08950144 0.15402723 0.21940878 0.15733233 0.2676952  0.41303472
  0.09911589 0.17506848 0.36933627 0.05149716 0.08753738 0.12042995
  1.00003993]
 [0.10393444 0.17509181 0.23719545 0.16719472 0.28484309 0.42715896
  0.09016958 0.16952996 0.34671552 0.04326182 0.07384143 0.1058383
  1.0000504 ]
 [0.09309881 0.15979731 0.2265072  0.15785876 0.26909953 0.38029825
  0.08697386 0.15584256 0.23413863 0.06260207 0.10948357 0.19977652
  0.78664291]]",[-0.02747684 -0.13016616  0.04805686 -0.26730349],4,0.02951263239250211,0.7404031467292455,0.7778464135132495,0.017469117865548348,0.0296189638341509,3699.584831712069
178,"[[-0.2006226  -0.37123531  0.19333816  0.4501916   0.61495077 -0.00374546
   0.16022646 -0.14752376  0.12611523 -0.33486592  0.15094686  0.07088097
  -0.02047511]
 [ 0.14200285  0.03920668  0.05356747  0.47353898  0.15467505 -0.36745821
   0.00700947  0.0812951   0.14077856  0.53059279 -0.52604178  0.07877417
   0.03617763]
 [-0.09173841  0.2765144   0.09667994  0.05563539 -0.13712216 -0.45933942
  -0.18065595 -0.45499423 -0.52883697 -0.25244105  0.27609521  0.06151361
   0.09910857]
 [-0.39943853  0.06494602 -0.03407436  0.07461263  0.05417133 -0.00726519
   0.09310175 -0.62630652  0.09055425 -0.19192594 -0.61462208  0.0515173
  -0.01173388]]","['bbo_main', 'random_fill', 'random_fill', 'random_fill']","[[0.08529926 0.14796106 0.32025446 0.18575828 0.32077461 0.44632601
  0.08829551 0.15832153 0.24260698 0.04901836 0.08589214 0.12501021
  1.00000419]
 [0.09574804 0.16493713 0.23606216 0.1638948  0.27562714 0.38648267
  0.09519036 0.17604117 0.41230986 0.05044571 0.08436894 0.13026223
  1.00002676]
 [0.10128992 0.17806161 0.30628048 0.1604593  0.27084124 0.38232174
  0.08435204 0.14186516 0.20430721 0.05452432 0.09780291 0.1457121
  1.00004358]
 [0.089302   0.15650704 0.22502716 0.17543628 0.30404866 0.43198239
  0.08497057 0.14542863 0.31795492 0.04557082 0.07900658 0.12771179
  1.00002933]]",[ 0.27541553  0.11278272 -0.20078779 -0.12359184],4,0.030206115152347335,0.7470694661305942,0.784161298857572,0.017327716221646503,0.02983720004509563,3337.1387089898344
179,"[[ 2.81977909e-01  1.83148871e-01  2.13876015e-02  3.21081584e-02
   4.29490017e-01  4.57329527e-02  3.52167227e-01  2.14650639e-01
  -1.32172434e-02 -4.02266659e-01  6.04982661e-01  2.84508955e-02
   3.49189926e-04]
 [-2.16562037e-01 -1.76161073e-01  2.12265793e-01  4.92763949e-02
  -7.52114087e-01  3.50343557e-02 -2.19113969e-01 -6.23815269e-02
   3.06545825e-01 -1.26450467e-01  3.10897814e-01  2.16946540e-01
  -4.57659510e-02]
 [ 5.29068866e-01  2.41065752e-01  6.06095530e-02  9.97617280e-02
   1.70721001e-02 -4.20556822e-01 -2.99105457e-02  3.95322239e-01
  -5.22781902e-02  5.52140348e-01  7.40944636e-02 -2.86349756e-02
  -1.05727556e-02]
 [ 1.40553642e-01 -6.26461791e-01 -1.76970929e-01  1.49341613e-01
   1.07817705e-01 -4.09609821e-01 -1.98306501e-01 -3.94641703e-01
   6.27931661e-02 -1.61916391e-01 -1.08423010e-01 -3.42843152e-01
  -1.54722669e-02]]","['bbo_main', 'random_fill', 'random_fill', 'random_fill']","[[0.09547614 0.16215661 0.22699728 0.17677837 0.31360504 0.4501113
  0.09984792 0.17388291 0.24813266 0.05013197 0.09689755 0.13946816
  1.00000118]
 [0.09136081 0.15780601 0.23889546 0.16014431 0.27093018 0.39147794
  0.09319613 0.17107735 0.41235318 0.05347078 0.09346455 0.14157757
  1.00002016]
 [0.10618754 0.17963993 0.28846167 0.15600693 0.25821397 0.35971796
  0.09923661 0.18299146 0.26564561 0.05527043 0.09392241 0.13338463
  1.00002157]
 [0.08588188 0.14605396 0.21041648 0.16842493 0.28567462 0.39827052
  0.08784542 0.15894074 0.3117796  0.04831611 0.08203466 0.11595923
  0.94895358]]",[ 0.33440678 -0.0764822   0.06422764 -0.35556894],4,0.03590822147643907,0.753228394068642,0.7899850216471099,0.017269893280577146,0.030749552666312588,3845.753355344059
180,"[[-0.37002356  0.04035201 -0.18300919  0.37343257 -0.09625358 -0.0256332
   0.47231776  0.05598782 -0.31975433 -0.4956811   0.31764483  0.05600937
  -0.01979008]
 [ 0.29346592 -0.0956377  -0.32543271  0.16927671  0.01794715  0.11535596
   0.02875679  0.48492988 -0.33648564  0.54896664  0.23756452  0.07649655
   0.20900121]
 [ 0.23561956  0.0364998   0.10168004  0.13184054 -0.16687862  0.11129754
  -0.40645831  0.38178512 -0.42702982 -0.01351411 -0.60139455  0.14143058
  -0.00338594]
 [-0.13267585  0.23588174 -0.0950661  -0.21012047 -0.79489245  0.1246316
  -0.13531229  0.22132581  0.16034792 -0.09826641  0.0996241  -0.33681474
  -0.0122602 ]]","['bbo_main', 'random_fill', 'random_fill', 'random_fill']","[[0.086388   0.15082568 0.21553549 0.17156656 0.29215323 0.41798694
  0.09371601 0.16175938 0.23053179 0.05121756 0.09518262 0.17161087
  0.41985587]
 [0.08672514 0.14439549 0.20244672 0.16943419 0.29497271 0.49785467
  0.09381324 0.16637369 0.23486422 0.0610661  0.10569965 0.15794756
  1.00006267]
 [0.09911807 0.17019195 0.25104929 0.1680664  0.28999881 0.44432371
  0.08586183 0.15275002 0.22133248 0.04744284 0.08150198 0.24762312
  1.00001773]
 [0.09578386 0.16446308 0.22976511 0.15561816 0.26395331 0.40510297
  0.0999987  0.18801276 0.38494628 0.04979707 0.08442355 0.11843495
  1.00000059]]",[-0.05433476  0.32124351 -0.01080932 -0.1466089 ],4,0.031247194009403255,0.7722526803781511,0.8079072430938099,0.017152523736221975,0.029381384921428833,3404.056406463962
181,"[[-0.51118957  0.49775568  0.04906211  0.18946093  0.29834581  0.06094484
   0.21158009  0.05677493 -0.45332055  0.26015831  0.15450408  0.11623056
  -0.03667458]
 [ 0.43632734  0.16313042 -0.32826307  0.15121231 -0.35496844  0.04670853
   0.11532161 -0.37735168  0.0161556  -0.20599429  0.26278895 -0.50584291
   0.02962654]
 [ 0.33686021  0.11542336 -0.17616846  0.21345409 -0.40336805 -0.62349792
  -0.16679709 -0.14426609 -0.09621374  0.39704144  0.15951055  0.00868563
  -0.06400944]
 [-0.31448981 -0.39768756  0.012214    0.02270682 -0.27072181 -0.17796056
  -0.17559477 -0.36063447 -0.12147429 -0.62642874 -0.26204851 -0.02200481
   0.01011861]]","['bbo_main', 'random_fill', 'random_fill', 'random_fill']","[[0.09310762 0.16358412 0.25300049 0.17056747 0.29671599 0.4307278
  0.08670906 0.15100346 0.21879954 0.05274035 0.09096406 0.14951802
  0.31600211]
 [0.10495191 0.175776   0.23701837 0.16280299 0.27594306 0.47091585
  0.08669015 0.1512866  0.23777702 0.04691251 0.07873421 0.10696176
  1.00000315]
 [0.09698629 0.16705624 0.2382223  0.16141756 0.27252168 0.38627861
  0.09068854 0.16339631 0.24452212 0.05381922 0.09286731 0.13721736
  0.18521477]
 [0.0883158  0.15432325 0.29274712 0.16367537 0.27579993 0.38901213
  0.08562461 0.14876798 0.22487172 0.04516926 0.0809279  0.12420395
  1.00000021]]",[ 0.15462977 -0.11137607 -0.34303686 -0.36386763],4,0.03273610474433175,0.7691640221464893,0.8050045755908757,0.017165857670073968,0.030323170445599498,4428.273760739015
182,"[[ 0.02153304  0.2481953   0.00766768 -0.53663226  0.36920821 -0.02541195
  -0.2582531   0.38390605 -0.37570188 -0.35592377 -0.16359707  0.04851442
   0.04372839]
 [-0.29904558  0.62746999 -0.02787266  0.20107075 -0.07834104  0.04792291
  -0.20977927 -0.56430575  0.00621931 -0.28311377  0.14053341  0.06895155
  -0.00827827]
 [ 0.17971705  0.2788708  -0.50363427 -0.47983083  0.21306175  0.11211491
   0.08650159  0.03612659 -0.16213454  0.54702662  0.07261134  0.09128457
  -0.01280775]
 [ 0.15262268 -0.1564486  -0.0067035  -0.32757321  0.33200263 -0.36098806
   0.03711647  0.37721177 -0.4774396  -0.25411121  0.37760622  0.15761238
  -0.0269691 ]]","['bbo_main', 'random_fill', 'random_fill', 'random_fill']","[[0.10329598 0.1765294  0.24888846 0.16557424 0.30426209 0.43780697
  0.0861835  0.14980334 0.21129438 0.04588153 0.08019039 0.16157591
  1.00000419]
 [0.10253659 0.18535785 0.25862015 0.16947804 0.28973659 0.43504066
  0.08224177 0.13894855 0.21027427 0.05060709 0.09060458 0.16546611
  1.00000515]
 [0.08941798 0.15075584 0.20857394 0.16478951 0.29835391 0.52058169
  0.08909496 0.15636182 0.22741332 0.06004716 0.10177017 0.15667586
  1.00004437]
 [0.0926377  0.15811632 0.22916755 0.16218421 0.27814477 0.39222285
  0.09075223 0.16077377 0.23153911 0.05499954 0.1015029  0.20283865
  0.49833202]]",[ 0.03829215  0.01784409  0.01414299 -0.11815419],4,0.0306524792963329,0.7789498155366374,0.8141913139217477,0.01714521404478743,0.03124070952202424,4068.495574332075
183,"[[ 0.3723787   0.12131032  0.04728384  0.18729521  0.12173965  0.09376158
   0.56841733 -0.18982489 -0.04596759  0.64542074  0.05215242  0.07179003
   0.00211855]
 [ 0.22932248 -0.21145493  0.19328827 -0.01274727  0.02043144  0.15227331
   0.4649875  -0.21455682 -0.24802602 -0.11033091  0.70147294  0.11015594
  -0.03786973]
 [ 0.73950153 -0.30289527  0.04761865 -0.38647483  0.07024905 -0.08915645
  -0.27455237  0.29361768 -0.11826813  0.03947365  0.13797548  0.01508628
   0.02184286]
 [ 0.29582909  0.09013742  0.12128613  0.26459172 -0.27808462  0.01581595
  -0.28609425  0.45687259 -0.48425826 -0.27262815  0.34886408  0.11171009
   0.09197909]]","['bbo_main', 'random_fill', 'random_fill', 'random_fill']","[[0.10161951 0.17211764 0.2405449  0.16943226 0.29688386 0.50256476
  0.08949189 0.14950826 0.21783388 0.059334   0.10004375 0.14866792
  1.00000218]
 [0.09237201 0.15813204 0.28516639 0.16679442 0.28854542 0.4313149
  0.08826323 0.15373751 0.22429721 0.05501689 0.09958656 0.1432611
  0.41830407]
 [0.1064493  0.17590309 0.33086073 0.15372347 0.26533148 0.37797974
  0.08932556 0.16647161 0.2432075  0.05559925 0.09853713 0.14193734
  1.00003072]
 [0.10282191 0.17617279 0.34186775 0.16185233 0.27292125 0.39471126
  0.08586414 0.15093477 0.21415784 0.05433147 0.10031738 0.1568984
  1.00002639]]",[0.25387153 0.128463   0.00209007 0.13131212],4,0.03372344147353082,0.7913326127003963,0.8257738210321157,0.017077145803329818,0.028956191874089876,3327.79958146601
184,"[[-0.10734105 -0.61928446  0.11411601 -0.48802947 -0.25662189  0.09985885
   0.40374085 -0.06929108 -0.07018343  0.09136136 -0.29534112 -0.09742181
  -0.0120382 ]
 [-0.04359715  0.26911628 -0.62519498  0.09212681 -0.34303678 -0.00543813
  -0.01942531 -0.14963108 -0.02662749  0.5588759   0.15050035 -0.223647
  -0.01137393]
 [-0.0443914  -0.16912706  0.04951903  0.14810274  0.23282485  0.00168847
   0.11571086  0.755361   -0.22208545  0.41537482  0.25363622  0.05665575
   0.13217407]
 [ 0.01679988 -0.30674398  0.03682362 -0.23194243 -0.25263462  0.04052512
   0.38936833 -0.13140917  0.00401843  0.39282959 -0.67062542 -0.05868687
   0.09282339]]","['bbo_main', 'random_fill', 'random_fill', 'random_fill']","[[0.08720819 0.15039573 0.34808135 0.15668013 0.2721639  0.41626689
  0.0995211  0.17437177 0.25041778 0.0496166  0.08385378 0.11932257
  1.00001866]
 [0.08853685 0.14644363 0.19919317 0.16227984 0.27524149 0.43928414
  0.09045883 0.16329393 0.24382735 0.06249436 0.10398388 0.14009094
  1.00001091]
 [0.08461402 0.1464406  0.23936363 0.16861611 0.28989639 0.41292979
  0.1101895  0.19814488 0.27251332 0.05716268 0.09865096 0.1436851
  1.00002941]
 [0.08918716 0.15352185 0.27150968 0.15591465 0.26851596 0.42617127
  0.10765582 0.1872541  0.26738097 0.04632109 0.07620404 0.11063371
  1.00010831]]",[-0.20088924 -0.19565299  0.3674784  -0.05050667],4,0.030673698507691527,0.7830746432998317,0.8180549207776711,0.01703705058657331,0.029870146820545812,3234.743245803984
185,"[[ 0.02227571  0.3184465  -0.00264718  0.37271499  0.09201941 -0.49685758
  -0.07580321  0.09345078  0.11971357  0.40483299  0.55607273  0.03444771
  -0.02708019]
 [-0.07076051  0.28908465  0.10669764  0.60608762  0.10459534 -0.18753786
  -0.15327314 -0.35127071  0.04033154  0.48238488  0.20049346 -0.02842095
   0.25372198]
 [-0.09847175 -0.2382997  -0.02502391  0.40439942 -0.08927911  0.36200593
  -0.2973167  -0.14947114  0.30739302 -0.0666557  -0.43142228  0.47755241
  -0.08049006]
 [-0.44796321 -0.32063272 -0.19723031  0.1246234  -0.06428434  0.30464949
  -0.16073528  0.03922577  0.3146239  -0.26121846 -0.44645011 -0.38682813
  -0.03996954]]","['bbo_main', 'random_fill', 'random_fill', 'random_fill']","[[0.09634116 0.16692075 0.23532004 0.16117688 0.26566458 0.37063668
  0.09322251 0.17052189 0.30165462 0.06003376 0.10486425 0.14710771
  0.72854978]
 [0.09673122 0.17196942 0.33742969 0.17481869 0.29411696 0.40739738
  0.08344335 0.14556907 0.22522844 0.05734764 0.09855596 0.13837728
  0.99997812]
 [0.08972204 0.15454233 0.22102499 0.16837573 0.29095183 0.43566009
  0.08953815 0.1628928  0.24832417 0.05127191 0.08831602 0.20714482
  0.39222881]
 [0.08778642 0.15132627 0.21567337 0.16968688 0.29291069 0.48321884
  0.09408204 0.1735153  0.37179667 0.04722325 0.08093786 0.11537977
  0.9999967 ]]",[ 0.06797921  0.38155531  0.19983036 -0.00526457],4,0.03040145780807034,0.7872022210569881,0.8219157777756545,0.017016949652806913,0.02814167631672332,3512.9830156599637
186,"[[-0.12077051 -0.09272624 -0.0055704  -0.03752191 -0.24350242 -0.14321127
   0.51294426  0.03022261 -0.39495777 -0.43058368 -0.53779188  0.02924474
  -0.00894319]
 [-0.04459822 -0.09716521 -0.36385651  0.52493751 -0.06000103  0.28371726
  -0.24222159 -0.13557751  0.31759554  0.29198257  0.34295864  0.3360712
  -0.05277867]
 [-0.20233055  0.03644158  0.14748853  0.23415847 -0.04857349  0.0983551
   0.48974213  0.39975148  0.1545411  -0.53099156  0.40268653 -0.02375165
   0.03023278]
 [-0.31901784  0.06573355  0.19435133 -0.00939188  0.67326793  0.28493516
   0.05328318 -0.34985356  0.04028457 -0.20993722  0.26086991  0.28728258
   0.00712928]]","['bbo_main', 'random_fill', 'random_fill', 'random_fill']","[[0.09413077 0.16298325 0.25858178 0.16061873 0.27176756 0.38628273
  0.10071957 0.16938297 0.2318301  0.04381142 0.07741115 0.14557151
  1.00000122]
 [0.08823942 0.15142491 0.21427555 0.16944299 0.29168227 0.43401786
  0.08891191 0.16225646 0.2699903  0.05416523 0.09501425 0.27647
  1.00005556]
 [0.08781373 0.15206234 0.26522384 0.1632163  0.27890116 0.40536755
  0.11409618 0.20568013 0.32589828 0.04768191 0.08471181 0.12205334
  0.99998641]
 [0.08885085 0.15338711 0.22314373 0.17912781 0.31616767 0.50775636
  0.08578793 0.15090655 0.2239393  0.05126199 0.08907206 0.19906571
  1.00002467]]",[-0.25540623  0.22871626  0.31602304  0.41855595],4,0.032806570468937035,0.7892670610193614,0.8238451552445525,0.016994654994822098,0.028815213925504124,3643.1963644609787
187,"[[-0.1114879  -0.42093018 -0.51537091  0.36161059  0.13282047 -0.39856423
  -0.16269591 -0.15671259  0.13555566  0.28429018 -0.27892345  0.05535466
   0.08022875]
 [-0.4465567   0.0666014  -0.46462562 -0.32908661  0.02149437 -0.01869995
  -0.38180792  0.0758621  -0.34821128 -0.44354503  0.03141489  0.02079855
  -0.01515244]
 [ 0.30204411  0.17115614 -0.41148648  0.08269116 -0.0395547  -0.37560214
  -0.27343923 -0.15712874 -0.36937131 -0.24521042 -0.21407609 -0.46742995
  -0.01825738]
 [ 0.22419325 -0.3494513  -0.09900042  0.09924289 -0.0968626  -0.27147046
   0.00088678  0.28810942 -0.09231152 -0.08010814  0.17367044 -0.77221925
  -0.02148976]]","['bbo_main', 'random_fill', 'random_fill', 'random_fill']","[[0.08356032 0.13997167 0.19825444 0.1713901  0.29172301 0.40695026
  0.09214353 0.1721211  0.34774273 0.05302641 0.09024122 0.14265524
  1.0000509 ]
 [0.08497744 0.14503497 0.20411176 0.16856703 0.29590785 0.45260769
  0.08582936 0.14980032 0.21587644 0.05161526 0.09177472 0.15676407
  0.80206753]
 [0.1023326  0.17370501 0.24375914 0.16538272 0.2811517  0.40252941
  0.0858173  0.15014563 0.2233196  0.0466538  0.08017279 0.11534073
  0.60283546]
 [0.09229168 0.15683156 0.23589502 0.16277624 0.27522243 0.39031992
  0.10270693 0.18861174 0.27403271 0.04735758 0.0789612  0.1087792
  0.54029123]]",[-0.14867386 -0.30617999 -0.41136889 -0.23048933],4,0.030793488586567996,0.7763731675629029,0.8117751903240104,0.01704214750983718,0.02797666645955793,4357.196240819991
188,"[[ 0.3646366  -0.15137905 -0.30593272  0.07269052  0.23437539 -0.31956103
   0.04002916 -0.2672743  -0.1154888   0.63563885 -0.28974067 -0.11729749
  -0.00860579]
 [-0.0510545   0.23315805 -0.00323858  0.36839557  0.83666009  0.09008485
  -0.14802953 -0.20287078  0.07284189 -0.08629092 -0.06122022  0.12950406
  -0.05337614]
 [ 0.271611   -0.123587    0.14652848  0.11249896 -0.19898623 -0.40769369
   0.73414818 -0.07967873  0.21359289 -0.16464577 -0.21779402  0.06732037
  -0.03160352]
 [-0.03002995  0.36279046  0.11925455  0.20714859  0.12531184  0.12595558
  -0.2968074  -0.13976961 -0.70648801 -0.11066103 -0.3423945  -0.20502514
   0.02259603]]","['bbo_main', 'random_fill', 'random_fill', 'random_fill']","[[0.09209444 0.15079689 0.20995084 0.17260897 0.29657934 0.41252734
  0.08528304 0.1470074  0.23574126 0.05596898 0.09176946 0.1309245
  0.93013974]
 [0.08953144 0.15438742 0.22161176 0.18058551 0.31479708 0.46823032
  0.08674765 0.15618287 0.23540433 0.04998058 0.0858661  0.12810831
  0.43017552]
 [0.09555316 0.16483062 0.25133095 0.15860061 0.26602836 0.37479999
  0.10478292 0.18671142 0.3770686  0.04938769 0.08531855 0.12607702
  1.00002004]
 [0.10094261 0.17571947 0.28441997 0.17358114 0.30225253 0.46225036
  0.08369143 0.1396126  0.19692892 0.04773794 0.08191707 0.11849565
  1.00000588]]",[-0.18072501  0.35947446 -0.05272917  0.00818148],4,0.030245923112057288,0.8063299671462326,0.839734544468855,0.016945293572814386,0.028273901445975025,4210.860927138012
189,"[[ 0.30580901 -0.00346265  0.05404061 -0.38235191  0.12530363  0.02674206
   0.1663769  -0.07674737  0.06181885  0.73181488  0.03185672 -0.40862458
  -0.00210493]
 [ 0.07099393 -0.25322068  0.20279042  0.4322377  -0.02837734 -0.05996149
  -0.10477707  0.12543626  0.24037352 -0.18515114 -0.51753387 -0.55767937
   0.0294051 ]
 [-0.08693336 -0.03514064  0.19813533  0.08138961  0.1698881  -0.50356656
  -0.22708514 -0.52553778  0.2584159  -0.27565367  0.41421948  0.14336355
  -0.01524364]
 [-0.22397614  0.43369982  0.14609032  0.41801442  0.58633784  0.2716729
  -0.14428452  0.04924706  0.09100812  0.25946177  0.0912106  -0.19645477
  -0.0479839 ]]","['bbo_main', 'random_fill', 'random_fill', 'random_fill']","[[0.10391429 0.17485223 0.29127718 0.15763872 0.28051034 0.41017702
  0.09404648 0.16690134 0.30722249 0.0529356  0.08459386 0.11139368
  1.00000018]
 [0.09148203 0.15673613 0.26806749 0.16853194 0.28864536 0.40971582
  0.09468401 0.17601338 0.38239022 0.04559937 0.07677182 0.10886035
  1.00000195]
 [0.09520624 0.16489292 0.27323001 0.16166341 0.27370148 0.38505704
  0.08815854 0.15938419 0.38091884 0.05334997 0.09471254 0.13929808
  1.00000034]
 [0.09216633 0.16052762 0.2309     0.18007461 0.31384571 0.50795934
  0.08702624 0.15724398 0.2373199  0.04921893 0.08342074 0.11964387
  0.61498066]]",[ 0.04839863  0.08585048 -0.07027417  0.46415299],4,0.03205699140263088,0.8063299671462326,0.839734544468855,0.01692621658762921,0.027190897848441864,3769.0484848208725
190,"[[-0.11954325 -0.27445481 -0.28259504 -0.05478113  0.10547609 -0.23974586
  -0.09495341 -0.16053834  0.07134622  0.49376999 -0.67962005  0.11424569
  -0.01721832]
 [-0.22915516  0.06195411  0.38724422 -0.11615156  0.07817552  0.11950983
   0.29218501  0.65196658  0.37065021  0.12136967 -0.1396041  -0.27231046
  -0.06016103]
 [ 0.28535968  0.39991081  0.08425954  0.01898635  0.77438259 -0.24896269
   0.14559263  0.07895038  0.01268262  0.136511   -0.15779851 -0.13483729
  -0.01490946]
 [-0.26611402  0.23653508 -0.44778561  0.13564684  0.25868333 -0.136204
   0.19673613  0.50712256  0.08941225  0.49449713 -0.13844969  0.01540824
  -0.03236953]]","['bbo_main', 'random_fill', 'random_fill', 'random_fill']","[[0.08608836 0.14659544 0.20802891 0.16797252 0.28959586 0.40582514
  0.09127903 0.16685696 0.26687104 0.05196876 0.08705408 0.2645567
  1.00000067]
 [0.09141027 0.15825913 0.3746703  0.16316429 0.2807629  0.40362477
  0.10061377 0.18677716 0.28888763 0.04858247 0.08251983 0.1171781
  1.00000086]
 [0.1046945  0.18033583 0.29577501 0.17845348 0.31115069 0.426972
  0.08968161 0.16023824 0.2407902  0.04618978 0.07736487 0.11014952
  1.00001575]
 [0.08638931 0.14915554 0.21130964 0.16670751 0.28687727 0.40593994
  0.10318953 0.19126193 0.30871364 0.05115575 0.08636192 0.12500108
  0.440167  ]]",[-0.22217513  0.34573369  0.25805056  0.10511754],4,0.0317255358606158,0.7872022210569881,0.8219157777756545,0.016931461055384036,0.028698046264338695,4018.2336626029573
191,"[[-5.47646678e-01  1.94533179e-01 -4.98573291e-02 -7.08090105e-02
  -1.50401352e-01  2.85355376e-02 -1.96502501e-01  4.63382110e-01
  -6.09166655e-01  3.37297136e-04  6.56153702e-02  4.96669894e-02
  -1.06263778e-02]
 [-3.84892736e-01  3.10801844e-01  3.41622725e-02 -3.34227602e-01
   2.70458789e-01  1.04127753e-01  8.79779347e-02  5.95416058e-01
  -2.35663082e-01  1.31538782e-01  8.71542667e-02 -3.39454533e-01
  -2.16544348e-02]
 [-3.18622033e-01 -2.83037035e-01 -3.79802760e-02 -5.38491631e-01
  -1.53548071e-01  8.67366096e-02  2.92906281e-02  2.87451188e-01
  -2.93193423e-03 -5.18344415e-01 -3.78239679e-01  7.50821075e-03
   2.35958881e-02]
 [-3.69609043e-01 -2.70770093e-02  1.08656572e-01  6.15331834e-01
   3.86201654e-02 -4.40664677e-01  2.16434654e-01  1.01330972e-01
   2.21659562e-01 -2.67752148e-01 -3.10391862e-01 -2.25971342e-02
  -4.18301516e-02]]","['bbo_main', 'random_fill', 'random_fill', 'random_fill']","[[0.08958322 0.15916707 0.22740502 0.16459472 0.28325638 0.45129947
  0.08627819 0.14408141 0.19873446 0.05572847 0.09906941 0.17452526
  1.00002451]
 [0.09215471 0.16161952 0.2306104  0.16565835 0.29161247 0.46891275
  0.10105845 0.18002554 0.25328702 0.0482614  0.08046174 0.11274974
  0.43962811]
 [0.08653639 0.14932532 0.21427111 0.1588565  0.27700658 0.47141902
  0.10970504 0.20166496 0.29030486 0.04463342 0.07812343 0.11610869
  0.99999364]
 [0.09009567 0.15632379 0.22986112 0.1641349  0.27692997 0.38914987
  0.10018953 0.18332604 0.32618606 0.04855375 0.08336172 0.12257878
  0.44705975]]",[-0.13750411  0.11692666 -0.13304886 -0.02013145],4,0.030901895767393606,0.7815275139517999,0.8166063871280392,0.016967692457093782,0.029478123677691134,3872.9311710488982
192,"[[-0.12478803 -0.40090626 -0.13793672  0.42578496 -0.56245643  0.05246919
   0.04982166  0.28093803 -0.09518903 -0.44266843  0.11999837  0.05865529
   0.00278896]
 [-0.08380299 -0.30569487 -0.0644793  -0.70232592  0.14194703  0.10665143
  -0.29184257 -0.15438694  0.00550259 -0.0678696  -0.4557488  -0.22097428
  -0.02010868]
 [-0.06718216 -0.53390471  0.04060971 -0.31685826 -0.6593747   0.06341109
  -0.02187217 -0.103692    0.08621806 -0.09929982  0.35967407  0.08511667
   0.06673338]
 [ 0.3272667  -0.17998485 -0.56521376 -0.18204181  0.2106696   0.12581967
  -0.23460058 -0.20465249  0.12883828 -0.16985983  0.06092594 -0.54802354
  -0.03564222]]","['bbo_main', 'random_fill', 'random_fill', 'random_fill']","[[0.08319124 0.14253823 0.20421315 0.16383868 0.27277943 0.44092167
  0.10664225 0.19268733 0.27388101 0.05021432 0.09204595 0.16276474
  1.00008127]
 [0.08940102 0.15228678 0.2177551  0.16551643 0.29737655 0.50341231
  0.08771834 0.15809285 0.24032275 0.04681252 0.0789893  0.11267081
  0.64081243]
 [0.08831309 0.15172734 0.23825266 0.15366864 0.26034895 0.3865709
  0.09455392 0.17081665 0.28991489 0.05816188 0.1080657  0.17213726
  1.00007292]
 [0.08927303 0.1514388  0.21241911 0.1705594  0.29938416 0.47344823
  0.08934297 0.16221014 0.26405711 0.04860426 0.08268373 0.11670424
  0.35593817]]",[-0.12169683 -0.21407587 -0.15341299 -0.12650888],4,0.029072654898530184,0.8016713532831518,0.8354061683962789,0.016914995223725887,0.027623379052064606,3884.1770614099223
193,"[[-0.14854203  0.11592033 -0.30784311 -0.47812857  0.23421017 -0.44722424
   0.01315013 -0.38000585 -0.18959723 -0.3715838  -0.24693226  0.08111036
   0.01029943]
 [-0.07146372  0.33962428 -0.16203749 -0.31340432  0.16409985  0.065399
   0.70765348 -0.39226977  0.00644168 -0.07046099  0.1138607  -0.22478282
   0.02678114]
 [-0.22924349 -0.18679084  0.03711775 -0.22590622  0.0342481   0.03999233
   0.11788672  0.44318611 -0.34594042  0.68870754 -0.22480664 -0.03957021
   0.03106533]
 [-0.20002333  0.22851186 -0.108579    0.21676737 -0.01682299 -0.06181992
   0.36748283 -0.38015354 -0.14096605 -0.18781636  0.64873215 -0.29881913
   0.00614432]]","['bbo_main', 'random_fill', 'random_fill', 'random_fill']","[[0.09433114 0.16144365 0.22686345 0.15898291 0.27238237 0.38412995
  0.08673295 0.14949098 0.22088763 0.05142299 0.09050286 0.20212681
  1.00006152]
 [0.09654849 0.16550988 0.22791659 0.16558366 0.30158574 0.52576667
  0.09647714 0.1592198  0.23777013 0.04764612 0.08047915 0.11181702
  1.00004696]
 [0.08526279 0.14839676 0.25270993 0.16186998 0.28692987 0.45018361
  0.1046869  0.1802127  0.24078128 0.05720452 0.09253166 0.12924978
  1.00003264]
 [0.09351853 0.16539423 0.23284162 0.1725743  0.29388049 0.42975323
  0.08468757 0.13879954 0.20292305 0.05898664 0.1065402  0.14319936
  1.00000752]]",[-0.36145562  0.05916155  0.00683852 -0.02915395],4,0.029606636524125207,0.79598275070908,0.8301106724705783,0.01682748805718021,0.03025098729966924,3895.571652230108
194,"[[ 0.30519177  0.19072998 -0.00597787  0.50610725 -0.10245625 -0.51280251
  -0.54292568 -0.14080671 -0.14877598  0.05201753  0.00644112  0.03430156
  -0.01352974]
 [-0.28162616 -0.47703884  0.0169086   0.43481842 -0.14610618 -0.18915139
  -0.08663842  0.27613084 -0.22263018  0.1057202   0.31397395 -0.44840042
   0.05004426]
 [-0.04036054 -0.00249757  0.28736951 -0.14690398 -0.66970421  0.24095454
   0.43996891  0.06273165  0.21764159 -0.34701701  0.14052106  0.04065597
   0.03072973]
 [-0.1142452  -0.0192025  -0.35240732 -0.1056031   0.08092951 -0.26490242
  -0.59898197 -0.01479719 -0.06707302 -0.03208558  0.27822793 -0.47715195
   0.32388593]]","['bbo_main', 'random_fill', 'random_fill', 'random_fill']","[[0.10710051 0.18268362 0.27415975 0.16271351 0.26578774 0.36684425
  0.08479099 0.15116504 0.2252397  0.05354493 0.0935593  0.14602491
  1.00002066]
 [0.08259801 0.1432813  0.26884582 0.16912106 0.2791596  0.38933553
  0.09841478 0.17938765 0.25549412 0.05192763 0.08516502 0.11584037
  1.00001208]
 [0.09483272 0.16442236 0.39405864 0.15850733 0.26987829 0.40147494
  0.09899676 0.17897041 0.2648416  0.05087013 0.08839249 0.12658363
  0.99999842]
 [0.08716391 0.14754628 0.20830391 0.16655546 0.28438882 0.4001788
  0.08544352 0.1618292  0.27552102 0.05212265 0.08514916 0.11464173
  1.00001728]]",[-0.17307298 -0.1135014   0.14478292  0.03237393],4,0.032236007752581924,0.7985677734699778,0.8325184217144425,0.016780801584283023,0.028955402390135387,4072.9487582361326
195,"[[ 0.23173665  0.54729481  0.07476757 -0.05708991  0.27942896  0.16447168
  -0.13605281 -0.15409168  0.15412277  0.66498407  0.03462167  0.15078912
   0.02524507]
 [-0.50433726 -0.09528156  0.16948887 -0.32678779  0.34300066  0.03689353
   0.54015388  0.10584087  0.19112979 -0.32466292  0.16089368  0.09997189
  -0.03538022]
 [ 0.22347507  0.20281077  0.13231657 -0.32094839 -0.18110692  0.12380092
  -0.19951934  0.46209366 -0.12038439 -0.36962029 -0.50221465 -0.28714837
  -0.03407268]
 [-0.09698642 -0.41795887 -0.07085881 -0.04437856  0.15692912 -0.5625099
   0.32005858  0.46839059 -0.20910111  0.25181951 -0.0957515  -0.06414601
   0.16007129]]","['bbo_main', 'random_fill', 'random_fill', 'random_fill']","[[0.10194203 0.17473859 0.24279553 0.16674964 0.29205128 0.55282827
  0.08600214 0.15419959 0.24603013 0.05420153 0.09210922 0.13376151
  0.99999536]
 [0.08752112 0.15205055 0.26016216 0.1652695  0.28789026 0.41211474
  0.10183078 0.18222355 0.28999368 0.04981331 0.0868504  0.12716934
  0.384764  ]
 [0.0996223  0.17098805 0.27777519 0.16309779 0.28133935 0.42262012
  0.09391993 0.17123816 0.24889453 0.04555427 0.0777192  0.11129614
  0.34652431]
 [0.08829015 0.15192236 0.23191773 0.15968726 0.2648737  0.36838291
  0.1141792  0.20259179 0.28474396 0.05316467 0.09060392 0.13190174
  1.00003018]]",[ 0.38752693  0.17202857 -0.02649095 -0.03300955],4,0.0302962793113265,0.8146218951921107,0.8474194880452741,0.01676934356207169,0.032351745535016935,3433.516195955919
196,"[[-0.33233262 -0.06021276  0.06825003  0.49818998 -0.38450584  0.10556786
   0.17275997  0.25508581  0.00295283 -0.57591784 -0.18749451 -0.10963765
  -0.01758867]
 [-0.37954728 -0.1237395  -0.67556407  0.05904276 -0.01049301  0.02311096
   0.3994111   0.15071842  0.07293609  0.19853218  0.02077774 -0.11952495
  -0.37204493]
 [ 0.63862874  0.40229142 -0.1051576  -0.12850152 -0.3070276  -0.04140444
   0.37540027  0.00495973  0.07502174 -0.03100196  0.31096224 -0.09983345
  -0.2292604 ]
 [-0.04144461  0.44133692  0.17853619  0.54380763 -0.11661553 -0.23529266
  -0.20306352  0.27442549  0.0757183  -0.186204   -0.00668826 -0.49950158
  -0.02108182]]","['bbo_main', 'random_fill', 'random_fill', 'random_fill']","[[0.08704384 0.15227506 0.22835599 0.16733358 0.28287769 0.48966501
  0.1061373  0.19266639 0.27684632 0.04365844 0.0770136  0.11205553
  0.85361862]
 [0.0907705  0.15650858 0.22286899 0.1672968  0.28900363 0.41832692
  0.09166644 0.16532637 0.24669437 0.05185991 0.08899793 0.12726776
  0.01563221]
 [0.09515353 0.1642174  0.23547147 0.16455646 0.2833842  0.40761484
  0.09091771 0.16413622 0.246331   0.05166554 0.08897724 0.12743681
  0.02027068]
 [0.10165493 0.17792932 0.37247207 0.16316613 0.27376822 0.38625359
  0.09357223 0.17232434 0.26000033 0.0465336  0.07852074 0.11083443
  1.00003072]]",[ 0.00519497 -0.11722646  0.03916172  0.06907772],4,0.02770920957831096,0.8073657532154037,0.840695867307293,0.01675434132656555,0.026635501102899903,3782.52285047411
197,"[[-2.14465224e-01 -1.01900552e-01 -1.54879655e-01 -3.53068242e-01
   1.46103916e-01 -1.05691256e-01  5.00812920e-01 -5.95644756e-01
   2.55629581e-03 -3.11259213e-01  2.40226978e-01 -3.83083565e-02
   2.80613348e-02]
 [-1.34816826e-01 -7.75787562e-02 -2.17331639e-01  3.74493629e-02
   2.19225180e-01 -1.43644312e-01 -1.93266832e-01  4.90416288e-01
  -2.87672328e-01  4.96157556e-01 -4.92486879e-01 -9.47722295e-02
  -1.28102263e-02]
 [-2.91234645e-02 -3.05390287e-01  1.71186230e-02  5.18105201e-01
   1.37068268e-01 -4.17693489e-01  8.35366521e-03  1.22909916e-01
  -1.01180571e-01 -5.65645230e-01  3.00022531e-01 -9.22540329e-02
   3.74132652e-03]
 [-4.61923168e-01  8.54018720e-02 -1.35959091e-01 -6.16668867e-01
   5.08446766e-02 -1.06413991e-01  3.73564010e-01 -4.43371896e-01
  -1.40807478e-01  7.43117573e-02  6.45861838e-02 -1.73104648e-04
   3.17793473e-02]]","['bbo_main', 'random_fill', 'random_fill', 'random_fill']","[[0.08660058 0.14797846 0.20989364 0.16484729 0.28991458 0.41006921
  0.08805213 0.14521282 0.26077762 0.05497467 0.10342015 0.14898224
  1.00004131]
 [0.08453729 0.14462415 0.20764175 0.17316618 0.29902184 0.42639041
  0.09906556 0.18016737 0.2550545  0.04996517 0.08166836 0.12267897
  0.56750487]
 [0.0869859  0.15100687 0.26809152 0.17283264 0.27958668 0.3762355
  0.09570708 0.17240767 0.25038038 0.04828989 0.08997055 0.13125611
  1.00000003]
 [0.09013047 0.15736673 0.22371135 0.1583503  0.27870812 0.39951559
  0.08786727 0.14530982 0.21031032 0.06035792 0.10590123 0.17019039
  1.00001208]]",[-0.13698839 -0.09544203 -0.08537602 -0.20274263],4,0.02827362190891304,0.8369749077300217,0.8680043228876755,0.016539233890249274,0.02868080002819204,4601.991535416106
198,"[[-5.58426294e-01 -1.38484094e-02  2.34174203e-01 -8.97492828e-02
  -2.36432739e-01 -4.91129689e-01 -4.52835137e-02 -2.30905363e-01
  -1.65104252e-01  3.99427339e-01 -1.81169444e-01 -2.27721297e-01
  -3.34386007e-02]
 [ 3.00305120e-01  2.03769256e-01 -2.66780242e-01 -6.20543957e-01
   3.61175801e-01 -1.24571155e-01  2.54994546e-01 -2.55897120e-01
   8.18315057e-02 -5.23888236e-04  3.57578048e-01 -3.04120657e-02
  -9.65996269e-03]
 [-1.29374556e-02  4.22358037e-01 -5.18982099e-01  1.46963066e-01
   3.64184997e-01 -1.79117705e-01  2.63434033e-02 -3.35833186e-01
  -1.83552941e-02 -3.23589852e-01  1.73674765e-01 -3.41762640e-01
  -1.73794518e-02]
 [ 4.13831913e-01  7.11341898e-02 -2.53063245e-02  4.97261977e-01
   3.69103429e-01 -3.18216457e-01  1.57303100e-02  4.92165226e-01
  -1.25469193e-01  2.29686208e-01 -1.14283342e-01  2.54120293e-03
   1.19309137e-01]]","['bbo_main', 'random_fill', 'random_fill', 'random_fill']","[[0.09248775 0.16326083 0.40556952 0.15936824 0.26973746 0.38119188
  0.08900671 0.16029915 0.23851801 0.05218241 0.08832932 0.12687641
  1.00002802]
 [0.09681216 0.16381978 0.22608161 0.15772408 0.28054711 0.40067798
  0.09118288 0.1592452  0.35863284 0.05724646 0.10259512 0.1453178
  1.00005441]
 [0.09045288 0.15475586 0.21536059 0.18375608 0.31702556 0.4409195
  0.08595118 0.15126673 0.24343964 0.04706239 0.08136588 0.11565957
  0.65703605]
 [0.09977432 0.16905739 0.24995984 0.17831646 0.29555007 0.39959434
  0.10105888 0.18648804 0.26710343 0.04870596 0.0824649  0.12485214
  1.00003012]]",[-0.36214347 -0.00989622 -0.08914063  0.29884313],4,0.029334875117742354,0.8250056735032996,0.8570068005496067,0.016538317711836812,0.029541372011348415,3405.758016539039
199,"[[-0.1888058  -0.09111269  0.05809622  0.34898663  0.17012142 -0.41763547
  -0.48433947 -0.47998264  0.00409536  0.18484639 -0.35410687  0.05168707
  -0.01752394]
 [ 0.30024998  0.42333129 -0.35822391  0.33079543  0.10552063  0.03342153
  -0.40403616  0.22514413  0.07815415 -0.03839287  0.41697214 -0.26298215
   0.12687169]
 [ 0.16694908 -0.16856843 -0.64199127  0.05775642  0.23617355 -0.17317521
   0.00456928  0.38718307 -0.16276935  0.45256547 -0.1448257   0.19857522
  -0.02844172]
 [ 0.6918324   0.51326986 -0.21221184 -0.19463336 -0.24304814 -0.07310663
  -0.01956428  0.18152535  0.1717364  -0.02833065  0.19523929 -0.091499
   0.02164076]]","['bbo_main', 'random_fill', 'random_fill', 'random_fill']","[[0.09097005 0.15894143 0.28667546 0.16955017 0.28558879 0.3959438
  0.08337565 0.1470928  0.22635103 0.05154047 0.08749669 0.13387668
  0.58800448]
 [0.09784833 0.16443798 0.22128471 0.18081248 0.30836177 0.43992035
  0.08612199 0.16828766 0.31521897 0.05008379 0.08502981 0.11763434
  1.00001674]
 [0.08617414 0.14541774 0.205579   0.16810948 0.29056157 0.41144414
  0.0956297  0.17394949 0.2533001  0.05368593 0.09148899 0.27475553
  0.99999637]
 [0.10491997 0.17626378 0.24092963 0.15577301 0.26526673 0.38341136
  0.09660122 0.18068383 0.37672231 0.05140752 0.08855645 0.12586063
  1.00001014]]",[-0.20750484  0.28397304 -0.0713034   0.11067252],4,0.033232327012830604,0.8317670677126562,0.8632266162623736,0.016621539402243257,0.02779809779274256,4101.389126013964
200,"[[ 0.62288421 -0.41761486  0.110892    0.04056197  0.28882615 -0.18692961
   0.12504859 -0.03358231  0.03470342 -0.133707   -0.23064642 -0.4648543
  -0.01317016]
 [ 0.05194921 -0.16591836  0.17291786  0.38047813  0.32097442  0.17638566
  -0.09920266  0.53811115 -0.39609253 -0.05137019  0.33844376 -0.29494249
  -0.02243852]
 [-0.02417572  0.53801563  0.15674481 -0.37858043 -0.39373898 -0.30084489
   0.05030137  0.36953975 -0.24376619 -0.23816166 -0.02014418  0.1556733
   0.12904203]
 [-0.12011095  0.44105138  0.00077866 -0.06857289  0.26985567  0.02166887
   0.2151403   0.23011948  0.12452637 -0.54213653 -0.54014777  0.08313605
  -0.0756452 ]]","['bbo_main', 'random_fill', 'random_fill', 'random_fill']","[[0.09480669 0.16052867 0.35794356 0.16898407 0.2916988  0.40876203
  0.09477226 0.17061455 0.2579577  0.04436319 0.07409414 0.10395027
  1.00004181]
 [0.08827699 0.15215789 0.28250475 0.18258905 0.31912697 0.50893804
  0.08788827 0.15669328 0.22460859 0.04910163 0.08382544 0.11862572
  0.99999847]
 [0.10336882 0.18153032 0.33579131 0.15415541 0.25880439 0.36729882
  0.0949127  0.1696813  0.24450268 0.05190369 0.09051039 0.14857526
  1.00001948]
 [0.0946527  0.16386434 0.23527004 0.16694547 0.28861903 0.41258192
  0.09406676 0.1699898  0.26157843 0.04798901 0.08257623 0.12118189
  0.09877447]]",[-0.02303778  0.2449178   0.02290486  0.16037643],4,0.03091031798902493,0.8354119209446034,0.8665716456267971,0.016531704332083785,0.030021848394534145,3078.842486490961
201,"[[-0.11631377  0.00982052 -0.51731094 -0.10817277  0.01671803 -0.38782021
  -0.48616144 -0.16725271  0.16449761  0.50994975  0.04857913 -0.04479552
  -0.02403156]
 [ 0.03239616 -0.30350668 -0.50025022 -0.23143777  0.09860949 -0.04435231
  -0.71852916  0.04394312 -0.03981613  0.26225667  0.0389409   0.02233747
   0.02711283]
 [-0.45312691 -0.32828675  0.10535783  0.2575181   0.31308808 -0.23499139
   0.26333772  0.52437248  0.19273028  0.14391077  0.08151304  0.21658959
  -0.02278002]
 [ 0.1151187  -0.12581489 -0.22683422 -0.68718533  0.17082686  0.10472062
   0.28599023 -0.19038091 -0.03140023 -0.29887894 -0.43160333  0.1115863
   0.00313078]]","['bbo_main', 'random_fill', 'random_fill', 'random_fill']","[[0.08942402 0.15324718 0.21643465 0.16176295 0.27425922 0.38757073
  0.089198   0.16667557 0.39174901 0.05707145 0.09780363 0.13994624
  1.00003799]
 [0.08391097 0.13827536 0.1929107  0.17036736 0.29793489 0.42692296
  0.08610668 0.16084524 0.241627   0.05937773 0.10127822 0.17684131
  1.00001761]
 [0.08505006 0.14789893 0.21729455 0.16616666 0.28399163 0.39977082
  0.10443039 0.19345567 0.30304862 0.0517096  0.08941387 0.22645405
  1.00002931]
 [0.089742   0.15182978 0.21322082 0.1646575  0.29901195 0.4817229
  0.09372008 0.16280773 0.2390682  0.04663587 0.08080861 0.21366338
  1.00000596]]",[-0.28732777 -0.17858118  0.20191137 -0.10230416],4,0.029417948705717067,0.8631122854988665,0.891794687643815,0.016288336684738385,0.0261538927985778,3652.8122232612222
202,"[[-0.41635133 -0.08040888  0.06619214 -0.29039937 -0.21182915 -0.49624029
   0.19670571  0.51773951  0.03811999  0.12359969  0.32838121  0.09284151
  -0.02038754]
 [-0.23301458  0.42078339  0.00402409 -0.43593077 -0.3109496   0.00124372
   0.43914719  0.23195369 -0.13904119  0.40215798  0.18994221  0.13388765
  -0.01350234]
 [-0.5493604   0.06676223 -0.06362966  0.09258913  0.04775846  0.12522362
  -0.17399069 -0.13153776 -0.17926114  0.27764779  0.4226999  -0.57244058
   0.00120073]
 [ 0.24679487 -0.48706839  0.05285659 -0.19645325 -0.3177018   0.01231537
  -0.19520475 -0.04980227 -0.44752389  0.02208243  0.56075208  0.05388546
  -0.02618995]]","['bbo_main', 'random_fill', 'random_fill', 'random_fill']","[[0.08949818 0.15461402 0.25587439 0.15476643 0.25743693 0.36257756
  0.10900213 0.19863963 0.28856161 0.0555308  0.09756902 0.14513231
  1.00000557]
 [0.09569764 0.1686311  0.2396501  0.15313793 0.26033754 0.38442044
  0.10281671 0.1806247  0.2557191  0.0578856  0.10109754 0.2203416
  1.00000654]
 [0.08647243 0.15152932 0.21758452 0.17827218 0.31070862 0.55457939
  0.0852248  0.15011264 0.22040994 0.05207415 0.08599949 0.11755398
  1.00000044]
 [0.09173376 0.15660533 0.26563128 0.16147308 0.27625661 0.40423739
  0.08520899 0.14811173 0.21436619 0.05944675 0.1094123  0.15937516
  0.70894077]]",[-0.1448855   0.01236449 -0.03980788 -0.22136523],4,0.028837583040891457,0.8521134551469304,0.8818238639655698,0.01636277403497483,0.028320908351281343,4984.122270782944
203,"[[ 0.3014884  -0.24418057  0.01857612  0.07402387  0.10269274  0.09030054
  -0.21958577  0.44911928 -0.14100439  0.01081078  0.74372254 -0.04144995
  -0.01376701]
 [-0.20883554  0.10562129  0.05341085 -0.39609946  0.24433253 -0.51957518
  -0.02593005  0.06257172 -0.18381265 -0.1134914   0.09340018 -0.62898449
  -0.01508451]
 [ 0.33630081  0.32348613  0.045924    0.06893432  0.26579488 -0.14922699
  -0.42203175  0.53009415  0.04810758  0.17714138  0.38361781 -0.19020662
   0.07960353]
 [-0.35362115  0.03961804  0.28359629 -0.15092242  0.21814378  0.08503008
  -0.54921305 -0.00572394  0.27143359 -0.15604061  0.46231834  0.31619051
  -0.04420347]]","['bbo_main', 'random_fill', 'random_fill', 'random_fill']","[[0.08847262 0.15006184 0.21577659 0.16746511 0.28986451 0.47988676
  0.09089533 0.16536553 0.23847634 0.06201015 0.11706748 0.1638593
  1.00003699]
 [0.09790878 0.17319795 0.32106931 0.15766818 0.26608118 0.37112253
  0.09265579 0.16518834 0.24146075 0.04757309 0.07919421 0.10865991
  1.00002128]
 [0.10538995 0.17731797 0.27499908 0.16179632 0.27480647 0.38704147
  0.09387216 0.19100587 0.28963141 0.05262911 0.08928846 0.12358454
  0.99999888]
 [0.09048017 0.15716533 0.25796313 0.16623437 0.28684411 0.40899713
  0.088415   0.16168621 0.25499844 0.05324774 0.09403983 0.28745919
  1.00001859]]",[ 0.16739695 -0.2931535   0.30710993  0.22123619],4,0.030662456347559264,0.8474093311390839,0.8775409944214598,0.0162560686927474,0.028137965647151875,3444.177790272981
204,"[[ 0.86934053 -0.13183948 -0.13916653  0.01170671 -0.18217516  0.1570615
   0.29047948  0.16147486 -0.09118879  0.04230378 -0.06272843  0.1563971
  -0.02350626]
 [ 0.04959161 -0.15861016  0.43173143  0.33007982  0.10968096  0.44788395
  -0.07588754 -0.08593904  0.07419714  0.17134598 -0.33764574 -0.36057125
  -0.41519087]
 [ 0.4216535   0.07494742  0.02977978 -0.13760756  0.24459236 -0.40817689
   0.35846258 -0.12366691  0.03870047 -0.46227162 -0.43475232  0.10103394
   0.11016167]
 [-0.38729794  0.51120839  0.0850249   0.27191588 -0.54573685  0.0669335
  -0.12988392  0.37148772  0.10770943  0.11372434 -0.01742818  0.11098283
   0.1147239 ]]","['bbo_main', 'random_fill', 'random_fill', 'random_fill']","[[0.09620148 0.16338596 0.22816004 0.1627022  0.28119851 0.53791105
  0.09465505 0.16921163 0.2452434  0.05132778 0.08928761 0.19008745
  1.00006427]
 [0.09141432 0.15796734 0.24761945 0.16724394 0.28899035 0.41969486
  0.09031613 0.16323992 0.24344869 0.05121525 0.08806613 0.12589671
  0.0081615 ]
 [0.10569133 0.17929013 0.24952163 0.16028679 0.26961628 0.37551643
  0.09884917 0.17404841 0.26352865 0.04471106 0.07869742 0.19084528
  0.99999872]
 [0.0961342  0.17374459 0.2509396  0.15572404 0.26089505 0.38095167
  0.10061734 0.18782603 0.29959449 0.05219172 0.08958923 0.18395204
  1.00000599]]",[0.10074849 0.28869614 0.05471465 0.2268753 ],4,0.031129844572761856,0.8536827469091905,0.883250236848794,0.016309942626482755,0.027152512159854147,3324.548782974016
205,"[[ 0.48151643  0.51577054  0.0284835  -0.18321277  0.32953613 -0.06593568
  -0.37102078  0.10731455  0.11759938  0.26422728  0.32744559  0.11885523
  -0.02524248]
 [-0.07259784 -0.21443254  0.12107811 -0.35767569  0.46735124  0.05143402
   0.12798131  0.36691171  0.0745911   0.56587792  0.20203361  0.25633228
  -0.04224812]
 [-0.219165    0.0366364   0.0206522   0.5477378  -0.08383883 -0.21299506
  -0.1549874   0.36606509  0.08907159  0.10457233  0.09760144 -0.64094769
   0.02348569]
 [-0.12723506 -0.1036221  -0.05581316  0.51980164 -0.01596525  0.09190793
   0.78976319 -0.21519302  0.01209975  0.00450509 -0.02912036  0.13932809
  -0.02453454]]","['bbo_main', 'random_fill', 'random_fill', 'random_fill']","[[0.10523741 0.17912297 0.24833876 0.16181844 0.27909039 0.39873195
  0.0867141  0.1594862  0.2799223  0.05504675 0.09630245 0.15755382
  0.60377018]
 [0.08897264 0.15286369 0.22319539 0.16530251 0.28911372 0.41601967
  0.09447388 0.17152623 0.25520295 0.05458788 0.09378739 0.21396374
  0.46579949]
 [0.0894087  0.15470098 0.22335077 0.16697592 0.28017468 0.39229026
  0.10425841 0.19951778 0.34132513 0.04657089 0.07691815 0.10490238
  0.99999398]
 [0.08578572 0.1492824  0.21488281 0.17598014 0.30085175 0.44144173
  0.0962223  0.16628913 0.2432633  0.05089297 0.08859793 0.19110506
  0.55616492]]",[0.2535912  0.26424312 0.03100481 0.14264871],4,0.03383498024717185,0.8720411381119254,0.8998412722288597,0.016096652492935456,0.027173296174860362,2688.065131370211
206,"[[-0.26436518  0.23488386 -0.00530726 -0.13086041  0.56177085  0.0272109
   0.26834992  0.56051733 -0.22369045  0.25175088  0.18993786  0.07254204
  -0.02269531]
 [ 0.17816733 -0.35329015  0.01492332 -0.19902866 -0.32002494  0.1133479
  -0.10276318 -0.04835386  0.12973968  0.45650976 -0.65406745  0.14544133
  -0.03541648]
 [-0.27071336  0.11501268  0.18013272  0.19635995  0.62634694 -0.19705802
  -0.12417468  0.13531291  0.18403396 -0.21465058  0.19673878 -0.50761795
  -0.03584043]
 [ 0.02930605 -0.53839389  0.17522992 -0.14181501  0.10625095 -0.34682449
   0.1842004   0.02133154  0.122678   -0.62515246  0.28063449  0.08571886
   0.02293296]]","['bbo_main', 'random_fill', 'random_fill', 'random_fill']","[[0.08752231 0.15159228 0.21728241 0.17233571 0.3082495  0.43876792
  0.10032332 0.1771474  0.2487459  0.05232479 0.08947229 0.14041561
  0.55418071]
 [0.09111677 0.15606988 0.22329525 0.16323314 0.28144909 0.43670198
  0.09213546 0.16896347 0.26603414 0.05150218 0.08693127 0.14280624
  0.17798528]
 [0.09213673 0.16056051 0.2896773  0.17093459 0.29463636 0.41437961
  0.09231792 0.16965116 0.26925835 0.04704257 0.0797721  0.1126148
  0.39228742]
 [0.08933133 0.15374101 0.38292264 0.15999472 0.27129818 0.38174102
  0.09846159 0.17923877 0.26939175 0.05098438 0.09107223 0.13287899
  1.00000232]]",[ 0.27221806 -0.11063549  0.17757331 -0.05630007],4,0.03026336843981181,0.8704637265413117,0.8984230181880317,0.015987552290096175,0.02872891015635283,3815.3117002078798
207,"[[-0.04064776 -0.13507129 -0.23355584 -0.3023038  -0.02057003 -0.42070711
  -0.41616731  0.55517394 -0.39060858 -0.13530771 -0.01750839 -0.06388004
  -0.0081374 ]
 [-0.06359414 -0.55984236  0.04454237  0.14239231  0.45635613  0.12863061
   0.34407676  0.05539022  0.15045146 -0.16254168 -0.4083284  -0.30536373
   0.07053044]
 [-0.12539006  0.14895769 -0.7849923   0.18099903  0.2186694  -0.09720072
   0.15019008 -0.20199016  0.09679526  0.10029384 -0.4146176  -0.03169324
  -0.01239466]
 [-0.02958684 -0.10863104 -0.12083449 -0.44232431 -0.56237777 -0.05064335
  -0.11491484 -0.1166402  -0.3325734   0.17007369 -0.52894211  0.01046727
   0.10958486]]","['bbo_main', 'random_fill', 'random_fill', 'random_fill']","[[0.09287619 0.15823329 0.22464568 0.15561149 0.25823189 0.36239768
  0.09915154 0.18202668 0.2563584  0.05387207 0.09317349 0.15745704
  1.00001588]
 [0.08421953 0.14346379 0.20810025 0.18228205 0.31860346 0.47990521
  0.09866335 0.17666026 0.29365098 0.04534881 0.07654179 0.10923464
  1.00000523]
 [0.08403149 0.13954726 0.19207303 0.18131824 0.31335896 0.44102294
  0.09432974 0.16897727 0.30221539 0.04923961 0.08352065 0.12253
  1.00009373]
 [0.09680251 0.16667976 0.23761808 0.15393478 0.26219217 0.40850051
  0.08717803 0.15112478 0.21717658 0.05216327 0.08787913 0.153366
  1.00000568]]",[-0.34989183  0.24314149 -0.11873446 -0.31220411],4,0.029294406544052187,0.8815222755663781,0.9083341307924867,0.015980848721714087,0.027270057730757497,4918.955779747805
208,"[[ 0.22277842  0.11011637 -0.09394595  0.04763251 -0.21470177  0.01665843
  -0.63464564  0.49319038 -0.03667991 -0.0502072   0.35534928 -0.32323556
  -0.01194802]
 [ 0.75621745  0.02657281 -0.11687662 -0.26228751 -0.1264421   0.0991219
   0.04920635 -0.02439793  0.07035661  0.35612802  0.42841525 -0.0276159
  -0.00808755]
 [ 0.27012616  0.5533039  -0.05151274 -0.44527304 -0.34403059 -0.35850962
  -0.05888943  0.20531739  0.05695545 -0.23661859 -0.23207287 -0.11601295
  -0.03010834]
 [-0.32893407  0.13051862 -0.25071139  0.16389833  0.09052625  0.01497647
  -0.67360402  0.31965518 -0.09430992 -0.33233452  0.31815232 -0.00565539
  -0.01066854]]","['bbo_main', 'random_fill', 'random_fill', 'random_fill']","[[0.1005856  0.16946378 0.23324096 0.15954331 0.26947689 0.42380789
  0.08959367 0.19254598 0.28546719 0.05092334 0.08615933 0.11834379
  1.00001189]
 [0.10367399 0.17300683 0.23575185 0.15573643 0.26788867 0.47479611
  0.08989964 0.16258384 0.2541163  0.06149857 0.10665515 0.14706256
  1.00000152]
 [0.10550942 0.18025074 0.24865207 0.15447597 0.26023367 0.36914953
  0.09939078 0.18138562 0.29829055 0.0487164  0.08351918 0.12085801
  0.82349582]
 [0.08221546 0.1412882  0.19976938 0.1847898  0.31550856 0.47678475
  0.08497797 0.16051889 0.23719914 0.05247102 0.0986738  0.14133896
  0.98448801]]",[-0.01855121  0.10156695 -0.19657754 -0.01834614],4,0.03081761974255706,0.8815222755663781,0.9083341307924867,0.015974090901473576,0.0275022737287684,4337.458201901987
209,"[[-0.17113877  0.59582413 -0.58520938 -0.06341524 -0.1154068  -0.31812085
  -0.30836395 -0.05738257 -0.0273634  -0.07130614  0.17633705 -0.13901596
  -0.00770842]
 [-0.04087971  0.52271457  0.13062085 -0.28672892  0.6837095   0.06938328
   0.0093116   0.13417024  0.17216157  0.21746332  0.16784081 -0.14751943
   0.09273372]
 [ 0.22432908  0.20297655  0.0389102  -0.09768651 -0.31114372  0.00449654
  -0.35494395 -0.46710393 -0.23762461 -0.25974225 -0.57556087 -0.0307558
   0.01645241]
 [ 0.38999435 -0.36282762  0.0582793   0.0412379   0.03849398 -0.07826931
  -0.36262849  0.05016813 -0.47606795  0.53791991 -0.22647757  0.0464481
   0.00955571]]","['bbo_main', 'random_fill', 'random_fill', 'random_fill']","[[0.09836042 0.16856441 0.22826512 0.15726563 0.25947691 0.36416999
  0.08827053 0.1629607  0.27310012 0.05595906 0.09771585 0.1373282
  1.0000064 ]
 [0.09706354 0.1676531  0.24682372 0.17093693 0.30569146 0.43608429
  0.08973208 0.16202491 0.36578651 0.04979137 0.08403164 0.11892515
  0.99999574]
 [0.10674925 0.18475117 0.30344305 0.16253592 0.27685139 0.40778262
  0.08399008 0.14296039 0.20753408 0.04604589 0.07995317 0.11884206
  1.00001527]
 [0.09419058 0.15981094 0.29371125 0.16905421 0.29381145 0.41933407
  0.08350451 0.13885267 0.19357932 0.05507676 0.09316401 0.14223917
  1.00009533]]",[-0.26335202  0.49182581 -0.21801512 -0.10945368],4,0.02843088846060851,0.8831053805615025,0.9097466922376344,0.015912392427642606,0.027859357772244853,3418.444220572943
210,"[[-3.70976792e-01 -7.16863987e-01 -6.40415538e-02 -2.87329283e-01
  -2.00636187e-01  2.61292593e-02  3.24087965e-01 -1.77588351e-01
   3.90249226e-02 -2.56848736e-01 -1.26351409e-01  2.44040075e-02
  -1.61277791e-02]
 [ 1.88961853e-01 -3.21485112e-01  9.61136260e-02 -5.15018425e-02
   1.81407507e-01 -5.03783291e-01 -4.60208774e-01  3.67815439e-01
  -5.19073557e-02  4.05400274e-01  1.96951382e-01  9.04461745e-02
  -3.53519201e-02]
 [ 1.54586373e-01  2.28431190e-01 -4.62959063e-01  2.03153645e-01
   5.86715631e-01 -1.69773377e-01 -1.51834646e-01 -5.12780301e-01
  -2.39553464e-02 -6.21018143e-03  6.06269832e-02  7.03832431e-02
  -4.71820337e-03]
 [-2.77481808e-04 -1.87466971e-01  1.56544032e-01 -1.52353846e-01
   6.42897221e-01 -4.20593309e-02  6.81440615e-02  2.91459412e-01
   1.22824630e-01 -1.79751122e-01  5.90926472e-01 -1.24167779e-01
  -2.12653536e-02]]","['bbo_main', 'random_fill', 'random_fill', 'random_fill']","[[0.08234901 0.14122034 0.20417783 0.1632875  0.28332537 0.43177916
  0.10264913 0.18174827 0.28749379 0.05087138 0.08869812 0.1282422
  0.62794855]
 [0.09229861 0.15761246 0.26716402 0.16068457 0.27198927 0.38333465
  0.09243185 0.1718814  0.25430971 0.05577256 0.09674155 0.1437383
  0.31658011]
 [0.08795559 0.14998283 0.21110064 0.18652336 0.32637862 0.45075871
  0.08344568 0.14333271 0.21818593 0.05179632 0.09001114 0.16926803
  1.00000069]
 [0.08790231 0.15083099 0.35982345 0.17026137 0.30026065 0.42289036
  0.09728421 0.17841573 0.26935004 0.05122441 0.08842473 0.12450512
  1.00000201]]",[-0.25640252 -0.1086487   0.02392006  0.27537133],4,0.027874536571049352,0.8931527808642441,0.9186718495790679,0.015914026691200442,0.027220554133250877,4088.313401672058
211,"[[ 0.47290506  0.41040839 -0.11399901 -0.15562896 -0.03309329  0.12918473
   0.15912605  0.69149928  0.03968066 -0.21316599  0.00717842  0.04189512
  -0.02474624]
 [-0.20111776  0.18913053 -0.47124093  0.21089638 -0.23012898  0.06946939
  -0.12540947  0.57335205 -0.26821351  0.37664151 -0.1781165   0.09578845
  -0.01709721]
 [-0.01145831  0.08468503  0.03836878 -0.35233853  0.62786059  0.23235514
   0.14405848  0.23379286  0.25852287 -0.40025973 -0.21226378  0.26411565
  -0.04022259]
 [-0.51611863  0.19984763  0.04017287 -0.1966122  -0.27177717  0.05587715
   0.20532413 -0.16416361  0.07669188  0.31549895  0.5697515  -0.10557433
   0.25716834]]","['bbo_main', 'random_fill', 'random_fill', 'random_fill']","[[0.09996045 0.16890458 0.23321778 0.15828591 0.27112914 0.44487188
  0.11107452 0.2047247  0.29288091 0.04680126 0.08080461 0.11814756
  1.00002226]
 [0.0849036  0.14486877 0.20141214 0.16600996 0.28394859 0.44073187
  0.09986155 0.18198575 0.25650894 0.05351168 0.09091993 0.18813983
  0.7550772 ]
 [0.0896697  0.1537853  0.21946583 0.16851751 0.29676872 0.43773798
  0.09529935 0.17295787 0.29369954 0.04822174 0.08339675 0.24701403
  1.00000107]
 [0.08938647 0.15874915 0.23149521 0.15615241 0.26601259 0.39781086
  0.09313145 0.16449469 0.30252631 0.06487083 0.11354691 0.15478111
  1.00002736]]",[ 0.25553946 -0.05221524  0.36718868  0.25543644],4,0.030182216945691565,0.8825775824626743,0.9092759348411478,0.016011196399844968,0.02965784797883468,4498.94255837705
212,"[[ 0.28546168  0.20300369  0.01298069 -0.21843223 -0.02167829 -0.2260952
  -0.07724625  0.75643263 -0.37731274  0.07624396 -0.20677455  0.0922408
  -0.01521744]
 [ 0.15074921  0.07780678 -0.31246195  0.46642621 -0.04709325 -0.14814956
  -0.35229436  0.09409364 -0.59422023 -0.34281992  0.03623026  0.15937958
   0.03957587]
 [-0.56007831  0.10514476  0.17776656 -0.307281   -0.25692244  0.08854183
  -0.23582027  0.25107688  0.15787399 -0.07380723 -0.28311926 -0.4864388
   0.09789682]
 [-0.0724103   0.28236756  0.10586405 -0.47475673  0.57649781 -0.13241644
   0.44337728  0.04163605 -0.22594878  0.01748658  0.25767347  0.11141474
  -0.00747347]]","['bbo_main', 'random_fill', 'random_fill', 'random_fill']","[[0.10401128 0.17794472 0.24983353 0.15454893 0.2620203  0.37207024
  0.10314218 0.18442305 0.25395566 0.05084363 0.08675813 0.18150631
  1.00000531]
 [0.09342812 0.15931059 0.22451274 0.17138243 0.29282926 0.41852517
  0.08446403 0.14607781 0.20988074 0.05202565 0.09370463 0.25215973
  1.00005005]
 [0.09086528 0.15840054 0.35928467 0.16149921 0.27653902 0.40123382
  0.09813624 0.18439298 0.28327918 0.04639575 0.07774156 0.10908497
  1.00000321]
 [0.09661222 0.1695676  0.32669987 0.16389166 0.29079416 0.40882892
  0.09069843 0.1540054  0.22069908 0.05463243 0.09723463 0.18578392
  0.99999957]]",[-0.03132676 -0.11492949  0.03175958  0.14716314],4,0.027026764738785354,0.9005814432076258,0.9252229712563947,0.01579568171600516,0.026540935728033455,3292.4203796691727
213,"[[ 0.11559783 -0.06060991  0.10429152  0.51357828 -0.28474778  0.00381972
  -0.10777464  0.05862826 -0.02714416  0.50174166  0.58182792 -0.14429479
  -0.01869405]
 [-0.32420285 -0.10692758  0.11936401 -0.63106128  0.13015844  0.04378297
   0.03986661 -0.45879135 -0.16476051 -0.11326274  0.43892646  0.06063086
   0.06106445]
 [ 0.04366777  0.03579094 -0.18477199  0.20606852 -0.39890646  0.1615606
   0.01436749 -0.27673638 -0.26946684 -0.35450145  0.67675046 -0.03783636
  -0.02198037]
 [-0.13957914 -0.44035005  0.05761291 -0.03125719  0.09438655  0.04517479
   0.56059968  0.1681918  -0.13254426 -0.39565687  0.24208427 -0.44144652
   0.03479956]]","['bbo_main', 'random_fill', 'random_fill', 'random_fill']","[[0.0943365  0.16300433 0.31175416 0.16312305 0.2734995  0.39545754
  0.08765877 0.15983869 0.2374262  0.06287641 0.10788896 0.14660792
  0.747564  ]
 [0.08973807 0.15536748 0.32678457 0.16075818 0.28368654 0.41360673
  0.08465661 0.14339355 0.2085142  0.05740222 0.10441786 0.14966263
  1.00000232]
 [0.09246384 0.15799585 0.22384777 0.16587993 0.28415036 0.54602149
  0.08533455 0.1484101  0.21670658 0.05524364 0.10185496 0.14642625
  1.00010271]
 [0.08371637 0.14327744 0.24793707 0.170171   0.29687982 0.43629307
  0.11282839 0.19402132 0.26981986 0.04533934 0.07739451 0.10804465
  0.99999529]]",[ 0.09361706 -0.04041388 -0.0990356   0.02994085],4,0.031166852731979305,0.8815222755663781,0.9083341307924867,0.015942203632339547,0.027378600428144148,3542.1572396289557
214,"[[ 0.22770963  0.55628889  0.11321862 -0.0738702   0.32109246  0.16056989
   0.24485103 -0.18379225  0.123976   -0.08202165 -0.06418906 -0.60892488
  -0.02817302]
 [ 0.05147696  0.45534103  0.11722233 -0.11595548  0.3020591  -0.04228343
  -0.44676754  0.52684488  0.15395702 -0.12965718 -0.36689335  0.13137223
  -0.01582504]
 [-0.36418902 -0.09783394 -0.4846401  -0.33699437 -0.23765014  0.08461578
   0.17565754  0.51445314  0.12901892  0.24273617 -0.07065653  0.19027632
   0.18285096]
 [ 0.02988554 -0.15288405 -0.24873799 -0.51932504  0.10656223 -0.55117055
  -0.42018798 -0.00853134  0.04383189  0.34562041 -0.13956822  0.10164623
   0.03468538]]","['bbo_main', 'random_fill', 'random_fill', 'random_fill']","[[0.10428453 0.17977399 0.25269553 0.16923863 0.29622643 0.50018484
  0.09017347 0.16036286 0.25107054 0.04514838 0.0753048  0.10397397
  0.93411364]
 [0.10025551 0.17146171 0.24623186 0.16462663 0.28352298 0.40245127
  0.0952408  0.18433799 0.37493964 0.04607394 0.0794192  0.13034476
  1.00001277]
 [0.08483371 0.14444432 0.2042138  0.15997582 0.27516963 0.40274764
  0.10701041 0.1986251  0.29732916 0.05266535 0.09040519 0.20535298
  1.00005106]
 [0.09268323 0.15760706 0.22320505 0.15550891 0.26096395 0.36655037
  0.09148266 0.17216146 0.27278994 0.05784677 0.09931109 0.20778738
  1.00003773]]",[ 0.24085802  0.24011045  0.15844824 -0.29783977],4,0.027696558772003554,0.8931527808642441,0.9186718495790679,0.015864555232785182,0.027450378005599407,2931.761629790999
215,"[[ 0.31607106  0.75332517  0.05008091 -0.06438724 -0.29659099 -0.26504796
   0.31300968  0.05123973 -0.07600943 -0.11547358 -0.1131021   0.18759178
   0.00590875]
 [ 0.03055793 -0.00905321  0.05891318  0.01278197 -0.11954661  0.13802522
   0.60264926 -0.64019105  0.13119926 -0.22467045 -0.34584998  0.04064168
  -0.00479995]
 [ 0.52389875 -0.24863883  0.05362658  0.10894539  0.06237516 -0.02342802
   0.6704292   0.07961688 -0.38072977 -0.10202535 -0.0434859  -0.07458407
   0.16091022]
 [ 0.37585777  0.13586172 -0.46578461  0.15899391 -0.18093124 -0.20295586
   0.22443104 -0.1377011   0.09707227  0.41664401 -0.47120697 -0.21317418
   0.06546439]]","['bbo_main', 'random_fill', 'random_fill', 'random_fill']","[[0.10716828 0.18628802 0.26261202 0.1553371  0.26253    0.37284708
  0.09381363 0.16713481 0.24527687 0.05165028 0.08968739 0.20670709
  1.00000644]
 [0.09521948 0.16443236 0.23258031 0.16777934 0.29106199 0.58339449
  0.09058688 0.15698254 0.25298637 0.0469731  0.08129008 0.1184795
  1.00000055]
 [0.10159531 0.17075263 0.29865163 0.16945119 0.29440947 0.42393266
  0.0969542  0.15740394 0.21065873 0.04707884 0.08165002 0.11897735
  1.00002965]
 [0.09355679 0.15783268 0.21835637 0.16161769 0.27293946 0.38693315
  0.10250854 0.1856394  0.37675383 0.04932185 0.08090233 0.11437801
  1.00003856]]",[ 0.04853441  0.01162788  0.19469465 -0.08978888],4,0.028866906139429646,0.8936826531836963,0.9191405331144936,0.01586639933806649,0.026915630022639213,2894.8646782250144
216,"[[-0.40813254  0.21180536  0.05476378 -0.28675823 -0.13325841  0.09647611
  -0.31989445 -0.07754988 -0.08504589  0.57523779 -0.22374486 -0.42361843
  -0.01671616]
 [ 0.04634993  0.26287033 -0.43106752  0.16208796 -0.15604819 -0.66822766
   0.11208425 -0.22346492 -0.2408185   0.35374622 -0.01037107 -0.00622883
   0.00204372]
 [-0.45200959 -0.17818825  0.09049056 -0.04733512  0.13366276  0.0221785
   0.33035351 -0.44626844 -0.49609605 -0.24569011  0.18255789  0.29219686
  -0.04097852]
 [-0.33108786  0.50587328 -0.36609805 -0.46547011  0.21797356 -0.09359549
  -0.06217992  0.12214449 -0.0426717   0.36426976  0.12417726 -0.11850182
   0.21153871]]","['bbo_main', 'random_fill', 'random_fill', 'random_fill']","[[0.09445758 0.16946896 0.26752979 0.16270041 0.28190138 0.48049889
  0.08642495 0.15526904 0.22972773 0.05055371 0.08208239 0.11222861
  0.66801371]
 [0.0980909  0.1687046  0.23413766 0.15931313 0.26153893 0.36205115
  0.0902638  0.15922444 0.23376613 0.05890354 0.10257915 0.17330155
  1.00024439]
 [0.0900699  0.15581508 0.22778491 0.16865133 0.2923843  0.42551059
  0.08686005 0.15042146 0.21907769 0.05310918 0.09434307 0.28666021
  1.00002426]
 [0.08765409 0.15273495 0.21070007 0.15581551 0.27893056 0.40399029
  0.09760183 0.17945953 0.27419517 0.06407834 0.10505642 0.14134795
  1.0000025 ]]",[-0.13308979 -0.36997906 -0.10749057  0.15689421],4,0.029587125857595695,0.8995187893972765,0.92428851277612,0.01585840061966114,0.02659217219928084,4947.646605479997
217,"[[ 0.39704919  0.20063671 -0.10955002 -0.23185035  0.07775762 -0.35735315
  -0.16506785  0.09536995  0.30945423 -0.55433521  0.24378255  0.31835416
  -0.04921346]
 [ 0.33619074  0.11986833  0.13734708  0.40315575 -0.16942433  0.13995505
  -0.10563329 -0.34064419  0.17728642 -0.24075309 -0.15824999 -0.63288003
  -0.02733134]
 [-0.37630357  0.61976088 -0.038578    0.2405279   0.1010372  -0.30539554
  -0.37372931 -0.01467552  0.05756995 -0.36565426  0.17236076  0.06968447
  -0.00217786]
 [ 0.2075214  -0.72376602 -0.00465935 -0.1291523   0.29762066  0.01382357
   0.3191743  -0.23740554  0.11689675 -0.34012326 -0.17595266 -0.0900456
  -0.03125033]]","['bbo_main', 'random_fill', 'random_fill', 'random_fill']","[[0.09565414 0.16416693 0.23156176 0.16031554 0.27207611 0.38599663
  0.0936274  0.17306896 0.29730197 0.05179761 0.09090379 0.26744159
  1.00002784]
 [0.10133908 0.17322344 0.25066782 0.1698732  0.29124693 0.43353187
  0.08756077 0.15892052 0.35309483 0.04513528 0.07597604 0.10549517
  1.00000456]
 [0.10148704 0.18644913 0.26594696 0.1626322  0.26812697 0.37298084
  0.08655865 0.1583497  0.25988711 0.05037405 0.09078025 0.17723429
  1.00000021]
 [0.08842114 0.15081806 0.2174558  0.16997192 0.29739338 0.42637289
  0.09378013 0.16676875 0.29489051 0.04796649 0.08258138 0.11933013
  0.28394015]]",[ 0.01402527  0.05130509  0.00709434 -0.04501996],4,0.02938331836483289,0.9016445887017706,0.9261569381577361,0.015706942042187397,0.027010160611911645,3517.693375664996
218,"[[-0.1388418  -0.30986746 -0.14544403  0.420323   -0.35268828 -0.05758715
  -0.23731051 -0.0521294   0.03763661 -0.25152624 -0.65827872  0.04494017
  -0.01040212]
 [ 0.25426624 -0.23157265 -0.33647241 -0.32854426 -0.45351127  0.13959475
  -0.13131319 -0.0721667  -0.50551268  0.09776109  0.11262464 -0.36478775
   0.04585533]
 [ 0.4434435  -0.0977059   0.03390616 -0.59794957  0.40710937  0.07698577
  -0.08489476  0.07419101 -0.02869476 -0.34661875  0.06667466 -0.35385478
  -0.01073157]
 [-0.2519527   0.09441852  0.16987961  0.20419616 -0.08168339 -0.60103945
   0.13907279  0.09131708  0.04297814 -0.32734595  0.53108926  0.26016882
  -0.05199098]]","['bbo_main', 'random_fill', 'random_fill', 'random_fill']","[[0.08471722 0.14530457 0.2077121  0.16964658 0.28529717 0.40473306
  0.09043844 0.1710706  0.30121735 0.04474157 0.07698453 0.15200753
  1.000009  ]
 [0.09159343 0.15563567 0.21785873 0.16182805 0.28276364 0.53190233
  0.08535056 0.14741745 0.21223527 0.052242   0.08850968 0.12404817
  1.00000883]
 [0.10005395 0.16749389 0.23670176 0.16643661 0.31399728 0.49867952
  0.08970246 0.15951516 0.23510219 0.04523059 0.07651565 0.10705406
  1.00000136]
 [0.0944238  0.16417215 0.25939356 0.16024936 0.27022261 0.38143286
  0.09410856 0.16972979 0.25196873 0.05397995 0.09626508 0.16856578
  0.35881874]]",[-0.22416489 -0.30666251  0.04101438 -0.08475859],4,0.0337453825735852,0.8984566196747441,0.9233535703093357,0.015751563823679367,0.027662259929724986,3728.7801693109795
219,"[[ 0.48473379 -0.10993871 -0.0384117   0.05061678 -0.25066784  0.0657589
  -0.18822762 -0.44982205 -0.01764238  0.13373816 -0.64673522  0.08459209
  -0.01901529]
 [-0.41138202  0.40678148  0.14830354 -0.03788087 -0.51869187  0.23579129
   0.447437    0.014562   -0.22595176 -0.21177012  0.026598    0.13657483
  -0.0394098 ]
 [-0.53258492  0.49804754 -0.1920203   0.44436804 -0.22987909  0.0381615
   0.37843634 -0.10825646 -0.06025461  0.1377104   0.00816218  0.02082752
   0.0404699 ]
 [-0.30974679  0.35025212  0.28520093  0.19432854  0.10419564  0.2688572
   0.17318809  0.52510716  0.21461615  0.16100409  0.44334713  0.06490343
   0.02555628]]","['bbo_main', 'random_fill', 'random_fill', 'random_fill']","[[0.10248531 0.17319313 0.2392327  0.1654208  0.28520023 0.4445493
  0.08474557 0.14839608 0.22188203 0.04824636 0.08221941 0.15421255
  0.5188076 ]
 [0.09538469 0.16750365 0.24500163 0.16216983 0.27777221 0.48483613
  0.09154638 0.16190464 0.2354329  0.05136713 0.08993393 0.13420173
  0.39626713]
 [0.08632009 0.16244957 0.22625708 0.17680264 0.29319076 0.47326037
  0.09594695 0.16069567 0.2296881  0.05333134 0.09283491 0.13814065
  1.0000665 ]
 [0.09215793 0.16090853 0.37797448 0.1657338  0.28573944 0.4375716
  0.09738267 0.17942842 0.26414208 0.05147937 0.08855467 0.12640721
  0.99999695]]",[-0.142596    0.01367948  0.07724165  0.56431862],4,0.030741917611297173,0.8963337031575096,0.9214822627384227,0.015805766739547273,0.027949892294173342,3458.6566876000725
220,"[[ 0.20240798  0.18416823 -0.30996794 -0.3831872   0.54521365 -0.28153141
  -0.14105656  0.08835689 -0.06086329 -0.50669722  0.08841481 -0.04304053
   0.08867177]
 [-0.41360495  0.31316481 -0.57790705  0.44267137 -0.3430858   0.09610851
  -0.14191101 -0.11735769 -0.06898926 -0.12373865  0.13505925  0.03751911
  -0.01866823]
 [ 0.26696925  0.44359761  0.21271788  0.06986561 -0.28557649 -0.06605185
  -0.49600588 -0.28014023  0.25622282 -0.40656774 -0.08143129 -0.1750949
   0.05625464]
 [-0.27746994  0.30866393 -0.05623919 -0.12832579 -0.31449511 -0.00730323
  -0.28487781  0.24573516 -0.11067007 -0.0008104   0.56557977 -0.4849604
   0.01701249]]","['bbo_main', 'random_fill', 'random_fill', 'random_fill']","[[0.09684746 0.16208295 0.22079857 0.16846408 0.31083028 0.42904181
  0.08960591 0.16259813 0.25139429 0.04472934 0.08055688 0.1275571
  1.00122836]
 [0.08453689 0.1452946  0.20224876 0.1727621  0.29363774 0.48520053
  0.08798269 0.15861529 0.2347312  0.05320067 0.09487235 0.13985384
  0.61615606]
 [0.10274731 0.1774565  0.28300894 0.16184799 0.2744983  0.39328924
  0.08771198 0.1606141  0.36659606 0.04840632 0.08312246 0.11908734
  1.00001053]
 [0.09733847 0.17896993 0.25891159 0.15415206 0.26018933 0.39630908
  0.09195218 0.17012682 0.24697809 0.05559349 0.09229338 0.12083908
  1.00001287]]",[ 0.01931487 -0.13129823  0.08767515 -0.09198953],4,0.028120715380776443,0.9005814432076258,0.9252229712563947,0.015767643353622136,0.027694366528666678,3732.349022296956
221,"[[ 0.44088456  0.15373863 -0.25636869  0.54762289 -0.13987955  0.01217965
   0.49091539  0.04990814 -0.28868267 -0.11883864 -0.0793429  -0.2220835
  -0.00945786]
 [ 0.53543587  0.25629461  0.09745607  0.00856049  0.52312795  0.08184094
  -0.39029587  0.30480629  0.06995966 -0.05364092  0.31933172 -0.04933667
  -0.01653611]
 [ 0.18941673  0.0808351  -0.57787285  0.34203504  0.3223106   0.30591847
  -0.34251282  0.06572062  0.20883404 -0.2707324  -0.22347883  0.1365185
  -0.04549446]
 [ 0.13862628  0.46877144  0.08085321  0.31290072 -0.39067842 -0.14346599
   0.08043708  0.36613898 -0.37535419  0.42573282  0.11012742  0.0906444
  -0.01919229]]","['bbo_main', 'random_fill', 'random_fill', 'random_fill']","[[0.10201698 0.17165494 0.2334411  0.17901141 0.30320822 0.45825875
  0.09464134 0.15764203 0.21800284 0.04516094 0.07696516 0.10955841
  1.00000004]
 [0.10364382 0.17384833 0.28099492 0.17820752 0.31935865 0.45675207
  0.08581514 0.1582889  0.24055999 0.04928481 0.08494459 0.12082784
  1.00003148]
 [0.08826995 0.15050399 0.21165593 0.17674071 0.30815418 0.58217731
  0.08863821 0.16217475 0.25455928 0.04900237 0.08437993 0.12337608
  1.00003722]
 [0.10590529 0.18542717 0.29773837 0.15842974 0.26149095 0.37073851
  0.0907827  0.16026342 0.22956452 0.05749224 0.0994639  0.15520512
  1.0000143 ]]",[0.01885265 0.36697527 0.21712971 0.03002178],4,0.03035064134400256,0.9011129540109895,0.9256900166374378,0.01564195467215743,0.02730277223177696,3641.288996455027
222,"[[-0.44116027  0.40374202 -0.0042377  -0.43960999 -0.1097805  -0.08831696
  -0.2936141   0.14205171  0.16169031  0.27698268  0.44088191  0.15956478
  -0.01243343]
 [ 0.03334704 -0.34706296 -0.12544658 -0.02786078 -0.45263488 -0.09828715
   0.05339173 -0.22754428  0.00601798 -0.35507754  0.59443107 -0.33631005
  -0.01368989]
 [-0.40583521 -0.45571291  0.10281433  0.27984037 -0.2927621   0.03959538
   0.35814399  0.19444813 -0.0478427  -0.07975689  0.5140344  -0.02640461
   0.10866833]
 [-0.0623049  -0.35847356  0.07055164 -0.37418223 -0.08837727  0.12875333
   0.16383284  0.57925688 -0.24390203 -0.14841257  0.45218263 -0.22188333
  -0.02532581]]","['bbo_main', 'random_fill', 'random_fill', 'random_fill']","[[0.09376656 0.16408543 0.2321239  0.1561661  0.26625717 0.3817856
  0.09258926 0.17138263 0.33380279 0.05972261 0.10462026 0.19409982
  1.00000122]
 [0.09048432 0.15506424 0.22143202 0.15739614 0.26583186 0.38396895
  0.09259649 0.16509418 0.28520095 0.05547912 0.09902546 0.1366219
  0.57361857]
 [0.08262289 0.14278059 0.28335086 0.16313052 0.27420498 0.3972019
  0.10599968 0.18671348 0.26510402 0.05691649 0.10370013 0.14635911
  1.00000072]
 [0.08871801 0.15265217 0.22435486 0.16067034 0.28015381 0.46324669
  0.10182393 0.18239905 0.2577934  0.05187362 0.08934028 0.12578172
  0.37382128]]",[ 0.02463598 -0.28656841  0.12679108 -0.01487049],4,0.028784955218850834,0.909634680588716,0.9331451929865192,0.015648761264084363,0.028011599797136022,3379.291450663004
223,"[[-0.25947952 -0.27561238  0.05435228  0.38418387  0.43034491 -0.39353525
  -0.29432101  0.04823744 -0.04194451  0.47667085  0.0435024  -0.21509174
   0.00264137]
 [ 0.16294218  0.72166461 -0.23271777 -0.14150568  0.32115704  0.07302686
   0.08524453  0.42245479 -0.0227329   0.11745867  0.26371461 -0.00946717
  -0.01763039]
 [-0.13529096  0.19199035  0.18801198 -0.30844849  0.06506638  0.00577992
  -0.32787559 -0.75257883  0.19001346 -0.02932597  0.17955241  0.2104615
   0.15068015]
 [-0.25757844 -0.38773019 -0.10190189 -0.21158175 -0.23636587 -0.50628605
  -0.46580071 -0.35538671 -0.07303221  0.04220484 -0.12704196 -0.22220831
  -0.00850126]]","['bbo_main', 'random_fill', 'random_fill', 'random_fill']","[[0.08459588 0.14829258 0.27516758 0.18642071 0.31229379 0.41977093
  0.08595519 0.16012978 0.24111306 0.05292466 0.0875642  0.12209937
  1.00007574]
 [0.10124235 0.1720651  0.23378211 0.16481556 0.28995149 0.45908404
  0.09851637 0.17898455 0.25712677 0.05149529 0.08811939 0.12526466
  0.57428542]
 [0.09636847 0.16782981 0.26998968 0.1633308  0.28162993 0.40251157
  0.08492641 0.14976567 0.24313418 0.05379762 0.09474151 0.26129678
  1.00004859]
 [0.09132566 0.15801167 0.25778912 0.15658937 0.25962143 0.36321714
  0.0872417  0.15718111 0.24505106 0.05401781 0.0918387  0.12957965
  1.00001699]]",[-0.02931861  0.28572956  0.16697399 -0.55052406],4,0.02949208977681516,0.9053695848745419,0.9294218362503477,0.015598063973222616,0.025973476295973907,3611.228658868
224,"[[ 0.28103038 -0.20540893 -0.03506203 -0.40528805  0.18442048 -0.04460348
  -0.23647343  0.02827986 -0.00656891 -0.42395899  0.5327712  -0.22459305
   0.32641992]
 [-0.61199423 -0.07839873 -0.0756972   0.0421633  -0.43954634  0.12031845
  -0.06305095 -0.35294923  0.07014677 -0.48795806 -0.01424101 -0.1783243
  -0.02359652]
 [ 0.06243328  0.06028433 -0.04167728  0.21502521  0.23652055 -0.049467
  -0.24666753 -0.54526451 -0.51202971  0.08401605 -0.22386982 -0.45478213
  -0.04207416]
 [-0.00610549  0.15698842  0.05593609 -0.13820032 -0.15337819 -0.41854812
   0.72636602 -0.33811652  0.0305328  -0.14983349  0.1303619  -0.26794437
  -0.01675334]]","['bbo_main', 'random_fill', 'random_fill', 'random_fill']","[[0.09331749 0.15545825 0.22087181 0.15983205 0.29067491 0.4172028
  0.08703426 0.15995532 0.24762028 0.05260433 0.10649419 0.14394325
  1.0000081 ]
 [0.08796969 0.15394029 0.22106147 0.16516833 0.28331436 0.48409851
  0.08930666 0.160838   0.25143964 0.04822046 0.08352802 0.11967117
  0.41899321]
 [0.09659078 0.16654088 0.24814743 0.17224003 0.29922638 0.42947313
  0.08443118 0.14540759 0.21271706 0.04963135 0.08411384 0.11949148
  0.42562818]
 [0.10090382 0.17655388 0.29596372 0.1545303  0.25655719 0.35951686
  0.10203744 0.17590266 0.2642536  0.04965175 0.08492442 0.12001406
  1.00001847]]",[ 0.26761251 -0.24266615 -0.20364818 -0.19009561],4,0.028500064372621203,0.9069679732017701,0.9308191173448823,0.015680702304879595,0.026512178396650987,3393.322268077871
225,"[[-0.53574077  0.24223243 -0.00864495  0.31612506 -0.43160351  0.06494828
  -0.25851763 -0.2618932  -0.10873118 -0.0884067   0.40082812 -0.21925285
   0.00173247]
 [ 0.31957961  0.00398736  0.06910813  0.22093352 -0.36298199 -0.44437144
  -0.11276961  0.07460159  0.13371931 -0.52096239  0.00246738 -0.41498908
   0.18776701]
 [-0.46830166  0.22768165  0.16565499 -0.00146121 -0.12743169  0.14162704
  -0.43202399  0.25805554  0.17717219 -0.50055262  0.34240333 -0.04258992
   0.10430543]
 [-0.44955762  0.67473163 -0.35767711  0.21687659  0.16825019  0.01612912
   0.26177509  0.24559074  0.07333243  0.05767451 -0.02341445 -0.02981687
  -0.01078114]]","['bbo_main', 'random_fill', 'random_fill', 'random_fill']","[[0.09206957 0.16844946 0.2424383  0.16356053 0.27370149 0.48075712
  0.08350982 0.14444238 0.21211232 0.05535107 0.09779042 0.13508787
  1.00000548]
 [0.10218032 0.17350745 0.26174633 0.15770474 0.25973183 0.36442287
  0.09859476 0.18368289 0.32121927 0.04639147 0.08066826 0.11506192
  1.00005521]
 [0.09241882 0.16193468 0.27475998 0.16391101 0.2807835  0.41203713
  0.09204819 0.17336598 0.39770202 0.04986125 0.08737729 0.12546701
  1.00000978]
 [0.08541491 0.14955682 0.20784977 0.17241127 0.29471937 0.42223867
  0.11132045 0.20097875 0.33321245 0.04746649 0.08111923 0.11708803
  1.00001072]]",[-0.1218806  -0.00834292  0.24079609  0.1714581 ],4,0.02861627056700626,0.9016445887017706,0.9261569381577361,0.015608197251685106,0.026113941987260414,3566.0006595640443
226,"[[-0.31151192 -0.05735815  0.06263668  0.45603956 -0.31567301  0.05719608
   0.45031076 -0.29769683 -0.21360193  0.48559626 -0.08082579 -0.07092017
   0.02142253]
 [-0.1854955  -0.02950765 -0.09298812 -0.05828723  0.26952163 -0.2113403
   0.54443584 -0.41442365 -0.00460145  0.59421883  0.08710918 -0.08031321
  -0.00755839]
 [ 0.31008886  0.08021196 -0.33731186  0.42584326 -0.1555629   0.05727336
   0.60547453  0.33016434 -0.22835152 -0.18033124 -0.11103028  0.0458699
  -0.01027932]
 [-0.06510262 -0.45783523  0.0581325  -0.05365501  0.36368913 -0.35166826
  -0.44156995 -0.38967804  0.06920422  0.367467    0.06170061 -0.14112169
   0.1165051 ]]","['bbo_main', 'random_fill', 'random_fill', 'random_fill']","[[0.08698311 0.1548708  0.3052546  0.17230537 0.29229584 0.4476545
  0.08694157 0.14315926 0.20290149 0.05506921 0.0928481  0.13070901
  1.00001613]
 [0.08649829 0.15088639 0.21631949 0.16824963 0.29135287 0.40705773
  0.09097882 0.15150807 0.24104746 0.06684306 0.11133528 0.15093516
  1.00000728]
 [0.0879988  0.14791361 0.20553551 0.16951217 0.29027616 0.46134248
  0.11481299 0.19652545 0.26757666 0.04644647 0.08107391 0.12203781
  1.0000112 ]
 [0.08525956 0.14670149 0.29179404 0.17000079 0.29202081 0.40277015
  0.08330671 0.14771404 0.26320105 0.05589523 0.09493437 0.1324841
  1.00001302]]",[-0.02036464 -0.04254946  0.0745159  -0.05223573],4,0.029186603334702386,0.9144437809006034,0.9373231044418538,0.015629281506163727,0.025940405038093813,3910.0374461449683
227,"[[ 5.09232883e-01 -3.81009378e-01 -2.41852472e-04  1.21377475e-01
   5.80569397e-02 -9.03505910e-02  6.48859075e-01 -1.21447615e-01
   7.12635833e-02 -1.97556082e-02 -3.55934088e-01  3.22509726e-02
   1.67848934e-02]
 [-1.18073512e-01 -4.74746918e-01 -5.64062718e-02  2.64089229e-01
  -2.34137502e-01  5.19455879e-02 -1.91260083e-01 -1.00896927e-01
   8.47791410e-02 -3.14348534e-02  6.73119486e-01 -3.45828109e-01
   5.10619476e-02]
 [ 4.52750320e-01 -5.23564852e-01  4.48549859e-02  5.53124371e-02
  -5.55326806e-03 -4.89730381e-02 -3.91230483e-01  3.34053299e-01
  -1.19534944e-01 -3.41942900e-01  3.39064555e-01 -2.02568537e-02
   4.64198309e-02]
 [-8.03396640e-02 -1.62790395e-01  2.32444099e-01  5.63949139e-01
   2.68648346e-01 -1.77789153e-01  1.04913857e-01  2.98323898e-02
   1.54813197e-01  9.47854873e-02  6.35599365e-01  2.04174762e-01
  -2.59389340e-02]]","['bbo_main', 'random_fill', 'random_fill', 'random_fill']","[[0.0913104  0.15363496 0.22012456 0.16388245 0.28032579 0.39666192
  0.11646249 0.19981222 0.33583946 0.04538617 0.07753088 0.11690903
  1.00000629]
 [0.08296723 0.14209688 0.2058274  0.17097753 0.29099765 0.43678232
  0.08844231 0.16443893 0.33302768 0.05852255 0.10191323 0.13709672
  1.00005112]
 [0.08909294 0.14511795 0.30190273 0.16496589 0.28230206 0.40131432
  0.08851691 0.16797649 0.24509389 0.05331139 0.10343041 0.14995889
  1.00001697]
 [0.08922136 0.15433342 0.38599164 0.16847995 0.28760133 0.40386894
  0.09026384 0.16332183 0.24921044 0.05548948 0.10005528 0.14772808
  1.00002049]]",[ 0.05553358 -0.02401774  0.01821178  0.28390452],4,0.029828856408753074,0.9021763482638911,0.9266237348338385,0.01566062263767441,0.02754753522176548,3475.3130399039946
228,"[[ 0.58056586  0.09603891  0.17897947 -0.38689867  0.09204044  0.18360209
   0.56965576 -0.18203284  0.20097303  0.01002417  0.16995049  0.02024843
   0.04885648]
 [-0.40698679 -0.19788495  0.18675992  0.367296    0.11111783 -0.19695051
   0.00833756  0.47247097 -0.35074146  0.335246   -0.22776994 -0.25001197
  -0.0344686 ]
 [-0.43260097 -0.37911433  0.04195282 -0.06753711  0.0252886  -0.34103866
  -0.55171727  0.30994933 -0.17455806 -0.03901165 -0.33577547  0.0107752
  -0.02337335]
 [ 0.20005335  0.11288348  0.54944721 -0.06317672 -0.24939452  0.52115272
   0.16610859  0.18216525  0.37017027 -0.19440413  0.22159646 -0.11634214
  -0.09653457]]","['bbo_main', 'random_fill', 'random_fill', 'random_fill']","[[0.09980879 0.17033098 0.26686348 0.16126147 0.28165365 0.4265681
  0.09405011 0.16678247 0.3806487  0.0511869  0.088097   0.12597546
  1.00000187]
 [0.08921764 0.15541991 0.31212078 0.16852401 0.28924065 0.4097882
  0.0926112  0.16672207 0.24101179 0.05004302 0.08434686 0.11952735
  0.35334412]
 [0.08822478 0.15318474 0.27451924 0.16239446 0.27499481 0.38705752
  0.08922181 0.1660646  0.24545773 0.05113753 0.08687199 0.12923548
  0.33627405]
 [0.09491759 0.16419263 0.28518571 0.16382942 0.28283357 0.43065458
  0.0922266  0.16743026 0.24930986 0.05029688 0.08601271 0.12251187
  0.21921178]]",[ 0.33052657 -0.04493086 -0.29897078  0.44974126],4,0.027435546757109408,0.913374052531697,0.9363957188066868,0.015556823031731747,0.02558016558187421,3907.9333120370284
229,"[[-0.3655752   0.23093229 -0.04338004 -0.21685412 -0.1431767   0.09627477
  -0.05170021 -0.59161642  0.06276248  0.60270106 -0.07329362  0.09220851
   0.02457939]
 [ 0.02897245 -0.14518812  0.11415063 -0.55122472  0.38968882 -0.23660134
  -0.1903022   0.41124422 -0.41990388 -0.0498783  -0.26083976 -0.03296271
  -0.00982936]
 [ 0.1891029   0.06091256  0.27485817  0.15191546 -0.03754625 -0.28789104
  -0.35063564 -0.07826591  0.10124381  0.28033565 -0.5784685   0.46929558
  -0.06957028]
 [-0.16608931  0.15808472 -0.35740739 -0.4470965   0.49980875 -0.24626816
   0.4450677  -0.19517033 -0.16901571 -0.18569074  0.08404053  0.05477318
  -0.00666731]]","['bbo_main', 'random_fill', 'random_fill', 'random_fill']","[[0.09305025 0.16425547 0.23168972 0.16240157 0.28262178 0.50074955
  0.08422166 0.14420471 0.22328659 0.06078856 0.10283008 0.16619302
  1.00001383]
 [0.09409663 0.16206314 0.39850643 0.16159335 0.28212606 0.39952846
  0.08881338 0.15855708 0.22754901 0.04858275 0.08306314 0.12309002
  1.00004448]
 [0.09543644 0.16543991 0.2447681  0.16341027 0.2798035  0.398419
  0.08917956 0.16232738 0.24598291 0.0517747  0.08910753 0.3089167
  1.00000272]
 [0.08708192 0.1468853  0.20516189 0.16760804 0.3021175  0.42205254
  0.09297515 0.15584029 0.224049   0.05403404 0.09771678 0.19381939
  1.00000124]]",[-0.04025788 -0.1341965   0.01432008 -0.11721916],4,0.02935399123447529,0.913374052531697,0.9363957188066868,0.015573366583068574,0.02518976084501455,3771.3839899720624
230,"[[ 0.26627241 -0.27677935 -0.23775797  0.01836215 -0.03746787  0.07052274
   0.00182871  0.55402758 -0.56502841 -0.38301215 -0.00253643  0.12618676
  -0.02034769]
 [ 0.59900598  0.26879577  0.07109688  0.23324442 -0.42186387  0.12845864
   0.24877044  0.33324176  0.00083111 -0.04640883  0.06395102 -0.3679813
  -0.02051722]
 [-0.29333422 -0.26674411 -0.31446721 -0.2703857   0.40196721  0.04790324
  -0.51786224  0.21059978  0.12225768 -0.22663841  0.29142766 -0.17858249
   0.1061364 ]
 [-0.5741013   0.3588907  -0.54925447 -0.05397096  0.03221236  0.05582321
   0.30397977 -0.14505849  0.02320018 -0.16768844  0.27140129 -0.12965416
  -0.01690476]]","['bbo_main', 'random_fill', 'random_fill', 'random_fill']","[[0.08917786 0.15188878 0.21378773 0.16872069 0.29371841 0.44491354
  0.09231105 0.16116424 0.22631432 0.050457   0.08990527 0.26852459
  0.99999972]
 [0.10626351 0.17982188 0.2521393  0.15925327 0.26895865 0.46425486
  0.10361294 0.18628239 0.26764558 0.04634977 0.07810635 0.1095343
  1.0000126 ]
 [0.08244592 0.13938725 0.19847673 0.17542684 0.31289051 0.45185432
  0.09060265 0.17173843 0.3270138  0.05109402 0.08776443 0.12405963
  1.00003107]
 [0.08335035 0.14305618 0.19925192 0.16998343 0.2958016  0.47257215
  0.09724964 0.1712521  0.25504048 0.05203418 0.09013765 0.12782613
  0.54783726]]",[-0.09008711  0.14332794  0.10341501 -0.07867419],4,0.02794186033656597,0.9123049271333655,0.9354677303650744,0.015529618002357267,0.026116910432460422,4037.5652624701615
231,"[[ 0.31279181  0.19699621 -0.53070501 -0.05396151 -0.11178219  0.01679758
  -0.35556674 -0.05637822  0.05088758  0.06323435  0.20496551 -0.62260133
   0.01338267]
 [ 0.14274993 -0.15829781  0.01934249  0.0323311   0.54905235 -0.23808602
   0.14245793  0.37286426  0.00417352  0.23794145 -0.6096046   0.0801424
   0.03170584]
 [-0.17437955 -0.4262174   0.17804982 -0.00757619 -0.33757744 -0.47472051
   0.03812046 -0.04079678  0.1277169   0.16744575  0.415458   -0.44344328
   0.01177893]
 [ 0.29594637  0.1096755  -0.03978343 -0.50348928 -0.0869971  -0.06451557
  -0.29033934  0.48962001  0.08842154 -0.05515022  0.48624988  0.09006652
   0.23267267]]","['bbo_main', 'random_fill', 'random_fill', 'random_fill']","[[0.09342071 0.15369495 0.2081078  0.16778888 0.29007669 0.43204037
  0.08815018 0.16637428 0.31043502 0.0487972  0.0798309  0.10715944
  1.00011526]
 [0.08823589 0.15102472 0.21878751 0.17209622 0.29677131 0.41087415
  0.10861521 0.19812989 0.28582077 0.0452875  0.07567382 0.16586932
  0.99999315]
 [0.09013371 0.1558423  0.34177017 0.15638028 0.25897198 0.36360944
  0.09543758 0.1754221  0.2712663  0.05335515 0.09079779 0.12682061
  1.00000858]
 [0.0961319  0.16383207 0.22983758 0.15361514 0.26172714 0.37748772
  0.09936464 0.19149656 0.31110903 0.05722633 0.10214862 0.16889762
  1.00008203]]",[-0.14397864  0.16378932 -0.24918398  0.29964492],4,0.02751030556176999,0.9128394151545094,0.9359317992437964,0.015439008523125242,0.026837119301605872,4138.9274519730825
232,"[[-0.14431213  0.35137038  0.11687548  0.77273631 -0.04996933  0.12303108
  -0.22879669 -0.07679269  0.07617651 -0.22819341 -0.29173897 -0.03830717
   0.15684004]
 [ 0.09896038  0.00505314  0.08191365  0.72393803  0.29163726 -0.19446135
   0.53630461 -0.05232455  0.06981357  0.01702843  0.20084815 -0.02520617
   0.00423817]
 [ 0.30458628 -0.13763996 -0.26132472  0.35730476  0.56068009 -0.26687047
   0.08330552  0.0024888  -0.12472031 -0.02377505 -0.35763792 -0.39421175
   0.0192076 ]
 [-0.3549927  -0.08737755 -0.03835852  0.22110537  0.33363275 -0.55290596
   0.15189078 -0.4977653  -0.13813723 -0.31845129  0.03095441  0.016637
   0.08000864]]","['bbo_main', 'random_fill', 'random_fill', 'random_fill']","[[0.09527129 0.16880145 0.27627498 0.1854425  0.31375738 0.49148011
  0.08528647 0.15418501 0.23209326 0.04492438 0.07704355 0.11210648
  1.00000021]
 [0.08803891 0.1532655  0.27209622 0.18689293 0.31188452 0.42148714
  0.0986789  0.172032   0.26522546 0.05002684 0.08752813 0.12618087
  0.99999563]
 [0.08795623 0.14983172 0.21469555 0.19037965 0.32688625 0.45075774
  0.0895681  0.16045105 0.24872556 0.04473091 0.074816   0.10700612
  1.00005817]
 [0.08886998 0.15629792 0.24775178 0.17165681 0.28508693 0.38643214
  0.08537012 0.14576398 0.21845198 0.05181092 0.09386403 0.15915409
  1.00004482]]",[ 0.37208408  0.25799446  0.00711527 -0.15599991],4,0.02808503852170363,0.9187289565374818,0.941026386604194,0.015474879460842613,0.027121889249492215,3279.366628861986
233,"[[ 0.00684101  0.37323088  0.16007996  0.11104853 -0.04937418 -0.06281961
  -0.39490056 -0.46394994 -0.42426655  0.14137255  0.40231069 -0.28539554
  -0.04268051]
 [ 0.23026205 -0.63147952  0.10320635 -0.24801603  0.13513974 -0.17286087
  -0.39705631 -0.05369691  0.05922001 -0.44066565  0.25506562  0.0665417
  -0.01375908]
 [-0.00752646 -0.13456002  0.01549852  0.21670111 -0.31546356 -0.14715583
  -0.56152955  0.21716663  0.15565907 -0.52652512 -0.0670481  -0.38082923
  -0.00192488]
 [-0.15099178  0.10579506  0.27426223  0.00990597 -0.31672203 -0.16689505
   0.02917434 -0.59143168 -0.29794928  0.03989814  0.04521702 -0.52296217
   0.21443406]]","['bbo_main', 'random_fill', 'random_fill', 'random_fill']","[[0.09838309 0.17225464 0.29587459 0.16608666 0.28574601 0.41207585
  0.08435893 0.14645507 0.21459036 0.05243553 0.09023079 0.12829487
  0.43709397]
 [0.08854859 0.15022712 0.36979097 0.16141262 0.27648441 0.38957051
  0.08689067 0.16058399 0.24577168 0.05197781 0.09580479 0.14166888
  1.00000611]
 [0.0935188  0.15972064 0.23217737 0.16266587 0.27406394 0.39106495
  0.09440447 0.1815097  0.40375814 0.0462723  0.08019031 0.11441405
  1.00000009]
 [0.09693755 0.17025093 0.39891185 0.16203933 0.27552577 0.39595417
  0.08558558 0.15012854 0.22292519 0.05024058 0.08510317 0.12011253
  1.00000554]]",[-0.113085   -0.13769093 -0.15333393 -0.03420204],4,0.02736324728954334,0.9192653333257419,0.9414885672573947,0.015483135128656863,0.02909673989276375,2996.769412714988
234,"[[ 2.69284828e-01  9.46124401e-02 -2.63590308e-02  5.01020663e-01
  -8.26223999e-02  8.17742839e-02  2.91417459e-01 -1.12828390e-02
  -1.34340346e-02 -5.11027447e-01  5.44386716e-01  1.01159615e-01
  -1.82494568e-02]
 [ 9.78403378e-02  3.52278724e-02  9.68013579e-02 -1.93883003e-01
   7.65485422e-01 -4.78303682e-01  9.62572067e-02  1.76629663e-01
   6.07651157e-02  5.58582764e-02 -1.18098991e-01  1.21669523e-01
   2.26838977e-01]
 [ 4.73449982e-01  2.29580388e-01 -3.55376838e-01  3.84212453e-02
  -3.11104421e-01  1.52681405e-01  4.48668514e-01  7.19844257e-03
   1.55613956e-01  4.34782775e-01  1.33692858e-01 -2.06858712e-01
   4.16958730e-04]
 [-1.37673506e-01 -7.33696902e-02  6.36439449e-02 -4.31184781e-01
   5.54594222e-02 -2.52204827e-01  3.24616284e-01 -2.67657859e-01
   9.15656703e-02 -2.53685248e-01 -1.44243909e-01 -6.69425919e-01
  -1.77397594e-02]]","['bbo_main', 'random_fill', 'random_fill', 'random_fill']","[[0.09476413 0.16183327 0.226287   0.16962208 0.28865302 0.43958543
  0.09056779 0.15976459 0.23393484 0.05202038 0.10361666 0.19865627
  0.65412792]
 [0.09460907 0.16300686 0.27337221 0.16535048 0.28511397 0.3935009
  0.09789774 0.1797631  0.26833334 0.05028149 0.08602127 0.22897288
  1.00003059]
 [0.094552   0.1607394  0.22203595 0.15976675 0.27233083 0.46856185
  0.10162035 0.184006   0.3558742  0.05180423 0.08732048 0.1221271
  1.00000225]
 [0.09522466 0.16532712 0.28239677 0.15757205 0.27004613 0.38231168
  0.09882287 0.17461617 0.30017785 0.04434785 0.07394292 0.10235977
  1.00002778]]",[ 0.19137698  0.3442755   0.10736663 -0.25200463],4,0.027170077374879364,0.917656699052688,0.9401015293565783,0.015400757608544102,0.026431959278583883,4860.298530487809
235,"[[-0.11488204  0.40255252  0.11174445  0.2915483   0.38532637  0.10448853
  -0.53954191  0.05809035  0.15226918 -0.42749519  0.19380255  0.12380202
   0.12069682]
 [-0.06647025 -0.07335912 -0.56560937  0.46672499 -0.50072317 -0.16425893
  -0.04488829 -0.08013491 -0.0514797  -0.02560606  0.369522    0.15930708
  -0.03288805]
 [-0.19792477 -0.42234228 -0.52138485 -0.2920582  -0.29217412 -0.18133116
   0.14040811  0.10088652 -0.24174652  0.18610686  0.27158965  0.32794268
  -0.05281019]
 [-0.23503944  0.63185268  0.15714556  0.04191716  0.07455193  0.19680371
   0.35119486 -0.03778782 -0.36482089 -0.28765819  0.3283226   0.10321273
   0.12538469]]","['bbo_main', 'random_fill', 'random_fill', 'random_fill']","[[0.09448896 0.16463194 0.23683896 0.18064984 0.3129853  0.44780368
  0.08556239 0.15687873 0.34170573 0.04826759 0.08516518 0.12846077
  1.00003676]
 [0.08904986 0.15279601 0.21530146 0.16305795 0.27467519 0.39243673
  0.09127345 0.16421392 0.24769119 0.05667916 0.10295397 0.2006739
  0.50306555]
 [0.08890399 0.15276851 0.21751579 0.16217207 0.27772875 0.40284247
  0.09293198 0.16624488 0.24440905 0.05564459 0.09937862 0.29911093
  1.00003506]
 [0.09931706 0.17541255 0.27475338 0.16744305 0.29046825 0.53487808
  0.08627595 0.14804777 0.21383136 0.05126748 0.0901977  0.1320597
  1.00001877]]",[ 0.44939927 -0.24279001 -0.34372259  0.36518628],4,0.02940789268236621,0.9187289565374818,0.941026386604194,0.015395786847593532,0.026114878377263534,3279.8718677849974
236,"[[ 0.15658312 -0.03310429 -0.23535554  0.27778485 -0.28662084 -0.01430073
   0.44720109 -0.32895773  0.23900159  0.37677752  0.46882583  0.17629227
  -0.03621437]
 [-0.3403113  -0.22133475 -0.34710999 -0.43949459 -0.57696866  0.09880974
   0.21079366  0.12196173 -0.17868281  0.26364304  0.12402166  0.04923699
  -0.01877834]
 [-0.14996679  0.25032879  0.0607205   0.67983265 -0.21414183  0.08707263
   0.37027121 -0.45067119  0.09272885  0.19889294  0.0628406   0.03440856
   0.04530404]
 [-0.13339989 -0.11279461 -0.25414053  0.57622502  0.152877    0.06907396
  -0.0012216  -0.44485165  0.06596113 -0.33446174 -0.45685448  0.14578344
  -0.02525358]]","['bbo_main', 'random_fill', 'random_fill', 'random_fill']","[[0.08982644 0.15443446 0.22010558 0.16234077 0.27627575 0.3975201
  0.09323474 0.16662223 0.39898023 0.0572593  0.10137818 0.15629871
  1.00003208]
 [0.08517624 0.14570639 0.20555897 0.15537284 0.26595119 0.46279876
  0.09987834 0.17711293 0.25237542 0.05817419 0.1023443  0.14997273
  1.00000117]
 [0.09434208 0.1684453  0.24175429 0.17934236 0.30098928 0.47191386
  0.08554773 0.14641971 0.28724886 0.05228912 0.09062918 0.13018955
  1.00004747]
 [0.08593955 0.14853126 0.21123756 0.18759304 0.32199116 0.45727227
  0.08565033 0.15178504 0.23687145 0.04666423 0.08109478 0.19014896
  0.98168363]]",[ 0.06005575 -0.29439434  0.19946309  0.00527607],4,0.028229138571824193,0.9149788747237455,0.9377865676844042,0.015429702938736056,0.02823067065008905,3720.2115334600676
237,"[[ 0.44445124 -0.38565293 -0.34682156  0.21042151 -0.58402223 -0.02458611
   0.0399563  -0.09723446  0.01500694  0.31954922 -0.13819856 -0.12234016
   0.00566889]
 [-0.3077077  -0.45884528 -0.12675531 -0.15349068 -0.40298783  0.02661484
  -0.52665503  0.42727448 -0.10116865  0.12843909  0.00410419  0.07267105
  -0.00919387]
 [-0.17764879  0.38308269  0.14780463  0.1249671   0.3637427  -0.06934218
  -0.13669245 -0.16367048 -0.48068877 -0.45902491 -0.28695767  0.27507485
  -0.0431183 ]
 [ 0.19554857 -0.29148029 -0.28001039  0.17340758 -0.06259975 -0.04590685
  -0.31891575 -0.1708459  -0.23069703  0.41378785  0.50190159 -0.39360843
  -0.01131076]]","['bbo_main', 'random_fill', 'random_fill', 'random_fill']","[[0.09038275 0.14743287 0.20334464 0.15825282 0.26496124 0.39338855
  0.09843229 0.1808951  0.30962585 0.05425367 0.09172998 0.12934414
  1.00004843]
 [0.08424406 0.14376281 0.20579333 0.1579241  0.26841916 0.40392803
  0.096486   0.18787894 0.27407694 0.05678564 0.09824169 0.19403067
  1.00002337]
 [0.09627822 0.16757682 0.25054864 0.17003281 0.29426924 0.42050667
  0.08507651 0.148527   0.21698318 0.04970171 0.08703269 0.26989852
  1.00000643]
 [0.08724014 0.14695491 0.20713082 0.17304893 0.29905211 0.44278934
  0.08369664 0.14510857 0.21225245 0.06273818 0.1050707  0.1407837
  1.00000931]]",[-0.23283161 -0.2252958   0.02634677 -0.18129168],4,0.02695104376718685,0.9208754759779967,0.9428740972439189,0.015393267508159062,0.026731619501793785,3958.3789446929004
238,"[[-0.04422007  0.41052673 -0.27853324  0.44428687 -0.16826773  0.1111558
  -0.32436879 -0.39524551  0.08207859 -0.25712856 -0.22605629 -0.35828138
   0.01086533]
 [-0.03430746  0.09584331 -0.18109157 -0.67301326  0.28949282 -0.10351283
  -0.26224718  0.47672179 -0.25375869  0.21315603 -0.0410089   0.04273533
  -0.00089349]
 [ 0.12065765  0.16843281 -0.41165306  0.0780586  -0.29611486 -0.01675785
   0.0108504  -0.66000871  0.01044439 -0.49083286 -0.12949284  0.00460877
  -0.00332533]
 [ 0.40156391  0.43317423  0.38492583  0.00659823  0.13150861  0.33961346
   0.2146069   0.4002159   0.36314783 -0.12060688 -0.11243364  0.0411767
  -0.05722908]]","['bbo_main', 'random_fill', 'random_fill', 'random_fill']","[[0.09638047 0.16599602 0.22845012 0.17914418 0.30480107 0.52613357
  0.08409225 0.14918646 0.24235037 0.04501058 0.07648324 0.10828796
  1.00001627]
 [0.08966979 0.15250522 0.2150158  0.15533638 0.28435038 0.40758091
  0.09786477 0.17894774 0.24896199 0.0571003  0.09667589 0.19127818
  1.0001243 ]
 [0.09474825 0.16054861 0.2196228  0.16507735 0.28132427 0.4228887
  0.08427881 0.1429141  0.25983523 0.04670478 0.08490017 0.12725463
  1.00003096]
 [0.09614086 0.16620442 0.3968854  0.16578656 0.2865546  0.42010445
  0.09441796 0.17276994 0.26959348 0.04834189 0.08272712 0.11990463
  1.0000398 ]]",[-0.03610655 -0.07985849 -0.25679335  0.56470959],4,0.026088204350390696,0.9294904305432127,0.950236072721109,0.015311857424231717,0.028004937642040387,3577.8125607571565
239,"[[-0.60171456  0.08678106 -0.02886622 -0.25717609 -0.15052563  0.05786877
   0.25789439 -0.01414196  0.03888368 -0.41788795  0.53499178 -0.0913865
  -0.0030972 ]
 [-0.17112703  0.06474953  0.12477165 -0.10859697 -0.42611261 -0.31289266
  -0.19611266  0.15724163  0.16742458  0.30796231 -0.66894108  0.15929886
  -0.02779973]
 [-0.42585953 -0.65900858  0.21418527  0.18000912 -0.1947468   0.22035619
  -0.23562262  0.22361738  0.22622148 -0.00655925 -0.15717597  0.1781094
   0.08012735]
 [-0.10638723 -0.31394051  0.0720813  -0.20128111 -0.6377805  -0.0245761
  -0.43975702 -0.19962466 -0.08722843 -0.00980218 -0.38733315 -0.21455553
  -0.0065726 ]]","['bbo_main', 'random_fill', 'random_fill', 'random_fill']","[[0.08547547 0.15102    0.21723677 0.15626427 0.26777036 0.45343475
  0.10611696 0.18596864 0.27523488 0.05425282 0.10454617 0.14700414
  1.00011752]
 [0.09572219 0.1652741  0.26684834 0.15543744 0.25830129 0.3635594
  0.09861133 0.18474424 0.32724463 0.05084899 0.08573387 0.14715591
  0.99999979]
 [0.08608369 0.14919544 0.24960784 0.16792224 0.28855452 0.454972
  0.09345557 0.1756948  0.36863397 0.05122742 0.08800179 0.12843637
  1.0000083 ]
 [0.09293591 0.16049966 0.3374358  0.15555584 0.26321685 0.38879426
  0.08692461 0.15771616 0.2351768  0.04868728 0.08193357 0.11574297
  1.00000116]]",[-0.04668386 -0.1946346   0.1822671  -0.39853438],4,0.03091309327651695,0.9208754759779967,0.9428740972439189,0.015322346639005512,0.02751212601538805,3173.5414003198966
240,"[[-0.3089271  -0.00558441  0.06513356 -0.50112779 -0.33863193  0.06703372
   0.58276478 -0.36603392  0.03642134  0.07334604  0.201422   -0.0944799
  -0.01404543]
 [-0.07196037 -0.43758139  0.01036871  0.39508092 -0.22548189 -0.14343094
   0.65110728 -0.23756285 -0.23638086 -0.04795614  0.02960836 -0.19029131
  -0.00966112]
 [-0.10543764  0.63187775  0.21710452  0.0163811  -0.04560436  0.18481733
  -0.07582313 -0.08104116  0.05407398 -0.29531848 -0.60071158  0.20631749
  -0.00991811]
 [-0.47507984 -0.18680996  0.15024788  0.1325057   0.38744986  0.24072505
  -0.08918495 -0.34102499  0.06667985  0.1357698   0.54633912  0.21330647
  -0.00923798]]","['bbo_main', 'random_fill', 'random_fill', 'random_fill']","[[0.09002766 0.15864081 0.28094131 0.15196694 0.26056569 0.41404638
  0.09782781 0.16749564 0.24636223 0.05499376 0.0955915  0.1334726
  0.80855735]
 [0.08526791 0.1471499  0.27401368 0.1680962  0.28079812 0.39606562
  0.09757438 0.16089392 0.22650273 0.05096357 0.08766023 0.12390341
  0.99999988]
 [0.10059674 0.17708322 0.38920228 0.16652305 0.28742011 0.42489548
  0.08860464 0.15951622 0.23553507 0.04655989 0.08056315 0.12846233
  1.00000103]
 [0.0860393  0.14964889 0.21887414 0.17781214 0.310727   0.54937406
  0.08542515 0.1510616  0.22550932 0.05499826 0.09746616 0.15079228
  1.00000251]]",[-0.1430397  -0.1827155   0.20146545  0.27980044],4,0.028859766673750523,0.9192653333257419,0.9414885672573947,0.015390868015552827,0.026519335691790963,3271.1368962451816
241,"[[-0.0999584  -0.09419824  0.11836483 -0.30230621 -0.27112325  0.09239047
  -0.42467922  0.38298329  0.11934554 -0.30049433  0.58902159  0.12063894
  -0.02495772]
 [ 0.50429818  0.06139362  0.12101918 -0.09244151  0.63307231 -0.34575896
  -0.0662146  -0.21085337  0.10642789 -0.26707648  0.14869793  0.00813474
   0.21146107]
 [ 0.21013211  0.06173747 -0.10540842  0.36499285 -0.04369459 -0.11155659
   0.34166789  0.20633606 -0.14088975  0.52654975  0.4034427  -0.37701967
   0.17894765]
 [ 0.46795051 -0.01335265 -0.26508037  0.05176429  0.08344247 -0.46545351
   0.35479211  0.03984871 -0.37930425  0.32957202  0.00295173 -0.32280402
   0.01101466]]","['bbo_main', 'random_fill', 'random_fill', 'random_fill']","[[0.09001475 0.15477567 0.26489327 0.15730794 0.26847186 0.39317606
  0.09604804 0.18218758 0.27942054 0.05530663 0.10069335 0.14673057
  0.55303977]
 [0.1036317  0.1756998  0.3740734  0.1678288  0.28893454 0.39960547
  0.08620477 0.15500065 0.24969686 0.04939546 0.08750942 0.12794424
  1.00003133]
 [0.09305848 0.15914091 0.23535571 0.16293572 0.27039827 0.38623545
  0.10967994 0.19052535 0.26762918 0.06070161 0.09883208 0.13005509
  1.00000751]
 [0.1054017  0.17698209 0.25578825 0.16003385 0.26431431 0.37004162
  0.09371082 0.15924227 0.23070144 0.05286622 0.08794739 0.12519468
  1.00002106]]",[ 0.03268113  0.33806599  0.24997069 -0.22237115],4,0.0334078799715861,0.9246386086735486,0.9461008693636581,0.015278859750208791,0.02503749021575641,4340.090423679911
242,"[[-0.3641205   0.01560856  0.30289734  0.05861166 -0.32578487 -0.10420814
  -0.01908111 -0.21713269 -0.53478654  0.21928805 -0.27604942  0.43683889
  -0.07980796]
 [ 0.34739811 -0.37696385  0.27568812 -0.41120538 -0.40161798  0.23858431
   0.32965653  0.05884184  0.29185293 -0.17060887  0.06078359  0.20377012
  -0.04755333]
 [-0.48296975  0.14303444  0.1474872  -0.15276257  0.46201755  0.17346045
   0.40059783  0.19574636 -0.14178905 -0.37557596  0.26264804  0.14882496
   0.08095791]
 [ 0.43153879 -0.21807113  0.12137871 -0.00717302  0.14976025 -0.1728888
   0.04312346 -0.6598433   0.13693163 -0.14085538 -0.47208437 -0.01428367
  -0.01432952]]","['bbo_main', 'random_fill', 'random_fill', 'random_fill']","[[0.09435959 0.16450104 0.26225931 0.16372631 0.28115486 0.4047022
  0.08802049 0.15657464 0.23011818 0.05243304 0.09151835 0.17104968
  0.25223051]
 [0.09205247 0.15713734 0.26829519 0.15981591 0.27507499 0.40498802
  0.09802063 0.1791964  0.31947948 0.05162874 0.08958185 0.1293592
  0.53232983]
 [0.08757083 0.15249748 0.24708364 0.17295652 0.30874984 0.55730763
  0.09277991 0.16153579 0.23266879 0.05000376 0.08785656 0.13419807
  1.00001742]
 [0.09778096 0.1673559  0.29317153 0.16786932 0.28982464 0.40591086
  0.08522508 0.14908682 0.33046896 0.04659348 0.08053011 0.11908729
  1.00000063]]",[-0.19444159  0.10092179  0.36988148 -0.09674935],4,0.02719482274123744,0.9208754759779967,0.9428740972439189,0.015298347644336754,0.02835158856219122,3005.8280538208783
243,"[[ 0.45166897 -0.3230153  -0.01547012 -0.61565904  0.20984269  0.02190778
   0.0792083  -0.26594715 -0.0913622   0.363564   -0.11276682 -0.13430054
   0.1399511 ]
 [-0.2591359   0.46045977  0.2720638   0.03888838  0.21091165 -0.02418747
   0.13156578 -0.46471465  0.28434329  0.45834089  0.22280815 -0.156937
  -0.04190668]
 [ 0.21070164 -0.50821835  0.29306936 -0.22534931 -0.20536398 -0.35043204
  -0.15130401  0.06023849  0.39728573  0.4000758   0.12602935 -0.1762991
  -0.06547548]
 [ 0.00764721 -0.10214328 -0.29030023  0.49407564  0.36360769 -0.06138748
  -0.59977857  0.13896598 -0.10587312  0.15552271  0.25566503  0.21223428
   0.01714706]]","['bbo_main', 'random_fill', 'random_fill', 'random_fill']","[[0.09399044 0.15672058 0.2266906  0.16054655 0.30466159 0.48190972
  0.08541494 0.14514573 0.21328994 0.0530487  0.08812292 0.12369705
  1.00001722]
 [0.09547427 0.16758322 0.29508696 0.16614006 0.28689069 0.40884683
  0.08860864 0.15915365 0.37610998 0.05192033 0.0886509  0.12554208
  1.00002802]
 [0.09214635 0.15775988 0.25122607 0.16015181 0.27181959 0.38777847
  0.09424344 0.17433046 0.33339425 0.05247399 0.08977912 0.12842389
  0.49408145]
 [0.08622584 0.1488043  0.21243973 0.17980312 0.30750763 0.43461123
  0.08584798 0.15657283 0.2334965  0.05399672 0.09549553 0.2585035
  1.0000147 ]]",[ 0.04533716  0.21636802 -0.10892456  0.14812824],4,0.02719407830071112,0.9327341508251472,0.9529837061370092,0.015303341695664559,0.02567494269008974,3666.588752764743
244,"[[ 0.02260732 -0.17004619 -0.10395913  0.00406485  0.4200539   0.0024928
  -0.12678682  0.47609629  0.00761199  0.72351301  0.07699454  0.05019316
   0.09262065]
 [ 0.31740748 -0.26394061 -0.35895195 -0.35586462  0.63931242 -0.14482277
   0.05262303  0.00744195 -0.05167221 -0.0794854   0.35965612 -0.01923763
   0.05359658]
 [-0.05060562  0.19981454 -0.17804912 -0.25812232 -0.15765517  0.12923062
   0.33086894  0.3210367   0.21186955  0.30493867 -0.31627305 -0.60535985
  -0.02691798]
 [-0.0270757   0.0107316   0.10656045 -0.38133364  0.01090131  0.09708664
   0.13270089  0.29380895  0.04255942  0.78246494  0.24780312  0.07580541
   0.2183755 ]]","['bbo_main', 'random_fill', 'random_fill', 'random_fill']","[[0.08301142 0.14063651 0.20247883 0.1781756  0.3106922  0.43666718
  0.09770015 0.18430886 0.27084337 0.05861487 0.09812586 0.14356775
  0.99998883]
 [0.08588659 0.14053803 0.19709793 0.17553558 0.32086549 0.45115205
  0.09072113 0.1603787  0.24028663 0.0549776  0.09688399 0.14536551
  1.00003899]
 [0.08986339 0.15425609 0.21879126 0.16230953 0.27978225 0.42271287
  0.10591387 0.1942252  0.38662793 0.04670188 0.07788124 0.10965414
  0.99999911]
 [0.08974337 0.15444505 0.27513835 0.15607679 0.26904027 0.40710531
  0.10134102 0.18457111 0.26664208 0.06471599 0.10894849 0.15075602
  1.00004207]]",[0.31644553 0.07157656 0.03156505 0.39795988],4,0.027158567272004164,0.9289505461176503,0.9497773984912372,0.01522910229003208,0.02582798277522791,4067.421682811808
245,"[[-0.01267864  0.04628399 -0.04875367 -0.13964854 -0.18066597 -0.20531655
   0.11014738 -0.66985466 -0.27329098 -0.35663714  0.48600727 -0.03608988
  -0.02832076]
 [ 0.2741971  -0.03567353  0.05499494  0.21967125  0.082162   -0.36206241
  -0.64466521  0.28722834 -0.07607185 -0.34420284  0.32539796 -0.07669361
  -0.01737954]
 [ 0.30969273 -0.35974498 -0.54453576  0.14155139 -0.44893147  0.25352981
   0.11032339  0.09972045  0.13672603  0.31192978 -0.11232484 -0.20028046
  -0.03824125]
 [ 0.57353703 -0.36469887 -0.01228019  0.10818682  0.10915975  0.10878627
   0.13079795 -0.29403967  0.13887962  0.58083145 -0.13874304  0.14045926
   0.05697308]]","['bbo_main', 'random_fill', 'random_fill', 'random_fill']","[[0.09709032 0.16783302 0.24856313 0.16239989 0.27677433 0.39482924
  0.08523841 0.14601997 0.21486518 0.05509927 0.10003531 0.14419187
  0.50026673]
 [0.10150181 0.17217819 0.29005878 0.1627648  0.26910778 0.37554844
  0.08674925 0.16360424 0.24427541 0.0519274  0.09199914 0.13204159
  0.54012059]
 [0.08796731 0.14928814 0.20981869 0.16508512 0.28414981 0.57688862
  0.09571409 0.17584968 0.26988546 0.05137914 0.08698186 0.12386752
  1.00000283]
 [0.09148524 0.15427767 0.21966037 0.16916482 0.29566134 0.4306285
  0.08841587 0.15814681 0.28895687 0.05369411 0.09113164 0.25743587
  1.00000339]]",[-0.29687739 -0.07543168 -0.09045137  0.20779927],4,0.026511558768292476,0.9327341508251472,0.9529837061370092,0.015263043444782545,0.026110483749504768,4014.116662836168
246,"[[-0.33902863  0.44522408  0.1309295   0.57903121 -0.02192425  0.11067492
   0.20554545  0.41401626  0.14604355  0.26829942 -0.11317433  0.03180057
  -0.02990691]
 [ 0.23348723 -0.17532323  0.1071408  -0.73316977  0.47037405 -0.04882611
  -0.10785093  0.23516121  0.0742567   0.07976693 -0.19918063  0.09348509
   0.12194614]
 [ 0.1979406  -0.1260419   0.10517745  0.40553457  0.07690141  0.11526843
  -0.37154957  0.64318809 -0.31785171  0.03314698  0.29458482  0.08208165
   0.05315716]
 [ 0.39245111 -0.61688617 -0.1048708   0.23615617 -0.08693455 -0.18702326
   0.35826772 -0.10195674 -0.20222284 -0.1251505   0.39462779 -0.07134049
  -0.00155973]]","['bbo_main', 'random_fill', 'random_fill', 'random_fill']","[[0.09236902 0.16241408 0.26612387 0.16793694 0.28640156 0.41629925
  0.09982423 0.18421107 0.2843122  0.04915706 0.08323092 0.12007981
  0.40057339]
 [0.09202252 0.15560546 0.36954121 0.16046265 0.28681445 0.4078169
  0.09798704 0.18217133 0.27051646 0.05021736 0.0850394  0.12700038
  1.00008321]
 [0.08929548 0.15323886 0.26078013 0.17968551 0.30762234 0.51824534
  0.08654099 0.1576403  0.22663966 0.05407377 0.09693966 0.14035827
  1.00004433]
 [0.08718396 0.14485604 0.21621761 0.16535828 0.27903765 0.39447356
  0.09376149 0.16136426 0.23251703 0.059568   0.11390831 0.16417674
  1.00000137]]",[ 0.34678852  0.20440508  0.27428145 -0.142459  ],4,0.030675493629692574,0.9300305209727179,0.9506945410275383,0.015241056408615563,0.02519944610953262,5193.418716706801
247,"[[ 0.09943636  0.16425614  0.04584388  0.14634491 -0.35216706 -0.57607167
  -0.42426681 -0.25730357  0.05592554 -0.40103712 -0.25271954 -0.03580668
   0.09175215]
 [-0.41026456  0.29318474 -0.13971327 -0.1770795  -0.4666756  -0.18461907
  -0.18656975 -0.19722317 -0.12363135 -0.12124677  0.07746858 -0.57698973
  -0.01921358]
 [-0.12107253 -0.62593108 -0.09546776 -0.0602009   0.39976284 -0.1758686
  -0.03336335 -0.49625288 -0.07251919  0.34298113 -0.06593572 -0.12335565
  -0.01530175]
 [-0.0213493   0.40898938  0.1263996   0.38062662 -0.17206616 -0.10144656
  -0.47737165  0.16741175  0.1068813   0.58686509  0.13598257 -0.0328255
   0.01438205]]","['bbo_main', 'random_fill', 'random_fill', 'random_fill']","[[0.10371944 0.1795426  0.30009656 0.15699447 0.25795966 0.36064109
  0.08760373 0.15989555 0.25577695 0.04892672 0.08473172 0.1246149
  1.00004735]
 [0.09762217 0.172326   0.25422914 0.15806324 0.26815707 0.38624286
  0.08901554 0.15947659 0.23827165 0.04984142 0.08336424 0.1161297
  0.49916204]
 [0.08318666 0.14178955 0.21075303 0.18422548 0.32326519 0.44930532
  0.08430667 0.14457104 0.22062028 0.053481   0.09078238 0.12847412
  1.00001104]
 [0.10187053 0.1788614  0.36252653 0.16112854 0.27031594 0.38184924
  0.08679225 0.16246095 0.25718341 0.05720355 0.09694362 0.13507408
  1.00000162]]",[-0.23980755 -0.40318594 -0.18917056  0.16283647],4,0.02534897443457143,0.9343589660108484,0.9543545690380695,0.015031698934117424,0.02471707059101902,3532.0228094547056
248,"[[ 0.33743884  0.16693083 -0.56882474  0.16241979  0.08586386  0.05710427
  -0.59882642 -0.0983243   0.04933975  0.23355735  0.26219214  0.05980459
  -0.01132892]
 [-0.02442131  0.67934642 -0.4072097  -0.19653141 -0.01417795  0.19050589
   0.03088523 -0.43593246  0.21120804 -0.02048047  0.21615201  0.11354967
  -0.03632742]
 [-0.05388282  0.25343193 -0.10365997 -0.24425271 -0.20726564 -0.17560149
   0.67376488  0.1106241  -0.35867532 -0.01792506  0.1068278  -0.42667666
  -0.00616024]
 [-0.17890828  0.1838929   0.00886358 -0.32496744  0.65027524 -0.40684518
   0.37026942 -0.03647469 -0.01465323  0.00279642  0.08239384 -0.24511229
   0.18598596]]","['bbo_main', 'random_fill', 'random_fill', 'random_fill']","[[0.08772058 0.1437089  0.1964053  0.17713603 0.30615814 0.47633056
  0.08504118 0.15549471 0.24043737 0.0592194  0.1040939  0.15018202
  1.00000137]
 [0.09495934 0.163348   0.22619343 0.16476218 0.2867516  0.44617146
  0.08833586 0.15849607 0.29513162 0.05222597 0.09049366 0.13059671
  0.35596062]
 [0.10021985 0.17458185 0.25545895 0.15457436 0.26263048 0.38039131
  0.10954859 0.1859044  0.25558168 0.04846497 0.08110517 0.1131907
  1.00000163]
 [0.09460324 0.16928897 0.26784375 0.16500492 0.28796451 0.39415466
  0.10765327 0.18591595 0.26902358 0.04675359 0.07781144 0.10788553
  1.00020043]]",[ 0.00855408  0.08145221 -0.19057901  0.18511336],4,0.027327199776953262,0.9387021579765266,0.9579998566764899,0.01512695013568938,0.02867359240733322,3628.5709762428887
249,"[[ 0.38613183 -0.00705634 -0.71101205 -0.15977597 -0.32531481  0.08368409
   0.30273715  0.0284705   0.02460937 -0.3183506   0.09492806  0.05875347
  -0.00876228]
 [ 0.48967606 -0.44873671  0.00728706  0.30990908 -0.32470754  0.02577122
   0.02631801  0.33678464 -0.28883057  0.33592374 -0.20879514  0.01540666
   0.0493931 ]
 [-0.10171027  0.09939138  0.05973093  0.28983183  0.18067996  0.12080341
  -0.25526497  0.06868413  0.04938955  0.71608003  0.3345125  -0.38003999
   0.05958795]
 [ 0.00609604  0.65899191 -0.28665363  0.48860329 -0.24368387 -0.06096717
   0.09163217  0.03848948 -0.18707063 -0.06154469 -0.17146644 -0.3215429
  -0.01544543]]","['bbo_main', 'random_fill', 'random_fill', 'random_fill']","[[0.08789007 0.14345816 0.19455246 0.16108529 0.27694101 0.46287234
  0.10591047 0.18972299 0.27583772 0.05201043 0.09246151 0.1387271
  1.0000314 ]
 [0.09131972 0.14936703 0.22183332 0.16321223 0.27363699 0.44415765
  0.1037111  0.18112447 0.24415349 0.05372187 0.09010689 0.1336887
  1.00010748]
 [0.0889071  0.15371122 0.22427175 0.18138976 0.31407405 0.55292548
  0.08606237 0.15806154 0.24211631 0.05333202 0.08751036 0.11844346
  1.0000148 ]
 [0.10583639 0.18174417 0.24665077 0.16716773 0.28074228 0.4154461
  0.09014302 0.16032568 0.23446376 0.04588818 0.07764748 0.11014065
  0.6210762 ]]",[-0.14663928 -0.00361634  0.27862997 -0.05292873],4,0.028003444477979048,0.9300305209727179,0.9506945410275383,0.015154511739014716,0.030226490475607007,3574.5636199666187
250,"[[ 0.62361801 -0.27021677 -0.04733191  0.54737234  0.15195046 -0.25120709
  -0.04127959 -0.09374261 -0.07602304 -0.21533956 -0.29551567 -0.00368866
  -0.00687846]
 [-0.04145372  0.4112759   0.00787695  0.32669381 -0.33879658  0.09638788
  -0.02282637  0.29903411  0.14752389  0.18193998  0.33565474 -0.58314553
  -0.02717311]
 [-0.19748497  0.23292926  0.10087867  0.03684722  0.63855674 -0.29147224
   0.2122523   0.39373971 -0.14386691 -0.39925194  0.0799848   0.1237195
  -0.02475411]
 [-0.27350722 -0.17657915  0.07672986  0.24917771 -0.16523821  0.08795141
   0.19909068  0.09197961  0.08157022  0.52360327  0.65379005  0.18606458
   0.00495997]]","['bbo_main', 'random_fill', 'random_fill', 'random_fill']","[[0.09904651 0.16538992 0.23526868 0.18712962 0.31271104 0.4251183
  0.08492529 0.15123104 0.22601374 0.04475595 0.07833027 0.12947085
  1.00002909]
 [0.09612211 0.16609906 0.23301006 0.16263237 0.27578504 0.40890895
  0.09910135 0.18490711 0.33056302 0.04946472 0.08177043 0.11206511
  0.56828116]
 [0.09253857 0.16252928 0.26615128 0.16835196 0.28994184 0.40478411
  0.09678266 0.17322085 0.24924459 0.04836784 0.08566256 0.14569113
  0.30518807]
 [0.08710715 0.15111366 0.21852699 0.16360762 0.27990418 0.40718101
  0.09369341 0.16877458 0.25310282 0.0620005  0.11094013 0.25788803
  1.0000047 ]]",[-0.02591273  0.12272452  0.17069527  0.20935024],4,0.02664535819486325,0.9370716340824761,0.956634699855787,0.015230688383845628,0.024923325908788596,3986.152746954933
251,"[[-0.21237389  0.06644151 -0.02488601 -0.2960003  -0.28240416 -0.51095641
  -0.10282123  0.10851854  0.41371653  0.45014338  0.15688532  0.02533044
  -0.31626769]
 [-0.02674847  0.53512716  0.02686266 -0.52144789 -0.53843814  0.05879515
   0.12462925 -0.06652489 -0.31196176  0.11997923 -0.11883741  0.02641598
   0.02069153]
 [-0.26141524  0.45779931 -0.2206265  -0.13163048 -0.14291272 -0.56796758
   0.22285767 -0.28460673  0.27884859  0.18073089  0.1894542  -0.17185028
   0.08096837]
 [-0.09068521 -0.11271666  0.24303425 -0.01889072  0.6180088  -0.42280342
  -0.16423427  0.15055932  0.32248846  0.33456128  0.24176993  0.18291505
  -0.03833215]]","['bbo_main', 'random_fill', 'random_fill', 'random_fill']","[[0.09270563 0.16008848 0.24145131 0.16424058 0.28253358 0.40427028
  0.09101254 0.16500307 0.25734119 0.0520023  0.08941037 0.128369
  0.02182139]
 [0.10546964 0.18993687 0.27427311 0.15357934 0.26155826 0.42036561
  0.08766384 0.1525242  0.22005539 0.05279095 0.09105122 0.13227477
  1.00000072]
 [0.09527106 0.16505162 0.23205886 0.15909827 0.26934596 0.3807026
  0.09492025 0.17190667 0.41754738 0.05288268 0.09077796 0.13007879
  1.00001975]
 [0.08995135 0.15551877 0.24679484 0.16512149 0.28376029 0.39867467
  0.09266041 0.17162722 0.42025726 0.05251185 0.09062874 0.13497174
  1.00000239]]",[-0.20122883 -0.13818498 -0.1021729   0.20996489],4,0.026885936933391613,0.9408797909989792,0.9598164664154308,0.015082741099746326,0.02434570830847746,3315.4441563966684
252,"[[ 0.19647224  0.37470645 -0.39906351 -0.55784492 -0.16556629 -0.05718299
   0.19448947 -0.24011257 -0.06554143 -0.46216566  0.07986779  0.0027968
  -0.01045643]
 [ 0.26478628  0.02261006  0.28246471  0.08612628 -0.28275254  0.17337736
  -0.32659644 -0.64510089 -0.14944984  0.27199865  0.12755627  0.30763278
  -0.04600884]
 [-0.25210078  0.34523479  0.22177182  0.42834789  0.07580761  0.24106036
  -0.16551542 -0.06563733  0.1730532   0.62448485  0.25784634  0.04050541
  -0.03128578]
 [-0.06644617  0.04430647  0.02648295  0.73992553  0.25435286 -0.02778462
   0.12820468  0.39616648  0.0823975  -0.43110497 -0.02852585  0.1100666
  -0.03177744]]","['bbo_main', 'random_fill', 'random_fill', 'random_fill']","[[0.10552775 0.17722254 0.23664421 0.1535459  0.26554495 0.38801175
  0.09189903 0.15956393 0.23525299 0.05032816 0.09201009 0.1476709
  0.83224346]
 [0.09645178 0.16677135 0.28778465 0.16448627 0.28282002 0.41236384
  0.08491596 0.14918939 0.22110954 0.05414956 0.09502277 0.25285566
  1.0000496 ]
 [0.09300725 0.16318373 0.26386279 0.16931605 0.29226015 0.57693951
  0.08743066 0.15912762 0.24139995 0.05307054 0.09060393 0.12833638
  1.00000435]
 [0.08758892 0.15162943 0.22139563 0.17795617 0.30163127 0.42293805
  0.09840499 0.18196109 0.27321295 0.04652166 0.08101903 0.14512841
  0.5346018 ]]",[-0.21916345  0.01789657  0.37244104  0.28723894],4,0.026838184709245816,0.9349010273539713,0.9548110672573905,0.015078358936576606,0.028248363962218664,3142.5625989022665
253,"[[ 0.27429132  0.09150025  0.11693877 -0.46745661  0.1827675   0.03585807
   0.34365593 -0.00163185  0.16145367 -0.09324517  0.67605329  0.19718294
  -0.02680823]
 [ 0.33275772 -0.11791355 -0.09410895  0.43106353 -0.00257285 -0.21192182
  -0.30576371  0.27607    -0.53469876 -0.21976079  0.33343059  0.14195747
  -0.0233969 ]
 [-0.13392184  0.07022417 -0.56278881  0.18592924 -0.03826363 -0.01197729
  -0.2302494  -0.23202545  0.02758887  0.13989953 -0.64394935 -0.28673473
  -0.01240271]
 [-0.08637093  0.39819606 -0.14516464  0.11395654 -0.23124557  0.13144988
  -0.58101323  0.14330922  0.05615653 -0.33732957 -0.48994328  0.03651036
   0.11283348]]","['bbo_main', 'random_fill', 'random_fill', 'random_fill']","[[0.09496326 0.16296468 0.23424136 0.15975828 0.27708856 0.40064792
  0.0945591  0.16906109 0.26319839 0.05549193 0.10131556 0.28081394
  1.00004524]
 [0.09393101 0.15993472 0.2274418  0.16953382 0.28894433 0.40635378
  0.08492752 0.14844893 0.21283867 0.05486277 0.10252306 0.21399403
  0.76670878]
 [0.08495255 0.14430751 0.20160537 0.1821953  0.31240506 0.4479963
  0.08795593 0.1601728  0.28146299 0.04583934 0.07616936 0.10846515
  1.00001818]
 [0.09703645 0.16708643 0.23264609 0.1666088  0.28526667 0.57679105
  0.08742381 0.16465868 0.25373089 0.04575504 0.0794656  0.11740538
  1.00001755]]",[ 0.22527688 -0.08700825 -0.23393916  0.10302384],4,0.027205739947077867,0.94798846205785,0.9656891019576997,0.014973671685534883,0.023752254183302637,3960.4616323630325
254,"[[-4.79816921e-01  3.01516445e-01 -1.47985943e-01 -4.23529919e-01
   9.23950927e-02  8.09682492e-02  4.31388574e-02  1.66349716e-01
   8.55651951e-02  6.43151089e-01  9.29843128e-02  5.75093194e-02
  -6.48807233e-03]
 [-4.59415787e-01 -3.19045044e-01 -5.05531111e-01  2.92912088e-01
  -1.72972096e-01 -8.92734371e-02 -1.61302959e-01 -4.03782872e-03
  -2.58752067e-01  3.14599751e-01 -3.33063171e-01 -6.81917365e-02
   1.89032565e-02]
 [ 2.95083522e-02 -2.13382136e-01  7.37422293e-02  1.70872497e-01
  -2.06345932e-01 -1.94720966e-02  6.73759582e-01 -3.17242861e-01
   1.76498967e-02 -2.05032229e-01  3.60055266e-01 -3.80843227e-01
   6.61671254e-02]
 [-4.16407706e-01 -3.75950744e-02 -1.37283398e-01 -5.03700450e-04
  -3.62349084e-01 -1.94592458e-01  1.63383235e-01 -3.46916690e-01
  -2.18786448e-01 -6.09122853e-01  1.81557202e-01  1.92908659e-01
  -3.25724627e-02]]","['bbo_main', 'random_fill', 'random_fill', 'random_fill']","[[0.08603258 0.14991603 0.21199553 0.15804072 0.27668283 0.44696129
  0.09940638 0.18495731 0.31201871 0.06248402 0.10459871 0.14533795
  1.00003726]
 [0.08155013 0.1373225  0.19313649 0.17588068 0.30050924 0.44646251
  0.08846215 0.15818583 0.23030793 0.05324345 0.09023792 0.13068827
  1.00003057]
 [0.09002011 0.15614445 0.35817112 0.16211251 0.27408048 0.39440832
  0.10244082 0.17484946 0.25661422 0.04813413 0.08136931 0.11186599
  1.00004201]
 [0.09079015 0.15752699 0.22513769 0.16262028 0.27609323 0.39523599
  0.09013612 0.15917122 0.23491354 0.05289153 0.09571986 0.20363762
  0.43191103]]",[ 0.08090523 -0.29704653  0.02029033 -0.33318168],4,0.027734543238159604,0.9474397936892255,0.9652392071451937,0.014903576816708725,0.024254498964299986,3699.036812103819
255,"[[-2.74158264e-01 -2.97919060e-01  2.25024703e-01  1.76730239e-01
  -3.53844445e-01  6.08362002e-02 -1.65334071e-01  3.10656762e-01
  -5.91590388e-01 -3.89898729e-02  3.34910871e-01 -1.91181122e-01
  -3.53123460e-02]
 [ 3.01232864e-01 -9.25784569e-02 -5.94241245e-02  4.93410713e-01
  -6.01309531e-01 -2.37539049e-02 -4.69135511e-02 -2.82422863e-01
  -9.68035206e-02 -4.43706414e-01 -5.20637742e-02 -2.28974585e-02
  -1.09747328e-02]
 [ 4.15442384e-01 -4.99630565e-01  3.85480866e-04  6.03283167e-02
   4.31913775e-01 -8.74175682e-02  4.29388419e-01  2.16129121e-01
  -2.80102602e-01  2.09779556e-01  1.57767162e-01  3.35032473e-02
  -1.95408249e-02]
 [-5.69960094e-01 -1.54122423e-01  1.58133818e-01  8.83987389e-02
   1.96959735e-01  1.01642431e-01  5.25939632e-01 -8.30522770e-02
   1.58264197e-01  4.95208027e-01 -1.09140066e-01 -5.39291673e-02
  -2.89512516e-02]]","['bbo_main', 'random_fill', 'random_fill', 'random_fill']","[[0.09000781 0.15643899 0.40409116 0.16447825 0.28260113 0.41336109
  0.0869466  0.15355729 0.2218362  0.05232078 0.09079399 0.1295861
  1.00005632]
 [0.10496411 0.17755319 0.25262793 0.16342854 0.26743231 0.39697296
  0.08550525 0.14891525 0.21969835 0.04777091 0.08690198 0.12774763
  0.91644759]
 [0.08679117 0.14526385 0.21536663 0.17880773 0.31504939 0.44315036
  0.09487013 0.164168   0.23350881 0.0536357  0.09258801 0.13632745
  0.64765254]
 [0.08561587 0.14986099 0.26705227 0.16981908 0.29503307 0.4251571
  0.09697062 0.17230669 0.27091265 0.05125793 0.08632313 0.12302993
  0.3566378 ]]",[-0.15576192 -0.19547259  0.10026567  0.16523887],4,0.027463829244577215,0.9441544521865335,0.9625331737918842,0.014956658656596386,0.02569239782680441,4734.337405654136
256,"[[-0.23385147  0.0413861  -0.04061749 -0.27174985  0.1326398  -0.01517215
  -0.04570466 -0.49149629  0.01768612  0.23836292  0.47648481 -0.56780472
  -0.00722698]
 [ 0.13533985  0.0995426  -0.55158015 -0.001605    0.05439767 -0.46949688
   0.20005561 -0.31740272 -0.09913769 -0.41560511 -0.13578843 -0.31955718
   0.01633463]
 [ 0.00490047 -0.18634186  0.05490312 -0.13692883 -0.40131506 -0.50783419
   0.20303039 -0.08841775 -0.54290812  0.13497004  0.29111654  0.01441343
  -0.27852781]
 [-0.49164637  0.24496739  0.24517662  0.28122122 -0.34819117  0.3686016
   0.12875264 -0.01564101  0.30783615 -0.17611648 -0.16255645  0.36441697
   0.01213777]]","['bbo_main', 'random_fill', 'random_fill', 'random_fill']","[[0.09066901 0.1571189  0.2273178  0.16825805 0.30012402 0.43192845
  0.08348874 0.14146851 0.26099976 0.05578825 0.09046919 0.11743745
  1.00000066]
 [0.09472144 0.16008446 0.22156389 0.16359837 0.27252571 0.37951331
  0.0936483  0.16333896 0.27132216 0.045587   0.07986768 0.11502168
  1.000004  ]
 [0.09338886 0.16118798 0.24675488 0.16447879 0.2828642  0.4060823
  0.09053636 0.16296088 0.24049468 0.05206738 0.08984407 0.13034277
  0.01654619]
 [0.09198323 0.16059034 0.23045367 0.16522849 0.2841095  0.56372273
  0.09175202 0.16675785 0.25114559 0.05103197 0.08829747 0.17229334
  1.00000303]]",[-0.12263709 -0.36729379 -0.4544336   0.34404874],4,0.027971049488804522,0.9452483296818558,0.9634364204874016,0.014900146998410878,0.025436713070112138,3423.1919663622975
257,"[[ 0.45585955 -0.26575863  0.05285915  0.30738467 -0.26075775  0.02631739
  -0.44791106  0.40701283 -0.05761237 -0.26277974 -0.34077926  0.0267603
   0.00974864]
 [-0.10456276 -0.13260429  0.0093429   0.09560981  0.03494169 -0.01941806
  -0.37033909  0.62837335 -0.50325489  0.40859085 -0.08677034  0.02390588
  -0.01842735]
 [ 0.11446492  0.20043264 -0.00959717  0.65565569 -0.16701662 -0.24710126
   0.11253021  0.42876873  0.11500736  0.15836568 -0.41655405  0.1369905
  -0.0264336 ]
 [-0.20349746 -0.48334406  0.07925126  0.37213698 -0.57349579 -0.01176304
   0.34632293 -0.24867828  0.0915964  -0.11944423  0.2017133   0.07729598
   0.0080383 ]]","['bbo_main', 'random_fill', 'random_fill', 'random_fill']","[[0.09919972 0.16649739 0.30204673 0.16406258 0.27494138 0.3987549
  0.09286983 0.18891604 0.27793438 0.04369435 0.07580452 0.11375407
  1.00008705]
 [0.08964755 0.15489075 0.24475044 0.16911736 0.29234975 0.41982769
  0.08823286 0.15833047 0.22597204 0.05392014 0.09158926 0.13415401
  0.1970425 ]
 [0.09533199 0.16367737 0.23019597 0.16231292 0.26916662 0.37745057
  0.10463336 0.19436641 0.30008514 0.04862764 0.08273628 0.17471459
  0.80263926]
 [0.08542359 0.14727216 0.26731877 0.15990032 0.26355696 0.37589828
  0.09710615 0.17152223 0.29097266 0.05524888 0.10173882 0.15191048
  0.99999973]]",[ 0.00093073 -0.04264088  0.11528586 -0.11211539],4,0.03191277021388602,0.9485374621303552,0.966138665286947,0.01486502714850732,0.0256239109612264,3933.2872392181307
