iteration,batch_directions,batch_sources,batch_points,batch_support_values,batch_size_applied,best_gap,ci_lower,ci_upper,mean_gap,max_gap,wall_time_seconds
0,"[[ 0.06373051  0.09490806  0.45566932  0.04406675  0.08705931  0.55097815
   0.06417822  0.08707044  0.45849785  0.12337082  0.07803692  0.45683514
  -0.11945453]
 [-0.26914458  0.05009323  0.35812029 -0.02110159  0.33939224  0.40935118
   0.24895129  0.45623863  0.29584702  0.14546552  0.09537149  0.31866375
  -0.15537869]
 [ 0.22633267  0.01412505  0.42075483  0.22795775  0.02722925  0.2384594
  -0.26390154 -0.11428708  0.33843306  0.04945954  0.43487672  0.48044419
  -0.20576006]
 [ 0.15200506  0.18094343  0.5020923   0.29684756 -0.32726684  0.17512734
   0.11024008  0.06821977  0.37956564  0.31721319 -0.11707511  0.29778717
  -0.3198136 ]]","['bbo_main', 'random_fill', 'random_fill', 'random_fill']","[[0.09010912 0.15420174 0.22510785 0.16542919 0.28638592 0.44745864
  0.09379801 0.16580378 0.24841988 0.04927585 0.08461206 0.12407677
  0.10605946]
 [0.0889593  0.1524212  0.23323874 0.16507033 0.28539317 0.4252415
  0.09579062 0.16938423 0.24667859 0.04901746 0.08422846 0.12187501
  0.03585884]
 [0.09095472 0.15518445 0.24680439 0.16428599 0.28315096 0.40754406
  0.0930813  0.16448822 0.24400526 0.04971749 0.08557912 0.12441706
  0.02306517]
 [0.09109054 0.15547537 0.24647776 0.16412271 0.28268886 0.40669101
  0.09353519 0.16535859 0.24572161 0.04940445 0.08482736 0.12154091
  0.01124522]]",[0.59276664 0.55720473 0.40288633 0.34635756],4,0.3921647689631499,2.4548656141978765e-07,0.0012550263386699402,0.12570857230142204,0.3259080689930327,513.6437703319825
1,"[[ 7.31630049e-04 -1.18014499e-01 -2.48021711e-01  2.22757818e-02
  -7.66535035e-02 -2.16979856e-01  1.22534998e-01  5.39619491e-02
  -2.51831274e-01 -9.70120908e-02 -1.25908883e-03  8.63197455e-01
  -1.87714038e-01]
 [ 6.12376700e-03  7.83101093e-02 -2.48983323e-01  2.21951825e-01
   2.86901334e-01 -9.97586910e-02  3.81614836e-01 -1.15867356e-01
  -1.61393705e-01  4.27749629e-01  1.48145354e-01  6.20003389e-01
  -1.26041651e-01]
 [-7.69152976e-02  2.36965470e-01  7.81271692e-01 -2.05276159e-01
   2.31294964e-01 -2.55637178e-01 -8.33658924e-02  1.25511836e-02
  -2.37645802e-01 -1.06027936e-01  2.32875642e-01 -8.29247616e-03
  -1.93481867e-01]
 [-1.33052421e-01 -2.80313201e-01 -1.41365688e-02 -1.87113648e-01
   9.46404968e-02 -1.30139103e-01  7.10901455e-02 -6.86136574e-02
  -5.17026061e-01  1.39248341e-02 -4.95136115e-01  5.40330863e-01
  -1.68013354e-01]]","['bbo_main', 'random_fill', 'random_fill', 'random_fill']","[[0.08960484 0.1531734  0.21679972 0.1640966  0.28195316 0.40440555
  0.09342407 0.1647973  0.23834158 0.05007678 0.08694781 0.17695372
  0.15017683]
 [0.08923173 0.15261664 0.21616098 0.16475076 0.28419403 0.40715178
  0.09302391 0.16297021 0.23588237 0.05081177 0.08813769 0.18236995
  0.18502942]
 [0.09381659 0.16020673 0.26568729 0.16363451 0.28256756 0.40465706
  0.09246231 0.1632174  0.23638318 0.04908802 0.08466474 0.12131378
  0.06447864]
 [0.08967872 0.15334687 0.21928388 0.16438232 0.28396583 0.4083412
  0.09293062 0.16355027 0.23639593 0.04956126 0.08536164 0.16150321
  0.0940433 ]]",[-0.09758052  0.13924975  0.1058374  -0.21199075],4,0.2177101707049629,2.4548656141978765e-07,0.0012550263386699402,0.09240704979498164,0.1771649186570151,489.71391822607256
2,"[[ 0.11081236  0.20528667  0.57814235  0.08725018  0.33903225 -0.23582969
   0.08114549 -0.14930521 -0.18694502  0.02514956 -0.05542542  0.60246867
  -0.05157781]
 [-0.03804173 -0.23862113  0.60932431  0.056082   -0.23360385 -0.1981476
  -0.03251263  0.24630486  0.61673091  0.00858513  0.16024565 -0.07060602
  -0.02324844]
 [ 0.20772915 -0.14358063  0.03867818 -0.0314558   0.47320017 -0.4674699
   0.28902559 -0.18319625  0.49901236 -0.09933943  0.20701913 -0.2350342
  -0.13124373]
 [-0.08129255 -0.28849701 -0.15306712 -0.17121137 -0.38700389 -0.21687128
   0.0518682   0.31364454  0.60340293  0.04039217  0.0338564  -0.31241745
  -0.3083378 ]]","['bbo_main', 'random_fill', 'random_fill', 'random_fill']","[[0.09425323 0.16114071 0.27936154 0.16339042 0.28152231 0.39990374
  0.09176664 0.16053065 0.23149387 0.0497003  0.08739456 0.26531322
  1.00000082]
 [0.09067817 0.15552087 0.27957122 0.1618005  0.27607757 0.39311657
  0.0964908  0.1726307  0.38201845 0.04918653 0.08461629 0.12028396
  1.00000062]
 [0.08954    0.15309294 0.21823926 0.16384579 0.28220085 0.40387975
  0.09596885 0.17026193 0.28199778 0.04893581 0.08413706 0.12052299
  0.06229267]
 [0.08923977 0.15273505 0.21744821 0.16379505 0.28182022 0.40544838
  0.09593937 0.17057773 0.27389495 0.04907782 0.08435943 0.12014777
  0.02487388]]",[ 0.26529988  0.25370127  0.05796261 -0.12626287],4,0.18126737274143573,2.4548656141978765e-07,0.0012550263386699402,0.08699478417427883,0.16766779362873135,492.89013007306494
3,"[[-0.01153267 -0.13934581 -0.23844113  0.2398951  -0.17096181  0.78776476
   0.03616339 -0.09826718 -0.31778036 -0.00126982 -0.05132976 -0.16522592
  -0.2726905 ]
 [ 0.31655401  0.02782955 -0.10506106 -0.19273269  0.26322941  0.78495857
   0.05267907 -0.11191129 -0.26068512 -0.02239169 -0.21651225  0.01641079
  -0.18569186]
 [-0.20488629 -0.40041243 -0.34533901 -0.07648711  0.09299609  0.51914032
  -0.31873104 -0.14295835 -0.37760075  0.15817663  0.1315143  -0.19798969
  -0.21977846]
 [-0.12744829 -0.10596958 -0.33363435  0.2085496   0.56984601 -0.02659315
  -0.2483651   0.06805116  0.41424529  0.18635956 -0.28629405  0.36870543
  -0.0416856 ]]","['bbo_main', 'random_fill', 'random_fill', 'random_fill']","[[0.08904122 0.15222528 0.21566286 0.16658699 0.28864693 0.44834907
  0.09294792 0.16378111 0.23834557 0.04892058 0.08407835 0.12046437
  0.0446391 ]
 [0.08947076 0.15249052 0.21585926 0.16714467 0.29161861 0.46111708
  0.09231429 0.1616813  0.2341569  0.04860599 0.08361815 0.12058643
  0.10267146]
 [0.08863822 0.1516048  0.21498692 0.16701661 0.29003227 0.44748393
  0.0923586  0.16271818 0.2364132  0.04931669 0.08455545 0.12108193
  0.04890966]
 [0.08628115 0.14745994 0.20948301 0.16823463 0.29193498 0.4144432
  0.09503623 0.16906413 0.41534983 0.04878364 0.08366558 0.13342667
  1.00004123]]",[ 0.14521879  0.30584262 -0.06437491  0.24651271],4,0.1786852402936757,5.395411025929977e-05,0.0023346635863319577,0.07906505544343238,0.15202674480376555,441.05600385693833
4,"[[ 2.41932663e-05 -1.93667589e-01 -2.97987278e-01 -2.15733514e-01
  -3.66843231e-01  5.78242390e-01 -9.65309113e-02 -1.40957215e-01
  -1.14710746e-01  5.88164852e-02 -1.60659826e-01  5.34276259e-01
  -3.39041458e-02]
 [-3.98821785e-01 -5.23167325e-02 -3.30588087e-02  4.42135313e-01
  -7.05667764e-02  4.48058033e-01 -4.25916014e-02 -1.83084419e-01
  -2.00537258e-01  3.24822187e-01 -5.02532920e-02  5.02175236e-01
  -1.13136316e-02]
 [ 3.08114598e-01 -2.30109977e-01 -3.85519727e-01 -4.25427697e-01
  -1.87944016e-01  3.35003958e-01 -1.14043513e-01 -2.83607764e-01
  -3.08233376e-01  1.96425018e-01  2.47050687e-01  2.86593869e-01
   6.89204334e-02]
 [-3.11584373e-01  6.92990585e-02 -1.88276577e-01  1.39775627e-01
  -3.91084176e-01  3.87571627e-01  1.51265615e-01  2.51426087e-01
  -3.37916517e-01  3.37383656e-01 -1.04080258e-01  4.51307305e-01
   1.06518893e-01]]","['bbo_main', 'random_fill', 'random_fill', 'random_fill']","[[0.08854626 0.15114719 0.21353442 0.16436502 0.28534023 0.59397648
  0.09221141 0.1617602  0.23276503 0.05019814 0.0867024  0.13838685
  1.00000099]
 [0.08787272 0.15042478 0.21329121 0.169079   0.29411637 0.45703146
  0.09079912 0.15819524 0.22733684 0.0503506  0.08697411 0.27471433
  0.99999947]
 [0.08859886 0.1504301  0.21233044 0.163705   0.28636854 0.57136405
  0.08980367 0.15486545 0.22198377 0.05403779 0.09418711 0.1448578
  0.99999948]
 [0.08845419 0.15154873 0.21433578 0.16439184 0.28376294 0.44347584
  0.09287938 0.16259157 0.23312879 0.05078714 0.08783944 0.28756155
  1.00000213]]",[0.08107985 0.26901663 0.00050263 0.24690956],4,0.14959738064951095,2.4548656141978765e-07,0.0012550263386699402,0.07329938518289941,0.13172368368564608,410.29721853579395
5,"[[ 0.20393946 -0.02958352  0.52507238  0.03496728  0.36660219  0.50692452
  -0.17478898 -0.22575118 -0.41562447 -0.08300448 -0.13554736  0.07470243
  -0.0643304 ]
 [-0.11179089  0.12144852 -0.01219729 -0.06688152 -0.3147694  -0.57319396
  -0.15571792  0.39060526  0.39499457 -0.10609576 -0.0437139   0.44059964
   0.01906727]
 [-0.14683182 -0.14592064  0.4645642   0.08923213  0.08045868  0.45462283
  -0.22713841 -0.29095068 -0.50918043 -0.19900205  0.28731571  0.01949587
  -0.04656952]
 [ 0.36497214 -0.19060436  0.45358427  0.12374117  0.14708905  0.37107584
   0.21598049 -0.18560642 -0.56229091 -0.08354892  0.16500131 -0.13588725
   0.01194564]]","['bbo_main', 'random_fill', 'random_fill', 'random_fill']","[[0.09385209 0.15968347 0.36162917 0.16955768 0.29794329 0.46053576
  0.08867998 0.15234531 0.21731114 0.0476416  0.0823925  0.11814811
  1.00000312]
 [0.08979747 0.15375118 0.2185813  0.15904026 0.26763626 0.37844449
  0.09937322 0.18009072 0.28268198 0.05057002 0.08780832 0.2585081
  1.00000044]
 [0.09069471 0.15538532 0.35581385 0.16962688 0.29763908 0.46352494
  0.08842188 0.15155965 0.21605212 0.04906295 0.084972   0.12107115
  1.0000021 ]
 [0.0939256  0.15980137 0.38897572 0.16850787 0.29577914 0.43225878
  0.0892201  0.15294418 0.21765542 0.04812859 0.0834598  0.11919657
  0.99999968]]",[ 0.34207069 -0.01554425  0.17537144  0.27900763],4,0.1378105685951233,2.4548656141978765e-07,0.0012550263386699402,0.07155060280534027,0.12832779338683098,488.5186584389303
6,"[[ 0.37652636 -0.09906166 -0.23570968 -0.34608434 -0.25253724  0.47770086
  -0.08881552  0.15987774  0.47349995  0.0173055   0.15016968 -0.31459576
   0.04044637]
 [-0.16844321  0.2723446  -0.35319405  0.21837712  0.3595078   0.33955576
   0.15762557 -0.06611397  0.35613025  0.30071048 -0.33310666 -0.27127504
   0.22238281]
 [-0.02597629  0.09127627 -0.29937251 -0.46552418  0.06359411  0.41802844
   0.26609143 -0.27964705  0.50721973 -0.26718042 -0.14826775 -0.05169422
   0.05954207]
 [ 0.10969332 -0.44989726 -0.08618319 -0.12670254  0.41641922 -0.35822842
  -0.27540885  0.31705311 -0.41394036  0.27450634 -0.04154467 -0.1867838
  -0.02567068]]","['bbo_main', 'random_fill', 'random_fill', 'random_fill']","[[0.08887302 0.15155975 0.2138681  0.16370346 0.28288567 0.58445269
  0.09638456 0.17170811 0.2662199  0.04826875 0.0819895  0.11549675
  1.00000698]
 [0.08714491 0.14866155 0.20918689 0.17110885 0.29801265 0.48139691
  0.09541221 0.16843703 0.36144656 0.04629349 0.07809146 0.11087468
  1.00000216]
 [0.08860017 0.15112205 0.21364628 0.16424437 0.28573222 0.42548517
  0.09601299 0.16968026 0.42290302 0.04784672 0.08192053 0.11677519
  1.00000147]
 [0.08826563 0.1499585  0.22417218 0.16773437 0.29300967 0.41252967
  0.09194628 0.16124219 0.23066859 0.05081542 0.08604537 0.12283273
  0.13258175]]",[ 0.28134416  0.57272918  0.28828668 -0.20977672],4,0.1277375814286923,2.4548656141978765e-07,0.0012550263386699402,0.06900760129717282,0.11415368717650387,842.5287096479442
7,"[[ 0.13521493  0.31958626 -0.31492539  0.20409831 -0.24279184 -0.55475753
   0.18666771 -0.16981084 -0.47149783 -0.11378577 -0.07724038 -0.22578657
  -0.12712207]
 [ 0.16794705  0.29426381 -0.33890247  0.10886965 -0.35829625 -0.66596852
   0.21602384 -0.20520783 -0.09571315 -0.15881947  0.04053104 -0.23123939
  -0.09126465]
 [ 0.11345247 -0.20611653  0.29690772  0.47123558  0.13429788 -0.1902541
   0.48769497 -0.15059927  0.32848358 -0.17918477  0.13321035  0.34814607
   0.20176461]
 [ 0.31859852  0.08532972 -0.09245666 -0.04174938 -0.19225065 -0.39720365
   0.3495942  -0.30714259 -0.5605725  -0.14715397 -0.25003812 -0.24469267
  -0.10653386]]","['bbo_main', 'random_fill', 'random_fill', 'random_fill']","[[0.0933558  0.15890964 0.22622488 0.16413653 0.2821194  0.40412155
  0.09318147 0.16454452 0.23823323 0.04935117 0.08506904 0.12273029
  0.02359751]
 [0.09465594 0.16120147 0.22484526 0.16124008 0.27354493 0.39028262
  0.09491969 0.1681109  0.25659279 0.04971702 0.08613399 0.12341194
  0.10568549]
 [0.08913019 0.15264742 0.24269489 0.16417014 0.28067235 0.39676287
  0.09638922 0.17046317 0.25889961 0.04924748 0.08661136 0.2817701
  1.00000758]
 [0.09456253 0.16108374 0.22995752 0.16376549 0.28253779 0.40474711
  0.09284179 0.16298236 0.23543756 0.04905986 0.08463329 0.12134056
  0.03742909]]",[-0.43279206 -0.43437962  0.49923522 -0.41095182],4,0.12998227283391572,2.4548656141978765e-07,0.0012550263386699402,0.06603123807012269,0.11308954341137034,620.6703845357988
8,"[[-0.24178373  0.15454474 -0.25249812 -0.08522147 -0.25287235 -0.38941888
   0.2677672  -0.18998914  0.54332744  0.07614509  0.12656311  0.44550065
  -0.08809131]
 [-0.10333093 -0.06249877 -0.22677014 -0.10258988 -0.11961431 -0.48173535
  -0.00262155 -0.10231138  0.56406672 -0.15541334  0.20389971  0.51645115
  -0.12647042]
 [ 0.00153778  0.09702576 -0.16954232  0.24953778  0.50114465 -0.53996421
  -0.28192498 -0.04008077 -0.46646064 -0.0148091  -0.07821051  0.10071072
   0.20423049]
 [ 0.17549967  0.24459502 -0.38854151  0.04872204  0.3209385  -0.33216788
   0.27705465 -0.05163317 -0.50848603 -0.39141596  0.2021499  -0.10307273
  -0.00440984]]","['bbo_main', 'random_fill', 'random_fill', 'random_fill']","[[0.0891007  0.15261232 0.21626248 0.1604456  0.27225987 0.38830953
  0.09658501 0.17186046 0.30826708 0.05106652 0.08875631 0.1389385
  0.32087552]
 [0.08888106 0.15219845 0.21625078 0.16235822 0.27791904 0.39651767
  0.09595818 0.17079604 0.28034792 0.05015709 0.08729219 0.1408678
  0.1346968 ]
 [0.09389513 0.15979819 0.22462968 0.17545693 0.29889524 0.40805947
  0.08513669 0.14420923 0.20510588 0.0514384  0.09230614 0.18720762
  1.00013326]
 [0.09586408 0.16164076 0.22307848 0.1747475  0.30217678 0.42158229
  0.08762137 0.14219003 0.19574682 0.04774131 0.08925269 0.15468989
  1.0003624 ]]",[-0.07684578 -0.10252264  0.04047453 -0.16845686],4,0.127127612961045,2.4548656141978765e-07,0.0012550263386699402,0.06263977591543457,0.1141777628422908,622.8544599839952
9,"[[ 0.22205005  0.14865411  0.37380351 -0.04873728  0.37962436 -0.50253421
  -0.09366874 -0.13911983  0.47656854 -0.07289574  0.04987884  0.34710969
  -0.07939461]
 [-0.29324284  0.39751053  0.24701532  0.1077241  -0.38952155  0.44375163
   0.09966114  0.23009375 -0.36953483 -0.06339728 -0.04804793 -0.35271503
  -0.06755181]
 [-0.06247846  0.44839428 -0.16129891 -0.09425217  0.33716881  0.36441454
   0.07728398  0.35925265 -0.31181933 -0.10254984  0.39092748  0.34306388
  -0.0189016 ]
 [ 0.03132667  0.28151284  0.1291613   0.34476195  0.35470839 -0.39721911
   0.27205717 -0.30619799  0.15518484 -0.19575074  0.49369057  0.16335874
   0.00593219]]","['bbo_main', 'random_fill', 'random_fill', 'random_fill']","[[0.09422958 0.16102659 0.23915943 0.16180902 0.27580508 0.38998851
  0.09405093 0.167063   0.2967144  0.04951215 0.08598793 0.13152396
  0.30165534]
 [0.0940579  0.16063582 0.23365538 0.1646069  0.28486754 0.59369659
  0.09252427 0.16271024 0.23449691 0.04705633 0.07979074 0.11376934
  0.99999818]
 [0.08878659 0.15144391 0.21390445 0.16785358 0.29419304 0.59248976
  0.09181094 0.15893665 0.22676372 0.05014445 0.08716622 0.13910197
  1.00000046]
 [0.09550198 0.16320114 0.2464972  0.16186506 0.27135179 0.37825164
  0.09232727 0.16052341 0.26543817 0.05365241 0.09974547 0.23038165
  1.00000076]]",[0.16682973 0.10972103 0.37837805 0.18204604],4,0.12122115933889066,2.4548656141978765e-07,0.0012550263386699402,0.061073470025580626,0.10786595973804779,606.7763018279802
10,"[[-0.15298173 -0.16063705  0.32714425  0.37800898 -0.32613665  0.30183819
   0.27701397  0.33874961 -0.40384944  0.20883477 -0.08213124  0.31362879
  -0.01019006]
 [ 0.02416219 -0.26669244  0.40482254  0.39162179 -0.27620955  0.37918466
   0.14822522 -0.28848443  0.46367893  0.03789758  0.12956231 -0.21747712
   0.07251651]
 [-0.06799506 -0.07193509 -0.5136627  -0.31904477  0.07003159  0.28680512
  -0.07039428 -0.38265987  0.30880927  0.4227108  -0.16147258 -0.28826916
  -0.05289106]
 [ 0.37840399 -0.09281793  0.00899398  0.45475889 -0.4722406   0.39200484
  -0.12475888  0.02280113  0.34156093  0.07686214 -0.32841341 -0.11513788
  -0.06972312]]","['bbo_main', 'random_fill', 'random_fill', 'random_fill']","[[0.08917176 0.15283614 0.38043767 0.16493595 0.28464955 0.43066082
  0.09307786 0.16161907 0.22881603 0.0501728  0.08710716 0.13984134
  1.00000087]
 [0.08925204 0.15282116 0.25270565 0.16528342 0.28454223 0.41713524
  0.09408709 0.16650578 0.3999041  0.0483918  0.08312015 0.11752119
  0.99999976]
 [0.0870355  0.14818649 0.20849583 0.1674114  0.29336302 0.45701038
  0.09285075 0.16355512 0.28079408 0.04848646 0.08144528 0.11490396
  0.33907974]
 [0.09064443 0.1539901  0.21738063 0.16516521 0.28368275 0.46729173
  0.09548599 0.17020815 0.2547589  0.0470709  0.0798397  0.11399784
  0.20917408]]",[ 0.21088454  0.41890817 -0.05159176  0.17495844],4,0.11084540110288349,2.4548656141978765e-07,0.0012550263386699402,0.058130270354674066,0.0978529982110864,504.86532579688355
11,"[[-0.0191182   0.30385507  0.34527027  0.20270495  0.3615976   0.13419034
   0.0659061   0.54962567  0.25070242 -0.03527335 -0.37832964 -0.2843559
  -0.06104404]
 [ 0.21056511  0.46663356 -0.27874039 -0.28610492  0.42970863 -0.38622596
   0.21195304  0.37239819  0.01666242  0.14714356 -0.02635563 -0.19567857
  -0.00501356]
 [-0.14059727 -0.19198294 -0.5957612  -0.37583101 -0.1300821  -0.23725884
  -0.24635152  0.1750745  -0.45321211  0.054609    0.22234506  0.15654343
  -0.01774308]
 [-0.1595443   0.29007657 -0.20964371 -0.13141017  0.21082806 -0.41730901
  -0.34913665 -0.4363107   0.05806335  0.07684663 -0.26975139 -0.40945077
   0.22052406]]","['bbo_main', 'random_fill', 'random_fill', 'random_fill']","[[0.09292221 0.1591203  0.27793097 0.16715957 0.28904685 0.41333197
  0.09632474 0.17113201 0.25465824 0.04530119 0.07692193 0.10989434
  0.2646168 ]
 [0.09850193 0.16596087 0.227443   0.15809037 0.26760438 0.37243498
  0.11167639 0.19870846 0.29746939 0.04737126 0.07799177 0.11028079
  1.00000262]
 [0.08538021 0.14388673 0.20270044 0.16057393 0.27300651 0.39360745
  0.0913079  0.15876068 0.22665986 0.06019788 0.10921762 0.22393284
  1.00004347]
 [0.09633485 0.16482368 0.22947497 0.1625981  0.27469007 0.38216812
  0.08742613 0.15465451 0.29630512 0.04520194 0.0741078  0.10261776
  1.00005018]]",[ 0.4225504   0.04165093 -0.40217902 -0.05739851],4,0.10215217289876921,2.4548656141978765e-07,0.0012550263386699402,0.055408132542497476,0.09398268459054611,648.2721094021108
12,"[[-4.50620823e-02  3.07437911e-01  1.93596670e-01 -2.21913040e-01
  -1.28784407e-01 -5.98449162e-01  1.73416699e-01  1.67796057e-01
  -4.35614221e-01 -9.98771780e-02  3.33697376e-01  2.64732826e-01
  -5.09703103e-02]
 [ 2.89360890e-01 -3.06367749e-01 -1.93225151e-01  3.84169835e-01
  -3.28233049e-01  2.01505907e-01 -5.37127575e-04  4.85794558e-01
   1.97421429e-01 -4.95996395e-02  2.31411957e-01  3.86256620e-01
   9.46965420e-02]
 [ 2.25501120e-01 -1.92739827e-01  7.56349351e-02 -1.80708110e-01
  -8.93818309e-02 -6.33933997e-01  1.55491012e-01 -1.65874961e-01
  -5.01964567e-01  2.55532466e-01 -2.42629099e-01 -1.21077230e-01
   1.45867456e-01]
 [-1.38137228e-01  3.38486049e-01 -3.00750504e-01  6.62431113e-02
  -2.62843487e-01  2.55486699e-01  3.88591299e-01 -1.43244222e-01
   1.99291739e-01 -2.65741623e-01  5.27513915e-01  2.30324540e-01
   1.54815686e-01]]","['bbo_main', 'random_fill', 'random_fill', 'random_fill']","[[0.09547094 0.16331466 0.26653669 0.15852963 0.26783774 0.37854155
  0.09288644 0.16224299 0.23241918 0.05326304 0.09540662 0.15557383
  0.41699176]
 [0.08799284 0.15026256 0.21289541 0.16371163 0.28065015 0.40739642
  0.09664463 0.17210299 0.25340268 0.04996916 0.08707981 0.30430024
  0.99999782]
 [0.09696183 0.16558066 0.30073116 0.1565505  0.25926385 0.36147668
  0.0901822  0.15535453 0.22186458 0.05161039 0.08858992 0.12802193
  1.00000329]
 [0.08812241 0.15092991 0.21145754 0.16293056 0.27989778 0.57356339
  0.09594556 0.16828822 0.24872967 0.05205539 0.09289048 0.13900686
  0.99999754]]",[-0.2101682   0.35464562 -0.26897302  0.34382706],4,0.10602951580400974,5.395411025929977e-05,0.0023346635863319577,0.05368989689945399,0.09576767180530665,495.75108215399086
13,"[[ 1.47595023e-01 -2.54840510e-01  2.13146243e-01 -8.65634925e-02
   5.52523729e-01  1.82951922e-01  2.87479193e-01  4.09626192e-01
   1.22542776e-01  2.22220060e-01  4.14355684e-01 -4.49605783e-02
   1.81783142e-01]
 [-4.97201125e-04 -1.46812301e-01 -3.34612216e-01 -4.40819130e-02
  -3.59747360e-01 -3.55649932e-02  5.49776959e-01 -1.66413185e-01
  -4.67303315e-01 -4.21960807e-02 -3.03817926e-01 -2.99985548e-01
   3.81668402e-02]
 [ 2.71004821e-01  6.68546317e-01 -2.66548201e-01 -2.49852454e-01
  -2.63476855e-01  2.09489918e-01 -1.35503906e-01 -1.80966931e-01
   1.88088464e-01 -1.07108755e-01  3.04979097e-01  2.00140487e-01
  -4.23506849e-02]
 [ 1.70581694e-01 -1.35413385e-01 -1.90918860e-01  6.27003017e-03
  -6.39119191e-01  3.16259581e-01  1.21126924e-01 -4.93852661e-02
  -3.78009334e-01 -1.98767619e-01  4.46951915e-01 -7.83103297e-02
  -4.66211613e-02]]","['bbo_main', 'random_fill', 'random_fill', 'random_fill']","[[0.08638424 0.1474925  0.35934239 0.16825885 0.29558738 0.43622317
  0.09943968 0.17522855 0.25056101 0.04906135 0.08392019 0.11904349
  1.00000625]
 [0.08828528 0.1487586  0.20889764 0.16302054 0.28053664 0.46022321
  0.09359899 0.15580881 0.21631897 0.04612333 0.07661399 0.10779191
  1.00001023]
 [0.09509356 0.1617738  0.22413065 0.16115231 0.27847692 0.44560504
  0.09177808 0.16168013 0.24542399 0.05095785 0.0890923  0.13306281
  0.20023865]
 [0.08965098 0.15299387 0.21617172 0.16308845 0.2814718  0.59332677
  0.09220866 0.16074631 0.23091966 0.05077697 0.08896268 0.12788888
  1.00001457]]",[ 0.63349386 -0.31120795  0.09822636 -0.14894901],4,0.09859024665876437,5.395411025929977e-05,0.0023346635863319577,0.052570867836946644,0.09206266328351054,466.0372018199414
14,"[[-0.47554873 -0.39720995  0.34864093  0.23256101 -0.3025123  -0.32855488
   0.20595287 -0.2568236   0.09706935  0.20855823  0.2204137  -0.16470065
  -0.06307216]
 [-0.05198198 -0.30624462  0.49966877 -0.37646273 -0.13963839  0.18935638
   0.2703222  -0.40010094  0.41470648  0.12210635  0.15405281 -0.07538443
  -0.08545738]
 [-0.0141827  -0.33725292  0.4140896   0.14309173 -0.31811249 -0.41799554
   0.06991805 -0.23050517 -0.30038965  0.15230542 -0.46259542 -0.14656236
  -0.10616473]
 [ 0.25697558 -0.04457818  0.44886184  0.22508819 -0.4293391  -0.13238062
  -0.15370996  0.19231516 -0.29037523 -0.21541159 -0.17861204 -0.50182509
  -0.05399545]]","['bbo_main', 'random_fill', 'random_fill', 'random_fill']","[[0.08898912 0.15278233 0.29495183 0.16144169 0.27390844 0.38874697
  0.09394607 0.16641733 0.24387463 0.05064485 0.08727558 0.12431265
  0.3195938 ]
 [0.08980507 0.15359471 0.27134635 0.16332579 0.2822397  0.40589144
  0.09370429 0.16535148 0.25061246 0.04956247 0.08489024 0.12034196
  0.13653698]
 [0.0912899  0.1557328  0.26492494 0.16348887 0.28135774 0.4022505
  0.09266148 0.16383482 0.23716037 0.04891854 0.08380198 0.12018392
  0.07596594]
 [0.09513515 0.16253126 0.41241663 0.16267397 0.27794442 0.39802741
  0.09258112 0.16412752 0.23635057 0.04686693 0.07965945 0.11280273
  1.00000161]]",[-0.18376478  0.1213312  -0.33788361 -0.11931075],4,0.0990772115413948,0.0002078592656904649,0.003204185101432733,0.05011354731705941,0.08762750482651417,502.7907495649997
15,"[[ 0.29947008 -0.13444415 -0.36345344  0.37430471  0.32431712  0.17541164
   0.19812772  0.54097634  0.28221388 -0.07196733  0.21802574  0.13092714
  -0.05175023]
 [ 0.46065973 -0.32571364 -0.11754876 -0.19011728  0.37502067 -0.33536395
   0.49197065 -0.27952223 -0.04744537  0.1504368  -0.15521679 -0.03208056
   0.09197801]
 [ 0.0714342   0.04451415 -0.30364898  0.24067508 -0.35289512 -0.54632287
   0.56824765 -0.12449278  0.18342762 -0.03229777 -0.16623791 -0.11060174
   0.08260955]
 [ 0.45050748  0.06567497 -0.27239971 -0.29305034  0.48001136  0.25527019
   0.43219907  0.2068199   0.03854362 -0.10445062  0.01059955  0.30316205
  -0.05559041]]","['bbo_main', 'random_fill', 'random_fill', 'random_fill']","[[0.08589727 0.14601736 0.20740979 0.16836855 0.2910363  0.42146275
  0.09994372 0.1782704  0.29564889 0.04789296 0.08283745 0.12043276
  0.29902752]
 [0.09110375 0.14622083 0.20318514 0.16696715 0.28954806 0.39622221
  0.09917118 0.16545181 0.25851311 0.05079286 0.08523896 0.1267669
  1.0000017 ]
 [0.08976654 0.1532722  0.21649761 0.15712762 0.25818465 0.36069673
  0.10453682 0.18743283 0.34482087 0.0488866  0.08363057 0.12056197
  1.00000432]
 [0.08833161 0.14991953 0.21213519 0.1666146  0.29285011 0.43653902
  0.09594074 0.16766095 0.24123091 0.04867784 0.08384981 0.16637079
  0.24973915]]",[ 0.37663241 -0.01297931 -0.14974388  0.31283234],4,0.09680092159009102,0.0004226422228750862,0.003997683835657477,0.04858452164092379,0.08469753034300397,1089.7844203081913
16,"[[-0.12400566  0.33645807 -0.38114831  0.42406953 -0.24838406 -0.30410874
  -0.21407641  0.15194951 -0.36013866  0.1946162   0.02604405 -0.36691613
   0.14259866]
 [-0.03592146 -0.45701978  0.18984823  0.44869444 -0.3525337  -0.20430678
  -0.27431791 -0.31340709 -0.30246414 -0.0155046  -0.29781652  0.17950811
  -0.01830671]
 [-0.29283672 -0.32675947  0.38397389 -0.35098593  0.26696063  0.15077621
  -0.23661556 -0.41839954  0.23659487 -0.14962578 -0.15225752  0.32855111
  -0.04804268]
 [-0.2405062   0.50916024  0.10924248  0.05031453 -0.43175328  0.23091636
   0.27115048  0.3244332   0.29707629 -0.22523361 -0.20856507  0.23735091
   0.10542797]]","['bbo_main', 'random_fill', 'random_fill', 'random_fill']","[[0.09776683 0.1669348  0.23114653 0.16549511 0.26750864 0.38564272
  0.08904258 0.15783708 0.22977711 0.05117086 0.08400407 0.11693028
  1.00051909]
 [0.08909241 0.15295083 0.35235099 0.16299079 0.27463006 0.38776809
  0.08741449 0.15140681 0.21660023 0.05007859 0.08875899 0.14308257
  1.0000015 ]
 [0.08872671 0.15178564 0.40381817 0.16631691 0.29059157 0.41398635
  0.09176933 0.16076564 0.23668536 0.049116   0.08470664 0.12811781
  1.00002558]
 [0.09254398 0.15917092 0.22327243 0.16100022 0.2744893  0.40371435
  0.100262   0.17915079 0.41220521 0.04757935 0.08173408 0.12344664
  0.99999761]]",[-0.12351366 -0.26589334  0.10192002  0.38071968],4,0.0953396128259506,0.0009545559495169254,0.005471167122258511,0.04672086383073784,0.08130263775323698,523.2244981350377
17,"[[ 0.42590737 -0.29749614  0.12913263  0.14330122  0.53371594  0.07684816
   0.22909544  0.35625889  0.09674493 -0.07421578  0.45158063  0.05053015
  -0.03713626]
 [ 0.33677679 -0.13455798 -0.44526475 -0.27100549  0.19986616 -0.35291751
   0.13741281 -0.50243245 -0.04157847  0.11671497  0.38021385 -0.00494658
  -0.03185559]
 [-0.17106872  0.50650266  0.02235593  0.38975133 -0.05842328 -0.38286588
  -0.31786037 -0.20905936 -0.29986263  0.10676054 -0.04563469 -0.40335255
  -0.03086841]
 [-0.38465659  0.27372057  0.00157255  0.46676397  0.27866897 -0.05093917
  -0.03012958 -0.52034426 -0.26055402  0.03245889  0.03330481 -0.31435056
  -0.19611396]]","['bbo_main', 'random_fill', 'random_fill', 'random_fill']","[[0.0878634  0.14923259 0.24766403 0.16932441 0.29543123 0.42118515
  0.09627272 0.16975776 0.24703807 0.04857705 0.08394106 0.11989002
  0.15406869]
 [0.08940984 0.15141405 0.21245064 0.16272875 0.28097486 0.39856386
  0.091771   0.15894823 0.23910211 0.05593064 0.09883994 0.14229975
  0.26075547]
 [0.10030078 0.17176645 0.27118101 0.1636711  0.27655525 0.39117057
  0.0885758  0.15512942 0.22569278 0.04822003 0.08156602 0.1153398
  0.43529604]
 [0.08971023 0.15349282 0.23831632 0.16707028 0.28936481 0.41583587
  0.09238761 0.16269533 0.23645761 0.04901049 0.0842747  0.11996748
  0.02073292]]",[ 0.38038564 -0.25555667 -0.21302432 -0.04111312],4,0.08234492659000026,5.395411025929977e-05,0.0023346635863319577,0.046193197169954583,0.0790250882376764,673.2918389858678
18,"[[ 0.30578895  0.29339623  0.22127455  0.35759594  0.17032754 -0.04027192
  -0.05848521 -0.31334473 -0.57869334  0.09298561  0.2810305   0.2930399
  -0.05434082]
 [-0.18626882 -0.18200618 -0.44326369  0.18788535 -0.21973825  0.32584998
   0.42721845 -0.45480035  0.3208668   0.03979122 -0.15047635  0.16791628
  -0.03455642]
 [-0.02951252  0.08314883  0.10207064 -0.05859697 -0.11514952 -0.45860726
  -0.19725091  0.59764406  0.36800997  0.13348805  0.12085949 -0.43136324
  -0.0690306 ]
 [-0.37199653 -0.48631349 -0.30643126 -0.35208445 -0.39286007  0.24010175
  -0.07969479  0.28051491  0.10279131 -0.14053771 -0.06181364  0.2670338
  -0.06914879]]","['bbo_main', 'random_fill', 'random_fill', 'random_fill']","[[0.09522717 0.16232707 0.26447333 0.16771034 0.29133714 0.41605015
  0.08715912 0.14839285 0.21192189 0.0513734  0.09039157 0.15051205
  0.41853302]
 [0.08594918 0.14700131 0.2070166  0.16777007 0.29161253 0.58476325
  0.09399763 0.16500386 0.25999701 0.04907973 0.08438718 0.12127541
  0.9999999 ]
 [0.09168042 0.15677143 0.22359093 0.1603258  0.27069441 0.38486043
  0.10019753 0.18170371 0.30372097 0.04854511 0.08250607 0.11690373
  0.3348547 ]
 [0.08694048 0.14864754 0.21109779 0.16324111 0.28167133 0.44149968
  0.09658189 0.17163876 0.24716411 0.0497202  0.08579681 0.13609534
  0.14038695]]",[ 0.10541588  0.04706096 -0.04040193 -0.15124509],4,0.08410050746147016,0.002925546913451879,0.00949859344778915,0.04441449342588697,0.08031000896893299,486.1436445559375
19,"[[-0.06961476  0.35839716 -0.35379771 -0.16328512  0.17698923  0.03820573
  -0.16606441  0.64346561 -0.33014864  0.2204331  -0.09842274 -0.26236647
   0.06594008]
 [ 0.2836728   0.26728372  0.46773498 -0.06971149 -0.29622489  0.11378853
  -0.13832252  0.45218645 -0.07444867  0.24623137  0.15791707  0.4547118
  -0.04772438]
 [ 0.16481833 -0.14668618  0.30427842 -0.28838625 -0.48305658 -0.48467216
  -0.13666886  0.37370856 -0.08711264 -0.20042388 -0.21800439  0.22758894
   0.04356478]
 [ 0.23223371  0.34112217 -0.07943602 -0.02902211  0.21447336  0.04055111
  -0.35443901  0.52623743 -0.14807973  0.40771857 -0.35663595 -0.15725798
   0.17964807]]","['bbo_main', 'random_fill', 'random_fill', 'random_fill']","[[0.0875617  0.14770191 0.20212569 0.1722169  0.30727935 0.48014587
  0.10169115 0.17839147 0.24397122 0.04545303 0.0741975  0.10126678
  1.0000136 ]
 [0.09465741 0.16167449 0.4004643  0.16150543 0.27714134 0.39749432
  0.0927085  0.164001   0.23583527 0.05080743 0.08827287 0.14292955
  1.00000226]
 [0.09506668 0.16249142 0.37611515 0.15668845 0.26296183 0.37127557
  0.09641344 0.17216857 0.24650653 0.04989507 0.08716532 0.13261963
  1.00000255]
 [0.10265169 0.17085941 0.23308719 0.17306853 0.30300381 0.46946659
  0.0931369  0.17210402 0.24297687 0.04405734 0.07196667 0.09992375
  1.00002272]]",[ 0.07938108  0.29674637 -0.17144657  0.32042014],4,0.08703636694459653,0.0018928073353613854,0.007533425909306678,0.04306782885916467,0.07643228914240735,673.4871892340016
20,"[[-0.22152981  0.38836199  0.09508466 -0.14587946  0.54103646 -0.19142992
   0.16115329  0.49734271 -0.20211174 -0.08797762 -0.319422    0.12572591
   0.02578646]
 [-0.40956458  0.12101409  0.10604731 -0.17676046  0.51335753 -0.46804063
  -0.26656411  0.37750192 -0.04001419 -0.22310111 -0.14667454 -0.07540309
  -0.01964087]
 [ 0.13066166  0.33418728 -0.0523267   0.29080105 -0.38248418 -0.42072109
  -0.12933912  0.35213877 -0.090477   -0.29370459 -0.39341209  0.25486009
  -0.07574386]
 [-0.38342883  0.00800395  0.09704896  0.29865764  0.38748056 -0.31795885
   0.19200048 -0.01874027 -0.31717551 -0.15632279 -0.52965407 -0.19511788
   0.14902167]]","['bbo_main', 'random_fill', 'random_fill', 'random_fill']","[[0.09350656 0.1611844  0.2401503  0.16642303 0.28902346 0.40537168
  0.09988354 0.1754601  0.2461029  0.04472635 0.07631268 0.24924639
  1.00000009]
 [0.08959853 0.15481387 0.31338312 0.16305341 0.27546983 0.38147596
  0.09918061 0.18117697 0.26110768 0.04569275 0.07825955 0.11407315
  0.682583  ]
 [0.0945587  0.16134732 0.22629668 0.16083724 0.27220113 0.38869789
  0.09601774 0.17103585 0.24605963 0.04888819 0.08505523 0.16254881
  0.20513386]
 [0.08742805 0.15124419 0.31027408 0.18334599 0.31399823 0.43225474
  0.08939616 0.1537205  0.22020181 0.04350566 0.07252705 0.10459307
  1.00002627]]",[ 0.20164467 -0.06285355 -0.16282442  0.06462972],4,0.08842865298868949,0.0018928073353613854,0.007533425909306678,0.04250050468046711,0.07846905923460906,735.0475040071178
21,"[[-0.27130034  0.33774981 -0.39516294  0.40736233 -0.25505573 -0.32484622
   0.35186631 -0.35026535 -0.02292934  0.19824729 -0.18090009  0.02400776
  -0.00449594]
 [ 0.26578587  0.27963887  0.15747082 -0.05009737  0.46199558  0.2207565
   0.43642129 -0.05504679  0.24375098  0.36825264 -0.36659289  0.18901535
   0.0551764 ]
 [-0.05288768  0.16901792  0.21651813 -0.2996158   0.35431492  0.18565528
   0.01210362 -0.44548354  0.28551502 -0.07248913  0.6179657   0.05856929
  -0.03593902]
 [-0.22767701  0.28300296  0.19532151  0.15894908 -0.13409399  0.15103239
   0.22663696  0.60111773  0.23728176 -0.1414501   0.50329752 -0.14356139
  -0.03048527]]","['bbo_main', 'random_fill', 'random_fill', 'random_fill']","[[0.08936562 0.15343607 0.21370398 0.16093493 0.26019394 0.35804484
  0.09461999 0.16516762 0.26984308 0.05331425 0.09297973 0.16144739
  1.00000061]
 [0.09406402 0.15979636 0.22531649 0.16782503 0.29507457 0.44119472
  0.09477171 0.16494192 0.3864077  0.04638738 0.07828256 0.11884979
  0.9999964 ]
 [0.0918886  0.15763352 0.226318   0.16579827 0.29106575 0.42208421
  0.0910225  0.15814534 0.40336057 0.05042274 0.08731066 0.12380914
  1.00000557]
 [0.08982054 0.15474228 0.24769434 0.16190677 0.27673092 0.4035123
  0.10240795 0.18322035 0.39060623 0.04844513 0.08379964 0.11822245
  1.00000225]]",[-0.21160127  0.52297229  0.27002853  0.33518912],4,0.08890506429730796,0.005535345456196509,0.013881027001311346,0.04147723043742188,0.07866902917569496,582.6217681269627
22,"[[-1.83044190e-01  5.19176588e-01 -3.37881560e-01  3.56923140e-01
  -2.09477362e-01 -8.50696254e-03 -1.21910413e-01  2.94114695e-01
  -4.57490506e-01  7.51109445e-02  2.89491966e-01 -1.06144536e-01
  -7.88701271e-03]
 [ 5.86334323e-02 -3.51291535e-01 -2.01854017e-01  5.30617869e-01
  -2.88208269e-02 -2.61382464e-01  2.13975713e-01  3.82295778e-01
  -3.35424654e-01 -8.53492154e-02  3.93642703e-01 -1.22555795e-01
  -4.72886748e-04]
 [-6.91169225e-02 -2.05631020e-01 -6.08455146e-01  1.72025806e-01
   3.98030898e-01  1.15614498e-01  2.80196768e-01 -3.94535708e-01
  -1.08614236e-01  1.53867499e-01  2.54568823e-01  1.81398853e-01
   1.18241875e-01]
 [-1.77062111e-01  3.04764520e-01 -4.24241739e-01  2.93877639e-01
   3.75703653e-01  2.36543914e-01  5.38889084e-01 -1.63493906e-01
   9.18567199e-03  2.84867860e-01  1.67130033e-02  1.08779159e-01
  -4.28743728e-02]]","['bbo_main', 'random_fill', 'random_fill', 'random_fill']","[[0.09527591 0.16261519 0.22034509 0.16925376 0.2872052  0.43402084
  0.08711111 0.14511077 0.19905171 0.05876149 0.10347515 0.14445446
  0.99999989]
 [0.08202163 0.13712591 0.1961017  0.17073512 0.28155722 0.39371548
  0.10295184 0.1799398  0.25199279 0.05592275 0.10162856 0.15460648
  1.0000003 ]
 [0.08228062 0.13772823 0.19415844 0.18186837 0.31885052 0.45775343
  0.08836076 0.15043009 0.21787232 0.05313115 0.09254579 0.18380832
  1.00000279]
 [0.08541209 0.14624251 0.20628475 0.17564833 0.30829072 0.49402149
  0.09221254 0.15942667 0.23199708 0.04847565 0.08340001 0.12342891
  0.45087379]]",[-0.05876486 -0.08126941  0.18404005  0.2612912 ],4,0.08047563108425537,0.005150361122380762,0.013267238670927347,0.0401774297781382,0.07548741825451954,843.3699675907847
23,"[[-0.11306994 -0.10616362  0.09625985 -0.27871674 -0.06767961  0.35784766
   0.12584588 -0.39988513 -0.6057473   0.18374971 -0.19007339  0.37202934
  -0.0733979 ]
 [-0.16382181  0.07905729  0.25092274 -0.10185026 -0.03714902 -0.22270793
   0.20485048 -0.09080045 -0.74015425  0.34657424 -0.14816434 -0.31745174
  -0.04146155]
 [ 0.20633279 -0.2213669  -0.17610668  0.25417747  0.50245185 -0.49558686
  -0.13845662  0.31451481 -0.18051267  0.31594454 -0.23650915  0.0863207
   0.02925951]
 [-0.40558277 -0.39214591  0.22980441 -0.02075099  0.14253485 -0.12392439
   0.36962111 -0.40963685 -0.45745936 -0.06249973  0.25635348 -0.08845081
  -0.04089068]]","['bbo_main', 'random_fill', 'random_fill', 'random_fill']","[[0.08957209 0.15288779 0.21736819 0.16744974 0.29425274 0.46897586
  0.08914472 0.1526086  0.21809328 0.05041735 0.08703436 0.14059943
  0.31115368]
 [0.0953163  0.16317395 0.3234066  0.16342366 0.28352918 0.40697533
  0.08934879 0.15312446 0.21731576 0.04880391 0.08248266 0.11672365
  0.55478954]
 [0.08508288 0.14357567 0.20406502 0.17523648 0.29454234 0.39759213
  0.09551182 0.17116276 0.2445835  0.05096455 0.08685421 0.20927419
  1.00000173]
 [0.0882775  0.15132919 0.30033616 0.16692913 0.2917336  0.41614038
  0.08917564 0.15225286 0.21755224 0.05042637 0.08784716 0.12575121
  0.44629339]]",[-0.06392572 -0.25119012 -0.01532868 -0.1785123 ],4,0.07473954994528705,0.005923482479462678,0.014491639800628302,0.039222885683460815,0.06837336487371096,511.6548064299859
24,"[[ 0.39129349 -0.22962636 -0.22280304  0.3688493  -0.41095181 -0.06404284
  -0.13890889 -0.53416811  0.10463467  0.13939652  0.30499989 -0.08127084
   0.02909171]
 [-0.01346682  0.11877651  0.42144138 -0.34020771 -0.23324053  0.39859456
   0.01789836  0.43330915  0.17506535  0.44233796  0.01792806 -0.24411648
  -0.06910648]
 [ 0.41058179 -0.46763015 -0.2547819   0.43205611 -0.08320261 -0.01500161
  -0.34192413 -0.13548604  0.1435673   0.41294588  0.11586359  0.1165502
  -0.02445115]
 [-0.02169157 -0.56916471  0.19136514 -0.02261293 -0.34818273 -0.23617646
  -0.31363468 -0.36300208  0.16483641  0.17690593  0.38932324 -0.07685214
   0.12391814]]","['bbo_main', 'random_fill', 'random_fill', 'random_fill']","[[0.08990737 0.15079789 0.21165089 0.16109544 0.27116015 0.38977501
  0.08732319 0.15180252 0.3238846  0.05850282 0.10263962 0.14312246
  1.00006868]
 [0.09296972 0.15927579 0.27956787 0.16243177 0.28083141 0.42939035
  0.09603033 0.17050274 0.24565674 0.04838987 0.08143475 0.11478946
  0.28833679]
 [0.08479972 0.1419392  0.20058134 0.1705594  0.29156953 0.41432486
  0.0895888  0.16047107 0.29152338 0.05629868 0.09699157 0.14788979
  0.59253652]
 [0.08880444 0.15202174 0.36309374 0.15895892 0.26823108 0.37862717
  0.09122971 0.16249627 0.24947567 0.05560198 0.09712223 0.13596563
  1.00001472]]",[-0.12598586  0.2794004  -0.01273243 -0.09073665],4,0.0808068983021735,0.004017275968787517,0.01140382039228177,0.039262021771582764,0.0689637412131639,526.0306332691107
25,"[[ 0.31883961  0.45546588 -0.04540221 -0.38397155  0.21409313  0.13276836
   0.38806291 -0.14023816 -0.33745906 -0.0856477  -0.18004271 -0.39144222
  -0.02858701]
 [ 0.0484294  -0.1737555   0.12556715 -0.30241202 -0.33846724 -0.42500464
  -0.24346829 -0.39761735  0.38523279 -0.2491434  -0.3123094  -0.18851749
  -0.06422897]
 [ 0.38827858  0.1226077  -0.30223192  0.26646468  0.24747411  0.1572835
   0.04581952 -0.22392496 -0.36898098 -0.06024637 -0.27336731 -0.56418245
  -0.02877619]
 [ 0.32395822 -0.50653541  0.0969107   0.19889241 -0.39349278 -0.3036389
   0.30778304  0.20411668  0.09818195  0.21369428 -0.33381376 -0.19693698
  -0.02398268]]","['bbo_main', 'random_fill', 'random_fill', 'random_fill']","[[0.10046774 0.16888865 0.23344915 0.16675061 0.29621319 0.46870374
  0.09093642 0.15417762 0.21949858 0.04511417 0.07481102 0.10524227
  0.54541917]
 [0.09361878 0.15942541 0.2281097  0.16015144 0.27181795 0.38872539
  0.09386167 0.16748355 0.29962504 0.04840428 0.08260077 0.11870459
  0.28737111]
 [0.0906877  0.15279464 0.21470826 0.18675364 0.32548709 0.5121222
  0.0867076  0.14741789 0.21148114 0.04443627 0.07367053 0.10348487
  1.00000008]
 [0.09075773 0.15368118 0.26713603 0.15766372 0.25961609 0.36338704
  0.10681131 0.19318548 0.28843447 0.04813273 0.08120504 0.11554352
  0.88422185]]",[ 0.02545016 -0.3528807  -0.0171315  -0.16384861],4,0.07663719592842168,0.008306936494150655,0.018100357576854038,0.0380486195751544,0.07403085040634749,655.1296620189678
26,"[[ 0.44577249 -0.23894186  0.33011758  0.13379314 -0.48585131 -0.06408057
   0.02056223  0.00925655  0.43548465 -0.00928137 -0.13076092  0.40691776
  -0.06508183]
 [-0.11311755  0.62341596 -0.05483071  0.36784641 -0.44315072  0.08053825
   0.29222594 -0.1744521  -0.08108824  0.10681532 -0.15312488 -0.31327944
   0.04432859]
 [-0.10028054  0.37583173  0.03277295  0.40499129 -0.4236234  -0.18848622
  -0.10111056  0.43775421 -0.2851767   0.36914412  0.10383423  0.08670857
   0.17570806]
 [-0.51450934  0.28886585  0.07019661 -0.04731971  0.2356195   0.20039061
  -0.17421865  0.47335496  0.19950634  0.2272052   0.36416008  0.14644357
   0.22157769]]","['bbo_main', 'random_fill', 'random_fill', 'random_fill']","[[0.09373009 0.1597724  0.22859643 0.16012179 0.27114195 0.38753651
  0.09625011 0.1718987  0.40825607 0.04978545 0.08642056 0.14022154
  1.00001424]
 [0.1051076  0.18445924 0.25246775 0.16302195 0.27321236 0.45304037
  0.09273018 0.16083827 0.23132584 0.04538821 0.07498759 0.10443953
  1.00001502]
 [0.09960586 0.17015373 0.24547616 0.15794826 0.2568654  0.35970718
  0.09494089 0.16878849 0.23981544 0.05904052 0.10190099 0.18491587
  1.00002456]
 [0.08567216 0.1485034  0.21265523 0.16558321 0.28686838 0.55787661
  0.09869574 0.17693464 0.27249108 0.05127447 0.08757994 0.12644161
  0.99999754]]",[0.10549758 0.04990017 0.16937926 0.58985438],4,0.07380056022288382,0.007904028017353142,0.017504600027769775,0.0372404460849868,0.06486577748485678,630.9255182768684
27,"[[ 0.28456162 -0.27630955  0.04610297 -0.05849749 -0.37283213  0.05708462
   0.00464746  0.61104044 -0.42158141  0.11231083  0.31891109 -0.04820958
   0.16462914]
 [-0.34815287 -0.29660554  0.06839869 -0.16765135 -0.12564012  0.02748756
  -0.45671841  0.28825374 -0.42270124  0.33556931 -0.13003928 -0.37333988
   0.04722782]
 [ 0.10149049 -0.376461   -0.34230122 -0.4772029   0.22289366  0.07669611
  -0.14713384 -0.34873024 -0.31964808  0.12030385 -0.43244037 -0.02426742
  -0.0041883 ]
 [-0.02631229 -0.11573026  0.43046771  0.00966362 -0.27952232  0.37711665
   0.26903473  0.31695484  0.34228737 -0.1589954   0.26367928  0.44091246
  -0.03094907]]","['bbo_main', 'random_fill', 'random_fill', 'random_fill']","[[0.09135551 0.15396433 0.23963654 0.15440861 0.2608532  0.42139282
  0.10131718 0.17576036 0.23960461 0.06009568 0.10582494 0.14752172
  1.00000888]
 [0.08557278 0.1473867  0.32604574 0.16485595 0.28921691 0.42392262
  0.08726845 0.15121543 0.21341717 0.0481908  0.07840662 0.10722103
  0.99999671]
 [0.08480318 0.14141984 0.19956531 0.17117208 0.30797071 0.50211919
  0.08669692 0.14524982 0.2073269  0.04767197 0.08045073 0.11966669
  1.00000113]
 [0.08910262 0.15270999 0.26118865 0.16325038 0.28021244 0.41163029
  0.09663435 0.17128223 0.25024308 0.049518   0.08623097 0.26565436
  1.00000033]]",[ 0.11714198 -0.1768372  -0.25330032  0.4378874 ],4,0.07633454837540604,0.007104564309876558,0.016306701312664172,0.036719941415446225,0.06784427256872594,535.7525595361367
28,"[[-0.23196527  0.37318996 -0.0995547  -0.32088372 -0.37798718 -0.00359775
   0.34635486  0.00639855 -0.60420557 -0.19460694 -0.0984374   0.13478206
  -0.01901637]
 [-0.15395268 -0.06497247 -0.58510406  0.07506661  0.3959533  -0.36146512
  -0.37179805 -0.3483982   0.07786143 -0.06473421 -0.22408937 -0.12764513
  -0.01679336]
 [ 0.16553567  0.46680948  0.10709289 -0.39750145  0.40709105  0.08962981
   0.3493496   0.12074201 -0.29271664 -0.26762334  0.32439234  0.04491372
   0.10137677]
 [-0.05133631 -0.19077187  0.1478562   0.00570929  0.56518802  0.11731622
   0.09479061  0.03709746 -0.3474706   0.36760561  0.53028927  0.19871335
   0.13766316]]","['bbo_main', 'random_fill', 'random_fill', 'random_fill']","[[0.0971653  0.16584886 0.23105689 0.15875659 0.27246009 0.39962617
  0.09150375 0.15280204 0.21237165 0.0513608  0.09177845 0.23562448
  1.00000672]
 [0.08225853 0.13607311 0.19039365 0.175617   0.30259346 0.41988564
  0.08822863 0.15661625 0.29602599 0.04643092 0.07905992 0.11524089
  1.00000047]
 [0.10294664 0.17454361 0.31153358 0.16548209 0.29616261 0.43671142
  0.08987559 0.14818372 0.20569731 0.04836367 0.08491537 0.12373639
  1.00001674]
 [0.08586624 0.14714507 0.22529665 0.17590254 0.30993681 0.44538124
  0.08659008 0.14630108 0.20864263 0.05776606 0.0998276  0.20188154
  1.00000153]]",[-0.24094903 -0.26822769  0.33642867  0.42235031],4,0.07078488835039834,0.010761931731628042,0.021637207314271274,0.036357274888835014,0.07191113554320239,628.1808048698585
29,"[[ 0.16311403  0.45405864  0.20136953 -0.17927156 -0.35751835 -0.30159397
   0.07067851 -0.46766516  0.23787121  0.21878672 -0.25510378 -0.28664606
   0.01891816]
 [ 0.00378624  0.19296409  0.41719685  0.24887802 -0.05022385  0.31346715
   0.3558092  -0.37834542 -0.01581902  0.25455029 -0.25052111 -0.4723452
  -0.07287391]
 [ 0.17286357  0.26647606  0.29596557 -0.2029089   0.56235222 -0.02288779
   0.39693565 -0.28796582  0.09419245  0.33128228 -0.06640753 -0.29604732
  -0.04920184]
 [-0.13766481 -0.42544282 -0.48120745  0.00552006 -0.30802358 -0.17346156
   0.27897894  0.29663194 -0.32449187 -0.17468692 -0.35430182 -0.12665895
  -0.0169045 ]]","['bbo_main', 'random_fill', 'random_fill', 'random_fill']","[[0.10086795 0.17162271 0.28490893 0.15736866 0.26516613 0.37605664
  0.09323585 0.16549398 0.33200376 0.04833299 0.08154277 0.11512561
  1.00000015]
 [0.09415621 0.16067173 0.28554331 0.16717527 0.29061772 0.4245838
  0.09216938 0.16135931 0.23426134 0.04655411 0.07859749 0.11134267
  0.25665654]
 [0.09459886 0.1613243  0.29683322 0.1663909  0.29175003 0.41480808
  0.09255044 0.1609233  0.23461894 0.04694686 0.07901424 0.11181014
  0.29520249]
 [0.08408077 0.14090683 0.19809466 0.16317306 0.27730688 0.4058106
  0.10906067 0.18941242 0.26373905 0.04734318 0.08070996 0.11958489
  0.76840643]]",[-0.10081941  0.19949519  0.24317964 -0.38572798],4,0.07387904952714355,0.008306936494150655,0.018100357576854038,0.03586371946325014,0.06515979769801156,773.3807453541085
30,"[[ 1.22382144e-01  3.72514241e-01 -5.08946868e-01  2.60113714e-01
  -2.28023044e-01  4.07006208e-02 -1.19773624e-01  2.12417872e-01
   8.54215971e-02 -2.44202687e-01 -3.90907121e-01 -4.12397692e-01
   1.28994323e-01]
 [-1.49672787e-01  2.56611118e-01  3.12230883e-01  6.96278531e-02
  -3.50494394e-01  1.06319504e-01 -2.31399108e-01 -4.52343295e-01
   3.23024018e-01  3.04528894e-01  3.67094536e-01  2.80025487e-01
   8.27492135e-02]
 [ 3.78719738e-01  2.17708176e-02  2.66161836e-01  4.23579105e-01
   1.27862811e-01  3.96698639e-01 -4.73124496e-04 -1.84643516e-01
   3.22936977e-01 -3.07830369e-01  9.17324004e-02  4.31446048e-01
  -6.64492014e-02]
 [ 2.15281280e-01 -3.01644129e-01 -2.83374352e-01 -4.79347168e-01
   2.55782847e-01 -3.70256768e-01 -6.89697132e-02  3.46728375e-01
   2.57549087e-01 -1.72497759e-01  2.70252213e-01  2.25671862e-01
   7.10399538e-02]]","['bbo_main', 'random_fill', 'random_fill', 'random_fill']","[[0.09061061 0.15223352 0.20749455 0.16662039 0.28220414 0.41552473
  0.10158232 0.18822727 0.32186653 0.04228084 0.07027154 0.09737861
  0.99999997]
 [0.09437376 0.16163712 0.26996992 0.16077832 0.27457939 0.39391008
  0.09113449 0.16050774 0.36257976 0.05373709 0.09429445 0.13856647
  0.99999984]
 [0.09198408 0.15680018 0.22225681 0.16782955 0.29053655 0.44121699
  0.0920908  0.16237028 0.2427717  0.04789012 0.08345878 0.27979684
  1.00006907]
 [0.0877428  0.14924879 0.21191272 0.15919365 0.26948872 0.38056841
  0.1007308  0.18309179 0.39504257 0.05117496 0.08907111 0.13949679
  1.00000009]]",[0.06444906 0.26444183 0.47622728 0.04157543],4,0.07021549191223456,0.011592510279050451,0.02280386846708547,0.03541840738825637,0.06304021544863925,536.1875544008799
31,"[[ 0.01006455 -0.44398261  0.24851565  0.30794564  0.48652174 -0.22884924
  -0.40809773 -0.01925319  0.24413566 -0.13411882 -0.29166371 -0.16595029
  -0.00069648]
 [-0.12144132  0.26756228 -0.50874996  0.15352001 -0.38942773  0.16152425
  -0.3905989   0.13413028  0.20318334  0.48585286 -0.06396907  0.02752483
  -0.02790906]
 [ 0.17294104  0.0393331   0.15759701  0.64123699  0.08096822 -0.3545937
  -0.16700995  0.44794127  0.18412052  0.33420151  0.13693031 -0.08033024
  -0.02987452]
 [-0.35505045 -0.48137417  0.12115694 -0.33994731 -0.35102496  0.17101081
   0.02336016 -0.24893136 -0.14269989  0.09346439  0.5032929  -0.12058748
  -0.00743237]]","['bbo_main', 'random_fill', 'random_fill', 'random_fill']","[[0.08795934 0.15066907 0.3788357  0.17151661 0.29468887 0.41146723
  0.09200442 0.16477442 0.25893771 0.04585353 0.07790164 0.11142857
  1.00000025]
 [0.08739454 0.14926301 0.2087292  0.16324008 0.28035249 0.42418228
  0.09504487 0.17145546 0.41017682 0.05145445 0.08734845 0.1235964
  1.00000167]
 [0.09380099 0.1602499  0.2762863  0.16199092 0.2680692  0.37347279
  0.09966913 0.18287235 0.30156666 0.04962818 0.08523731 0.12216606
  0.70031657]
 [0.08612482 0.14813173 0.23116401 0.16146639 0.2803997  0.54536353
  0.09036338 0.15595963 0.22392199 0.05574303 0.09699361 0.13477112
  1.00000039]]",[ 0.10460152 -0.02834922  0.1775327  -0.17225651],4,0.06957266620605539,0.014962973439029201,0.027422235885236176,0.0347428832832632,0.06223363045797761,516.4387425379828
32,"[[ 0.33150513 -0.341401    0.09153786 -0.4523743   0.05511128  0.11833039
   0.03867675  0.40104229 -0.54115037  0.16193181 -0.21121176 -0.13069294
  -0.02002983]
 [-0.47721194 -0.48128473 -0.20778716 -0.24360242 -0.12607483 -0.39361774
   0.14311483 -0.20555846 -0.09522316  0.01888624  0.10735226 -0.42822189
   0.01508552]
 [-0.3147804   0.66524991 -0.043331    0.09933862  0.4449709   0.13138413
  -0.07723229 -0.16742051 -0.36405897 -0.10921251 -0.07174121  0.21802485
  -0.01438168]
 [-0.19583337  0.40948681  0.08147973  0.17789318  0.55646734  0.10512359
   0.03924681 -0.0790762   0.27468269  0.21847704 -0.5074037   0.21191407
  -0.04044504]]","['bbo_main', 'random_fill', 'random_fill', 'random_fill']","[[0.09187674 0.15422918 0.2566471  0.16293994 0.29109538 0.4832366
  0.09166496 0.15550977 0.21656579 0.04795023 0.08043013 0.11538626
  0.64241558]
 [0.0831738  0.14215345 0.20396363 0.1574995  0.26279829 0.3686842
  0.09851324 0.17503412 0.29624773 0.05112518 0.08585642 0.11966119
  1.00008592]
 [0.09252292 0.15918031 0.22236602 0.1777703  0.31246878 0.45085731
  0.08590886 0.14550481 0.20820107 0.04788219 0.08375254 0.22138783
  1.00001138]
 [0.09145176 0.1572862  0.22125263 0.17153726 0.29884004 0.42361846
  0.09188133 0.1613063  0.39810298 0.0463261  0.07825001 0.12157538
  1.00005754]]",[-0.08764321 -0.44317195  0.19892488  0.36180282],4,0.06881330281104808,0.017532051466203544,0.030844691844616696,0.03422201554633503,0.06029916114620981,477.4870230690576
33,"[[ 0.50262906  0.36415776 -0.29563819  0.15902302 -0.30206397  0.06588956
   0.33674166  0.45125603 -0.03228447 -0.13369601 -0.1808368   0.19225098
  -0.02953951]
 [ 0.32263408 -0.16121281 -0.64080074 -0.08803068 -0.13588845 -0.06554941
   0.26793182  0.43853766  0.04827262  0.25241144  0.29248418 -0.11340845
  -0.01507697]
 [ 0.19081203 -0.06139916 -0.10258022  0.40461908 -0.57690712  0.05805417
  -0.35615109 -0.08259771 -0.51373544 -0.15377817  0.04031725 -0.16233562
  -0.0131668 ]
 [ 0.28165637  0.44067543 -0.53027165 -0.03992251  0.08053099  0.11869091
  -0.17602582 -0.11012932  0.09714169 -0.18764225  0.56552139 -0.05905003
   0.10981449]]","['bbo_main', 'random_fill', 'random_fill', 'random_fill']","[[0.09467705 0.16065638 0.22178952 0.16023683 0.27167494 0.39617585
  0.10171737 0.18031038 0.25554448 0.04766686 0.08279336 0.27037303
  1.00002232]
 [0.08453227 0.13895237 0.19300374 0.15983872 0.27147953 0.3928265
  0.11107885 0.19876835 0.30580535 0.05316834 0.09041097 0.12678562
  1.00001817]
 [0.09592987 0.16325231 0.22796165 0.16440757 0.27736651 0.46572854
  0.08514854 0.14333076 0.20054208 0.04909822 0.08612671 0.12266219
  1.00001671]
 [0.09050132 0.15121479 0.20652733 0.16701122 0.29229692 0.55557737
  0.08973018 0.1570935  0.24042566 0.05394201 0.09506473 0.13333836
  1.00000233]]",[ 0.1185071  -0.05341678 -0.26390554  0.20126515],4,0.06843751901423209,0.024068399160635752,0.03928700120824358,0.033353312956610655,0.060808014859956586,526.7322039511055
34,"[[-0.05899959 -0.57699587  0.10152084 -0.56900694 -0.00956753 -0.1962003
  -0.26310476  0.20394503  0.03001136  0.23664295  0.29636926  0.18521766
  -0.03278349]
 [ 0.3088477   0.5803066  -0.06788277 -0.10079062 -0.01429728 -0.21138996
  -0.21582296  0.34073432  0.0981702  -0.31361506  0.39194554  0.02699734
   0.28840772]
 [ 0.36824242  0.37175316  0.12857831 -0.46952029  0.12339141 -0.26941626
  -0.33473267 -0.09472123  0.08515078  0.22961212 -0.43590693  0.16072208
   0.06758677]
 [-0.09556075 -0.30854275  0.21826521 -0.27097616  0.29662832 -0.36210672
   0.16512789  0.33526314  0.07939558  0.53396015  0.34751224  0.05303037
  -0.02879974]]","['bbo_main', 'random_fill', 'random_fill', 'random_fill']","[[0.08756732 0.14984983 0.2238099  0.15850676 0.26926007 0.384137
  0.09572963 0.17018119 0.24803953 0.05629785 0.09861337 0.19641391
  0.52046057]
 [0.10471092 0.17609364 0.24100638 0.15564403 0.25689518 0.35995664
  0.09916546 0.18164191 0.30376537 0.04995591 0.08845528 0.12995392
  1.00000145]
 [0.10402079 0.17561711 0.27134688 0.15739647 0.26813862 0.3794157
  0.09131884 0.16319568 0.24584822 0.04924541 0.08330705 0.21340006
  1.00001064]
 [0.08815069 0.15134883 0.36127588 0.15894558 0.26878265 0.37861235
  0.10019865 0.1792004  0.25666638 0.05526901 0.09489987 0.13366031
  1.00000058]]",[-0.15821323  0.4039457   0.0472323   0.0610743 ],4,0.0626093760955136,0.028494670712474888,0.044846420501047674,0.033078684250119485,0.0584246149409729,571.0670544398017
35,"[[-0.14995291  0.18892308  0.27961818 -0.24887973 -0.56999591  0.2782118
  -0.14483072 -0.36155181  0.0500343  -0.29275468 -0.31803337  0.24139657
   0.00870023]
 [ 0.26045006 -0.25039062 -0.35997957 -0.18001423 -0.33289201  0.03484128
  -0.43250335  0.24507688 -0.10342109  0.20429309  0.29264907 -0.45795863
   0.02293203]
 [ 0.47958169 -0.19943375 -0.34857697 -0.13221822  0.15657211  0.11801349
   0.01753121  0.5816987   0.03343611  0.19856884 -0.308388    0.10742485
   0.25870151]
 [ 0.1789965   0.25971527 -0.2837275  -0.21340637 -0.42580472 -0.29519548
  -0.43774891  0.27707922 -0.12405232 -0.15197293 -0.36165945 -0.26134497
  -0.00584229]]","['bbo_main', 'random_fill', 'random_fill', 'random_fill']","[[0.09490137 0.16227597 0.37688176 0.16108496 0.2776971  0.44027656
  0.09142877 0.16092246 0.23246387 0.04850505 0.08440913 0.12512948
  1.000001  ]
 [0.08625332 0.14105106 0.19557685 0.15866738 0.26998203 0.46153856
  0.09450525 0.17268312 0.2496718  0.0514294  0.08412961 0.11292213
  1.00000711]
 [0.08516736 0.13879084 0.19255469 0.16645546 0.29131889 0.47736659
  0.10800241 0.19341853 0.27398145 0.04685288 0.07887848 0.12608807
  1.00000699]
 [0.10212062 0.17144792 0.23514924 0.15459332 0.25626707 0.36164044
  0.09667148 0.17771178 0.27826169 0.04675305 0.07843628 0.11113116
  1.00002523]]",[-0.01600819 -0.20364239  0.40677691 -0.350732  ],4,0.06726540678846418,0.02187416184511273,0.03648837317071654,0.03297446493931601,0.056545849697337086,775.7104716009926
36,"[[ 0.14250218  0.46393869 -0.24676002 -0.43986764  0.63561712  0.14456068
  -0.07917732  0.12595164  0.10403504 -0.15754173  0.0215948  -0.16237428
  -0.02378573]
 [-0.18824245  0.27166506  0.29003011 -0.2839582  -0.49569137 -0.03196024
  -0.33881223 -0.28595555  0.30016302  0.19772371 -0.09287328  0.36938188
  -0.09195944]
 [ 0.25427504 -0.00530591  0.27737533  0.15887817 -0.04251458  0.26835338
   0.44494197 -0.30123221 -0.2919028   0.47143495  0.39986224 -0.02496661
  -0.05128526]
 [ 0.19951874 -0.10904129  0.16636466  0.42171473 -0.37280804  0.17261626
   0.33449032  0.40004631  0.08087398  0.23954499 -0.33247041  0.13800969
   0.32950429]]","['bbo_main', 'random_fill', 'random_fill', 'random_fill']","[[0.09328249 0.15746991 0.21682617 0.17263762 0.31301499 0.50986442
  0.09166802 0.15949406 0.24120126 0.0447067  0.07608283 0.10828898
  0.76136469]
 [0.09418339 0.16088526 0.25305083 0.16092069 0.27540714 0.39519741
  0.09256689 0.16445133 0.25201512 0.05048028 0.08713578 0.1356067
  0.13693279]
 [0.09391673 0.15997193 0.27460652 0.16664899 0.29111946 0.44087315
  0.08946524 0.15368393 0.21982013 0.05138527 0.08810612 0.12514012
  0.35184867]
 [0.08951179 0.15304957 0.25796626 0.16290384 0.27691561 0.52159914
  0.10325241 0.18348483 0.26085024 0.04714552 0.08006865 0.11769026
  1.00001231]]",[ 0.2264024  -0.05882833  0.19924315  0.55904522],4,0.0666963610787403,0.029385265064608663,0.045952959402343674,0.03240529923795586,0.059214353342422796,517.4309774078429
37,"[[ 0.11917473 -0.52781557  0.0650134   0.39884396 -0.31625036  0.03579419
   0.38681797 -0.44421372  0.06684033  0.03564324  0.11091818 -0.2759627
   0.0381976 ]
 [-0.2509647  -0.16120164 -0.11626281  0.55700544  0.22081745  0.1195498
  -0.19947862 -0.14200868 -0.54528264 -0.1450234   0.28223586  0.25579257
  -0.02821515]
 [ 0.18538324  0.53157434 -0.12498695  0.34319966 -0.32937423  0.04814373
   0.46650112 -0.24602321  0.0296099  -0.00456644 -0.30662874 -0.25512816
  -0.02624821]
 [-0.12027137 -0.22402083 -0.21509791  0.31354887  0.44238736  0.05474722
   0.08091585  0.44742144 -0.52071289 -0.12966949 -0.06639801  0.21080512
   0.22029238]]","['bbo_main', 'random_fill', 'random_fill', 'random_fill']","[[0.08348768 0.14161071 0.28721352 0.16830764 0.2834729  0.40955831
  0.09242199 0.15881845 0.26177344 0.04712903 0.07810052 0.1062528
  0.99999676]
 [0.08563483 0.1470694  0.2101958  0.18095866 0.31483042 0.44896052
  0.08621885 0.14602545 0.2085583  0.05022046 0.08897669 0.21822825
  1.00000389]
 [0.09996738 0.1687815  0.23257627 0.16428167 0.2809671  0.43330817
  0.09427098 0.16540539 0.24708144 0.04519677 0.07533165 0.1064457
  0.30689236]
 [0.0833017  0.14111974 0.20166402 0.1847109  0.32133533 0.45372459
  0.09029389 0.15530443 0.22045615 0.04775849 0.08338025 0.20564737
  1.00000905]]",[-0.05206566  0.0481273   0.01596446  0.35381583],4,0.06502201611524931,0.030724169543767235,0.04760975232851496,0.03199799360072601,0.05502621365213339,588.1813603590708
38,"[[-0.18989034 -0.34267765  0.03961834  0.40701871  0.50452053  0.29000433
  -0.14906689  0.32392399  0.16946227 -0.06799764 -0.30165914 -0.29668085
  -0.03361215]
 [-0.18352729  0.31712925  0.10523121 -0.44924061 -0.27787913 -0.19798502
  -0.48394348  0.46261695  0.07978681  0.27133032 -0.00955824  0.0856086
  -0.02862098]
 [ 0.02612628 -0.2317906   0.03994422 -0.43631011 -0.27931646  0.09815965
   0.49570581 -0.36811284 -0.28153137  0.01142249  0.4074196   0.10330813
   0.16938265]
 [ 0.00702022  0.33778237  0.07119276  0.30875461 -0.14130454 -0.03337294
   0.65104179  0.30670103 -0.35864641 -0.21223704 -0.16386696 -0.21304726
   0.02325909]]","['bbo_main', 'random_fill', 'random_fill', 'random_fill']","[[0.08446953 0.14503545 0.20724546 0.18347735 0.31748404 0.54356033
  0.09381559 0.16605752 0.24765047 0.04471903 0.07452981 0.10529712
  1.00000121]
 [0.09510774 0.16277248 0.27017787 0.15441432 0.26023822 0.37033751
  0.0989504  0.18157346 0.26813541 0.05178697 0.08850916 0.1309388
  0.55841373]
 [0.08982176 0.15296419 0.22352573 0.15844685 0.27256789 0.44280409
  0.08991696 0.14848172 0.20920171 0.06143264 0.11121541 0.16977392
  1.00000093]
 [0.10105911 0.17359741 0.28687883 0.16260147 0.27508473 0.3965166
  0.10721099 0.18255732 0.24807578 0.04349522 0.0728079  0.10290131
  1.00000855]]",[ 0.32635855 -0.08647029  0.03797282  0.09486382],4,0.07354412358779783,0.03251469095359842,0.04981349001853857,0.03163160223771237,0.05785135456295549,651.2424376509152
39,"[[-0.11422215  0.33111079  0.13722288  0.45879706 -0.03818942  0.1630772
  -0.14110199  0.58114378 -0.15508272 -0.25033467 -0.39769636  0.12947683
  -0.02566875]
 [ 0.13625495 -0.33703898  0.13350983  0.59214079  0.30764048 -0.39916607
   0.24694542 -0.00630065  0.160091    0.11434232 -0.35677103  0.12872224
  -0.04274919]
 [-0.27920643 -0.07184848 -0.08528586 -0.44747547  0.43184095 -0.24598948
  -0.03478161 -0.46700081 -0.22934711  0.19763528 -0.38345867  0.06603625
   0.00393747]
 [ 0.05913846  0.3969757  -0.18094696 -0.0418488   0.39279111 -0.57027262
  -0.00599164 -0.54210882 -0.00136692  0.07144426  0.11729707  0.10651439
  -0.02821636]]","['bbo_main', 'random_fill', 'random_fill', 'random_fill']","[[0.09395939 0.16074344 0.23461066 0.16976702 0.29130098 0.57083126
  0.09512805 0.16932899 0.24052676 0.04442139 0.0761211  0.1182573
  1.00002747]
 [0.08847811 0.15152258 0.23142025 0.16847857 0.28802445 0.4036516
  0.09611844 0.17121468 0.27091691 0.04717434 0.08083206 0.12282203
  0.14328584]
 [0.08794138 0.15072494 0.21532751 0.16987554 0.30234149 0.42590137
  0.08540718 0.1409381  0.2010765  0.0510747  0.08675212 0.1922281
  1.00003658]
 [0.09616751 0.16406971 0.22889245 0.1613437  0.27252631 0.38224064
  0.08911398 0.15436647 0.23210797 0.05428335 0.09656524 0.17587954
  0.48376752]]",[ 0.23046817  0.07139909 -0.22541168 -0.15253205],4,0.06392093726999881,0.039730048440241826,0.05857513310547533,0.031203969444708445,0.05806412390229075,867.7237548688427
40,"[[ 0.40020625 -0.31028827 -0.43164477 -0.19624829 -0.42274801  0.05570141
   0.16120341 -0.42291399  0.05197021 -0.03304728 -0.33049015  0.08688277
   0.10723273]
 [ 0.24705108 -0.44924476  0.14071808 -0.19861553 -0.39481731  0.17417448
  -0.10337264  0.43159694  0.24048618 -0.3927528  -0.02357376 -0.2742638
   0.08277196]
 [-0.02215716  0.58015997 -0.23088527  0.35352739  0.20277336 -0.03571898
   0.27712709  0.22975254  0.08712503 -0.13487025  0.45488831 -0.22511052
   0.17110359]
 [-0.25361186  0.35474375 -0.42278457 -0.3076714   0.29278268 -0.01091846
   0.42356272 -0.31265486  0.04858343  0.26697036  0.06438317  0.02310845
   0.308411  ]]","['bbo_main', 'random_fill', 'random_fill', 'random_fill']","[[0.08660914 0.14135977 0.19547266 0.15735388 0.27127113 0.41620557
  0.09295743 0.16219711 0.28253719 0.0493015  0.08502863 0.16201606
  0.99999906]
 [0.08894743 0.15173016 0.21982325 0.1617715  0.2767767  0.4089577
  0.10122025 0.18268479 0.40927865 0.04611959 0.07892205 0.11178616
  0.99999855]
 [0.09198224 0.1582073  0.21674309 0.17630826 0.29865993 0.41909293
  0.10699611 0.187835   0.31130305 0.04549764 0.07802274 0.10857297
  1.00000523]
 [0.08362728 0.13787722 0.18818404 0.16800584 0.30439879 0.43644476
  0.09334055 0.15773585 0.27085409 0.05875673 0.0984134  0.13934618
  1.0000067 ]]",[-0.16330026  0.11351462  0.42357349  0.31784103],4,0.06574793910214487,0.04701629386299074,0.06726584917485282,0.03077370798168978,0.05820288260315812,959.9873844089452
41,"[[-0.10220874  0.3672004   0.27895727  0.27959041 -0.53365844  0.25521923
   0.13717782 -0.14009405  0.06384353  0.13521205  0.45980712  0.27334211
  -0.0431302 ]
 [ 0.39283514 -0.19552803 -0.58731057 -0.0362037   0.28949276  0.15187613
   0.1402173  -0.2272514  -0.19089067 -0.15975286  0.46538886 -0.06391031
  -0.01992179]
 [-0.00553505 -0.62069579 -0.38793401 -0.1310375   0.31342979  0.24792315
  -0.09355063 -0.25174772  0.27008949  0.15856667  0.23168038  0.25179419
  -0.00647249]
 [-0.20476867 -0.32091164  0.34902538 -0.1372814   0.36144597  0.33294863
   0.61807324 -0.04143479 -0.02097327 -0.21933436  0.13241886  0.14831403
  -0.03334692]]","['bbo_main', 'random_fill', 'random_fill', 'random_fill']","[[0.0946066  0.1621126  0.36467955 0.16072171 0.27390538 0.41490321
  0.0918227  0.16079087 0.2321617  0.05408439 0.09579784 0.15099761
  0.99999881]
 [0.08452088 0.13794871 0.19196973 0.17933903 0.31756672 0.509723
  0.0883689  0.15045249 0.21725662 0.05207222 0.09069422 0.12957492
  1.00000018]
 [0.08328799 0.13999439 0.19767321 0.17068599 0.30071449 0.45177548
  0.09205251 0.16049367 0.34054513 0.05230747 0.08983249 0.14237664
  1.00000002]
 [0.08788221 0.15002125 0.377152   0.1683463  0.29578163 0.45033522
  0.09357178 0.16185816 0.23273214 0.04817077 0.08341673 0.11938749
  1.00000288]]",[ 0.21064128 -0.00124616  0.12129906  0.33032007],4,0.06537395575001731,0.04701629386299074,0.06726584917485282,0.030351867557903107,0.05482526151491819,541.7677876539528
42,"[[ 0.32014467 -0.43505036  0.17410686 -0.4616049   0.26145305  0.1775908
  -0.2149267  -0.26222217  0.18130472 -0.16666968 -0.33527559 -0.25760424
   0.10284116]
 [-0.15350878  0.58451968  0.10682081 -0.01091366  0.41890857 -0.09386797
   0.36832948  0.32451518  0.07252195  0.26177776  0.22789953  0.26359394
  -0.05256157]
 [-0.33190984 -0.39930313 -0.27678271 -0.2456236   0.12633823  0.2617287
   0.2921183   0.32966472  0.26606051 -0.10723185 -0.29675642 -0.38011299
  -0.01187106]
 [ 0.51596135 -0.00808774  0.12362898 -0.15900461 -0.35022433  0.05910271
   0.40059303 -0.18435078 -0.21602416 -0.04667204  0.50890065 -0.25427497
  -0.0078315 ]]","['bbo_main', 'random_fill', 'random_fill', 'random_fill']","[[0.09080453 0.15257629 0.26290129 0.16752526 0.29752438 0.4569305
  0.09151484 0.15955715 0.32440375 0.04493566 0.07465629 0.10500189
  1.0000029 ]
 [0.09247858 0.15907173 0.22393218 0.16309751 0.28092757 0.40109151
  0.09619337 0.16990322 0.2444789  0.04995529 0.08625217 0.17837895
  0.21491331]
 [0.08359833 0.14148644 0.20023901 0.16813716 0.29331974 0.48687992
  0.10247382 0.18234395 0.32669198 0.04555691 0.0766855  0.10852816
  1.00000215]
 [0.10310153 0.17282281 0.3546907  0.15666538 0.26812754 0.39302427
  0.09137275 0.15593998 0.22065238 0.05225453 0.09107046 0.12620437
  1.00000444]]",[ 0.13065016  0.35771279  0.07972427 -0.03576357],4,0.06467970212095694,0.05297884028167474,0.07428456545877937,0.03000262327702421,0.05422625588540031,509.3673218358308
43,"[[ 0.19970805 -0.06767306  0.05511831 -0.31908515 -0.35968527  0.17648318
   0.56905536 -0.35222576  0.05219934  0.45574055 -0.04303391  0.17107455
  -0.02709699]
 [-0.17682457  0.46138521 -0.37433213  0.1574276   0.51767    -0.02815521
  -0.04916479  0.41127205  0.11470353 -0.25517673  0.25936576  0.06758366
  -0.02239937]
 [-0.44501807 -0.37566507 -0.03217001  0.11395541  0.1194402   0.4848611
  -0.3172489   0.29765835 -0.05045743  0.26828767  0.10600908  0.34011589
  -0.08227613]
 [-0.08738392 -0.0531411   0.02029124  0.05298732 -0.39145774 -0.42452601
   0.47752474  0.41493088 -0.33321964 -0.1168214  -0.35605575  0.0237158
  -0.02531749]]","['bbo_main', 'random_fill', 'random_fill', 'random_fill']","[[0.09399381 0.15989042 0.22413889 0.15806033 0.27147988 0.5417267
  0.09410148 0.16274911 0.23609635 0.05435546 0.09396321 0.1522548
  1.00007511]
 [0.08331991 0.14162603 0.19986936 0.18030886 0.31134698 0.43502928
  0.09871782 0.17702846 0.28953411 0.04672358 0.08158349 0.1209499
  0.69646622]
 [0.08663213 0.14825637 0.21128311 0.16820241 0.29330285 0.48173065
  0.09225636 0.16255552 0.23504581 0.05009964 0.08579685 0.12994857
  0.25848601]
 [0.09461584 0.16176926 0.26378686 0.15686248 0.25895431 0.3635022
  0.10505729 0.18427665 0.25675848 0.04887041 0.08418981 0.12883429
  0.70939416]]",[-0.00394629  0.25608089  0.23945227 -0.26840351],4,0.062012153680458766,0.06221343231559588,0.08502112527625444,0.02966282052967404,0.05454409124685705,512.120267346967
44,"[[-0.23092645 -0.10283301  0.03012735 -0.43628794  0.30498559 -0.09617893
   0.41013425 -0.56459107  0.06772538  0.09501867  0.10065125 -0.36299357
  -0.00966725]
 [-0.26545955  0.40081266 -0.01688125 -0.33367366  0.6374954  -0.25878026
   0.10106435 -0.27049942 -0.01989012  0.25210379  0.14049463 -0.0727476
   0.10734487]
 [ 0.32636984 -0.05125751  0.04654783  0.07459055  0.67643594 -0.43497444
  -0.32750005 -0.07588781  0.0223545   0.21689557  0.21250973 -0.13473512
   0.11173192]
 [-0.12142044  0.24003075 -0.0761031  -0.45028033  0.36431745 -0.08378135
   0.59578298 -0.12066424  0.077396    0.37595786  0.06184326 -0.24218359
   0.00475282]]","['bbo_main', 'random_fill', 'random_fill', 'random_fill']","[[0.08626612 0.14852346 0.22727234 0.16485599 0.29592701 0.42127683
  0.0897762  0.14829443 0.29891462 0.04730729 0.07712803 0.10418121
  1.00000126]
 [0.09541227 0.16788708 0.24118468 0.17155949 0.30723743 0.42312439
  0.085831   0.14328096 0.21602933 0.055582   0.09378427 0.12988897
  1.00001291]
 [0.09587111 0.16218568 0.26563    0.18275499 0.3108947  0.41544049
  0.08444832 0.14942595 0.22713617 0.05135953 0.08765462 0.12333093
  1.00000796]
 [0.09130953 0.15682946 0.21973582 0.15913776 0.28329615 0.40519724
  0.11017453 0.18672491 0.34537182 0.04855157 0.07899971 0.10700037
  1.00000243]]",[-0.11242387  0.15771895  0.16953084  0.07925715],4,0.06108780249191979,0.06871539180731565,0.0924989611078603,0.029313195092784218,0.05467685615693649,945.4969822161365
45,"[[-0.32212784 -0.36619008  0.29921722  0.11147077 -0.28660516  0.30572774
  -0.05832165  0.33162208  0.31729173 -0.10462902 -0.39761679 -0.31412102
  -0.05294164]
 [-0.26841915 -0.00299776  0.14508226 -0.44668319 -0.40643826  0.12091094
  -0.41448358 -0.34567368  0.12895363 -0.41382683 -0.13639042 -0.16907643
  -0.03461378]
 [ 0.44662203 -0.41873256  0.03391937 -0.14159696  0.36344564 -0.44510819
  -0.30592795 -0.19160383 -0.10244806  0.03252637 -0.0592894  -0.35833546
   0.00070931]
 [ 0.0056948  -0.27802431 -0.13749137  0.58553703 -0.24026657 -0.47097431
   0.02719127  0.1609396  -0.06487186 -0.20563926 -0.43241424  0.06858467
   0.12862749]]","['bbo_main', 'random_fill', 'random_fill', 'random_fill']","[[0.08797364 0.15100746 0.25477557 0.1649279  0.28357954 0.4328009
  0.0995432  0.17852489 0.27183189 0.04577264 0.0775883  0.11051383
  0.37454705]
 [0.09342263 0.16012712 0.26894774 0.16107981 0.27744086 0.40904373
  0.0914446  0.16248823 0.24896947 0.04704637 0.08039526 0.11468962
  0.22306977]
 [0.09392793 0.15741496 0.29643472 0.16391501 0.27819018 0.38323526
  0.08722416 0.15362705 0.22638879 0.0466423  0.07665793 0.10615348
  1.00000756]
 [0.08903235 0.15216904 0.21693856 0.16366563 0.26403818 0.36386173
  0.10323693 0.18771563 0.27321106 0.04639616 0.08017559 0.17101793
  1.00004397]]",[ 0.11148944 -0.24130473 -0.2262637  -0.09915692],4,0.056142485831611355,0.06825003763378722,0.09196575871008174,0.02914444049101777,0.052663044463456044,881.2140962420963
46,"[[-3.70005240e-02  4.20165792e-01  6.62503320e-02 -2.43276324e-01
  -2.34978745e-02 -3.70273185e-02 -1.50492752e-01  5.41360158e-01
  -4.81496809e-01 -1.74458190e-01  4.05608105e-01 -1.17721453e-01
  -1.50338990e-02]
 [ 2.88132674e-01  4.23850725e-01  9.61811759e-02  6.06052840e-01
  -6.66810511e-02  9.26224709e-02 -1.07633175e-01 -2.64559304e-01
  -6.68696262e-02  3.39987237e-01 -2.57154947e-01  2.48347172e-01
   1.35312966e-01]
 [-4.10012083e-01 -5.21817773e-01  8.27498850e-02  3.93263685e-02
   2.05625844e-01 -3.28649429e-01 -3.08968749e-01 -4.80302394e-01
   1.26633849e-01 -4.68361339e-04 -5.69785309e-03  1.59593430e-01
   1.82260267e-01]
 [-5.33832883e-01 -1.54351740e-01  2.36618191e-01 -5.24322577e-01
   4.17798726e-01  1.71625573e-02  5.20926174e-02  2.56821788e-01
   2.37152393e-01 -8.05410215e-02 -5.25135247e-02  2.24750722e-01
  -2.78493882e-02]]","['bbo_main', 'random_fill', 'random_fill', 'random_fill']","[[0.10350026 0.1820951  0.29577481 0.15731744 0.26938991 0.38939569
  0.09017562 0.15477675 0.21533746 0.05158411 0.09076386 0.12831133
  0.90262244]
 [0.09595866 0.16327332 0.22835063 0.16925383 0.2919604  0.41917553
  0.08823764 0.15336938 0.22288737 0.04935197 0.08543413 0.28260385
  0.99999557]
 [0.08523167 0.14703883 0.22723834 0.16617111 0.28477348 0.40032521
  0.08882679 0.15611026 0.24766501 0.05218319 0.09197107 0.26224663
  1.00000934]
 [0.08631498 0.14866853 0.27156909 0.16328847 0.28401715 0.40483968
  0.09961278 0.17728765 0.36995255 0.0488592  0.0838252  0.12871857
  1.00000333]]",[-0.00106899  0.37607746 -0.00684023  0.16642596],4,0.0576042308735903,0.08226584864010149,0.10790663256441001,0.028419408979387766,0.05302174634526319,743.0167746539228
47,"[[ 0.29291423 -0.22528653  0.22703222  0.4593215  -0.50935836  0.22484618
  -0.18991999  0.31741561  0.13784968  0.22450092  0.28884568 -0.0269847
  -0.02324142]
 [ 0.38705414  0.21241564 -0.16234268  0.40352012 -0.56338415  0.07230695
  -0.2627935  -0.23384534  0.06432097  0.00765207 -0.37917812  0.07043736
   0.12875474]
 [-0.1386235  -0.08893163  0.08275002 -0.30304513 -0.0089135  -0.43507468
   0.41904112 -0.28735696  0.07048806  0.20796887 -0.58435545  0.1044408
   0.16140966]
 [-0.35314025  0.11567857 -0.30611636 -0.2725914  -0.33515557  0.05165623
  -0.40051007 -0.5456048   0.20460672 -0.10022205 -0.1135123   0.23523456
  -0.02603622]]","['bbo_main', 'random_fill', 'random_fill', 'random_fill']","[[0.09068952 0.15421177 0.37685958 0.16270434 0.27738784 0.43455726
  0.09567561 0.17159694 0.24844446 0.0505758  0.08659584 0.12220155
  1.00004459]
 [0.1040376  0.173734   0.23445334 0.1614562  0.26665156 0.45670963
  0.08830358 0.15756408 0.24515753 0.04614148 0.07922888 0.12938662
  1.00000906]
 [0.09064486 0.15542724 0.28731002 0.15480997 0.25719857 0.35891072
  0.09873603 0.17479087 0.26396828 0.04870162 0.08171722 0.14830016
  1.00000142]
 [0.08861203 0.15196937 0.21455046 0.16221224 0.27985474 0.40472916
  0.09091451 0.16039136 0.25385118 0.05104274 0.0891765  0.29500336
  1.00000505]]",[ 0.18890595  0.05095538 -0.05894421 -0.24035845],4,0.061308241204471536,0.07477702874360524,0.09941855679237424,0.028145720555300076,0.05316144311969101,572.2069423890207
48,"[[ 0.23168536  0.57227522  0.15540367  0.46211269  0.2689945   0.07805756
  -0.1117399   0.02376529  0.12126631 -0.17673439  0.22130502 -0.43328311
   0.0834996 ]
 [-0.47727806  0.09886522  0.19351251 -0.01769685  0.31958656  0.13053693
   0.15899322  0.13588082 -0.24695777  0.34001862  0.11982348 -0.60891104
  -0.00469425]
 [-0.12526238 -0.09385381  0.18528278 -0.57938289 -0.20784165 -0.23080197
   0.22855464 -0.53938698  0.06074163 -0.37532211 -0.08346938  0.11449716
  -0.03479012]
 [ 0.03507367 -0.16034933  0.18681512 -0.46271999  0.27859606 -0.34454336
   0.03802166 -0.2821068  -0.35179693 -0.17399316  0.50260265  0.1995109
   0.01561237]]","['bbo_main', 'random_fill', 'random_fill', 'random_fill']","[[0.10114773 0.17115692 0.30251102 0.1798016  0.30897235 0.43370886
  0.08907986 0.15734587 0.23942874 0.04413217 0.07286173 0.1003129
  0.99999758]
 [0.08795903 0.15091296 0.35114368 0.17428378 0.30684966 0.44383692
  0.09212172 0.15871225 0.22531435 0.04668822 0.07668598 0.10449798
  1.00000045]
 [0.09459365 0.16183016 0.29810773 0.15757845 0.26894714 0.38273086
  0.09302168 0.16179351 0.23834132 0.04973389 0.08818447 0.13192901
  0.41090313]
 [0.09444221 0.16074453 0.30192937 0.15927872 0.27165875 0.38319335
  0.08825258 0.15040945 0.21548632 0.05615747 0.10365148 0.18764658
  1.00000004]]",[ 0.4396301   0.13111665 -0.28408322 -0.11561203],4,0.060577499627473275,0.10204990206410677,0.13006190838787376,0.027733075987227906,0.048508522312926905,576.3552344988566
49,"[[ 0.33583434 -0.45751669  0.12650667 -0.12560369 -0.60754565  0.09412789
  -0.21056942 -0.06058498  0.09436778 -0.24191645  0.31791334  0.16152618
   0.15982276]
 [-0.1820869  -0.27656474 -0.31133557  0.10197723  0.04918426  0.14164086
   0.62666023  0.30374631 -0.48430208  0.0364955  -0.09598483  0.17397595
  -0.01482833]
 [ 0.12015687  0.49364063 -0.02537899 -0.1863937  -0.20612533 -0.09619599
   0.48462716 -0.01350025 -0.06217145 -0.21436708  0.57939448 -0.18428429
  -0.01517521]
 [ 0.18255305  0.6108067  -0.2941743   0.46395758 -0.10689961 -0.02157895
  -0.35323712  0.131399   -0.01618195  0.17093296 -0.30764056 -0.11709406
   0.00503966]]","['bbo_main', 'random_fill', 'random_fill', 'random_fill']","[[0.09123688 0.15424325 0.23685595 0.15807183 0.26664981 0.38894189
  0.09248911 0.16429737 0.24310981 0.05385623 0.09746199 0.26744282
  0.99998971]
 [0.08308338 0.14052187 0.19919961 0.1708759  0.30038068 0.45783812
  0.09671529 0.16562171 0.23163176 0.04953569 0.08552015 0.23605292
  1.00000004]
 [0.10441204 0.17917904 0.25231819 0.15290653 0.25832291 0.37207423
  0.10011107 0.17366129 0.24774734 0.05341238 0.09478994 0.13190788
  0.92254252]
 [0.10709489 0.17915538 0.23658102 0.17474926 0.29358911 0.41997497
  0.08796183 0.16013982 0.24499185 0.04428931 0.07293138 0.10313582
  1.00005023]]",[ 0.05927771 -0.00038841  0.01298438  0.06411637],4,0.05386080544877038,0.10441574889260231,0.13268883730376552,0.02749238911001997,0.052790715785084846,541.5805050609633
50,"[[-0.26509302 -0.3589233  -0.100324   -0.35480959  0.24770263  0.06647561
   0.24796662  0.32932746 -0.06795122 -0.09864554  0.63706092 -0.09495038
  -0.00385742]
 [ 0.29008998  0.4191551   0.2895018   0.32698827 -0.23134447 -0.04966575
  -0.28806177 -0.40883619  0.32104943 -0.22203699 -0.29475286  0.03897575
  -0.05038945]
 [ 0.07647351  0.38924434  0.17888374  0.53015036  0.02942983 -0.51083149
   0.1708724   0.13431594  0.1165237   0.21656525 -0.33647817  0.21534188
  -0.02146635]
 [-0.4671354   0.59990997  0.18321909  0.12970522  0.15005232 -0.20031923
  -0.09628117 -0.34671582 -0.22278186  0.32860285 -0.05273954  0.13748709
   0.00887129]]","['bbo_main', 'random_fill', 'random_fill', 'random_fill']","[[0.08016852 0.13339763 0.19056574 0.16582867 0.29238661 0.46249515
  0.10479713 0.18204074 0.25520303 0.05672349 0.09866007 0.13535884
  1.00000133]
 [0.09823804 0.16698279 0.27661178 0.16370656 0.28048059 0.40036022
  0.09157549 0.16294696 0.37261083 0.046548   0.07975999 0.11516166
  1.0001339 ]
 [0.09857382 0.16779168 0.27549678 0.16102624 0.26560952 0.36961268
  0.09665932 0.17371535 0.25841514 0.04939806 0.08517896 0.21259153
  1.00000044]
 [0.09606959 0.16796174 0.36815474 0.16457797 0.28321154 0.39933961
  0.08699922 0.14895223 0.21420021 0.05195791 0.09001675 0.13576428
  1.00000043]]",[0.06522503 0.0942034  0.10281849 0.03930796],4,0.053283158442056,0.10773133975883015,0.1363631320497816,0.02734896051493011,0.05735640673160251,500.40877626813017
51,"[[-0.14638406 -0.25351079 -0.4833482  -0.00991022 -0.28766233 -0.30773808
  -0.21939409  0.10028684  0.04779306 -0.20376655  0.63239518 -0.03383127
  -0.00797079]
 [-0.26807334 -0.10676769  0.11749747  0.50067876  0.23081696 -0.14903769
  -0.09455912  0.58887418 -0.19560962  0.19110797  0.37754962  0.06098679
  -0.00102755]
 [ 0.25996463  0.20429121 -0.54964804  0.24846408  0.25526828 -0.34929017
   0.23946004 -0.00475779 -0.23667186  0.09313556 -0.35932881 -0.2973715
  -0.00848897]
 [-0.07114639 -0.29184019 -0.22876898 -0.06051827  0.18494566 -0.52613141
   0.50929864  0.00568593 -0.40720191 -0.20492123 -0.23783332  0.13674441
  -0.0162288 ]]","['bbo_main', 'random_fill', 'random_fill', 'random_fill']","[[0.0841505  0.14127244 0.19949928 0.15825376 0.2642966  0.37273006
  0.09643141 0.1721271  0.28945542 0.0586323  0.10721425 0.15373451
  1.00000053]
 [0.08296475 0.14451663 0.32148527 0.17245917 0.29075955 0.40313448
  0.09665065 0.17246069 0.24290737 0.05543995 0.09755286 0.14163189
  1.00000042]
 [0.08988872 0.14530926 0.19876074 0.18369281 0.31189819 0.43078126
  0.09448844 0.16399598 0.24984947 0.04428771 0.07319689 0.10553666
  0.99999982]
 [0.08829487 0.15075534 0.21523421 0.16162699 0.27366781 0.38506089
  0.09762004 0.16853976 0.23800928 0.05025905 0.08956544 0.26895804
  1.00006062]]",[-0.28423753  0.19341963 -0.18073999 -0.31857142],4,0.05780760877043617,0.113898947637199,0.14317673910803297,0.027174536098448436,0.05319419712720491,861.2696453728713
52,"[[ 0.33659135 -0.48980509  0.02179888 -0.33781233  0.37678654 -0.13920647
  -0.25401464  0.25596821 -0.36198987  0.01697725 -0.30212405  0.11053307
   0.0774195 ]
 [-0.28919552  0.4044872  -0.46865006 -0.12366289 -0.445286    0.00763439
  -0.34804156  0.02485276 -0.13563217 -0.21194663 -0.29757357  0.00159098
   0.21417787]
 [ 0.31193403  0.10466202 -0.63745038 -0.22147495  0.37631787 -0.04174627
  -0.05713466  0.36055914 -0.31994553  0.07950433 -0.19599446  0.11232035
  -0.00282223]
 [ 0.08258656 -0.36313767 -0.27308244 -0.40183917  0.45560518 -0.06016517
  -0.21908169  0.50249355 -0.01469884  0.27031447 -0.10879465  0.1678699
   0.01633176]]","['bbo_main', 'random_fill', 'random_fill', 'random_fill']","[[0.08887517 0.15000339 0.21795527 0.16843008 0.29863975 0.42477703
  0.08949113 0.15444635 0.21966512 0.04876664 0.08384899 0.27299796
  1.00001041]
 [0.08940153 0.15284489 0.20957341 0.15587558 0.26288538 0.44914398
  0.0902584  0.16249669 0.23393561 0.04659499 0.08034055 0.12536402
  1.00020911]
 [0.08551009 0.13849393 0.18835706 0.17446412 0.31177252 0.44519267
  0.0948334  0.16356686 0.22983089 0.04929652 0.08438226 0.18527227
  1.00005766]
 [0.08376106 0.14062703 0.19937084 0.16612218 0.29202949 0.41632913
  0.09954641 0.17806818 0.25400236 0.05076114 0.08596508 0.26034337
  1.00001737]]",[-0.02193717 -0.07361872 -0.03340655  0.0709937 ],4,0.05265028217571224,0.11199986465833865,0.1410816022620247,0.027098437929617386,0.04970184017646051,649.4369862659369
53,"[[ 0.12450636  0.08463129 -0.47474446 -0.04153715 -0.11990681 -0.39829055
  -0.51930272 -0.09558503  0.12412254 -0.01280903 -0.51985474  0.11207613
  -0.00477188]
 [-0.07614668 -0.27429768  0.15557322  0.41232052  0.42782043  0.36492007
  -0.17491907 -0.24193435 -0.31617005  0.21328376 -0.40478283  0.0693564
  -0.07288637]
 [ 0.10460783 -0.10952834 -0.48144694  0.0085037   0.13970061 -0.00115554
   0.43299426 -0.06154102  0.20477177  0.27925563  0.61294794  0.1958255
   0.020985  ]
 [ 0.43070571 -0.30606939 -0.10793179 -0.25536128 -0.26026835 -0.00453231
   0.21013186  0.50969221 -0.29499226 -0.39422672  0.16898921 -0.03509641
  -0.00543137]]","['bbo_main', 'random_fill', 'random_fill', 'random_fill']","[[0.08996457 0.15261969 0.21450616 0.15835022 0.26118185 0.36508091
  0.09206523 0.16906069 0.33673955 0.04814884 0.08163014 0.13536856
  1.00000063]
 [0.08804437 0.15022783 0.21533094 0.17521184 0.30666411 0.483563
  0.08868486 0.15316356 0.22115675 0.04795336 0.08248356 0.12078961
  0.37081204]
 [0.08388541 0.14094498 0.19883542 0.16354815 0.28222696 0.4047054
  0.09667802 0.1685848  0.33653348 0.05958098 0.1047003  0.16280856
  1.0000024 ]
 [0.0913149  0.15283284 0.2149467  0.15370127 0.26191636 0.39065559
  0.11708314 0.19905882 0.26982881 0.04875322 0.08756366 0.12685702
  1.00006037]]",[-0.3158465   0.20118955  0.17203927 -0.10767787],4,0.05317813520725795,0.11342406606298287,0.1426530657383891,0.026906957633180278,0.0485437977477097,501.21801807708107
54,"[[ 0.24039829 -0.12200018 -0.29940655 -0.20197326 -0.46499473 -0.0907888
  -0.10913561 -0.55426721 -0.18328828  0.12432966 -0.27892066 -0.35503834
  -0.02000749]
 [ 0.37766796  0.03311197  0.10929255  0.53529776  0.52795922  0.10475148
   0.03254795 -0.08071595  0.13576427  0.17128702  0.25493488 -0.38365951
  -0.02315438]
 [-0.22961781 -0.29476983 -0.07871771  0.36530092 -0.23454996 -0.58500005
  -0.19736153  0.07838249  0.09898231  0.00424566  0.37796913  0.35114036
  -0.04934885]
 [-0.11607355 -0.39670606  0.04749684  0.41942136 -0.40471411 -0.28645165
  -0.2032134   0.4235008  -0.03671884  0.097631    0.08282007 -0.38881023
   0.12478663]]","['bbo_main', 'random_fill', 'random_fill', 'random_fill']","[[0.09356578 0.15816831 0.22059934 0.16063533 0.27440053 0.42014703
  0.08951915 0.1555303  0.22761844 0.04904575 0.08221754 0.11530848
  0.44295949]
 [0.09138352 0.15569863 0.2318556  0.19057096 0.32807765 0.46402908
  0.08811781 0.15363375 0.25519668 0.04526599 0.07470176 0.10296743
  1.00000718]
 [0.08862561 0.15186698 0.21713851 0.16036268 0.26915981 0.37974178
  0.0957033  0.17020438 0.25220036 0.05449881 0.09735178 0.27962438
  1.00006613]
 [0.08723497 0.14983563 0.26608251 0.15964091 0.26010098 0.36332261
  0.10308872 0.19249314 0.28019569 0.04839948 0.08051955 0.11172058
  1.00000068]]",[-0.46536652  0.3780923  -0.2036293  -0.05628633],4,0.05443829336660305,0.12103076606695821,0.1510232439171259,0.026632660515129736,0.05018687901896696,599.1258171750233
55,"[[ 0.0824416   0.38903111  0.19531639 -0.37428993 -0.41223875  0.21405976
  -0.30153027  0.25769929  0.18005146 -0.08115263 -0.50092351  0.0113146
  -0.02163953]
 [-0.48939476  0.3329559  -0.20655182  0.28110745 -0.2432212  -0.1306177
   0.05953453 -0.20892784  0.09265738 -0.15984433  0.59215712 -0.13995164
  -0.01277657]
 [-0.03286583  0.27461563  0.28200132 -0.34648323 -0.12970104  0.33949443
  -0.28493636  0.3938974   0.36812004 -0.3300261  -0.31493292  0.10898516
   0.0042307 ]
 [ 0.26764579  0.38490109  0.1184347  -0.12072913 -0.09330159  0.0692854
  -0.28321763  0.4752603  -0.15550587  0.25559083  0.57726858  0.09290211
  -0.0254122 ]]","['bbo_main', 'random_fill', 'random_fill', 'random_fill']","[[0.09944402 0.16843382 0.26439925 0.15914138 0.27117903 0.51514729
  0.09603502 0.17275004 0.25470543 0.04631685 0.07848906 0.11280506
  1.00001587]
 [0.08669496 0.15030173 0.21232127 0.16075723 0.26879165 0.38095337
  0.09284963 0.16261651 0.34396545 0.05818542 0.10600449 0.14772073
  0.99999888]
 [0.09395518 0.1603034  0.22702428 0.16300672 0.28125474 0.43471165
  0.09597164 0.17176204 0.40229321 0.04644555 0.07906729 0.11356382
  0.99999979]
 [0.09929756 0.16789287 0.27457866 0.15810126 0.26894981 0.39115398
  0.09111395 0.16065969 0.23059759 0.05937343 0.10307604 0.14910816
  0.60214221]]",[ 0.06226351 -0.08274061  0.32436045  0.19455814],4,0.050821765760587015,0.13295073416527559,0.1640671445864584,0.026518006731713555,0.04745865562421506,497.88888909108937
56,"[[-0.32133687 -0.15987204  0.12448447  0.6111502  -0.26747328  0.12991215
   0.49152604 -0.15696939  0.00417607 -0.16393365 -0.27393554  0.159708
  -0.00933946]
 [ 0.45008893 -0.24435726  0.20387043 -0.24141033  0.0730994   0.28403738
  -0.37687494  0.340988    0.18415311  0.43271223 -0.25219474 -0.08237693
  -0.04470699]
 [-0.14435135 -0.40466    -0.09959946 -0.30423654 -0.39693764 -0.10817334
  -0.04845128 -0.40229594 -0.37016044 -0.47735952  0.00859394 -0.02082938
   0.11867587]
 [-0.24403309  0.37210929 -0.13494575 -0.57902121 -0.18909208  0.03706037
   0.20893011  0.30734658 -0.09131939  0.06131452 -0.48129187 -0.17120177
  -0.01459474]]","['bbo_main', 'random_fill', 'random_fill', 'random_fill']","[[0.08576282 0.14895293 0.22366906 0.17190114 0.29345795 0.4274572
  0.09515872 0.16691717 0.23998824 0.04640807 0.08017114 0.2754139
  1.00000029]
 [0.09120895 0.15405202 0.22127323 0.16424277 0.28542965 0.59308368
  0.09516641 0.16988349 0.25198501 0.04798057 0.0803731  0.11415887
  1.0000457 ]
 [0.08852625 0.15150261 0.24905863 0.15771428 0.26958503 0.39615379
  0.08780142 0.14663379 0.20728055 0.05098355 0.09501104 0.15773985
  1.00007113]
 [0.09475448 0.16189833 0.22499792 0.15387017 0.26687243 0.42673898
  0.11334094 0.19606528 0.27204427 0.04469336 0.07382264 0.10430691
  1.00002702]]",[ 0.08521938  0.21303748 -0.34482981 -0.12312946],4,0.053457694784253565,0.13581736212372278,0.1671918446127943,0.026266344159711262,0.049358710354504565,521.1823014200199
57,"[[ 5.92227214e-01  1.73864637e-01  2.30186032e-01 -3.98824886e-01
   4.78538876e-01  8.79535334e-02 -1.51546481e-01 -1.21147855e-01
   2.03558007e-01  1.95840521e-01  5.69205295e-02  2.20465318e-01
  -3.12797517e-02]
 [ 1.04070053e-01  3.10612673e-01  4.37838404e-02  4.90010557e-01
  -2.55932501e-02 -9.57413866e-02 -2.76787571e-01 -2.30330338e-01
  -2.92289758e-04  2.89831042e-01  5.37512637e-01 -3.46543961e-01
   1.34767571e-01]
 [-4.38886867e-01  6.62315912e-02  1.17335498e-01 -2.04223701e-01
   3.37622432e-01  8.66950973e-02 -8.11827987e-02  4.59253857e-01
  -4.37166338e-01  4.63434649e-01  3.94411348e-02  3.25290508e-02
  -2.68935794e-03]
 [ 2.32759828e-01  6.20063597e-01  2.38157610e-01 -2.60331883e-01
   1.43698130e-01  2.12430577e-01 -1.72308057e-01 -2.81576488e-01
  -1.00322815e-01  4.12787953e-01  2.51868613e-01 -1.11679169e-01
   7.57124676e-02]]","['bbo_main', 'random_fill', 'random_fill', 'random_fill']","[[0.09807357 0.16540188 0.38334691 0.16445653 0.28963758 0.41267267
  0.0906741  0.15854995 0.24056994 0.04944691 0.08475015 0.132457
  1.00000535]
 [0.10268683 0.17530638 0.27968556 0.17026305 0.28617159 0.40255982
  0.08357693 0.14607085 0.21790021 0.05748907 0.09695312 0.1285545
  1.00000355]
 [0.0852786  0.14752206 0.31664535 0.17348009 0.30933999 0.44810232
  0.088995   0.15148313 0.21087996 0.05388147 0.09102448 0.12789044
  1.00000063]
 [0.10037264 0.16986945 0.36460322 0.16347456 0.2872533  0.43347865
  0.08782952 0.15078262 0.21794368 0.05084799 0.08660548 0.12158908
  1.00001047]]",[0.31284058 0.21710233 0.11754252 0.33181149],4,0.05097369611032332,0.14730481110690724,0.17966970589902492,0.026112472657611695,0.04747348954226527,809.7312008291483
58,"[[ 0.39495197 -0.3905996  -0.18351909  0.44775192  0.08244592  0.11940146
   0.14630577  0.53972264 -0.09693726  0.13511585 -0.18827321 -0.24420588
  -0.02806188]
 [ 0.24945174 -0.44284148  0.00623459  0.5087262  -0.14170462 -0.01683064
   0.00427074 -0.49923467 -0.0784524  -0.08511248 -0.13825688 -0.42444647
  -0.02320316]
 [-0.3976033  -0.07362467 -0.58590891  0.27634766 -0.30180042  0.17276431
  -0.26708969  0.22830541 -0.11611902  0.09040491  0.29393954  0.25212531
  -0.02860379]
 [ 0.09883117 -0.31141157  0.14300711  0.70595214  0.35574681 -0.07451794
  -0.00774489 -0.13037364  0.10728044  0.21538731  0.37563166  0.16196618
   0.00606749]]","['bbo_main', 'random_fill', 'random_fill', 'random_fill']","[[0.0848673  0.14229189 0.2026381  0.17453676 0.30054289 0.47054077
  0.10127493 0.17944386 0.25452738 0.0456243  0.0759736  0.10737912
  0.55198059]
 [0.08886263 0.1510867  0.24940136 0.17685929 0.30430043 0.43340025
  0.08809998 0.15277406 0.22446823 0.04547665 0.07570436 0.10606867
  0.43553257]
 [0.08400433 0.14257804 0.20114936 0.16545708 0.28328708 0.42933577
  0.09307217 0.1648305  0.2376985  0.0548287  0.09694814 0.26438818
  1.00000277]
 [0.08386685 0.14464008 0.24206358 0.1867181  0.3169467  0.43505847
  0.08726117 0.15188027 0.2301063  0.05294736 0.09409435 0.17429039
  1.00000027]]",[ 0.13700473 -0.16659524 -0.07067093  0.29526458],4,0.05103624310267346,0.15354041524986187,0.18641531051233504,0.025662880955387202,0.048980073176313865,593.9292906410992
59,"[[-0.20564435  0.57967403  0.10415453  0.42115838  0.15297946  0.20384778
  -0.15999736 -0.37760969  0.18385453 -0.11196943  0.32353441  0.19637232
   0.10365693]
 [ 0.33106329  0.51743803  0.02388717  0.08942309  0.43520629 -0.02653196
  -0.20441905 -0.21607153  0.02890869  0.33226857  0.46335347 -0.09541389
  -0.02161072]
 [-0.25902069  0.49053634  0.15260542 -0.21586845  0.13793293  0.12651958
   0.4275304  -0.58747353 -0.06442831 -0.07517485 -0.21316146  0.04853827
  -0.04311206]
 [ 0.36137339  0.09141366 -0.30375462  0.43567108 -0.10173117  0.07795448
   0.41513915  0.01562356 -0.08248341  0.32591813 -0.39830145  0.08580473
   0.33306648]]","['bbo_main', 'random_fill', 'random_fill', 'random_fill']","[[0.0940516  0.16100586 0.22529789 0.1730655  0.29909294 0.56185
  0.08730367 0.15064374 0.23023065 0.04902759 0.08677397 0.13434876
  0.99999572]
 [0.10243317 0.17174675 0.23706941 0.17259846 0.30221154 0.42722644
  0.08481901 0.14539909 0.22077476 0.05428677 0.09275129 0.12843871
  0.74652655]
 [0.09495331 0.16230936 0.26207523 0.16645563 0.29283246 0.42390277
  0.09052726 0.15460438 0.22486082 0.04757831 0.08163329 0.11784199
  0.18935682]
 [0.0890256  0.14584225 0.19973402 0.17979368 0.30688237 0.47455901
  0.09694332 0.16830262 0.23897443 0.04636051 0.07668324 0.16899706
  1.00002444]]",[0.45473015 0.25432027 0.06307688 0.42424381],4,0.05164229038799617,0.15690169767631054,0.19004390947698238,0.02564697789508916,0.04741775066703194,696.8870555427857
60,"[[-0.4053259  -0.2851269  -0.07808782  0.25060402 -0.11786307 -0.56315468
   0.07323308 -0.15294904 -0.41607386  0.35658433  0.15494919 -0.03420705
  -0.01651906]
 [-0.29180718 -0.23167817 -0.15087019  0.35580421  0.32051766 -0.40173454
   0.26510321  0.21712388  0.11420972 -0.17876681 -0.20212584 -0.45350784
   0.1968375 ]
 [ 0.20734729 -0.14682631  0.16116572  0.03315523 -0.40597038 -0.51934394
  -0.5765832  -0.18567977  0.08186199  0.06452899  0.30468135  0.03230053
  -0.0466992 ]
 [ 0.38817173  0.36806626  0.09194192  0.13760626 -0.25385349 -0.00476616
   0.33408763  0.07364778 -0.49954062 -0.09738966 -0.47817727  0.10873062
   0.07387055]]","['bbo_main', 'random_fill', 'random_fill', 'random_fill']","[[0.08812271 0.15167322 0.23821149 0.16128806 0.26508371 0.36884174
  0.09051046 0.15643268 0.22378189 0.06193909 0.10990633 0.16154115
  1.00008292]
 [0.08236218 0.14084689 0.20362111 0.17309991 0.29208396 0.40373655
  0.1067385  0.19290936 0.31919484 0.04407131 0.07326386 0.10345522
  1.00006954]
 [0.09501819 0.16214511 0.27251764 0.15810959 0.26545797 0.37544158
  0.09160798 0.16399103 0.24620782 0.05259069 0.09165069 0.13123674
  0.36772031]
 [0.10614809 0.18056852 0.29550507 0.16268314 0.27735305 0.39986006
  0.09049856 0.15122676 0.21037627 0.04563184 0.07847871 0.13493149
  1.00000146]]",[-0.38944258  0.13951097 -0.30242385  0.06775907],4,0.051628527904943655,0.17133453338767526,0.205567706604278,0.025367900042163938,0.04908187121834218,541.6410126609262
61,"[[-0.36161873  0.05985361 -0.21465911  0.24315255  0.42154165 -0.48061311
  -0.22207338 -0.11011207 -0.0644646   0.2445131   0.27086048 -0.39106357
  -0.00903912]
 [-0.30037903 -0.54436672  0.11127149  0.34008865 -0.25051549 -0.0456764
  -0.20251087  0.53393082  0.10165562 -0.02794043 -0.22638489  0.17908405
   0.00477566]
 [-0.37973633  0.00463356 -0.02811472  0.68785818 -0.34711517 -0.10555568
   0.12470889 -0.05179949 -0.13824851 -0.41214076  0.02051872 -0.20629233
  -0.00478528]
 [-0.42800535  0.36974813  0.16550773  0.35520674  0.09754643  0.28074077
  -0.03815198 -0.43658923  0.21286425  0.02559253 -0.44412482 -0.04398907
  -0.03144244]]","['bbo_main', 'random_fill', 'random_fill', 'random_fill']","[[0.08405653 0.14622384 0.2086135  0.18545224 0.30888539 0.41343295
  0.08821257 0.15728802 0.25195626 0.0524031  0.08622398 0.11780731
  0.99999982]
 [0.08501958 0.14638232 0.21755932 0.16313389 0.27421602 0.3899253
  0.1014908  0.18716271 0.27602055 0.04881422 0.08462716 0.24608697
  1.00000431]
 [0.08560146 0.15067521 0.2421088  0.17980319 0.28773233 0.39860654
  0.09371258 0.16464811 0.23619748 0.04397842 0.07682034 0.10989457
  0.99999986]
 [0.09151361 0.15780077 0.22223985 0.17203298 0.29880857 0.59059706
  0.09036802 0.15825852 0.23957507 0.04589061 0.07771984 0.11157814
  1.00000113]]",[-0.16191782  0.02372035 -0.13038757  0.22078202],4,0.05050200272808947,0.16940768457808525,0.20350033784656849,0.02544655361411534,0.049244944679534094,1223.740307859145
62,"[[ 0.44663915  0.14603457 -0.042007   -0.06123312  0.17391211 -0.05109438
  -0.17333063  0.17747828  0.05635907 -0.12713935  0.77859074 -0.23157118
  -0.01028017]
 [-0.50102459 -0.44392643  0.12849904 -0.1446275  -0.30866705  0.03391741
   0.20597743 -0.02616001 -0.38033462 -0.09480068  0.43948672  0.16443717
  -0.03328723]
 [-0.32401915 -0.1032588   0.0116709  -0.03668165 -0.01613992 -0.05806857
  -0.15381812  0.37544882 -0.43582343  0.61840214 -0.37633407  0.02405749
  -0.00661835]
 [ 0.31452186 -0.41210441 -0.38600638  0.0698621   0.19484004 -0.30507625
   0.26461715 -0.32268108  0.1987052  -0.29127436  0.38185244 -0.03309865
  -0.03087908]]","['bbo_main', 'random_fill', 'random_fill', 'random_fill']","[[0.10238253 0.17028383 0.23343023 0.15989801 0.27362805 0.39122267
  0.09241608 0.16587281 0.27554095 0.05886369 0.10715487 0.14085377
  1.00001124]
 [0.08646137 0.14909408 0.25720783 0.16204315 0.27819639 0.4038367
  0.09160487 0.15768544 0.22355676 0.05524865 0.10018783 0.15972504
  0.450177  ]
 [0.08446013 0.14697617 0.26123844 0.16487405 0.28909319 0.41451681
  0.08875042 0.14721676 0.20108924 0.05502419 0.08994937 0.14587686
  1.00000113]
 [0.08559712 0.1437943  0.20361809 0.16477629 0.28286612 0.39955152
  0.09665776 0.17026983 0.40129798 0.05019667 0.08893688 0.12930752
  1.0000735 ]]",[ 0.14059402 -0.19227367 -0.12322991 -0.13164945],4,0.048294078511036787,0.1756726112594645,0.21021661811301764,0.025206262698469137,0.04673171481152494,550.1517304659355
63,"[[-0.30961542 -0.51295002  0.13074716 -0.28782176  0.016622   -0.09357947
   0.15003482  0.42186591 -0.07224703 -0.24315157  0.16025353 -0.49140252
   0.00835036]
 [ 0.32201145 -0.1016749   0.25167192 -0.3712817   0.14705288 -0.20522958
  -0.00649751  0.59370198  0.22133755 -0.31497302 -0.21706033  0.26118132
   0.07060319]
 [ 0.04198876 -0.53247702 -0.0263545   0.0067195   0.20977328 -0.17014737
   0.2655119  -0.27435556  0.00245469 -0.43582126  0.55244677 -0.00564765
  -0.00821142]
 [ 0.60221518 -0.1683693   0.21000229  0.24252444  0.39203204  0.22127042
  -0.10757419  0.2393643   0.12198741  0.39628946  0.15599028  0.1952591
  -0.01292478]]","['bbo_main', 'random_fill', 'random_fill', 'random_fill']","[[0.08529597 0.14673701 0.32976713 0.16179741 0.27804202 0.39662249
  0.1062287  0.18755352 0.26454819 0.04588133 0.07617096 0.10428983
  1.00006258]
 [0.09395552 0.16017125 0.27262892 0.15871191 0.26855916 0.3783168
  0.10162294 0.18412683 0.27238109 0.04775883 0.08225601 0.21458611
  1.0000046 ]
 [0.08204533 0.13886141 0.20130002 0.16955379 0.2897811  0.4031258
  0.09241259 0.15810279 0.25368581 0.05395995 0.11154042 0.16587629
  1.00004719]
 [0.09064424 0.15252771 0.25355248 0.17249303 0.30135719 0.55683467
  0.09072939 0.1598563  0.23282895 0.04980868 0.08503102 0.12513878
  1.00000673]]",[-0.10352374  0.24820264 -0.07172622  0.46675769],4,0.04882391584954719,0.19257643401254804,0.2282621968090508,0.024743441532817604,0.045421499425730344,509.01955588604324
64,"[[ 0.24545404  0.50056893 -0.4625153  -0.30539903  0.24893977  0.00594898
  -0.35710757 -0.19846133  0.06182122  0.09723409 -0.37279766  0.02626575
   0.01143031]
 [ 0.15308746  0.32101005  0.03760854  0.14080005  0.23638917 -0.0060532
  -0.24984719  0.55938705  0.03319428  0.4621511   0.1307997  -0.43499984
   0.0021981 ]
 [-0.26179808 -0.28238541  0.07654338  0.41099779 -0.17601717  0.07804178
  -0.25219318  0.03587518  0.09067357 -0.21299378  0.67487788 -0.20471833
   0.15499476]
 [ 0.31810486 -0.25115951 -0.39076766 -0.07275419  0.35067457 -0.10000429
  -0.37320802 -0.11315495 -0.06239278  0.25831034  0.06069124 -0.56391566
  -0.01930033]]","['bbo_main', 'random_fill', 'random_fill', 'random_fill']","[[0.10045719 0.16667447 0.21985731 0.16951844 0.30342176 0.43709173
  0.08519677 0.14729096 0.27781394 0.04541849 0.07653507 0.11998849
  1.0000082 ]
 [0.09997736 0.16824084 0.24398938 0.16867399 0.28843882 0.40675077
  0.10015197 0.19141635 0.27981826 0.04554604 0.07430913 0.1005883
  1.00000088]
 [0.08159146 0.1406162  0.23519381 0.17403266 0.29312891 0.43512973
  0.0902692  0.16262227 0.31462428 0.05431599 0.09617669 0.13150316
  1.00002317]
 [0.08658654 0.14371246 0.20149158 0.18032774 0.31666642 0.44615238
  0.08923971 0.1568302  0.23962507 0.04752201 0.07781879 0.10673342
  0.67329542]]",[-0.01924951  0.24851182  0.20383643 -0.15616452],4,0.05181092902010011,0.19160912037072356,0.22723240186194057,0.02451710014564992,0.04585967424800583,504.311869984027
65,"[[-0.19490859  0.30500178 -0.63474196 -0.29004416 -0.08394844  0.04899575
   0.29641718 -0.24051866 -0.17246126  0.38785553  0.21536961 -0.01500053
  -0.00417219]
 [-0.38468153  0.08024235 -0.30616502 -0.18460549  0.37346859 -0.16948535
   0.23460633 -0.6009305   0.10078787  0.1365526  -0.31058011  0.08718243
  -0.023191  ]
 [-0.08292728  0.14830314 -0.74535068 -0.16805392 -0.42629764  0.13068398
  -0.03356973 -0.24484793 -0.15605737 -0.13975969 -0.10310733 -0.26868676
  -0.02727085]
 [-0.14785704  0.25756219 -0.33828741 -0.00226556 -0.17584218 -0.08966147
   0.20698407  0.03395832 -0.14311693  0.72477914  0.01434196 -0.41034341
  -0.00515953]]","['bbo_main', 'random_fill', 'random_fill', 'random_fill']","[[0.0848371  0.14088959 0.19307754 0.16275116 0.28684855 0.4621013
  0.0913085  0.15429017 0.22020961 0.06230544 0.10672566 0.15108108
  1.00000056]
 [0.08569295 0.14711859 0.20807071 0.16930367 0.2981425  0.42177136
  0.09055075 0.15465624 0.26902131 0.04930175 0.08473746 0.13746687
  0.33393195]
 [0.08611541 0.1446224  0.20221011 0.16363094 0.28429016 0.48463273
  0.0921917  0.1622163  0.23547996 0.04782367 0.08107259 0.11470852
  0.53054531]
 [0.08918737 0.15222619 0.20965256 0.15764721 0.26580857 0.40022401
  0.10482413 0.18327542 0.25770016 0.0585161  0.0919205  0.11942328
  1.00004788]]",[-0.15207223 -0.13617971 -0.36166176 -0.14727965],4,0.04912186620313916,0.20371196839610445,0.2400934107054271,0.024367946747490973,0.043411791703377695,551.6032651020214
66,"[[ 0.4149073  -0.15341943 -0.22511196  0.21874084 -0.2471574   0.04695396
  -0.39402736  0.05459808 -0.39090305 -0.30643071  0.46418667  0.14788291
  -0.01476187]
 [ 0.36484486 -0.06221732  0.18216415  0.18374328  0.06721305  0.14511634
   0.4940857   0.28886834 -0.17906927  0.21593954 -0.57132877  0.19203
  -0.03069443]
 [-0.31493342  0.42407143  0.07193263  0.28780944 -0.48931066 -0.01261897
  -0.41739032  0.23640928  0.08492211  0.21276049 -0.00223705 -0.24456539
   0.2258043 ]
 [ 0.06053515 -0.50161472 -0.15573294 -0.00449747 -0.29886558  0.38040703
  -0.29596959  0.47144566  0.18782768 -0.09603897 -0.03671952  0.35680363
  -0.05827663]]","['bbo_main', 'random_fill', 'random_fill', 'random_fill']","[[0.09115439 0.15327378 0.21537107 0.16523738 0.2822564  0.4110846
  0.08690376 0.1492443  0.21287727 0.05547763 0.10414276 0.25144531
  1.00000033]
 [0.09391577 0.15979864 0.26885642 0.16725554 0.29075517 0.42382291
  0.09644858 0.1678529  0.23671036 0.04573912 0.07731326 0.17420792
  0.58156731]
 [0.09824503 0.17703223 0.29096262 0.15764557 0.25983375 0.37258453
  0.09479978 0.17535187 0.27283038 0.04851811 0.07994929 0.11007531
  0.9999957 ]
 [0.08715119 0.14854644 0.21021961 0.16425387 0.28327511 0.58558584
  0.09633667 0.17195649 0.24750177 0.04942387 0.08517249 0.13555202
  1.00000288]]",[-0.10403687  0.22013826  0.21267643  0.11664322],4,0.048341723072118384,0.21923827826395723,0.2565208362522289,0.024103086386057605,0.04265634640921398,1105.2509261290543
67,"[[-0.10370577 -0.38415032 -0.24458903 -0.3868011   0.1063733  -0.25775922
  -0.49716599  0.24299152  0.10978514  0.25363279 -0.38275859 -0.11428281
   0.11096715]
 [ 0.50270101 -0.34807332 -0.10382014 -0.41793582  0.16012797  0.05097634
   0.4470137  -0.24137836 -0.00243478 -0.17179943  0.16637768 -0.21248106
   0.22806286]
 [ 0.33420363  0.11661986  0.0311817   0.47346861 -0.15984499 -0.4089655
   0.23411316 -0.42690061 -0.31759478 -0.30340819 -0.14769849  0.06625137
  -0.02407398]
 [ 0.28632192 -0.09302908 -0.01837315 -0.04169461  0.63174197 -0.19890668
  -0.22209145 -0.14899876 -0.09732376 -0.3936763  -0.44035906  0.19498306
  -0.02673712]]","['bbo_main', 'random_fill', 'random_fill', 'random_fill']","[[0.08366787 0.14100419 0.20083139 0.15909119 0.27017857 0.38161277
  0.09806277 0.1848163  0.34377428 0.04821137 0.07985956 0.11486767
  1.00000419]
 [0.08929103 0.14306924 0.1978456  0.16422161 0.30206905 0.50510296
  0.09680113 0.1631315  0.24184724 0.04657988 0.07918443 0.11032717
  1.0000012 ]
 [0.10186315 0.17202524 0.26625593 0.16319682 0.27239918 0.3821686
  0.0884662  0.15155726 0.21782712 0.04880242 0.08776375 0.14601365
  0.65825313]
 [0.09122964 0.15373991 0.21852938 0.17407775 0.30417402 0.42732075
  0.08893943 0.15462132 0.22609525 0.04538545 0.07817012 0.26341913
  1.00003794]]",[-0.12972798  0.19313065 -0.20727227  0.01524666],4,0.046059832722591953,0.22847439287976976,0.2662572514232108,0.023968402742658573,0.04556785148020251,828.1660620251205
68,"[[ 0.44219649 -0.36981891 -0.00278458 -0.40002665 -0.49368237  0.01357532
   0.09042132 -0.36913137 -0.0837542  -0.23180819  0.23376702  0.06211324
  -0.00846953]
 [ 0.5223729  -0.47350528  0.28297523 -0.18200841  0.05090301  0.27467438
   0.14185409 -0.33837601 -0.20511703 -0.21174629 -0.02767494  0.29700243
   0.03425466]
 [ 0.45076776  0.30947094 -0.02754774  0.11496891  0.3268484  -0.1072239
   0.12526399 -0.10096535  0.27350303 -0.27866551 -0.55909603 -0.27522709
  -0.04528616]
 [-0.2089145   0.5196154   0.10349029 -0.55755933  0.12409103  0.09549261
   0.1882558   0.10575187  0.12547154  0.44223562  0.27297483 -0.08719962
   0.01401115]]","['bbo_main', 'random_fill', 'random_fill', 'random_fill']","[[0.09295056 0.15629898 0.22892543 0.15223511 0.25906179 0.39532209
  0.0902868  0.15454739 0.22324976 0.05576513 0.105241   0.18413025
  1.00001264]
 [0.09146148 0.15406396 0.26234341 0.1674707  0.29478092 0.44388184
  0.08956151 0.1532093  0.218269   0.04931358 0.08585946 0.2385513
  1.00000086]
 [0.09491984 0.16144478 0.22549915 0.16712266 0.28916303 0.41194881
  0.09542271 0.16903231 0.29423677 0.04463461 0.0748225  0.10739703
  0.28546928]
 [0.09731404 0.16777739 0.25854931 0.15577467 0.27225315 0.40280284
  0.09816464 0.17266445 0.34567023 0.05375879 0.09071062 0.12443953
  1.00001056]]",[-0.25370328  0.16388923  0.13469671  0.2108094 ],4,0.04552450516495521,0.22507015583502357,0.2626716091211803,0.02386847921031616,0.04491968625826115,494.49591150693595
69,"[[-0.24108937 -0.01811509  0.08066779  0.13107077 -0.21516057  0.11853159
   0.58753695  0.2313688  -0.34746503 -0.20302042  0.26306592 -0.47671083
  -0.01948821]
 [ 0.50406915  0.27220386  0.12549389  0.11972288  0.2890651   0.24182995
  -0.27200138 -0.07697839 -0.58255732 -0.16531669 -0.20223415  0.10508693
  -0.03378943]
 [-0.26738601  0.41542154  0.20305125 -0.05535974 -0.37742979  0.193408
   0.18072838  0.50857758  0.24527509  0.26246773 -0.31264172  0.11260348
  -0.0314291 ]
 [-0.24854254 -0.36786858  0.20436763  0.33887662  0.28027371  0.034906
  -0.0116302  -0.08494631  0.07360866  0.59793506  0.39898525  0.18250624
  -0.06107843]]","['bbo_main', 'random_fill', 'random_fill', 'random_fill']","[[0.08856968 0.15240746 0.23532422 0.16531788 0.28564129 0.48509423
  0.10145508 0.17504156 0.24300122 0.04571267 0.07610935 0.10489101
  0.61072695]
 [0.09890765 0.1665601  0.23852378 0.17483922 0.30754062 0.52140578
  0.08550207 0.14306075 0.20338998 0.04678504 0.08090222 0.12351558
  1.00000415]
 [0.09278786 0.1599202  0.24584523 0.1589478  0.27015086 0.3993273
  0.10248394 0.18378872 0.38534687 0.04797231 0.08102764 0.11607285
  1.00000279]
 [0.08747899 0.14997712 0.25092699 0.16732469 0.28948197 0.41211734
  0.09205409 0.16166569 0.23502098 0.05265776 0.09081233 0.1318067
  0.12289466]]",[-0.02291256  0.1633901   0.23342225  0.21335331],4,0.0434368853811016,0.23431410170483133,0.27240019278405647,0.023574259469474394,0.0421268611954686,475.92566501302645
70,"[[-0.07906034 -0.08999849 -0.003977   -0.29301939  0.23292984  0.04789046
  -0.4167314   0.06986293  0.03387387  0.61843143  0.17223819 -0.4527967
   0.21536514]
 [ 0.11058066  0.0601234  -0.47384982  0.49479382 -0.44645425  0.05923354
   0.0739865  -0.00899108  0.01757791  0.54906551 -0.04009969  0.05392718
  -0.01093718]
 [-0.03011584  0.15437996 -0.21281063 -0.52298096  0.03526685  0.02586161
  -0.43548348  0.55709014 -0.33671448 -0.15565737 -0.12992228  0.00144724
  -0.00817376]
 [ 0.16302338 -0.16424894 -0.0941659  -0.65104309 -0.54415237  0.08831169
   0.21525675  0.09849228  0.13500085 -0.03799763  0.24180481 -0.2748431
  -0.01034601]]","['bbo_main', 'random_fill', 'random_fill', 'random_fill']","[[0.08530466 0.14549085 0.20805799 0.17168912 0.31458432 0.50180864
  0.08762292 0.15615962 0.23840647 0.05201115 0.08296248 0.10926698
  1.00000175]
 [0.08498838 0.14010739 0.19118016 0.1639236  0.27389477 0.44877905
  0.09634347 0.17176228 0.25019248 0.06108151 0.10330297 0.15486182
  1.00000421]
 [0.09140458 0.1536827  0.21306427 0.15673161 0.28225977 0.46345279
  0.09352837 0.16582845 0.23042773 0.04731331 0.08012293 0.12142011
  0.65183958]
 [0.08972329 0.15280416 0.21601511 0.15150342 0.25784967 0.39218875
  0.10530738 0.18931917 0.34739579 0.0503332  0.08616872 0.11992117
  1.00006795]]",[ 0.22114878 -0.05056819 -0.13326083 -0.17129152],4,0.043837438222266434,0.25430196040245456,0.2933530545190356,0.023415474720660384,0.043273639189709626,981.425494591007
71,"[[ 0.03389882  0.00931733 -0.08833692 -0.09799323  0.08353992 -0.53646941
   0.54522019  0.45778235  0.02098036 -0.34476397  0.22294947  0.09795161
  -0.03386049]
 [-0.27482937 -0.168596   -0.41811218 -0.10359193  0.15625866 -0.61582613
   0.29020187  0.35376386  0.1832493   0.11332693  0.19637955  0.10548491
  -0.03681364]
 [-0.013338    0.52511808 -0.12366852  0.07384955 -0.29253724  0.11257397
  -0.14534566 -0.43221137 -0.17913293  0.49873354 -0.32220554  0.1078359
  -0.02955911]
 [ 0.46766165  0.07551037  0.00670775 -0.31388092 -0.30046602 -0.08542456
  -0.28731698 -0.07183174 -0.36856641  0.25982388 -0.37811234 -0.37732614
   0.05516246]]","['bbo_main', 'random_fill', 'random_fill', 'random_fill']","[[0.08955412 0.1530081  0.21774106 0.15693736 0.26304928 0.36998935
  0.10817652 0.19205014 0.28237483 0.04997168 0.08756223 0.15531085
  0.68480465]
 [0.08497351 0.1443898  0.20494086 0.15898526 0.26741237 0.37535214
  0.10561676 0.19090682 0.31677419 0.05217269 0.08995388 0.13818379
  0.75254882]
 [0.09652774 0.16432063 0.22784746 0.16448604 0.28519544 0.44957571
  0.08724585 0.15018756 0.21664034 0.05150107 0.0878857  0.1362189
  0.3262607 ]
 [0.10515222 0.17643147 0.29107531 0.15694136 0.26849811 0.39167819
  0.08795725 0.15211728 0.21713726 0.04705248 0.07700309 0.10721515
  1.00000353]]",[-0.05952467 -0.1725361  -0.07783749 -0.21735472],4,0.047348644528487735,0.25918506922434253,0.2984554870521038,0.02328446600474308,0.043663365743065674,493.0071045549121
72,"[[ 2.44841269e-01 -1.92847200e-01 -9.31435494e-02 -3.17427823e-01
   5.13542679e-01 -1.91161369e-01 -4.41139377e-01  2.74558470e-01
   6.38680758e-02  7.08327060e-02 -4.53482387e-01  9.08540663e-02
  -1.32049478e-02]
 [ 2.03133813e-01  3.57027122e-01 -3.12869736e-02  4.47836109e-01
   3.96584421e-01  4.23537571e-02  5.95453356e-01  1.43449022e-01
   5.56380356e-03 -2.81980758e-01  2.45550807e-02  1.23032215e-01
   1.52605895e-02]
 [ 4.44733065e-01 -3.66388614e-01 -1.39649747e-01 -5.92223652e-02
   3.55185960e-01 -5.81073079e-01 -1.80426606e-01 -1.58056653e-01
  -1.52739386e-02 -3.09547831e-01 -1.59871042e-01  4.23871662e-02
  -1.46735729e-02]
 [-6.84321076e-02  1.17293561e-01  3.24992444e-02  5.29546038e-01
   1.90917235e-01 -4.43497632e-01 -9.09202052e-02 -4.47913829e-01
   1.13597400e-01  2.90325891e-01 -3.41559977e-01 -2.10224943e-01
   2.42498997e-05]]","['bbo_main', 'random_fill', 'random_fill', 'random_fill']","[[0.08789228 0.14847887 0.21115015 0.16830145 0.29449043 0.41209331
  0.09451326 0.17357206 0.26206785 0.0452693  0.07651067 0.25256561
  1.00003207]
 [0.09308816 0.15831956 0.22056964 0.18479776 0.31824363 0.4442782
  0.09740115 0.16811631 0.23891213 0.04418941 0.0761826  0.17209686
  1.00000387]
 [0.09227383 0.1547247  0.219517   0.16242913 0.26766966 0.36462171
  0.09249916 0.16600668 0.2705943  0.04829447 0.08615936 0.15474506
  0.77899825]
 [0.09525226 0.16366016 0.23641734 0.17138114 0.28194848 0.38422466
  0.08848898 0.15637256 0.30603491 0.04642718 0.07631886 0.10830701
  1.00000042]]",[-0.00679636  0.40560663 -0.25338256 -0.08411349],4,0.04554952439050562,0.2684713015042629,0.3081417831455574,0.02312460018215293,0.04544935868967814,560.2175380340777
73,"[[ 1.07918763e-01  2.35388838e-01  3.45698260e-01  3.43194829e-02
  -2.41026403e-01  3.52944558e-01  1.84157291e-01 -3.13233397e-01
   3.66693838e-01  1.43429082e-01 -2.09077894e-01 -5.43515289e-01
  -5.83879905e-02]
 [-4.28379109e-02  9.38761002e-03  3.36737096e-01  3.56899434e-02
   9.05249609e-02  4.52923044e-01 -1.05248223e-01  7.13782004e-02
   4.57734052e-01  4.02988139e-01  2.79954342e-01  4.50332117e-01
  -2.84903907e-02]
 [ 2.61237403e-01 -1.22945684e-01  3.75620665e-02 -5.17404199e-01
   4.92229673e-01 -1.45172127e-01 -2.94787670e-01  4.17824487e-01
  -1.60672704e-01 -3.10723873e-01  1.55955104e-02  1.52867118e-04
  -8.42658967e-03]
 [ 1.87263454e-01  6.12659347e-01  1.81713136e-01  1.89924652e-01
  -6.92450985e-04 -3.74732128e-01  5.64404503e-02  2.32922906e-01
  -1.35338196e-01 -1.67051274e-01 -2.96896280e-01 -4.31467806e-01
  -4.57406803e-02]]","['bbo_main', 'random_fill', 'random_fill', 'random_fill']","[[0.09485912 0.16175263 0.26921482 0.16436091 0.28406938 0.43668536
  0.09351847 0.16491576 0.33513421 0.04639868 0.07795954 0.10966787
  0.83684723]
 [0.08871148 0.1519622  0.21749488 0.16578502 0.28713776 0.45507726
  0.09381048 0.16605843 0.35589068 0.0507488  0.08681073 0.1603077
  1.00000353]
 [0.09462008 0.15900534 0.26614758 0.16183121 0.30410885 0.42481159
  0.09547241 0.17351778 0.24390483 0.04403609 0.07661095 0.11286954
  1.00000006]
 [0.09985882 0.16925128 0.27629973 0.16220255 0.27444777 0.38930784
  0.09578409 0.17048291 0.24528598 0.04570441 0.07775891 0.11106979
  0.33647734]]",[ 0.20302117  0.56222818  0.00372421 -0.0247855 ],4,0.04527342781731736,0.2743417897701465,0.3142539442532151,0.022926476269805145,0.04074878808463234,1099.8099014470354
74,"[[-0.16990983  0.3550626   0.09296597  0.35528467 -0.01249524  0.08401992
   0.32815968  0.21468474  0.10098129  0.30457772  0.62291501  0.11039934
   0.21452648]
 [ 0.19464683  0.10875131  0.11220249 -0.3133062  -0.0374294  -0.67933244
  -0.00186124 -0.06870074  0.27007452  0.38255333  0.38185906 -0.07775774
  -0.02772917]
 [-0.46001702 -0.34423357 -0.31571246 -0.10494721  0.33636319  0.20821745
   0.24558689  0.18038687  0.15449831  0.333488   -0.37806726  0.17725362
   0.02036175]
 [-0.27711487  0.0512133  -0.13148844  0.15970928 -0.11783373  0.2748478
   0.1312998  -0.42183873 -0.70574253 -0.0470692  -0.29348138 -0.01456782
   0.08088918]]","['bbo_main', 'random_fill', 'random_fill', 'random_fill']","[[0.09065583 0.15685824 0.23925558 0.16173723 0.27400005 0.39868539
  0.09900373 0.17393697 0.26306228 0.06204286 0.11062302 0.18101496
  1.00002979]
 [0.09513113 0.16249365 0.23612435 0.15695615 0.26143612 0.36671628
  0.09634503 0.17319362 0.36712093 0.05379058 0.09278378 0.13122619
  1.00004741]
 [0.08106313 0.13740935 0.19488555 0.1723275  0.30212703 0.53887768
  0.10007701 0.17683528 0.25881162 0.04799532 0.08169898 0.12389348
  1.00000386]
 [0.08877668 0.15169238 0.21479394 0.17312404 0.30360687 0.56801837
  0.08717051 0.14699645 0.20942933 0.04840409 0.08409577 0.12333054
  1.0000012 ]]",[ 0.56878781 -0.14025497  0.1735266  -0.04331538],4,0.042372733795293493,0.28756550822833615,0.3279911865672809,0.022809575379087427,0.04248335088567946,581.7317835038994
75,"[[ 1.85779988e-01 -1.19622099e-01 -5.19750891e-01 -5.20008876e-01
   2.10016773e-01  7.04031708e-02  3.85307644e-01 -9.15206412e-02
   1.13946311e-01 -3.42908114e-01 -8.17821283e-02 -2.58508739e-01
  -2.52912928e-02]
 [-3.67670239e-01  3.24983134e-01  8.13817444e-02 -6.44224267e-02
   5.29363781e-01  3.88186167e-02 -1.80933280e-01 -3.12692807e-01
   2.18704726e-01  1.24422763e-01  4.29552965e-01  2.94673301e-01
  -3.90370884e-02]
 [-4.55548329e-01 -4.04991068e-01  2.90553524e-01  3.69876513e-02
   5.66566214e-01  1.15782944e-01 -2.99809607e-01  1.01492580e-01
   3.34075350e-04 -5.19376507e-02 -1.49480874e-01 -2.83291759e-01
  -5.27505985e-02]
 [ 4.22986572e-01  2.24729589e-01 -3.03580200e-01 -1.05438431e-01
  -3.23830054e-01  7.30213846e-02 -5.44671614e-01  1.85692605e-01
   6.89193095e-02  4.56622058e-01  9.24636888e-02  1.42590604e-02
   6.28283711e-02]]","['bbo_main', 'random_fill', 'random_fill', 'random_fill']","[[0.08522239 0.14182722 0.19883054 0.16676045 0.29514097 0.42912533
  0.10126847 0.17712952 0.29380868 0.04528259 0.07728064 0.11029476
  0.51417517]
 [0.08833701 0.15163469 0.21592421 0.16757077 0.29217913 0.41562713
  0.09020644 0.15735027 0.2403223  0.0529419  0.09226638 0.29415286
  1.00004414]
 [0.08693223 0.14889562 0.28044524 0.17299378 0.30242288 0.43000932
  0.09153767 0.16072132 0.23420104 0.04648812 0.07860339 0.11204229
  0.36476128]
 [0.09952018 0.16624001 0.22439499 0.15502946 0.26092398 0.44344848
  0.09023029 0.16744105 0.25641831 0.06052151 0.10158615 0.14039512
  0.99999953]]",[-0.10607332  0.27527656  0.13291026  0.04435059],4,0.045689736728071584,0.2934492759866633,0.33409006791249557,0.02260752472624294,0.041202457805483816,511.54225863004103
76,"[[-0.11669608  0.12170632  0.02752601 -0.34197224  0.57371597 -0.32588711
   0.41334502  0.12400904 -0.20841678 -0.12668473  0.40838127 -0.07747826
  -0.00417391]
 [ 0.03259224  0.41723898  0.15869646  0.24238321  0.63623806 -0.26915719
  -0.02275842 -0.14227567 -0.25903774 -0.36849955 -0.10353554  0.16932276
  -0.02506266]
 [-0.05426942  0.06401267 -0.24097022  0.27856652 -0.33077094  0.13179405
  -0.1595055  -0.32268043 -0.10734829 -0.19755371  0.66713204 -0.32448737
  -0.0062583 ]
 [-0.27366976 -0.35128529 -0.49901772  0.35826202  0.14260225  0.30155365
  -0.44130885 -0.01981817 -0.23269558  0.04239132 -0.19837618 -0.14970582
  -0.01441144]]","['bbo_main', 'random_fill', 'random_fill', 'random_fill']","[[0.09211502 0.15941584 0.26443887 0.16270756 0.28263735 0.38809838
  0.09935764 0.16612549 0.22837719 0.0561862  0.1034647  0.14685313
  1.00004115]
 [0.09881388 0.16784112 0.30194872 0.17633828 0.3052388  0.42304321
  0.08614837 0.146734   0.21113995 0.04559479 0.08060973 0.15859336
  0.9999999 ]
 [0.08865415 0.15167713 0.21280356 0.16709724 0.28682985 0.56498265
  0.08759505 0.1515052  0.22105498 0.05349329 0.09348404 0.12896206
  1.00000259]
 [0.0834837  0.141334   0.20020493 0.18021544 0.31467435 0.55888895
  0.08938779 0.15675194 0.22759565 0.04743639 0.08087492 0.11604104
  1.00006328]]",[ 0.02962275  0.14336216 -0.10314321 -0.03576051],4,0.043899310286225166,0.28609519007303935,0.32646584243487864,0.022532333697557874,0.04059892987213545,521.6589279659092
77,"[[ 0.02483805  0.59109732 -0.14118737  0.35964631 -0.35774046 -0.175924
  -0.27900866  0.30881454  0.15235599 -0.06833083  0.32877839  0.1777393
   0.03162275]
 [ 0.44619863 -0.38481814 -0.18478204 -0.01704072 -0.46554553 -0.22036691
   0.40967924 -0.04999809  0.08662995 -0.12355799 -0.37878314  0.12662683
  -0.02176102]
 [ 0.23235855  0.14068048 -0.04053655  0.29279798 -0.58025958 -0.19981268
  -0.09523623  0.37919461 -0.44051885 -0.13395126 -0.25145404  0.18438241
  -0.01157791]
 [-0.29301752  0.19558064 -0.01347775  0.22967964 -0.48600526 -0.06911356
   0.03341196 -0.59888745  0.1047035  -0.19687859 -0.22544879  0.10222234
   0.33345713]]","['bbo_main', 'random_fill', 'random_fill', 'random_fill']","[[0.09581461 0.16339751 0.22746852 0.15819868 0.26328463 0.37272927
  0.09592531 0.17364489 0.26758941 0.05351189 0.09442779 0.24936633
  1.00000183]
 [0.09106869 0.15321592 0.2163217  0.15649213 0.25886079 0.36547198
  0.10525514 0.18828468 0.28508042 0.04931176 0.08530258 0.17855633
  0.86761186]
 [0.09704904 0.16512852 0.23138919 0.15928709 0.26654171 0.38231841
  0.09339921 0.16537184 0.23598571 0.05006422 0.08800281 0.27340384
  1.        ]
 [0.09324566 0.16212955 0.22901331 0.15921958 0.2639154  0.37689639
  0.08890041 0.15399001 0.31506028 0.04842681 0.08601256 0.15192777
  0.99998645]]",[ 0.13494722 -0.23828472 -0.18816061  0.14734974],4,0.042415204283521024,0.3116154719056727,0.3528703729628657,0.022487333935195298,0.03997150787824977,679.8151553350035
78,"[[ 0.49475604  0.020916   -0.22416481  0.54593986 -0.01488946  0.00601611
  -0.33194058  0.40894802  0.0085181  -0.15599771  0.2537679  -0.00476916
   0.19992282]
 [ 0.12896415  0.45065697  0.11180771  0.38318835  0.23488785  0.02081608
  -0.02158171 -0.30005287 -0.42779198  0.23187895 -0.28353275 -0.36817097
   0.14874364]
 [ 0.06386526 -0.44870651 -0.06239248  0.13664662 -0.57689171 -0.04028315
  -0.54290855  0.01298278  0.09303407 -0.03050909  0.2308269  -0.28249556
  -0.00161402]
 [ 0.38420798  0.09088134 -0.18678452 -0.29084034 -0.05792001 -0.26592259
  -0.30339834 -0.66274987 -0.21576081  0.15619422  0.20349766  0.00174569
   0.08322888]]","['bbo_main', 'random_fill', 'random_fill', 'random_fill']","[[0.08855642 0.14321171 0.19736341 0.18360438 0.30686178 0.43071598
  0.09578288 0.18164026 0.27003128 0.04722973 0.08368719 0.12104008
  1.00002771]
 [0.09979356 0.1689064  0.2753805  0.18117723 0.31557661 0.44529148
  0.08511868 0.14284873 0.20368111 0.0454783  0.07500765 0.10562167
  1.00001725]
 [0.08610816 0.14523241 0.20788313 0.15755412 0.26253503 0.38103106
  0.091575   0.17054133 0.34981993 0.05147446 0.08783621 0.12150432
  1.00000917]
 [0.10125104 0.17004477 0.23373137 0.1602591  0.27366569 0.38773467
  0.08558503 0.14368294 0.20850659 0.05958882 0.10582844 0.16841974
  1.0000579 ]]",[ 0.35883434  0.23990302 -0.25010344 -0.20667877],4,0.047642112484436894,0.3184986036154018,0.35996699822461675,0.022370859416029475,0.039588745999895286,787.096512980992
79,"[[ 0.61989109 -0.00132349  0.19056972 -0.12778918  0.40016251 -0.21922195
   0.35054174  0.25629888  0.18553546 -0.15060409 -0.03497496 -0.32852618
  -0.00847225]
 [-0.36696367 -0.34946009 -0.02884975  0.048606   -0.38421937  0.0232536
  -0.35435446 -0.46777971  0.06112693 -0.23419564 -0.42131957 -0.10484674
   0.01957423]
 [-0.1056745  -0.09297566  0.05087399 -0.29391959  0.06792471  0.14078111
   0.28352958  0.0722207   0.3538115   0.30453971  0.6699845   0.33206514
  -0.06403209]
 [-0.33777093 -0.03007685  0.21546388  0.3465598  -0.00184288  0.29620835
   0.16875341 -0.13363536  0.38309769  0.38398959  0.5174175  -0.14007406
  -0.05334266]]","['bbo_main', 'random_fill', 'random_fill', 'random_fill']","[[0.09795473 0.16542269 0.35192731 0.16290263 0.27976744 0.39458354
  0.10140151 0.18074956 0.27404798 0.04464496 0.07437193 0.10472787
  1.00000039]
 [0.08387104 0.14375795 0.20753001 0.16541887 0.2807476  0.41881059
  0.0869373  0.15314558 0.30425395 0.04462303 0.07612061 0.11023161
  0.99999919]
 [0.08814386 0.15096632 0.21435597 0.16201725 0.27897817 0.40108396
  0.09599241 0.16949513 0.28544443 0.05384655 0.09396331 0.1478824
  0.24632796]
 [0.08799006 0.15106074 0.21717821 0.16699591 0.28865393 0.42179052
  0.09393208 0.16603539 0.42231282 0.05014898 0.0855152  0.12063087
  1.00000473]]",[ 0.21271691 -0.29544367  0.26848624  0.34352394],4,0.04664332593844259,0.3125984640234557,0.3538844889886187,0.022286594565660414,0.03896859793983254,581.9013230090495
80,"[[-0.15279298 -0.33710212 -0.57208873  0.0578264  -0.05186963 -0.25908497
  -0.3817906  -0.39509966 -0.34500124  0.17356553 -0.05980863 -0.08930453
  -0.00074857]
 [-0.29215938 -0.33111492 -0.44555451  0.32886666 -0.0517785  -0.27704688
  -0.07070469 -0.36248346 -0.47668359 -0.04540514 -0.08620618 -0.10317807
   0.18745189]
 [ 0.0244174  -0.32493847  0.27552671  0.28694165  0.18302609  0.29775985
   0.10209019  0.444703    0.25153101 -0.05234372 -0.50936769  0.27786625
  -0.05052579]
 [-0.16278572 -0.03544237  0.03581806 -0.28796136  0.36349623  0.13094208
  -0.18753119 -0.51395717 -0.22064478 -0.46201755  0.3965922   0.14001439
   0.02027244]]","['bbo_main', 'random_fill', 'random_fill', 'random_fill']","[[0.08373989 0.13899873 0.19494792 0.17301528 0.2998198  0.42454611
  0.08638501 0.14806501 0.21416053 0.05667012 0.09796069 0.1538906
  1.00007013]
 [0.08300314 0.14127356 0.20080039 0.17927705 0.30770944 0.43274897
  0.08664533 0.14499266 0.20639155 0.05159878 0.09077253 0.14579843
  1.00013401]
 [0.08755673 0.14975961 0.24625702 0.16836421 0.29156763 0.44899674
  0.09899514 0.17640243 0.2576143  0.04599743 0.07814776 0.11896717
  0.35997183]
 [0.08786734 0.14983018 0.21326156 0.17644972 0.31312176 0.49335511
  0.08416766 0.14061078 0.20069857 0.05128862 0.0926978  0.15926819
  1.00000031]]",[-0.46260108 -0.23216302  0.38270062  0.03893774],4,0.04447968513312589,0.31948232255930953,0.3609803874133136,0.022162448956168326,0.04255710698460291,661.6129653370008
81,"[[ 0.12219022 -0.71450588  0.06186849 -0.10473967 -0.0123238   0.09828948
   0.4371875   0.39147836  0.20124959  0.15711635  0.04493938  0.19269404
  -0.03484814]
 [-0.38186016  0.59439039 -0.05781972 -0.23811564 -0.00923373 -0.25173301
  -0.20210868 -0.35920478  0.14471827 -0.41844608  0.09745749  0.03764984
   0.02353635]
 [-0.32081069 -0.09755119  0.01503346  0.35233665 -0.31973524 -0.02672
  -0.30768759 -0.70904083  0.08347658 -0.04481304  0.12889432 -0.19220389
  -0.01758907]
 [-0.07985587 -0.47451466  0.12791821  0.08753052 -0.59217944  0.09307037
   0.37488731  0.3932601   0.05301867  0.29052739 -0.00702175 -0.02935354
  -0.0421136 ]]","['bbo_main', 'random_fill', 'random_fill', 'random_fill']","[[0.08385406 0.1419486  0.20457961 0.16283458 0.28120802 0.40464299
  0.10493151 0.18589905 0.30381061 0.05024414 0.08624212 0.14043156
  0.52491795]
 [0.09645982 0.16674435 0.23250221 0.15884506 0.26894949 0.3799688
  0.09121651 0.16104358 0.37989689 0.04933978 0.08768554 0.1322096
  1.00000588]
 [0.08768296 0.1517889  0.2190231  0.16599905 0.28165042 0.40419824
  0.08456031 0.14674062 0.2800448  0.05014582 0.08687357 0.12189379
  0.64949712]
 [0.08819399 0.15121757 0.2501025  0.15971951 0.27091484 0.39506379
  0.10207379 0.1815975  0.26007654 0.05045536 0.08630298 0.12216745
  0.24422193]]",[ 0.14106114 -0.09201524 -0.21459859 -0.03283454],4,0.041142708310137166,0.3224340960994463,0.3640199382620887,0.02215383467305932,0.04030719910169204,535.5143363289535
82,"[[ 0.28410376 -0.39600257  0.1082385   0.22130247 -0.15743638 -0.07225606
   0.41300547  0.21909104 -0.59503797  0.01759232  0.29480154  0.10910951
  -0.00161239]
 [-0.12233635  0.40191502 -0.09036771 -0.28306512 -0.21715546 -0.35765006
  -0.09977997 -0.5777313  -0.00938344  0.41024403  0.03647052 -0.21585455
  -0.00974106]
 [ 0.37064553  0.06800236  0.16854152  0.25171259  0.1232424  -0.018371
   0.5020993   0.47087986  0.19193881 -0.44797775 -0.00462732  0.19443443
  -0.03903381]
 [ 0.13457327  0.03204034 -0.18057375 -0.3086546  -0.12295136 -0.30196312
  -0.24947421 -0.38644864 -0.03326452  0.65528115 -0.3177668  -0.06004703
  -0.00537692]]","['bbo_main', 'random_fill', 'random_fill', 'random_fill']","[[0.09085146 0.15375523 0.30157824 0.16231221 0.2765046  0.3975635
  0.0911975  0.15147494 0.20780934 0.05727904 0.10477326 0.16295101
  1.00000025]
 [0.10124544 0.1740112  0.2412174  0.15561532 0.25829938 0.36238613
  0.08857361 0.15376907 0.26458306 0.05416681 0.0918305  0.12809219
  1.00004487]
 [0.09360372 0.15956656 0.24675863 0.16355409 0.28029403 0.39937674
  0.10161974 0.18062279 0.27796988 0.04550383 0.0789975  0.12875764
  0.32942449]
 [0.09630988 0.16384641 0.22750434 0.15439439 0.25816234 0.36255868
  0.08801253 0.15428425 0.26806267 0.05556273 0.09238372 0.13086102
  0.99999992]]",[-0.04351249 -0.3059722   0.33636358 -0.30842497],4,0.04323915277947383,0.33720666058370197,0.37920399553537837,0.02202318094262948,0.040262514947535966,736.6982010358479
83,"[[-0.24338503  0.18498779 -0.3067812  -0.26085328  0.01562186  0.31933878
   0.31979906  0.37550501  0.35207183  0.04697329  0.38850732  0.34683399
  -0.03865939]
 [-0.53514779  0.17523385 -0.13017325 -0.19390025  0.17820304 -0.13527182
  -0.27072694 -0.03840047 -0.20600034 -0.1697816  -0.56836678 -0.32826627
   0.03851795]
 [-0.11786756 -0.39753066 -0.46136938  0.40175898  0.28309271 -0.09349491
  -0.10967753  0.05406436 -0.26683665 -0.16089015  0.22654218  0.31615277
  -0.31876066]
 [-0.07813473 -0.49907228 -0.07857061 -0.29472312 -0.54298223  0.08670554
   0.1785437   0.25905    -0.35879546 -0.29545934 -0.15643459 -0.03962916
   0.09155223]]","['bbo_main', 'random_fill', 'random_fill', 'random_fill']","[[0.08663251 0.14832352 0.20875181 0.16274075 0.2809764  0.42554078
  0.0999689  0.17785995 0.35796883 0.05060797 0.08741395 0.1776654
  1.00000106]
 [0.08723735 0.15536664 0.23050217 0.17468862 0.30639097 0.4363978
  0.08808464 0.15180116 0.2202442  0.04210612 0.06994511 0.09904811
  1.00005686]
 [0.08946893 0.15302297 0.21636289 0.1667058  0.28808044 0.41543784
  0.09349729 0.16473546 0.23887191 0.04957692 0.08525538 0.12802642
  0.02330479]
 [0.08468972 0.14359402 0.20611877 0.15456932 0.26413507 0.47485331
  0.09874883 0.17251244 0.24214447 0.04777797 0.08260146 0.12091791
  0.99999749]]",[ 0.32422859 -0.20371312 -0.08221557 -0.20711732],4,0.04118296943960842,0.33277251579132866,0.37465115383162484,0.022003052552054498,0.038200704928038565,500.532410036074
84,"[[-0.55713911  0.22883829  0.0304926  -0.4793069  -0.32810329 -0.13998606
   0.21839065 -0.03084831 -0.18308204  0.15976709 -0.12396193 -0.39436758
   0.0270792 ]
 [-0.29300927  0.11029974  0.14146084  0.1831618  -0.18910601 -0.48183553
   0.17432196 -0.1120476   0.30324088 -0.05922744 -0.1989886  -0.63033228
   0.07192066]
 [-0.20386794 -0.1314739  -0.3427719  -0.11076381 -0.64801323  0.10901012
   0.10374758  0.21992066  0.21115175 -0.2025239  -0.33429766 -0.34845178
  -0.04103307]
 [-0.21718326 -0.12814288 -0.10541349 -0.22010321 -0.16077946  0.02307095
   0.42265754 -0.65043265  0.04861531 -0.404504    0.1179528   0.01321708
   0.26209652]]","['bbo_main', 'random_fill', 'random_fill', 'random_fill']","[[0.09285224 0.16715773 0.29616657 0.15171131 0.25851489 0.37404382
  0.09592445 0.16832099 0.24045469 0.04817824 0.07904439 0.10870859
  1.0000021 ]
 [0.09363247 0.16074775 0.23590047 0.16119391 0.27191162 0.38436991
  0.09735941 0.17460353 0.39870428 0.04661063 0.07839435 0.11069513
  0.99999706]
 [0.08773475 0.15018641 0.21268037 0.16081376 0.27310584 0.40097521
  0.10206149 0.18342802 0.30908403 0.04653396 0.07907591 0.11203474
  0.40258214]
 [0.08477503 0.14412294 0.2062672  0.1599316  0.27830822 0.40848411
  0.08975298 0.14763056 0.29201125 0.04920926 0.0923072  0.13707001
  1.0000308 ]]",[-0.26050486 -0.08133577 -0.23683608  0.08185908],4,0.04060652136525822,0.35298868384580406,0.39537570184446885,0.021593279117651812,0.038256500609545135,632.5351779370103
85,"[[ 0.31323571 -0.51832315 -0.11533246  0.2159791  -0.23443441 -0.05800039
  -0.1126902   0.38250542 -0.49642617 -0.2357778  -0.22456228  0.04086803
   0.04259595]
 [ 0.32795455 -0.01815537 -0.53160062 -0.48380962  0.16488163  0.08484916
   0.05994989  0.17837265 -0.12669273  0.52601748  0.02842268 -0.10879559
  -0.0161037 ]
 [ 0.35184877 -0.48129677 -0.11375369 -0.22926502 -0.16233022 -0.189175
   0.17190798  0.10047068 -0.35397735  0.10186627 -0.04669149 -0.5824536
  -0.01263028]
 [-0.62267956  0.0575412  -0.18478358 -0.16435093 -0.36383008  0.09577223
  -0.18218316  0.24416114  0.10524076  0.39030295 -0.37597608  0.09250969
  -0.01117575]]","['bbo_main', 'random_fill', 'random_fill', 'random_fill']","[[0.08674333 0.14200918 0.20090294 0.17004923 0.29039572 0.41921742
  0.09173817 0.15724031 0.21843671 0.04640407 0.08337169 0.18750945
  1.0000077 ]
 [0.08556719 0.13847338 0.18824086 0.16448256 0.29484458 0.48452969
  0.09655654 0.16843927 0.24100541 0.05569084 0.09280211 0.1287186
  0.87445959]
 [0.09236016 0.15475017 0.23892001 0.15999788 0.27436026 0.39660117
  0.09782522 0.17085258 0.24077087 0.04745543 0.07719013 0.10466603
  0.54615875]
 [0.08327376 0.14284486 0.20153628 0.15822492 0.26733113 0.41107487
  0.10265121 0.19092412 0.34010663 0.05088999 0.08581228 0.13139686
  0.99999997]]",[-0.1633068  -0.05522683 -0.34328397 -0.11248508],4,0.04330088999552706,0.36335911818963573,0.4059749023861221,0.021491264537675258,0.037127111459093226,725.7229158070404
86,"[[ 0.18560882 -0.35989904  0.02324541 -0.50524137  0.18845915  0.06527476
  -0.27886089 -0.57505962 -0.08495703  0.26405785  0.19513569  0.12890934
  -0.01839671]
 [ 0.53709636  0.22756797  0.04430576 -0.32155738 -0.22388483  0.12919422
   0.05553374 -0.53573735  0.17652809 -0.09450685 -0.35187341  0.17455402
   0.05555519]
 [ 0.24704391 -0.02615354 -0.36498791  0.556743   -0.09400973  0.02637794
  -0.45302476 -0.38339679 -0.22677658 -0.19699766 -0.10449436  0.17598015
  -0.03499178]
 [-0.15896233 -0.3645732   0.15448305  0.09847216  0.40694626  0.21468166
  -0.45401185  0.49692955  0.1546096  -0.28088765  0.19293948  0.05404665
  -0.02340267]]","['bbo_main', 'random_fill', 'random_fill', 'random_fill']","[[0.08838786 0.14977678 0.21480086 0.16553941 0.29472102 0.42958092
  0.08499118 0.14382745 0.21071296 0.06026415 0.10389228 0.22145451
  1.00001335]
 [0.1012535  0.17000753 0.23451218 0.16088653 0.27996361 0.41083447
  0.09033872 0.15732593 0.32667371 0.04779672 0.08187754 0.17550235
  0.99999543]
 [0.08877987 0.15079681 0.21288116 0.17478096 0.30107471 0.43064492
  0.08678883 0.14990672 0.21755684 0.04884825 0.08622647 0.1807395
  0.47406708]
 [0.08433634 0.14490203 0.21037463 0.17535922 0.30562579 0.57300553
  0.09389593 0.16831172 0.25036225 0.04698887 0.08149568 0.11684271
  1.00000229]]",[-0.11053422  0.07338545 -0.12888984  0.29607565],4,0.04223377491760595,0.359901134272885,0.4024430080194298,0.021573055185122775,0.038927027726808464,546.1619342940394
87,"[[ 0.26633412  0.23286451 -0.58369738 -0.31433691  0.0142846  -0.20211918
   0.33032459  0.07224693 -0.25705288 -0.44558718  0.12371776  0.00289741
   0.00108437]
 [ 0.0062142  -0.08961456 -0.12285315  0.50140915 -0.66518298 -0.04315081
  -0.0337329  -0.07660521  0.04888705 -0.23548067  0.45470888  0.09517548
  -0.02074364]
 [-0.02866707 -0.33750254  0.19893871 -0.14246862  0.53642156  0.17243882
   0.21487847 -0.49880628  0.08152947  0.13746606 -0.34647932  0.25920856
  -0.01231437]
 [-0.45097324 -0.06739464  0.09534397  0.13873085 -0.27765721 -0.40562982
  -0.16202729  0.55230069  0.01906726  0.0918287   0.37949546  0.10535949
   0.16405156]]","['bbo_main', 'random_fill', 'random_fill', 'random_fill']","[[0.09141865 0.14786586 0.19953547 0.15831482 0.26993253 0.38429832
  0.1040996  0.17886514 0.24771757 0.05015188 0.09381104 0.16473452
  0.99999999]
 [0.0888929  0.15195722 0.2152843  0.15932523 0.26457307 0.37989671
  0.09389776 0.16473275 0.25430215 0.05589987 0.10467595 0.1852943
  0.63291485]
 [0.08736539 0.14917837 0.22329032 0.17343302 0.30593018 0.44069404
  0.08976187 0.1543441  0.22605925 0.0480544  0.08296665 0.2628258
  1.00000589]
 [0.08763871 0.15105692 0.25932828 0.15653947 0.2568918  0.35847437
  0.10304538 0.18859609 0.27224785 0.05703468 0.09881449 0.15345702
  0.99998946]]",[-0.20681676 -0.11642324  0.20136249  0.09561502],4,0.04093676048993375,0.36335911818963573,0.4059749023861221,0.021447340973892202,0.040680852180182914,878.90689044795
88,"[[-0.25595886  0.20953428 -0.22888674  0.56062592  0.12014176 -0.04214663
   0.57390965  0.29549262  0.18690601  0.03553854 -0.18270111 -0.14267313
  -0.03254497]
 [-0.00692979 -0.11346951 -0.46867734 -0.42834778 -0.21551538  0.04513432
   0.32837075 -0.22105295 -0.10060089 -0.52367832 -0.287151    0.10822459
  -0.01525969]
 [-0.25922508 -0.73383081  0.20679194 -0.25432314 -0.12253527 -0.39253363
   0.0376385   0.02735492  0.19890556 -0.00961973  0.1741338   0.21313436
  -0.01357372]
 [-0.06059043 -0.17414021  0.0945896  -0.27889939 -0.31843761 -0.03324119
   0.31490443  0.07505841 -0.49106139 -0.43429488 -0.47350891  0.07823798
   0.10899848]]","['bbo_main', 'random_fill', 'random_fill', 'random_fill']","[[0.08518106 0.14693303 0.20923399 0.16966989 0.29054543 0.41308549
  0.10430269 0.18433906 0.3052305  0.04549125 0.07732397 0.11116313
  0.43246276]
 [0.08583077 0.14355282 0.2005891  0.16211374 0.28496776 0.43724619
  0.09546153 0.1649063  0.23759184 0.04634375 0.0814174  0.23366109
  1.0000001 ]
 [0.08671124 0.14899439 0.26781581 0.15782742 0.26525402 0.3726001
  0.09739152 0.17448264 0.26597817 0.05348655 0.0946813  0.21170738
  1.00000007]
 [0.09159715 0.1563659  0.32500592 0.15832192 0.27238262 0.39483662
  0.09226865 0.15514855 0.21518196 0.04458886 0.07826626 0.12923385
  0.99999826]]",[ 0.2026472  -0.28864473 -0.1864682  -0.14833666],4,0.04005774692873837,0.368795442986064,0.41152267201287446,0.021276932579049095,0.04215531825367591,797.2463651990984
89,"[[-2.66380494e-01  7.05832911e-01 -2.82981508e-01 -1.89756220e-02
   1.09582117e-01 -2.21955162e-02  4.39858801e-01 -5.31627934e-02
  -2.34084896e-01 -6.53953833e-02 -2.79375687e-01  8.63552204e-03
   6.63487429e-02]
 [-3.09501323e-01  4.60119242e-01  1.14112944e-01 -4.81009856e-01
  -1.09306769e-01 -1.07995735e-01  5.65489190e-01 -1.01193097e-02
   7.26152568e-02 -1.41902859e-01  1.88678461e-01  2.08821614e-01
  -2.66740600e-04]
 [-1.80567272e-01  3.71994475e-01  1.38610069e-01  2.44457684e-01
   1.62112510e-01  3.02851698e-01  4.65814694e-01 -2.59393676e-02
  -5.48461015e-01 -1.25937881e-01  1.22739259e-01  2.83981021e-01
  -4.48049416e-02]
 [-6.14990923e-02 -2.19220634e-01  1.73266040e-01 -3.14377549e-01
   3.75163234e-01 -3.94493453e-01  3.13878113e-01 -4.36672824e-01
   6.78447924e-02  4.49558991e-01 -1.24462465e-01  1.07372914e-01
  -2.14457340e-03]]","['bbo_main', 'random_fill', 'random_fill', 'random_fill']","[[0.100914   0.17639024 0.2353776  0.16955002 0.29839506 0.42951803
  0.09233107 0.15107233 0.20877751 0.04468743 0.07617463 0.13208546
  1.00000088]
 [0.09458837 0.1623044  0.23162996 0.15700646 0.26722363 0.38310503
  0.09914805 0.17368207 0.25436576 0.05053835 0.08905713 0.27639933
  1.00000915]
 [0.09203139 0.15821905 0.22470123 0.17060706 0.29880433 0.5725647
  0.08896966 0.15142857 0.2152836  0.04901069 0.08552684 0.13802056
  1.00000604]
 [0.08953698 0.1534816  0.39324081 0.16043104 0.27480268 0.38664939
  0.09286863 0.1617556  0.23698907 0.052819   0.09105653 0.13270764
  0.99999997]]",[ 0.07795636  0.06559489  0.25508888 -0.0717778 ],4,0.04327149443723485,0.3786869636860793,0.42160223201777114,0.021204891789711054,0.0388113059141637,530.0026031299494
90,"[[ 0.32004951 -0.3223296  -0.55296441  0.57266587  0.12560219  0.06287636
   0.01713744 -0.05216085  0.14759411 -0.2640663  -0.20865954 -0.04525193
   0.01052281]
 [-0.41188563  0.53863722 -0.20798803  0.15701135  0.36481903 -0.20480074
   0.12613688  0.11420001 -0.17956088 -0.1985882   0.05781353 -0.43941318
  -0.01464394]
 [-0.508695    0.35789561  0.1117501   0.18110215 -0.37001279  0.1046685
   0.2854699  -0.19136147 -0.18922404  0.43037528  0.25161189 -0.1324352
   0.00075412]
 [ 0.41102146 -0.25584935  0.06709711  0.55440308  0.02420738 -0.12181366
  -0.32786129 -0.0265954   0.09428539 -0.42164832  0.31336818  0.06220634
   0.20338751]]","['bbo_main', 'random_fill', 'random_fill', 'random_fill']","[[0.08232791 0.13532524 0.1890741  0.18796302 0.32148068 0.45361162
  0.09379236 0.16662318 0.28444972 0.04516586 0.07741277 0.11210596
  1.00004575]
 [0.09117977 0.15824654 0.22161855 0.18241522 0.31435794 0.43908133
  0.09234199 0.16036841 0.23849516 0.04388444 0.07266793 0.10097079
  0.62280392]
 [0.09280436 0.16527778 0.31115513 0.16005297 0.27120372 0.42864129
  0.08969881 0.15268529 0.21629932 0.05843841 0.09920856 0.13437099
  0.99999992]
 [0.09068953 0.15296812 0.22614606 0.1751828  0.29361393 0.40698897
  0.08877933 0.15800426 0.35472998 0.04731902 0.08949839 0.13993251
  1.00001057]]",[ 0.06698841 -0.01587587  0.00874739  0.28828966],4,0.04006432113827264,0.3856165730871957,0.42865237906498144,0.021114584704081372,0.04019405264221099,986.0155609960202
91,"[[ 0.37301181 -0.27635092  0.03789935  0.6779829  -0.17296533 -0.11593042
  -0.17797689  0.16442236  0.06378838  0.34523502 -0.26948873 -0.15941157
   0.00595183]
 [-0.42207461  0.1305888   0.13450434  0.51243045  0.34775849  0.01331592
   0.01550108  0.23225319  0.18086659 -0.18499628 -0.34135536 -0.39532409
   0.09532639]
 [-0.33517108 -0.5474228  -0.21293056  0.30729547 -0.01097012 -0.33201455
  -0.22841825 -0.15270281  0.06594942 -0.16983113 -0.46739924  0.09852192
  -0.03179766]
 [ 0.32667326  0.47391058 -0.41054893 -0.16099266 -0.44666021  0.06262165
   0.2241418  -0.11997861  0.15184136 -0.34740613  0.11075302 -0.22255824
  -0.0248565 ]]","['bbo_main', 'random_fill', 'random_fill', 'random_fill']","[[0.09088641 0.15330993 0.22560943 0.177031   0.28603121 0.39102321
  0.09848426 0.1838256  0.30980171 0.04594835 0.07529959 0.10579765
  1.00000029]
 [0.08531199 0.1479816  0.22426808 0.18447402 0.31388192 0.43802779
  0.09524577 0.17040178 0.32233675 0.04348135 0.07201908 0.10098818
  0.99999452]
 [0.08419526 0.14358547 0.20609839 0.16768094 0.28577501 0.40210552
  0.09363188 0.16718135 0.27120789 0.04784513 0.08278181 0.1419249
  0.32303526]
 [0.09647829 0.16338085 0.22417994 0.15859368 0.26963111 0.39650994
  0.09741043 0.17348807 0.30513564 0.04717364 0.08055132 0.11394094
  0.39966478]]",[ 0.04241976  0.34512723 -0.30795579 -0.09963661],4,0.04281918228177644,0.3980021007802709,0.44123070209121223,0.021052651986478613,0.03906156439638858,546.2508756851312
92,"[[ 0.09753043 -0.00946581  0.0036966   0.67702762 -0.4714317   0.08298854
   0.32926416  0.14803488 -0.26342921 -0.20605432  0.23490772  0.07423018
   0.00298448]
 [-0.36770471  0.17778233 -0.19334166  0.12508482  0.22336447 -0.52471503
  -0.52136341 -0.05356399  0.18901658  0.33728434  0.02799791  0.16601427
   0.04919756]
 [-0.32491528 -0.20755067 -0.53553206  0.04913494 -0.3378455   0.11747897
  -0.24472662  0.12297974  0.0716858  -0.29732174  0.40492885 -0.31703999
  -0.03416338]
 [-0.30339955 -0.44577506 -0.49645693 -0.4403678  -0.00358018  0.08661784
  -0.35351241 -0.01589841  0.14573629 -0.1737857   0.28870366  0.01616272
   0.03239136]]","['bbo_main', 'random_fill', 'random_fill', 'random_fill']","[[0.09135408 0.15506536 0.21913917 0.1657845  0.2734045  0.50727993
  0.09457365 0.16229611 0.22773451 0.05185023 0.09853225 0.15397815
  1.00000484]
 [0.08843195 0.15210327 0.21666043 0.16095568 0.27009195 0.37835326
  0.09175705 0.16593679 0.37818859 0.05554207 0.09612496 0.14703039
  1.00005522]
 [0.08426857 0.14277582 0.20143857 0.16545643 0.2843466  0.44945871
  0.09667688 0.17282606 0.25798767 0.04951152 0.08509945 0.11976494
  0.28674237]
 [0.08140175 0.13439562 0.18856629 0.16407905 0.28709894 0.43032633
  0.09281722 0.1659717  0.32955391 0.05249115 0.09020007 0.12840359
  1.00003421]]",[ 0.05574922 -0.05563955 -0.211963   -0.15026763],4,0.04099128710105274,0.40147260609073077,0.44475007496536956,0.021042399431088866,0.037571602928062844,402.50973503594287
93,"[[-0.40956836  0.52717191  0.06598144  0.45237756 -0.36552057  0.16788476
  -0.22213631 -0.0743009   0.16128394 -0.3174678   0.03345093  0.00465563
  -0.0273831 ]
 [ 0.17023673  0.05650838 -0.15909114 -0.22790915  0.12926758 -0.32052327
   0.71569701 -0.14918722 -0.21159057  0.13883943 -0.41522526 -0.01188605
  -0.00700865]
 [ 0.12295954 -0.2904809   0.24010959 -0.43112938 -0.12390226 -0.04197747
  -0.44226365 -0.13719055  0.2685396   0.56970856  0.15749394 -0.04790179
  -0.04079337]
 [-0.2203104   0.09012061  0.24670024 -0.16216112  0.47450849  0.32050387
  -0.18417928 -0.01618862 -0.41296443 -0.30924063  0.40461958 -0.24635332
  -0.05952221]]","['bbo_main', 'random_fill', 'random_fill', 'random_fill']","[[0.09405492 0.16213591 0.22789889 0.16567867 0.28240798 0.47344932
  0.09197104 0.16410186 0.25008957 0.04651048 0.08082122 0.1162579
  0.32355579]
 [0.09706227 0.16435941 0.22710749 0.1565015  0.26561816 0.37229617
  0.11020343 0.18559962 0.25430671 0.04755853 0.07965634 0.14107791
  1.00008022]
 [0.09058907 0.15443066 0.26630685 0.16024344 0.27513372 0.39489715
  0.09200591 0.16454627 0.3830191  0.05230256 0.08885206 0.12498316
  1.00009403]
 [0.09075113 0.15506431 0.23008677 0.17119355 0.30171096 0.48986613
  0.08865654 0.15199342 0.21836652 0.04802691 0.08318208 0.1187396
  0.41308218]]",[ 0.10052866 -0.16876556 -0.05293219  0.1791499 ],4,0.0428585650843164,0.40643239837074085,0.44977582293760665,0.02096976690993324,0.041604565923577974,607.320365422871
94,"[[-0.10561798 -0.0572945  -0.0239906   0.25923593  0.29407985 -0.09294323
   0.62800562 -0.22993808 -0.3545658   0.45693806  0.18832219 -0.07004471
  -0.02277229]
 [ 0.18806653  0.0889653  -0.00331267 -0.21390483 -0.0281723   0.18825359
  -0.34145276 -0.73495715  0.18350061 -0.17475814  0.07845046 -0.38263915
  -0.03442012]
 [-0.383524   -0.08762896  0.04243542  0.24219747  0.65076067  0.24857018
  -0.13489744 -0.25700115 -0.04361379  0.07568193  0.41874165  0.17694322
  -0.03103616]
 [-0.12775349  0.42317748 -0.5216773  -0.15016779 -0.13022998 -0.08482085
  -0.13681004 -0.3984733  -0.11066089 -0.07292665  0.25521286 -0.37500202
   0.29142009]]","['bbo_main', 'random_fill', 'random_fill', 'random_fill']","[[0.08756738 0.14961276 0.22266055 0.17757004 0.31135821 0.43926264
  0.08887093 0.14714976 0.20817227 0.05458438 0.09303655 0.13063785
  0.63217603]
 [0.09477079 0.16097411 0.22442569 0.16771983 0.29496776 0.48096195
  0.08803832 0.15223609 0.23751965 0.04662448 0.07911625 0.11173962
  0.39999584]
 [0.08435624 0.14505585 0.20728351 0.18544239 0.32349945 0.53374884
  0.08664839 0.14837494 0.21490103 0.04966965 0.08601016 0.13243421
  1.00000004]
 [0.0934673  0.15779638 0.21417815 0.1616056  0.28036712 0.4252821
  0.08569932 0.14530646 0.2202239  0.05214431 0.08746689 0.11893217
  1.00007526]]",[ 0.04068907 -0.0790704   0.32481935  0.01761701],4,0.04496962491533707,0.44320448493105224,0.48689673391531973,0.020560042464496685,0.038977443178379825,889.7793104150333
95,"[[-0.27059165 -0.30725885 -0.08999991 -0.22146715  0.21725208  0.02753294
   0.08605835  0.17634176  0.13986962  0.41335629  0.36280418 -0.60524859
  -0.01964256]
 [-0.04703218 -0.51206172 -0.05964686 -0.02774346  0.27435509 -0.3455071
  -0.32464608  0.20561993 -0.09981872  0.20173678  0.45524649 -0.36152146
   0.01800479]
 [ 0.4033796  -0.54613228  0.06262475 -0.35037175  0.03117759  0.04452838
   0.02360345  0.04226369 -0.10345518 -0.25178822 -0.5722277  -0.05136625
   0.05348576]
 [ 0.11161355  0.08318851  0.13769167 -0.3221838  -0.06659504 -0.17279326
  -0.00304522 -0.3558372   0.12459628  0.52998133 -0.36463381 -0.51630747
  -0.03167393]]","['bbo_main', 'random_fill', 'random_fill', 'random_fill']","[[0.08315604 0.14098982 0.2026628  0.16747477 0.29250158 0.42099431
  0.10194426 0.18218095 0.371895   0.0486368  0.07927505 0.10720137
  1.00000301]
 [0.08126899 0.13775225 0.21644771 0.1666826  0.28179197 0.38990127
  0.09424413 0.17387829 0.25468624 0.06110005 0.10199312 0.13514076
  1.00002798]
 [0.08797063 0.14533638 0.30558414 0.16224727 0.28987542 0.42733193
  0.09393151 0.16247363 0.23038413 0.04228503 0.07090485 0.10296905
  0.99999991]
 [0.09634093 0.16424849 0.28316045 0.16048612 0.27526354 0.39486885
  0.09297837 0.16418544 0.25161475 0.04780449 0.0780491  0.10849643
  0.35299938]]",[ 0.01124192 -0.14165575 -0.0713056  -0.17254092],4,0.039254868591032444,0.44171136040745884,0.485394196385166,0.0206535746100705,0.035397933486464486,618.0331706558354
96,"[[-1.91363330e-01 -2.54407856e-01  5.71246995e-02  2.88590602e-01
   4.51036064e-01  8.32775838e-02  4.76681975e-01  3.73407969e-01
   1.44346647e-01  3.91544703e-01 -2.38743095e-01 -5.38443130e-02
   3.22546667e-02]
 [ 1.46987171e-01 -1.05537245e-02  2.25331098e-01 -1.27416728e-01
  -5.24755852e-01 -3.06645414e-01 -3.16213986e-01  1.06445228e-01
   1.15310245e-01 -4.27333286e-01  1.38634255e-01 -4.64136306e-01
   3.47285218e-04]
 [ 2.65183187e-02  3.37569587e-01 -2.71568222e-01  1.92353982e-03
  -2.11441720e-01  1.69018475e-01  5.42295745e-01  1.39358575e-01
   1.21794890e-01 -3.93396822e-02 -9.64306382e-02 -6.31618100e-01
   1.37230379e-02]
 [-7.81492788e-02  3.96288414e-01  1.95360827e-01  4.52688659e-01
   3.06629173e-01 -8.24713485e-02 -5.60105721e-01  1.04131923e-01
   1.78618213e-01  3.41085360e-01 -9.29359719e-02 -2.74269690e-02
   1.03621605e-01]]","['bbo_main', 'random_fill', 'random_fill', 'random_fill']","[[0.081119   0.13817308 0.20009483 0.18174234 0.31330782 0.44087268
  0.10586918 0.18545173 0.29894875 0.04569701 0.07577967 0.10786801
  1.00000115]
 [0.09583611 0.16377807 0.3686486  0.15725103 0.26335849 0.3725764
  0.09604522 0.17388493 0.25583473 0.04746863 0.08086822 0.11386081
  1.00000639]
 [0.09013667 0.15399065 0.21488071 0.16413008 0.28304906 0.52503406
  0.10528918 0.1849412  0.27088614 0.0445195  0.07319884 0.10026966
  0.9999999 ]
 [0.09448852 0.16188186 0.39032662 0.17148951 0.29341212 0.41107527
  0.08952996 0.16096267 0.24601312 0.0473565  0.07982294 0.11452372
  1.00000086]]",[ 0.38034642 -0.22099269  0.08267032  0.38649274],4,0.04033884080356115,0.4501750210853773,0.4939059540052728,0.020563981161273434,0.0399322940080612,547.4632685601246
97,"[[-0.1480501   0.15622557  0.14413334  0.59247837 -0.21352605  0.08329925
   0.54161631  0.16357219  0.04504208  0.39271412  0.18567516  0.13520297
  -0.01500651]
 [ 0.03580569 -0.06336333  0.21350327 -0.44745083 -0.50848814  0.04455839
  -0.20225175  0.11388837 -0.10336245 -0.5022462  -0.28038964  0.30100661
  -0.04823708]
 [-0.21252973  0.36666727 -0.07989636 -0.31501987 -0.3558937  -0.02408252
  -0.23303036 -0.01751332 -0.1783859   0.44249884  0.42500557  0.13873152
   0.32467245]
 [ 0.30191236  0.19852625 -0.02722884  0.21662069  0.45953958 -0.26626829
   0.57957887  0.28705197 -0.12294598  0.31627245 -0.05431238  0.0237503
   0.05221596]]","['bbo_main', 'random_fill', 'random_fill', 'random_fill']","[[0.08816555 0.15189769 0.35669292 0.1626127  0.27411049 0.39353271
  0.10157449 0.17854182 0.25258758 0.05400996 0.09395947 0.14433595
  1.00000222]
 [0.09460496 0.16134817 0.24389594 0.15915531 0.27128224 0.39220313
  0.09323939 0.16517279 0.23863885 0.04908952 0.08564112 0.19583816
  0.43530978]
 [0.09455454 0.16157405 0.22587898 0.15656057 0.26499123 0.38498282
  0.08891834 0.15412125 0.22218715 0.06368178 0.11313559 0.21441293
  0.99999185]
 [0.09692214 0.16408118 0.22827742 0.1677517  0.28686799 0.39455458
  0.1126151  0.1925019  0.26536784 0.04714723 0.07954995 0.13785326
  1.00000295]]",[ 0.27144495 -0.18187588  0.23582471  0.27271147],4,0.039208149286225624,0.4556548950237101,0.4994101742524015,0.02045709578471243,0.038304257614013404,551.9876888641156
98,"[[-0.40270203  0.41898239 -0.07961907  0.17189565 -0.1033676  -0.34447218
  -0.32522898  0.08391931 -0.17903261 -0.06842765 -0.58306562  0.05032618
   0.0707246 ]
 [ 0.46776235  0.65354002 -0.1986951  -0.33845929  0.03375692  0.08505275
   0.13317152  0.1297463   0.00715759  0.30588902  0.21040759  0.11504459
   0.07733819]
 [-0.32430342  0.40363385 -0.03497426 -0.5163162   0.09185456  0.05478948
   0.07803179 -0.27139161  0.01682269  0.03828817 -0.14809983 -0.58980985
   0.03690072]
 [-0.26949231  0.35719408  0.15851176 -0.10064423  0.48562603  0.25820036
   0.36974331  0.22295112  0.24045116 -0.17575908 -0.01108766 -0.3920766
   0.18182036]]","['bbo_main', 'random_fill', 'random_fill', 'random_fill']","[[0.09731513 0.17658869 0.25610788 0.16148504 0.26470374 0.36792845
  0.09139657 0.16308647 0.2347742  0.04549279 0.07755977 0.15109288
  1.00000594]
 [0.10474244 0.17458084 0.23512854 0.15552654 0.26849158 0.39981662
  0.09396794 0.16425684 0.23709322 0.05685516 0.0977262  0.21071537
  1.00001601]
 [0.0977982  0.1726843  0.24427204 0.1607099  0.28895154 0.46820092
  0.09095477 0.1541928  0.2338032  0.0432391  0.07123203 0.09770181
  0.99999771]
 [0.09092142 0.15641837 0.22319116 0.16865311 0.29502665 0.56234517
  0.09907918 0.174703   0.26013304 0.04483832 0.07447251 0.10446757
  1.00000253]]",[-0.14001425  0.28185818 -0.06177626  0.60853235],4,0.040116261231258735,0.43225952174233173,0.47587350869624573,0.020462877472215653,0.036798905256468284,577.4770462270826
99,"[[ 0.1557693   0.26995405 -0.06319686  0.11989533  0.35410008  0.05851037
   0.74646016 -0.30848215  0.10281263 -0.1634276   0.24676367  0.06962144
  -0.01729719]
 [ 0.28746484  0.17109255 -0.24724171  0.56955141  0.49782952 -0.30225615
   0.13271745 -0.18950576  0.12299421 -0.19043437 -0.14192514  0.19196481
  -0.03832237]
 [-0.27591786  0.39668196  0.27121151  0.62329608  0.1670453   0.18589836
  -0.2129481   0.14333144  0.14551678  0.3013931   0.24643992 -0.04461165
  -0.03701595]
 [-0.33210052 -0.15036069 -0.14804791  0.32740904  0.16850291  0.01814121
   0.29013448  0.26615387 -0.44633025 -0.3065717   0.39376729 -0.32529454
   0.01347976]]","['bbo_main', 'random_fill', 'random_fill', 'random_fill']","[[0.09324217 0.15808545 0.22052336 0.1797722  0.3149291  0.44440918
  0.09209508 0.15494518 0.27166389 0.04694303 0.08305622 0.12555966
  0.70269967]
 [0.08917685 0.15216995 0.21566765 0.17256336 0.29547062 0.41329791
  0.091719   0.16220607 0.24931021 0.04742071 0.08279369 0.17033136
  0.29521625]
 [0.09154125 0.15788111 0.39874479 0.17104919 0.29373752 0.42344198
  0.09061344 0.16118496 0.23588986 0.04861062 0.08353928 0.11850449
  1.00000519]
 [0.08143523 0.13912624 0.19985543 0.19054774 0.32817431 0.4866024
  0.09077754 0.1539277  0.21593333 0.04660546 0.08110169 0.11480126
  1.00000042]]",[0.26062485 0.13150482 0.41098217 0.01367235],4,0.04396853323886307,0.45166926848959954,0.4954073686521384,0.02028767579994244,0.03652352319589938,513.4926851040218
100,"[[-0.36483281  0.71795182  0.06789083 -0.32253567 -0.01606581 -0.00796896
  -0.1675155  -0.11775181 -0.07749458 -0.06106107 -0.40884813  0.15187818
  -0.0244456 ]
 [ 0.09107693  0.54763086 -0.04525617  0.66867511  0.13145276 -0.17706587
   0.01429805  0.29908949 -0.23512636  0.19778508 -0.08052445 -0.0577843
  -0.01064179]
 [-0.18805647  0.3198191  -0.0712347   0.38264163  0.13604403 -0.3359695
  -0.42764008  0.46952301  0.00093366 -0.32900476 -0.19143289  0.17537028
  -0.02244639]
 [ 0.30029032 -0.20204399  0.01042079 -0.28872609 -0.0507159  -0.29323574
  -0.1957088   0.20295423 -0.08610684  0.52562181  0.31742533 -0.47959764
   0.05491386]]","['bbo_main', 'random_fill', 'random_fill', 'random_fill']","[[0.09961672 0.17531278 0.24923395 0.16170735 0.27973553 0.40285025
  0.08993387 0.15724734 0.22869718 0.04715    0.07999147 0.18275238
  0.65104559]
 [0.10327454 0.17796609 0.25557578 0.1823946  0.30423954 0.41940411
  0.08865315 0.15516389 0.22262352 0.04587606 0.07680965 0.11311874
  1.00004672]
 [0.09242408 0.15929854 0.22408023 0.16400995 0.27494122 0.38545972
  0.09580043 0.17478386 0.25723268 0.04696556 0.08260599 0.27452655
  1.00010533]
 [0.09602296 0.16270196 0.26902209 0.15390851 0.25561005 0.35902561
  0.09650971 0.17596472 0.25617773 0.05774505 0.09444659 0.12381366
  1.00000004]]",[-0.02846424  0.16403354  0.02402867 -0.11328355],4,0.04262947719698061,0.4631317304932413,0.5069116490287731,0.020339313023532056,0.03593068419155224,479.6991395368241
101,"[[-0.31951612  0.33719426  0.17868869 -0.23581524 -0.23946004  0.17273593
  -0.19580668  0.06983555  0.17551395 -0.35291097  0.60726568  0.20519393
   0.00688978]
 [-0.03711572 -0.06933628 -0.3044929  -0.55220718  0.13870465  0.19262422
  -0.05733994 -0.57351808  0.18921634  0.10120097 -0.35143817  0.19423966
   0.01816552]
 [ 0.20958167 -0.47071863  0.12621757 -0.38893311  0.25826743  0.03479595
   0.43857736 -0.17922515  0.12949918  0.40820338 -0.18686103  0.15030775
   0.18440601]
 [-0.16339027 -0.39231151 -0.54933988  0.11561539  0.36659342 -0.07521569
  -0.28749427 -0.02355335 -0.01084315 -0.4762002   0.19700537  0.11305551
  -0.05021309]]","['bbo_main', 'random_fill', 'random_fill', 'random_fill']","[[0.09292369 0.16001192 0.2414789  0.16001269 0.27388799 0.40172959
  0.09247876 0.16318566 0.24562218 0.05356675 0.09627779 0.2741715
  0.99999917]
 [0.08732554 0.14839279 0.20798653 0.16598262 0.29615153 0.46845034
  0.09092703 0.1567428  0.24975095 0.04941676 0.08459175 0.23459331
  1.00000047]
 [0.08756708 0.14860364 0.22642616 0.16293944 0.28758185 0.41181294
  0.09680124 0.16818417 0.25377223 0.0509884  0.08618797 0.28179069
  1.00005403]
 [0.08446046 0.14304548 0.20273915 0.1713828  0.29765035 0.42309124
  0.09257252 0.16328155 0.24340344 0.04914766 0.08540433 0.156066
  0.29153832]]",[ 0.17259683 -0.0460514   0.27886586 -0.12085615],4,0.04333340323442078,0.4751049218961568,0.5189037540089523,0.02014207156024396,0.03336501763138135,520.215577394003
102,"[[ 0.07116497  0.33705106  0.22050133 -0.47840659  0.54678738  0.2159665
   0.2978663   0.18606772 -0.0175001  -0.0110281  -0.28437184  0.2296497
  -0.02899532]
 [ 0.21960539 -0.11630299 -0.50570779  0.1882331  -0.23526434 -0.06523557
  -0.46008612  0.3398944  -0.06505374 -0.49639716 -0.07754375 -0.05551354
   0.02292769]
 [ 0.38955365  0.07700416 -0.36867656  0.08735341 -0.32255097 -0.07035303
  -0.14448732  0.26274258 -0.2350791  -0.14769835 -0.64992753 -0.01942123
  -0.00252826]
 [-0.1154633   0.32897547 -0.01908928 -0.28869731 -0.13285529  0.09989183
  -0.55322337 -0.58091694  0.07388053  0.2100979  -0.25965914  0.04609351
   0.06660628]]","['bbo_main', 'random_fill', 'random_fill', 'random_fill']","[[0.09432771 0.16055941 0.26557449 0.16637219 0.29465068 0.44175915
  0.09432472 0.16305927 0.23236835 0.04623636 0.07863453 0.23176533
  0.99999944]
 [0.0853789  0.13948208 0.1896849  0.16723753 0.28274642 0.40764446
  0.09941259 0.19147893 0.28900606 0.04493892 0.07873897 0.11484418
  1.00000081]
 [0.10149736 0.16719353 0.22190494 0.16168375 0.271872   0.39756062
  0.09806557 0.17489776 0.24701982 0.04277779 0.07168876 0.12446038
  1.00005917]
 [0.09977618 0.16934953 0.23361961 0.16255855 0.28697871 0.51762277
  0.08396763 0.14382461 0.22503618 0.05035084 0.08517584 0.12157609
  0.99999528]]",[ 0.35203991 -0.16634871 -0.21507806 -0.0463243 ],4,0.040111760950019004,0.4736075833126756,0.5174054305449316,0.020063235244461523,0.03610039006449001,602.437801317079
103,"[[-0.54601453  0.33278922  0.09491611 -0.22233461  0.30463551 -0.06623412
  -0.26224769  0.3159156   0.08487629  0.3043359   0.4040087   0.06164521
   0.00799799]
 [-0.18711737 -0.38419102 -0.04917537 -0.31078304 -0.47001992 -0.16918274
  -0.36066004  0.01762688 -0.05607239 -0.42372232 -0.17694267  0.01672667
   0.35239031]
 [ 0.23415008 -0.59097395  0.01465911 -0.35511362  0.21210338  0.09525798
   0.16946733  0.04526045 -0.02439738 -0.31503029  0.50924205  0.13917149
   0.07898017]
 [ 0.23221829  0.54299801 -0.56687874  0.12909008  0.22000741 -0.31296121
  -0.08174852  0.00638928  0.1141347   0.11291185 -0.36232133  0.052254
  -0.018905  ]]","['bbo_main', 'random_fill', 'random_fill', 'random_fill']","[[0.08558836 0.15007582 0.30577262 0.16134082 0.27670687 0.39042132
  0.09506128 0.17233011 0.25857217 0.06176488 0.106158   0.14837683
  1.00001868]
 [0.08760037 0.15026351 0.22470928 0.15284371 0.25442373 0.36110691
  0.09347282 0.17088351 0.28661207 0.04890055 0.08590162 0.14283333
  1.00004433]
 [0.08435908 0.1414308  0.20311809 0.16555041 0.29044371 0.42685556
  0.09534705 0.16475292 0.23663113 0.05400292 0.09973344 0.25579694
  0.99999939]
 [0.09490071 0.16072764 0.21925878 0.1636416  0.27702284 0.38826264
  0.09593118 0.17363697 0.30778533 0.04667919 0.07897266 0.12624658
  0.48314455]]",[ 0.18508745 -0.04124576  0.14882207 -0.05190386],4,0.035983311098731124,0.4870907218953582,0.5308832503900205,0.020001289371008146,0.03341571289418316,537.4050770471804
104,"[[ 0.15780693  0.089463    0.02787018 -0.55057845 -0.55524254  0.07950634
  -0.13768452 -0.20943026  0.08363313  0.37343585  0.28787677 -0.23609272
  -0.02616729]
 [ 0.19946875  0.19294165 -0.10355931  0.42417914 -0.27140327 -0.03042329
   0.3090759  -0.23506473 -0.23715592  0.59990845 -0.20391257 -0.1995031
   0.0972096 ]
 [ 0.17277144  0.03241669 -0.23674992 -0.62204228 -0.19651759 -0.06115661
   0.18697823  0.4656615  -0.00423018  0.42490149  0.17382813  0.10955057
   0.09578394]
 [-0.19728975 -0.30719504  0.58540485  0.32414203 -0.12400585  0.03292352
  -0.17269659  0.01161557 -0.18117771 -0.35015665  0.37337495  0.26195142
  -0.09517448]]","['bbo_main', 'random_fill', 'random_fill', 'random_fill']","[[0.09661145 0.16425212 0.23159802 0.15493132 0.26341972 0.39950291
  0.0924389  0.16434017 0.26575364 0.05455672 0.09229673 0.12677637
  0.42723964]
 [0.10471534 0.17584282 0.24013001 0.16815733 0.28230442 0.41927442
  0.0882091  0.14635529 0.20645221 0.05224578 0.08410294 0.11522443
  1.0000029 ]
 [0.0889277  0.15132118 0.21289864 0.15219587 0.25885815 0.37419655
  0.10680549 0.19086634 0.27176779 0.05757026 0.09772714 0.1904551
  1.00006685]
 [0.08972251 0.1535703  0.29179659 0.16429995 0.28243605 0.40393497
  0.09222235 0.16219413 0.2336989  0.04973126 0.08718679 0.1259377
  0.23004259]]",[-0.18249211  0.0442162   0.06724272  0.107325  ],4,0.037540788050163504,0.48659106183082185,0.5303843564386214,0.019969187323611977,0.034630076576622856,725.3325865410734
105,"[[-4.19316415e-02  3.34689407e-01  1.35574270e-01  3.61075311e-01
  -4.51488948e-01  1.13897812e-01 -1.43053991e-01 -6.93049759e-02
  -4.84625817e-01 -3.58610741e-01  5.10029934e-04 -3.62059347e-01
   2.89014335e-02]
 [-2.96188269e-01  3.12000389e-01  8.76660256e-02 -3.85219327e-02
  -3.62010665e-01 -1.75638774e-01  5.27909084e-01 -3.81496227e-01
   2.24408845e-01 -1.45464341e-01 -3.81372953e-01  4.32606631e-02
  -2.81940312e-02]
 [ 3.40697210e-01  1.46801763e-01 -2.11193677e-01  1.89632682e-01
  -5.05435989e-01  1.08189187e-01  2.39079027e-01 -5.11557744e-01
  -6.14225396e-02 -3.77584511e-01 -2.22303248e-01 -7.44091526e-04
   5.35764405e-03]
 [-9.42824666e-02 -3.44568760e-01 -5.45171264e-01  1.75541858e-01
  -8.85226457e-03  3.76663998e-02  4.12108625e-01 -3.97498041e-01
  -3.37391863e-02  1.44942155e-01 -2.04449186e-01 -3.87610152e-01
  -2.88711537e-02]]","['bbo_main', 'random_fill', 'random_fill', 'random_fill']","[[0.10070085 0.17293871 0.32390504 0.16659054 0.28561715 0.42971685
  0.08717222 0.14736084 0.20765431 0.04517137 0.0768682  0.1083414
  1.00000195]
 [0.09483448 0.16247255 0.23146721 0.15956791 0.27022514 0.38701483
  0.0969878  0.17177227 0.41041996 0.0474988  0.0812399  0.12075807
  1.00000369]
 [0.09955873 0.1679006  0.22913698 0.16226353 0.27524815 0.52305405
  0.08911742 0.15287517 0.22331476 0.04517714 0.07976136 0.11890402
  1.00000655]
 [0.08369014 0.14091257 0.19886466 0.17366528 0.30323351 0.46481762
  0.094021   0.16274188 0.23993221 0.04708264 0.07930628 0.11219784
  0.43539937]]",[-0.07208813 -0.11214161 -0.14172097 -0.21903783],4,0.037221118703006366,0.49058895551452003,0.5343748948828642,0.01992068847095275,0.03759695045223173,433.4631247590296
106,"[[ 0.45641076  0.06901831  0.07009575  0.27945179 -0.49790739  0.09785721
   0.25777304 -0.28032039  0.09182331 -0.39854946  0.32049802  0.06597796
   0.16449759]
 [ 0.47252139  0.13987014 -0.40970278 -0.30649255 -0.55309615 -0.16600807
  -0.05872976  0.06045435 -0.12217749  0.35805134  0.10169355 -0.03272411
  -0.01572666]
 [-0.4557453   0.30338985 -0.41593461  0.24122869 -0.02018604  0.04285973
   0.49243069 -0.27099748  0.08745057 -0.24389328 -0.21377466 -0.19489717
  -0.00835708]
 [ 0.1791345   0.48505832  0.23713143 -0.41014217 -0.19205421  0.23622408
   0.53966139 -0.06018909  0.16587153 -0.04173799 -0.14492265  0.20969363
   0.16250585]]","['bbo_main', 'random_fill', 'random_fill', 'random_fill']","[[0.1032348  0.17270037 0.23981363 0.15800048 0.26389823 0.47815864
  0.09286924 0.16103569 0.24559633 0.04971007 0.09349251 0.13835322
  0.99999611]
 [0.09840195 0.16550872 0.22620109 0.15219219 0.25357635 0.36390873
  0.09621569 0.17099688 0.24544405 0.06056258 0.10407672 0.15763674
  1.00000103]
 [0.08148302 0.13956395 0.19457377 0.17758784 0.30627883 0.44320939
  0.09930292 0.17164626 0.31192563 0.04381862 0.0731966  0.1037007
  1.00000187]
 [0.09888874 0.16760294 0.35588842 0.15913326 0.27441764 0.4387105
  0.09652316 0.16973244 0.24629211 0.04857197 0.08388362 0.12383052
  1.00000324]]",[ 0.22052131 -0.28425583 -0.04531116  0.42608312],4,0.03805180091921756,0.5105994777552589,0.5543065333099411,0.019767439029902297,0.0352348087891568,601.2320299879648
107,"[[ 0.36921575 -0.54362426 -0.07752482  0.41556028 -0.19380001 -0.25478333
  -0.18922198  0.24731468 -0.24654531 -0.32648239  0.14947671 -0.00808857
  -0.015013  ]
 [ 0.24916703 -0.01422719 -0.04987901  0.04391329 -0.39306914  0.02130264
   0.3806931  -0.09055514 -0.01817961  0.54434678 -0.21508393 -0.53129898
  -0.00537076]
 [ 0.30153215 -0.04364046  0.18577629 -0.19967976 -0.16663287  0.48461439
   0.3274841  -0.18645296 -0.32610085 -0.32585678  0.03521641  0.06076892
  -0.45902441]
 [-0.11280859  0.22001079 -0.44173207  0.34165222  0.17840054 -0.00609157
  -0.16623103  0.43293492 -0.07734313  0.31162886  0.52135201 -0.06849083
  -0.02221104]]","['bbo_main', 'random_fill', 'random_fill', 'random_fill']","[[0.08831865 0.14838834 0.21618382 0.16444069 0.27353996 0.3835582
  0.09574445 0.17019153 0.24136895 0.05038965 0.09221655 0.14812122
  0.45648163]
 [0.10092098 0.16939458 0.23306692 0.15638195 0.26396831 0.42109759
  0.10694176 0.18649036 0.26484378 0.04573299 0.07409263 0.10034011
  1.00003718]
 [0.09010167 0.15377048 0.22266056 0.16438404 0.28387582 0.43227995
  0.09329658 0.16444297 0.23920809 0.04930025 0.08466233 0.12202739
  0.01196354]
 [0.08309599 0.14064073 0.19799084 0.17221212 0.29496253 0.4279835
  0.0945918  0.16885116 0.24291883 0.05897815 0.10010056 0.13845911
  0.57782478]]",[-0.19347257 -0.10752254  0.10191177  0.12979969],4,0.03754964365237434,0.5000895738651251,0.5438468028421417,0.01979708129016283,0.03469955512562843,491.9310150889214
108,"[[ 0.55503622 -0.1572127   0.0132355  -0.09532126 -0.48580545  0.15614053
  -0.10764664  0.55591454  0.11801046  0.18018909  0.06364443  0.16213806
   0.0144265 ]
 [ 0.49668301 -0.49709499 -0.1773005  -0.43739985  0.43562767  0.03644673
   0.01746176 -0.21911563  0.10968183 -0.09508452  0.10334213 -0.10955195
  -0.01672306]
 [ 0.06550778  0.31661009  0.17585814 -0.00952597  0.15440528 -0.23930534
   0.11296713 -0.48385509  0.20244687  0.01307449 -0.65755917  0.24974942
  -0.02345393]
 [ 0.28056239  0.58094198 -0.02111588 -0.09680011  0.17403939 -0.60158785
  -0.19538483 -0.13971562 -0.01376048 -0.33758682 -0.08566489  0.04688293
  -0.01977336]]","['bbo_main', 'random_fill', 'random_fill', 'random_fill']","[[0.09147222 0.15433411 0.2174179  0.15616159 0.26369283 0.41593294
  0.1027903  0.18875577 0.27555719 0.05132646 0.088014   0.21144464
  1.00000613]
 [0.08522199 0.13901762 0.19423649 0.17310817 0.31238688 0.44715666
  0.09202017 0.15871383 0.32402156 0.04812296 0.08297307 0.1178598
  1.00000917]
 [0.09600162 0.16406396 0.23944036 0.16388902 0.2820414  0.39855767
  0.09228539 0.16275763 0.24930261 0.04670465 0.07940988 0.27790262
  1.00000112]
 [0.10557892 0.1813939  0.25505897 0.15812458 0.26037935 0.36005039
  0.0918041  0.16304139 0.24712329 0.04911347 0.08632348 0.15272595
  1.00000479]]",[ 0.14128537 -0.00781729  0.02344185 -0.13768241],4,0.03811941190323556,0.5326517835461851,0.5761906043554965,0.019553119783109908,0.039337172117317236,463.4090592430439
109,"[[-0.09465909 -0.09160765  0.15923588  0.32011613  0.36849581  0.1175878
   0.05054231  0.2219155  -0.72277227 -0.34375693 -0.09756987 -0.04727095
  -0.03282103]
 [-0.22701605  0.08865543 -0.22003988 -0.03436575  0.29286425  0.1425492
  -0.08419316  0.00766885 -0.16297846  0.50907262  0.67326718  0.19228815
  -0.04228464]
 [-0.20871305 -0.01386381  0.00406034  0.07721643 -0.18711339  0.09354508
   0.07431667 -0.61210315 -0.28708843  0.23886275  0.00457865 -0.62176481
  -0.01499458]
 [ 0.33985818 -0.04671416 -0.23188954 -0.41054636 -0.23085122 -0.18395866
  -0.5368239   0.1319357   0.09198769 -0.50727197  0.01050774  0.02830315
  -0.02398058]]","['bbo_main', 'random_fill', 'random_fill', 'random_fill']","[[0.08837519 0.15081966 0.27234662 0.18685207 0.32480407 0.4637345
  0.0867823  0.14489238 0.20252913 0.04567349 0.07894552 0.11473736
  1.00000355]
 [0.08641015 0.14784577 0.20997539 0.16736332 0.29221592 0.43723364
  0.08964688 0.15566307 0.22387822 0.05856487 0.10129618 0.17132409
  0.46493025]
 [0.08961036 0.15368651 0.22216087 0.17182256 0.3010355  0.50086697
  0.08566781 0.14315072 0.20528896 0.04701631 0.07668997 0.1041141
  1.00002703]
 [0.09219745 0.15572232 0.21921175 0.15653987 0.26371261 0.3766496
  0.09525194 0.17415601 0.29679868 0.04904048 0.08603347 0.12810014
  0.42703818]]",[ 0.08372786  0.15789934 -0.22447852 -0.25264863],4,0.037148151959399855,0.5431919219497896,0.5866201004096796,0.019475688650088814,0.03406147669697407,609.9932260829955
110,"[[ 0.48914918  0.05516693  0.05150179  0.2965838  -0.33406824 -0.04040049
  -0.34594122 -0.26979618  0.0630034   0.56637204 -0.18282079  0.05648732
   0.00390311]
 [ 0.26003916 -0.1004908   0.01412019  0.0894515   0.17376193 -0.13057114
  -0.6498965   0.60806652 -0.10507811  0.15542193 -0.19630331  0.03107572
  -0.00546144]
 [ 0.03244557  0.32224361  0.28334717  0.30098228 -0.14213504  0.27844234
  -0.14193642 -0.47267048  0.25227463 -0.53368347  0.17851673 -0.03720915
  -0.03494669]
 [-0.20907534  0.16092332  0.15754496 -0.0076388   0.25051924 -0.12063844
  -0.33256705 -0.45827381 -0.05981048 -0.46006083 -0.52705238 -0.11970377
  -0.01538559]]","['bbo_main', 'random_fill', 'random_fill', 'random_fill']","[[0.10523478 0.17687649 0.2627587  0.16010457 0.265159   0.3779212
  0.08559462 0.15133755 0.25131694 0.05741589 0.09643883 0.14688436
  1.00000965]
 [0.09108265 0.15357077 0.2386447  0.16736746 0.28499899 0.39731461
  0.09233468 0.19253044 0.2755222  0.04659191 0.07864856 0.1308437
  1.00007835]
 [0.09465093 0.16170168 0.37950526 0.16805446 0.29090895 0.44403996
  0.09014949 0.15863595 0.23902251 0.04651279 0.08066982 0.11536247
  1.00000015]
 [0.09519783 0.16298524 0.36138638 0.17097684 0.29846822 0.4191418
  0.08639266 0.14880143 0.21792379 0.04428943 0.07495668 0.10744322
  1.00002538]]",[-0.0091184   0.04275634  0.21844253 -0.11192597],4,0.03885614619262014,0.5467074978524052,0.5900944026702362,0.019368248325382514,0.03353628482333227,517.3923495549243
111,"[[-3.88032696e-01  5.00735078e-02 -2.33376241e-01 -3.96905549e-01
  -1.88356421e-04 -1.67685343e-01 -2.51987559e-01  1.17649953e-01
  -2.97620293e-01 -4.11342539e-01  3.70183527e-01 -3.66947264e-01
  -6.88023864e-04]
 [-5.17076068e-01 -4.29951894e-01 -1.94456445e-02 -4.01412642e-02
  -4.53532010e-02 -1.82671160e-01 -2.25438617e-01 -2.07998224e-01
  -4.68500089e-01 -2.94239409e-03  1.52525042e-01 -4.16538029e-01
  -1.98713249e-03]
 [-5.60359084e-01  3.62133093e-01 -3.59462133e-01 -9.06595537e-02
  -4.90581900e-01  7.17582366e-02 -2.62016179e-01 -8.55957847e-03
  -7.08172153e-02  3.61973169e-03  2.69753671e-01 -1.57982878e-01
  -1.12132238e-02]
 [ 2.33988150e-01  7.98669934e-02  1.68626230e-02  8.63435738e-01
  -2.66846028e-01  5.36843844e-02 -1.59273433e-01 -2.11059017e-01
   1.40496926e-01  5.38669448e-02 -1.04510945e-01  1.23170307e-01
  -1.81090945e-02]]","['bbo_main', 'random_fill', 'random_fill', 'random_fill']","[[0.08717431 0.15080525 0.21347451 0.15626041 0.27229927 0.41296335
  0.09039289 0.15646523 0.22279364 0.0504793  0.08773069 0.12093327
  0.99999991]
 [0.08300758 0.14196189 0.26363854 0.16882049 0.29557594 0.42243161
  0.08598099 0.14455164 0.20406447 0.04971838 0.08371798 0.11699061
  1.00008669]
 [0.08583179 0.14859372 0.20673106 0.1556468  0.26215657 0.47526698
  0.0905136  0.1623415  0.23598538 0.05498795 0.0948837  0.13044538
  1.00004211]
 [0.09375745 0.15995536 0.22387926 0.17301234 0.29259848 0.41486257
  0.0886963  0.1582011  0.38534158 0.04765386 0.08381894 0.13329766
  1.00000057]]",[-0.31144447 -0.38958238 -0.22505872  0.13080517],4,0.03929377733051498,0.5708442124843007,0.6138882813328168,0.019245627250819165,0.033596840581797016,1036.0715515390038
112,"[[ 0.64055711 -0.12694216 -0.00674275 -0.37711983  0.33929025  0.06031995
   0.3249909   0.23442614 -0.0857954   0.22342916  0.28447876  0.05094667
   0.10569397]
 [ 0.45140246 -0.26721759  0.11701242 -0.40578228  0.32543626  0.03675854
   0.41435384  0.36456951 -0.10036431  0.34934886 -0.04197408  0.02493675
  -0.01086914]
 [-0.45856722  0.00796744 -0.00177416  0.13782361  0.38115908  0.13428914
  -0.2378448  -0.06548638  0.22287367  0.02321078 -0.41412817 -0.56828036
  -0.0427034 ]
 [-0.09602288 -0.02237439  0.15369897 -0.32977619 -0.40396294  0.06828781
   0.50617512 -0.14369334  0.13009036 -0.13204505 -0.24848316 -0.55805822
   0.07523771]]","['bbo_main', 'random_fill', 'random_fill', 'random_fill']","[[0.0955961  0.1577864  0.21927697 0.15945279 0.29177745 0.45969866
  0.09993903 0.1711042  0.23707659 0.05863184 0.09946017 0.14443425
  1.00000249]
 [0.09036975 0.15165544 0.3655682  0.16022572 0.28402671 0.40879804
  0.10410097 0.1807547  0.25140333 0.04954793 0.08356552 0.11889802
  0.99999983]
 [0.0873965  0.14950458 0.21358798 0.17531954 0.30567456 0.43990098
  0.09215617 0.16273401 0.27969787 0.04510898 0.07458381 0.10479812
  0.42039419]
 [0.09445021 0.16150329 0.33523932 0.15831903 0.27080589 0.39286872
  0.1031191  0.18166415 0.26926063 0.04428786 0.07306544 0.10017385
  0.99999797]]",[ 0.31301746  0.17518489  0.08289713 -0.03948242],4,0.038968638947651346,0.5658113940443992,0.6089355594748076,0.01917337681839151,0.035545776162496906,853.0310864001513
113,"[[-0.54401758  0.07913541  0.03312385  0.31663526  0.35189015 -0.21160927
  -0.0525083  -0.20748105 -0.28001893  0.18443643  0.51855938 -0.02386204
   0.01077463]
 [-0.17998427 -0.24575742  0.0948874   0.31211514  0.11187936 -0.32278422
   0.27025515  0.46285977  0.05333273 -0.51041899  0.32800004  0.04549668
   0.15420739]
 [ 0.726004    0.17118799 -0.2403116  -0.05082994 -0.24743371  0.09416376
  -0.04340088  0.04606052  0.06608899 -0.29459491  0.46291813  0.06089247
  -0.00539011]
 [ 0.27227695 -0.40580113  0.01001131  0.4466191   0.06398184 -0.03147676
  -0.37080827  0.29923297 -0.30207835  0.10676566  0.40845128 -0.20261448
   0.137706  ]]","['bbo_main', 'random_fill', 'random_fill', 'random_fill']","[[0.08446284 0.14758909 0.24457204 0.17748213 0.30445374 0.42159269
  0.08559012 0.14336835 0.20568705 0.06046718 0.1067157  0.15079399
  1.00000101]
 [0.08551208 0.14731824 0.25528329 0.16214204 0.26814731 0.37324887
  0.1134878  0.20226234 0.28963839 0.04771301 0.08503391 0.1254172
  0.99999348]
 [0.10248018 0.16969337 0.22831233 0.1568885  0.26553103 0.46269654
  0.0923292  0.16219508 0.24349261 0.05332299 0.10256558 0.1506554
  1.00000116]
 [0.08335162 0.14052538 0.22985621 0.18946327 0.32297715 0.45050077
  0.085764   0.14947524 0.21233707 0.05352671 0.09235172 0.12749695
  1.00002007]]",[0.02978037 0.235943   0.07358791 0.16316832],4,0.03590666313585204,0.5794053032039121,0.6223026091592013,0.01910010813960982,0.03263947493492447,656.2149358720053
114,"[[-2.38029737e-01 -4.27095913e-01  2.79545697e-01  5.87611294e-04
  -4.57216515e-01  2.19784936e-01 -2.73811187e-01 -3.04981886e-01
   2.00544329e-01  4.96695761e-02 -4.19192777e-01  1.91359814e-01
  -4.91899194e-02]
 [-4.82528501e-02 -4.50669971e-01 -2.64879939e-01  7.71948036e-02
   1.35352828e-01 -4.47579538e-01  3.26791744e-01  1.38216565e-01
  -1.42760410e-01 -1.94366154e-01 -2.62922110e-01 -4.95944934e-01
  -2.55964188e-02]
 [ 6.51401442e-02 -9.69063505e-02  2.74842336e-01  2.56741135e-01
  -5.91800248e-01 -2.38469438e-02  3.20845720e-01 -1.66110678e-01
   2.36071593e-01 -6.20291088e-02  4.79895061e-01 -2.66887962e-01
  -4.97473222e-02]
 [ 1.86759169e-01  5.50811061e-01  9.67454072e-02  2.95914950e-01
  -4.09233887e-01 -2.70827485e-01 -1.66961510e-03  1.37615565e-01
   1.88970594e-01 -3.52125279e-01 -1.20464427e-01 -3.60671193e-01
  -2.72880701e-02]]","['bbo_main', 'random_fill', 'random_fill', 'random_fill']","[[0.08861989 0.15199809 0.27036079 0.16364035 0.28223418 0.41446791
  0.09211144 0.16364124 0.24463013 0.04897543 0.08420246 0.1219872
  0.17005588]
 [0.08681122 0.14840052 0.21166937 0.16645967 0.28499042 0.40146583
  0.10271992 0.18222129 0.26963361 0.04553058 0.07625686 0.10804958
  0.36537831]
 [0.09406802 0.16083413 0.280464   0.15977607 0.27019017 0.38863961
  0.09654205 0.17166079 0.25772864 0.04992937 0.08611595 0.1211334
  0.26404563]
 [0.10305234 0.17403672 0.24958478 0.15924696 0.26327776 0.37088129
  0.09980094 0.18097422 0.32649766 0.0452622  0.0769065  0.10896417
  0.9999999 ]]",[-0.09224154 -0.32697654 -0.00445249 -0.02716404],4,0.03816153702860553,0.5643019962275474,0.6074492952054265,0.019208761967900792,0.03507371953317845,419.72464597714134
115,"[[ 0.11960054 -0.39908439  0.06297245  0.21630443 -0.20758931  0.02539613
  -0.06338481 -0.63452458  0.08149749 -0.18895278 -0.52066196  0.10755512
  -0.0171725 ]
 [-0.23370649 -0.49197721 -0.36154469 -0.16559693 -0.00936768 -0.06248611
   0.225468    0.19433217  0.18537554 -0.16193121 -0.57266961  0.13950809
   0.21121299]
 [ 0.62747996  0.17098653 -0.31919115  0.14550004 -0.11565626  0.01994913
   0.17983148 -0.12217376 -0.21883064  0.39933531  0.40658767 -0.1412469
  -0.01787093]
 [-0.20021422 -0.02577215 -0.11111946 -0.40449736 -0.23111808 -0.22778806
   0.22709908 -0.33651785 -0.56537796  0.08096316  0.22548074 -0.36167068
   0.07286069]]","['bbo_main', 'random_fill', 'random_fill', 'random_fill']","[[0.0887253  0.15114681 0.22740056 0.16927472 0.29271506 0.41924245
  0.08679513 0.14975227 0.24753985 0.04518137 0.07759451 0.1851673
  0.75724982]
 [0.08304578 0.14034303 0.19909153 0.16499559 0.28501714 0.40792243
  0.10415283 0.18605331 0.37434297 0.04583077 0.07810947 0.12555727
  1.00002513]
 [0.09857409 0.16538838 0.22555674 0.1633704  0.28258159 0.42113295
  0.08786825 0.14998656 0.21410056 0.0603705  0.10290984 0.14112546
  0.61518278]
 [0.09438992 0.16096573 0.2564255  0.15756887 0.27208129 0.3934825
  0.08842894 0.14539001 0.20253783 0.05386452 0.09203381 0.12787319
  1.00011962]]",[-0.17126622  0.08969891  0.00327386 -0.35941053],4,0.03786431835265003,0.5915030291026646,0.6341701801259344,0.019009164336371523,0.031530881432062785,559.3897275880445
116,"[[-0.48032431 -0.40134135  0.13404309 -0.51799159 -0.36146274  0.13143485
  -0.13988976 -0.14332619  0.15661341 -0.10041814  0.31433358  0.00080831
  -0.02170364]
 [-0.11112129 -0.43800136  0.10275019  0.05558043 -0.06418633  0.00530233
   0.21489063 -0.14073778  0.08823404  0.3662344   0.4889093  -0.57510866
  -0.01821606]
 [ 0.56841863 -0.01561402  0.07363007 -0.00448517 -0.4366397  -0.04121439
  -0.09188549  0.6115725  -0.20007468 -0.08019575 -0.14788853 -0.16725215
  -0.00962865]
 [-0.30395719 -0.30755749  0.02520038 -0.01422061  0.05835891  0.04902727
   0.5683386  -0.32936227 -0.13622233  0.26068737 -0.39898976 -0.04867501
   0.3560996 ]]","['bbo_main', 'random_fill', 'random_fill', 'random_fill']","[[0.08618189 0.14873495 0.24984543 0.1573782  0.26980998 0.40253433
  0.09362138 0.16590267 0.35775824 0.05349609 0.09276443 0.13043814
  1.00000861]
 [0.0854883  0.14697462 0.2834854  0.16482506 0.28460413 0.40841512
  0.09679866 0.17093968 0.25773763 0.05072393 0.08251332 0.11019718
  0.47485332]
 [0.10331527 0.17280388 0.29549897 0.15506913 0.25970986 0.37533698
  0.10408192 0.18668948 0.26140948 0.04629381 0.07779227 0.1090013
  1.00000005]
 [0.08168047 0.13942773 0.2156444  0.178659   0.31596515 0.49084451
  0.09209878 0.15248979 0.21576916 0.04670955 0.07694431 0.1111404
  1.00004517]]",[-0.17239502 -0.04530981 -0.04254604  0.28259727],4,0.037105108859592895,0.5849484157955323,0.6277435909496882,0.018945153549713628,0.035815209754498756,584.3811643570662
117,"[[ 0.33987013  0.02653306 -0.04596463 -0.70358034  0.07110741  0.05633371
   0.22174205 -0.19372101 -0.24912814 -0.1362808  -0.4579389  -0.03700777
  -0.00205541]
 [ 0.20093763  0.2684523   0.08002716 -0.40326413  0.30867539 -0.09425316
  -0.01037999 -0.32784643  0.02117566 -0.55156846  0.41495845  0.06950199
   0.15836264]
 [-0.15146903  0.28689049  0.07850838  0.32765746 -0.20285112 -0.11664603
  -0.30754844  0.19989141 -0.05866319  0.27152649 -0.5398758  -0.47253787
  -0.00213995]
 [-0.05181319 -0.77047865  0.09349224  0.27773167  0.29034082 -0.37745349
  -0.21991103  0.0212776  -0.06916795 -0.08884613  0.16144419 -0.05872409
  -0.00540838]]","['bbo_main', 'random_fill', 'random_fill', 'random_fill']","[[0.1025174  0.17089739 0.23481874 0.15933131 0.28878048 0.47300116
  0.08960878 0.14790026 0.20877336 0.04435037 0.07450746 0.11166507
  1.00000693]
 [0.10381166 0.17433311 0.30125987 0.16063958 0.28138682 0.3987288
  0.08666756 0.14644822 0.21665689 0.04939799 0.09663272 0.15007079
  1.00001268]
 [0.10001489 0.17469058 0.32603555 0.16326001 0.27368076 0.38837395
  0.09357562 0.16903759 0.24525528 0.04340182 0.07139868 0.09828194
  1.00000779]
 [0.08083278 0.13747721 0.30797585 0.17456814 0.29492413 0.40419556
  0.09030348 0.16164728 0.23564241 0.05036581 0.08918089 0.12860583
  1.00005329]]",[-0.14348291  0.2135871  -0.07148185 -0.13552768],4,0.034459375457282684,0.5970523641311931,0.6396049395353037,0.018847145867464086,0.033273645127149754,860.1945852909703
118,"[[-0.35762804  0.30603254 -0.02146028 -0.00792258  0.25984214 -0.27897766
   0.17994061 -0.54135538  0.09779567  0.54194685  0.02565648  0.05429778
  -0.0159792 ]
 [-0.49371885 -0.01516007  0.0194145   0.45749099 -0.34036692  0.13136129
   0.13204181 -0.27593094  0.09403723 -0.05921596  0.55320107  0.03566227
   0.00241669]
 [-0.251051   -0.4109444  -0.42307272  0.33276627 -0.22547225  0.16438202
  -0.05362441 -0.36489949 -0.1024172  -0.16293308  0.45889958  0.12363344
  -0.03971479]
 [ 0.43015663 -0.20225157  0.31098394  0.52129384 -0.02650496 -0.32656338
  -0.24222616 -0.31102711  0.12424626 -0.02905929  0.33658317 -0.10310499
  -0.05141329]]","['bbo_main', 'random_fill', 'random_fill', 'random_fill']","[[0.0923251  0.16038294 0.22617227 0.16208417 0.27681433 0.38835021
  0.08763676 0.14947539 0.28065898 0.06118055 0.10435426 0.15486302
  0.79968705]
 [0.0846762  0.14737555 0.21076193 0.16576522 0.28153986 0.5302453
  0.09153116 0.1587044  0.23805133 0.05766099 0.10475315 0.14825402
  1.00000101]
 [0.0836844  0.14179093 0.20079294 0.17058686 0.29400664 0.46500412
  0.09012545 0.15672896 0.22802924 0.05374828 0.0961645  0.14355926
  0.48243899]
 [0.09472746 0.16146587 0.30530762 0.16315091 0.27714886 0.39139186
  0.09143368 0.1623808  0.23939087 0.04978353 0.08679372 0.12435868
  0.34681151]]",[-0.03272483  0.06263337 -0.14872985  0.00713106],4,0.03591200729996926,0.6010900567222998,0.6435556792803865,0.01881402015741455,0.032363693767264265,502.5535564580932
119,"[[-0.47680812  0.38428496 -0.00812089  0.14021869  0.19903427 -0.09695362
   0.03382895  0.09090627  0.03125481  0.67698847 -0.28301561  0.04028215
   0.07627663]
 [-0.12454757 -0.1445605  -0.38074304  0.65198305  0.10429927 -0.13286529
   0.37165608  0.07488483  0.07989254  0.12603876  0.40722637 -0.07192943
   0.16733127]
 [-0.45698694  0.05378961  0.45666101 -0.11007997  0.15316062 -0.46112838
  -0.08847133 -0.13771343  0.05281533 -0.08852512 -0.23850847  0.4795073
  -0.0853424 ]
 [-0.38323086 -0.36918284 -0.13613214 -0.24757201 -0.39031241  0.14061302
  -0.4237946  -0.12253117  0.02663234  0.08822459 -0.39729365 -0.32202318
  -0.01577025]]","['bbo_main', 'random_fill', 'random_fill', 'random_fill']","[[0.08490172 0.16371525 0.2318881  0.17272017 0.29235511 0.4049228
  0.09587292 0.17038359 0.26884624 0.05285533 0.08448924 0.14401083
  1.0000566 ]
 [0.08023316 0.1336069  0.18864618 0.17975674 0.30215753 0.41914034
  0.10174793 0.17964591 0.290017   0.05270037 0.0929116  0.13173222
  1.00001747]
 [0.09171908 0.15773029 0.27619324 0.16265034 0.27893544 0.39523543
  0.09279909 0.16443617 0.23906783 0.04967417 0.08633402 0.14203536
  0.22529574]
 [0.08402102 0.14284227 0.20441389 0.16345858 0.2831496  0.53739216
  0.09158329 0.16406345 0.24565832 0.04624294 0.0762173  0.10653384
  1.00003797]]",[ 0.18478453  0.26866641 -0.05907815 -0.31683293],4,0.03829403832980002,0.5884773279871256,0.631204557013936,0.01884564734665536,0.03196667125531416,620.7092729441356
120,"[[-0.15849619  0.23863381 -0.54075951  0.4696901  -0.18092613  0.01593472
  -0.55132858 -0.0216944   0.01639248  0.07879494 -0.23100326  0.08734216
  -0.00356075]
 [-0.46897565  0.09957475  0.07790468 -0.11239128 -0.05143601 -0.63044284
  -0.39352404 -0.37054694  0.13650311  0.15723227 -0.10385345  0.06966191
  -0.01350284]
 [-0.58064272 -0.40434515  0.17101359 -0.16072218  0.10736762  0.1919112
   0.3411025   0.47194002  0.05762648 -0.13229331 -0.07361118  0.17042059
   0.03951769]
 [-0.22605817  0.06620907 -0.20422552  0.36352192  0.64164107 -0.11116912
   0.50664108  0.05507038 -0.01835185 -0.09825367 -0.20533409 -0.1839265
  -0.02994033]]","['bbo_main', 'random_fill', 'random_fill', 'random_fill']","[[0.0830994  0.13905308 0.19108187 0.18071826 0.30536009 0.436063
  0.08803686 0.16006546 0.24123389 0.04914952 0.08427304 0.19440855
  1.00000061]
 [0.09090484 0.1571236  0.23774457 0.15651158 0.25775989 0.35665833
  0.09052445 0.1624084  0.31096547 0.05245261 0.09099851 0.13977419
  1.00000157]
 [0.08352114 0.14418154 0.23472735 0.16551302 0.28727777 0.53363605
  0.10381722 0.18286628 0.25783366 0.04782034 0.08256715 0.12339957
  1.00000005]
 [0.08441546 0.1452016  0.2069111  0.18574169 0.320262   0.44459885
  0.09548107 0.16635886 0.24609907 0.04465928 0.07608867 0.11002285
  0.60390345]]",[-0.09696566 -0.32249148  0.22471558  0.16655408],4,0.033925856146533026,0.6041193342339439,0.6465177260311643,0.018726902141594778,0.034097129287610994,621.7040253600571
121,"[[ 0.02723594 -0.31106329  0.07472766 -0.40792074 -0.236234   -0.50435379
  -0.52538761  0.13356978 -0.06745799 -0.07010024 -0.3372398  -0.05391165
  -0.01897995]
 [-0.17275443  0.14490809  0.27379375 -0.03252196 -0.39926512  0.24669721
  -0.24948721 -0.5777672  -0.3772614  -0.01810024 -0.10315736  0.2798185
   0.15878377]
 [ 0.15755024  0.56778104 -0.71130907  0.11348675 -0.07725129 -0.22217503
  -0.17081221 -0.0474581  -0.0536874   0.11283557  0.12876256 -0.12241772
  -0.00490812]
 [-0.18272424 -0.56184662  0.17362175  0.12277962  0.08680761  0.02466362
  -0.17419455 -0.63637448 -0.21083385  0.30502754 -0.04252562  0.1205763
   0.09176609]]","['bbo_main', 'random_fill', 'random_fill', 'random_fill']","[[0.09229639 0.15652643 0.30205179 0.1536503  0.25477135 0.35700242
  0.09317845 0.17017439 0.25084485 0.04901105 0.08321036 0.12124469
  1.0000449 ]
 [0.09494294 0.16211364 0.27947805 0.16388257 0.28504522 0.43044438
  0.08695152 0.14822206 0.21079388 0.05069844 0.08914672 0.21831794
  0.9999976 ]
 [0.09657206 0.15852802 0.20780271 0.16107804 0.26727536 0.37781102
  0.09167255 0.16439442 0.26467929 0.05718965 0.09851823 0.13795745
  0.99999998]
 [0.08590109 0.14761214 0.32470924 0.17289429 0.30281382 0.43049154
  0.08514956 0.14318142 0.20504744 0.05238217 0.09020138 0.13403707
  0.99999891]]",[-0.42668352  0.0935636  -0.16922378 -0.0132338 ],4,0.03535591551746742,0.6086648804941377,0.6509591661818741,0.018708505321406634,0.03142181293204106,1090.3528810408898
122,"[[ 0.02301168  0.4101911   0.15036115 -0.11030418  0.69548282  0.14358942
   0.05569566  0.35114952  0.13291387 -0.22892831  0.10717011 -0.28952905
  -0.01814402]
 [-0.22894014  0.51324657 -0.35761957 -0.58590099  0.11008566 -0.09662442
  -0.14541314 -0.0866613  -0.01093703 -0.30198445 -0.25122588  0.02615924
   0.08814407]
 [ 0.02205657  0.11035997 -0.04589507 -0.15049504 -0.45646351  0.0463021
   0.19337359  0.14031496 -0.18378342 -0.01013524  0.10803171  0.6930542
  -0.41124272]
 [-0.33069858 -0.18250055 -0.31169274 -0.23505768  0.3473665  -0.46506627
   0.23747052 -0.10812295  0.15515936 -0.0101301  -0.51971556 -0.07019874
  -0.0261803 ]]","['bbo_main', 'random_fill', 'random_fill', 'random_fill']","[[0.09380336 0.15945802 0.26911743 0.17905278 0.31702094 0.46538752
  0.09566135 0.16833028 0.251357   0.04377157 0.07287574 0.10146575
  1.0000004 ]
 [0.09695693 0.16489024 0.22147018 0.15317915 0.27128718 0.3908282
  0.09176186 0.16117069 0.26178656 0.04418447 0.07602871 0.14866433
  1.00000511]
 [0.08991572 0.15372182 0.22458697 0.16420172 0.28264444 0.41399303
  0.09348492 0.16511564 0.24156214 0.04968029 0.08551166 0.13561531
  0.02776763]
 [0.08427477 0.14308649 0.20389116 0.16234817 0.2763145  0.38847717
  0.09936579 0.17713104 0.31945621 0.04624473 0.07837062 0.11505956
  0.64173022]]",[ 0.42370279 -0.08500034 -0.03776457 -0.2524462 ],4,0.03581101560299449,0.621301776150909,0.663286121783887,0.01867496358461907,0.0311581062061492,716.9805975470226
123,"[[-0.44692178 -0.31805169 -0.00066111 -0.34007244 -0.15308647  0.11786327
   0.13704799  0.41768952 -0.23762281 -0.20340362 -0.49575103  0.0942082
  -0.0199637 ]
 [ 0.59867856 -0.16076559 -0.36380234 -0.0886466   0.0121208  -0.18276007
  -0.2473752  -0.20508828 -0.54571279  0.16318132 -0.072885    0.0932505
  -0.01690295]
 [ 0.42651696  0.37303938  0.18322196  0.36241311 -0.30554093 -0.35569709
  -0.52595465 -0.02422141  0.03458659 -0.10321205  0.06555954 -0.01320338
  -0.02448178]
 [-0.26086081 -0.09083889  0.09740375  0.28082735  0.0691017  -0.46467071
   0.02155969 -0.41819169 -0.09679977 -0.0993141  -0.64643932  0.04644344
  -0.0055813 ]]","['bbo_main', 'random_fill', 'random_fill', 'random_fill']","[[0.08487768 0.14589501 0.20955489 0.1630854  0.28414942 0.47807302
  0.10270633 0.1806952  0.25214561 0.04535511 0.07731643 0.12488063
  0.55345793]
 [0.09307814 0.15562293 0.21698602 0.16514482 0.28909288 0.41508089
  0.08573555 0.14172968 0.19822109 0.05657616 0.09963284 0.19892035
  1.00016178]
 [0.1039717  0.17592135 0.3379603  0.15892428 0.2610583  0.36495419
  0.09071059 0.16321065 0.2399325  0.05001067 0.08710455 0.12540065
  1.00000182]
 [0.09035781 0.15561568 0.33444487 0.1640873  0.27156631 0.37630851
  0.08971413 0.15724163 0.22971256 0.04541049 0.07745008 0.12238451
  1.00000156]]",[-0.14429215 -0.29006421 -0.04904097 -0.25567732],4,0.03608495720016003,0.6430737891544038,0.6844519334125236,0.018440179199137784,0.03240504306251396,558.2750645349734
124,"[[ 0.35679573 -0.12467581 -0.21156397  0.15538791 -0.05724149 -0.54780227
   0.40999105 -0.03236639  0.08430114  0.47493282  0.28774359  0.0059505
  -0.01562763]
 [ 0.62916507 -0.07010736 -0.14981725  0.59237416  0.29139565 -0.02356887
   0.00277098 -0.23916692 -0.2474616  -0.08822078 -0.07974722  0.05301683
   0.07083756]
 [ 0.53596172 -0.39882164  0.03597499 -0.28860856  0.02586149  0.10532686
  -0.43684113  0.13576291 -0.02566506  0.29162591  0.39954489 -0.03638785
   0.03752817]
 [ 0.09943058  0.13634456  0.09362287  0.42742546  0.38624204 -0.58046517
  -0.20852082 -0.4238063  -0.15744179  0.20707966 -0.05096635  0.01641958
  -0.01770433]]","['bbo_main', 'random_fill', 'random_fill', 'random_fill']","[[0.09136224 0.15422989 0.21804311 0.15735171 0.25761682 0.35601651
  0.10198341 0.18081644 0.2949624  0.0602531  0.10396945 0.14902364
  1.00000223]
 [0.09106015 0.15303748 0.21522982 0.19145109 0.32884286 0.45942031
  0.0852597  0.14305501 0.2041378  0.04651692 0.08123742 0.13194338
  1.00004167]
 [0.09059653 0.15153966 0.21585142 0.16098672 0.28152461 0.53785374
  0.08954051 0.15872439 0.23098626 0.0605097  0.10284594 0.14154393
  1.00001217]
 [0.10007457 0.17007767 0.30338203 0.16932674 0.27951929 0.38055277
  0.08582859 0.14841527 0.2187017  0.05183076 0.09068941 0.13262566
  1.00001703]]",[-0.11346621  0.19548318  0.08097472 -0.10366298],4,0.03610276887077131,0.6359800617379112,0.6775659039005537,0.018438219901415278,0.03144496333592936,639.0066616369877
125,"[[ 0.35465814  0.16426033 -0.53865331 -0.1891697  -0.37304698  0.05645103
   0.32878556  0.23804947  0.0806179   0.17595555 -0.40551939 -0.10976076
  -0.01524193]
 [-0.08492968 -0.0421034   0.44673325 -0.25925162 -0.0833639   0.43836862
   0.06481464 -0.41168614  0.41675557 -0.03220868 -0.288962    0.30010844
  -0.05605827]
 [ 0.56058092  0.36611979 -0.24907553 -0.24400438 -0.12566071  0.11600879
   0.20339333  0.38799824  0.16208789 -0.3344755  -0.24265444  0.10636624
   0.02504277]
 [ 0.13621115 -0.07558055 -0.04203187 -0.12816156  0.33810011 -0.26930943
   0.14231357 -0.0334749  -0.38164494  0.22780259  0.29938941 -0.67965143
   0.0149032 ]]","['bbo_main', 'random_fill', 'random_fill', 'random_fill']","[[0.08849449 0.14779588 0.20368709 0.15805779 0.26844888 0.40137491
  0.11359925 0.20152467 0.31299908 0.0472369  0.0785561  0.11219985
  1.0000458 ]
 [0.09205181 0.15800761 0.38631298 0.16380008 0.28411335 0.43722708
  0.09263353 0.16336236 0.2473641  0.04869293 0.08370927 0.12029129
  1.00000513]
 [0.09819937 0.16507491 0.22538456 0.15890723 0.27177074 0.4022534
  0.10390091 0.18552454 0.37166145 0.04499564 0.07738515 0.11842515
  1.00000022]
 [0.09652932 0.16329291 0.25859396 0.17180516 0.30269214 0.42516667
  0.088366   0.14486331 0.20171304 0.04803603 0.07779343 0.1043219
  1.00004853]]",[-0.10198643  0.27974976  0.19025727 -0.13526426],4,0.032608089303649127,0.6344606318771302,0.6760896715717866,0.018463896444966252,0.031193824025610994,575.0004229499027
126,"[[-0.28382629  0.02220991 -0.11381109 -0.19004722  0.11946114 -0.18885334
  -0.60133808  0.21133323  0.1396895  -0.34015316  0.09571297 -0.51843014
  -0.02290342]
 [-0.05166863 -0.02245862 -0.07261139 -0.05974025 -0.0462435  -0.52816347
  -0.17313393 -0.24866823 -0.03384851 -0.50559431  0.33115587 -0.47026487
   0.16581228]
 [ 0.00732675  0.11717571  0.0750487   0.22152779  0.29797565  0.05271313
   0.10071095 -0.66366032  0.0976155   0.57880585 -0.0385495  -0.20685519
  -0.02309315]
 [ 0.48727805 -0.09325953  0.08763938  0.15376066  0.21996565 -0.2089807
   0.55705746 -0.11972507 -0.32834007 -0.29872643  0.23514422 -0.10063494
   0.20825456]]","['bbo_main', 'random_fill', 'random_fill', 'random_fill']","[[0.08814209 0.1513565  0.21554824 0.16461632 0.28159692 0.40069976
  0.09487537 0.17548279 0.31179367 0.04500395 0.0751102  0.10482175
  0.47627801]
 [0.09617319 0.16446029 0.23580942 0.15819569 0.2582095  0.35540363
  0.09186756 0.16459871 0.28436862 0.04720544 0.08147046 0.11479065
  1.00007738]
 [0.09142204 0.15673983 0.23180678 0.18312245 0.31943053 0.4500212
  0.08497048 0.1448066  0.24218487 0.04848428 0.08089054 0.11323621
  0.72070103]
 [0.10192345 0.17041031 0.32501416 0.16873645 0.2920611  0.41012586
  0.09061013 0.14795569 0.20501655 0.0472865  0.08564446 0.1244091
  1.00005114]]",[-0.16928858 -0.1863931   0.11687799  0.23394104],4,0.035639022006738325,0.6516944490646792,0.6928066927331391,0.01837925655666132,0.031319849014266876,683.5276437259745
127,"[[-0.23232081 -0.50334198  0.07549619 -0.07010263  0.32438102 -0.24382083
  -0.24104422 -0.15648773  0.09835713  0.44372472 -0.44699945 -0.16845453
   0.00680311]
 [ 0.22950149 -0.49054955  0.24680064 -0.0261773   0.24885453  0.23694006
  -0.2018554   0.14207653 -0.61781783  0.03101598 -0.10957455  0.26211841
  -0.05215734]
 [-0.49651469 -0.05054044  0.17002322  0.34314281  0.30493384 -0.33931389
   0.43857108  0.08647286  0.21708575 -0.17556188 -0.34295262 -0.01861582
   0.02029738]
 [ 0.3533007   0.18159962 -0.02404183  0.27418063  0.044539   -0.02766084
   0.15935137 -0.38655409  0.11486223 -0.07618258  0.34857826 -0.61833755
   0.256975  ]]","['bbo_main', 'random_fill', 'random_fill', 'random_fill']","[[0.08180653 0.13987103 0.24503734 0.17059512 0.29552717 0.4119607
  0.09128443 0.16299401 0.32658414 0.04657589 0.07625125 0.10754034
  1.00000105]
 [0.08891364 0.15112522 0.25775562 0.17068447 0.30065845 0.43950727
  0.08849461 0.1515499  0.21558074 0.0497311  0.08572067 0.13882254
  0.37603236]
 [0.08677095 0.15019117 0.25401135 0.16617851 0.28355232 0.39785053
  0.10149619 0.18087795 0.38476905 0.04555743 0.07797718 0.11383709
  1.00000111]
 [0.1002786  0.16874389 0.23337815 0.17115977 0.29567196 0.42073637
  0.08994129 0.15588512 0.34301098 0.04539131 0.07441835 0.10117458
  0.99999473]]",[-0.1275675   0.06377839  0.12812531  0.31929063],4,0.0352283975156705,0.6587995527160713,0.6996813461879156,0.01829652049853656,0.03406878157404081,571.4533286269289
128,"[[-0.06306904 -0.24682908  0.09863427  0.45130265  0.03638669 -0.37732571
  -0.29327611 -0.09566493 -0.1005763  -0.61383446  0.26655313  0.15510602
  -0.0285792 ]
 [-0.54838336  0.18259842  0.0280711   0.3019063  -0.26413524  0.03933651
  -0.12719548  0.16605762  0.00891021  0.19421931  0.57766289 -0.29548812
  -0.0110145 ]
 [-0.13792715  0.36874818  0.18531597 -0.46654907  0.36534146 -0.01313249
   0.30208309  0.11763041  0.15375051 -0.30989476 -0.44167443  0.19689516
  -0.02710891]
 [ 0.11252062  0.0781037   0.01939713 -0.40721275 -0.05627638  0.00968245
   0.10351218  0.53285841  0.09086434 -0.30861154  0.62594524  0.06182567
   0.13416239]]","['bbo_main', 'random_fill', 'random_fill', 'random_fill']","[[0.08925363 0.15280242 0.24120203 0.16530342 0.27780913 0.38938462
  0.09091069 0.16036566 0.23326484 0.04940342 0.09167798 0.17407594
  0.40113295]
 [0.08420932 0.14874396 0.21604669 0.16303443 0.27128988 0.42936778
  0.09567466 0.17309554 0.25320994 0.06119007 0.10238622 0.13454928
  0.69635447]
 [0.09442483 0.16168239 0.26786654 0.16275247 0.2826675  0.40308155
  0.09895376 0.17483346 0.25526986 0.04505994 0.07692319 0.24031435
  1.00003659]
 [0.08918029 0.15208648 0.21598136 0.15371036 0.2612023  0.37691008
  0.11055115 0.19941271 0.31455786 0.0530568  0.09507601 0.13800133
  0.99998901]]",[-0.13758537  0.02393173  0.18025482  0.28457523],4,0.032913392278125134,0.6613383635207878,0.7021353057998723,0.01820406618991249,0.036865199196896535,1049.4911190730054
129,"[[ 0.04683871 -0.69992228  0.15701749 -0.33651676 -0.07194766  0.15691588
  -0.35523416 -0.12018364  0.05403686 -0.28876048  0.19759319 -0.27184256
  -0.01839577]
 [ 0.14385681  0.47423694 -0.21390888  0.17727683  0.26172542 -0.19464291
   0.38713138  0.51852685 -0.3540449   0.01232644  0.1086159   0.12024488
  -0.01837474]
 [-0.16039044 -0.37130084 -0.47618291 -0.13622605  0.34907665 -0.38579587
   0.31269508 -0.04133187 -0.29571754 -0.31098419  0.06156486 -0.18116856
  -0.01229182]
 [ 0.40695613  0.08099726  0.20415431 -0.37736254 -0.50943208  0.24042977
  -0.03198257 -0.16701026 -0.2541593  -0.46876218  0.10714165 -0.02136995
  -0.03508443]]","['bbo_main', 'random_fill', 'random_fill', 'random_fill']","[[0.0868168  0.14778255 0.336324   0.16423758 0.28802963 0.47626537
  0.09157051 0.16190963 0.23559809 0.04718059 0.08052595 0.11319527
  1.00000637]
 [0.09466491 0.16130763 0.22287004 0.16345582 0.28027406 0.3963943
  0.10036935 0.17411026 0.24119703 0.04932525 0.08783726 0.26698268
  1.00004365]
 [0.08120247 0.13433573 0.19036194 0.17373101 0.30155166 0.42170671
  0.09787402 0.16819428 0.24087162 0.04869773 0.08625113 0.13601978
  0.79221788]
 [0.09896834 0.16735699 0.27244583 0.16002794 0.27647657 0.52732293
  0.09013054 0.15586633 0.22181045 0.0486683  0.08545061 0.12204734
  0.99999908]]",[-0.13395589  0.13523746 -0.32643644 -0.10163839],4,0.03382787649546519,0.6735341575651214,0.7139048099269607,0.018200638394669247,0.03160968557134036,697.7107686349191
130,"[[ 0.58119567 -0.16547703  0.12220448 -0.31404899 -0.31076418 -0.0630383
   0.52484189 -0.3161442   0.14479905 -0.03377426 -0.08654356 -0.12325955
  -0.02288451]
 [-0.37894796 -0.06919544  0.01454703  0.06349744 -0.47728496 -0.16326852
   0.54078362 -0.1924147  -0.13736552 -0.40984622  0.27334183 -0.0400349
  -0.01665084]
 [ 0.4151355   0.64835419 -0.1562316  -0.24179172 -0.19744139  0.06459232
  -0.16528281 -0.25536211 -0.18054953 -0.01397397  0.36161789 -0.15805587
  -0.01420436]
 [-0.07412962 -0.0902624  -0.3386134  -0.3540634  -0.37295629 -0.0266107
   0.61132548 -0.23941847  0.13611101 -0.32137438  0.20911717  0.09744633
  -0.02143659]]","['bbo_main', 'random_fill', 'random_fill', 'random_fill']","[[0.09984739 0.16829942 0.27276391 0.15482827 0.26383239 0.3805096
  0.09848149 0.17274778 0.34655059 0.04836134 0.08211754 0.11609773
  1.00006685]
 [0.08874458 0.15265688 0.26533702 0.15717396 0.25857928 0.36499023
  0.09901906 0.17146438 0.24431233 0.05092095 0.09490938 0.13978404
  0.7189134 ]
 [0.10914243 0.18327664 0.24698968 0.15858695 0.27292162 0.43806752
  0.08663589 0.14815016 0.21237152 0.05240732 0.09041987 0.12648042
  1.00000003]
 [0.08578339 0.14489145 0.2041485  0.15537845 0.2635304  0.38140775
  0.10492106 0.18264891 0.34913906 0.05078193 0.09150529 0.14267714
  1.00000468]]",[-0.08976796 -0.23885842 -0.03111092 -0.18879838],4,0.03344120719274954,0.6872737025998614,0.7271262257115367,0.018099644717395932,0.03422594804583398,845.3221678470727
131,"[[-0.45833832 -0.29735697  0.05912212 -0.02883896  0.35607359 -0.06003714
   0.53327825  0.3483154  -0.08025987 -0.17554796 -0.34745907  0.0526976
  -0.0176626 ]
 [-0.06746071 -0.31880886 -0.01156394 -0.35944497  0.55210562 -0.21551332
   0.31223505  0.01613179 -0.13027601 -0.28230101 -0.08756581 -0.45610394
   0.05562113]
 [-0.39001808  0.47128187 -0.2853764  -0.02380989  0.22134875 -0.36635812
  -0.21477913  0.08629201 -0.2642577  -0.31080185  0.34249658  0.15246654
   0.00170098]
 [ 0.06194115 -0.2856917  -0.08727693  0.23465939  0.1255519   0.09856175
  -0.61687495 -0.07596071  0.20478672 -0.35795773  0.27318141 -0.44164556
  -0.0181273 ]]","['bbo_main', 'random_fill', 'random_fill', 'random_fill']","[[0.0807025  0.13837423 0.23564643 0.17045034 0.29648783 0.41874055
  0.11482538 0.1959724  0.27021192 0.04429759 0.07563832 0.11532658
  1.00006254]
 [0.08373526 0.14136059 0.23586713 0.17524707 0.31340791 0.4353668
  0.10016541 0.17257857 0.24454132 0.04284156 0.07111798 0.09814352
  1.00006452]
 [0.09151228 0.15735462 0.21978829 0.16212332 0.27481354 0.38742952
  0.09069385 0.1579186  0.226746   0.05441989 0.10109963 0.27049837
  1.00000732]
 [0.08725011 0.14870914 0.21146025 0.1733407  0.30002508 0.43161499
  0.09004799 0.16116921 0.39543224 0.04603946 0.07830416 0.11071715
  0.99999988]]",[ 0.07347528 -0.04248751 -0.11433989  0.0164237 ],4,0.03594991714467556,0.6969549214969208,0.7364175350707631,0.01795917386220662,0.031087520526253215,766.3605286111124
132,"[[-0.14187213 -0.06384928 -0.09828368  0.28342829 -0.56359281  0.01211073
  -0.39975887  0.46662207 -0.18704353 -0.09878655 -0.09032172 -0.37079376
  -0.00934716]
 [ 0.25164505 -0.64189088 -0.07245551  0.50160337 -0.26767434  0.03744973
  -0.39672956  0.04298141  0.004236   -0.05215388  0.1766887  -0.03728607
   0.01241869]
 [ 0.2849549   0.20265598  0.01473132  0.2930716  -0.18995858  0.13212482
   0.06760216  0.39275923 -0.39943509  0.31297432  0.27063321 -0.49833962
  -0.01289082]
 [-0.00574279  0.5200227  -0.74249508  0.23706397  0.06578281  0.01368786
  -0.07661902 -0.20337267 -0.12965259 -0.14801226  0.17361219  0.03175087
  -0.02080266]]","['bbo_main', 'random_fill', 'random_fill', 'random_fill']","[[0.08848185 0.15189443 0.2157469  0.1607182  0.26469517 0.43467689
  0.09928767 0.18450958 0.26280211 0.0449921  0.07422794 0.10146432
  1.00005692]
 [0.08080136 0.13318707 0.19009049 0.18259807 0.30536164 0.47090586
  0.08850923 0.16090493 0.23869726 0.05334137 0.09384645 0.13251645
  1.00000255]
 [0.09947787 0.16780275 0.23343915 0.16618192 0.28660044 0.5543615
  0.09249456 0.16107743 0.22836454 0.04799473 0.07844782 0.10648624
  1.00000052]
 [0.08751575 0.14777342 0.20273425 0.17593167 0.30563815 0.4544112
  0.08779428 0.15080824 0.21915429 0.05026563 0.08836737 0.13980717
  0.53987753]]",[-0.20268917 -0.05735162  0.08189294 -0.07085459],4,0.03553706074082941,0.6745511933383376,0.7148848823482524,0.017999282998860416,0.03113591006176409,764.7981032552198
133,"[[ 0.27972382  0.33307518 -0.40311362  0.08414597  0.02780787 -0.01774868
  -0.2640301  -0.00704761  0.01140435  0.41321862  0.43283732 -0.46060343
  -0.00108007]
 [-0.42629039  0.11130722 -0.0751491  -0.26575879  0.08727085  0.15584126
   0.50785211  0.42392875 -0.12896967 -0.43379021  0.16289155  0.16934871
   0.00776362]
 [ 0.39560329  0.12623826  0.19349822  0.69364904  0.08285759 -0.16423463
   0.49071849 -0.03492822 -0.01839812 -0.14340642  0.0658997   0.08402712
  -0.02830469]
 [-0.55023312 -0.0148988   0.22919025  0.43148884  0.27742256 -0.30369508
  -0.35885703  0.1265998   0.16182241 -0.12679216 -0.20158316  0.19078728
   0.1581537 ]]","['bbo_main', 'random_fill', 'random_fill', 'random_fill']","[[0.09714739 0.15919001 0.20869507 0.16905809 0.29123164 0.42061304
  0.08846377 0.15907335 0.2561323  0.05869719 0.09428073 0.1212017
  1.00000084]
 [0.08554621 0.14752901 0.20979822 0.16313838 0.28348016 0.44789424
  0.10380273 0.18101182 0.25293774 0.04801641 0.08439457 0.24530925
  1.00001007]
 [0.09583464 0.16353346 0.40546256 0.16651154 0.283346   0.39821762
  0.0934928  0.16394854 0.23725659 0.04707435 0.08347152 0.12249039
  1.00002786]
 [0.08761207 0.15122089 0.39256399 0.16871162 0.28783031 0.40171422
  0.09339771 0.16766976 0.25045216 0.04771437 0.08328777 0.12737309
  0.99999536]]",[-0.00247255  0.15442774  0.22711394  0.25801515],4,0.03418978770135357,0.6888016109407358,0.728593979711107,0.017942499727177524,0.031222178311487825,527.1657427761238
134,"[[-0.02540084 -0.04035613 -0.03678547 -0.51065338  0.70969835  0.07255935
  -0.04076547  0.080804    0.06444681  0.03330699  0.45873807  0.05266276
  -0.00129846]
 [ 0.63018233  0.12189455 -0.2691436   0.45343652 -0.14898301  0.06051527
   0.42823418  0.27224001  0.01747784 -0.063748    0.04647324 -0.14063387
   0.01746135]
 [-0.17073403 -0.23515133  0.07268432  0.26094195  0.39438928 -0.36874388
  -0.21509587 -0.22940934  0.15462816 -0.63674292  0.04503266  0.14278859
   0.00150501]
 [-0.34942124  0.03743605  0.04405488 -0.4488355  -0.08676388 -0.14026814
  -0.06111314  0.24370924  0.03062965  0.24900365 -0.19658876 -0.69344278
  -0.01805669]]","['bbo_main', 'random_fill', 'random_fill', 'random_fill']","[[0.08453997 0.1434887  0.20412126 0.17217741 0.32141068 0.48970825
  0.09065037 0.15611826 0.23278926 0.05392234 0.09261162 0.1302207
  1.00000059]
 [0.09440813 0.15678926 0.21388875 0.16470839 0.27861165 0.43925683
  0.11458482 0.19788697 0.2770142  0.04481802 0.07550465 0.10613503
  1.00000153]
 [0.08686245 0.14963843 0.2210018  0.17158911 0.29152439 0.4048781
  0.09108973 0.16161942 0.38758103 0.0465383  0.08483517 0.13805735
  0.99999994]
 [0.08959516 0.15389734 0.25767096 0.15779733 0.26817586 0.38431165
  0.10378612 0.18990584 0.28357325 0.04509672 0.0736754  0.10043289
  0.81618709]]",[ 0.23402972  0.19176802 -0.02483576 -0.20120492],4,0.035103931093669244,0.7046056048230036,0.7437451637043354,0.017909439157067743,0.032601053398916086,550.6244235900231
135,"[[-0.21823869  0.25094601 -0.03202947 -0.50915402  0.25458381  0.00555756
  -0.18284464 -0.06038108 -0.00865285 -0.59909542  0.39271344 -0.11799153
   0.00874031]
 [-0.02788425 -0.24931143  0.03315682  0.21222761 -0.59299534  0.04473061
   0.27110328  0.18437921 -0.34757043  0.30701209 -0.37542378  0.07148732
   0.26205779]
 [-0.25521573  0.46429001 -0.01918469  0.07812013 -0.40918822 -0.06862714
  -0.32304738  0.63546729  0.01637846 -0.16094729  0.07737963  0.00499241
   0.01791993]
 [ 0.53600824 -0.04385715 -0.16571269 -0.03569405  0.29186621 -0.04200129
   0.38657674  0.09739177 -0.03383537  0.23222913  0.17396712 -0.59229235
  -0.00319976]]","['bbo_main', 'random_fill', 'random_fill', 'random_fill']","[[0.09433824 0.1631553  0.22670321 0.16035141 0.30401819 0.4665389
  0.08837946 0.15075631 0.22197959 0.04554027 0.08520654 0.1209245
  1.00000762]
 [0.08913703 0.15283735 0.24172255 0.15742249 0.26144323 0.41506931
  0.09792075 0.16928943 0.23493835 0.05115274 0.08669081 0.18334729
  1.00004766]
 [0.09473159 0.16253048 0.22714981 0.15516152 0.25620734 0.36396324
  0.10352045 0.19878044 0.30379479 0.04928452 0.08545474 0.12399633
  1.00001311]
 [0.09126579 0.1505599  0.20906276 0.17356774 0.30656133 0.43433767
  0.10820692 0.18540643 0.27323027 0.04415734 0.07228186 0.09833163
  1.00005549]]",[-0.01509111  0.09880469  0.04430455  0.08473932],4,0.033978579232819967,0.6938965426493615,0.733484589179624,0.017857626634984924,0.02965352533190735,662.3979127099738
136,"[[-0.18778333 -0.12757753  0.1477683  -0.02117371 -0.12899666  0.15130173
  -0.46536166 -0.11565429  0.14994009  0.77242651 -0.02789992 -0.19030623
  -0.02425369]
 [-0.03193218  0.6447701  -0.05626347  0.08285163  0.33147693  0.05984771
  -0.34148526  0.34828997  0.10656059  0.20911021 -0.37942808  0.14835049
   0.02809484]
 [ 0.0611773   0.16555843  0.15391157 -0.11215686 -0.00506431  0.21184527
   0.52587172  0.17567021 -0.0943431   0.08231345  0.74129171  0.1225253
  -0.00852544]
 [-0.49097763 -0.24374432  0.32829257  0.23231533  0.27012899  0.04550026
  -0.05545228 -0.34172147 -0.33554585 -0.20398333  0.23031314  0.36622138
   0.03914504]]","['bbo_main', 'random_fill', 'random_fill', 'random_fill']","[[0.08831219 0.15166834 0.26024331 0.16419987 0.28369386 0.45967096
  0.09022389 0.16143077 0.25533524 0.05250166 0.08766554 0.12150439
  0.50138648]
 [0.09729838 0.1651599  0.22809617 0.16920201 0.29283506 0.41753179
  0.09331201 0.16774473 0.25140893 0.04548197 0.07679471 0.25750313
  1.00001688]
 [0.09191647 0.15789799 0.22859778 0.16135666 0.27878086 0.55652749
  0.09489486 0.1644243  0.23348915 0.0546016  0.09743374 0.14156315
  1.00000086]
 [0.08837234 0.151793   0.26400077 0.16990432 0.29491106 0.41923331
  0.08854082 0.15216961 0.21841918 0.05050909 0.08905727 0.25273356
  1.00000359]]",[0.0124518  0.3266429  0.30763679 0.1562032 ],4,0.032179691387495685,0.7168611293019829,0.7554549387274366,0.017770748368803376,0.0315608310761093,458.4730678210035
137,"[[ 0.41943187 -0.17950529  0.20881953 -0.30745544 -0.15541185  0.3115145
  -0.13747942  0.41000014  0.20606169  0.24699587  0.40956915  0.2674767
  -0.05259679]
 [-0.3402967  -0.26550873 -0.17292311  0.28131129 -0.60903143 -0.24131136
   0.14332709 -0.27293361 -0.27381781 -0.09844366 -0.2453127  -0.1886167
  -0.00755229]
 [ 0.0164375  -0.12515359  0.20703541  0.52881196 -0.12691821  0.11898687
  -0.07224325  0.25057247 -0.25298448  0.03127883  0.69471421  0.12475255
  -0.01087806]
 [-0.08431695 -0.14119341 -0.02848761 -0.29126111 -0.01617087  0.0675536
  -0.60021076  0.25679462  0.12343404 -0.11784412 -0.57085804 -0.31488916
   0.0461712 ]]","['bbo_main', 'random_fill', 'random_fill', 'random_fill']","[[0.09047377 0.1537515  0.21941631 0.16161446 0.27856348 0.46374352
  0.09562353 0.17014827 0.24666871 0.0517468  0.08913253 0.13276827
  0.25768345]
 [0.08890548 0.15383678 0.24512789 0.16114804 0.26326773 0.37104612
  0.09247474 0.16036183 0.22966259 0.04984118 0.08494117 0.12173304
  0.99999966]
 [0.08833311 0.15147419 0.37008503 0.16753336 0.28671459 0.41190409
  0.09010027 0.15720163 0.22369603 0.05512656 0.09900859 0.14261415
  1.00000101]
 [0.08832387 0.150898   0.21440674 0.16483267 0.28497799 0.42431774
  0.09491537 0.17495624 0.37675575 0.04350029 0.07208176 0.10144789
  1.00002815]]",[ 0.2863381  -0.4676873   0.21404069 -0.0563984 ],4,0.03264564861740865,0.7097098839372589,0.7486264259917117,0.01772543279166591,0.031068878338647465,596.7441484879237
138,"[[ 0.5362915  -0.198009   -0.21956459  0.02004612 -0.35754713  0.05999928
  -0.56726671  0.01434727  0.11904224 -0.2917602  -0.21297762 -0.16158106
  -0.01931829]
 [-0.58723796  0.04708883  0.02162285 -0.47358393  0.0335992   0.05415271
   0.47778623 -0.34167566 -0.16254622 -0.18088734 -0.13851209  0.02408818
  -0.01393659]
 [-0.2501873  -0.3585777  -0.01321653 -0.30618978 -0.09557045  0.07534376
   0.42509664 -0.02460307 -0.26689076  0.5687077   0.037603   -0.34684494
   0.04903172]
 [-0.21779279 -0.31790565 -0.11768467 -0.49663547  0.27046731  0.08401732
   0.52239119 -0.29278234  0.00879122  0.34199382 -0.17287541 -0.07030402
   0.01773918]]","['bbo_main', 'random_fill', 'random_fill', 'random_fill']","[[0.09179143 0.15400105 0.21508266 0.16207436 0.27462839 0.40575478
  0.09153779 0.1667047  0.31071622 0.04505512 0.07730764 0.11048156
  0.50505599]
 [0.08626619 0.14949875 0.22173781 0.16196485 0.29030549 0.46592238
  0.09190444 0.15384644 0.21827052 0.04866483 0.08442773 0.12730471
  0.46426493]
 [0.08307191 0.14093932 0.20508015 0.16111327 0.28763665 0.50087039
  0.0945736  0.15922215 0.22441635 0.05265209 0.08480041 0.11383033
  0.99999617]
 [0.08153732 0.1373699  0.19621523 0.16789988 0.3081408  0.52226665
  0.09535427 0.16113317 0.23921785 0.04975076 0.08268221 0.11676008
  1.00000077]]",[-0.16885466 -0.14857822 -0.09404165 -0.02369449],4,0.0350196454641849,0.7204390935395126,0.75886685360444,0.017710031214780105,0.0362247759064471,586.1836473608855
139,"[[-0.34623667 -0.27691288 -0.23537991 -0.1028031   0.05054552  0.31907534
  -0.38749956 -0.26497006  0.36359721 -0.07069995  0.33116868  0.40071285
  -0.0727556 ]
 [ 0.46281937  0.39568346 -0.07306326  0.04668392  0.38073689 -0.32639398
   0.12364013 -0.16518628  0.06777901 -0.10093422 -0.4885243  -0.27220226
   0.01078988]
 [ 0.42894021  0.76838852  0.14388673  0.00842822  0.06992351  0.06293228
  -0.00692949 -0.01274417 -0.05475033 -0.39668388 -0.00381682 -0.18536577
  -0.03200041]
 [-0.07527849  0.05303595 -0.38955633  0.21780911  0.18235916 -0.45457498
   0.40158537 -0.13267436  0.00980504 -0.16936928  0.22338984 -0.5429404
   0.00945654]]","['bbo_main', 'random_fill', 'random_fill', 'random_fill']","[[0.08669565 0.14827608 0.21084844 0.16709197 0.29061861 0.42328391
  0.09221319 0.16266441 0.26008879 0.05078458 0.08769432 0.16157832
  0.24170639]
 [0.1072642  0.17965161 0.24485023 0.1679539  0.28758579 0.3978082
  0.09293976 0.16322621 0.27841842 0.04256308 0.07059604 0.10033822
  1.00003256]
 [0.10450406 0.17729181 0.28529197 0.16393274 0.28286391 0.40842442
  0.09115157 0.15978578 0.23212286 0.0449803  0.07697961 0.11032825
  0.51144359]
 [0.08589304 0.14566258 0.20666794 0.16503975 0.27236847 0.37545345
  0.10372047 0.18402163 0.30744051 0.04584919 0.07651184 0.10556151
  1.00000032]]",[ 0.10021105  0.03842589  0.19863726 -0.18258345],4,0.032190829983756025,0.7311825997829955,0.7690929849848461,0.017579748374619023,0.03150305537289746,573.9323472101241
140,"[[-0.58492276  0.4761131   0.03909853  0.40241116 -0.1183725   0.01210391
  -0.32971497  0.29120716 -0.22933635  0.07620108  0.03405861  0.0207652
   0.0072925 ]
 [-0.4754291  -0.67609866  0.08967143 -0.15105165  0.02019073 -0.27251151
   0.32024512 -0.30146491  0.05559331  0.07068284 -0.09550427 -0.02539049
   0.0062903 ]
 [ 0.03572534  0.1397702  -0.09204269  0.50670714  0.16551372 -0.18416332
   0.30742596  0.1716995   0.06207545 -0.54252953  0.47542347 -0.05095135
   0.04297067]
 [-0.01051783 -0.23993755 -0.05066357 -0.44574852  0.27186893  0.04218794
  -0.24413806  0.59248732  0.09930622 -0.47436369 -0.12643004  0.05990624
   0.01636178]]","['bbo_main', 'random_fill', 'random_fill', 'random_fill']","[[0.09000855 0.17582933 0.28633605 0.17155924 0.28872072 0.41298189
  0.08685009 0.15202193 0.21559461 0.04986487 0.08675715 0.12685164
  1.00000287]
 [0.08088835 0.13912178 0.3074331  0.16036978 0.2715934  0.38045784
  0.095259   0.16732428 0.25372865 0.05090506 0.08836799 0.12662252
  1.0000023 ]
 [0.08611094 0.14837609 0.21037395 0.17686137 0.29121277 0.39641431
  0.10794784 0.18920606 0.2986173  0.04547054 0.08569959 0.1250996
  0.99999955]
 [0.0838515  0.14130262 0.20212694 0.16301531 0.28312857 0.4072141
  0.10466833 0.2002233  0.32885941 0.04422213 0.07631572 0.11637367
  1.0000026 ]]",[ 0.06499299 -0.23496501  0.20614367  0.09490473],4,0.03398331313575644,0.7286232948116158,0.7666595190534191,0.017539929021573572,0.02890650129398356,811.786737259943
141,"[[ 0.1297494  -0.09351901 -0.03146721  0.04675341 -0.01951804 -0.45264761
  -0.40179091 -0.398135   -0.45993211  0.0748812   0.46712459 -0.09620703
  -0.03767064]
 [ 0.18585816  0.02817688  0.10723573  0.3864092  -0.19383293  0.08934163
   0.14035623 -0.53347331  0.01190171  0.16165101  0.64318813  0.11640672
   0.022142  ]
 [ 0.16062581 -0.07307432  0.0704407   0.24727617  0.56274523 -0.27351129
   0.43400612  0.25042055 -0.32012716 -0.09839768  0.12862564 -0.36148563
  -0.02845673]
 [ 0.58555196 -0.43401365  0.03301922  0.2310231   0.1171341   0.07665173
  -0.12687117 -0.19393009 -0.37276714  0.39148594 -0.15035526 -0.1617164
  -0.00475127]]","['bbo_main', 'random_fill', 'random_fill', 'random_fill']","[[0.09504753 0.16170583 0.25552547 0.16180298 0.27474752 0.38842831
  0.08767905 0.15140126 0.21748706 0.05589603 0.09886137 0.14041319
  0.45464431]
 [0.0938031  0.15981324 0.26246055 0.16433686 0.28056152 0.41064412
  0.08597767 0.1459214  0.21271445 0.06222626 0.11465887 0.1743704
  1.00000187]
 [0.08998563 0.15298275 0.25596618 0.1724177  0.29932256 0.41894125
  0.09522351 0.16490696 0.23425801 0.04589878 0.07785343 0.11066113
  0.26967183]
 [0.09077665 0.15217051 0.22004749 0.18588744 0.32426939 0.49740834
  0.08442009 0.14087791 0.2003683  0.0483019  0.08097629 0.11476119
  1.00000081]]",[-0.36025513  0.15888917  0.08324987 -0.01586673],4,0.033602173781032973,0.7250416696202706,0.7632512650235895,0.017544087543316263,0.03013747898339761,637.527416595025
142,"[[-0.11461339  0.64050565 -0.07406665 -0.1174291   0.05465885  0.04531697
   0.23033131  0.14455474 -0.23900582  0.61891369 -0.17915184  0.07690377
  -0.01278679]
 [-0.00282769 -0.42083752  0.08135445 -0.13523774  0.4425257  -0.03388382
   0.49893944 -0.25631373  0.12808004 -0.14310275 -0.47970877  0.13583509
   0.03018308]
 [ 0.3570831   0.36762746  0.05461328 -0.56100261  0.42168844 -0.23009663
  -0.23631303  0.16301194 -0.07586819  0.28811502 -0.11400119  0.06485203
  -0.02201199]
 [ 0.23649572 -0.34739522 -0.30761332  0.10163445  0.33391286 -0.07908275
   0.48892089  0.51679797 -0.0262245  -0.23506454  0.16639602  0.09591761
   0.04152444]]","['bbo_main', 'random_fill', 'random_fill', 'random_fill']","[[0.10248955 0.17911354 0.24441788 0.16081757 0.28154819 0.41356182
  0.09124367 0.15255582 0.21190535 0.05458267 0.09078066 0.18529441
  1.00000348]
 [0.08498522 0.14537885 0.21293429 0.17368051 0.30606152 0.43002978
  0.09675742 0.16722061 0.26040799 0.04485357 0.07648186 0.23475466
  1.0000012 ]
 [0.10319469 0.17322675 0.269961   0.15867914 0.27467268 0.3892714
  0.0913691  0.16168882 0.23461874 0.050572   0.08594215 0.12974411
  0.39244475]
 [0.08247643 0.13643944 0.19216458 0.16907717 0.29205352 0.41330943
  0.11363663 0.19589292 0.27172891 0.04771956 0.08351157 0.15548785
  1.00000388]]",[0.11152292 0.11101441 0.04402642 0.20380124],4,0.034284740920153906,0.7291350887039998,0.7671462793395265,0.017498978759863584,0.030987057589884903,590.6967445868067
143,"[[ 0.07634674 -0.26617615  0.14190708 -0.44714842  0.07692943 -0.25746547
  -0.48335244 -0.18717107  0.15222182 -0.26885286 -0.4696662   0.07169218
   0.20296169]
 [ 0.37098834  0.21818245 -0.40316819 -0.10772238  0.32037058 -0.00327857
   0.19397857  0.15413932  0.05233092  0.60760022 -0.32194487  0.03184692
  -0.00118964]
 [ 0.09496262 -0.35678858  0.11215675 -0.3672189  -0.06489963 -0.07586944
  -0.47377736 -0.13217825  0.12960459 -0.00712622  0.26328171 -0.61428449
   0.02898486]
 [ 0.49132705 -0.39310203 -0.18086634 -0.43035096 -0.05171231 -0.09578464
   0.38935009 -0.17415605 -0.17377337  0.3991631   0.04406089 -0.02792267
   0.01148296]]","['bbo_main', 'random_fill', 'random_fill', 'random_fill']","[[0.09153921 0.15550851 0.27756769 0.15955228 0.27162547 0.38334085
  0.09152111 0.1645448  0.34904414 0.04611125 0.07882273 0.11725759
  1.00002302]
 [0.08813494 0.14103618 0.18885881 0.17194686 0.30509295 0.43435257
  0.10379998 0.18137001 0.29201547 0.04908822 0.08060303 0.11870873
  1.00000424]
 [0.08944229 0.15260272 0.26159157 0.15946545 0.27337006 0.39305466
  0.09118421 0.16385223 0.34835883 0.0476216  0.07795357 0.10528861
  1.00001312]
 [0.09058681 0.14757844 0.20508697 0.15579611 0.27088054 0.3914458
  0.09552229 0.16268752 0.23081123 0.06405897 0.10909987 0.16321924
  1.00000155]]",[-0.00410725  0.13496282 -0.15795249 -0.16309609],4,0.03203584640737572,0.7542553965654136,0.7909551276240729,0.01742295845990218,0.03403878142699884,695.443575873971
144,"[[-0.23353027  0.03075416  0.0980974  -0.20667967 -0.23489191 -0.14002704
   0.24617595  0.61150231 -0.50517581 -0.25896127  0.21479109  0.12024754
  -0.00072912]
 [-0.12168959 -0.34455239  0.14224564  0.35013606 -0.52186873 -0.35968349
  -0.30912726  0.01932126  0.08267043 -0.36211637 -0.28166759  0.08920235
  -0.02716081]
 [ 0.14615334 -0.248718    0.24236373  0.03571589  0.16688173  0.26187917
   0.22851469 -0.6554334  -0.22542156  0.06282214  0.40387571  0.24209258
  -0.04510804]
 [ 0.54565613  0.34886221  0.25896833 -0.15689699  0.40412476  0.17956849
  -0.10519765  0.34153656  0.26826321 -0.12649063  0.11923443  0.24737792
   0.04711836]]","['bbo_main', 'random_fill', 'random_fill', 'random_fill']","[[0.09039868 0.15558712 0.28301594 0.15517616 0.26163273 0.37402946
  0.10140936 0.17542571 0.24162515 0.05233464 0.09698636 0.18882362
  1.00000571]
 [0.08934004 0.15310659 0.30952743 0.15914332 0.2603034  0.36314345
  0.09558992 0.1737458  0.25979231 0.04784795 0.08307177 0.12639816
  0.85432416]
 [0.08921204 0.15178113 0.25191987 0.16943092 0.2976619  0.46412157
  0.08727542 0.14762274 0.21144999 0.05314472 0.09317255 0.1400965
  0.57473699]
 [0.09663731 0.16376115 0.26871624 0.16484957 0.28653185 0.41071428
  0.09473452 0.16822687 0.37296901 0.04766335 0.08271763 0.12513269
  1.00000515]]",[-0.09503396 -0.28770475  0.13809497  0.57258249],4,0.0353472982648817,0.7296469160807286,0.7676330061423174,0.0174111128754446,0.031646739619215436,871.6467748978175
145,"[[-2.00132053e-01 -4.49981714e-01 -2.45202250e-01 -1.63356336e-01
  -3.14260840e-01 -1.91083426e-01 -5.19618191e-01 -7.85115880e-02
  -2.13374820e-01  9.59580771e-02 -4.48409551e-01 -6.85995777e-03
   5.79598745e-02]
 [ 1.95627991e-02 -2.11207255e-02  1.17066481e-01  1.24194823e-01
   5.22452948e-01  1.87676598e-02  3.76962442e-02  4.80483816e-01
   1.18393990e-01 -3.63320580e-01  4.76606056e-01  1.17412904e-01
   2.78368786e-01]
 [-8.40009206e-04  9.34177340e-02  1.73857335e-01 -3.76353682e-01
  -4.67439230e-01 -2.64919117e-01 -4.02286881e-01 -2.93020022e-01
  -1.97489422e-01  4.10127136e-01 -1.10757111e-01  2.33054801e-01
   9.61191795e-02]
 [-4.24239512e-01 -1.16149167e-01 -1.96574492e-01  2.00163470e-01
   1.29716019e-01  4.30926444e-02  5.09628401e-02  2.26654529e-01
  -9.06777323e-02  5.72549185e-01 -1.01981411e-01 -5.55639377e-01
   4.55237320e-04]]","['bbo_main', 'random_fill', 'random_fill', 'random_fill']","[[0.08461881 0.14372975 0.20460833 0.16031992 0.27212    0.38720096
  0.08949377 0.16084832 0.23210127 0.05154139 0.08713663 0.18326285
  1.00010413]
 [0.0843769  0.14479068 0.25163189 0.18103969 0.3111814  0.43267234
  0.10096821 0.18048336 0.27569455 0.04661934 0.08359949 0.13438984
  1.00001442]
 [0.09582535 0.16386546 0.26957507 0.15685072 0.26510116 0.37743948
  0.0889564  0.15537846 0.22640993 0.0550516  0.09599677 0.22844931
  0.99999907]
 [0.08037514 0.13769643 0.19658203 0.18654788 0.32003143 0.48199277
  0.09738034 0.17248406 0.24606015 0.04607884 0.07491252 0.10170685
  1.00001233]]",[-0.4035487   0.6614565  -0.18556834 -0.0046805 ],4,0.031208397953923217,0.7501482726150932,0.7870738177127021,0.017376183184830255,0.02916875202783409,615.1027213789057
146,"[[-0.34498037  0.58182536 -0.22586886 -0.21941578  0.14608529 -0.04919217
  -0.38008185 -0.13419147  0.00416639  0.22096306  0.22775849 -0.39535476
  -0.00748837]
 [ 0.58676646  0.08107055  0.13867757 -0.02479247 -0.28582138  0.08104631
   0.04444456  0.09693286 -0.70809051 -0.02757276  0.10040812  0.12932284
  -0.02634912]
 [-0.35876834 -0.42297497 -0.0181951   0.02218938 -0.48866289  0.16497203
   0.04761402 -0.38575868 -0.40246142  0.20842141 -0.23781913  0.111061
  -0.01276006]
 [ 0.35055664 -0.0039304   0.14468847 -0.19943149 -0.16992041  0.19091113
   0.80848163 -0.05061678  0.11413661  0.18105977  0.1225246  -0.18421589
  -0.01023411]]","['bbo_main', 'random_fill', 'random_fill', 'random_fill']","[[0.09764403 0.17504146 0.23671806 0.16726859 0.29549587 0.42201125
  0.08468326 0.14620894 0.24514561 0.05029968 0.08099878 0.10750236
  0.99999988]
 [0.10303494 0.17257695 0.3066018  0.16204693 0.28054273 0.41178429
  0.08743947 0.14518757 0.20025402 0.05184107 0.09221129 0.14609289
  1.00002287]
 [0.08597249 0.14799991 0.21164014 0.16445054 0.28609465 0.53094242
  0.08754773 0.14718514 0.20873755 0.0521592  0.09075036 0.14084191
  1.00000058]
 [0.09403212 0.16014707 0.22845096 0.16033604 0.27803015 0.56275554
  0.10133003 0.17759099 0.25753751 0.04792152 0.08065435 0.11316246
  1.00000415]]",[-0.07081497 -0.05732744 -0.29030677  0.18341277],4,0.032885819064707784,0.7563098487059732,0.7928948924480647,0.017317272932735606,0.03192295137154948,900.8390415280592
147,"[[ 0.122165    0.01415565 -0.07408408  0.31965463  0.13280174  0.09948092
  -0.28580986  0.65101705  0.11582925  0.2238601   0.52939387 -0.01922561
  -0.00270594]
 [ 0.0788317  -0.35038078  0.1036166   0.0040686   0.08060741  0.13602636
  -0.30926519  0.44370445 -0.17273325 -0.09699924  0.69434314  0.14583277
  -0.01101732]
 [ 0.18748049 -0.15442408 -0.0845201  -0.22796751 -0.52604623  0.02465157
   0.20701085 -0.32894988 -0.14494274 -0.11224917  0.30618029 -0.5649875
   0.08325897]
 [ 0.19370415  0.01574517  0.07843681  0.58222201  0.22199278 -0.40614759
   0.25350351  0.10451215  0.08864872 -0.40441497 -0.39348869 -0.03583996
  -0.01202494]]","['bbo_main', 'random_fill', 'random_fill', 'random_fill']","[[0.08371761 0.14170528 0.20156151 0.168158   0.28678192 0.42408773
  0.1002265  0.19072248 0.31827921 0.05559549 0.09453046 0.12989735
  1.00000028]
 [0.08560701 0.14622319 0.21456472 0.1656439  0.28630203 0.45074492
  0.09087903 0.15854843 0.22533268 0.05948241 0.10918823 0.21758138
  1.00000083]
 [0.09362572 0.15837188 0.22327294 0.15370562 0.26266276 0.45345764
  0.09149565 0.15828693 0.22881872 0.04870244 0.07995943 0.10739779
  1.00000421]
 [0.09519583 0.16246199 0.27457242 0.17014957 0.2787404  0.37831053
  0.10357201 0.18593288 0.28196439 0.04309664 0.07275816 0.10764948
  0.99999986]]",[ 0.32099711  0.15689041 -0.21250607  0.05857003],4,0.03351341350572923,0.754768953576495,0.7914401248519796,0.017359744878468225,0.03068038433290496,596.0249537539203
148,"[[-0.1535337   0.18389352  0.0139287   0.34188994  0.14632193 -0.17975366
   0.57672076 -0.19576766  0.02794896  0.19947541  0.43535357 -0.40602788
   0.07688689]
 [ 0.22638384 -0.03589894 -0.45317107  0.29011198 -0.22991239  0.04838359
   0.46048299 -0.47841191 -0.05595239 -0.38194487  0.09970536  0.05317196
  -0.00533433]
 [ 0.34438391 -0.19566771  0.02170957  0.64667835 -0.31403311 -0.05847255
   0.5237696  -0.08139148  0.08345988 -0.17846232  0.04951653 -0.00153615
   0.01364095]
 [-0.31288333  0.55592522  0.14261129  0.30295344  0.14964752 -0.16761189
   0.4619415  -0.17705683 -0.09969204 -0.05257084 -0.14441341 -0.2498155
   0.29956635]]","['bbo_main', 'random_fill', 'random_fill', 'random_fill']","[[0.09124302 0.16078641 0.23119039 0.1776599  0.29380197 0.39898157
  0.10115551 0.17337878 0.27471124 0.05040846 0.08162384 0.10811567
  1.00000795]
 [0.08601135 0.14015022 0.19104099 0.17314475 0.29736765 0.48107352
  0.09039353 0.15150004 0.22078208 0.04799394 0.09069158 0.145779
  1.00000285]
 [0.09126977 0.15410437 0.2205303  0.16460604 0.26842543 0.37860963
  0.11162443 0.19283137 0.33512227 0.04642575 0.08241285 0.12057493
  1.00002939]
 [0.09888623 0.17378596 0.36560776 0.1671566  0.28679907 0.40458869
  0.09278908 0.16056925 0.23261855 0.04487284 0.07483703 0.10592042
  1.00002127]]",[ 0.16144471 -0.11707461  0.08607223  0.39474621],4,0.034639008083216655,0.7660768019751166,0.802100470090205,0.01725558067833419,0.029362619730186515,810.913580584107
149,"[[-0.52623596 -0.03288559 -0.17112294  0.33508677 -0.00771443 -0.6047458
   0.06627633  0.29156737 -0.25656595 -0.02127386 -0.17315133 -0.16976938
  -0.0128565 ]
 [-0.12191139 -0.35265228  0.26611812  0.01927184 -0.08237532  0.22768625
  -0.54491724  0.02499558  0.20653147  0.52687959  0.17737174  0.27415633
   0.08073193]
 [-0.2444841  -0.32188209 -0.1835861   0.02796094 -0.8171522  -0.12171945
   0.06403549  0.17752691 -0.17074988  0.18310518  0.14403491  0.0107771
  -0.02046619]
 [-0.16682654  0.17668731 -0.42858191 -0.15444937  0.40278797  0.10624146
  -0.11665776 -0.0244688  -0.19205936 -0.17072741 -0.67149228  0.10050727
   0.13653587]]","['bbo_main', 'random_fill', 'random_fill', 'random_fill']","[[0.0865903  0.15052519 0.23276447 0.16328653 0.26368326 0.3607117
  0.10563029 0.18831849 0.26733893 0.04945018 0.08441173 0.12246524
  0.99999993]
 [0.08809977 0.15104985 0.2598507  0.16348736 0.28164855 0.41177105
  0.09153137 0.16269251 0.24094883 0.05481346 0.0942311  0.26257183
  0.99999871]
 [0.08754449 0.14994407 0.21308075 0.15588826 0.25785622 0.37023122
  0.10127068 0.17879324 0.25282607 0.0581688  0.1027274  0.17623974
  0.85930456]
 [0.08495576 0.14404981 0.20214405 0.18603297 0.32814911 0.50808347
  0.08792398 0.15086098 0.21598258 0.04436544 0.07564758 0.1242801
  1.00000932]]",[-0.31180337  0.28111163 -0.35538403  0.11729215],4,0.030827048518240585,0.7691640221464893,0.8050045755908757,0.017204397138545116,0.030658697935781187,1059.1095477640629
150,"[[ 0.0475642  -0.01653932 -0.4661635   0.0631556   0.21335989  0.23090199
  -0.06540743  0.11856077  0.08006067 -0.21091406 -0.66975081 -0.18110309
  -0.35599884]
 [-0.30252433  0.46171016 -0.08984295  0.03705669 -0.29357924 -0.00252308
   0.37901323 -0.09401074  0.06359227 -0.61644371  0.199073    0.0536677
   0.14358453]
 [-0.16924035 -0.10227865 -0.09041809  0.05032818  0.39362415  0.24435283
  -0.63911197  0.27526328  0.09745542 -0.38554333  0.00696232  0.23807126
   0.19088886]
 [-0.27603511  0.16217042  0.09139758 -0.38467743  0.3879205  -0.53459777
  -0.0381425  -0.03059166 -0.15314654 -0.32279982 -0.34020392  0.11828748
   0.21242203]]","['bbo_main', 'random_fill', 'random_fill', 'random_fill']","[[0.08957844 0.15310838 0.21669617 0.16502789 0.28498646 0.41991995
  0.09351186 0.1650572  0.2580502  0.04892196 0.0840222  0.11984008
  0.00826723]
 [0.09535769 0.16764578 0.23152566 0.15595415 0.26072752 0.37615697
  0.10510966 0.1821735  0.31439687 0.04554774 0.08748603 0.14013485
  1.00010419]
 [0.08551063 0.14627358 0.20806123 0.1759942  0.30755596 0.567288
  0.09022472 0.15993438 0.23283787 0.04736593 0.08232029 0.14264223
  0.9999965 ]
 [0.09542134 0.16485926 0.30075693 0.15929367 0.269179   0.37253837
  0.09255146 0.16335885 0.23627165 0.04632005 0.08042176 0.18068373
  1.00004652]]",[0.01177385 0.13920426 0.43650274 0.01865019],4,0.031009955605177938,0.7619627077911566,0.7982261301375329,0.01728919925641825,0.031052114292206,609.323438931955
151,"[[-0.01053703 -0.29212115  0.0991609   0.03700884  0.35865159  0.04187857
   0.67316197  0.23427083 -0.17323869  0.10408659  0.47144926  0.04086216
   0.01254019]
 [ 0.06280925 -0.02994123  0.11925531  0.32053741  0.42711161 -0.25724269
  -0.03290332  0.04777496 -0.3474795   0.48160145  0.29734703  0.42532416
  -0.06504915]
 [-0.30882848 -0.22748343 -0.2276546  -0.19939543 -0.27788783  0.12811689
   0.6976078  -0.01668867  0.02701425 -0.13875586  0.21081929 -0.09844494
   0.32649843]
 [ 0.53424283 -0.11220809  0.16280546  0.06572695  0.07535764  0.15290017
   0.08479819  0.61407506 -0.23462459 -0.35767839 -0.19249621 -0.19436118
  -0.00430754]]","['bbo_main', 'random_fill', 'random_fill', 'random_fill']","[[0.08144987 0.1381677  0.26050643 0.17259548 0.30386894 0.43017377
  0.10184278 0.17324717 0.23894133 0.05606352 0.09780634 0.1376503
  1.00000024]
 [0.08936801 0.15286462 0.21947504 0.16630258 0.28680126 0.4075756
  0.09127223 0.15914008 0.22944197 0.05339388 0.09366496 0.30153969
  1.00009526]
 [0.08327772 0.14154    0.20037517 0.15977082 0.27576613 0.49201468
  0.11102438 0.19131792 0.27197122 0.04986633 0.08624989 0.12230559
  1.00003246]
 [0.09472931 0.16064561 0.34768697 0.16691394 0.28978739 0.44800907
  0.09920627 0.17531149 0.24568843 0.04395942 0.07337195 0.10352183
  1.00000283]]",[0.25585843 0.13980195 0.25835119 0.19464421],4,0.030726181260586793,0.7825588907139042,0.8175721190289412,0.016987973785036387,0.02887984073346256,844.0891357660294
152,"[[-4.14605381e-01 -2.52584776e-02  3.94347316e-02  3.14647383e-01
   5.88986456e-01 -2.50912037e-01  1.15946269e-01  2.17215160e-01
  -4.65891966e-01 -1.71127428e-01  4.73689097e-02  8.80061230e-02
  -9.46803458e-03]
 [ 3.27301890e-02 -3.27345737e-01  2.24724391e-01 -4.42772961e-01
  -2.37828040e-01 -9.57223615e-06  4.21100572e-01 -1.98523022e-02
   1.99868666e-01 -1.74198606e-01 -5.26929046e-01  1.66384922e-01
   1.87914274e-01]
 [-1.77362430e-01  1.52298959e-01  3.82702257e-01 -4.67237862e-01
  -2.41422172e-01  4.11870038e-01 -3.56125380e-01  1.10960565e-01
  -1.26892367e-01 -8.30265441e-02  4.77817953e-03  4.29327325e-01
  -7.85898702e-02]
 [-2.59155149e-01 -5.34296607e-01 -1.86173457e-01  1.22694784e-01
  -3.21188534e-01  4.38227092e-03  5.38962728e-01 -3.92209431e-01
  -1.05984410e-01  8.54352419e-02 -1.75301576e-01 -4.30902861e-03
   2.96606382e-02]]","['bbo_main', 'random_fill', 'random_fill', 'random_fill']","[[0.08424236 0.1463692  0.22450888 0.18968378 0.32519525 0.44597056
  0.08742578 0.14679634 0.20613809 0.04781402 0.0848996  0.15466873
  1.00005164]
 [0.08940739 0.15292067 0.37109282 0.15898172 0.27182264 0.39018097
  0.10203685 0.1808031  0.2678573  0.04719854 0.08014674 0.11912628
  1.00000017]
 [0.09303839 0.15940296 0.2544534  0.16262681 0.28197101 0.42390592
  0.09180351 0.16164658 0.2329414  0.04980293 0.08637328 0.14024123
  0.16832086]
 [0.08024582 0.13381301 0.19019796 0.16534706 0.28224045 0.46128054
  0.09409672 0.15985678 0.23060943 0.05132571 0.08968484 0.13251388
  1.00000009]]",[ 0.05551635  0.15141467  0.13463314 -0.21471644],4,0.029813962380736754,0.79598275070908,0.8301106724705783,0.01695547688382353,0.030246503066940517,646.0899279059377
153,"[[ 0.21491894 -0.71026266  0.07667628 -0.0839404  -0.54760533  0.04551469
  -0.0949403  -0.14250781 -0.12155626  0.26314693 -0.14177653  0.03146047
   0.00580191]
 [ 0.19605057 -0.18739561 -0.03041567  0.04990333 -0.2786202  -0.24797851
  -0.02504344 -0.25975105 -0.13437956 -0.12208819  0.4861413  -0.66821585
  -0.00144317]
 [-0.27677576  0.12815158 -0.09987123  0.12341828  0.00077386  0.00154563
   0.68963661  0.2641538  -0.38404238 -0.4104403   0.03352643 -0.01158509
   0.1384887 ]
 [ 0.62463752  0.07699247 -0.13201522 -0.13479503 -0.06407918 -0.11279936
  -0.16478957  0.03691621  0.27148944  0.50122786  0.35497111  0.26446363
   0.04552778]]","['bbo_main', 'random_fill', 'random_fill', 'random_fill']","[[0.08630333 0.14529574 0.30590204 0.15554614 0.26348015 0.39107901
  0.08984403 0.15690135 0.22400934 0.05416468 0.09333275 0.13421967
  1.00000007]
 [0.0969985  0.16527005 0.28086664 0.15864467 0.26165222 0.36927344
  0.09039245 0.15800904 0.23052079 0.04940185 0.08091485 0.10812599
  0.99999981]
 [0.08535702 0.14823456 0.21108513 0.16875004 0.29237677 0.43219715
  0.11459155 0.18862695 0.2492877  0.04447473 0.07907769 0.11834278
  1.0000024 ]
 [0.09403858 0.15983724 0.22292994 0.15892358 0.26978895 0.3859608
  0.09390818 0.16736652 0.36904414 0.05546369 0.09631984 0.16934287
  1.00001527]]",[-0.24780821 -0.29172762  0.15064253  0.2025693 ],4,0.033007273552742245,0.7933988846208037,0.8277017666188383,0.016868912534002953,0.030055218858551613,975.0576020879671
154,"[[ 0.58647707  0.08127436 -0.08298725 -0.31067764  0.45848272 -0.1110515
  -0.02437009 -0.25345655  0.00122005  0.07908455 -0.46605162 -0.18627935
  -0.02233206]
 [ 0.38092762 -0.38200218  0.30019881  0.01682808  0.25852958  0.2539456
   0.58249319 -0.14695103  0.31089884 -0.14774681  0.04984774  0.05482196
  -0.04867939]
 [ 0.38279628 -0.19035737 -0.01692135 -0.39992462 -0.2168375  -0.02836946
   0.07898583  0.13443758 -0.02231056  0.3937219  -0.64736877  0.09851957
   0.02371429]
 [ 0.11963774  0.00193139  0.26632011 -0.32593389  0.37999987  0.43243757
  -0.12988314  0.39662789  0.50540388 -0.1378673   0.08275319  0.11912045
  -0.08637161]]","['bbo_main', 'random_fill', 'random_fill', 'random_fill']","[[0.10006173 0.16756158 0.23109151 0.1684542  0.29769522 0.422728
  0.08985085 0.15544781 0.24822704 0.04493286 0.07446409 0.10545082
  0.40255268]
 [0.0885325  0.15055371 0.25992675 0.16738641 0.29229994 0.42424824
  0.0962155  0.16855119 0.3832836  0.04746321 0.08209758 0.11751313
  1.00000818]
 [0.09530263 0.16140714 0.22537903 0.15456483 0.26518794 0.38462248
  0.10249302 0.18202846 0.25913804 0.04855164 0.08062053 0.24120893
  1.00000397]
 [0.08886209 0.1520053  0.21738237 0.16604257 0.28852059 0.42536256
  0.09564857 0.16994635 0.29162134 0.04817002 0.0828813  0.11881202
  0.18844538]]",[-0.01073654  0.34564416 -0.08709751  0.50874289],4,0.029939740240764408,0.79598275070908,0.8301106724705783,0.01691247163161531,0.02858095348952866,469.9608306859154
155,"[[ 0.26861463  0.09061733 -0.02420362 -0.05721235  0.47542624 -0.25829213
  -0.68193239  0.19905049  0.04954526  0.03615841  0.33547621  0.04472237
  -0.0084419 ]
 [ 0.11093823  0.06940122 -0.09931863 -0.15644009  0.21465577 -0.07135852
  -0.5679504  -0.34277243 -0.37517932  0.09629886 -0.55298238 -0.03218527
  -0.02122169]
 [ 0.07531609 -0.49949686 -0.25668657 -0.16242677  0.61817728 -0.16392767
   0.09105967  0.09013489 -0.0134351   0.41642227  0.225342   -0.03940927
  -0.03475928]
 [ 0.03553674 -0.43675776 -0.21306864  0.15292092 -0.24451739 -0.05905208
  -0.05955042  0.47827066  0.2891093  -0.4187797  -0.34199134  0.25521313
  -0.05078703]]","['bbo_main', 'random_fill', 'random_fill', 'random_fill']","[[0.09761341 0.16425377 0.22879837 0.16694027 0.28427806 0.38939804
  0.0857166  0.15776394 0.26433206 0.05990492 0.10667217 0.1606541
  1.00005719]
 [0.09595841 0.16234825 0.22744062 0.17382831 0.30664047 0.43861782
  0.0841969  0.14333768 0.20580844 0.04694187 0.07936284 0.12082175
  0.62742953]
 [0.08427276 0.14197131 0.20244972 0.17000684 0.29834115 0.42213959
  0.09582298 0.16813015 0.24786149 0.05260594 0.08893862 0.12606002
  0.2932547 ]
 [0.08679323 0.1484214  0.21118009 0.16359813 0.27932074 0.39934616
  0.10065579 0.1817086  0.30671253 0.04750729 0.08220721 0.13324918
  0.34310698]]",[ 0.08333159 -0.22408369  0.01841704 -0.03544158],4,0.031628419070250435,0.821888258329723,0.854132888314217,0.016761436054192214,0.029450184292751952,886.3758639190346
156,"[[-0.41461909 -0.07814877 -0.29637668 -0.2714127   0.29216423 -0.39765091
  -0.0815389   0.10078852 -0.17371953  0.58932055 -0.14946778 -0.01393729
  -0.01321495]
 [ 0.16143317 -0.10896417  0.1236448   0.24232877  0.20265796 -0.39494407
   0.10291239 -0.23527245 -0.20684448  0.61374203  0.43871562  0.11155028
  -0.02609472]
 [ 0.34710134 -0.01342338  0.18149813  0.02760354  0.27503702  0.26708002
  -0.49126551 -0.0177921  -0.13423968 -0.38093336 -0.07089611 -0.53481934
  -0.0530375 ]
 [-0.22985643 -0.16838611 -0.00792682  0.00716912  0.40219146  0.26586207
  -0.41471869 -0.58521503  0.29720508  0.02771296 -0.03031738  0.18273892
   0.21994896]]","['bbo_main', 'random_fill', 'random_fill', 'random_fill']","[[0.08385224 0.14278837 0.20267188 0.161413   0.2744013  0.38523152
  0.09610817 0.17076458 0.24346718 0.06107613 0.10273215 0.1624378
  0.72737951]
 [0.09296536 0.15814164 0.27599481 0.16120944 0.27055915 0.37947808
  0.08847909 0.15234911 0.21975265 0.06369481 0.11324221 0.16897029
  0.954471  ]
 [0.09417401 0.15990621 0.22946922 0.17071016 0.29839781 0.47687484
  0.08970233 0.157313   0.22916551 0.04534973 0.07706699 0.10963619
  0.32825301]
 [0.08647154 0.14795809 0.2112652  0.17397411 0.30499631 0.45434044
  0.08884806 0.1547947  0.3654606  0.04875475 0.0840798  0.12151342
  0.999997  ]]",[-0.24697806 -0.01355196  0.10992213  0.42037846],4,0.03243647927330509,0.8021887833482512,0.8358872927568046,0.016843050497092265,0.028768125784797927,503.36948023806326
157,"[[ 0.67234136 -0.14916071 -0.26885501  0.38559451 -0.08769623 -0.03631713
  -0.02756888  0.33676908 -0.34274672 -0.08452863  0.23791357  0.01680955
  -0.00729246]
 [-0.03472914 -0.10280377 -0.04367435  0.2147545   0.22034649 -0.55035169
   0.17327579  0.29379569 -0.55538873 -0.12491305 -0.22161063 -0.21039712
   0.23447865]
 [-0.280469    0.02099233 -0.5631981  -0.46727498  0.51606075  0.10532126
   0.02298586 -0.27712586  0.07524126  0.04646273 -0.0927299   0.11730279
  -0.02100689]
 [-0.07252435 -0.12867329  0.09304499  0.30504917  0.02084423 -0.49781207
  -0.05120716 -0.53076464  0.16506007  0.37482266  0.35848503  0.21530174
  -0.03582187]]","['bbo_main', 'random_fill', 'random_fill', 'random_fill']","[[0.09086773 0.14551042 0.19897988 0.174959   0.29539171 0.42122299
  0.09053109 0.15575672 0.21735472 0.05460665 0.10236409 0.16732308
  1.00004347]
 [0.09320085 0.15864203 0.27435342 0.16519428 0.27192068 0.37194324
  0.09374501 0.16132698 0.2257134  0.04570002 0.07850393 0.11446388
  1.00000692]
 [0.08232334 0.1353237  0.18854677 0.17575519 0.31789451 0.4946059
  0.09120383 0.15670887 0.2364508  0.04964688 0.08520168 0.14039565
  1.00000313]
 [0.08966061 0.15362048 0.2223861  0.1605314  0.26917241 0.37751663
  0.09098468 0.15961468 0.24711552 0.05909692 0.10552267 0.21009537
  0.739652  ]]",[ 0.00287226 -0.01526081 -0.02609117 -0.10879984],4,0.031218154310707416,0.8115108977522387,0.844539158527692,0.01672702747252255,0.02860186740682208,774.9855500799604
158,"[[ 0.50324031 -0.42639703  0.04523528 -0.22798591 -0.12513417  0.05489884
  -0.41451456 -0.18157934  0.03732537  0.29411947 -0.4222986   0.04057843
   0.13986767]
 [-0.08314233 -0.52220057 -0.41256861  0.30752731  0.29751548  0.06262898
  -0.19948791  0.29687522 -0.27456184  0.309279   -0.2390324   0.07844618
  -0.03019691]
 [ 0.00748394 -0.52068852 -0.03865083  0.08804084  0.20144111 -0.41566239
   0.01377326 -0.37514624 -0.44969811 -0.33185091 -0.2300041   0.0062119
  -0.00321572]
 [ 0.62831477 -0.03050592  0.11447901  0.09338521 -0.05017879 -0.02931542
  -0.5613638  -0.30518254  0.09218468 -0.34725813  0.2009331   0.0365834
   0.00469223]]","['bbo_main', 'random_fill', 'random_fill', 'random_fill']","[[0.09235144 0.15370291 0.25695731 0.15971617 0.27975808 0.47545119
  0.08506791 0.14995392 0.22682867 0.04836003 0.07900567 0.1189189
  1.00004671]
 [0.08123356 0.13491222 0.1901835  0.18727764 0.32433625 0.48183671
  0.09013142 0.15773073 0.22612874 0.04905121 0.08390866 0.133447
  0.94618993]
 [0.08727978 0.14931399 0.25619713 0.1707181  0.29395164 0.41077742
  0.08609176 0.14202938 0.20011995 0.04688772 0.08437457 0.14181964
  1.0000069 ]
 [0.10370556 0.17324096 0.34929863 0.16489693 0.28226975 0.40116336
  0.08487465 0.14853582 0.22956861 0.04888939 0.08805689 0.12747495
  1.00000511]]",[ 0.01877685 -0.02763403 -0.36288632  0.02759557],4,0.03208819309085102,0.8016713532831518,0.8354061683962789,0.01677309128199698,0.0294316440182464,524.583303327905
159,"[[-0.11356943 -0.08867112  0.06957055 -0.31104616 -0.13203626 -0.06513533
  -0.29075185 -0.00806649 -0.27572094  0.28504     0.63200363 -0.4631519
  -0.01279231]
 [-0.14324318  0.23263459 -0.36919183 -0.12263944 -0.08854603  0.25381887
  -0.56188599  0.34206378  0.29182685 -0.12051945 -0.3022179   0.27811327
  -0.02571185]
 [ 0.02357634 -0.05624102 -0.26399335 -0.06792675  0.31565541 -0.30045822
  -0.34565669 -0.5252773  -0.01719452  0.52656497 -0.18563715 -0.15674538
  -0.00834964]
 [ 0.37186698 -0.02952922 -0.09319849  0.15421621 -0.6061519  -0.02968283
  -0.12537765  0.2612195  -0.22872603  0.49682577 -0.27537467  0.02363807
  -0.02401216]]","['bbo_main', 'random_fill', 'random_fill', 'random_fill']","[[0.08998977 0.15443138 0.3062704  0.15667232 0.26928442 0.39202759
  0.08726507 0.1508714  0.21552646 0.06077351 0.10184408 0.13446495
  1.00001206]
 [0.08788239 0.15018015 0.21058124 0.16424717 0.28340691 0.42486274
  0.09555566 0.1722803  0.39068753 0.04851083 0.0833606  0.1528613
  1.00000472]
 [0.08624021 0.1450209  0.20509225 0.17259776 0.30178618 0.41973768
  0.08313914 0.14240262 0.25269288 0.05330618 0.08679457 0.12016796
  1.00001676]
 [0.0956599  0.16250569 0.22598194 0.15858891 0.26726079 0.38897231
  0.09556628 0.17047433 0.24256708 0.05217267 0.08876236 0.14093342
  0.25243321]]",[-0.19182486  0.11221791 -0.22595516 -0.16356085],4,0.030922320508932982,0.818772818089817,0.8512570012894474,0.016705290646060193,0.02881512059394456,503.64851651201025
160,"[[ 0.49341174  0.61964872  0.14503102  0.25609182  0.14865529  0.08365391
   0.14095649  0.2262713   0.13919764  0.31860278 -0.22402984 -0.12119986
  -0.00608343]
 [-0.35965391  0.13794229  0.04732626  0.18853975 -0.48979551  0.0167434
   0.61584252  0.12968153 -0.28131242  0.09723055 -0.29247994  0.02960841
   0.05062653]
 [-0.27568475  0.33160705  0.07520855  0.48198391  0.51883237  0.01057899
  -0.48941165 -0.07281123  0.01580315 -0.1491366   0.16690982  0.1033255
  -0.03031792]
 [-0.52314205 -0.37296259 -0.46305989  0.1485387  -0.07182879 -0.47735795
  -0.01389148  0.20082395 -0.09842619  0.09669098 -0.1754811   0.13044563
   0.10165304]]","['bbo_main', 'random_fill', 'random_fill', 'random_fill']","[[0.10532838 0.1785899  0.3195291  0.16726649 0.28792937 0.41076541
  0.09562282 0.16927435 0.25835282 0.04485618 0.07409224 0.10395609
  1.00000086]
 [0.09203591 0.1615388  0.27308627 0.15697993 0.26110923 0.38158626
  0.1122227  0.18946693 0.25691984 0.04804641 0.08162954 0.12375472
  0.99999672]
 [0.08806544 0.15132666 0.24298706 0.18705035 0.32178255 0.4472528
  0.08584722 0.1495548  0.22035667 0.0473656  0.08296825 0.12759821
  0.66807174]
 [0.08161756 0.13959036 0.19909506 0.16259351 0.27078464 0.37832238
  0.10239558 0.18444585 0.26587846 0.05273879 0.09155704 0.1992772
  1.00000144]]",[ 0.39572706 -0.03330377  0.25630764 -0.23671622],4,0.032918363225066805,0.830205878598121,0.8617921414802039,0.016580001066761572,0.030731432806833166,538.4137248229235
161,"[[ 0.55478304  0.17710429 -0.43668633  0.10763835  0.12919206 -0.12924768
  -0.05360136 -0.43968554 -0.05897003 -0.27733078  0.34640842 -0.16904444
  -0.00349404]
 [ 0.39367367  0.06782185  0.13819233  0.60923734  0.0138714   0.13769768
  -0.25739621  0.50063283  0.12582107 -0.28923081 -0.06134038 -0.0822175
   0.06408679]
 [ 0.27669044  0.24323725  0.02004128 -0.38137396 -0.05719685 -0.33299502
  -0.18159413 -0.2968638  -0.62605472 -0.1731462  -0.24586461  0.01097435
   0.02597319]
 [ 0.15263435  0.6502916   0.14665108  0.16052641  0.0245891   0.20372158
  -0.25676954 -0.51547302  0.21551637 -0.09226814 -0.23521246  0.14699148
   0.03010126]]","['bbo_main', 'random_fill', 'random_fill', 'random_fill']","[[0.10144647 0.16457718 0.21808152 0.17488495 0.30351645 0.42908935
  0.08440543 0.14163572 0.22142816 0.04919763 0.08833297 0.12624445
  1.00005679]
 [0.09424953 0.1603449  0.3045265  0.17477994 0.29692178 0.4525876
  0.09739274 0.17746138 0.2630102  0.04377903 0.07342772 0.10388696
  1.00001312]
 [0.10406354 0.17578715 0.2863657  0.15870648 0.27212313 0.3870139
  0.08657455 0.14467564 0.20382261 0.04997528 0.08779868 0.13295154
  1.00000006]
 [0.10017493 0.16976994 0.23693005 0.168245   0.29241866 0.45591112
  0.08805333 0.15292462 0.3335193  0.04647174 0.07973651 0.11684121
  0.99999722]]",[-0.09496462  0.39822979 -0.31675617  0.28218706],4,0.030605490105722027,0.8276050608266082,0.8594001861833793,0.01653370642730113,0.029111417847002774,516.742260498926
162,"[[-0.50428854 -0.45755415  0.11371992  0.24860161  0.11965592  0.08121423
  -0.41652492  0.26049552 -0.21507564 -0.30040444 -0.24755589 -0.03941088
  -0.00075107]
 [ 0.11133297 -0.27505547  0.2239072  -0.19675302 -0.39887806 -0.01808193
   0.07511184  0.11904303  0.22137453  0.19791392  0.72657056  0.16660517
  -0.00457346]
 [ 0.352917    0.04351298 -0.04257153 -0.61202536  0.41464151 -0.07229694
   0.28436334 -0.18693721  0.02364274 -0.08771491 -0.41432591  0.02769792
   0.15336349]
 [-0.31282747 -0.35601307 -0.37084151  0.48191198  0.15861532 -0.18410357
   0.16836143 -0.13042781  0.24721768  0.39941861  0.13754354  0.24462566
  -0.0425373 ]]","['bbo_main', 'random_fill', 'random_fill', 'random_fill']","[[0.0809361  0.13878785 0.26859323 0.18798761 0.32337682 0.46064552
  0.08882623 0.15629075 0.2235769  0.04484015 0.07681627 0.11180361
  1.00000472]
 [0.08919088 0.15245264 0.32545585 0.15764012 0.2658965  0.3798205
  0.0962494  0.17091783 0.26646061 0.05893926 0.10383324 0.14895786
  1.00001071]
 [0.10307491 0.17102953 0.23386076 0.1601189  0.29990628 0.42768125
  0.09387446 0.15945256 0.25663916 0.0430574  0.07197192 0.11845607
  1.00000448]
 [0.08309486 0.14136263 0.20163729 0.16879515 0.28885004 0.40835436
  0.09580729 0.17007173 0.29518715 0.05297315 0.09221123 0.14775476
  0.46934451]]",[-0.03294985  0.09083888  0.15530284  0.0178293 ],4,0.030418157719304676,0.8208495609959573,0.853174476544123,0.016677750051424994,0.029116758622944827,975.9321135079954
163,"[[-0.38035133  0.02032619  0.10306944  0.37968095  0.24365832 -0.23416433
   0.24707248 -0.19592962  0.1139699   0.33019164 -0.31978393 -0.51080915
  -0.03605305]
 [-0.35961619  0.35864169  0.12764825  0.12452076  0.15701536  0.13959194
   0.39015197 -0.17169161  0.10623495 -0.25482437  0.36288142 -0.5243034
   0.04022725]
 [-0.63169384  0.40373058 -0.44300461 -0.0766877  -0.03573831 -0.41820085
  -0.20236159  0.07505703  0.06970671 -0.0712693   0.02080273  0.04717961
  -0.02191933]
 [-0.16123541 -0.07091932  0.15812375 -0.21571823 -0.08606782 -0.00572983
   0.73679402 -0.07941308  0.20335369 -0.04562173  0.5444785  -0.02591709
  -0.01616035]]","['bbo_main', 'random_fill', 'random_fill', 'random_fill']","[[0.08874577 0.15266419 0.24411073 0.17013336 0.29200868 0.41261575
  0.09534903 0.1682755  0.26059076 0.04631789 0.07621706 0.10680765
  0.2142977 ]
 [0.09222902 0.15948431 0.26098541 0.17215034 0.30035866 0.53422193
  0.09376828 0.16194996 0.24205223 0.04497153 0.07429332 0.10143425
  1.00001307]
 [0.08694706 0.15021551 0.21214269 0.15843786 0.26469409 0.37173643
  0.09685379 0.17588056 0.29775636 0.05158235 0.08954649 0.13678819
  0.53498937]
 [0.08850868 0.15190035 0.22883486 0.15829934 0.27029394 0.38863613
  0.10291074 0.18006927 0.39706088 0.05250748 0.09144717 0.12881794
  1.00000163]]",[-0.01744044  0.2375534  -0.25805718  0.12166687],4,0.029491439840712827,0.8354119209446034,0.8665716456267971,0.01650658491668582,0.027895833996254726,483.7570036111865
164,"[[-0.39733716 -0.16064337 -0.20826473  0.16554277 -0.22924461 -0.14357743
   0.01671828  0.72729535 -0.18193737 -0.17098428  0.27238521  0.07387481
  -0.03383279]
 [ 0.3827942  -0.16872176 -0.10684112  0.29992987  0.25196937 -0.06982758
   0.54641979 -0.16063775 -0.08411507  0.37235797 -0.43026891  0.00108403
   0.00517379]
 [ 0.22503163 -0.09149923 -0.10635001  0.5550349  -0.15620267 -0.26242079
  -0.47564788 -0.00709787 -0.1126828  -0.33159695  0.19771022 -0.37447494
  -0.00919735]
 [ 0.0766421   0.21762608 -0.59810254  0.09595204  0.13719749 -0.4098158
   0.29149754 -0.33608094  0.11425754 -0.34885959  0.2241551   0.10022966
  -0.00942258]]","['bbo_main', 'random_fill', 'random_fill', 'random_fill']","[[0.08612784 0.14820756 0.21096863 0.16150814 0.27298806 0.39031645
  0.1024536  0.18209393 0.25752016 0.05101996 0.08906041 0.15738348
  0.34231313]
 [0.08780589 0.1455192  0.20556535 0.19141249 0.32929125 0.4551518
  0.09241198 0.15567781 0.22357967 0.04576483 0.07510845 0.12049117
  1.00008627]
 [0.09758108 0.16562746 0.23911704 0.17313864 0.27921599 0.3855637
  0.08726156 0.15891538 0.2427325  0.04510302 0.07745033 0.10839493
  0.98852708]
 [0.08665074 0.14337683 0.19862057 0.16092256 0.26975663 0.37766318
  0.09455643 0.16466647 0.31399982 0.0516751  0.09766159 0.15321302
  1.00000234]]",[-0.09097607  0.09240648 -0.18663412 -0.16537697],4,0.03242147188530278,0.8260452585600805,0.857964324662649,0.01653041417441736,0.02792279744629189,528.7021776349284
165,"[[-2.69586074e-01 -1.77956501e-01  3.72596008e-01  3.16902301e-01
   1.39428067e-01 -1.52555407e-01 -2.83091992e-01 -2.28763112e-01
   2.99465267e-01  5.01482256e-01  7.32051824e-02  3.64149049e-01
  -4.56680934e-02]
 [-2.90838165e-01  1.07812760e-01 -5.76461577e-01 -2.26865180e-01
  -2.40564190e-01 -2.57326698e-03 -1.49246510e-03 -4.98179299e-01
   6.54467936e-02 -4.01017369e-01  1.74998963e-01 -1.34990750e-01
  -2.42211392e-03]
 [ 4.21603947e-01 -4.01457498e-02 -4.82363489e-04 -4.58231382e-01
  -3.56733414e-01 -2.29745081e-01 -1.77345829e-01  3.38754520e-01
  -1.84239827e-01 -4.27837134e-01 -1.91585222e-01  5.78890815e-02
   1.65437385e-01]
 [-3.19163653e-01  1.03686966e-01 -3.31262927e-03  5.48072574e-01
  -4.31939267e-01  7.14792727e-02 -3.85095334e-01  1.35706717e-01
   1.01166066e-01 -2.80568733e-01  2.05861982e-02  9.42769470e-02
   3.61009956e-01]]","['bbo_main', 'random_fill', 'random_fill', 'random_fill']","[[0.088946   0.15261076 0.38816383 0.16428974 0.28150985 0.39770047
  0.09214491 0.16343386 0.24496404 0.05188293 0.08972629 0.14638609
  1.00000133]
 [0.08428276 0.13913569 0.19059467 0.16113058 0.27907165 0.40863017
  0.09046715 0.15639499 0.30456839 0.0495679  0.0882311  0.12649177
  1.00000613]
 [0.10245923 0.17188731 0.25040634 0.15166369 0.25355195 0.35888729
  0.0999603  0.17936519 0.25382171 0.04833909 0.08470103 0.15696757
  1.00004298]
 [0.08783445 0.15158799 0.21599831 0.16553962 0.27488039 0.40126682
  0.09432859 0.17333369 0.39154826 0.04754622 0.08451376 0.13934961
  0.99999064]]",[ 0.17424452 -0.30617295 -0.07233258  0.37699927],4,0.033213563830866544,0.8348910472621988,0.8660939646374991,0.016533437047372684,0.02862164417214702,538.7136056991294
166,"[[-0.36105431  0.33948581 -0.31476068  0.25558783  0.2436971  -0.37153644
  -0.40332185  0.20980347 -0.31521293 -0.0776397  -0.26469104 -0.10173093
  -0.00885959]
 [ 0.15492817  0.35219314  0.06558199 -0.1607059  -0.31533162 -0.06890519
   0.54291218 -0.62159408  0.00584609 -0.15821398 -0.10279785  0.02703628
   0.01228295]
 [ 0.15046091  0.68184901 -0.2167285   0.49035203 -0.16132476 -0.06335276
   0.2484025   0.00706081 -0.01102931 -0.09746018  0.3511424   0.01467752
  -0.00988093]
 [-0.38540575  0.35480399 -0.39576128 -0.20069331  0.06027725 -0.00319243
  -0.32359813 -0.1701796   0.12306383  0.14929394  0.59330407  0.04008654
  -0.01735842]]","['bbo_main', 'random_fill', 'random_fill', 'random_fill']","[[0.08649233 0.15079791 0.21298832 0.18525484 0.30852286 0.41929882
  0.08667251 0.15556844 0.22518043 0.04503617 0.07698628 0.13392162
  0.89800386]
 [0.10548159 0.18459875 0.30077162 0.15553928 0.26358179 0.37913578
  0.09063401 0.15332698 0.22608791 0.04879006 0.08602319 0.12649571
  1.00000028]
 [0.10644164 0.18037609 0.24142394 0.16232351 0.26536224 0.37552942
  0.09522662 0.16658835 0.24388737 0.0530559  0.09756517 0.14881741
  1.00000385]
 [0.08541274 0.14677981 0.20628547 0.16257607 0.27954501 0.40262016
  0.08957392 0.15696821 0.30789318 0.06316644 0.11314365 0.1620015
  1.        ]]",[-0.1990768  -0.07879294  0.14320906 -0.03165698],4,0.032578777915562074,0.8296855992532253,0.8613138662022697,0.016557129051186847,0.031007382245185573,577.8504221499898
167,"[[ 0.11701456  0.42902881 -0.01336918  0.03247283 -0.21375276  0.02806908
   0.06257074  0.46736638 -0.04816844 -0.3179507  -0.14406044 -0.63019316
  -0.10428053]
 [ 0.34843454  0.56138153 -0.05174387 -0.39637327  0.05367908  0.24961909
  -0.22601067 -0.17385064 -0.13748629 -0.07582817  0.42268298  0.22924958
  -0.03592057]
 [ 0.45629463  0.02577444  0.09361135  0.34030577  0.42544602 -0.12218349
  -0.18679329 -0.2780642  -0.09130244 -0.39520172  0.42649037 -0.10783868
  -0.01927412]
 [ 0.07888742  0.58988913  0.0054845  -0.19607996 -0.14616728 -0.14198698
   0.37370814  0.28997482  0.07114645  0.57249248 -0.04189475 -0.08057553
  -0.03169815]]","['bbo_main', 'random_fill', 'random_fill', 'random_fill']","[[0.09423961 0.16063645 0.22876028 0.16433973 0.28270767 0.41192752
  0.09601488 0.17065175 0.24597869 0.04683521 0.079465   0.11346459
  0.06052938]
 [0.09818346 0.16586665 0.22910137 0.16215528 0.28323773 0.54913676
  0.08848435 0.15206672 0.21871557 0.05300379 0.0932536  0.14558746
  1.00011744]
 [0.09797405 0.16504804 0.27235148 0.1854153  0.31974871 0.44118735
  0.08398709 0.14160638 0.20671567 0.04673836 0.08376274 0.12057775
  1.0000341 ]
 [0.09881263 0.16773823 0.23339931 0.15622614 0.26434412 0.3797039
  0.1017859  0.18106086 0.28249815 0.05071297 0.08629131 0.12238351
  0.44531838]]",[0.0031167  0.15981824 0.13071981 0.09691863],4,0.02899641516995947,0.8390597531317925,0.8699136962890925,0.016481574033164168,0.02828480579975043,522.011545328889
168,"[[-0.15194361 -0.58353765 -0.05637965 -0.55515194 -0.04505417 -0.18231634
  -0.16471646 -0.04867901 -0.02753789  0.20358131 -0.44453198 -0.14193056
  -0.01725306]
 [-0.10494076 -0.18645076  0.08121527  0.11256532 -0.36927085 -0.40087037
  -0.44086263  0.28854987 -0.09981202  0.00487066  0.58597886  0.08178272
  -0.01523076]
 [-0.58642612  0.38751188 -0.04168778 -0.34688663 -0.4579971  -0.20918575
  -0.22389192 -0.02980696 -0.0055301  -0.21635956  0.0137683   0.17729602
  -0.02948188]
 [-0.1734879  -0.25305709 -0.12678327 -0.07572674 -0.0168795   0.1160519
   0.44189117 -0.34308373  0.11839236 -0.14214824 -0.64257716 -0.33149194
  -0.01769527]]","['bbo_main', 'random_fill', 'random_fill', 'random_fill']","[[0.08454307 0.1432489  0.21412578 0.1578817  0.27242325 0.38889832
  0.09426852 0.16791012 0.28583019 0.04842039 0.08076485 0.11538109
  0.57495513]
 [0.0895167  0.15306143 0.25942697 0.15721237 0.25805709 0.36050305
  0.0940116  0.16724176 0.24019734 0.06175138 0.1117122  0.16760531
  1.00000008]
 [0.09390513 0.16169387 0.22739034 0.15686491 0.26365521 0.377439
  0.09420556 0.16726544 0.24796148 0.05183407 0.09155328 0.20074789
  0.55644603]
 [0.08409346 0.14253865 0.20229432 0.16929383 0.29773608 0.48541485
  0.09747323 0.16859376 0.29558172 0.04303795 0.07122795 0.09965441
  1.00000057]]",[-0.36324725 -0.19189921 -0.27422838 -0.12021128],4,0.03155786658394821,0.8536827469091905,0.883250236848794,0.01634926222828199,0.026557709422995207,1233.3787152119912
169,"[[-0.13136365 -0.42225399 -0.05217612  0.54039839  0.42885394 -0.35455784
   0.17123817 -0.30311696  0.14428264  0.12260208  0.0329872  -0.20323772
  -0.02491061]
 [-0.39625472 -0.1970534   0.02485811  0.49199107  0.45106407 -0.37236641
   0.09617193  0.05075658  0.07331759 -0.1190108   0.35718226 -0.24556339
  -0.0108916 ]
 [-0.25467579  0.05051508 -0.26385107  0.16121321 -0.09150149  0.03161556
  -0.10487545  0.29656216 -0.25821367 -0.60801442  0.53828398 -0.04619862
   0.02053146]
 [ 0.33671264 -0.00100339  0.03263682 -0.43824653  0.07979407 -0.07824566
  -0.00735859 -0.52580764 -0.02939304  0.25831216  0.39016806 -0.42918122
   0.02154869]]","['bbo_main', 'random_fill', 'random_fill', 'random_fill']","[[0.08250652 0.14081713 0.20420266 0.18408057 0.31274229 0.42891889
  0.0921647  0.16294064 0.28513755 0.04719456 0.08000292 0.11436519
  0.68411616]
 [0.08047553 0.13887024 0.2060779  0.18769922 0.31445037 0.4220833
  0.09592068 0.17235894 0.28672243 0.04730878 0.0820935  0.11648566
  1.00000173]
 [0.08221404 0.14031051 0.19805214 0.17221571 0.2913732  0.45344021
  0.0925847  0.15993855 0.22600359 0.04934036 0.10640361 0.15712709
  1.00000453]
 [0.10421426 0.17391009 0.28175082 0.15805021 0.28063384 0.40431715
  0.08589726 0.1433261  0.21257728 0.05487097 0.09040074 0.11986651
  1.00000493]]",[-0.02375981  0.04607388 -0.03075542 -0.09708957],4,0.030764983470796002,0.8683616869684782,0.8965308371010184,0.016265403096027767,0.03112681541564344,563.2244606281165
170,"[[ 0.1133884  -0.02615548 -0.44455958 -0.47277693 -0.04208866 -0.18714372
  -0.01361981 -0.06264762  0.14503906  0.57475024  0.35267604 -0.21988816
  -0.01725996]
 [-0.497871   -0.07509552  0.09728876 -0.65627265  0.22998539  0.03188831
  -0.1594887   0.07099345 -0.06584358  0.20168573 -0.36937188 -0.01292247
   0.20080908]
 [-0.07346795 -0.07628302  0.46115837 -0.1241121   0.32165006 -0.54739239
   0.02596069 -0.05828039  0.48748013 -0.12486318 -0.18518099 -0.24305948
  -0.08334955]
 [ 0.060261   -0.12749051 -0.04819663  0.23968236  0.34658935 -0.03090298
   0.15642799 -0.54840129  0.12006219  0.65448315  0.16578395  0.04378843
   0.04343386]]","['bbo_main', 'random_fill', 'random_fill', 'random_fill']","[[0.08659407 0.14562794 0.20534241 0.15696271 0.26839869 0.38435457
  0.09667758 0.17284582 0.35835485 0.05877891 0.09882505 0.1351995
  0.9999994 ]
 [0.08595023 0.14833228 0.37516485 0.16129321 0.28939315 0.4189725
  0.09240148 0.16070988 0.23014204 0.04786686 0.07985394 0.11447771
  1.0000044 ]
 [0.09321515 0.15979103 0.28262071 0.16209563 0.27685555 0.39150944
  0.0961471  0.17190849 0.26805917 0.04760151 0.0808159  0.11614791
  0.31458138]
 [0.08470034 0.14522569 0.2075233  0.18153838 0.31601079 0.4404166
  0.08544628 0.14527557 0.263552   0.05934459 0.09990156 0.13990053
  1.00000835]]",[-0.18123353  0.11764018  0.01370889  0.18631651],4,0.03056218172005365,0.8610147309953384,0.8898980220447078,0.01631292604533859,0.02840604331790779,707.3072289871052
171,"[[-0.06860067  0.7348456  -0.37150134 -0.14920227 -0.2388706  -0.03744762
  -0.0149933  -0.20373833  0.05922575  0.3574117  -0.24613571 -0.05344112
   0.01166943]
 [ 0.58893517  0.07953988 -0.44235652  0.0929557  -0.38381739  0.16248635
  -0.23898794 -0.25427433 -0.17430012  0.288577   -0.13152423  0.12580811
  -0.0153923 ]
 [-0.36587913  0.25060184  0.0770862   0.29852825  0.30585223 -0.10660801
  -0.111053    0.04311124  0.08050191 -0.31841515  0.68500078  0.1089092
   0.01454424]
 [-0.27003263 -0.34004596 -0.53665178  0.02139314 -0.1353987  -0.03522628
  -0.17419731  0.05775892  0.01678392  0.0280895   0.1023285  -0.67467875
   0.05486858]]","['bbo_main', 'random_fill', 'random_fill', 'random_fill']","[[0.10449769 0.17891742 0.23768326 0.15416453 0.26118943 0.38215266
  0.09159246 0.16223984 0.29386502 0.05035915 0.083413   0.11793544
  1.00000376]
 [0.09201407 0.15466107 0.21439613 0.16434703 0.28417011 0.56653335
  0.08804739 0.15276841 0.21993337 0.05256898 0.0909173  0.14113542
  0.99999979]
 [0.08554738 0.14851419 0.22140235 0.17227426 0.29070473 0.40416966
  0.08947112 0.15702802 0.23999464 0.05567973 0.11027721 0.21058891
  0.99999725]
 [0.08114877 0.13435055 0.18865615 0.16840551 0.29030475 0.41911002
  0.09690599 0.17436339 0.30355599 0.04611689 0.07547407 0.1026335
  1.00000391]]",[-0.07788293 -0.12273169  0.23168234 -0.22638085],4,0.03111341322525439,0.8562996608012119,0.8856260975177734,0.01629936525815067,0.028371405066893646,599.9110368459951
172,"[[ 5.66079892e-01  2.33854308e-01  7.31109011e-02  3.26444052e-01
   1.86943002e-01  5.76621461e-02  1.90851319e-01  4.42561241e-01
  -1.69951411e-01 -8.24975882e-02  4.48783355e-01 -7.28109664e-02
  -4.88873313e-04]
 [-1.12347375e-01 -5.04044714e-01 -2.21551553e-01 -4.47543745e-01
  -1.61630502e-01 -6.20838433e-02 -7.40635620e-02 -6.31081920e-01
  -1.56213876e-01 -7.73334950e-02  7.96866567e-02 -1.15459028e-01
  -1.19950226e-02]
 [-8.03283922e-02  9.06220974e-02 -3.69040560e-01 -2.10309852e-03
  -7.86842601e-01  1.34854781e-01  2.24362942e-01 -1.54779363e-01
   1.35061180e-02 -1.83046441e-01 -2.91347442e-01  1.37190899e-01
  -1.20027048e-02]
 [-2.25696145e-01  1.92920271e-01  2.77265440e-02  5.24998599e-02
  -6.12522763e-01  1.13997221e-01 -4.50116978e-01 -4.25646860e-01
  -1.58447687e-01 -1.22108482e-01  2.65495437e-01  1.27148409e-01
   9.84239944e-02]]","['bbo_main', 'random_fill', 'random_fill', 'random_fill']","[[0.10333084 0.17183323 0.27555676 0.17652024 0.30296936 0.43248447
  0.09716865 0.16919637 0.23559415 0.04706189 0.08340177 0.11838996
  1.00003327]
 [0.0841744  0.14166067 0.20159333 0.16096516 0.28709422 0.45785653
  0.08684662 0.14465219 0.21214531 0.05370528 0.09347418 0.13268324
  1.00008505]
 [0.08872002 0.15149952 0.21130645 0.15720041 0.2640819  0.4537056
  0.09677452 0.17193284 0.24668564 0.04945273 0.08647872 0.2068774
  1.0000038 ]
 [0.09517236 0.16271992 0.22808334 0.15991095 0.26963765 0.43802406
  0.0856999  0.14763664 0.21253017 0.05608688 0.10323608 0.19576204
  0.99999937]]",[ 0.33584644 -0.42727071 -0.23775114 -0.08181064],4,0.03223900265824364,0.8573469342616109,0.8865759339370172,0.016383567722431727,0.02849281100347567,532.9189410200343
173,"[[ 0.61237855 -0.25508872 -0.41883292 -0.03558927 -0.07792377  0.15702559
  -0.21044987  0.10194457 -0.06937867 -0.27012279 -0.43985672  0.16232342
  -0.01486954]
 [-0.49095515 -0.24440994 -0.28336683 -0.27199732 -0.24917112  0.1168113
   0.45850053  0.17554757 -0.37755971  0.22341903  0.17772577 -0.06045011
  -0.02164814]
 [-0.36565129  0.54541787  0.11130403 -0.41013575  0.27968269 -0.13538827
   0.24124637 -0.42550895  0.11154793 -0.07606586  0.09077128 -0.16021339
  -0.01648582]
 [ 0.01301346 -0.48609823 -0.18287122 -0.36831021 -0.46394913  0.16523803
  -0.43351919  0.07937564  0.1381091  -0.34251392  0.05041885  0.13678388
  -0.00336006]]","['bbo_main', 'random_fill', 'random_fill', 'random_fill']","[[0.08915053 0.14715939 0.20455358 0.16832278 0.29443478 0.47505209
  0.09277859 0.16421512 0.2368842  0.04589198 0.07855931 0.22739156
  0.99999987]
 [0.08294054 0.14104085 0.20014253 0.16218965 0.28311389 0.4690688
  0.09798641 0.16850319 0.23582146 0.05502749 0.09471909 0.13389587
  0.57351085]
 [0.0988205  0.18069842 0.32314483 0.15971413 0.27840841 0.39460759
  0.0903624  0.15438163 0.24804026 0.04730721 0.07999349 0.11283556
  1.00000108]
 [0.0857984  0.14442136 0.20323104 0.15908068 0.27187866 0.52976328
  0.09578415 0.17280236 0.2630928  0.05041031 0.08794354 0.13088888
  1.00000115]]",[-0.06708621 -0.19768283  0.01020218 -0.19320467],4,0.034365413273684864,0.8730931730034257,0.9007863478027148,0.0162279697269152,0.028591746271929924,643.7994453029241
174,"[[ 0.78762768 -0.29666633 -0.11952009 -0.31674882 -0.12113657  0.10757764
   0.02609315  0.35983011  0.10175399 -0.04212713  0.04669503  0.07661691
  -0.02078791]
 [-0.57069562 -0.45623303 -0.20117944  0.11082131  0.06875648 -0.21557488
   0.03900928  0.23104933 -0.25762356  0.05586565 -0.46438351 -0.12418289
   0.08205856]
 [ 0.11374301 -0.23768657  0.13308888 -0.28676702  0.4534843  -0.4545344
   0.29834286  0.3129759   0.08728216  0.4089412  -0.15724556  0.17764507
  -0.01651451]
 [-0.55707658  0.61037865  0.08263442  0.12346531 -0.31313914  0.08420597
  -0.04101472 -0.34738382 -0.02901836  0.06488736 -0.24390076  0.05435855
  -0.0056653 ]]","['bbo_main', 'random_fill', 'random_fill', 'random_fill']","[[0.09139427 0.15258321 0.21430627 0.15763096 0.27007952 0.43784414
  0.1032125  0.18572156 0.27409921 0.0496535  0.08554434 0.12474601
  0.47229221]
 [0.07778735 0.1341845  0.19576768 0.17678424 0.30223699 0.42423338
  0.10282347 0.1812522  0.25555593 0.04548883 0.07587361 0.11727941
  1.00008373]
 [0.08893381 0.15218104 0.2406368  0.15820845 0.26749918 0.37542423
  0.10351074 0.18569312 0.27165633 0.0515255  0.08786583 0.23584032
  1.00000012]
 [0.09551624 0.18274508 0.30273098 0.16128224 0.27272985 0.4061112
  0.08787644 0.15147024 0.21992684 0.04774378 0.08129403 0.12072181
  1.00000298]]",[ 0.06461522 -0.1812184   0.05661043 -0.02638002],4,0.029640259610756933,0.8652110870941869,0.8936901063004855,0.01616591980984378,0.027764415060517134,545.6122002399061
175,"[[-0.09360372 -0.36164005  0.00220246 -0.56126705  0.10068703  0.07613322
   0.52655571 -0.19410542  0.05651611 -0.39153206  0.18284057 -0.15638653
  -0.01335813]
 [-0.01027164  0.24205557  0.09068766 -0.02878647 -0.32340363 -0.10912285
   0.40177278  0.26686496 -0.56199239  0.09165055 -0.50734435  0.03337899
  -0.01915676]
 [-0.12817101  0.20812118  0.07853672  0.56185237  0.39855922 -0.54328877
   0.24344385  0.27250421 -0.11891927  0.06440538  0.03464219  0.05614073
   0.09074342]
 [-0.01863502  0.48110906 -0.12902726 -0.09022688  0.32094039 -0.02059821
   0.06861193  0.27047413 -0.22686754  0.01315136  0.6168742  -0.35612079
   0.05576186]]","['bbo_main', 'random_fill', 'random_fill', 'random_fill']","[[0.08400792 0.14144555 0.20362891 0.16086233 0.28849635 0.48074126
  0.10466054 0.17953327 0.26544618 0.04638096 0.07992809 0.1129196
  0.73111425]
 [0.10079283 0.17314695 0.31778808 0.15883999 0.26942575 0.38794442
  0.09287957 0.15672632 0.21786115 0.04736189 0.08043954 0.1220458
  0.88112911]
 [0.0941816  0.16237957 0.287764   0.16897075 0.27352401 0.36675926
  0.1014081  0.17942311 0.25326221 0.04948335 0.08730054 0.13614371
  1.00001064]
 [0.10058868 0.17112011 0.23348363 0.17272564 0.30855657 0.45393086
  0.08968907 0.1508876  0.21095813 0.05336321 0.09047724 0.12085457
  1.0000583 ]]",[-0.07891359 -0.15691466  0.19708111  0.19276736],4,0.03032080583693933,0.8594423679353913,0.888474720121387,0.016214725221594062,0.02859811217981184,628.0671909928787
176,"[[ 0.05046204  0.23300695  0.20719754 -0.45697644  0.18154769 -0.27703921
   0.05042668 -0.03712878 -0.08891013 -0.31215271  0.58619851  0.3550473
  -0.05234271]
 [-0.30002707 -0.21900066  0.08264133 -0.35140365  0.18331876 -0.09030621
  -0.53482359  0.09988527  0.01310133 -0.4315822  -0.44990487  0.06943435
  -0.01623831]
 [-0.13289415 -0.02558681  0.14235104  0.18047426 -0.27843616  0.14078324
  -0.07928607  0.1248348   0.11351465  0.69909127 -0.54252105  0.11689573
   0.00501786]
 [ 0.43743799 -0.25330593 -0.43793022 -0.56312609  0.0351525  -0.08441156
  -0.17858524 -0.17338616 -0.00478435 -0.14663938  0.20808811  0.01927543
   0.31634724]]","['bbo_main', 'random_fill', 'random_fill', 'random_fill']","[[0.09469703 0.16174177 0.23616783 0.1600935  0.27427745 0.39155183
  0.0921507  0.16070225 0.23374461 0.05302431 0.09465366 0.28981079
  1.00016659]
 [0.08676721 0.14924205 0.27948383 0.16494756 0.28728658 0.40798379
  0.09136483 0.16419629 0.24025147 0.04416063 0.07570277 0.12250982
  0.41960336]
 [0.089046   0.15284457 0.37376359 0.16365348 0.28069902 0.4364348
  0.09621738 0.17223921 0.25304827 0.04916807 0.08160426 0.11920728
  1.0000009 ]
 [0.08688613 0.14069795 0.19343878 0.15684419 0.27366286 0.39526125
  0.09123816 0.15885681 0.26987455 0.05567434 0.10118855 0.1590573
  1.00008027]]",[ 0.02693639 -0.15850224  0.10193339  0.09278932],4,0.02815555717904312,0.8725671125115846,0.9003138530560031,0.01619299640792443,0.028992934434605766,513.4755038069561
177,"[[-0.27889618  0.22247781 -0.48844535 -0.1994077  -0.23080899 -0.27959353
  -0.27662698 -0.31872495 -0.16658384 -0.21761518 -0.3675971  -0.27299493
  -0.00802748]
 [ 0.16979019  0.05113673  0.15135559  0.07995319 -0.1380981  -0.64800232
   0.22270967  0.3051388   0.24284746 -0.02565218  0.4760907   0.2604256
  -0.05874644]
 [-0.14591369 -0.07665513  0.13207515  0.38286765  0.29264371  0.15016826
   0.3212378   0.52818619 -0.17689275  0.51341662  0.12578092  0.08345268
  -0.02763381]
 [ 0.25404132  0.42989643  0.12197627 -0.24519662 -0.07745274 -0.5407435
  -0.26433833 -0.37975962  0.19306914  0.14690626  0.28298729  0.15055594
  -0.03939365]]","['bbo_main', 'random_fill', 'random_fill', 'random_fill']","[[0.09188636 0.15720987 0.21966786 0.15913518 0.26914219 0.38223365
  0.08934302 0.15688162 0.25944293 0.0457707  0.0764684  0.10851533
  1.00002951]
 [0.09404911 0.16069795 0.22934868 0.15805649 0.26502692 0.37333295
  0.0993953  0.17833451 0.28272511 0.05162515 0.09040681 0.14635216
  0.41683311]
 [0.08443666 0.14555063 0.2421127  0.17493781 0.3053557  0.47229953
  0.09781927 0.17019924 0.23817937 0.04993479 0.08509037 0.1236136
  0.61189269]
 [0.09996019 0.16939033 0.23932763 0.15706109 0.26332036 0.37042273
  0.09132343 0.16190927 0.28052797 0.05421463 0.09610503 0.14812352
  0.63484138]]",[-0.49232766 -0.00642775  0.34469725 -0.13081527],4,0.028624804948819638,0.875724784561092,0.9031475126196827,0.016025552249689046,0.02882734641994874,490.1089524300769
178,"[[-0.04280682  0.66834692  0.04910226  0.41646554  0.34013539 -0.38328679
   0.14367833  0.02420648  0.11491435  0.13791742  0.24286943 -0.00993383
  -0.02200823]
 [ 0.02827492  0.36654167  0.07113147  0.32542721  0.2341601  -0.03663564
  -0.24979253  0.63326469  0.01881075 -0.16671681  0.4474955   0.07172986
   0.02731014]
 [ 0.33407867  0.09439349  0.03227534 -0.25906104 -0.40825087  0.08163314
  -0.58222001 -0.09623481  0.01657466 -0.19565112  0.14203896 -0.46097343
   0.1361151 ]
 [-0.41823688  0.3834964   0.16325615 -0.01365712  0.25428711  0.1423259
   0.41565234 -0.25517708 -0.27014886  0.45007294  0.14797605  0.17539704
  -0.01270588]]","['bbo_main', 'random_fill', 'random_fill', 'random_fill']","[[0.10113525 0.17527492 0.24431225 0.16253585 0.27066382 0.37468278
  0.09571983 0.16934415 0.28663216 0.05020529 0.08731242 0.12577529
  0.67436604]
 [0.09701107 0.16491301 0.26584488 0.16881611 0.28526204 0.39857085
  0.09891443 0.1878905  0.27121764 0.04973215 0.08985073 0.13417225
  1.00000176]
 [0.10381516 0.17402894 0.24908906 0.15661127 0.26588037 0.46054854
  0.08882706 0.16009178 0.24092523 0.04639719 0.07690153 0.1053254
  0.99998599]
 [0.09198717 0.15895393 0.27254529 0.16910709 0.29789913 0.43493651
  0.08754037 0.14570353 0.20572258 0.05485906 0.09418892 0.202331
  1.00000041]]",[ 0.20378233  0.35746196 -0.02609638  0.20736674],4,0.02951298175839495,0.8741455542715235,0.9017310770476066,0.016122277915922963,0.029685392026042923,627.2868671899196
179,"[[-4.18369907e-01  3.36529190e-01  7.41818410e-02 -4.30387503e-01
  -3.28845856e-01  1.36037240e-01  3.56303454e-01  2.50664610e-01
  -1.69859395e-02  1.59657227e-01  3.98106352e-01  1.39743913e-01
  -2.74184273e-02]
 [-1.15055962e-01 -6.38783072e-01  4.46346966e-02  4.34230739e-01
  -1.13286554e-01  1.22511677e-01 -1.00611220e-01  1.49903993e-01
   1.51664962e-01  2.94721351e-01 -4.57639788e-01 -8.78198366e-02
  -2.68980986e-02]
 [ 4.74008481e-03 -3.85144907e-01  8.30556099e-02  5.05623017e-01
  -2.34067119e-01  1.90283560e-01 -1.59550643e-01  1.69650859e-01
  -2.08360432e-01  8.46565350e-03 -2.27310339e-01 -5.75159127e-01
   1.33758152e-01]
 [ 1.29847256e-01  2.91379518e-01 -7.62103639e-02  8.10214289e-02
  -3.61097632e-01 -3.52446234e-01  2.08741738e-01  4.21711448e-02
  -5.67337301e-01  4.54897033e-01  6.25880105e-02 -2.30615516e-01
  -3.30344103e-04]]","['bbo_main', 'random_fill', 'random_fill', 'random_fill']","[[0.09165798 0.15817499 0.22332011 0.15546967 0.26533864 0.42830278
  0.10133908 0.17803427 0.25145125 0.05510023 0.09684507 0.15130868
  0.55149145]
 [0.08254732 0.14059802 0.20373376 0.17283666 0.29609747 0.43318956
  0.09742928 0.17477414 0.30169376 0.04649819 0.07822312 0.11247331
  0.50930101]
 [0.0880752  0.15038812 0.22487041 0.17422436 0.29883717 0.57259328
  0.09135071 0.16179037 0.23387168 0.04510252 0.07464959 0.1046629
  1.00001761]
 [0.10378112 0.17591551 0.26295956 0.15796185 0.2605414  0.36798391
  0.09092048 0.15552597 0.21977862 0.05584133 0.09488103 0.13272157
  1.00000176]]",[ 0.06538572  0.02084492  0.10939109 -0.26503203],4,0.03523909245624781,0.875724784561092,0.9031475126196827,0.016078672254661596,0.027701439974383686,543.5870743801352
180,"[[-0.4100426   0.17082212  0.03695773  0.28266605  0.16841937 -0.16908933
  -0.2179612   0.49999072 -0.20822105 -0.18952933  0.26049547 -0.43977929
   0.16255377]
 [ 0.07265013 -0.13499552  0.08249727  0.56270936 -0.1010088   0.14906485
   0.43149479 -0.47756143  0.04873617  0.42200353 -0.086504    0.13568461
   0.00439512]
 [-0.21319142  0.15811017 -0.29907765 -0.36176919 -0.10832436  0.04924239
  -0.54133654 -0.13136243 -0.05975669  0.54665905 -0.26899534  0.06854605
   0.07281384]
 [-0.1004612  -0.22648074 -0.5258008   0.2971858   0.30037468 -0.46485071
   0.3361117   0.28393749  0.02249964  0.26584458 -0.04509151  0.02463769
  -0.01027615]]","['bbo_main', 'random_fill', 'random_fill', 'random_fill']","[[0.08421521 0.14934654 0.25988323 0.18288751 0.30644965 0.42022647
  0.09853486 0.17922027 0.25206491 0.04389095 0.07251403 0.09904534
  1.00003386]
 [0.08786898 0.15023819 0.21431017 0.17470387 0.30171104 0.57556154
  0.08900504 0.15215746 0.22222557 0.0509311  0.08749947 0.13580088
  0.99999915]
 [0.08643752 0.14821191 0.2073478  0.16030165 0.28277333 0.45255925
  0.08529084 0.14955814 0.21991391 0.05765601 0.09607044 0.19327331
  1.00007576]
 [0.08213427 0.13680231 0.19297647 0.16593017 0.27809489 0.38740299
  0.11023275 0.19630185 0.2989964  0.05132561 0.08782028 0.13201631
  1.00000006]]",[ 0.17805551  0.17072659 -0.1105609  -0.08576497],4,0.02843590911048749,0.8709894456139349,0.8988958543078788,0.016031318552482347,0.02706065328617363,848.1378424048889
181,"[[ 0.23809964  0.2009709  -0.45917082 -0.07645651  0.0110642  -0.02613552
   0.04183962  0.43215705  0.17208317  0.06621299  0.64949847  0.20069856
  -0.02819784]
 [-0.31538917 -0.6004803   0.01887228 -0.11140037  0.0389333   0.19746368
  -0.57657617 -0.15618866  0.15735184  0.25186247 -0.08414101  0.18330469
  -0.03113785]
 [ 0.31482249 -0.43724434  0.11572328 -0.00171887  0.21293812 -0.03073811
  -0.04014795  0.28767161  0.09025354 -0.29381966  0.67623907 -0.11777124
   0.00316707]
 [-0.14464448 -0.3704793   0.17002192 -0.41275163 -0.31305531 -0.13273346
   0.1611569  -0.0345887  -0.25693528 -0.2522273  -0.33255546 -0.50832758
  -0.03372783]]","['bbo_main', 'random_fill', 'random_fill', 'random_fill']","[[0.08746012 0.14866305 0.20864142 0.15927189 0.26997248 0.38857706
  0.10047184 0.17910341 0.26757317 0.05707599 0.10143141 0.24734101
  1.00000057]
 [0.08384094 0.14240429 0.20455845 0.16961368 0.29700825 0.56900744
  0.08983368 0.1592318  0.2397904  0.05157058 0.08761055 0.13380375
  1.00010647]
 [0.08572608 0.14388946 0.34885875 0.16556601 0.28590521 0.40468469
  0.09959332 0.17831792 0.26300247 0.05187267 0.09164086 0.12803446
  1.00000902]
 [0.08960134 0.15350137 0.31228142 0.15982719 0.27306445 0.39411022
  0.09359555 0.16496359 0.23767638 0.04562677 0.07605437 0.10706172
  0.59708338]]",[ 0.1543043  -0.04299818  0.15845469 -0.38355067],4,0.030202310113872505,0.8831053805615025,0.9097466922376344,0.016042913434355256,0.029989266262857462,466.8971390048973
182,"[[ 3.93114812e-01 -1.91920056e-01 -1.67835411e-02  1.12628891e-01
   3.29479261e-01 -3.36487867e-01  4.29307198e-01 -5.58304500e-02
   6.81538888e-02  5.94153570e-01 -6.99450779e-02 -1.53934623e-01
  -1.43702733e-02]
 [ 2.48591174e-01 -3.82284136e-02  1.25121367e-01 -4.71875527e-01
  -2.85244636e-02  1.75995327e-01 -5.21915554e-01 -4.16506433e-01
   1.48271104e-01 -3.73250547e-01  2.36327012e-01  5.43044392e-02
  -2.56509763e-02]
 [-3.07558451e-01  5.77073557e-01  2.02169463e-01  2.82447459e-01
   1.72302240e-01 -7.99220518e-02 -3.30570439e-01  3.44660705e-01
   2.04920719e-01  2.08467954e-01 -2.81664052e-01 -1.50436609e-01
  -1.35733812e-02]
 [-1.72705101e-01  4.42049971e-01 -3.36347453e-01 -4.24771706e-03
   4.76609257e-01 -4.56680696e-02 -5.04566580e-01  1.55204230e-01
  -1.16017160e-01  3.72664504e-01 -1.80695326e-04  3.48089548e-02
  -1.22010871e-02]]","['bbo_main', 'random_fill', 'random_fill', 'random_fill']","[[0.09136479 0.15374141 0.21966898 0.1625492  0.27426146 0.37935622
  0.10409349 0.18388451 0.30359105 0.05148831 0.08391438 0.1171623
  0.60596622]
 [0.09526005 0.16194679 0.22949512 0.16237126 0.2851703  0.57309044
  0.08811543 0.15278869 0.23433218 0.04963986 0.08650009 0.12373528
  1.0000347 ]
 [0.09470984 0.16278494 0.29253556 0.16528443 0.28226709 0.39962727
  0.09539765 0.17215648 0.3583139  0.04596513 0.07666052 0.10851316
  1.00000302]
 [0.08608419 0.14709138 0.20387551 0.18751091 0.32857049 0.45894604
  0.0847613  0.14745121 0.21331174 0.05220527 0.08781927 0.14088982
  1.00005052]]",[ 0.03683837 -0.02958741  0.24665006  0.08393683],4,0.03316142110129129,0.8857458426756859,0.9120990078374837,0.015938941527241353,0.030587026016898222,494.4650795061607
183,"[[-0.28287187  0.67824122  0.14882241 -0.41851629  0.23710789  0.20631541
   0.177081   -0.20541219  0.17150423  0.00426888 -0.0558289   0.23777666
  -0.03526716]
 [-0.25777311  0.13161135  0.11933378 -0.15851584 -0.49233337  0.07711474
   0.35812951 -0.59238438  0.06651784  0.30262892 -0.22899782 -0.02962187
   0.0047409 ]
 [ 0.47397487  0.38660478  0.17732361 -0.0241024  -0.17711355 -0.22363362
   0.19779195  0.2879007   0.24408644  0.34035373  0.3611132   0.19960978
   0.21167108]
 [ 0.0404401  -0.31121793  0.00613952  0.11663526 -0.563111    0.02438025
   0.42478779  0.32851952  0.11809282 -0.24687763 -0.42923943  0.15004106
   0.01245386]]","['bbo_main', 'random_fill', 'random_fill', 'random_fill']","[[0.09466925 0.16205966 0.22872258 0.16280422 0.28543067 0.4275925
  0.09240924 0.16064994 0.24177264 0.04888773 0.08413582 0.28296628
  1.00005459]
 [0.09509855 0.16461153 0.36559011 0.15595981 0.26559706 0.39043981
  0.09125473 0.15685454 0.23220411 0.05069465 0.08589487 0.12120067
  1.00000021]
 [0.09895856 0.16745409 0.23920627 0.15616115 0.26222762 0.37207976
  0.09906763 0.17753656 0.35465745 0.05348592 0.09313777 0.14251321
  1.00000141]
 [0.08782043 0.1502986  0.21384172 0.15826038 0.2651751  0.38234093
  0.11310428 0.2007949  0.29437254 0.04603787 0.07946532 0.17273496
  1.00000379]]",[ 0.25729056 -0.1325664   0.46987245 -0.02178446],4,0.028451423524859187,0.8878600173782325,0.913979055605592,0.0158481909715183,0.028752285943925843,476.1133061859291
184,"[[-3.37984190e-01 -4.74009708e-02 -7.26810958e-02 -4.83064176e-01
  -1.26402344e-04 -5.64009959e-01  1.66057937e-01 -1.59779400e-01
  -1.45552245e-01  2.75028132e-01  1.85799415e-01 -3.76816863e-01
  -1.83316731e-02]
 [ 8.83693499e-02  5.82758149e-01 -4.68898279e-01 -2.15416087e-01
  -7.03089995e-02  8.82978514e-02  2.52588574e-01  4.59896313e-01
   6.74744556e-02 -4.37032595e-02  2.69418815e-01  1.35535998e-01
   2.91437309e-02]
 [-3.83923199e-01  2.16579231e-01 -1.56039418e-01 -1.01617653e-03
  -5.57181748e-02  1.01301566e-01  1.64106528e-01  5.72738108e-01
   7.49709669e-03 -2.93616226e-01 -5.57286023e-01  1.15847090e-01
   5.25900432e-02]
 [-2.44968754e-01  2.29482080e-01  2.27249211e-01 -1.32401007e-02
   4.40237836e-01  2.43709361e-01 -1.19118731e-01 -3.98039652e-01
  -1.60782734e-01 -1.03919523e-01 -4.89491214e-01 -1.71012179e-01
   3.22777277e-01]]","['bbo_main', 'random_fill', 'random_fill', 'random_fill']","[[0.09003039 0.1549483  0.25452151 0.15499351 0.25715916 0.35934702
  0.09618375 0.17060435 0.24746358 0.053741   0.09085644 0.12673964
  0.81095035]
 [0.08892619 0.15133769 0.20792058 0.1575664  0.26914463 0.40028731
  0.11043692 0.19352787 0.2761231  0.05108687 0.08903015 0.20420078
  0.99999975]
 [0.08519233 0.14706441 0.20864023 0.16434153 0.28240109 0.43022029
  0.11267127 0.19972778 0.27961706 0.04346281 0.07346386 0.15324496
  1.00001382]
 [0.09203986 0.15795836 0.26789117 0.17838973 0.31463581 0.51598685
  0.08689667 0.14796214 0.21248673 0.04505794 0.07648211 0.10925721
  1.00000237]]",[-0.41212028  0.19514003  0.14588791  0.49504729],4,0.028450895269557797,0.8979257140306673,0.9228859198956769,0.015870418660629576,0.028018437940079854,720.0616107038222
185,"[[ 0.53047401 -0.25662559  0.03533975 -0.45486707  0.31134297  0.13284682
  -0.0646995  -0.15527059 -0.11485735  0.2359944   0.22595014 -0.42630292
  -0.00606329]
 [-0.03232859  0.38485588  0.03920639  0.03216491 -0.48565869  0.12559386
  -0.0564211   0.71126561 -0.10976788 -0.16516473  0.17472383  0.07119592
   0.11235282]
 [-0.55763631  0.30208004 -0.22682461  0.28794045 -0.19554456  0.06682517
  -0.30844634  0.02717514  0.00810348  0.01092906 -0.33308086 -0.46224807
  -0.00693758]
 [ 0.36491448  0.25000045 -0.29792785  0.38792902  0.01840827  0.27755761
   0.47604818  0.38904951  0.28232196 -0.03523317  0.00663199  0.16361481
  -0.04436146]]","['bbo_main', 'random_fill', 'random_fill', 'random_fill']","[[0.09452223 0.15903416 0.22547888 0.16789352 0.30158898 0.56470922
  0.08863755 0.15135714 0.21884454 0.04852229 0.07972878 0.10992303
  1.0000015 ]
 [0.09724243 0.16571132 0.23077197 0.15495153 0.26073934 0.47837156
  0.10409571 0.18697282 0.26299433 0.04936051 0.08607596 0.13009864
  1.00000539]
 [0.08415363 0.14732319 0.20777553 0.17657517 0.29870791 0.50712889
  0.09038566 0.16366983 0.24530257 0.04275358 0.07066295 0.09735168
  1.00000361]
 [0.08788646 0.14967106 0.21001996 0.1670352  0.28826679 0.47992103
  0.10090228 0.17923522 0.35708586 0.04722557 0.08131719 0.11863013
  1.00007662]]",[ 0.03201582  0.23486184 -0.11968195  0.40272718],4,0.029313189808385803,0.8942126369697171,0.9196091052044413,0.015870744274745833,0.02762848103015708,520.837199420901
186,"[[ 0.28930203  0.3834331  -0.51850295 -0.10534995  0.01252645 -0.26258544
  -0.18754857 -0.42438354 -0.21835089 -0.36136089 -0.15462773  0.05213504
  -0.00830559]
 [-0.5160962  -0.04948325  0.05007088  0.55436472 -0.32353559 -0.06767268
  -0.38785885 -0.0873508  -0.11678533  0.24438525 -0.27976666 -0.01526919
   0.04673081]
 [ 0.12059471 -0.11107769 -0.2283611  -0.02833979 -0.01450766  0.01600055
  -0.256859    0.00356347 -0.86957737 -0.0214416   0.22238714 -0.21002927
  -0.0593137 ]
 [-0.12925067 -0.05848016 -0.17031867 -0.15885622 -0.08266503  0.13785884
  -0.41762598 -0.21368425 -0.71597861 -0.35227215 -0.10284764  0.17701253
  -0.03297708]]","['bbo_main', 'random_fill', 'random_fill', 'random_fill']","[[0.1024814  0.17130792 0.23038126 0.16306589 0.27859147 0.3939373
  0.08613481 0.14514815 0.20904685 0.04878941 0.08829649 0.18215392
  0.9999998 ]
 [0.08419818 0.14864943 0.3088758  0.17140679 0.28222919 0.39948473
  0.08468353 0.15079619 0.22002939 0.04912306 0.08248905 0.11950224
  1.00000958]
 [0.09134168 0.15459516 0.21802176 0.16807376 0.29379415 0.44675144
  0.08874047 0.15310785 0.21840787 0.05027754 0.08675806 0.1232551
  0.19142393]
 [0.08936062 0.15198847 0.21501465 0.16984304 0.29924894 0.46034834
  0.08624743 0.14423955 0.20406295 0.050049   0.0880384  0.17263861
  0.70218521]]",[-0.29474275 -0.09654765 -0.28901775 -0.27754202],4,0.029011136491360445,0.8905050636291235,0.9163267878446192,0.015872132065903665,0.025871315319719604,828.5089726229198
187,"[[ 3.64758543e-01  3.74464234e-01  2.26189242e-01 -3.80042285e-01
   1.78444322e-01  2.65294803e-01 -1.41491325e-01 -4.10812527e-01
  -1.38679007e-01  6.63056792e-05 -3.49805840e-01 -3.11374966e-01
  -3.96639365e-02]
 [ 3.57017173e-01  3.65349113e-01  1.30900688e-01 -5.64282394e-02
  -7.06136833e-02  8.08754626e-02  9.00189046e-02  6.24731037e-02
   1.36515294e-01 -2.07355651e-01  6.81369867e-01 -4.11148564e-01
  -1.62903055e-02]
 [ 7.23207201e-01 -7.39911589e-02 -1.05193708e-02 -2.79370275e-01
  -6.76296776e-02 -8.39429746e-03  2.46615298e-01 -2.87221995e-01
   9.06665717e-02  3.32112480e-01  1.75844315e-01 -1.47607309e-02
   3.09386811e-01]
 [ 3.16722632e-01  3.52713649e-01 -3.25620543e-01  2.62084842e-01
   4.26022885e-01 -3.29773293e-01 -2.27351604e-01 -2.39933399e-01
   1.47529999e-02 -3.83924797e-01  7.43238407e-02  4.70788747e-02
   2.13783975e-01]]","['bbo_main', 'random_fill', 'random_fill', 'random_fill']","[[0.09965233 0.16800135 0.26987433 0.16733078 0.29594485 0.53387705
  0.08862593 0.15201714 0.21923111 0.0457345  0.07714724 0.10960671
  1.00000289]
 [0.10254176 0.17229242 0.29115985 0.15998423 0.27383474 0.39698852
  0.09563829 0.16979397 0.33377193 0.04808191 0.08210437 0.11254733
  1.00000069]
 [0.10321312 0.17155732 0.23584498 0.15486081 0.2675526  0.38770322
  0.09167313 0.1586537  0.3221122  0.05830594 0.09964201 0.13846315
  1.00003149]
 [0.09895331 0.16624899 0.22558291 0.18301272 0.31052375 0.4202848
  0.08481316 0.14701433 0.22376725 0.0460274  0.08487883 0.15404606
  1.00000894]]",[0.08498446 0.18960279 0.34533963 0.21660184],4,0.029585112105926487,0.8952729421950439,0.9205459117957067,0.01587460387649489,0.027307935462934557,878.3904203970451
188,"[[-0.62045452  0.1862965  -0.03032846  0.04877903 -0.29773891 -0.04697271
  -0.38757392  0.49166108 -0.25873782 -0.15597175  0.04800352 -0.024484
  -0.00743565]
 [ 0.01122959 -0.21021014  0.04427485  0.42668677 -0.35052212 -0.1880513
  -0.06554687 -0.2847629   0.03598828  0.54422312 -0.45198558 -0.16138722
  -0.01541486]
 [ 0.08478704  0.23710334  0.16286135 -0.42190445 -0.28511585 -0.22443094
   0.36158338  0.54094417  0.20969444 -0.33387345 -0.13198692 -0.02771674
   0.05839992]
 [-0.32060193 -0.10162921  0.05539957  0.43811874 -0.3583678  -0.28451156
   0.37627602 -0.57536442  0.01372257  0.04948829 -0.00469467  0.04841262
   0.06973796]]","['bbo_main', 'random_fill', 'random_fill', 'random_fill']","[[0.08532058 0.16037029 0.24408837 0.15790241 0.26088181 0.37549959
  0.09707226 0.17832321 0.25026678 0.05070893 0.08888934 0.12929544
  1.00000479]
 [0.0911373  0.15539399 0.27697026 0.16157098 0.26529895 0.37177774
  0.09171225 0.16419304 0.25476155 0.04897344 0.07978578 0.11158522
  0.72082514]
 [0.09486331 0.16200104 0.26384518 0.15408869 0.2598779  0.36902404
  0.10931548 0.19654292 0.31376799 0.04716003 0.08079136 0.11687276
  0.99999675]
 [0.08892086 0.15352588 0.28775958 0.1598501  0.25941406 0.36005203
  0.09151724 0.15675608 0.23356771 0.05323593 0.096333   0.14757759
  0.99999694]]",[-0.1470196  -0.19547388  0.10789024 -0.12702675],4,0.028355244266945273,0.9021763482638911,0.9266237348338385,0.015862704016573418,0.02755303343437615,587.5960572490003
189,"[[ 0.72088962  0.00961516 -0.41426281 -0.30890583  0.27132481 -0.13586105
  -0.29679401 -0.07134856 -0.05256921  0.08469018 -0.11261154  0.07290714
   0.00194321]
 [-0.06582057 -0.47919694  0.08571759 -0.13196536 -0.22697957  0.06895362
  -0.27789198  0.41938948  0.01889062  0.60438372  0.1886511  -0.17149454
   0.03540647]
 [-0.05396089  0.25822     0.06220922 -0.29286039  0.69332566  0.11154365
  -0.2781207  -0.19059036 -0.01000961  0.37774075 -0.27195686  0.12810099
  -0.02822293]
 [ 0.00690043 -0.63610892 -0.11672287 -0.27223659  0.13320316 -0.12047613
   0.33072677  0.0204483  -0.43827981 -0.2294      0.28447846 -0.19962554
   0.0057473 ]]","['bbo_main', 'random_fill', 'random_fill', 'random_fill']","[[0.09733188 0.1561799  0.20903682 0.16589958 0.29382943 0.41585757
  0.087719   0.15263243 0.22381898 0.05188851 0.08824838 0.21389138
  0.99999991]
 [0.08335867 0.14145667 0.2587278  0.15809186 0.26764082 0.39742693
  0.10090931 0.18968134 0.27366176 0.05934292 0.09822428 0.13153666
  0.99999801]
 [0.09176071 0.15692698 0.22093904 0.17696955 0.31586634 0.47738187
  0.08650824 0.14863753 0.21561026 0.04791893 0.08114552 0.13484964
  0.6263264 ]
 [0.08244102 0.13582271 0.20780853 0.16963827 0.30210823 0.43650002
  0.09277028 0.15344576 0.21310686 0.05322313 0.09300563 0.13077158
  1.0000002 ]]",[-0.07964841  0.0186203   0.21081809 -0.23430341],4,0.027666151517872814,0.9107023457329295,0.9340746412993544,0.015661738626904665,0.03248415420025696,892.4139303329866
190,"[[ 2.17396704e-02  1.21101685e-01 -7.25701545e-02 -3.03710830e-01
   4.47010121e-02  1.55396347e-02  7.22467517e-01  1.01550541e-01
  -5.70443519e-01  1.34994667e-01  9.56939884e-02  5.62677116e-04
   7.52082936e-03]
 [-1.58657340e-01 -4.24072217e-02  9.72860796e-02  1.56453088e-01
   4.90906523e-01 -5.15273836e-01 -1.36898797e-02 -1.03235236e-01
   1.08402431e-01 -2.64155101e-01 -1.02454007e-01 -4.90300059e-01
   2.98874696e-01]
 [ 4.11929866e-01 -1.06887730e-01  1.83420661e-01  5.19702051e-01
   2.68785655e-01  5.56203331e-02 -4.95317357e-01  3.60915698e-02
   2.29055363e-01 -9.58095695e-02 -3.32750640e-01  1.34306904e-01
  -5.26026358e-02]
 [-2.24103153e-01 -1.89648850e-01 -3.59130136e-03  5.77821313e-01
  -2.08607682e-01 -2.33484168e-02 -2.42035994e-01  5.60281995e-01
  -1.24853025e-01  3.05692540e-01  1.32567653e-01 -1.83341018e-01
   5.60067444e-02]]","['bbo_main', 'random_fill', 'random_fill', 'random_fill']","[[0.09566041 0.16241053 0.22598753 0.16099226 0.2871623  0.44878325
  0.09317373 0.14816476 0.19837563 0.05645562 0.09777279 0.14351081
  1.00000365]
 [0.0895453  0.15378571 0.30400297 0.17008744 0.2882271  0.39354271
  0.09591417 0.17319166 0.2879336  0.04400553 0.07286289 0.10092745
  1.00001096]
 [0.09259299 0.15739426 0.23536625 0.17047974 0.2934659  0.41660667
  0.09106518 0.16226677 0.26118327 0.04652659 0.07918455 0.1167661
  0.1269839 ]
 [0.08066422 0.13912548 0.20732992 0.17335499 0.28692581 0.40739209
  0.1020654  0.19467934 0.27730934 0.05121633 0.08553802 0.11764874
  1.00003619]]",[-0.02995866  0.21649165  0.25391136  0.09677851],4,0.030030930227665235,0.909634680588716,0.9331451929865192,0.015595553519499912,0.025043575573590604,744.635689727962
191,"[[ 0.61892858 -0.5193793  -0.17570249 -0.00289377 -0.17941192 -0.0543169
  -0.15599918  0.15605505 -0.22354653 -0.10446323 -0.41067649 -0.05406486
   0.00106339]
 [ 0.42299425 -0.54207946  0.03240532 -0.33722749 -0.03619434 -0.26170047
  -0.45302032 -0.18018089  0.16309032 -0.26911782 -0.06695281 -0.03108777
  -0.02217049]
 [ 0.10024526 -0.24723089  0.15179092 -0.11385011  0.56478003  0.06736981
   0.66373932 -0.04404925 -0.22652069  0.02108435 -0.27148639  0.02655847
  -0.02556698]
 [-0.35370962 -0.12379038 -0.04043567 -0.18217503  0.15263383 -0.02396882
  -0.33823282  0.25328925 -0.52175998 -0.51617127  0.26522854 -0.11514378
  -0.00660761]]","['bbo_main', 'random_fill', 'random_fill', 'random_fill']","[[0.09077589 0.14533439 0.20118996 0.1645604  0.28040833 0.44282857
  0.09341849 0.16607227 0.23666346 0.04386721 0.07321342 0.10844678
  1.00009525]
 [0.09034513 0.15291154 0.2203633  0.15874287 0.2699979  0.38266825
  0.09163181 0.16481708 0.3974747  0.04897344 0.08518596 0.12348044
  0.99999917]
 [0.08750192 0.14890504 0.2868118  0.17732621 0.3148607  0.44707053
  0.09199423 0.15620291 0.22110444 0.04572425 0.07764848 0.11338051
  0.67829873]
 [0.08561363 0.14733503 0.21989165 0.17676289 0.31270287 0.46142746
  0.08593618 0.1423501  0.19545943 0.04790366 0.08589226 0.12367587
  0.99999986]]",[-0.21049863 -0.25225906  0.1728982  -0.17073223],4,0.026779491904461328,0.9000500553217761,0.9247558029840507,0.015688602728889636,0.0264207232058761,917.2990866589826
192,"[[ 0.03001183 -0.10218497 -0.32187256 -0.13042247 -0.28506098 -0.05347107
   0.52700911 -0.35852187 -0.17755421  0.11678023  0.44549086 -0.36589274
  -0.01213993]
 [-0.29955529  0.41204098 -0.3833117   0.11553     0.11882402  0.06914276
   0.27776873  0.29804555 -0.58024989 -0.21994561  0.07320554  0.06873257
  -0.01334584]
 [ 0.63607393  0.12735363 -0.08987743 -0.15297911  0.34760761  0.03681609
   0.38653289  0.38907843 -0.3451531  -0.05104964 -0.04192681  0.01439982
   0.03212995]
 [-0.35898541  0.08028449 -0.21660133 -0.41395937  0.3751428  -0.0886144
   0.03045368 -0.46873218 -0.01318173 -0.29151933 -0.43520406 -0.05073861
  -0.00701459]]","['bbo_main', 'random_fill', 'random_fill', 'random_fill']","[[0.08764991 0.14726785 0.20627496 0.15935865 0.27275725 0.41602861
  0.09362158 0.15900634 0.22788311 0.05935119 0.10068894 0.13544284
  0.71446645]
 [0.08679172 0.1486206  0.20803653 0.18065037 0.31686219 0.49169675
  0.08941764 0.14635595 0.19948484 0.04836301 0.08579191 0.1377763
  1.00007703]
 [0.10300363 0.17008936 0.23107198 0.17184464 0.30872941 0.45496739
  0.09746912 0.16307708 0.22109938 0.04500161 0.07701522 0.11668923
  1.00001011]
 [0.0854047  0.14640589 0.20673539 0.17566707 0.31750925 0.44923273
  0.08687137 0.14680262 0.25133845 0.04350098 0.07323529 0.1070031
  1.00001137]]",[-0.25416768 -0.00751216  0.21728536 -0.18357646],4,0.028605721077286178,0.909634680588716,0.9331451929865192,0.015645795662891395,0.026065947980275575,643.6329258009791
193,"[[ 0.37094424  0.69505472  0.24090642 -0.20458018 -0.12360569  0.03917663
  -0.40083838  0.10686125  0.15940707 -0.01799638  0.02605127  0.24916557
  -0.0448309 ]
 [-0.2782945   0.0291094  -0.41219228  0.38486731 -0.26955754 -0.04376733
   0.16904971 -0.28044396 -0.46398218  0.18597841 -0.366597   -0.19351184
  -0.01297686]
 [-0.04080054 -0.30098693  0.15712585  0.24946475 -0.37789988 -0.53037083
  -0.10193318  0.19282717 -0.05630615  0.54783955 -0.14468397  0.15434391
  -0.03305624]
 [ 0.35575524  0.50432679  0.23361268  0.43306885 -0.12262119  0.08439489
   0.18738432 -0.41962637  0.20394792  0.25885907 -0.16322524  0.08369076
  -0.03690747]]","['bbo_main', 'random_fill', 'random_fill', 'random_fill']","[[0.10044644 0.16978058 0.27733022 0.15988936 0.27332648 0.3921214
  0.09192303 0.16367294 0.24023683 0.04984887 0.08628743 0.13992907
  0.33647788]
 [0.08480897 0.14443351 0.20394212 0.17791787 0.30661932 0.46831737
  0.08734208 0.14489353 0.20412731 0.04782214 0.08051406 0.11523272
  1.00004858]
 [0.09040793 0.15446947 0.29351629 0.15796651 0.25903371 0.36164989
  0.09622242 0.17253046 0.2491685  0.05494999 0.09452719 0.14906213
  0.79865662]
 [0.0999355  0.16976043 0.39273644 0.1642049  0.28238216 0.40493353
  0.09120726 0.15998516 0.24406327 0.04779005 0.08160532 0.11758039
  1.0000955 ]]",[ 0.21101571 -0.31461415 -0.23188923  0.25528908],4,0.029895479261516422,0.9011129540109895,0.9256900166374378,0.015667333662249604,0.027424610554395656,469.5234423240181
194,"[[-0.53422983  0.15247438  0.17487068 -0.17818586  0.1760203   0.11971592
  -0.27766641  0.52628204  0.1751131   0.40055442 -0.18389702  0.06208134
  -0.02920579]
 [ 0.46422947 -0.08841191  0.31333877 -0.26177572 -0.11360618 -0.37734613
  -0.26157995 -0.04479433 -0.5249495   0.2275842  -0.13315326  0.19434056
  -0.03708034]
 [ 0.01642274 -0.36823185 -0.23641055  0.55451163 -0.2060819   0.02542863
   0.08768978  0.50582079  0.06563221 -0.21707292  0.24872778 -0.28387811
  -0.01488115]
 [-0.45504335 -0.28244944 -0.18301939 -0.47716527  0.01818998  0.08938225
  -0.10038392 -0.23491871 -0.01319998  0.42787399  0.34863274 -0.27103511
  -0.01166544]]","['bbo_main', 'random_fill', 'random_fill', 'random_fill']","[[0.08686131 0.15002721 0.26132854 0.16352965 0.28276542 0.40895577
  0.09949064 0.18028451 0.27320407 0.04869963 0.0818928  0.11746288
  0.31740804]
 [0.09659082 0.16454524 0.38449174 0.15963037 0.27191747 0.38533574
  0.089489   0.15535375 0.22162025 0.05182714 0.0905512  0.13492641
  1.00000022]
 [0.08169779 0.13770646 0.1952616  0.16967416 0.28553472 0.4117316
  0.11053411 0.20034121 0.31265827 0.04571784 0.07868284 0.11136759
  1.00001618]
 [0.08193782 0.13888244 0.19754686 0.16217589 0.29077764 0.49495496
  0.08955391 0.15379518 0.23048304 0.06020971 0.10039311 0.13446694
  1.00000032]]",[ 0.20932842 -0.22514285  0.04488463 -0.17603243],4,0.029286479780986585,0.913374052531697,0.9363957188066868,0.01556846671425651,0.027312919441585842,575.822831958998
195,"[[ 0.18162482 -0.10038642  0.02210714  0.03582513  0.15091319 -0.11735329
   0.57698242 -0.45538774 -0.36580267 -0.3066003  -0.3872298   0.02080698
  -0.01159078]
 [-0.21206166 -0.19612314  0.03651618 -0.05257127 -0.50139915 -0.03557363
   0.64271682 -0.11990714  0.01056749  0.46234493  0.01384418 -0.02982304
   0.13184686]
 [ 0.05638104 -0.00178781  0.11761992 -0.12861034 -0.56240355  0.14584016
  -0.00170217  0.09711474 -0.31947455 -0.52164499 -0.43956145 -0.22704114
  -0.02241004]
 [ 0.16411087  0.14385415 -0.5274893   0.29982721  0.36982665 -0.16540976
   0.37761124 -0.06581462  0.10125244 -0.39528554 -0.30885856  0.10401235
  -0.02152785]]","['bbo_main', 'random_fill', 'random_fill', 'random_fill']","[[0.09616984 0.16278659 0.26834654 0.17450417 0.30615514 0.43260938
  0.08771944 0.1417128  0.19483412 0.04419738 0.07641627 0.1206906
  1.00000402]
 [0.08723846 0.15051144 0.25221659 0.15352924 0.25654144 0.36969912
  0.11058193 0.19081295 0.2698366  0.05713777 0.09675492 0.13451872
  0.99999752]
 [0.09573415 0.16368536 0.28001398 0.15994604 0.27346567 0.49291408
  0.092503   0.16145743 0.22917903 0.04412483 0.07419234 0.10525303
  1.00000007]
 [0.08464487 0.13947598 0.19418708 0.18308807 0.31428245 0.43431466
  0.09796304 0.17187217 0.27805597 0.04433891 0.07648049 0.13358011
  0.87936245]]",[-0.12866974  0.017975   -0.22407276  0.03845777],4,0.028557208742722787,0.9139088406457606,0.9368594876737281,0.015552396937934787,0.027669473890822346,520.5504575120285
196,"[[-1.42236358e-01  1.15047548e-01 -2.70479213e-01 -4.11617437e-01
  -2.22876249e-01 -5.76083647e-01 -2.71659024e-01  7.66042443e-02
  -4.43797189e-01 -1.01409413e-01 -2.05295821e-01  7.00060453e-02
   9.18961306e-02]
 [-3.48173410e-01 -2.73106864e-02  1.49690749e-01  5.37991609e-01
   2.24846284e-01 -5.48528053e-01  4.26122889e-02 -3.49906133e-01
   1.36628603e-01 -2.34357164e-01  5.19657230e-02  1.15591807e-01
  -2.90786516e-02]
 [-2.40775411e-04 -1.25077567e-01  1.20080049e-02 -5.15901872e-02
   1.87326685e-01 -2.93039619e-01  8.41094226e-01 -2.44027714e-01
   1.60418738e-02 -2.95039622e-01  2.29936378e-02  6.83376311e-02
   3.30578007e-02]
 [-5.45220397e-01  1.32727962e-01 -3.32504480e-02  2.20012936e-01
  -2.89701422e-01 -5.30278792e-02 -1.02628653e-01 -7.10885414e-01
  -2.69058646e-02 -5.75831448e-02 -4.68040646e-02  1.63085684e-01
  -1.22406959e-02]]","['bbo_main', 'random_fill', 'random_fill', 'random_fill']","[[0.09624212 0.16400963 0.22873768 0.15549105 0.25688564 0.35918379
  0.09170952 0.16251183 0.23283565 0.05275834 0.09337005 0.18329922
  1.00004976]
 [0.08917172 0.15359542 0.28252756 0.16417514 0.27420035 0.38234506
  0.0927168  0.16363297 0.25146563 0.04951817 0.08877739 0.13578525
  0.42730051]
 [0.08816274 0.15105985 0.2168547  0.1593132  0.26879336 0.37421537
  0.11454589 0.19404321 0.27336077 0.04762123 0.08695816 0.18166759
  0.99999577]
 [0.08902475 0.15326986 0.21769949 0.16600167 0.28452857 0.40814906
  0.0878012  0.1510676  0.22433165 0.05236456 0.09301829 0.28560964
  1.00000527]]",[-0.4204478  -0.07536859  0.00296072 -0.198452  ],4,0.029164067032340257,0.9139088406457606,0.9368594876737281,0.015583290126503465,0.028120803465879696,535.7792245729361
197,"[[-0.3198242  -0.06701534  0.16681996  0.26455856  0.28852978 -0.00273976
   0.28782831 -0.5427191   0.19901491 -0.52559953  0.09988103  0.0893442
  -0.0305743 ]
 [-0.08159207  0.05378201  0.5240063   0.0126299  -0.01853406 -0.22493452
   0.17750341  0.6335472  -0.06436031  0.05880096  0.34411445  0.31399224
  -0.08528696]
 [-0.1988048  -0.34623435 -0.04756943 -0.56685307 -0.23891388  0.09584721
  -0.02938442 -0.32233318 -0.05191678  0.13220511 -0.57056615 -0.00265261
  -0.01606885]
 [-0.12851478 -0.02471649 -0.04770331  0.34900971 -0.10152121 -0.12837189
  -0.18205505 -0.47769175 -0.28234448 -0.53476088  0.36264931 -0.06982946
   0.26190083]]","['bbo_main', 'random_fill', 'random_fill', 'random_fill']","[[0.08720172 0.14985137 0.24947186 0.17315966 0.30070838 0.42409074
  0.0911174  0.15734037 0.36937441 0.04700378 0.08296207 0.12111019
  1.00000921]
 [0.09254947 0.15910284 0.29587453 0.16108511 0.27480512 0.39128733
  0.0960309  0.17051667 0.24462213 0.05021271 0.08729452 0.12763173
  0.29401224]
 [0.08635497 0.14795822 0.21227967 0.15757208 0.27630047 0.49753191
  0.09029513 0.15687567 0.22938584 0.04751457 0.07942467 0.1182859
  0.83716517]
 [0.08971846 0.15389076 0.23159015 0.17690237 0.30064131 0.42393459
  0.0839585  0.13878517 0.19817134 0.04993889 0.09619138 0.14227026
  1.00007532]]",[ 0.11327026  0.22229693 -0.3040691   0.07304658],4,0.02874910202023595,0.9187289565374818,0.941026386604194,0.01552200360058654,0.02501538617656307,635.133825885132
198,"[[ 0.38949689  0.51389069 -0.24871248 -0.42360159  0.31871595  0.04024679
  -0.27119169  0.21663846  0.01302974 -0.09497481  0.33092279  0.01835548
  -0.01409586]
 [-0.03405638  0.61899423  0.07713902  0.37787419 -0.02708834  0.13504617
  -0.07344613  0.23219912  0.10820405  0.57738654  0.20778621 -0.00106262
  -0.02013407]
 [-0.11757724 -0.09340734  0.46745234 -0.26570732  0.06684401  0.11064745
  -0.33992579 -0.21934545 -0.51493975 -0.28575586  0.04541729  0.39382717
  -0.06311664]
 [ 0.32106414  0.28487187  0.06895577 -0.19423846 -0.24419627  0.10336926
   0.31433925  0.34225783  0.02489859 -0.67400421  0.13200516  0.12079191
   0.00990448]]","['bbo_main', 'random_fill', 'random_fill', 'random_fill']","[[0.10308094 0.17066008 0.22948374 0.16116225 0.28698554 0.42468968
  0.09067323 0.15996834 0.23429815 0.05273832 0.09154672 0.12952204
  0.52175857]
 [0.09843262 0.16951555 0.23549727 0.16358413 0.28033564 0.53631413
  0.09323116 0.16653547 0.24902341 0.05293996 0.08969188 0.12515749
  1.00001053]
 [0.09364371 0.16009461 0.3973752  0.16428777 0.28556662 0.40979049
  0.08892209 0.15355938 0.21899015 0.04980808 0.08725503 0.1328694
  0.99999997]
 [0.10100348 0.16985179 0.23659355 0.15627286 0.2653102  0.40849386
  0.10636489 0.1866942  0.26247475 0.04528025 0.0816103  0.18292427
  1.0000025 ]]",[ 0.14449274  0.33409402 -0.01716751  0.16033447],4,0.02924379466139604,0.9181927456592149,0.9405640400915288,0.015515652624460117,0.03366684691978222,474.37939960486256
199,"[[ 0.01701686 -0.1412441   0.05566517 -0.52348006  0.48770138 -0.25490991
  -0.36954986 -0.22704062  0.00157885  0.42407811 -0.16091923  0.07059809
   0.03099143]
 [-0.26900444  0.17327298  0.00185395  0.03933835  0.19021531 -0.6355991
  -0.04030233  0.27281162 -0.02973888  0.20644312  0.42965244  0.35539071
  -0.15948874]
 [-0.58794244 -0.2527222  -0.33422708 -0.03640397  0.39456231 -0.47499952
  -0.00811093 -0.15725932  0.13511222 -0.1382528   0.01174906  0.18256779
  -0.02199453]
 [ 0.02301579  0.26321465 -0.15322373 -0.17860163 -0.08327451 -0.3940041
   0.28031346 -0.03663665 -0.28371979 -0.37420822  0.02161528 -0.62956566
   0.12398246]]","['bbo_main', 'random_fill', 'random_fill', 'random_fill']","[[0.0902362  0.15305128 0.26755947 0.1620944  0.2873219  0.40325176
  0.08499575 0.14645955 0.21838382 0.05742662 0.09647442 0.20067795
  0.99999978]
 [0.08966294 0.15345041 0.22529276 0.16360091 0.28056692 0.40031559
  0.09420196 0.16699393 0.2448534  0.05049833 0.08727778 0.15035774
  0.0738538 ]
 [0.08299107 0.14149746 0.20190112 0.16587    0.28316074 0.3966527
  0.09643511 0.17117056 0.26473772 0.0509723  0.09001914 0.25836717
  1.00007631]
 [0.10299171 0.1768231  0.26070998 0.15852143 0.26627108 0.3769349
  0.09723821 0.17058978 0.24432418 0.04420435 0.07334642 0.10114386
  1.00008185]]",[-0.06303703 -0.06768886 -0.2075051  -0.19298635],4,0.028140171097556607,0.9192653333257419,0.9414885672573947,0.01545033827421885,0.02523567385891911,558.4445470161736
200,"[[ 2.41872995e-01 -6.12444330e-04  1.45672763e-01 -5.15294965e-02
  -5.12614810e-01 -9.01555089e-02 -3.40977689e-01 -2.18112155e-01
  -5.64346346e-01  2.68179511e-01 -8.91224704e-02  2.85768784e-01
  -5.35436144e-02]
 [-1.41354855e-01  3.52255024e-02  1.58341872e-01 -1.48152388e-01
  -1.60508013e-01 -5.22323117e-01 -3.40059400e-01  4.54498026e-01
   2.06314124e-01 -4.89334946e-01  6.96274156e-02  1.53663970e-01
  -2.21083376e-02]
 [ 1.19146965e-01 -7.67640075e-01  1.33064544e-02 -5.15768331e-02
   9.90201817e-03  2.50241867e-02 -2.64519516e-01 -2.10036734e-01
  -2.52627364e-01  2.76457254e-01  3.67644776e-01 -5.51651523e-02
  -2.07399821e-02]
 [-6.76474099e-01  1.55756884e-01 -2.56623505e-02 -6.07281900e-02
  -3.93187605e-01 -1.19114322e-01  1.78932791e-01 -2.90868074e-01
   3.17631870e-02  5.41743186e-02 -3.61847799e-01 -2.75109400e-01
   1.33444575e-01]]","['bbo_main', 'random_fill', 'random_fill', 'random_fill']","[[0.0954897  0.16290712 0.23919173 0.16065239 0.27391207 0.3955414
  0.08892247 0.15419369 0.2203869  0.05280338 0.09246881 0.18319974
  0.43749905]
 [0.09355445 0.16035974 0.24866671 0.15617885 0.25706315 0.35907668
  0.10123423 0.18721027 0.33087126 0.04938549 0.08640156 0.13625768
  1.00000171]
 [0.08389063 0.14122489 0.22846152 0.16869746 0.29682767 0.43698061
  0.08657641 0.14712419 0.21064857 0.06081126 0.10436755 0.14518206
  0.81040312]
 [0.08767348 0.15678512 0.23133836 0.15717745 0.26147744 0.37430959
  0.0952347  0.16785204 0.30085801 0.04570993 0.07559941 0.10561051
  1.00002078]]",[-0.27998905 -0.12055044 -0.16685423 -0.14047784],4,0.027685621735693,0.9224871737034429,0.9442580726538378,0.015380824294466024,0.02805449125033528,524.6184003299568
201,"[[ 0.1599285   0.09493664  0.16823973  0.19159664  0.80656319 -0.03658547
   0.42904763 -0.08981231  0.15440907 -0.09697426  0.11829783  0.09403931
  -0.01677169]
 [-0.12058019 -0.53975878  0.0890156  -0.40017399 -0.37036629  0.051395
   0.30642143  0.29406143 -0.11178496 -0.17702139 -0.40124469  0.03114005
  -0.00892057]
 [ 0.24498504  0.26419169 -0.11176869  0.52846982 -0.21025307  0.05420157
  -0.47840134 -0.14491859  0.06130033 -0.15439642  0.49320648 -0.0639395
   0.08038787]
 [-0.52733659 -0.21443799  0.17068121  0.04739128  0.14726258 -0.17664459
   0.6621824   0.30953643  0.2161118  -0.04257297 -0.01586162  0.08453985
  -0.03809471]]","['bbo_main', 'random_fill', 'random_fill', 'random_fill']","[[0.08819859 0.15051661 0.30799343 0.18531096 0.32118419 0.4442382
  0.09112118 0.15739195 0.24108895 0.04607335 0.08024197 0.11695731
  1.00000229]
 [0.08502986 0.14463868 0.27584281 0.15546293 0.26637334 0.39383865
  0.11127164 0.19323165 0.26722558 0.04653114 0.07925851 0.116641
  1.00000033]
 [0.10047953 0.16854773 0.22914478 0.17205522 0.28856139 0.42887776
  0.08283425 0.14510931 0.24689342 0.05493185 0.10230922 0.14418931
  1.00000584]
 [0.08577534 0.14850485 0.24028951 0.16209539 0.27662207 0.39323361
  0.1051651  0.18598276 0.29816825 0.04875808 0.08399621 0.12314437
  0.45886991]]",[ 0.41995668 -0.18867643  0.16465943  0.12405734],4,0.029567627840979216,0.9262541316986335,0.947481020773025,0.015364173226247644,0.025938833561623992,862.3663793178275
202,"[[ 7.66043062e-01  9.36358708e-02  6.20739212e-02  3.18944252e-01
   1.04999234e-01  1.96747883e-02 -2.16011222e-01  2.31506684e-01
   7.51017342e-02 -2.85613019e-01 -7.54192221e-03 -3.15191329e-01
  -2.33686476e-02]
 [-4.50208288e-01  1.72732198e-01 -8.73307591e-02  4.53092247e-02
   5.06014864e-04  5.59766381e-02 -7.31101896e-01  2.17334518e-01
   2.11193759e-01 -8.81965249e-02  3.01536834e-01  1.68862248e-01
  -3.31395618e-02]
 [ 2.82266583e-01  2.08564142e-01  9.94002748e-02 -1.71438398e-01
   3.65349942e-01 -1.75252359e-01  2.72705792e-01 -3.43254638e-01
  -2.69746190e-01  5.68891123e-01  2.83468982e-01 -6.43417375e-02
  -1.65599106e-02]
 [ 4.68031956e-01 -6.43544433e-02 -8.36527315e-02  2.05413184e-01
  -3.00940092e-01  5.56169192e-02  5.11204349e-01 -3.66790618e-01
  -7.27112427e-02  3.98944902e-01 -2.49319170e-01  5.50596656e-02
   9.19414971e-02]]","['bbo_main', 'random_fill', 'random_fill', 'random_fill']","[[0.10238675 0.17078706 0.24625478 0.16858916 0.2897395  0.41407653
  0.09329538 0.16711932 0.26454286 0.04412848 0.07363829 0.10352253
  0.45776053]
 [0.08756168 0.15062371 0.21391057 0.1643693  0.28171424 0.40419079
  0.09175721 0.16567727 0.41557575 0.05179858 0.08984236 0.13710553
  1.00005445]
 [0.1001925  0.169183   0.29423871 0.16365214 0.28682559 0.40583268
  0.08638526 0.14235687 0.20246262 0.06015828 0.1022459  0.1415447
  1.00002086]
 [0.10263084 0.17095565 0.2336999  0.16043862 0.27253648 0.46576006
  0.09124055 0.14992333 0.21235388 0.05355128 0.09082238 0.15075508
  1.00000285]]",[0.18396862 0.06735426 0.05604537 0.06950043],4,0.02735220728468199,0.9208754759779967,0.9428740972439189,0.015321080278954539,0.026149924978256828,566.540533286985
203,"[[ 0.61340207  0.41147199  0.07392447 -0.14268776  0.31018542 -0.00632439
  -0.02228775 -0.54674237  0.09827181 -0.12614339 -0.01380632  0.08358746
  -0.01334662]
 [ 0.14435212  0.32361241  0.02676552 -0.47888179  0.55337122  0.06490309
   0.07530145  0.2407288  -0.04551028  0.44879171 -0.23970002 -0.09679392
  -0.00549348]
 [-0.01790415  0.55580492  0.15746213  0.15017537  0.32687282  0.17896707
   0.32660075  0.29100629  0.22551278  0.05463014 -0.40186653 -0.31153578
  -0.02817607]
 [ 0.50829323 -0.45303427  0.09410019 -0.23744183  0.18535507 -0.01930228
   0.41868081 -0.28054481 -0.12759189 -0.32061646  0.22387878  0.10931724
   0.03591387]]","['bbo_main', 'random_fill', 'random_fill', 'random_fill']","[[0.10888063 0.18149071 0.25604498 0.16788842 0.29508955 0.41869201
  0.08480485 0.14420248 0.2477694  0.04720195 0.08225463 0.12576174
  1.00000151]
 [0.09906858 0.16625097 0.23053054 0.16782625 0.31317743 0.4859601
  0.09504407 0.16379933 0.23305668 0.04565447 0.07503099 0.10495159
  1.00003973]
 [0.0942974  0.16099021 0.23120555 0.1678316  0.29124071 0.42509369
  0.09988397 0.17690711 0.38083696 0.04428418 0.07338018 0.10319168
  1.00000135]
 [0.0912597  0.15290579 0.26380087 0.16545596 0.2914809  0.41512894
  0.09128714 0.15343338 0.21888312 0.04989845 0.0910718  0.24802723
  1.00000227]]",[0.15901547 0.2215804  0.40327064 0.0433331 ],4,0.02830855394029866,0.921412533387405,0.9433355974894767,0.015362965946710926,0.02771159923885702,563.0167533671483
204,"[[-0.17571201  0.26484595  0.05372591  0.14788415 -0.49622236  0.16280465
  -0.36553696  0.23305955 -0.50993396 -0.03964079 -0.35716096  0.15534839
  -0.01576688]
 [-0.21662338 -0.13290271  0.06313914 -0.14548298 -0.47874542  0.00710242
  -0.43033708  0.06460993  0.03495354 -0.44282843  0.52600278 -0.13267604
  -0.00682948]
 [ 0.13583223  0.20106112  0.21340985  0.02230881  0.24387114  0.30989373
   0.65721305  0.2229883   0.30342422 -0.04169418  0.28396427  0.2865851
  -0.03675826]
 [ 0.15041039  0.43251589  0.05034114 -0.14665004 -0.12753211 -0.18160729
  -0.26412262 -0.13394101  0.21477899  0.67130602 -0.13252368  0.33328049
  -0.06244561]]","['bbo_main', 'random_fill', 'random_fill', 'random_fill']","[[0.09550001 0.16352027 0.23137297 0.16386207 0.28164555 0.55781997
  0.08883248 0.15428323 0.21924004 0.04861443 0.08431696 0.14041117
  1.00000058]
 [0.08802447 0.15145948 0.29949017 0.15233381 0.2563384  0.37179263
  0.09114665 0.16512631 0.24850602 0.05333419 0.0976149  0.13618127
  1.0000011 ]
 [0.08898143 0.15246906 0.21780261 0.16561035 0.2871749  0.57158246
  0.09929614 0.17503158 0.26607546 0.04849868 0.08405862 0.1250977
  1.00000152]
 [0.09498968 0.16205062 0.22688076 0.16042333 0.27388747 0.3919742
  0.09233324 0.16420086 0.25087101 0.05181025 0.08877599 0.18285639
  0.30117155]]",[-0.12006103 -0.17956865  0.54604423  0.03880997],4,0.02897941579156467,0.9246386086735486,0.9461008693636581,0.015324484465418361,0.0273541757348138,563.8319788309745
205,"[[-0.15706731  0.37155147 -0.2631364   0.15625543 -0.02146724  0.02772073
  -0.7732547   0.37277522  0.03115538 -0.0602784   0.00383396 -0.00773209
   0.02882251]
 [-0.06129995 -0.43224231  0.00651762 -0.0761072   0.26541996  0.01000839
  -0.51195788  0.45515566 -0.0922483   0.32276219  0.18330549 -0.34231162
  -0.01718516]
 [ 0.56374593  0.28146946  0.07202831 -0.50462926 -0.03227308  0.12972176
   0.08413714 -0.11384294  0.08457619 -0.25159389 -0.2528076  -0.37271153
   0.17871752]
 [-0.13988048  0.12340422 -0.42648335 -0.20595491 -0.05426872  0.18085702
  -0.15746551  0.31291874  0.07774464  0.53751706  0.52083987  0.12755465
   0.00428001]]","['bbo_main', 'random_fill', 'random_fill', 'random_fill']","[[0.08752107 0.150069   0.20669766 0.17127375 0.28947026 0.43026408
  0.08733855 0.18301465 0.29012426 0.04665693 0.08006896 0.11527062
  0.99999512]
 [0.08264068 0.13972472 0.2274148  0.17606102 0.30754017 0.43900484
  0.09372164 0.16943835 0.24425021 0.04904714 0.08124156 0.11274611
  0.5048094 ]
 [0.10493353 0.17520644 0.2446082  0.16078471 0.28211204 0.50075159
  0.09321722 0.16330148 0.24620472 0.04348664 0.07217807 0.10125622
  1.00001259]
 [0.08409159 0.14230346 0.1998708  0.16251227 0.28020484 0.51138819
  0.09531171 0.16932291 0.24525431 0.06094583 0.10468252 0.15226328
  1.00000036]]",[ 0.05525052 -0.00129641  0.22267455  0.13239547],4,0.02887385182665217,0.92410047583152,0.9456404441923325,0.015303664161705349,0.028127429175733205,610.9522851360962
206,"[[ 0.03492059  0.0948886  -0.62924027 -0.43326777  0.39145931 -0.31080247
  -0.20372698  0.15894466  0.05734436  0.01776392  0.2794763  -0.06220835
   0.06264944]
 [ 0.53251042  0.15252171  0.26714248  0.29135865  0.51213965  0.30377575
   0.0725696  -0.20170561  0.16953056 -0.25895668 -0.17227699  0.09489324
  -0.04374156]
 [ 0.20907132  0.2220803   0.0947536  -0.40152898 -0.27143574  0.17844536
   0.39215646  0.29336817  0.07316765 -0.52064612 -0.24523502 -0.23088538
  -0.0389861 ]
 [ 0.27083004  0.15045354 -0.36331304  0.42675553 -0.385459    0.04921214
   0.21488454  0.03432181 -0.37492373 -0.21540891 -0.45011416  0.03861181
  -0.02195257]]","['bbo_main', 'random_fill', 'random_fill', 'random_fill']","[[0.08423866 0.13729532 0.18799515 0.16175628 0.27940593 0.3926706
  0.10003123 0.18362179 0.3088458  0.05536043 0.09573307 0.13475085
  1.00000126]
 [0.09418808 0.15976877 0.25126927 0.17492897 0.30650886 0.55620693
  0.0896241  0.15644987 0.22975975 0.04528184 0.07750099 0.11196229
  1.00000578]
 [0.0948732  0.1615703  0.22728531 0.16060806 0.27669637 0.44467115
  0.10153263 0.17961759 0.25808268 0.04486453 0.0767904  0.11027616
  0.34272886]
 [0.09280162 0.15688703 0.21774342 0.16729529 0.28694548 0.44865919
  0.09262474 0.16011394 0.22683972 0.04554437 0.07850959 0.12243642
  0.24468968]]",[-0.07655277  0.47425708  0.04738939 -0.15294499],4,0.02641632479903403,0.932192992544572,0.9525263052467499,0.015311254153067356,0.02554720536481514,601.8116074081045
207,"[[ 0.37705979 -0.42212822  0.00863039 -0.42355205  0.17152825 -0.11675827
   0.05615339 -0.28026947  0.0381482   0.55249108  0.25266639 -0.06913259
   0.00910796]
 [-0.00080713 -0.3741926  -0.62789439  0.21290551 -0.03297743  0.21514918
  -0.14303744  0.33435427  0.24745753 -0.17630737  0.262469    0.25491547
   0.12074176]
 [-0.20950417  0.02546412  0.11597843 -0.0818487  -0.33400438  0.04159172
  -0.16576805 -0.61647979 -0.60169262  0.20673747 -0.03038915  0.08995233
  -0.02654976]
 [-0.46921531 -0.52821665  0.24685638  0.15891481  0.04503299  0.23939162
  -0.24952649 -0.45491303  0.06573876 -0.00914725  0.23890288  0.15142332
   0.04095915]]","['bbo_main', 'random_fill', 'random_fill', 'random_fill']","[[0.08858481 0.14726982 0.21346968 0.15861122 0.27887952 0.3967898
  0.09001861 0.15346644 0.25752187 0.06751116 0.11412033 0.15448369
  1.00001296]
 [0.08311405 0.1376251  0.19231921 0.16894104 0.2917404  0.43692867
  0.09943891 0.17856602 0.2771969  0.04992422 0.08666043 0.21251482
  1.00000179]
 [0.09489011 0.16233467 0.28925606 0.16357324 0.28436686 0.41552778
  0.08488089 0.139361   0.19530966 0.05347869 0.09403351 0.14450105
  0.94889762]
 [0.08535864 0.1469902  0.34620545 0.17162428 0.29959387 0.45620039
  0.08812172 0.15221961 0.22297303 0.05073989 0.08784118 0.12597506
  1.00000356]]",[-0.05616675  0.25096518 -0.29478073  0.1217234 ],4,0.025950656102819006,0.9349010273539713,0.9548110672573905,0.015223290185152465,0.026938632739834656,527.0141911329702
208,"[[ 0.0276394  -0.23784159  0.09088262  0.24594534  0.22259796 -0.12451222
   0.27202584  0.68520141 -0.46581112  0.05616331 -0.18793367  0.09873433
  -0.01283199]
 [-0.18452452 -0.38881415  0.03468587 -0.03160769  0.46896812 -0.28693075
  -0.14365886 -0.39614729 -0.08793318 -0.49377395  0.22559621 -0.17363942
  -0.01232643]
 [ 0.09666216  0.40553623  0.07015757  0.03491501 -0.62287106  0.09243974
   0.00595833 -0.58249393  0.13777473 -0.20264401  0.05320484  0.140287
  -0.0406182 ]
 [ 0.42093812 -0.09223173 -0.13251642  0.26307222  0.33715028  0.08716671
  -0.00618628 -0.55682475  0.0916063  -0.14574187  0.41752461  0.10157596
   0.28618092]]","['bbo_main', 'random_fill', 'random_fill', 'random_fill']","[[0.0851968  0.1466299  0.29016519 0.17162695 0.29619124 0.4141019
  0.10317532 0.17765454 0.24138138 0.04619647 0.0792739  0.16419215
  1.00000019]
 [0.08262409 0.14079981 0.25544663 0.18380452 0.31975549 0.44004445
  0.08488819 0.14475772 0.21445878 0.04587955 0.08143753 0.11667467
  1.00000137]
 [0.097117   0.16541065 0.23385034 0.15998727 0.27147198 0.39459555
  0.09147832 0.16021032 0.2610081  0.0503529  0.08898679 0.13535509
  0.22583853]
 [0.08743294 0.14754575 0.20906512 0.18670959 0.32338367 0.461724
  0.08408069 0.14297055 0.2374837  0.05126468 0.09230942 0.14758716
  0.99998893]]",[ 0.07886583 -0.16851379 -0.08662579  0.46774928],4,0.02963664642545699,0.9273321050981531,0.9484001640078162,0.015189950931179669,0.026124616914997262,708.3654571780935
209,"[[-0.391346   -0.52089978  0.10875421 -0.36302999  0.42214121 -0.0684241
   0.08849048 -0.07044302  0.1164067   0.46001137  0.01226616 -0.1021487
  -0.02167569]
 [-0.25846911 -0.54987603  0.02190654 -0.08762987  0.15149654  0.07002406
  -0.36987478 -0.30218818 -0.04256309 -0.05967259  0.47026231 -0.37379558
   0.02119789]
 [ 0.18835297 -0.12939083  0.03554858  0.05010288 -0.35075969  0.1008573
  -0.36779277 -0.14020584  0.09191467  0.20782168 -0.20241858 -0.75049621
  -0.00417419]
 [-0.42535461 -0.33699679  0.20252818  0.51603874  0.07617293  0.10694157
  -0.03096081 -0.33289857 -0.28715626  0.35510069 -0.2406049  -0.03596732
  -0.03787553]]","['bbo_main', 'random_fill', 'random_fill', 'random_fill']","[[0.08199912 0.13951353 0.24808423 0.16741466 0.29535113 0.41937408
  0.09597979 0.16828087 0.26160173 0.05165196 0.08682902 0.12212751
  0.44184933]
 [0.08108481 0.13792147 0.20640862 0.18039756 0.31925977 0.49660599
  0.08500955 0.14549368 0.21547543 0.05116554 0.08715452 0.11984117
  0.99999934]
 [0.09505203 0.16159764 0.22781885 0.16312628 0.27878128 0.49898562
  0.09080968 0.16319761 0.27309535 0.043796   0.07195729 0.09840166
  1.00000418]
 [0.08594986 0.14817106 0.28070634 0.17641845 0.30680044 0.43984257
  0.08760932 0.15051004 0.21606366 0.0486974  0.08373521 0.12039822
  0.54157979]]",[-0.01271007 -0.0951896  -0.14886003 -0.01075401],4,0.028380127865233876,0.9332755306278921,0.9534408855991012,0.01529068595035554,0.026489285042014615,583.2148204599507
210,"[[-0.18955048  0.48692222 -0.36510019 -0.05253153  0.19851924 -0.16407903
   0.50266688  0.06472666 -0.18098014 -0.4841527   0.01616135 -0.01587934
  -0.00730218]
 [ 0.47641413  0.24708161 -0.40093556 -0.44480956 -0.0781657   0.08562046
   0.50976721 -0.01884836 -0.20625028  0.12154154  0.02216419 -0.14294357
   0.03848561]
 [-0.49485402 -0.15647381  0.04103468 -0.35031927 -0.02374059 -0.38786657
   0.19361012  0.03887194  0.0038432  -0.18425829 -0.61650629 -0.04244984
  -0.01949673]
 [ 0.20665558  0.22657296 -0.05251484 -0.58261161 -0.45060059  0.09096049
   0.09572656  0.11867905 -0.25601404 -0.43095647 -0.13961182  0.08305868
   0.22703349]]","['bbo_main', 'random_fill', 'random_fill', 'random_fill']","[[0.09027026 0.15530498 0.21257711 0.16377586 0.2836851  0.40160471
  0.11472859 0.19167788 0.26021114 0.04270333 0.07723455 0.13864317
  1.00004751]
 [0.0988631  0.16443913 0.22049087 0.15732658 0.28052058 0.52575014
  0.09799121 0.16730874 0.2343247  0.04921812 0.08261424 0.11640521
  1.00004009]
 [0.08769049 0.15156742 0.26699573 0.15713706 0.26482541 0.37205806
  0.10320766 0.18578855 0.27088638 0.04516436 0.0767825  0.11405365
  0.73976197]
 [0.10336259 0.17328837 0.23782902 0.15119316 0.25988502 0.45171508
  0.09389639 0.16242063 0.22983137 0.04780294 0.08504507 0.13731019
  1.00000523]]",[-0.04322955 -0.01943487 -0.30847659  0.0594198 ],4,0.027434390677598335,0.9354433217491056,0.9552673325294242,0.015220626311160583,0.026176604431796556,590.9669809339102
211,"[[ 0.03739886  0.14444838 -0.15009765  0.40081316  0.65463115  0.29704765
  -0.17758396 -0.3824939   0.27298952 -0.05312369  0.14481233  0.00242474
  -0.04020835]
 [-0.1648106   0.18512884  0.14467151 -0.53037281 -0.01355954  0.22258567
  -0.05545823 -0.08746592  0.22126544 -0.17234827 -0.65626467  0.24051895
   0.09322264]
 [ 0.02466011  0.05301584 -0.11434487  0.72880608  0.11647076  0.1418981
   0.24776271  0.29071645  0.1418761  -0.20000407  0.46028608 -0.02130228
  -0.0172539 ]
 [ 0.25111589 -0.42946371  0.48952306 -0.16401354 -0.00315732  0.01672967
  -0.02131007 -0.06147337  0.25457982 -0.29024103  0.14074931  0.5515665
  -0.09142653]]","['bbo_main', 'random_fill', 'random_fill', 'random_fill']","[[0.08679316 0.14807698 0.20944122 0.1843547  0.32111723 0.55182699
  0.08793766 0.15250507 0.23424296 0.04685219 0.08100765 0.11598965
  1.00000036]
 [0.09355802 0.16006513 0.22475023 0.1628807  0.28362973 0.43199921
  0.09391808 0.1661483  0.25220303 0.04624606 0.07838057 0.26953653
  0.99999358]
 [0.0821379  0.1399133  0.19955084 0.18584719 0.3145439  0.5000057
  0.09905118 0.17667826 0.26475789 0.04677201 0.08237318 0.11759676
  1.00000176]
 [0.09054486 0.15424654 0.25994121 0.16346731 0.28103915 0.4020034
  0.09337086 0.16501906 0.24015595 0.04980843 0.08688031 0.15137498
  0.1801303 ]]",[0.40053497 0.18735655 0.35192604 0.17656979],4,0.02835877412559812,0.9349010273539713,0.9548110672573905,0.01523534371311142,0.02558700493467428,536.3399196867831
212,"[[ 0.60943315 -0.13418355 -0.06344973  0.41466924  0.33529027 -0.24247185
  -0.1728889   0.21137044  0.09207764  0.37811016 -0.10516553  0.09133816
   0.13409452]
 [ 0.50836082  0.16180879  0.2225591  -0.07800594 -0.20205002  0.24713595
  -0.42767414  0.00555617  0.10928971  0.19071382 -0.50790472  0.25687399
  -0.05163167]
 [-0.33720535  0.03021751 -0.68915681  0.24738817 -0.25364401  0.12286533
   0.2470175   0.24082586  0.27027499 -0.19004839 -0.03675217  0.19598457
  -0.04321914]
 [-0.41706194 -0.22674717  0.30981449  0.33194317  0.27876837  0.3242076
  -0.09741084  0.17057771 -0.19191082 -0.11996014  0.50307016  0.19808187
  -0.05941017]]","['bbo_main', 'random_fill', 'random_fill', 'random_fill']","[[0.09108511 0.15218549 0.2144499  0.17765664 0.29807044 0.40457863
  0.093342   0.17142102 0.30236843 0.04976531 0.08456232 0.17441261
  1.00000539]
 [0.09547614 0.16242088 0.25318155 0.16334619 0.28246409 0.42535664
  0.09179535 0.1628935  0.23657957 0.04828318 0.08189598 0.13164536
  0.15850251]
 [0.08388083 0.14218151 0.20014079 0.16512173 0.28339755 0.41105274
  0.10149036 0.18155342 0.32276369 0.04898071 0.08477298 0.13190367
  0.54912219]
 [0.08715964 0.14926589 0.2536967  0.17085845 0.29799802 0.45632195
  0.09074024 0.15815533 0.2276776  0.04989007 0.08664731 0.1261462
  0.32817522]]",[0.30487905 0.1472201  0.00327593 0.31367317],4,0.028878360014287507,0.9327341508251472,0.9529837061370092,0.015147812928853881,0.026702724802088046,851.5624803688843
213,"[[ 0.15342282  0.17705646  0.10064356 -0.26572022  0.21370939  0.18154764
   0.36765309 -0.11795455  0.16410526  0.40454373  0.63672446  0.20050671
   0.02134529]
 [ 0.53670081  0.08675725 -0.15991531 -0.51633468  0.287186   -0.25923019
   0.28956418 -0.15570423  0.01040458 -0.26819127 -0.28137188  0.0569311
   0.00613205]
 [ 0.19522551 -0.05479627  0.16854762  0.74950406 -0.06651925 -0.02113095
   0.14656678  0.07692319 -0.47298802 -0.09339205 -0.23109913  0.10829219
   0.19716911]
 [-0.24802587 -0.29894579 -0.10548532  0.02136534 -0.35864032  0.02663304
   0.1185664  -0.82321258  0.03077201  0.04824308 -0.07161529  0.08856379
  -0.01466993]]","['bbo_main', 'random_fill', 'random_fill', 'random_fill']","[[0.09176964 0.15728587 0.22098372 0.16108448 0.28028539 0.42613993
  0.09226702 0.1595318  0.24026592 0.05939824 0.10314338 0.25494079
  1.00000183]
 [0.10519723 0.17416876 0.23582675 0.1552522  0.26979188 0.38022352
  0.09884071 0.17186018 0.25414911 0.04438705 0.07663312 0.17907627
  1.00001838]
 [0.09460856 0.16130562 0.34749685 0.17586331 0.30157314 0.42666114
  0.08770428 0.1476369  0.20700777 0.04664417 0.08162699 0.12442306
  1.00001543]
 [0.08458335 0.14396939 0.20601646 0.16216741 0.27786726 0.40413458
  0.08642772 0.14619983 0.25721976 0.05396315 0.09633896 0.18474382
  1.00003408]]",[ 0.37532896 -0.08002329  0.28466003 -0.27597169],4,0.02727613666081885,0.9392461732014321,0.9584544019405131,0.015149890756409873,0.02748314921586345,541.3508385929745
214,"[[ 0.05431092 -0.01788987 -0.0810937  -0.59786109  0.21180044 -0.03860809
  -0.46870928  0.03914433 -0.15870148  0.54698448 -0.03696429 -0.19769241
   0.01785211]
 [-0.29429725 -0.19512343  0.18116738  0.11478107 -0.22273147  0.18424084
   0.18760667 -0.15948198 -0.73121142 -0.12941683  0.21481023 -0.0355146
   0.29378788]
 [-0.05448802  0.09533369 -0.05497962  0.15844952 -0.21766971  0.04819851
  -0.2215993  -0.55191153 -0.03946825  0.06181506  0.74018192 -0.04247827
  -0.03667724]
 [-0.2826206   0.15605952  0.12941834  0.20317168  0.2594373   0.32418761
  -0.27177747 -0.47352478  0.28990724  0.43601778  0.06588149  0.29544039
  -0.03828903]]","['bbo_main', 'random_fill', 'random_fill', 'random_fill']","[[0.09347288 0.15709829 0.21991612 0.15907102 0.29428682 0.43693255
  0.08541393 0.14622992 0.21014964 0.05941947 0.09634414 0.12857282
  1.00000067]
 [0.08869962 0.15234892 0.28777348 0.16952131 0.29697028 0.47633311
  0.08714959 0.1434132  0.19855913 0.0506696  0.0885767  0.12623726
  1.00000313]
 [0.08995177 0.15383314 0.21757849 0.16427946 0.28241982 0.43632984
  0.0880856  0.15220526 0.22405057 0.05605296 0.09915685 0.14033359
  0.30360617]
 [0.08825298 0.15110039 0.21434638 0.17046575 0.29787966 0.59085524
  0.08944095 0.15633904 0.23778727 0.05072145 0.08670332 0.12799306
  1.00000447]]",[-0.11149591  0.18744203 -0.06921596  0.32779228],4,0.026441507718236987,0.9403349859831179,0.9593627105354603,0.015097613860746685,0.02454078241316085,976.2509707170539
215,"[[ 0.47078288  0.06782906 -0.4377896  -0.31231042  0.13643443 -0.24346573
  -0.18962699  0.09973376 -0.04615148  0.06167708 -0.1761185  -0.56904813
   0.00158631]
 [ 0.01333065  0.110545    0.14976861  0.06045964  0.01626067 -0.01752766
  -0.27124947 -0.60805385  0.08821867  0.27428547  0.6584263  -0.01464611
  -0.02973133]
 [-0.09365112  0.08334965  0.26234115 -0.09011837  0.48030315  0.23833765
  -0.69018199  0.01183527  0.26581436  0.18692153  0.09307055  0.16778418
  -0.03066435]
 [-0.47334836 -0.05788189 -0.46499008 -0.24399477  0.38366495 -0.05563747
  -0.36434566 -0.06435962 -0.11817358 -0.3980289   0.02160465  0.18626589
   0.04586728]]","['bbo_main', 'random_fill', 'random_fill', 'random_fill']","[[0.0941828  0.15386767 0.20975099 0.1607659  0.27545542 0.38959798
  0.09724468 0.17606897 0.29189401 0.0438782  0.07210063 0.09887106
  1.00003946]
 [0.09436503 0.16126315 0.27855405 0.1637166  0.28239755 0.40326595
  0.08606871 0.14783795 0.22521633 0.05877728 0.10239383 0.14312724
  0.58552301]
 [0.08995328 0.15371502 0.26486518 0.17037981 0.29867375 0.44139042
  0.08943373 0.15807803 0.34963908 0.04939481 0.08435538 0.12058069
  1.00000049]
 [0.08379164 0.14182062 0.20076593 0.17212368 0.30231976 0.4298579
  0.09048062 0.15774815 0.2296071  0.04933871 0.08610855 0.26215876
  1.00001007]]",[-0.22355101  0.03889002  0.34690801 -0.08448087],4,0.02790183795493817,0.9425158473073122,0.961176093677008,0.015110211408411046,0.02577626418275674,907.18873252091
216,"[[-0.20632958  0.3381911  -0.00827522  0.33844668  0.1947367  -0.38975813
   0.35392174  0.28203114 -0.29376039  0.34823693  0.08909106 -0.34377432
  -0.0110535 ]
 [ 0.00704657 -0.28154213  0.04697185  0.3538695  -0.23878332  0.13241614
   0.33450201  0.55899766  0.04610524 -0.16509907 -0.30103663 -0.41702736
  -0.0203624 ]
 [-0.27605601 -0.67622752  0.02958392  0.37968802 -0.03069688 -0.24628645
   0.20953575 -0.05619534 -0.05002768  0.15169124  0.31321133  0.09885133
   0.28182057]
 [ 0.59856673 -0.33169917  0.1643604   0.09174703  0.08446913 -0.07587976
  -0.08381813  0.30518367 -0.53995572  0.1738802  -0.16814657  0.18058183
  -0.02316869]]","['bbo_main', 'random_fill', 'random_fill', 'random_fill']","[[0.09776949 0.17117938 0.26540347 0.16502444 0.2702155  0.36942998
  0.10352436 0.18075563 0.25273533 0.04922341 0.08018721 0.1101291
  1.00000179]
 [0.08584871 0.14736254 0.21169821 0.16561409 0.28298753 0.46121797
  0.11302798 0.19984373 0.28256161 0.04353781 0.07232491 0.10144675
  1.00007573]
 [0.08122696 0.1391964  0.21003578 0.16533647 0.27576906 0.38650318
  0.09575704 0.16783369 0.24185898 0.06102959 0.10990864 0.20119645
  1.00010876]
 [0.09498584 0.16093267 0.28696524 0.16511593 0.28656743 0.40961483
  0.08893307 0.15326343 0.21570333 0.05032375 0.08732737 0.23497857
  0.99999986]]",[-0.01124625  0.09208313  0.19273804 -0.0049069 ],4,0.028500696401983563,0.9387021579765266,0.9579998566764899,0.015170393648184418,0.026875342461087512,583.8770153869409
217,"[[ 0.11281355  0.20234078 -0.25276396 -0.07668019 -0.1490294   0.00442593
   0.19362622 -0.13410669  0.12157707  0.18423709 -0.85651484  0.12738268
  -0.0169844 ]
 [ 0.59933928 -0.34143699  0.19951984 -0.17382187 -0.02509053  0.10623897
  -0.15988419 -0.16346859  0.32256817 -0.14491089  0.42905566  0.28201174
  -0.03634613]
 [-0.43496404  0.1923221   0.43452156  0.0864975  -0.26474727 -0.12878569
   0.37008501  0.21494658  0.28138386 -0.44076391 -0.09761877  0.14712283
  -0.05533199]
 [ 0.13084097 -0.68297861 -0.25651093 -0.41020337 -0.02237044  0.09381483
   0.30285772 -0.28094677 -0.17063689  0.00814666  0.22829136  0.1415916
  -0.03243777]]","['bbo_main', 'random_fill', 'random_fill', 'random_fill']","[[0.09278197 0.15726193 0.21823198 0.16350046 0.28196632 0.40534379
  0.09708282 0.17224862 0.2797179  0.04505408 0.0745104  0.24748252
  1.00000009]
 [0.09141042 0.15460829 0.22031511 0.16280167 0.28010086 0.40142692
  0.09242387 0.16332653 0.41467255 0.05130784 0.08983629 0.14010732
  1.0000053 ]
 [0.0924323  0.15942943 0.40576997 0.16130551 0.27424244 0.39081731
  0.09694712 0.17256436 0.25298257 0.04854354 0.084336   0.12139243
  1.00000248]
 [0.08505072 0.14278667 0.20310736 0.1638326  0.28746091 0.43223935
  0.09275421 0.15959169 0.22932435 0.05487576 0.09649386 0.16920035
  0.43533673]]",[-0.07691079  0.1798345   0.13484325 -0.1951411 ],4,0.02632613115541646,0.9474397936892255,0.9652392071451937,0.015064755597031456,0.025741290350653062,553.2793659111485
218,"[[ 0.39572817 -0.22353378  0.1928458  -0.07250263  0.04529157  0.20388392
  -0.33100414  0.57233122  0.24848051 -0.37217377  0.12165593  0.23240868
  -0.03419271]
 [-0.01849623  0.01086252 -0.43724505  0.02572624 -0.24954151  0.07771752
   0.27479704 -0.59014189  0.10192295  0.23339728  0.47378703 -0.1610764
  -0.0179067 ]
 [-0.140708    0.17423972 -0.31585546  0.13429797 -0.35313716 -0.03330019
  -0.18559368  0.55763313  0.04704311 -0.22129483 -0.55601143 -0.00786999
  -0.02077434]
 [ 0.07313406 -0.39067668  0.21378928  0.12776822  0.0771337  -0.05386219
  -0.2018898   0.61206939  0.18191669  0.37898485  0.35038615  0.23712828
  -0.00546951]]","['bbo_main', 'random_fill', 'random_fill', 'random_fill']","[[0.08897356 0.15171954 0.21779825 0.16351061 0.28149047 0.41286278
  0.09888121 0.17879075 0.41023199 0.04789874 0.08324154 0.1337428
  1.00000315]
 [0.08446869 0.14184424 0.19847404 0.16358719 0.28430344 0.4328722
  0.09038202 0.15454168 0.28514114 0.06084996 0.10421402 0.14129138
  0.87562017]
 [0.0874842  0.14967788 0.21036663 0.16062832 0.27004071 0.38863294
  0.10543834 0.19898015 0.3148391  0.04433543 0.07608293 0.11302112
  0.7964055 ]
 [0.08711468 0.14916165 0.24592025 0.16132431 0.27470301 0.39026819
  0.09932523 0.17991203 0.26504055 0.05412315 0.09387255 0.24833371
  1.00000546]]",[ 0.2890891  -0.13206172 -0.10275445  0.26655456],4,0.02935446685886589,0.9485374621303552,0.966138665286947,0.014986968294799074,0.02722408629452666,507.484775967896
219,"[[ 0.16777941  0.01015025 -0.53287517 -0.12977708 -0.04273064 -0.52123575
  -0.30057276  0.37245319 -0.20268358 -0.09446629  0.28544431 -0.19182922
  -0.00946655]
 [-0.28236171 -0.08584299  0.09467947 -0.27108392  0.18615728 -0.4993367
  -0.33171492 -0.120613   -0.532815   -0.08000861 -0.34289955  0.11418007
  -0.03110943]
 [-0.52971776  0.16722788  0.08130963  0.38635144 -0.23188709  0.07662957
   0.59211748 -0.20826365  0.08206762 -0.18028372 -0.09033444 -0.01885551
   0.18488244]
 [-0.49402569 -0.0120224  -0.2092225   0.09398843 -0.0098231   0.07846647
  -0.04937453 -0.56924128 -0.40916953  0.23647244  0.35274623 -0.14136385
   0.05202577]]","['bbo_main', 'random_fill', 'random_fill', 'random_fill']","[[0.08991915 0.14973216 0.20942379 0.15681492 0.25823115 0.36014241
  0.10161863 0.18741853 0.28215309 0.05522277 0.09603793 0.13590546
  1.00006113]
 [0.09111742 0.15619346 0.27684464 0.16091206 0.27414928 0.38742901
  0.08838446 0.15251306 0.21819777 0.05007566 0.0877178  0.14264981
  0.5305209 ]
 [0.0842421  0.14987736 0.26480889 0.16909714 0.28579714 0.42945739
  0.10394042 0.18072372 0.32684446 0.04475674 0.0774129  0.11172405
  1.00002916]
 [0.08547781 0.14719438 0.20944211 0.17489611 0.30652266 0.48227001
  0.08439737 0.13921055 0.19766108 0.05726411 0.09818888 0.1364911
  1.00001003]]",[-0.34536274 -0.39724186  0.2523874  -0.11992846],4,0.026932944882486876,0.9447012404539145,0.962984947529998,0.015046838420555299,0.026699240574900307,574.9301246830728
220,"[[-0.29584388 -0.16377483 -0.16894665  0.52094728  0.26369132 -0.29316026
  -0.27637108  0.24165507 -0.32649688  0.06298521  0.42595808  0.05345625
  -0.02461226]
 [ 0.1918538   0.34369557  0.16507829  0.24193875 -0.33517821 -0.01512172
  -0.53314917 -0.01431738  0.02491338 -0.22360251 -0.54327752  0.12715471
   0.01779366]
 [ 0.24694424  0.25969973 -0.14954026 -0.0808594  -0.44709935 -0.17101491
  -0.39155049 -0.27423197 -0.21462537 -0.54069134 -0.1412809  -0.16213126
   0.01889861]
 [-0.32026294 -0.40313219  0.09086339  0.07354892  0.46070908  0.0049331
  -0.46229823 -0.4341206   0.11935485  0.19039806 -0.19076198  0.05352299
   0.13054157]]","['bbo_main', 'random_fill', 'random_fill', 'random_fill']","[[0.0835397  0.14411027 0.20648279 0.17519503 0.29607183 0.41099145
  0.08904394 0.15623154 0.22394896 0.05679731 0.10193547 0.17069218
  0.64331963]
 [0.10275461 0.17391116 0.37208311 0.16246325 0.2739472  0.39089807
  0.09007387 0.16159405 0.23518696 0.04518269 0.07746408 0.11888851
  1.00000842]
 [0.1060566  0.18106617 0.25516726 0.15867061 0.26621541 0.38452093
  0.08791286 0.15283154 0.2229165  0.04571373 0.08013505 0.11600976
  1.0000006 ]
 [0.08262275 0.14150496 0.22133943 0.18902241 0.32816297 0.45645889
  0.08467733 0.14602314 0.25406983 0.04866909 0.08354997 0.12204147
  0.99998518]]",[-0.05403336  0.01872966 -0.32268435  0.16213388],4,0.027980298986012876,0.9425158473073122,0.961176093677008,0.015019793374895061,0.02513732771252211,834.7526132781059
221,"[[ 0.30683289 -0.05640273 -0.13975308 -0.23409903  0.28086132 -0.25138406
   0.35053406  0.37740995 -0.45414199  0.39085807  0.04036864 -0.24491467
   0.01793875]
 [-0.10370714 -0.12583794  0.19157275  0.4163058  -0.02643685  0.07514521
  -0.27693974 -0.1938998   0.17865993 -0.35716554 -0.3087004  -0.62225567
  -0.02785483]
 [ 0.01625174 -0.12166451 -0.16685187  0.54160564  0.49417289  0.1499462
   0.00440409  0.16290867  0.2438286   0.47508912 -0.22447342  0.18395952
  -0.03341548]
 [-0.66355752 -0.15760621  0.18184228  0.11623299  0.49775413  0.1162699
  -0.12983788  0.31577595 -0.12491174 -0.14512559  0.0883069   0.25621407
  -0.01779459]]","['bbo_main', 'random_fill', 'random_fill', 'random_fill']","[[0.0929878  0.15536562 0.23564401 0.15830215 0.27673087 0.39551014
  0.10945342 0.18145891 0.24156492 0.05303765 0.08529092 0.11725252
  1.00000059]
 [0.0893515  0.15311536 0.35262398 0.17356024 0.29759022 0.42311809
  0.09100092 0.16200015 0.25068039 0.0439467  0.0727482  0.10001207
  1.00000058]
 [0.08318563 0.14115091 0.2012586  0.18350367 0.31664296 0.44613473
  0.09352805 0.16567381 0.33583353 0.0475166  0.08122071 0.12363437
  1.00000103]
 [0.08496909 0.14671707 0.22066739 0.17471441 0.30519998 0.43458379
  0.09144512 0.15952842 0.22995893 0.04819055 0.08383201 0.26727541
  1.00000408]]",[-0.06138168 -0.00486748  0.37631603  0.24424436],4,0.026803664381736342,0.9457957246435238,0.963887587896982,0.015031641080322171,0.028796289597487985,795.9666173330043
222,"[[ 0.54681645 -0.44410498 -0.06367927  0.20362225  0.05563546 -0.20376057
  -0.23800758 -0.05709802 -0.17882828  0.42215443  0.24162455 -0.29170389
   0.00751682]
 [-0.44754715 -0.15632871 -0.13890451 -0.30992133  0.18328624 -0.33972117
  -0.47849326 -0.35542673  0.03644138 -0.1896942   0.31301834 -0.14200749
   0.01305508]
 [-0.26351996  0.52724135 -0.15077716 -0.1155285  -0.10200351  0.14019921
   0.07615082 -0.47389217 -0.34127308  0.01018124  0.45998671  0.16432944
  -0.02995036]
 [-0.09266699  0.43181936  0.02470334 -0.37626454  0.2121412   0.01190029
   0.57051134 -0.28963051 -0.06797037 -0.09968091  0.34113902 -0.27743284
   0.01854733]]","['bbo_main', 'random_fill', 'random_fill', 'random_fill']","[[0.0904523  0.14755371 0.22424038 0.17208699 0.29385122 0.41099819
  0.08548278 0.14909037 0.2164422  0.06253675 0.10375669 0.13709958
  1.00004954]
 [0.0836991  0.14306371 0.20503177 0.15967082 0.27185027 0.38217529
  0.08636769 0.15187433 0.2889965  0.05568131 0.09932321 0.1393261
  1.00000027]
 [0.09447923 0.16128332 0.22479378 0.16399138 0.28526717 0.44444287
  0.08680722 0.1445039  0.20513349 0.05603005 0.10093771 0.17993278
  0.76040863]
 [0.10337339 0.18277393 0.28720422 0.16015996 0.28647222 0.4166658
  0.09127439 0.1495963  0.21385186 0.04777132 0.0805427  0.11069738
  1.00000324]]",[-0.11127319 -0.28877394 -0.03757024  0.08666992],4,0.028780598396249787,0.94798846205785,0.9656891019576997,0.015015130496774685,0.026886045612554532,980.5669373560231
