iteration,point,cut_direction,cut_support_value,trial_direction_gap,ci_lower,ci_upper,mean_gap,max_gap
0,"[5.98649883e-10 9.13443948e+03 1.74849199e+01 4.96396205e+02
 4.90293559e+02 2.93299928e-01 1.31669800e+04 4.16741498e+01
 1.00000000e+00]","[ 0.00257269  0.71149937  0.11425582  0.53043151  0.33176283  0.01215938
  0.25885504  0.14599801 -0.02853553]",10341.509599683457,6581.658372971429,2.4548656141978765e-07,0.0012550263386699402,1907.3360183594045,5591.143232248336
1,"[2.26755581e+01 1.57706981e+03 6.43514918e+01 2.34207717e+03
 1.41652564e+02 4.41538136e+00 1.27689384e+04 5.03454727e+01
 1.00000000e+00]","[ 0.06446758 -0.69953104  0.20017342  0.4533454   0.4253556  -0.00497855
  0.23629918  0.14697112  0.05018784]",3057.8739247947165,6683.024221945485,2.4548656141978765e-07,0.0012550263386699402,1629.941888822899,5863.661879588263
2,"[1.41592081e-07 1.01879007e+04 1.85000130e+00 1.84135320e+03
 5.15328970e+02 5.03935840e+00 3.27847000e-04 3.92663019e+01
 1.00000000e+00]","[-0.05265711  0.47918472  0.26589627  0.6930881   0.23058894 -0.00475951
 -0.39147057 -0.00282294  0.10043013]",6277.392822820958,4804.5441852269905,2.4548656141978765e-07,0.0012550263386699402,1349.9688402192146,3996.9065876441873
3,"[9.45297873e-09 3.14126539e+03 3.13788097e+00 2.57605600e+03
 4.92113285e+02 6.21205728e-09 1.17937917e+04 4.10110983e+01
 1.00000000e+00]","[0.03915222 0.10306388 0.23416672 0.69441826 0.60945293 0.10522153
 0.12058948 0.22602519 0.05158016]",3844.7943048412358,3809.2558112292745,2.4548656141978765e-07,0.0012550263386699402,1152.226021573409,2989.757535210977
4,"[3.74635030e+01 1.25519708e+03 6.82372814e+02 8.79380486e+02
 8.36530012e+02 1.29816766e+01 3.05615856e+03 7.37592877e+01
 1.00000000e+00]","[-0.03925529 -0.51739129  0.31925917 -0.53007419  0.54715698 -0.01540919
  0.05998917  0.21000981  0.02322037]",-242.8187926763427,3645.4525216464644,2.4548656141978765e-07,0.0012550263386699402,1001.3683852022782,3051.9497993769114
5,"[5.18037562e-09 1.01879007e+04 2.69163910e+02 8.48830123e+00
 1.40028484e+03 3.71183485e+00 9.64200977e-06 6.16131412e+01
 1.00000000e+00]","[ 0.08945684  0.36466344  0.34781409 -0.52516312  0.56602937 -0.05560598
 -0.21756881  0.26963339  0.13684836]",4613.461926781105,2935.453922620385,2.4548656141978765e-07,0.0012550263386699402,905.6552676900776,2417.485323725007
6,"[2.09020000e+01 2.81383199e+03 9.29327654e+01 1.26849753e+03
 9.63546895e+01 6.15628350e+00 1.68731198e+04 5.76387260e+01
 1.00000000e+00]","[-0.00426749 -0.85024519 -0.04497933 -0.23835272 -0.02269858  0.01128902
  0.46553873 -0.02694769 -0.01160183]",5152.342052734206,2637.783342700192,2.4548656141978765e-07,0.0012550263386699402,831.9343751082288,2202.85295160237
7,"[5.94515298e+00 7.06546678e+03 4.86263670e+01 5.18199417e+02
 3.20228718e+02 1.87246511e-06 1.70921839e+04 3.91510616e+01
 1.00000000e+00]","[ 0.04940339  0.58301808  0.50701741 -0.23443562 -0.01031553 -0.01909419
  0.44533211  0.37571712 -0.07528258]",11645.788014715174,2382.1002776149853,2.4548656141978765e-07,0.0012550263386699402,777.2061285637506,2043.6796376612147
8,"[2.73681179e+01 1.62606547e+03 6.43701637e+01 2.26946210e+03
 2.14507772e+03 8.73498637e+00 2.01288431e-05 4.93716196e+01
 1.00000000e+00]","[-0.04145227 -0.43343931 -0.02577778  0.23792799  0.85743131  0.05818496
 -0.09898975 -0.04416492  0.05305091]",1670.0116572070563,2418.213751348726,2.4548656141978765e-07,0.0012550263386699402,715.3404096365911,1879.9657833955907
9,"[5.22378094e-09 7.79146813e+03 8.79044157e+01 5.27698269e+02
 2.34701938e+03 2.22011802e+00 1.63729478e+03 5.89062243e+01
 1.00000000e+00]","[ 0.01896432  0.2126629   0.2849332  -0.28035629  0.87618795 -0.12890079
  0.09965147  0.01393597  0.01352423]",3754.1967680709313,2101.2230205362903,2.4548656141978765e-07,0.0012550263386699402,692.3215274052425,1869.7666270667937
10,"[1.09977261e+02 1.14979867e+03 6.61167501e+02 4.24313040e+02
 1.62521220e+02 2.52013017e+01 2.68807991e-07 9.81013534e+01
 1.00000000e+00]","[-0.06073521 -0.28451345  0.0712102  -0.67099631 -0.04087865 -0.07304024
 -0.23720763  0.60342016 -0.18074045]",-520.9120480870274,1836.5501228805515,2.4548656141978765e-07,0.0012550263386699402,656.6970308763406,1617.924365708629
11,"[2.06649269e+01 5.02008656e+02 6.64178521e+01 3.85521284e+03
 2.22385915e+02 4.59590282e+00 1.58451141e+03 5.44554502e+01
 1.00000000e+00]","[ 0.01346058 -0.54788327  0.51317082  0.51933694 -0.06304097 -0.19542401
  0.06990875  0.34573347  0.00200278]",1876.1568814541577,1952.4512652708254,2.4548656141978765e-07,0.0012550263386699402,625.3818537534667,1731.6690259171182
12,"[1.81619999e+01 4.09606455e+03 1.25888804e+02 7.80024436e+02
 1.37825734e+02 5.12527884e+00 1.79363645e+04 5.54308877e+01
 1.00000000e+00]","[ 0.06210218 -0.2631977   0.61961004 -0.49171735  0.15542771  0.05353255
  0.2613923   0.453443    0.01441354]",3352.7766933712333,1788.2177147872335,2.4548656141978765e-07,0.0012550263386699402,594.9464034727183,1626.662569297071
13,"[1.16798785e-08 8.89810676e+03 1.53136021e+01 1.72835954e+03
 3.39227981e+02 8.90145992e-02 6.02007885e+03 4.09090546e+01
 1.00000000e+00]","[-0.00431212  0.24298766  0.51500622  0.62066988 -0.3626335   0.03675226
  0.08135927  0.38828163 -0.01549703]",3625.403206390304,1975.2705964399397,2.4548656141978765e-07,0.0012550263386699402,542.3009324280092,1560.658827342687
14,"[9.70938435e+00 1.01879007e+04 4.63065530e+02 2.60963326e+01
 2.51177876e+02 1.15597955e+01 5.40646913e-05 5.68048799e+01
 1.00000000e+00]","[ 0.10050098  0.13649859  0.61834541 -0.18973265 -0.54843892  0.13629208
 -0.04684417  0.41965831 -0.23505302]",1560.4163195014319,1678.0636740728519,2.4548656141978765e-07,0.0012550263386699402,501.19543223218074,1465.5728174144012
15,"[4.46468364e-08 1.00976446e+04 6.16789106e+01 8.37887123e+02
 1.58991600e+03 5.35156707e+00 1.99782099e-04 4.38038062e+01
 1.00000000e+00]","[-0.00081956  0.20233679  0.63973556  0.32443066  0.45987575 -0.00701632
 -0.09983802  0.46399224  0.08803947]",3105.9583188114834,1591.6755660702433,2.4548656141978765e-07,0.0012550263386699402,477.549120484798,1426.8533158390492
16,"[2.08978428e-01 4.95665285e+03 3.09435340e+02 5.18090252e+02
 1.14647831e+03 1.57634794e-01 1.23612809e+04 4.13323547e+01
 1.00000000e+00]","[-0.15759531 -0.03513906  0.56204645 -0.11176743  0.53512194  0.06308574
  0.07884961  0.58956887  0.0373737 ]",1554.4098010791854,1481.480817606106,2.4548656141978765e-07,0.0012550263386699402,454.30739077866014,1423.0880279212674
17,"[2.76200000e+01 6.68003617e+02 7.04705919e+01 2.10017408e+03
 1.22719851e+03 1.23427574e+01 1.93841838e+03 8.84431655e+01
 1.00000000e+00]","[ 0.07040721 -0.5685727   0.05582784  0.01221062  0.53093469  0.15491596
  0.06475305  0.59773218  0.03368598]",483.6065331419151,1402.7976483734344,2.4548656141978765e-07,0.0012550263386699402,439.02077968018,1252.5958677052986
18,"[1.94142046e+01 6.73912211e+02 1.09660328e+03 1.91107287e+03
 2.98316034e+02 2.74675727e+00 1.18485769e-05 5.98099629e+01
 1.00000000e+00]","[ 0.10761927 -0.17385187  0.823789    0.20072918  0.2114317   0.02010005
 -0.09934551  0.42037134 -0.08708692]",1260.090231454788,1324.749407045029,2.4548656141978765e-07,0.0012550263386699402,428.7000557044822,1191.2356425295102
19,"[3.85660000e+01 1.74126332e+03 3.31620981e+02 7.41083437e+02
 1.31167010e+02 1.19654789e+01 1.10657292e+04 9.22546140e+01
 1.00000000e+00]","[-0.06779961 -0.33128247 -0.1818494  -0.65267219  0.09948451 -0.04510831
  0.05958565  0.63569484 -0.08375348]",-393.0243840265585,1279.9180254368298,2.4548656141978765e-07,0.0012550263386699402,419.26988408665136,1171.6010126668352
20,"[6.55632936e+00 3.63047881e+03 6.05923721e+01 1.28494289e+03
 1.24380068e+02 4.15541323e+00 1.78411289e+04 4.92882842e+01
 1.00000000e+00]","[ 0.069176   -0.39895232  0.0080839   0.56699242 -0.13328363  0.01417415
  0.70358738 -0.03061668  0.02383197]",11815.897237967276,1174.7249959710662,2.4548656141978765e-07,0.0012550263386699402,412.17640194588387,1086.6150738428332
21,"[2.30381925e-09 1.01879007e+04 7.59582512e+01 2.61162253e+02
 5.31227732e+02 1.70237484e-01 9.35684326e+03 5.07805867e+01
 1.00000000e+00]","[ 0.00658329  0.58361611  0.06316066 -0.36748445 -0.10701858 -0.0935749
  0.07275331  0.69214609  0.12548434]",6513.794656010957,1246.9114357535154,2.4548656141978765e-07,0.0012550263386699402,394.47677067790005,1115.223409159173
22,"[3.85660000e+01 2.69970002e+03 3.30945138e+02 7.49412333e+02
 2.15607484e+03 1.32345699e+01 8.44619210e-06 6.29152319e+01
 1.00000000e+00]","[-0.03709769 -0.3069744  -0.20537811 -0.7060529   0.59209199 -0.06406369
 -0.01226137  0.04307313 -0.08376695]",-148.89016741943846,1265.5176366878427,2.4548656141978765e-07,0.0012550263386699402,386.7681940988648,1014.175883300144
23,"[2.46410000e+01 3.23124243e+02 5.50456005e+01 3.82397527e+03
 2.45710918e+02 5.35595350e+00 3.19196182e-06 6.13909922e+01
 1.00000000e+00]","[ 0.15948321 -0.63538001 -0.14545552  0.42875215  0.42485268  0.05636417
 -0.39291675  0.11518109  0.12060128]",1542.0385755198695,1026.6559644009585,2.4548656141978765e-07,0.0012550263386699402,381.75329519385775,962.9413112735729
24,"[4.89981023e-09 4.78520048e+03 1.05143741e+03 1.31607258e+03
 4.60619375e+02 3.59133645e+00 5.08183162e+02 5.12607461e+01
 1.00000000e+00]","[-0.04288013  0.08947788  0.77986909  0.22153732  0.1545296  -0.04186488
  0.02595046  0.55130083  0.05140353]",1652.2403970566857,1205.3763376498769,2.4548656141978765e-07,0.0012550263386699402,369.2165777667605,1068.1231254348986
25,"[3.47830000e+01 6.37052176e+02 5.92750148e+02 1.56559366e+03
 1.00068063e+02 9.23111789e+00 6.25255874e+03 7.69773063e+01
 1.00000000e+00]","[ 0.18132354 -0.75334932  0.59453284 -0.04866668 -0.07641027 -0.07026053
  0.10267472  0.10730619 -0.10448466]",444.4418734499884,1187.498563880514,2.4548656141978765e-07,0.0012550263386699402,358.1409119032208,939.6749342400417
26,"[2.37657757e+01 6.36636470e+03 2.71197684e+02 2.03724977e+02
 2.30063230e+03 3.03432192e+00 4.46320081e-06 8.42656360e+01
 1.00000000e+00]","[-0.08215293 -0.01025549 -0.11667416 -0.57967825  0.4150372   0.08573515
 -0.24532566  0.61713809 -0.15118033]",789.9811729943071,962.3554792232881,2.4548656141978765e-07,0.0012550263386699402,353.3929583392596,846.2080302366817
27,"[1.34263212e+01 1.67232541e+03 6.03325666e+01 3.53692425e+03
 1.60129995e+02 8.14315010e-01 7.42405755e+03 3.90803166e+01
 1.00000000e+00]","[ 0.0668967  -0.06230882  0.09995978  0.4344609  -0.14329107  0.08459741
  0.06295368  0.86602134  0.10606143]",1917.8295123586156,972.1358220997154,2.4548656141978765e-07,0.0012550263386699402,354.866495456976,973.4426167038482
28,"[1.14034000e+02 2.24132878e+02 4.32929886e+02 1.22833158e+03
 5.06222358e+01 2.31846210e+01 8.64418353e-06 9.61560494e+01
 1.00000000e+00]","[-0.05160069 -0.66982927 -0.43744463 -0.49959211 -0.19723945  0.09660401
 -0.08471806 -0.18831324 -0.1297739 ]",-985.0448316536751,986.281639396956,2.4548656141978765e-07,0.0012550263386699402,344.2246743282701,867.8323001239526
29,"[8.04858208e-08 1.01879007e+04 9.58521321e-07 1.11934339e+03
 1.21225530e+03 3.66348485e+00 1.73417486e+03 4.09801010e+01
 1.00000000e+00]","[ 0.10026959  0.37482497  0.32876242  0.57029432  0.62342351  0.13675282
  0.07888267  0.02925719 -0.04117348]",5351.238290644076,977.128864616493,2.4548656141978765e-07,0.0012550263386699402,334.7099030819033,835.5915423476035
30,"[9.69978195e+00 7.96866270e+03 2.14039707e+02 1.22959120e+02
 3.70460501e+02 1.15298112e+00 1.38868920e+04 4.71000100e+01
 1.00000000e+00]","[ 0.06195604  0.13677626  0.13178848 -0.49064209 -0.39331108 -0.00511315
  0.07209795  0.74350978 -0.08143206]",1948.8460886687183,988.3985329682725,2.4548656141978765e-07,0.0012550263386699402,332.7337182094717,828.8491062132226
31,"[3.14030000e+01 4.00809548e+03 9.75975338e+02 1.73426767e+02
 3.35008877e+02 6.42823509e+00 1.29443402e+03 2.17057422e+02
 1.00000000e+00]","[ 0.28020657 -0.02240055  0.52164456 -0.35548558 -0.10190835 -0.15374754
  0.02057312  0.6816255  -0.15309885]",505.7780817056133,933.0114695497555,2.4548656141978765e-07,0.0012550263386699402,324.1655766253806,894.1642863349255
32,"[9.70823355e+00 3.52792332e+03 4.29205119e+01 2.10023290e+03
 2.52666164e+03 8.90465487e-01 3.27835586e-05 5.52615679e+01
 1.00000000e+00]","[ 0.13688376  0.03120808  0.13020793  0.38774059  0.5199529   0.09045271
 -0.04535492  0.72711864 -0.06083353]",2285.3092418582405,942.5802300457171,2.4548656141978765e-07,0.0012550263386699402,319.67116302948955,909.7076308612154
33,"[1.65649964e-08 4.35298439e+03 1.48937799e-07 3.77191734e+03
 4.09758822e+02 2.05052814e+00 6.63587139e-05 3.96258147e+01
 1.00000000e+00]","[ 0.17136137  0.23871505  0.18105866  0.8419001   0.26720463  0.15804085
 -0.12026964 -0.12897308  0.21118316]",4319.6144881474465,917.3657886051478,2.4548656141978765e-07,0.0012550263386699402,315.7593558041559,805.8424485442597
34,"[2.81019998e+01 3.22341642e+03 8.67602805e+01 1.30188365e+03
 1.58465429e+03 1.99114807e+00 9.46375220e+03 4.50371729e+01
 1.00000000e+00]","[ 0.11131037 -0.22800602 -0.12731644 -0.02106188  0.93682603 -0.14464259
  0.13015605  0.00870392  0.05821795]",1946.1757762031557,1065.3129438589442,2.4548656141978765e-07,0.0012550263386699402,313.6252833620906,742.2306160172702
35,"[1.29876387e-01 1.01879007e+04 2.96900000e+01 8.36333780e+02
 2.61181703e+02 2.30601406e+00 2.20639061e-05 3.14159913e+02
 1.00000000e+00]","[-0.02787855  0.14028311 -0.0058413   0.07655068 -0.50586986  0.15886141
 -0.09660022  0.82483686 -0.05310931]",1620.3551932661237,905.0105921530399,2.4548656141978765e-07,0.0012550263386699402,312.735743834825,728.1736223801199
36,"[6.63590536e+00 5.99994065e+03 8.08581988e+01 5.84935370e+02
 2.53216741e+02 9.34805747e-01 1.81141629e+04 4.10611218e+01
 1.00000000e+00]","[ 0.16196222  0.10911414 -0.09131203 -0.82055544  0.3900659  -0.04799842
  0.35074009 -0.00149345 -0.05231751]",6620.373721401867,889.432628201519,2.4548656141978765e-07,0.0012550263386699402,305.6754097233697,785.3769288152953
37,"[3.14030000e+01 3.96503449e+03 1.00811814e+02 6.55821162e+02
 6.02918920e+02 4.78210884e+00 5.13764142e+03 5.46348991e+02
 1.00000000e+00]","[ 0.05255769 -0.091595   -0.17405333 -0.35841925  0.24473277  0.20414651
  0.03584217  0.8490635   0.07953434]",182.50657572374666,887.4876581101277,2.4548656141978765e-07,0.0012550263386699402,295.25596476419724,743.8377250442588
38,"[2.76200000e+01 1.98083562e+03 8.58820505e+02 9.25134850e+02
 1.76332898e+02 2.83126058e+00 9.64573851e+03 5.20263073e+01
 1.00000000e+00]","[ 0.22641483 -0.17076321  0.93789508 -0.0745711  -0.04636072  0.04451427
  0.07557774 -0.1256467   0.09347886]",1119.0057454089742,919.6037885133752,2.4548656141978765e-07,0.0012550263386699402,293.1576172299683,743.6026928580029
39,"[2.73948772e+01 1.21836980e+03 1.24030059e+02 2.00070962e+03
 8.45645047e+01 1.03520444e+01 9.84998786e-05 6.56741367e+02
 1.00000000e+00]","[ 0.13074183 -0.14658801  0.28448653  0.11028281 -0.20065229  0.00731635
  0.01921381  0.90919499  0.03168717]",661.1573229137668,829.5482943399409,2.4548656141978765e-07,0.0012550263386699402,291.27399698510993,793.0408354776791
40,"[1.92497408e+01 1.24194963e+03 6.53913034e+01 3.07053950e+03
 1.49948770e+03 3.37114269e+00 5.19273564e+02 4.54970822e+01
 1.00000000e+00]","[-0.19901647 -0.27355852  0.53760739  0.46350625  0.59380986  0.04268996
  0.05850321 -0.13181037  0.08043162]",2029.809279208168,864.910073777085,2.4548656141978765e-07,0.0012550263386699402,287.0300630113081,729.6982365350332
41,"[2.76200000e+01 1.28976955e+03 7.03045627e+01 1.58208289e+03
 2.45115992e+01 1.11605221e+01 1.23894254e+04 8.44845453e+01
 1.00000000e+00]","[-0.05237683 -0.87868531 -0.17525873 -0.30664435  0.03559281  0.10605906
  0.17769201 -0.2179988  -0.09385689]",552.8401972294405,892.0243411737089,2.4548656141978765e-07,0.0012550263386699402,283.2424814870899,716.1907702332331
42,"[5.94300001e+00 5.99466076e+03 2.77748079e+01 7.67455262e+02
 2.66699726e+02 2.65016398e-01 1.81937114e+04 3.91716360e+01
 1.00000000e+00]","[ 0.01386293  0.46112414 -0.05688995  0.66522358  0.17718085  0.21697882
  0.50764542 -0.01090715  0.07153862]",12556.224444699623,731.5522589930933,2.4548656141978765e-07,0.0012550263386699402,279.3477793844567,658.4586216808416
43,"[3.30100001e+00 9.76776534e+03 1.16713399e-08 4.63324052e+02
 7.15762592e+02 3.71788033e-01 1.41001795e+02 4.54369173e+02
 1.00000000e+00]","[ 0.24795918  0.10526629 -0.23540165 -0.09677448  0.24606317  0.12506821
  0.01758216  0.88665115 -0.00273639]",1565.7095872078983,842.0357252546703,2.4548656141978765e-07,0.0012550263386699402,272.1223092464416,696.319147040462
44,"[3.14030000e+01 3.53987633e+03 1.11769078e+03 2.36413261e+02
 7.14054856e+02 9.87113276e+00 1.03286247e-06 5.49495405e+01
 1.00000000e+00]","[ 0.06526073 -0.06129922  0.83267117 -0.39707066  0.24716975  0.12670214
 -0.15295488 -0.19845857  0.03239968]",788.7244749492924,904.8526111918077,2.4548656141978765e-07,0.0012550263386699402,266.3392906315161,668.4086292795121
45,"[1.14034000e+02 5.23592304e+03 6.00986897e-08 2.31264136e-08
 1.88634713e+02 3.52891216e+01 1.60281456e-05 1.17358423e+02
 1.00000000e+00]","[-0.05103124 -0.04594014 -0.67068949 -0.67268882 -0.17754985  0.05696202
 -0.08959104  0.20634452  0.0870485 ]",-253.53694960056416,771.8150765186242,2.4548656141978765e-07,0.0012550263386699402,264.7074097478759,731.8116029271714
46,"[8.17664531e+00 2.72784561e+03 6.55705092e+01 1.92607561e+03
 1.11937498e+02 3.01662023e+00 1.58866139e+04 4.21419863e+01
 1.00000000e+00]","[-0.00887688 -0.22990826  0.74984952  0.55345034 -0.11292558  0.13127097
  0.20806555  0.06024454  0.03971001]",3783.7193325398307,739.013589317196,2.4548656141978765e-07,0.0012550263386699402,262.6288407626205,637.1691449869445
47,"[3.87603029e+01 4.93040043e+02 1.14705134e+02 1.68653589e+03
 8.51012344e+00 1.67342387e+01 6.97187451e+03 9.75997996e+01
 1.00000000e+00]","[ 0.20393893 -0.76200912 -0.28088192 -0.31059242  0.09862469  0.39286104
  0.06971139 -0.1186356   0.1392408 ]",-441.8471372482575,694.3147940700375,2.4548656141978765e-07,0.0012550263386699402,259.56043254264915,710.9878477662425
48,"[2.76200000e+01 1.61186734e+03 7.13955974e+02 1.29485020e+03
 1.58991606e+03 8.40936403e+00 2.20034825e+02 4.58478187e+01
 1.00000000e+00]","[-0.0086994  -0.23798889  0.75833819 -0.06029131  0.5613312   0.20924925
  0.03412199 -0.02344105 -0.06310309]",980.1044108718918,734.5431553941133,2.4548656141978765e-07,0.0012550263386699402,259.13927493586004,667.6495288750571
49,"[3.09210000e+01 4.67694484e+03 4.13395698e+02 2.13160694e+02
 1.40885320e+02 8.33222021e+00 1.40967663e+04 4.97965193e+01
 1.00000000e+00]","[-0.17618804 -0.05387476  0.58429718 -0.62917061 -0.40962037  0.23412225
  0.05260851  0.04903385 -0.03197452]",538.2751537593589,702.666673479652,2.4548656141978765e-07,0.0012550263386699402,258.3348882328636,662.0495750828304
50,"[1.62697774e+01 2.50256712e+03 1.49141526e+02 1.57362471e+03
 3.26493675e+02 2.72790613e+00 1.53937655e+04 4.25540057e+01
 1.00000000e+00]","[-0.05584776 -0.27258728  0.69280633  0.18233608  0.58637807  0.14707554
  0.12037809 -0.0882109   0.14699536]",1748.4934148637494,713.1458726953344,2.4548656141978765e-07,0.0012550263386699402,256.97925546240214,599.8867909387684
51,"[1.92388625e+01 9.20224981e+02 6.52657012e+02 3.09897961e+03
 1.80874050e+02 7.34964416e+00 5.30747508e-04 4.57032731e+01
 1.00000000e+00]","[ 0.01791583 -0.08039388  0.72018846  0.34613859 -0.51568596  0.2953666
 -0.01502794 -0.02953925  0.02146324]",1376.644752663182,708.5788556302898,2.4548656141978765e-07,0.0012550263386699402,254.85964014456343,610.5453558548937
52,"[2.74682970e-08 6.73626373e+03 3.14688274e+01 1.12638434e+03
 2.63919548e+03 1.71059298e+00 2.73066173e+02 5.44352382e+01
 1.00000000e+00]","[ 0.25340943  0.21268958  0.14774871  0.4946747   0.74541505  0.1910479
  0.07418583 -0.08965812  0.13538485]",3977.711703375303,746.8451360234617,2.4548656141978765e-07,0.0012550263386699402,251.20344953885913,630.1301734537269
53,"[1.73234250e-01 8.53214388e+03 1.85000017e+00 2.37219262e+03
 2.42559208e+02 4.86456295e-01 2.97571312e-04 6.04096743e+01
 1.00000000e+00]","[ 0.27897983  0.12316727 -0.00148895  0.34577428 -0.2936531   0.37294019
 -0.06993116  0.74311377  0.07080288]",1845.084852055006,690.1851697067207,2.4548656141978765e-07,0.0012550263386699402,252.71684023659284,595.5014486043397
54,"[1.35177308e-08 2.52347079e+03 1.57242866e+01 3.60445390e+03
 4.95758112e+02 6.63651169e-09 5.91298108e+03 4.09385747e+01
 1.00000000e+00]","[ 0.14180318  0.04791965  0.10397074  0.41922383  0.35210268 -0.19128042
  0.05687537  0.79181817  0.01617762]",2176.9245187528913,656.9429265462027,2.4548656141978765e-07,0.0012550263386699402,247.6586826461712,530.6809159988732
55,"[1.64782717e-01 1.01879007e+04 1.16651910e+02 4.47810710e+02
 2.55846379e+02 1.79190946e+00 7.59254133e+03 4.43665124e+01
 1.00000000e+00]","[-0.07874074  0.24522101  0.49646581 -0.01733972 -0.80333838  0.17975823
  0.04592066 -0.06115863 -0.05807694]",2689.09696825536,664.4757571545947,2.4548656141978765e-07,0.0012550263386699402,246.48522158636285,575.2924188473014
56,"[3.74267182e+01 5.36496350e+02 1.09079098e+03 1.17817780e+03
 1.93937231e+02 1.07443058e+01 6.81473917e-08 6.73885027e+01
 1.00000000e+00]","[-0.29456308 -0.44716038  0.68114975 -0.36571478 -0.10727285  0.09694305
 -0.22452499 -0.1336757  -0.1624248 ]",32.2572774654042,630.324904509247,2.4548656141978765e-07,0.0012550263386699402,244.90176137460827,593.7859090605925
57,"[1.14034000e+02 1.38800740e+03 1.01911696e+02 8.36875286e+02
 8.16961181e+02 2.71560996e+01 1.05785140e-03 9.60771149e+01
 1.00000000e+00]","[-0.15315618 -0.25826376 -0.73114745 -0.56640011  0.13255876 -0.18198528
 -0.00148883 -0.05450511  0.02817521]",-826.310925091025,722.4061075514338,2.4548656141978765e-07,0.0012550263386699402,242.59840687947838,566.9427748779112
58,"[4.54140000e+01 4.75174135e+02 7.36141037e+01 1.78426085e+03
 5.96642558e+01 1.77900321e+01 6.37421851e-06 4.53913537e+02
 1.00000000e+00]","[-0.02206159 -0.4209789  -0.43488162 -0.28219972  0.20433242  0.09578033
 -0.13815148  0.69533878 -0.00488746]",-407.05745610603185,627.8378935200354,2.4548656141978765e-07,0.0012550263386699402,239.4127332172962,526.7839865920484
59,"[3.09210000e+01 4.04878405e+03 3.77824273e+02 3.73088130e+02
 1.85118121e+03 6.63588667e+00 4.15154358e+03 5.85105133e+01
 1.00000000e+00]","[-0.04406806 -0.16547558  0.39203447 -0.73875955  0.50638868  0.06173449
  0.0579275   0.08648977 -0.01193404]",384.5242375979681,659.4725238861924,2.4548656141978765e-07,0.0012550263386699402,238.8036464881399,553.6468524189282
60,"[2.76200001e+01 4.21285056e+02 2.13186508e+02 2.07523439e+03
 1.08577533e+03 1.47578761e+01 8.56951490e-05 9.36384039e+01
 1.00000000e+00]","[ 0.20153378 -0.7333858   0.22361401  0.01058354  0.5577032  -0.13393357
 -0.18919213 -0.00285889  0.08149396]",369.6142892674161,609.1064582278815,2.4548656141978765e-07,0.0012550263386699402,238.5349504532937,631.2467083714278
61,"[5.50103472e-09 6.85912562e+03 3.28655826e+01 7.56825075e+02
 3.05405313e+02 3.82334636e-09 1.70034578e+04 4.10235801e+01
 1.00000000e+00]","[ 0.02799041  0.10037497  0.32480654  0.18606373 -0.18375432  0.05021756
  0.05079523  0.89440843  0.10093735]",1684.3450558287414,608.7214083541435,2.4548656141978765e-07,0.0012550263386699402,235.28135451252945,587.7788306919222
62,"[2.48800000e+01 6.12324079e+02 6.41813525e+01 2.81954448e+03
 1.35920312e+02 7.44294371e+00 7.04112272e+03 6.63339066e+01
 1.00000000e+00]","[-0.10451654 -0.91294724 -0.0182306   0.31288297  0.12872428  0.05476624
  0.1253438  -0.07338282 -0.12926767]",1214.8653322207924,702.041376765357,2.4548656141978765e-07,0.0012550263386699402,226.1919285468675,588.9294996753686
63,"[2.59610032e-08 6.23973210e+03 6.19129583e+02 3.72535241e+02
 1.89254426e+03 5.45278632e+00 3.79737921e-05 5.13078451e+01
 1.00000000e+00]","[ 0.11419992  0.07995528  0.91071359  0.01781316  0.36810183  0.01373568
 -0.09316705 -0.07219369 -0.0356277 ]",1762.3694251573686,599.7266327048721,2.4548656141978765e-07,0.0012550263386699402,225.99024549463613,527.9364506272582
64,"[2.14599077e-01 6.08039345e+03 4.44820649e+01 7.69812231e+02
 1.54382381e+03 1.30554264e-10 1.10350875e+04 4.09354152e+01
 1.00000000e+00]","[-0.00841018  0.11993698 -0.00904076  0.00177902  0.96335616  0.12916436
  0.13626253 -0.14671794  0.02504673]",3715.169829594926,600.5136825381906,2.4548656141978765e-07,0.0012550263386699402,225.95515920814822,547.4162705357003
65,"[3.74635029e+01 1.27302582e+03 5.91445393e+02 1.24225558e+03
 1.46378136e+03 9.39975535e+00 1.01820880e-06 7.61772930e+01
 1.00000000e+00]","[ 0.24352107 -0.20835312  0.21984617 -0.14628234  0.29701896  0.0279573
 -0.17695606  0.84031687 -0.03328431]",191.20460226393263,605.7790882325398,2.4548656141978765e-07,0.0012550263386699402,222.97112000284184,539.1881035583538
66,"[2.69531745e-09 5.36160896e+03 9.46214543e-09 2.84549982e+03
 7.63746912e+02 2.66996135e+00 4.50956635e+03 4.25538491e+01
 1.00000000e+00]","[-0.08450701  0.21723756 -0.12985275  0.74067297  0.56795255 -0.02004358
  0.07670556 -0.03282041  0.22422188]",4050.7825468474507,678.6262616502231,2.4548656141978765e-07,0.0012550263386699402,224.1477280566797,570.7487552259367
67,"[5.94300001e+00 4.17695728e+03 2.60408868e+01 1.52307353e+03
 1.75438395e+02 8.79302741e-01 1.72594847e+04 3.91609999e+01
 1.00000000e+00]","[ 0.08360554  0.18006191 -0.10470181  0.91903243 -0.21360554 -0.04674529
  0.21927354  0.09525061  0.00622324]",5900.404144965931,631.0010443004558,2.4548656141978765e-07,0.0012550263386699402,222.21836572733724,482.193963487412
68,"[8.46674664e+00 4.03501698e+03 6.33334617e+01 1.01383311e+03
 2.09867418e+02 4.06998689e+00 1.80517463e+04 4.94673103e+01
 1.00000000e+00]","[-0.03018692 -0.30455427 -0.1957362  -0.17108199  0.75743763  0.23178692
  0.45707685 -0.02680334  0.04097726]",6994.672838087212,566.2663263592049,2.4548656141978765e-07,0.0012550263386699402,216.57796623196074,530.8105678520112
69,"[3.14030000e+01 2.23614727e+03 1.02211956e+02 1.14223701e+03
 1.04791209e+03 7.94982236e+00 1.01169407e+04 7.02670429e+01
 1.00000000e+00]","[-0.10506507 -0.42989026 -0.28740907 -0.45343215  0.70003165 -0.05143964
  0.10787874 -0.03045009  0.10341967]",310.62842653194406,584.8189193080846,2.4548656141978765e-07,0.0012550263386699402,212.91723639333765,532.340884988525
70,"[3.14030000e+01 5.63752985e+03 3.55079305e+02 3.87611677e+01
 3.22042673e+02 8.43127011e+00 2.36284718e-06 5.70589701e+02
 1.00000000e+00]","[ 0.08674244 -0.01757743 -0.03021707 -0.55877556 -0.05293315  0.19160946
 -0.05985239  0.79743724  0.00436114]",310.8250370383161,582.3003771930415,2.4548656141978765e-07,0.0012550263386699402,211.8844592919806,485.58071320339513
71,"[5.94300004e+00 2.44378692e+03 2.12117295e+02 3.19281053e+03
 1.73718760e+02 7.20454690e-08 7.63199555e+03 3.90458498e+01
 1.00000000e+00]","[ 0.16941376  0.0901447   0.7909371   0.40273284 -0.34648295  0.10194353
  0.05247574 -0.13345009  0.1561798 ]",2010.1718747433802,572.4562695453596,2.4548656141978765e-07,0.0012550263386699402,213.03569063106366,506.73071022792215
72,"[4.30425963e+01 3.83657801e+03 3.10555473e+02 2.34134884e+02
 8.51792540e+01 1.02436613e+01 1.24577290e+04 8.20433340e+01
 1.00000000e+00]","[ 0.09996904 -0.12798638 -0.41795034 -0.81072486 -0.30816732 -0.14260514
  0.04440197 -0.02971765 -0.15333098]",-283.49655444228745,533.3419934158613,2.4548656141978765e-07,0.0012550263386699402,210.34629666618375,471.5031488029906
73,"[1.69648342e+01 5.79884198e+03 1.42388546e+02 4.47815855e+02
 7.77629692e+02 1.79575104e-02 1.52190296e+04 3.93129080e+01
 1.00000000e+00]","[ 0.00263801 -0.00395921 -0.06079929 -0.75322828  0.62886318 -0.01704433
  0.11331763 -0.04335474 -0.13582361]",1842.8878047272974,557.6841528668135,2.4548656141978765e-07,0.0012550263386699402,209.43840126572715,484.30116080596326
74,"[3.85660000e+01 1.26129202e+03 9.98896129e+01 1.61105562e+03
 1.84041345e+03 1.54770559e+01 4.15415665e-07 7.35931658e+01
 1.00000000e+00]","[ 0.07407777 -0.49053317 -0.36979758 -0.39646971  0.58520203  0.20156507
 -0.06555768 -0.01891526 -0.26871121]",-213.04979825233704,564.208017070091,2.4548656141978765e-07,0.0012550263386699402,210.43801616645885,488.6542477921089
75,"[2.18598359e+01 4.61631847e+03 1.14898328e+03 2.77993872e+02
 2.26830508e+02 1.23596706e+01 4.17955181e-06 5.75544061e+01
 1.00000000e+00]","[-0.08536678  0.03312113  0.7832176  -0.20855704 -0.56078429  0.04293366
 -0.10219682 -0.07497421 -0.04797937]",861.9224985117656,557.9928684052326,2.4548656141978765e-07,0.0012550263386699402,207.23733609291673,494.8924819302638
76,"[2.76200000e+01 2.03947287e+03 9.29326001e+01 1.39633363e+03
 6.23821080e+01 8.94679877e+00 1.50080161e+04 7.01146980e+01
 1.00000000e+00]","[ 0.19127887 -0.62157028  0.28376007 -0.08058483 -0.06262315  0.02044905
  0.21652936  0.66215634 -0.01932057]",1943.8148075916674,554.4103217844306,2.4548656141978765e-07,0.0012550263386699402,207.62642003717232,514.4214232863717
77,"[2.57589779e+01 2.24879686e+03 9.43319767e+01 1.47669785e+03
 1.18264427e+03 5.86083094e+00 9.90631398e+03 5.92161998e+01
 1.00000000e+00]","[-0.23049691 -0.13403746  0.14059168  0.00739709  0.34076457  0.1019771
  0.05074587  0.88246462 -0.03529351]",675.3515747444366,512.4228441553524,2.4548656141978765e-07,0.0012550263386699402,206.71204490072907,479.6903549838371
78,"[2.17464775e+01 7.41888875e+03 4.27220500e+02 1.10930606e+01
 1.78228780e+03 6.57358571e+00 1.13710573e+03 5.95719670e+01
 1.00000000e+00]","[ 0.17328137  0.0542967   0.70295066 -0.574757    0.3754736   0.00446893
  0.03520101  0.00769157  0.01554123]",1410.2609292961713,556.1133048441436,2.4548656141978765e-07,0.0012550263386699402,205.14021623304012,450.9882182939018
79,"[9.30630000e+01 2.12509817e+03 8.21575743e+02 3.88070201e+02
 1.96980179e+02 1.49136638e+01 5.30757865e+03 5.40852174e+01
 1.00000000e+00]","[-0.18211439 -0.19887365  0.50328432 -0.70411006 -0.05003314  0.1372633
  0.04109352 -0.12402688 -0.3739006 ]",-96.11538852055001,526.0038891047625,2.4548656141978765e-07,0.0012550263386699402,205.48366785981182,480.10399428540586
80,"[2.57592405e+01 1.13034315e+02 5.92959390e+02 2.35178859e+03
 2.18856766e+02 8.55597267e+00 5.81901831e+02 6.75506287e+01
 1.00000000e+00]","[ 0.02072345 -0.71447349  0.51056835  0.18675476  0.37137203  0.04014522
  0.05856068 -0.17509487  0.1411538 ]",765.738523236905,599.562609358072,2.4548656141978765e-07,0.0012550263386699402,204.43661807425636,494.6276855581043
81,"[2.91555395e+01 4.62509692e+03 1.23073991e+02 7.60180147e+02
 2.47012698e+03 4.60447926e+00 3.14765255e+03 5.21881847e+01
 1.00000000e+00]","[-0.11559189 -0.09353619  0.05387162 -0.46083085  0.76776394  0.252915
  0.08414088  0.07410668  0.31084293]",1386.9951993255333,494.3168957061994,2.4548656141978765e-07,0.0012550263386699402,204.41312750936618,471.2826824958797
82,"[9.90361890e+00 1.01879007e+04 3.42552929e+02 9.83320946e+02
 2.20567616e+02 3.95607124e+00 6.10081582e-05 4.31494657e+01
 1.00000000e+00]","[ 0.29916693  0.1274949   0.59451732  0.20846499 -0.5488519   0.3426794
 -0.01104125  0.14840627 -0.23774312]",1596.9724471160825,521.3238463342525,2.4548656141978765e-07,0.0012550263386699402,204.15876991415087,453.9556038689552
83,"[4.70820558e-02 8.39748410e+03 3.83962115e+01 4.48453780e+02
 4.33788540e+02 1.03562379e-09 1.49107757e+04 4.08015314e+01
 1.00000000e+00]","[ 0.26640166  0.60230545 -0.24032969 -0.33004583  0.47831055  0.21306916
  0.34750053 -0.06765052 -0.00755188]",10286.845250124083,497.64207927383177,2.4548656141978765e-07,0.0012550263386699402,200.93601047768965,533.8021868268634
84,"[3.93349786e+01 1.01879007e+04 1.27907557e+01 3.78673364e+00
 2.49607350e+02 1.13934735e+01 5.69264305e-05 1.16762054e+02
 1.00000000e+00]","[ 0.29181391  0.07865482 -0.2854813  -0.45517877 -0.45678986  0.28826065
 -0.00126997  0.5543373  -0.14466563]",761.2778953700888,540.6535222257161,2.4548656141978765e-07,0.0012550263386699402,199.30342617802538,453.9270302719069
85,"[3.02319190e+01 2.95488085e+03 3.36634663e+02 7.11378451e+02
 5.34322471e+01 7.89991667e+00 1.51937031e+04 6.29474787e+01
 1.00000000e+00]","[ 0.35525161 -0.34258454  0.48746144 -0.64330141 -0.17841779  0.12286737
  0.14230004  0.18863819 -0.0470511 ]",870.2382416348198,504.7052456978354,2.4548656141978765e-07,0.0012550263386699402,195.62597551514122,446.37233729517254
86,"[1.11988081e+01 2.23348950e+03 5.89383792e+02 1.88734864e+03
 1.75279919e+03 2.88702630e+00 8.30211451e-06 4.68884859e+01
 1.00000000e+00]","[ 0.03498113 -0.01682196  0.7951993   0.24818421  0.41181307 -0.06213428
 -0.35212176 -0.07996936 -0.02684223]",1617.7775363900143,487.9161691254337,2.4548656141978765e-07,0.0012550263386699402,193.83336926230447,475.6244272881819
87,"[2.76200000e+01 3.05213092e+03 9.49793251e+01 1.43349082e+03
 2.68971240e+03 7.08984447e+00 2.66939927e-06 4.82649745e+01
 1.00000000e+00]","[-0.16655142 -0.24296531 -0.06538338 -0.16952573  0.92285313  0.15324857
 -0.06226071 -0.00102535 -0.034555  ]",1487.8262576260654,490.60611483735147,2.4548656141978765e-07,0.0012550263386699402,193.62190736079688,485.50201026279046
88,"[5.94300037e+00 4.02286807e+03 5.97217823e+01 1.71802444e+03
 1.99656792e+03 3.18831961e-08 6.30082638e+03 3.91154298e+01
 1.00000000e+00]","[ 0.2875961   0.0596777   0.60439667  0.38270813  0.54794364 -0.25805817
  0.08197063  0.01807845  0.16758263]",2546.7464235144976,564.6516781030668,2.4548656141978765e-07,0.0012550263386699402,191.92618605276792,431.02134466350867
89,"[2.57875602e+01 5.72340782e+03 7.26933848e+02 7.59167691e+00
 2.53070510e+02 1.11444560e+01 6.90115310e+03 5.48538322e+01
 1.00000000e+00]","[-0.12799765  0.03233916  0.5960218  -0.54762891 -0.45987732  0.31869126
  0.02703439 -0.03978785  0.10984613]",682.5664559641085,475.5517130724678,2.4548656141978765e-07,0.0012550263386699402,191.6616350819103,454.8485810413475
90,"[3.11843409e+01 5.90420319e+02 5.50528144e+01 2.70198889e+03
 1.64131117e+02 9.59779603e+00 1.62957124e-05 4.38601889e+02
 1.00000000e+00]","[ 0.18336463 -0.24272775 -0.06626823  0.12937168  0.24290321  0.32104906
 -0.17620918  0.83184366 -0.03527207]",616.0815529455851,475.92844527869136,2.4548656141978765e-07,0.0012550263386699402,190.91586428868757,473.9971670194157
91,"[6.42771369e-08 1.01879007e+04 1.41968097e+01 4.92608791e+02
 1.72789884e+03 4.53984701e+00 7.33447412e-05 5.07857872e+01
 1.00000000e+00]","[ 0.3598998   0.31500243 -0.26824577 -0.15771535  0.76720682  0.23157203
 -0.06716665 -0.13663851  0.09488064]",4447.575883408279,465.3071000171285,2.4548656141978765e-07,0.0012550263386699402,191.16255176409985,456.6677706857967
92,"[6.16640594e+00 5.28600610e+03 5.72067023e+02 3.92315358e+02
 2.86910327e+02 3.56994497e-02 1.42242678e+04 3.91249746e+01
 1.00000000e+00]","[ 0.10186914  0.06542482  0.98340315 -0.02996263 -0.04268274 -0.01028058
  0.07157099 -0.06872877 -0.07476089]",1900.316555818927,493.03568074251416,2.4548656141978765e-07,0.0012550263386699402,185.83401231439342,409.9218213845388
93,"[2.43946124e+01 1.10303650e+03 5.45352772e+01 2.97002591e+03
 2.21271520e+02 2.89545907e+00 9.04853603e+03 4.67343234e+01
 1.00000000e+00]","[ 0.15489093 -0.54044507 -0.2021044   0.54439608  0.49483033 -0.08381497
  0.13867575 -0.16785057 -0.21777938]",2369.4960288069924,474.64292119274205,2.4548656141978765e-07,0.0012550263386699402,185.59975626788258,425.8950790214949
94,"[1.10450449e+02 2.27903806e+03 3.45339970e+02 3.88483803e+02
 6.51604690e+01 2.37679202e+01 1.34980759e-05 3.86113132e+02
 1.00000000e+00]","[-0.16141639 -0.11346303 -0.34321876 -0.50564631 -0.51079695 -0.01975991
 -0.00103339  0.56849895 -0.05565511]",-405.6817955788006,538.603762027656,2.4548656141978765e-07,0.0012550263386699402,186.64395833941887,454.7119668925003
95,"[1.06843059e-08 1.01879007e+04 3.62887475e+00 5.91304087e+02
 4.75085778e+02 1.99598622e-01 9.62611832e+03 4.53357335e+01
 1.00000000e+00]","[ 0.02994417  0.71052637 -0.02944918  0.60555993 -0.21610986  0.20021456
  0.15362061 -0.12748211 -0.00672426]",8967.088516462076,460.8584254923171,2.4548656141978765e-07,0.0012550263386699402,187.03499973295297,439.32176758148034
96,"[1.54458599e-09 9.41241955e+03 5.01798400e+01 3.71551874e+02
 4.92512874e+02 6.16082835e-02 1.23767561e+04 4.46525129e+01
 1.00000000e+00]","[-0.20689109  0.72445106  0.15182392 -0.56145635 -0.05239012  0.12696964
  0.23777375 -0.12162714  0.06234956]",9529.549802972117,463.42036191678744,2.4548656141978765e-07,0.0012550263386699402,183.93431998328387,412.66641547257916
97,"[1.07074000e+02 1.08827409e+03 1.57007553e+02 9.95271260e+02
 7.81182753e+01 1.62725077e+01 6.41896453e+03 1.68125031e+02
 1.00000000e+00]","[ 0.184254   -0.40188347 -0.33441298 -0.40840636 -0.03411722 -0.02086191
  0.03545494  0.70388798  0.16612589]",-533.5243817569313,490.06081343545327,2.4548656141978765e-07,0.0012550263386699402,184.4221995465395,455.14138224367707
98,"[3.91779683e-08 8.17635174e+03 2.40252641e-07 1.12294743e+03
 4.97191647e+02 1.72197304e+00 1.23716216e+04 4.12018399e+01
 1.00000000e+00]","[ 0.31364844  0.22331116 -0.07538628  0.61536381  0.60356916  0.16289264
  0.10978225 -0.21613165  0.13344027]",4166.6747338434725,486.74854052767887,2.4548656141978765e-07,0.0012550263386699402,181.3137438837045,423.07775482724264
99,"[2.76200000e+01 7.34399747e+01 7.01278695e+02 1.81947697e+03
 1.26645992e+02 1.42354232e+01 3.82689302e-06 8.94472322e+01
 1.00000000e+00]","[-0.22343806 -0.63658116  0.40336912  0.06916571 -0.33390204 -0.25127873
 -0.24755931  0.34300365  0.15420972]",340.76824792780354,431.313810304726,2.4548656141978765e-07,0.0012550263386699402,181.08284741156018,400.89597398703427
100,"[1.68783170e+01 1.95447220e+03 5.62258365e+01 2.62117353e+03
 1.40318156e+03 1.17252826e+00 5.65382514e+03 3.96766048e+01
 1.00000000e+00]","[-0.2717504  -0.19023023 -0.17681594  0.43513881  0.76181736  0.16331816
  0.10691418  0.21376059 -0.072054  ]",2436.289172277029,445.5181027556346,2.4548656141978765e-07,0.0012550263386699402,179.37465414315253,391.41181740673346
101,"[7.66370595e+01 9.07581692e+02 5.79078476e+02 7.51795585e+02
 8.71737992e+01 1.73141008e+01 4.28183327e+03 9.60074825e+01
 1.00000000e+00]","[ 0.07211335 -0.56670578  0.31233208 -0.60222136 -0.27003959  0.23543278
  0.05391901 -0.17275137 -0.22874017]",-586.0938338013898,453.00650489400607,2.4548656141978765e-07,0.0012550263386699402,180.40872674047284,387.27864158468674
102,"[1.09161051e+02 3.83116296e+03 3.56637754e+02 3.74794470e+01
 1.32939677e+03 1.66182903e+01 2.86323570e-05 8.04087988e+01
 1.00000000e+00]","[ 0.14403086 -0.13037093 -0.4059416  -0.75729188  0.2170631  -0.19154607
 -0.02244577 -0.33747255 -0.16056504]",-398.8232087323554,494.53654674580963,2.4548656141978765e-07,0.0012550263386699402,179.82144202668326,409.41212385687413
103,"[1.96210242e+01 7.31576209e+02 8.03990439e+02 2.63659352e+03
 3.38555320e+02 4.61382675e-01 6.71479361e+02 5.78849220e+01
 1.00000000e+00]","[ 0.15297744 -0.18800092  0.63861693  0.2559517   0.33916118  0.0194982
  0.03285472  0.57294102 -0.15218205]",1223.6546199099157,434.70085205670375,2.4548656141978765e-07,0.0012550263386699402,178.68339473059262,375.78156683196175
104,"[1.86440000e+01 3.69309227e+03 1.05634513e+02 9.13480036e+02
 4.34653792e+02 2.75832888e+00 1.71303400e+04 4.84738513e+01
 1.00000000e+00]","[-0.05491205 -0.24694389 -0.21691151 -0.33748967  0.86267318 -0.03566089
  0.15080536  0.05339161  0.06311784]",1716.6503245947679,407.4144954353503,2.4548656141978765e-07,0.0012550263386699402,176.77276979270175,418.620124775897
105,"[2.31289886e+01 4.35012128e+03 3.85094585e+02 4.84212522e+02
 2.42494436e+03 5.58327579e+00 1.86279112e-05 6.79757721e+01
 1.00000000e+00]","[-0.24213238 -0.04245326  0.48519096 -0.20570773  0.37233258  0.06358689
 -0.0514191   0.71756982 -0.04023031]",848.9389936257122,449.02099737203093,2.4548656141978765e-07,0.0012550263386699402,177.37461750468728,381.7985301679264
106,"[1.09977261e+02 2.14027864e+03 7.09501200e+02 1.37344599e+02
 3.61221687e+02 2.22029727e+01 2.46992424e+02 8.99205124e+01
 1.00000000e+00]","[-0.0649624  -0.18839477  0.20266892 -0.77082321  0.23318153  0.1404659
  0.02429244  0.44591634 -0.22695458]",-239.21715482634505,433.1224757362079,2.4548656141978765e-07,0.0012550263386699402,178.22939525648852,376.715133564976
107,"[3.85660000e+01 2.98345866e+02 1.69479944e+02 1.78152986e+03
 8.39520991e+02 1.88402119e+01 3.52604079e+01 9.89130694e+01
 1.00000000e+00]","[-0.07566894 -0.75006325 -0.31282857 -0.37069036  0.34573169  0.17006724
  0.03385155 -0.14222314 -0.1630327 ]",-659.6946668763172,423.0171183246409,2.4548656141978765e-07,0.0012550263386699402,176.77969322792114,389.8502842267608
108,"[1.10111011e+01 1.01879007e+04 1.21134230e-07 1.39194256e+03
 1.27323605e+02 8.91295735e+00 1.61404659e+02 4.57593868e+01
 1.00000000e+00]","[ 0.04423696  0.17818069 -0.15787132  0.19772324 -0.91986532  0.21629995
  0.01389649 -0.0956285  -0.00105454]",1973.666988501497,404.27482249353443,2.4548656141978765e-07,0.0012550263386699402,177.22925340169124,442.0527516365893
109,"[1.40250110e-08 1.01879007e+04 2.87865934e+02 1.25582048e+01
 6.12460792e+02 1.25327870e+00 6.98434998e+03 4.60994874e+01
 1.00000000e+00]","[ 0.16441954  0.24926183  0.79393588 -0.39187043  0.17911933  0.1874469
  0.05941397 -0.22154907  0.08428556]",3277.8580943688657,443.77315148845764,2.4548656141978765e-07,0.0012550263386699402,176.0827993756616,419.0455599074661
110,"[8.63659579e+00 4.49231619e+03 6.32031574e+01 8.79391282e+02
 1.26936301e+02 4.41410092e+00 1.83898128e+04 5.14263640e+01
 1.00000000e+00]","[ 0.1761505  -0.3767171  -0.22891199 -0.25956466 -0.4671631   0.06560232
  0.69505317 -0.03308102  0.02329011]",10787.671539459381,398.94410697992134,2.4548656141978765e-07,0.0012550263386699402,176.01875052257645,373.1003582479325
111,"[5.99980404e+00 6.31084326e+03 5.05171763e+01 6.17204380e+02
 2.63551775e+02 6.90567458e-01 1.79473678e+04 3.97535337e+01
 1.00000000e+00]","[-0.04439143  0.41555381 -0.16215096 -0.19842871 -0.66598552  0.35282128
  0.40721197 -0.12847915 -0.09658932]",9619.466975517309,394.5046693569002,2.4548656141978765e-07,0.0012550263386699402,170.4155549279288,413.2075939251381
112,"[6.61500002e+00 1.67849002e+03 4.62885042e+02 3.45069490e+03
 4.38286028e+02 6.25993112e-01 9.87641646e+02 4.07630110e+01
 1.00000000e+00]","[-0.00679159  0.00656066  0.83381154  0.41616142  0.28226768  0.15246259
  0.03865082  0.14793824  0.0719676 ]",2001.0570116221381,460.1806719162905,2.4548656141978765e-07,0.0012550263386699402,168.17460600406983,416.3045424061295
113,"[3.14030000e+01 1.27327916e+03 5.49260063e+01 2.08445562e+03
 1.30517140e+03 7.38601512e+00 5.32678409e+03 6.37506049e+01
 1.00000000e+00]","[ 0.27621839 -0.51615279 -0.29932287  0.04231959  0.73555689  0.06045957
  0.11154587 -0.08064472  0.04753136]",972.8016973050067,441.32771237948737,2.4548656141978765e-07,0.0012550263386699402,168.92245444208527,370.1944646148745
114,"[2.08580001e+01 6.83842665e+02 6.08408612e+02 2.23543874e+03
 1.57369205e+02 5.16478910e+00 5.49748013e+03 5.52850201e+01
 1.00000000e+00]","[ 0.32438364 -0.33775764  0.66649624  0.25107774 -0.37931516  0.27807201
  0.06068903 -0.10300418  0.19478376]",1012.4444621857452,423.2433689840499,2.4548656141978765e-07,0.0012550263386699402,168.55619793373282,400.00663344197346
115,"[2.12027028e-09 3.73516625e+03 1.14898917e+02 2.83633135e+03
 1.70087160e+03 1.88005478e+00 1.14789382e-05 4.32731672e+01
 1.00000000e+00]","[ 0.20007152  0.09568066  0.75838613  0.40059418  0.35050847  0.06556668
  0.02876372 -0.28908282 -0.06033223]",2164.4620858498292,449.85016138757874,2.4548656141978765e-07,0.0012550263386699402,167.98218710188962,505.2806677273344
116,"[3.72198720e+01 1.43734354e+03 5.04141824e+02 8.98933633e+02
 5.00247124e+01 1.12757568e+01 9.97260505e+03 8.41997442e+01
 1.00000000e+00]","[-0.04977934 -0.43991477  0.51647392 -0.31860725 -0.29653163 -0.11397342
  0.07666254  0.56164722 -0.11616984]",135.3884487308706,414.8562410933515,2.4548656141978765e-07,0.0012550263386699402,167.42226796807518,411.9470889985001
117,"[1.17379040e-08 7.15973451e+03 2.58201030e+02 3.60565054e+02
 4.49331205e+02 3.44327364e+00 8.74353215e+02 6.61055063e+02
 1.00000000e+00]","[-0.13510383  0.07730756  0.23052661 -0.10256475 -0.29117708  0.08869346
  0.02229941  0.83508672 -0.34869863]",1016.7001628587786,418.36301721411166,2.4548656141978765e-07,0.0012550263386699402,167.92119738487213,358.2191477588203
118,"[3.06766913e+00 4.88640004e+03 2.78424941e+01 9.34744043e+02
 6.46555959e+02 5.14846566e-02 1.68819375e+04 4.00653134e+01
 1.00000000e+00]","[ 0.07392848  0.02679078 -0.05674038  0.27928866  0.87324374  0.17823579
  0.17080659  0.2968106   0.03164117]",3850.7005318146107,418.4372323748448,2.4548656141978765e-07,0.0012550263386699402,166.69197748544838,370.98228871890433
119,"[9.71047703e+00 2.98443342e+03 6.25249340e+01 2.87641050e+03
 2.34090408e+02 1.82365563e+00 8.14860689e-06 5.48493615e+02
 1.00000000e+00]","[ 0.07826515  0.05311156  0.3096697   0.26779983 -0.33919673  0.04260053
 -0.09294973  0.78878478  0.27522963]",1302.5258676626383,424.7101101293522,2.4548656141978765e-07,0.0012550263386699402,165.36674476382478,403.9174193040567
120,"[2.87844643e+01 2.55880884e+03 9.97503670e+02 7.70801055e+02
 1.21677185e+03 6.62661097e+00 9.29111230e+02 4.75924160e+01
 1.00000000e+00]","[ 0.18723306 -0.07299133  0.85596758 -0.19928825  0.41563768  0.03018264
  0.04697058 -0.04468084 -0.09670292]",1066.191713933334,469.93970054122747,2.4548656141978765e-07,0.0012550263386699402,164.8447674138739,380.5354885237916
121,"[5.94300000e+00 2.14958475e+03 3.72006646e+01 2.71009094e+03
 1.41099082e+02 1.43668864e+00 1.25520178e+04 3.91607390e+01
 1.00000000e+00]","[ 0.05599853 -0.11601166 -0.15877653  0.93111573 -0.13073646 -0.13921366
  0.19357163 -0.01400785  0.13069164]",4679.107511304791,402.14050226969084,2.4548656141978765e-07,0.0012550263386699402,164.9728838058397,351.79090930644134
122,"[2.53809995e+01 7.14387029e+03 2.94673004e+02 2.75537496e+01
 1.09963242e+03 1.42832250e+00 9.25467589e+03 5.38165905e+01
 1.00000000e+00]","[ 0.20440507  0.03778715 -0.04287765 -0.80927404  0.52479554  0.12035635
  0.06378885  0.07467827 -0.02204222]",1411.7972306899865,423.9361258366637,2.4548656141978765e-07,0.0012550263386699402,165.46932173844144,368.5205701952857
123,"[1.12492577e-08 9.24233451e+03 1.55638606e-08 1.94868935e+03
 8.34103496e+02 5.58661700e+00 2.38097829e-05 6.13039675e+01
 1.00000000e+00]","[ 0.18929655  0.1416865  -0.16271341  0.42517725  0.30000316  0.25539216
 -0.17517129  0.73026724  0.13280866]",2434.6139428643355,440.8789392940498,2.4548656141978765e-07,0.0012550263386699402,165.25723492482888,400.7229409321019
124,"[3.03005029e+01 2.66449390e+03 3.42626557e+02 7.45615588e+02
 6.86389649e+02 6.27160818e+00 1.19452618e+04 5.98942675e+01
 1.00000000e+00]","[ 0.27518084 -0.31150873  0.27946755 -0.5370364   0.59347767  0.15393696
  0.08969176 -0.27310043  0.04676351]",337.0588419491685,383.6206240863779,2.4548656141978765e-07,0.0012550263386699402,163.6307668119009,392.8146754248136
125,"[2.01272805e+01 9.46108518e+02 5.93801366e+01 4.24362983e+03
 2.32907750e+02 2.30411730e+00 1.24309214e+01 4.59192792e+01
 1.00000000e+00]","[ 0.35897268 -0.25599719 -0.02478768  0.81439529 -0.36510042  0.04356905
  0.05574106 -0.0142444   0.05695071]",3134.705728692754,381.8890966044073,2.4548656141978765e-07,0.0012550263386699402,163.27831792836014,371.4133934218994
126,"[2.48134978e+01 1.10008167e+02 5.49726010e+01 3.08839567e+03
 1.18159610e+02 1.40180198e+01 1.54039374e+03 9.28192703e+01
 1.00000000e+00]","[ 0.19927906 -0.62900322 -0.06955827  0.23130629 -0.45573513  0.17455675
  0.05626607  0.5022419   0.11280287]",728.2907544110011,394.0882163601111,2.4548656141978765e-07,0.0012550263386699402,161.97860781840853,393.03249815987874
127,"[1.89017176e+01 1.85816270e+03 6.79878517e+01 2.85741999e+03
 3.88548703e+02 1.39070062e+00 8.77317026e+02 5.47855752e+02
 1.00000000e+00]","[ 0.47290339 -0.01627197  0.33180453  0.20933487  0.12354904  0.34256336
  0.02750092  0.69852975 -0.02946416]",1054.6913655522014,397.00414677239496,2.4548656141978765e-07,0.0012550263386699402,161.50732015676223,372.1216401333086
128,"[1.09085198e+02 3.30165623e+03 7.42188456e+02 7.23875171e+00
 1.09038002e+02 2.67569799e+01 3.91669087e-06 7.51413459e+01
 1.00000000e+00]","[ 0.12800288 -0.05215957  0.29485269 -0.69541624 -0.58246497 -0.11234681
 -0.04469004 -0.23694964  0.01797805]",-28.751041287881193,385.4283604991097,2.4548656141978765e-07,0.0012550263386699402,160.52842369978788,366.9038596757223
129,"[1.33180000e+01 7.42687242e+03 5.47934526e+01 5.83070953e+02
 2.58049313e+03 3.82643594e+00 1.14721507e-05 5.81649395e+01
 1.00000000e+00]","[ 0.24885865  0.13668912 -0.19158869 -0.30695933  0.78344388  0.23362526
 -0.19905711 -0.25561375 -0.12299592]",2836.5848565492756,452.3146719802189,2.4548656141978765e-07,0.0012550263386699402,160.39431998972012,376.39314174858146
130,"[9.00181178e+00 2.95902785e+03 6.15285610e+01 1.49565885e+03
 2.54243418e+02 3.82641255e+00 1.68641389e+04 4.61458000e+01
 1.00000000e+00]","[ 0.22328717 -0.3693376  -0.04716134  0.52595664  0.62282759  0.05262169
  0.3237131  -0.19708666  0.02369436]",5301.502560289972,383.8691717411184,2.4548656141978765e-07,0.0012550263386699402,160.10507176926825,363.0948315490982
131,"[3.14030000e+01 1.96297407e+03 1.08532266e+02 1.09126712e+03
 1.22518680e+02 9.91586766e+00 1.41429954e+04 8.25143962e+01
 1.00000000e+00]","[-0.05583037 -0.54727323 -0.33729106 -0.69100503  0.07500709  0.2591374
  0.15477335 -0.09373275  0.02455394]",326.2939202483841,381.685312345376,2.4548656141978765e-07,0.0012550263386699402,158.19772108673203,389.23634263492875
132,"[5.94300002e+00 3.14760388e+03 6.76647871e+02 1.04208624e+03
 2.32646280e+02 2.04050832e-08 1.28290775e+04 3.91611866e+01
 1.00000000e+00]","[ 1.22271969e-01 -1.61389770e-04  8.59493231e-01  2.38916776e-01
  2.47782748e-01  1.37310152e-01  7.43697963e-02 -2.92545404e-01
  1.33699852e-01]",1831.18370819303,418.8271766440978,2.4548656141978765e-07,0.0012550263386699402,157.94581073288987,351.05334081544737
133,"[1.00139384e+01 5.00113373e+03 1.04145914e+02 6.61914814e+02
 1.57238073e+02 3.63803433e+00 1.83283647e+04 4.76059710e+01
 1.00000000e+00]","[ 0.16838297 -0.03948012  0.49871876 -0.63178538 -0.44274706  0.24501339
  0.2244072  -0.11303448 -0.05498566]",3476.84782939459,400.20387511424406,2.4548656141978765e-07,0.0012550263386699402,156.0016559893394,350.5760087029071
134,"[2.39994218e-08 6.56586621e+03 5.09727580e+01 6.93712477e+02
 7.70031494e+02 4.29716658e-08 1.54207580e+04 4.09591624e+01
 1.00000000e+00]","[0.01875052 0.14625401 0.57338185 0.25904514 0.61492086 0.3718143
 0.11094846 0.14656997 0.17950266]",3359.8146454459675,385.87241929019683,2.4548656141978765e-07,0.0012550263386699402,152.6317657526022,345.32960123687667
135,"[1.44970895e-08 6.46151370e+03 3.15733364e+01 1.03925808e+03
 8.85276869e+02 7.90612746e-09 5.04486724e+02 6.95295333e+02
 1.00000000e+00]","[-0.05407304  0.06498584 -0.00290119  0.08827485  0.27633652  0.04953978
  0.0329491   0.94983451  0.05444977]",1433.2823404924504,431.7108297392549,2.4548656141978765e-07,0.0012550263386699402,151.12780118195724,374.8574253520487
136,"[3.14030000e+01 5.84916343e+03 2.21380991e+00 4.57948863e+02
 2.67453929e+02 7.48310571e+00 4.66225274e+03 5.50154015e+02
 1.00000000e+00]","[ 0.22447238  0.02209291 -0.29431    -0.2689519  -0.46717353 -0.1339823
  0.02266691  0.72190264  0.17975257]",389.5226137962072,408.0480749044196,2.4548656141978765e-07,0.0012550263386699402,151.40877998747277,394.6054952399445
137,"[1.58378358e+01 7.35762157e+03 8.01891975e+02 5.65822385e+01
 5.71117540e+02 9.98620590e-01 1.32746501e-06 1.82928667e+02
 1.00000000e+00]","[ 0.40020889  0.06892151  0.6122775  -0.10808165  0.06485004  0.12540029
 -0.0263916   0.65405118  0.01034702]",1155.1189985649166,386.18295458259695,2.4548656141978765e-07,0.0012550263386699402,151.13404569205576,378.79987708454564
138,"[6.78249494e-01 2.82189243e+03 2.05772134e-09 3.67798173e+03
 1.78340613e+02 5.46117441e-01 5.35420122e+03 4.38046694e+01
 1.00000000e+00]","[ 0.0481358   0.08585667 -0.23151042  0.39629783 -0.5728803  -0.04541419
  0.03924518  0.64353649  0.18365415]",1836.1946711980265,390.2326790338575,2.4548656141978765e-07,0.0012550263386699402,150.7085822223581,361.11111118688314
139,"[2.32092605e-08 1.01879007e+04 3.24393024e+02 2.84473396e+02
 1.33584241e+03 4.60052686e+00 4.37592292e+02 4.51197954e+01
 1.00000000e+00]","[0.49927707 0.17325631 0.73557868 0.1227909  0.36629919 0.13692183
 0.03550703 0.08119717 0.06143818]",2547.875960997215,401.7858757115332,2.4548656141978765e-07,0.0012550263386699402,150.12317895725496,366.69985679288595
140,"[1.14034000e+02 2.54186104e+03 3.88292321e+02 1.31949234e+02
 2.79191199e+01 3.05148154e+01 3.48646599e+03 8.66162458e+01
 1.00000000e+00]","[-0.26727594 -0.12168733 -0.50967961 -0.67331648 -0.36024473  0.15657788
  0.00896827 -0.21421947  0.01908063]",-619.0871297757805,364.53505785199945,2.4548656141978765e-07,0.0012550263386699402,148.7544703033986,335.10953157624476
141,"[2.76200000e+01 1.36433962e+03 4.01740995e+02 1.48547851e+03
 5.23860463e+02 6.15790105e+00 9.21147642e+03 6.46114474e+01
 1.00000000e+00]","[ 0.15835172 -0.54833435  0.43183429 -0.1282986   0.61854957  0.19866188
  0.10644419  0.18927736 -0.04567696]",557.1090554459249,404.83640796379564,2.4548656141978765e-07,0.0012550263386699402,148.2346024714638,328.7769456756969
142,"[1.64781971e-01 6.97999945e+03 6.14892231e+02 6.47061193e+02
 1.77206027e+02 5.78888568e+00 4.48975993e-05 2.96952054e+02
 1.00000000e+00]","[ 0.04095447  0.06658776  0.49943423  0.06937138 -0.55362976  0.17068558
 -0.04671501  0.59921972  0.20677482]",897.802876496295,385.73177845442933,2.4548656141978765e-07,0.0012550263386699402,148.76870092842194,354.34880632573856
143,"[2.13757295e+01 2.49072917e+03 6.36477046e+01 1.65700192e+03
 8.68847082e+01 5.11544197e+00 1.60315141e+04 5.15394639e+01
 1.00000000e+00]","[ 0.17863323 -0.73488458 -0.09742444  0.48454297 -0.19313643  0.11203465
  0.36100498 -0.02823428 -0.0527844 ]",4739.848774496824,365.1348133125439,2.4548656141978765e-07,0.0012550263386699402,148.78816997202915,329.8840651871484
144,"[3.66003917e+01 1.19674413e+03 8.59883457e+02 1.01074532e+03
 2.68174918e+02 6.29662482e+00 3.33067699e+03 2.14276148e+02
 1.00000000e+00]","[-0.11604532 -0.18631572  0.40522257 -0.14536794  0.19077959  0.26884762
  0.03395925  0.80984489  0.02837065]",313.8159241046865,407.0173610025459,2.4548656141978765e-07,0.0012550263386699402,148.1237625735707,338.8307392187137
145,"[3.39723370e+01 5.66783408e+03 2.60151775e+02 7.59914882e+01
 5.86298702e+02 3.40313700e+00 1.25535892e+04 5.91074678e+01
 1.00000000e+00]","[-0.02497827 -0.05842678 -0.37385241 -0.85667849  0.1782078   0.26270033
  0.04609074  0.10548063  0.09098753]",195.94645222105578,366.31664025326864,2.4548656141978765e-07,0.0012550263386699402,147.8718494592886,336.56002217056266
146,"[3.14030000e+01 3.51087401e+03 4.78851556e-09 6.71425465e+02
 5.12621368e+02 1.66614487e+01 2.52473495e-05 5.88624905e+02
 1.00000000e+00]","[-0.40620065 -0.09750774 -0.71836867 -0.37748751  0.06386665  0.08576576
 -0.0316423   0.39194841  0.02972209]",-343.6393345279676,339.826504804502,2.4548656141978765e-07,0.0012550263386699402,148.17132286017704,335.38216045689296
147,"[1.69942646e-08 5.08174695e+03 3.09850299e-08 3.06293618e+03
 3.64775013e+02 2.33283175e-01 5.83832041e+03 3.93789618e+01
 1.00000000e+00]","[-0.05363678  0.19842426 -0.31726657  0.64651833  0.09451874  0.20025611
  0.06964451  0.61208334 -0.10283095]",3453.718359321234,348.1857079588817,2.4548656141978765e-07,0.0012550263386699402,147.937684157981,351.5049629118289
148,"[1.64781882e-01 9.19711774e+03 3.78710607e+01 4.37910063e+02
 3.37696392e+02 4.95605703e-01 1.23340430e+04 4.22752186e+01
 1.00000000e+00]","[-0.19094372  0.28874826 -0.17697565 -0.11007311 -0.86620627  0.25120009
  0.09681355 -0.11596986  0.02217684]",3497.5476927761833,340.08180015745074,2.4548656141978765e-07,0.0012550263386699402,147.29755766994424,349.24740685562574
149,"[1.73545352e+01 6.92186268e+03 3.44187698e+02 8.80487290e+00
 5.68672019e+02 5.10249578e+00 1.04054467e+03 5.06570996e+02
 1.00000000e+00]","[-0.16091254  0.01329731  0.19773806 -0.49684764  0.17336674  0.14312107
  0.02716445  0.77508407  0.18957724]",673.343552261522,343.88102339284023,2.4548656141978765e-07,0.0012550263386699402,146.7152451998662,304.0764182313219
150,"[1.14034000e+02 2.61905093e+03 2.99953348e+02 3.96262618e+02
 3.21760944e+02 9.09401775e+00 1.04905222e+04 7.75802771e+01
 1.00000000e+00]","[ 0.51687929 -0.20123161 -0.400538   -0.61293936  0.30806973 -0.04326943
  0.04220332 -0.2400342   0.00628901]",-308.27119152470965,381.05409930602355,2.4548656141978765e-07,0.0012550263386699402,146.5435155434644,324.67242884371717
151,"[2.86630000e+01 1.00686127e+03 5.45818552e+01 2.13238560e+03
 4.57818613e+01 9.42278468e+00 1.09013590e+04 7.83481589e+01
 1.00000000e+00]","[-0.0036702  -0.55120419 -0.13155308  0.22233175 -0.28660809 -0.06547272
  0.1140552   0.67000479 -0.28474019]",1193.652395716478,353.0157440574874,2.4548656141978765e-07,0.0012550263386699402,146.4419754388707,352.25148753954204
152,"[2.51531740e+01 4.49454883e+03 3.37699777e+02 3.83066304e+02
 2.92857291e+02 2.54668174e+00 1.59112996e+04 4.72762380e+01
 1.00000000e+00]","[-0.12837825 -0.15455734  0.41227328 -0.79682292  0.31387976  0.09197818
  0.12071203  0.18215812  0.00125517]",1157.5483840269776,357.6989894694477,2.4548656141978765e-07,0.0012550263386699402,145.2866538747196,330.58306268037427
153,"[3.74234833e+01 1.48765313e+02 7.37720637e+02 1.33222160e+03
 9.99022263e+01 1.60327843e+01 4.98021279e-05 1.00593732e+02
 1.00000000e+00]","[-0.08050521 -0.69455551  0.36222776 -0.31644717 -0.23007518 -0.15629596
  0.00737771  0.44642531 -0.05523393]",-241.331937180637,324.79042589939115,2.4548656141978765e-07,0.0012550263386699402,145.0894584078041,338.4555731281593
154,"[1.14034000e+02 1.84304224e+03 6.88643802e+01 6.83889497e+02
 6.26603877e+00 4.72502614e+01 7.68688855e-06 1.01150095e+02
 1.00000000e+00]","[ 0.20926322 -0.15198137 -0.65981007 -0.45042188 -0.26873928  0.28082308
 -0.17917126 -0.29339341  0.1600529 ]",-627.6528619068653,365.4121114741653,2.4548656141978765e-07,0.0012550263386699402,144.26156248924485,313.2029666929077
155,"[3.14030000e+01 5.09573119e+02 5.50528145e+01 2.92385215e+03
 1.04106658e+03 8.60980613e+00 1.24391419e+01 6.75176107e+01
 1.00000000e+00]","[ 0.33324174 -0.61302399 -0.14507567  0.25353134  0.59227852  0.18691766
  0.03968489 -0.18137781 -0.08730168]",1037.756411618249,401.59132324120503,2.4548656141978765e-07,0.0012550263386699402,144.3484764318063,308.7702365164969
156,"[1.42935604e+01 3.37351514e+03 1.09487316e+03 1.00540491e+03
 2.45741899e+02 6.71240988e-01 5.18512103e+03 4.09229019e+01
 1.00000000e+00]","[ 0.21185566  0.05639609  0.74763337  0.0857002  -0.31365612  0.17124289
  0.02859805 -0.33408675  0.38144513]",1156.038859663237,359.4196831865311,2.4548656141978765e-07,0.0012550263386699402,143.66717236685855,311.52595918007864
157,"[3.88889585e+01 9.90037218e+02 1.25811759e+02 1.33823953e+03
 7.62765094e+02 1.51130123e+01 5.35960894e+03 9.70104733e+01
 1.00000000e+00]","[ 0.01160117 -0.50690156 -0.37318304 -0.41171602  0.34437434  0.31189808
  0.04981924  0.45437218 -0.09659414]",-520.9413576196041,349.0017386551481,2.4548656141978765e-07,0.0012550263386699402,143.20849312108675,321.06852187758864
158,"[7.40015947e+00 7.09613166e+03 2.65609626e+02 3.47524531e+02
 1.93435266e+02 1.02280360e+00 1.43254342e+04 4.00280268e+01
 1.00000000e+00]","[ 0.46629155  0.10198152  0.47302212  0.0508464  -0.72203157  0.07226286
  0.04504468 -0.06059415  0.11655255]",1373.8177179648837,345.2916336737983,2.4548656141978765e-07,0.0012550263386699402,145.50114772081926,314.36218581401636
159,"[3.14030000e+01 4.51435415e+03 5.10581251e+01 6.73800937e+02
 2.61366502e+03 9.05465987e+00 3.24918870e-05 6.60625688e+01
 1.00000000e+00]","[ 0.17013811 -0.07587192 -0.55482423 -0.48285152  0.40627072  0.39318007
 -0.08006406  0.09132316 -0.29987383]",380.30488878251634,337.72843759660816,2.4548656141978765e-07,0.0012550263386699402,142.51882798103856,347.5392598868384
160,"[1.86440000e+01 3.37969071e+03 8.91046914e+01 1.04467944e+03
 8.46073528e+01 6.66950559e+00 1.75303070e+04 5.96599691e+01
 1.00000000e+00]","[ 0.35924631 -0.50777047 -0.37080801 -0.56004163 -0.13799424 -0.06686113
  0.36891078  0.01330778  0.04670057]",4128.324618684151,337.2572098434157,2.4548656141978765e-07,0.0012550263386699402,141.85770038458656,322.1260021278854
161,"[3.89555020e+01 9.72169076e+03 3.13303305e-09 2.81622975e+01
 1.48111588e+03 8.09846358e+00 2.70639222e-06 6.43463726e+01
 1.00000000e+00]","[ 0.4946085   0.06666443 -0.52435853 -0.49704161  0.28357319  0.31039905
 -0.19091687 -0.10657892 -0.06592733]",1068.9554867872134,327.92592682671045,2.4548656141978765e-07,0.0012550263386699402,140.8747402221736,300.9134463321416
162,"[1.11582713e-01 2.54819865e+03 9.85804437e+02 2.17082183e+03
 1.63047861e+02 6.14581546e+00 2.36886785e-06 4.16472027e+01
 1.00000000e+00]","[-0.11045944  0.06607413  0.5884129   0.21992456 -0.70440932  0.05125076
 -0.15350515 -0.2290121   0.1183506 ]",1101.8779417942528,330.85307789946444,2.4548656141978765e-07,0.0012550263386699402,140.08395155203405,314.8669889919284
163,"[2.76200000e+01 2.06462719e+03 1.87938685e+02 1.54424638e+03
 2.26437598e+03 9.87887118e+00 8.36640205e+02 5.46128082e+01
 1.00000000e+00]","[-0.14065312 -0.34826525  0.36030911 -0.16137456  0.69834663  0.4462705
  0.06855276 -0.07701718 -0.07474692]",734.3923177967907,354.5528667878932,2.4548656141978765e-07,0.0012550263386699402,140.33697844319806,314.3178424547873
164,"[8.39249544e+00 3.00261115e+03 3.65546023e+01 4.05016440e+03
 1.86025359e+02 4.43326101e+00 1.61227373e-05 4.07802216e+01
 1.00000000e+00]","[ 0.27433956  0.09866439  0.11189796  0.39170322 -0.81031093  0.25656608
 -0.00597924 -0.1280817   0.10089572]",1734.3827348544824,334.54171788151916,2.4548656141978765e-07,0.0012550263386699402,139.71169406019692,315.2575186640331
165,"[1.04908741e+01 6.08987005e+03 1.73288001e+02 6.70107276e+02
 2.64263063e+03 2.89632583e+00 1.15788184e+03 5.27884883e+01
 1.00000000e+00]","[ 0.06157751  0.05365118  0.52483781 -0.10705145  0.5700947   0.32622853
  0.05497721 -0.45279821  0.25871469]",1894.0947148437656,343.1445048155754,2.4548656141978765e-07,0.0012550263386699402,139.75597294276614,296.3164444492131
166,"[7.98918129e+01 1.75033394e+03 1.09660328e+03 5.02374216e+02
 1.82935972e+02 1.63818805e+01 1.67130130e-06 6.30231504e+01
 1.00000000e+00]","[ 0.06185279 -0.11596111  0.62464426 -0.40370256 -0.52009455 -0.01144571
 -0.17181532  0.35288374 -0.06995904]",210.98643021973496,349.7879951286654,2.4548656141978765e-07,0.0012550263386699402,138.43765141495211,319.73936785055776
167,"[8.72531512e+00 2.32821697e+03 4.89393338e+01 3.05293811e+03
 1.79608740e+03 2.43809752e+00 1.78341223e-05 4.71305967e+01
 1.00000000e+00]","[-0.09158567 -0.02705981 -0.0946393   0.67165816  0.70558485  0.14270784
 -0.10467924  0.03680749  0.01644732]",3251.490183487526,366.854894123604,2.4548656141978765e-07,0.0012550263386699402,139.81072107675317,312.75652296219
168,"[2.07793415e-09 5.33905613e+03 4.95842296e+01 2.10236023e+03
 3.47616113e+02 2.23025031e-09 1.21112063e+04 4.10008990e+01
 1.00000000e+00]","[0.13993047 0.12425493 0.76463854 0.41950862 0.19291019 0.39437653
 0.06556134 0.0657945  0.05427899]",2447.1137836751045,356.964030051161,2.4548656141978765e-07,0.0012550263386699402,138.55753387214094,312.8912553128948
169,"[2.01934716e+01 9.49974233e+02 6.45562764e+01 3.62224776e+03
 1.61003060e+02 3.45723050e+00 5.33157160e+03 4.80928820e+01
 1.00000000e+00]","[ 0.05818089 -0.39662387  0.00962974  0.68883883 -0.54521094  0.20113082
  0.11532312 -0.04906515 -0.10628942]",2645.46121293312,351.8884846392407,2.4548656141978765e-07,0.0012550263386699402,138.28298996032478,299.7920887924479
170,"[1.07074000e+02 1.01912978e+03 3.98217936e+02 7.09630109e+02
 6.74685552e+02 2.41328470e+01 1.12066261e-05 9.13917531e+01
 1.00000000e+00]","[-5.63539585e-04 -5.25051690e-01 -2.49837626e-01 -6.65996514e-01
  3.53043730e-01  2.29843274e-01 -5.53328349e-02 -1.45468881e-01
  1.29071630e-01]",-876.6824665903235,345.98308404230784,2.4548656141978765e-07,0.0012550263386699402,138.58847209864638,294.51656818702077
171,"[2.76200000e+01 2.29448707e+03 5.45893489e+02 9.55091734e+02
 9.46314838e+01 5.81544788e+00 1.31592016e+04 5.39449481e+01
 1.00000000e+00]","[-0.15782635 -0.35042311  0.87336876 -0.11954617 -0.04536679  0.16440924
  0.13912916  0.15995006 -0.03465138]",1390.273855013442,326.97139420921053,2.4548656141978765e-07,0.0012550263386699402,137.7461186103839,280.7366642551092
172,"[2.91308555e+01 3.06376969e+03 5.08746434e+02 7.06720632e+02
 2.68576240e+02 8.50474964e+00 7.16153564e-06 6.62074306e+02
 1.00000000e+00]","[-0.09225339 -0.07222368  0.35778298 -0.2400214  -0.00247333  0.11703334
 -0.11337635  0.87973897  0.01250367]",371.22472419778086,358.47536965144803,2.4548656141978765e-07,0.0012550263386699402,138.24783777504584,312.8873578606276
173,"[2.66300123e+01 1.26866398e+03 4.26309967e+02 1.73438764e+03
 1.06631988e+02 5.39706440e+00 1.07763037e+04 5.95098686e+01
 1.00000000e+00]","[-0.11317172 -0.36909345  0.81764591  0.1487071  -0.17494258  0.05925991
  0.11050837  0.29827462 -0.15813623]",1325.3463117083477,320.4843000911933,2.4548656141978765e-07,0.0012550263386699402,138.99235548367088,301.6019713647793
174,"[3.30100001e+00 1.01452737e+04 3.29595549e+01 2.29478952e+02
 5.98270822e+02 6.32833321e-09 9.27194750e+03 4.96494618e+01
 1.00000000e+00]","[ 0.22529817  0.24187684 -0.25578042 -0.53297271  0.50352903  0.50462321
  0.08093819  0.15457307  0.05121427]",3383.3410867495063,336.088926516431,2.4548656141978765e-07,0.0012550263386699402,137.79281891601528,320.0975474455223
175,"[1.55450814e+01 2.95571553e+03 5.69513201e+01 1.49291314e+03
 1.05701647e+02 4.94612022e+00 1.70277115e+04 5.17900495e+01
 1.00000000e+00]","[ 0.13506768 -0.40501673 -0.23413498  0.43646049 -0.24259443  0.23469798
  0.35034944  0.56449158 -0.13065429]",5413.5204850300615,320.1242620031262,2.4548656141978765e-07,0.0012550263386699402,137.0950350863111,290.07455470033506
176,"[2.51544884e+01 3.05068845e+03 5.38170117e+02 1.16613359e+03
 2.17617706e+03 3.17406791e+00 4.06074545e+02 5.14214827e+01
 1.00000000e+00]","[ 0.26342475 -0.0189786   0.56885551  0.07650579  0.35202518  0.49142978
  0.02742017  0.43607192 -0.21086001]",1145.0617255248933,357.57480914011035,2.4548656141978765e-07,0.0012550263386699402,136.2712690464852,292.45318223465415
177,"[3.80840000e+01 1.21078035e+03 8.58724860e+02 7.70356457e+02
 7.90213359e+02 1.60795252e+01 2.62666852e-08 6.84205706e+01
 1.00000000e+00]","[-0.05932359 -0.35575561  0.47231745 -0.60373937  0.41055551  0.25050105
 -0.22373772  0.02530229 -0.01811861]",-162.33749958294337,319.06296554492104,2.4548656141978765e-07,0.0012550263386699402,135.53667410827825,294.92031572913993
178,"[3.85660000e+01 2.22762841e+03 1.04660090e+02 1.11362717e+03
 1.13553690e+02 1.26147710e+01 1.21086846e-05 7.30311022e+02
 1.00000000e+00]","[ 0.22603753 -0.08734885 -0.13751035 -0.22107112 -0.20648066  0.39516487
 -0.00450945  0.80754356 -0.15019721]",124.69997416415067,315.9548713352252,2.4548656141978765e-07,0.0012550263386699402,135.07013010454236,306.118683824934
179,"[2.48800000e+01 8.69853957e+02 1.01746689e+02 2.90594965e+03
 9.53761970e+02 4.74234230e+00 3.71169112e+03 5.06127933e+01
 1.00000000e+00]","[ 0.3832442  -0.48823603  0.39710252  0.2922707   0.54725927  0.07336559
  0.08292476  0.23913135 -0.05197448]",1316.71410746009,310.00184722086715,2.4548656141978765e-07,0.0012550263386699402,134.94360076777423,303.7960838371165
180,"[1.63836783e-08 1.01879007e+04 5.75671179e+02 3.58354984e+02
 5.56897789e+02 5.33811846e+00 4.18374035e-05 4.06625750e+01
 1.00000000e+00]","[ 0.05825099  0.18440767  0.94185272  0.12704805  0.11890819 -0.03311949
 -0.12547395 -0.04041798  0.16358329]",2531.015778760119,341.22629473504,2.4548656141978765e-07,0.0012550263386699402,134.60213741266412,295.232016733003
181,"[1.03171124e+01 9.04482724e+03 2.48258490e+02 1.21232651e+02
 2.49077463e+02 3.09681058e+00 9.29866933e+03 4.99954991e+01
 1.00000000e+00]","[-0.01993789  0.1112147   0.11950699 -0.34087975 -0.77455552  0.26525745
  0.03318087 -0.41262321 -0.1228666 ]",1089.7377757590145,311.94133728471047,2.4548656141978765e-07,0.0012550263386699402,134.5296092050217,300.5342702114224
182,"[2.08580000e+01 1.74402025e+01 6.56828959e+01 3.03248749e+03
 9.58147582e+01 1.71443964e+01 3.94284220e-07 9.80325922e+01
 1.00000000e+00]","[ 0.01967836 -0.69530034  0.09313366  0.16086478 -0.57080388  0.26284075
 -0.28252788 -0.07063999 -0.04364054]",425.0681352089004,308.82344177394634,2.4548656141978765e-07,0.0012550263386699402,134.9398429259232,286.4060608960074
183,"[1.45173412e+01 3.51383512e+03 5.87705775e+02 7.36475382e+02
 1.30658893e+02 2.91776561e+00 1.42976971e+04 4.20528784e+01
 1.00000000e+00]","[-0.01915303  0.00206776  0.69502459 -0.03243946 -0.45136737  0.36003777
  0.05393843  0.42202167  0.03385321]",1122.6185265759163,362.3321323840498,2.4548656141978765e-07,0.0012550263386699402,131.9091571746903,280.29761743267727
184,"[3.08189003e-10 2.43172600e+03 2.95197350e+01 3.76013676e+03
 2.95135689e+02 1.04442522e-10 5.60794737e+03 3.90458493e+01
 1.00000000e+00]","[ 0.0155318   0.07694466  0.08559718  0.97838294  0.07789414  0.03498439
  0.11103186  0.03318106 -0.09250816]",4515.342051689522,305.94894924604523,2.4548656141978765e-07,0.0012550263386699402,132.56467218446667,281.32362277239145
185,"[1.23495215e+01 4.23342612e+03 2.78399999e+01 1.86214799e+03
 3.09625636e+02 2.38017911e+00 2.46326434e+02 7.84635205e+02
 1.00000000e+00]","[ 0.05158897  0.063894   -0.14879105  0.22785063 -0.33742578  0.08504274
  0.02543051  0.88798369  0.09461124]",1290.105695608122,327.9499597256165,2.4548656141978765e-07,0.0012550263386699402,132.3849480117523,291.45686990853073
186,"[1.93959416e+01 2.31216205e+03 5.15811465e+01 2.22109278e+03
 3.13005413e+02 1.05952329e+00 1.40786607e+04 3.93965262e+01
 1.00000000e+00]","[ 0.41226896 -0.24899888 -0.14209039  0.4283858   0.68782122  0.11026077
  0.15520171  0.2327559  -0.02848592]",2786.0081341304704,307.498856907604,2.4548656141978765e-07,0.0012550263386699402,133.703329837439,308.312973323724
187,"[8.31809319e-08 4.93081397e+03 4.24883615e+01 3.55057198e+03
 2.57434409e+02 1.06090668e+00 3.43021058e+02 4.72403431e+01
 1.00000000e+00]","[-0.01353536  0.17093784  0.65608582  0.55704154 -0.2601609  -0.01300915
  0.04072898  0.39550939 -0.06255968]",2814.1589572685443,302.9463143411508,2.4548656141978765e-07,0.0012550263386699402,132.96861843483745,290.0797533704659
188,"[2.13400000e+01 4.65946792e+02 6.39974836e+01 3.86049421e+03
 1.20911399e+02 1.28645582e+01 4.22937674e-05 6.36981321e+01
 1.00000000e+00]","[ 0.26499377 -0.20638417  0.0728447   0.25752966 -0.85157442  0.27060788
  0.00276621 -0.12874191 -0.02379595]",800.6363464729448,282.11727514728796,2.4548656141978765e-07,0.0012550263386699402,132.62495058106944,285.8455801247291
189,"[1.54780000e+01 4.09932941e+03 5.57462692e+02 1.10634940e+03
 3.16181635e+02 1.11439108e-02 4.90576589e+03 4.58728805e+02
 1.00000000e+00]","[ 0.49385828  0.04364276  0.48827423  0.136105   -0.0293539   0.1117295
  0.03025131  0.69238823 -0.06001067]",1066.0086764808182,322.4000852763962,2.4548656141978765e-07,0.0012550263386699402,131.60178143220415,306.1432101262549
190,"[2.32725914e+01 3.36099346e+03 4.16626927e+01 1.71144189e+03
 2.70205829e+03 5.43510926e+00 3.46948631e+02 4.29257421e+01
 1.00000000e+00]","[ 0.0509571  -0.08066238 -0.38346985  0.18439559  0.76641613  0.37870407
  0.05618612 -0.26354459 -0.08014364]",2110.746177552262,297.9663274651823,2.4548656141978765e-07,0.0012550263386699402,131.54224005992143,285.3684782877908
191,"[4.98891141e-08 8.69944967e+03 2.38504045e+02 1.85868445e+02
 4.90283088e+02 1.29751806e-07 1.27303448e+04 4.10306755e+01
 1.00000000e+00]","[ 0.1853177   0.17702101  0.71806468 -0.22985555  0.51263417  0.28005292
  0.09333512 -0.0075514   0.12601016]",3107.8641065093534,313.26515673187805,2.4548656141978765e-07,0.0012550263386699402,130.71294726126578,295.07157324637
192,"[1.61891840e+01 1.35015184e+03 5.85844688e+01 4.03582635e+03
 3.95126923e+02 3.20814477e-01 2.75368994e+03 4.04129087e+01
 1.00000000e+00]","[ 0.01042535 -0.15467139  0.08283246  0.69380418  0.64215952  0.15646646
  0.08791589 -0.1828924   0.09855546]",3084.8499740495427,341.8795773860934,2.4548656141978765e-07,0.0012550263386699402,131.01523526886007,261.92735981406804
193,"[5.94299995e+00 8.47146902e+03 1.42057725e+02 1.56329149e+03
 1.87293331e+02 2.85798675e-08 5.67262172e+03 3.90458494e+01
 1.00000000e+00]","[ 0.16007991  0.13554482  0.68579582  0.33592128 -0.60152309 -0.05687894
  0.04431549  0.0754412  -0.01106933]",1913.4389284754704,330.76089932113723,2.4548656141978765e-07,0.0012550263386699402,130.8016869444514,305.913664654327
194,"[6.79783627e+00 9.87424981e+03 6.23844994e+02 2.32916269e+02
 3.94212693e+02 4.95800364e+00 1.29344704e+02 4.74026981e+01
 1.00000000e+00]","[ 0.19850453  0.13165799  0.86177835 -0.07554941 -0.1817426   0.33334662
  0.01748311 -0.09728603  0.2024152 ]",1749.252337757543,304.27633284742456,2.4548656141978765e-07,0.0012550263386699402,130.59243827349346,289.03000394643414
195,"[6.77331164e+00 4.43496382e+03 5.80360724e+01 1.04331756e+03
 1.62270799e+02 2.80192313e+00 1.83070797e+04 4.45326545e+01
 1.00000000e+00]","[ 0.29383839 -0.09385964  0.18903552  0.6411958   0.12025482  0.0017545
  0.64288683  0.17141422  0.0288491 ]",12062.229516320664,298.66820824667775,2.4548656141978765e-07,0.0012550263386699402,129.5463468778593,287.9607378256487
196,"[3.85660000e+01 1.29258902e+02 2.40753281e+02 1.95190515e+03
 6.30234856e+01 1.65980874e+01 3.41292285e+03 1.03734749e+02
 1.00000000e+00]","[ 0.33170384 -0.5761137   0.08616694 -0.05294537  0.05206121  0.23952661
  0.04352276  0.66660192 -0.20372014]",80.46793070521849,316.62843564793786,2.4548656141978765e-07,0.0012550263386699402,127.9643074421387,271.50222939404694
197,"[2.38116498e-08 7.50916711e+03 3.11078076e+02 5.50962455e+02
 1.56124268e+03 2.07835060e+00 5.99505854e+03 4.27269227e+01
 1.00000000e+00]","[ 0.24165671  0.12310558  0.7982932   0.19697336  0.4146859   0.26969183
  0.0545781  -0.04086543 -0.03208865]",2254.683430121246,334.9993022086892,2.4548656141978765e-07,0.0012550263386699402,127.0195074241837,281.81847194268084
198,"[3.74635029e+01 5.78417614e+02 7.26537474e+02 1.38499264e+03
 7.54045146e+02 1.12359286e+01 7.05503883e+02 7.29452104e+01
 1.00000000e+00]","[ 0.11373152 -0.65295799  0.35877247 -0.27858316  0.52980546 -0.06419969
  0.05786651 -0.22506045  0.12477411]",-75.28697335355074,299.95955054784747,2.4548656141978765e-07,0.0012550263386699402,127.70954572171684,258.02599065321056
199,"[2.73809969e+01 6.42337754e+03 3.49977588e+02 5.87676235e+01
 5.42491748e+02 1.10991283e+00 1.31942157e+04 4.61623669e+01
 1.00000000e+00]","[ 0.22625314  0.00381005  0.54737024 -0.70239445  0.29940727  0.07344721
  0.0662491   0.0040697  -0.23744082]",1217.520460847128,303.45894655658776,2.4548656141978765e-07,0.0012550263386699402,126.82074802880798,261.7710952962487
200,"[1.36840525e-08 1.01879007e+04 8.14680555e+01 7.84302507e+02
 6.12558353e+02 2.74485070e+00 2.72438822e-05 3.65514260e+02
 1.00000000e+00]","[ 0.17364754  0.15902598  0.42132723  0.17153769  0.13673226  0.38842559
 -0.13203806  0.74197044 -0.00954576]",2145.0169310883925,339.48842121623693,2.4548656141978765e-07,0.0012550263386699402,127.63072835531715,266.98011669461005
201,"[3.14030000e+01 4.07270665e+03 6.76719793e+01 1.18852926e+03
 2.37995852e+03 1.16741788e+00 4.38616692e+03 4.84109076e+01
 1.00000000e+00]","[ 0.49355473 -0.06145678 -0.19436576 -0.01937107  0.60945691  0.12174753
  0.07413712  0.55656492  0.11380901]",1531.8871801804532,294.89105584041204,2.4548656141978765e-07,0.0012550263386699402,126.91765785486561,262.7506904875964
202,"[1.14034000e+02 2.43515472e+02 4.78539831e+01 1.69183105e+03
 2.89179320e+01 3.19040559e+01 5.74956367e-05 9.39221354e+01
 1.00000000e+00]","[ 0.12310894 -0.32950333 -0.83863597 -0.27823871 -0.12522289  0.22195453
 -0.01533648 -0.16269595  0.06240916]",-588.8237974361027,334.4721318797722,2.4548656141978765e-07,0.0012550263386699402,125.59951908785594,262.66508290293996
203,"[3.14030000e+01 2.38904208e+03 7.68174036e+01 1.43808943e+03
 2.41321261e+02 5.78584752e+00 1.58486548e+04 5.49157403e+01
 1.00000000e+00]","[ 0.19796144 -0.53650217 -0.30556193  0.03437898  0.58134013  0.31581466
  0.19069483 -0.27843768 -0.16382725]",1899.377036455961,303.9644629400759,2.4548656141978765e-07,0.0012550263386699402,126.0618740361199,293.44994529552514
204,"[9.52359502e-09 6.98447555e+03 4.23784029e+01 1.85156524e+03
 5.07414495e+02 8.90145747e-02 4.56768729e-05 5.23227495e+02
 1.00000000e+00]","[0.2933406  0.08616364 0.30729086 0.25994236 0.13483756 0.50447236
 0.00938868 0.68101164 0.08939179]",1521.0073868373206,344.3967563216677,2.4548656141978765e-07,0.0012550263386699402,125.40239556461243,281.3740024666888
205,"[3.14030000e+01 5.80224347e+03 1.37011885e+02 1.02026913e+02
 1.28099898e+03 6.96436919e+00 6.76755670e+03 7.86807131e+01
 1.00000000e+00]","[-0.07138153 -0.05133782 -0.41343816 -0.61452756  0.29698708  0.54546922
  0.03234119 -0.23120177 -0.05878485]",165.3995268083649,333.4799122483746,2.4548656141978765e-07,0.0012550263386699402,126.22175832954788,279.559331955601
206,"[4.54140000e+01 1.89405849e+03 1.08297256e+02 1.12631884e+03
 1.95100695e+03 1.52366311e+01 2.41032386e+02 9.11884370e+01
 1.00000000e+00]","[ 0.34259883 -0.2790426  -0.38233286 -0.41964392  0.35595764  0.50515642
  0.02360092  0.27720475 -0.15229413]",-294.0358003487865,295.2932729511525,2.4548656141978765e-07,0.0012550263386699402,125.63561380287256,271.28275516165263
207,"[2.93681728e+01 3.07969116e+03 5.00134181e+02 4.77134505e+02
 3.85926814e+02 5.18774808e+00 1.24768048e+04 5.97429625e+01
 1.00000000e+00]","[ 0.14454638 -0.15922817  0.4935151  -0.48195138  0.29625028  0.22039992
  0.06521651  0.57911229 -0.04420256]",494.4612270711265,293.8481897968599,2.4548656141978765e-07,0.0012550263386699402,125.26601275126023,266.5271294905979
208,"[3.85660000e+01 1.26195200e+03 2.10212816e+02 1.04084868e+03
 1.08966845e+00 1.52632296e+01 1.01239242e+04 9.75531096e+01
 1.00000000e+00]","[ 0.12337032 -0.56570699 -0.25503219 -0.5310083  -0.39926254  0.27527729
  0.06974364 -0.26530872 -0.08545807]",-631.5687566900132,287.645332896467,2.4548656141978765e-07,0.0012550263386699402,125.11890374327666,273.23857083727046
209,"[8.64489570e+00 4.89827019e+03 1.00791361e+02 7.05090154e+02
 5.39087220e+02 3.00714900e-01 1.73656837e+04 4.09082944e+01
 1.00000000e+00]","[ 0.31027613 -0.06570746  0.29341391 -0.26036785  0.74068459  0.34245923
  0.19013819 -0.19905964  0.06211964]",3220.0153592825227,317.60445247378493,2.4548656141978765e-07,0.0012550263386699402,125.46658210139893,266.7520558085091
210,"[2.75924221e+01 1.17610219e+03 8.25620845e+02 1.48498554e+03
 7.09366607e+02 2.69282469e+00 4.49897456e+03 5.22885711e+01
 1.00000000e+00]","[-0.03891956 -0.24271333  0.64749034  0.07523619  0.43832723  0.36801113
  0.06464147 -0.4247451  -0.05021371]",940.2631161832206,297.04201805510104,2.4548656141978765e-07,0.0012550263386699402,123.91369982630832,276.132464443725
211,"[5.84338409e-02 7.45072902e+03 1.60553084e+01 6.08449264e+02
 3.49515492e+02 4.34120903e-09 1.64587227e+04 4.08633951e+01
 1.00000000e+00]","[ 0.07510684  0.66107442 -0.27553525  0.47795217 -0.21363468  0.15655239
  0.38281037 -0.0908391  -0.16744454]",11433.898294250768,296.3756210961583,2.4548656141978765e-07,0.0012550263386699402,124.61441999445864,256.53307092262867
212,"[2.76200000e+01 9.08914777e+02 8.59141185e+02 1.74056273e+03
 1.17063740e+02 1.15119249e+01 4.44354513e-06 2.58284439e+02
 1.00000000e+00]","[ 0.34361571 -0.07478544  0.43453398  0.10670624 -0.54860772  0.22285862
 -0.04299518  0.53910369  0.181691  ]",578.3392650142138,311.41727395760165,2.4548656141978765e-07,0.0012550263386699402,123.2133281680512,292.934979558097
213,"[4.52110000e+01 6.05608668e+03 2.34684634e+01 7.62778466e+00
 9.09543525e+02 1.40018587e+01 2.99562103e-07 3.18492057e+02
 1.00000000e+00]","[-0.06630194 -0.04518227 -0.50181708 -0.56513249  0.12940417  0.36008924
 -0.24918175  0.46055084 -0.04194256]",-23.33239919069596,292.06679912504296,2.4548656141978765e-07,0.0012550263386699402,122.94431974614938,296.40851532515524
214,"[7.40536047e-09 3.82028008e+03 5.46285772e+01 1.55016953e+03
 5.43251288e+02 3.92552407e-09 1.59189242e+04 4.10192931e+01
 1.00000000e+00]","[-0.01296609  0.02469196  0.35492576  0.21274226  0.28466173  0.06819646
  0.05302357  0.84884145  0.13771078]",1477.18341578203,289.4396523417522,2.4548656141978765e-07,0.0012550263386699402,123.02733362419988,279.86489001555594
215,"[1.88170363e+01 6.20310272e+03 5.48229734e+01 7.84762778e+02
 2.79037287e+03 2.59061704e+00 3.35979128e+02 5.93798634e+01
 1.00000000e+00]","[ 0.15812372  0.05387742 -0.3104505  -0.18365286  0.73573002 -0.00415724
  0.05012576  0.5453919   0.02655865]",2278.242238335566,270.63485340511625,2.4548656141978765e-07,0.0012550263386699402,123.11973320811566,268.8922614986694
216,"[1.14034000e+02 2.45581978e+03 4.05632919e+02 5.53950708e+01
 3.09831161e+02 3.47654040e+01 1.65641459e-05 8.35414397e+01
 1.00000000e+00]","[-0.27011708 -0.16699508 -0.49707065 -0.75044321  0.00369183  0.20047586
 -0.07097095 -0.16631973  0.12649837]",-689.7660425578893,313.3255205095701,2.4548656141978765e-07,0.0012550263386699402,122.04966709309784,275.23056869128624
217,"[1.04692338e-08 7.82724230e+03 2.44863882e+02 3.25974602e+02
 2.28067879e+03 2.00056164e+00 2.48150076e+02 6.62025353e+01
 1.00000000e+00]","[ 0.19725913  0.08360931  0.30890595 -0.12724517  0.34116225  0.0244921
  0.02392805  0.84787464  0.0776441 ]",1528.8688955973516,281.43242984423455,2.4548656141978765e-07,0.0012550263386699402,122.69589982410209,264.5681454038921
218,"[3.14030000e+01 7.08374965e+03 3.01753220e-01 5.60871200e+02
 5.49712434e+02 3.11528133e+00 5.46070216e-07 7.20499844e+02
 1.00000000e+00]","[ 0.32436412  0.02381756 -0.20395816 -0.18002423  0.15896856  0.47724954
 -0.0743925   0.70050773 -0.26632601]",671.1948168269989,281.52786544453886,2.4548656141978765e-07,0.0012550263386699402,121.54468034051915,260.7592574909413
219,"[8.52230541e+00 3.35015029e+03 9.36555428e+01 1.25779433e+03
 1.10561966e+02 4.86877137e+00 1.76189874e+04 5.22298810e+01
 1.00000000e+00]","[ 0.10768301 -0.34731614  0.68690418  0.03187847 -0.34354468  0.30312298
  0.36704274 -0.20254541 -0.09628493]",5361.524441056522,275.335781795372,2.4548656141978765e-07,0.0012550263386699402,121.91700527180377,258.75274449191704
220,"[3.30100019e+00 9.57448861e+03 3.19908838e+01 2.48417894e+02
 1.85614305e+03 5.32202857e+00 1.59789717e+02 5.75607388e+01
 1.00000000e+00]","[-0.00240207  0.20727721 -0.28180462 -0.52180529  0.68820222  0.08147339
  0.04910169 -0.34120485 -0.07901804]",3111.886731417787,310.07745107765777,2.4548656141978765e-07,0.0012550263386699402,120.93062142871891,257.35862953332867
221,"[1.92609999e+01 7.32875131e+03 1.46491241e+01 3.56313407e+02
 1.04346015e+03 1.94937348e-01 1.19823598e+04 5.10096831e+01
 1.00000000e+00]","[ 0.2446383   0.0505824  -0.40196895 -0.45616258  0.47068621  0.22859189
  0.06470992  0.52126232  0.13501346]",1500.2812823319737,307.357065100902,2.4548656141978765e-07,0.0012550263386699402,120.46842882573448,255.40415427045625
222,"[1.07074000e+02 1.49184054e+03 3.85674884e+02 4.52877409e+02
 1.48303811e+02 2.04537255e+01 5.42216563e+03 9.18144917e+01
 1.00000000e+00]","[-0.41046042 -0.34443065 -0.16899888 -0.75787507  0.22342922  0.18308501
  0.03488976  0.01809492 -0.15801605]",-738.6267588724381,293.5955113057721,2.4548656141978765e-07,0.0012550263386699402,119.99438669075884,282.27085114247916
223,"[5.36419506e-02 1.01879007e+04 1.85000011e+00 1.38767002e+03
 2.80097753e+02 1.29021439e-01 3.97426276e+03 4.62596007e+01
 1.00000000e+00]","[-0.04363203  0.23762205 -0.01805182  0.42156127 -0.54482999  0.22931952
  0.05041498  0.61373338  0.18696186]",3082.186417022343,285.35077824732844,2.4548656141978765e-07,0.0012550263386699402,119.75397527218048,263.09290830853433
224,"[3.24692543e+01 6.19580010e+03 1.43454414e+02 3.32435100e+01
 1.94006089e+02 8.94505492e+00 1.16321579e+04 8.25440350e+01
 1.00000000e+00]","[-0.15167468 -0.0093165  -0.35932712 -0.61882092 -0.45699263  0.18563083
  0.02369122 -0.21747472 -0.41676743]",35.44628495172781,291.99393987060915,2.4548656141978765e-07,0.0012550263386699402,120.33590741183257,253.27547199832156
225,"[1.90982950e+01 3.16997392e+03 1.02233843e+01 1.65496925e+03
 6.83777592e+02 8.41021952e-01 1.46627354e+04 3.93857973e+01
 1.00000000e+00]","[ 0.34628842 -0.14316904 -0.27209216  0.32489974  0.76716705  0.27124435
  0.13034257 -0.02146155 -0.02060121]",2522.8013275171998,265.88008616215075,2.4548656141978765e-07,0.0012550263386699402,120.31233919101861,257.4659999859505
226,"[1.14034000e+02 1.07746513e+03 3.68762440e+02 6.67256093e+02
 1.32683608e+01 2.80756968e+01 1.71164462e-05 2.30535708e+02
 1.00000000e+00]","[-0.31418982 -0.27099753 -0.43730748 -0.50072968 -0.42299333  0.13444177
 -0.17176921  0.29394028  0.27013618]",-757.0002336334754,278.03862749904124,2.4548656141978765e-07,0.0012550263386699402,120.79902740053551,259.6473989083015
227,"[3.14030000e+01 5.34133285e+02 5.60304925e+01 2.61241580e+03
 8.35593580e+02 9.44157919e+00 2.87900718e+03 7.10275967e+01
 1.00000000e+00]","[-0.11977012 -0.589856   -0.15828457  0.1027559   0.42317369  0.37194613
  0.06786621 -0.47263767 -0.23811794]",459.4413672479625,267.4535665341349,2.4548656141978765e-07,0.0012550263386699402,119.20668023368692,254.50595781226593
228,"[1.19355588e+01 1.97668814e+03 1.00690748e+03 1.84221661e+03
 2.55184764e+02 2.27970119e-09 4.72671768e+03 4.00929673e+01
 1.00000000e+00]","[ 0.1725862   0.00648637  0.87488938  0.30547373  0.12173349  0.27529045
  0.04839144 -0.08906048  0.10270795]",1714.8921179335337,277.4588794488013,2.4548656141978765e-07,0.0012550263386699402,119.66599775450464,257.9749615131491
229,"[4.28840751e-08 9.14644213e+03 4.75879147e-08 7.07136810e+02
 9.17947875e+02 3.17459273e+00 9.52993695e+03 4.57658346e+01
 1.00000000e+00]","[ 0.37278059  0.13262412 -0.1785627   0.24012512  0.33629791  0.34908751
  0.04825445  0.71754162 -0.04180818]",2185.31127182202,278.6010224198908,2.4548656141978765e-07,0.0012550263386699402,119.74988330013221,247.40936973771227
230,"[2.19452733e+01 1.00150379e+04 5.69148979e+01 4.99133885e+01
 4.01709593e+02 5.39037003e+00 6.50549526e+03 7.50498239e+01
 1.00000000e+00]","[ 0.37908276  0.14161199 -0.28165483 -0.54470115 -0.4487916   0.5016971
  0.03372645 -0.06902714  0.0346038 ]",1420.0321162669543,278.54165304839375,2.4548656141978765e-07,0.0012550263386699402,119.96566382089296,262.541012403428
231,"[3.14030000e+01 3.59130593e+03 9.74703548e+01 7.59792988e+02
 1.86377667e+02 5.92674651e+00 1.69965344e+04 5.63374373e+01
 1.00000000e+00]","[ 0.17345489 -0.23976151 -0.3811488  -0.72993684  0.12400553  0.40157112
  0.11403596 -0.20010647 -0.06827946]",505.00472950708934,267.70584298492116,2.4548656141978765e-07,0.0012550263386699402,118.94407701862056,248.2381525269068
232,"[3.85660000e+01 2.37037486e+03 3.88617824e+01 1.27731403e+03
 4.07163668e+01 9.94859796e+00 8.08803370e+03 4.56707871e+02
 1.00000000e+00]","[ 0.57149722 -0.04723376 -0.24678338 -0.03944859 -0.28120422  0.3596903
  0.02574619  0.5972366  -0.20710946]",323.0203614768497,292.96460356580997,2.4548656141978765e-07,0.0012550263386699402,118.2076883737961,247.57440902575559
233,"[2.16904444e+01 2.01034411e+03 2.78400000e+01 2.35817033e+03
 1.03541482e+02 4.75851315e+00 6.29595205e+03 4.34606039e+02
 1.00000000e+00]","[-0.01958247 -0.0395003  -0.27809996  0.18522054 -0.24947211 -0.08443638
  0.03829479  0.90024551 -0.07166382]",955.2554902221186,256.0231188046547,2.4548656141978765e-07,0.0012550263386699402,118.71235459304677,262.6843495980945
234,"[2.80619314e+01 1.37602259e+03 8.27949399e+01 1.87477536e+03
 4.03941800e+01 9.40099293e+00 1.27811844e+04 7.08186561e+01
 1.00000000e+00]","[ 0.2199958  -0.70305464 -0.12075237  0.21532468 -0.4563247   0.27283179
  0.21955859 -0.1759546  -0.18583529]",2210.1463315581536,282.49220137441534,2.4548656141978765e-07,0.0012550263386699402,118.37229006796676,280.5802232990905
235,"[3.14030000e+01 5.20110918e+03 8.22479110e+02 1.92951208e+02
 3.64678832e+02 1.02612904e+00 8.76624079e+03 6.03554065e+01
 1.00000000e+00]","[ 0.50857422  0.02048283  0.49522824 -0.19833896  0.12455033  0.34586326
  0.02576051  0.5659169  -0.01684168]",797.2872223180741,283.1200315138751,2.4548656141978765e-07,0.0012550263386699402,117.5852530731443,247.54641420759282
236,"[1.58959454e+01 1.62673542e+03 6.76512697e+01 3.07328906e+03
 2.55029235e+02 6.39001771e-01 1.00241790e+04 3.91606322e+01
 1.00000000e+00]","[ 0.089102   -0.205251    0.70803357  0.56971601  0.31133152 -0.09308927
  0.11293003 -0.05766831  0.04871588]",2675.4890117349446,282.6265724775212,2.4548656141978765e-07,0.0012550263386699402,118.10405984069722,243.82701992384682
237,"[3.03005029e+01 2.79449826e+03 1.43225166e+02 1.14350189e+03
 2.15109174e+03 9.20290135e+00 3.64311135e+03 5.08308024e+01
 1.00000000e+00]","[ 0.34600164 -0.23512048  0.0660007  -0.30120714  0.62691439  0.11956416
  0.07187953 -0.50281316 -0.25419364]",604.1655309946209,262.5588688729624,2.4548656141978765e-07,0.0012550263386699402,117.76588417682433,264.5463301121149
238,"[3.06773238e+01 4.22761439e+03 3.65469984e+02 4.49102228e+02
 1.71423350e+02 1.10836699e+01 1.48528916e+03 6.25920369e+02
 1.00000000e+00]","[ 0.23266814  0.01017803  0.26477751 -0.13054264 -0.46944283  0.47031493
  0.01722664  0.60090217 -0.23592491]",414.5145641156222,273.40114038145197,2.4548656141978765e-07,0.0012550263386699402,117.93299380724359,247.313746977768
239,"[5.24094386e-09 1.01879007e+04 3.51832424e+02 1.17121481e+03
 5.44052065e+02 3.62612417e+00 2.71474423e-05 3.90458493e+01
 1.00000000e+00]","[ 0.1800679   0.16208366  0.85600434  0.35912053  0.12639634  0.00706475
 -0.01762738 -0.20255457 -0.14909204]",2433.803349722717,280.3250702102837,2.4548656141978765e-07,0.0012550263386699402,117.84130396796859,259.6402048193488
240,"[2.99240014e+01 1.06153522e+02 5.29113866e+01 2.85009269e+03
 1.48888766e+02 1.36532372e+01 1.76895308e-06 2.18132712e+02
 1.00000000e+00]","[-0.0652431  -0.41538647 -0.39200325  0.09950414  0.22850288  0.33627699
  0.0086904   0.67526944  0.19562639]",402.91427247395075,285.24921652830506,2.4548656141978765e-07,0.0012550263386699402,117.6500569354967,235.39430315605807
241,"[6.95665516e-01 2.42723574e+03 8.26358122e-08 4.14503000e+03
 5.47411663e+02 9.34665123e-01 2.01109967e+02 3.90458494e+01
 1.00000000e+00]","[ 0.38716976  0.10593598 -0.09650447  0.66687865  0.41838995  0.45321691
  0.05316987  0.0380349   0.01036796]",3263.276548460553,267.41479109274314,2.4548656141978765e-07,0.0012550263386699402,117.06885295700344,243.6535029300503
242,"[1.12483185e+01 1.01879007e+04 2.05520760e-07 6.10872989e+02
 1.20984373e+02 6.87941918e+00 3.44389418e+03 7.15256423e+01
 1.00000000e+00]","[ 0.01785008  0.10126836 -0.21853402 -0.02964249 -0.80199422  0.01091425
  0.01938376  0.51176114  0.18761997]",1020.3985721371879,272.0573878693458,2.4548656141978765e-07,0.0012550263386699402,117.03409854353775,240.12477073857872
243,"[3.14030000e+01 4.29346053e+03 1.15597051e+02 8.23428466e+02
 7.11635877e+02 4.16443330e+00 2.10963383e-05 7.76283025e+02
 1.00000000e+00]","[ 0.44725702 -0.02604662  0.05272539 -0.07179402  0.25960411  0.19294292
 -0.05609807  0.80772108  0.17654115]",661.9365334501516,269.3088701321062,2.4548656141978765e-07,0.0012550263386699402,117.14676284354833,247.23438395316498
244,"[2.92584269e+01 1.40080103e+03 9.93810851e+02 8.01832087e+02
 1.58420725e+02 1.21097249e+01 4.85328690e+03 5.17629345e+01
 1.00000000e+00]","[-0.45086784 -0.21505932  0.63466843 -0.40512426 -0.36881014  0.0622043
  0.03651473 -0.20429769 -0.02401724]",100.39523317445723,271.2462201539071,2.4548656141978765e-07,0.0012550263386699402,116.2970150135357,270.39122858986
245,"[1.64344704e+01 6.49788663e+03 7.97573621e-10 1.53374531e+02
 8.61542820e-10 4.23544855e+01 8.37162768e-07 1.15151713e+02
 1.00000000e+00]","[-0.28063046  0.00598344 -0.30965097 -0.16911039 -0.77971361  0.30945639
 -0.07374729  0.20004633  0.21807092]",44.69108465367116,254.06543419404403,2.4548656141978765e-07,0.0012550263386699402,116.69132130558809,247.96236560563148
246,"[1.18836265e-08 7.62326757e+03 9.03669504e+02 2.09738222e+01
 6.06080264e+02 5.07578050e+00 2.17531869e+02 3.90458494e+01
 1.00000000e+00]","[-0.1725503   0.0955492   0.87443282 -0.27794524  0.22115707  0.18283037
  0.00428469 -0.18696974  0.04355452]",1641.4079608794825,276.808212007395,2.4548656141978765e-07,0.0012550263386699402,116.52241957548976,254.78300974538706
247,"[1.07074000e+02 1.12080892e+03 8.11026084e+02 5.35541257e+02
 9.94595440e+01 2.10740489e+01 4.45774688e+02 8.96205663e+01
 1.00000000e+00]","[ 0.09231386 -0.204113    0.42359316 -0.47593321 -0.59066668  0.03089813
  0.02163476  0.40360405  0.1751181 ]",-142.32974310375118,278.816582440254,2.4548656141978765e-07,0.0012550263386699402,116.1630507914035,244.28156869970212
248,"[2.91205615e+01 2.77898403e+03 1.36324343e+02 1.03203934e+03
 2.55021449e+02 6.16983692e+00 1.63275578e+04 5.90434008e+01
 1.00000000e+00]","[-0.35307735 -0.47910935  0.2012785  -0.63209942  0.34426885 -0.04006151
  0.19277405 -0.21937831  0.01769909]",1255.511674302557,274.72625438038426,2.4548656141978765e-07,0.0012550263386699402,116.52900473858324,255.82798904189258
249,"[6.09267042e+00 3.79012291e+03 3.37233437e+01 1.35804587e+03
 3.74189962e+02 1.02156855e+00 1.73236700e+04 3.96381027e+01
 1.00000000e+00]","[ 0.31789024 -0.03573144  0.12262144  0.44421764  0.68001908  0.33962359
  0.23657845 -0.22676271 -0.01195388]",4818.123351203624,262.00600632695114,2.4548656141978765e-07,0.0012550263386699402,116.05285070691295,242.51626881613856
250,"[6.60525977e+00 5.66295380e+03 6.26815439e+01 7.09742606e+02
 2.31415964e+02 9.74752243e-01 1.84717743e+04 4.08218141e+01
 1.00000000e+00]","[ 0.08967722  0.29296928  0.56755139 -0.15408012  0.19237201  0.0064592
  0.71647868 -0.03915069  0.09137041]",14863.531432558662,275.44844700816793,2.4548656141978765e-07,0.0012550263386699402,115.6558697516029,275.60026394338684
251,"[1.40651520e+01 6.05287147e+03 3.05878024e+02 6.82427374e+02
 9.30578297e+02 1.04594290e-08 8.07925617e-06 6.27986706e+02
 1.00000000e+00]","[ 0.32699047  0.04183709  0.3922358   0.05284877  0.22226942  0.27066936
 -0.23156337  0.7186136  -0.20492017]",1071.7894227314357,267.86170224404214,2.4548656141978765e-07,0.0012550263386699402,113.30991911773201,235.16304161591887
252,"[3.74635029e+01 1.40612594e+03 2.07312348e+02 1.14478116e+03
 2.04136774e+02 1.59914282e+01 2.61819911e+02 5.83700216e+02
 1.00000000e+00]","[-0.01566375 -0.26104541 -0.05944951 -0.27065668  0.25837542 -0.04720498
  0.02286823  0.88610173  0.01163012]",-114.61102354037237,315.16971771722774,2.4548656141978765e-07,0.0012550263386699402,113.53195823268106,242.7892149125678
253,"[2.20955151e+01 2.71443000e+03 9.42152577e+01 1.91866452e+03
 2.00447922e+03 1.09990679e+00 4.83598430e+03 4.01233428e+01
 1.00000000e+00]","[ 0.39290493 -0.1513143   0.47775834  0.2593905   0.6660332  -0.10347782
  0.08802224 -0.25517121 -0.00500961]",1891.011542140128,266.5339984979546,2.4548656141978765e-07,0.0012550263386699402,112.8443884847103,271.6926810311652
254,"[4.69381843e+01 5.01017235e+03 4.06471633e+02 4.07339155e+01
 1.86128433e+03 1.49543491e+01 2.44332497e-05 5.86889226e+01
 1.00000000e+00]","[ 0.38076418 -0.04886801  0.26924369 -0.58783504  0.28120146  0.19333238
 -0.04043369 -0.53740797  0.1664166 ]",353.4438472551123,257.31466836120444,2.4548656141978765e-07,0.0012550263386699402,112.49535968111219,238.0389504006098
255,"[1.14034000e+02 2.24063075e+03 8.44616510e+01 5.15930431e+02
 2.44509762e+02 2.33294172e+01 4.50014037e+03 1.54696711e+02
 1.00000000e+00]","[-0.3377337  -0.13989272 -0.58461447 -0.52616051  0.01647934  0.14066162
  0.01325271  0.42893764 -0.20863033]",-539.704221875114,298.3564389664059,2.4548656141978765e-07,0.0012550263386699402,112.76132010151329,236.70928751818877
256,"[1.98162602e+00 1.00345959e+04 2.79012069e+02 4.67796114e-09
 6.74722792e+02 8.25712571e-01 1.35673714e-06 3.13397375e+02
 1.00000000e+00]","[ 0.19823692  0.0970761   0.14276944 -0.41528272  0.01043355 -0.45662381
 -0.20283697  0.70921283  0.07546963]",1243.3502984942204,255.26192981005988,2.4548656141978765e-07,0.0012550263386699402,112.81608760213072,233.98051533751507
257,"[2.39205199e+01 1.09903426e+03 5.04446890e+01 3.40489630e+03
 1.20254420e+03 3.12627142e+00 2.30225158e-05 4.45769695e+01
 1.00000000e+00]","[ 0.24219299 -0.31657969 -0.16683035  0.52908416  0.61818662  0.18765095
 -0.17150753 -0.14812116 -0.25423443]",2188.0487933801905,260.6904086988184,2.4548656141978765e-07,0.0012550263386699402,112.801928168596,261.45444100050054
258,"[1.98213799e+01 8.21364972e+03 2.92919299e+02 5.67488552e+01
 1.98306638e+03 5.91613569e+00 2.05872374e-05 5.76549452e+01
 1.00000000e+00]","[ 0.38960157  0.08830817  0.2267296  -0.49091268  0.49527207  0.18359241
 -0.285529   -0.3448385   0.26185819]",1735.2332815417028,240.6511076017132,2.4548656141978765e-07,0.0012550263386699402,112.23987240302556,228.14347211253653
259,"[1.77443755e+01 1.79060494e+03 6.41343672e+01 2.53936998e+03
 1.14274885e+02 3.24217133e+00 1.27543288e+04 4.17599484e+01
 1.00000000e+00]","[ 0.10886041 -0.31387984  0.14453529  0.58569913 -0.6012848   0.33852476
  0.15542521 -0.08423204  0.13527925]",2847.821152046471,260.3638533191788,2.4548656141978765e-07,0.0012550263386699402,111.9253529181497,269.042514236814
260,"[1.29876634e-01 8.13296143e+03 3.57366861e+02 4.38592406e+02
 1.68208873e+02 3.33909299e+00 6.38169580e+03 1.70036801e+02
 1.00000000e+00]","[ 0.05313837  0.07824674  0.43790146  0.04629609 -0.60441389  0.03809731
  0.02390375  0.6439453  -0.12307822]",973.558419969482,268.6566417859252,2.4548656141978765e-07,0.0012550263386699402,111.36154953966567,252.7088770569527
261,"[2.76200000e+01 1.20485531e+03 2.66524545e+02 1.96358589e+03
 1.82954229e+03 1.10024033e+01 3.12398840e-05 5.54846116e+01
 1.00000000e+00]","[ 0.32717926 -0.53206345  0.38911969  0.07153609  0.65747439  0.08417079
  0.04379115 -0.09989341 -0.04557432]",810.3695707094868,269.43770851735496,2.4548656141978765e-07,0.0012550263386699402,112.26194497446043,252.14464591067372
262,"[5.76594203e+00 6.00715001e+03 1.85000000e+00 1.29925110e+03
 2.75834289e+02 7.92631339e-10 1.59758914e+04 3.94025359e+01
 1.00000000e+00]","[ 0.27125101  0.25394743 -0.27992752  0.73415661 -0.43405918 -0.17327719
  0.14051425 -0.08003605  0.00242408]",4602.360952754903,262.3467246646069,2.4548656141978765e-07,0.0012550263386699402,111.98896915021498,233.3572500243634
263,"[3.85660000e+01 6.23793305e+02 5.43635335e+01 2.05376300e+03
 7.14857724e+01 1.23429328e+01 8.38976738e+03 8.81677946e+01
 1.00000000e+00]","[ 0.3443305  -0.69682694 -0.45069062 -0.02089934  0.36012097  0.19388951
  0.0880253   0.13037018 -0.01687654]",289.3060903698729,236.2027639364404,2.4548656141978765e-07,0.0012550263386699402,111.81986714023958,243.0824002563627
264,"[2.79984388e-09 1.01879007e+04 7.47328621e-01 1.44882921e+03
 4.58047145e+02 1.38070288e+00 4.36011209e+03 4.48572910e+01
 1.00000000e+00]","[ 0.57454214  0.29751056  0.17556323  0.6854159   0.11971154  0.13624894
  0.07730041 -0.13885438 -0.15040234]",4409.870917103215,258.9894614865643,2.4548656141978765e-07,0.0012550263386699402,110.98545903026583,270.3089202574579
265,"[1.98029358e+01 5.68057243e+03 3.16077535e+02 2.57555874e+02
 2.25608591e+02 2.26576308e+00 1.61446496e+04 4.26174403e+01
 1.00000000e+00]","[-0.07708109 -0.01031356  0.13035151 -0.91174656 -0.28216993  0.02497244
  0.10632675 -0.22623093  0.05430949]",1389.679804233761,277.5357664918306,2.4548656141978765e-07,0.0012550263386699402,111.29053069841143,237.08502169281792
266,"[1.00226000e+02 1.88051772e+03 4.41916109e+02 5.14441776e+02
 1.20671318e+03 2.06434945e+01 2.22416577e+02 7.98432086e+01
 1.00000000e+00]","[-0.23570267 -0.31195142  0.09539113 -0.74713698  0.38868388  0.24779613
  0.02761525  0.24159128 -0.09061127]",-452.9710587346688,245.0984838394362,2.4548656141978765e-07,0.0012550263386699402,110.01577309071673,225.22289734729566
267,"[3.14030000e+01 4.38498779e+03 5.15911920e+02 4.75240243e+01
 6.30644382e+02 7.20559510e+00 8.53108221e+03 7.71166075e+01
 1.00000000e+00]","[-0.08317661 -0.09933466  0.37139021 -0.73914039  0.24891095 -0.0053213
  0.03838452  0.44593729  0.19140702]",237.26246092421573,252.51937120948384,2.4548656141978765e-07,0.0012550263386699402,111.00302571668627,225.63862553760282
268,"[2.45356966e-09 1.01879007e+04 3.63977969e+01 4.30681949e+02
 4.81339451e+02 3.06321541e-01 9.87508264e+03 4.64841201e+01
 1.00000000e+00]","[ 0.41560074  0.65964737  0.52686606 -0.01046432 -0.23272687  0.12100938
  0.17255205  0.07612376  0.10034901]",8330.71301514874,253.03926468021928,2.4548656141978765e-07,0.0012550263386699402,110.47788099208049,236.3918103032447
269,"[6.17208137e-08 4.78012205e+03 1.64945079e-08 2.16130202e+03
 2.27923448e+03 7.75368951e-02 3.81725671e+00 5.96306653e+01
 1.00000000e+00]","[ 0.12641195  0.08747557 -0.2385348   0.36122095  0.38059489  0.3538182
  0.037202    0.71746265 -0.05303   ]",2109.215646612546,255.24915275200738,2.4548656141978765e-07,0.0012550263386699402,110.59087293695006,250.627444787262
270,"[1.10901500e+02 7.68700552e+02 5.28021335e+02 6.75501318e+02
 9.09726162e+01 2.36628702e+01 1.37084779e+03 9.50164334e+01
 1.00000000e+00]","[-0.23247578 -0.56651754 -0.2227098  -0.68780313 -0.18779603  0.13055548
  0.02005425  0.16949438 -0.14455963]",-1014.0151676707012,244.02472144459568,2.4548656141978765e-07,0.0012550263386699402,109.81166225462346,244.55574997043414
271,"[2.76200000e+01 2.81114719e+03 5.66671750e+02 9.38710925e+02
 1.25747787e+03 1.40865906e+00 7.40819536e+03 4.42454725e+01
 1.00000000e+00]","[-0.00799854 -0.13996555  0.69909516 -0.04666322  0.54692337  0.29978495
  0.07434343  0.29981615 -0.07086123]",1210.781144311487,268.13638881229485,2.4548656141978765e-07,0.0012550263386699402,109.93800033479455,231.78904257661634
272,"[3.47830001e+01 8.93603804e+02 8.78567241e+02 1.39280429e+03
 1.39037732e+02 5.17247235e+00 5.79557400e+03 5.76559443e+01
 1.00000000e+00]","[ 0.32333038 -0.20692911  0.59488513  0.00249153 -0.58258247  0.332255
  0.04215364 -0.20678468  0.06641341]",505.6167832558307,267.18959420062794,2.4548656141978765e-07,0.0012550263386699402,109.89223192026442,222.1952359856724
273,"[4.40855556e+01 1.01879007e+04 1.41179672e+01 5.82201073e+02
 8.10902714e+01 1.59324634e+01 5.05227622e-05 5.10129658e+01
 1.00000000e+00]","[ 0.39888683  0.18387171 -0.11349315 -0.04347572 -0.70308949  0.13881794
 -0.2472421  -0.44823957  0.12906219]",1786.3989453449205,251.03212778411603,2.4548656141978765e-07,0.0012550263386699402,109.25110801047273,231.1276826094287
274,"[7.15476318e+01 1.30388668e+03 1.09660328e+03 6.44266437e+02
 3.47217664e+02 1.36650133e+01 2.15128334e+02 5.90293089e+01
 1.00000000e+00]","[ 0.07874029 -0.27029893  0.61347015 -0.55237769  0.24937281  0.23043389
  0.02495148 -0.35120741  0.00399006]",44.425227431326505,276.0182025220701,2.4548656141978765e-07,0.0012550263386699402,108.35245411708263,246.17424947176005
275,"[1.81620000e+01 3.06369718e+03 9.27864125e+01 1.16977303e+03
 2.70376104e+02 5.02728873e+00 1.70983302e+04 5.38855464e+01
 1.00000000e+00]","[ 0.37694566 -0.51078066  0.08769474 -0.15496825  0.6462098  -0.02505972
  0.35953233  0.13320729  0.00931621]",4598.011452481118,243.80153569521008,2.4548656141978765e-07,0.0012550263386699402,109.43257445955517,222.32922470290362
276,"[3.73914121e+01 1.54191540e+03 3.54416611e+02 9.19162355e+02
 1.15301988e+02 1.11641757e+01 1.13023070e+04 8.66192231e+01
 1.00000000e+00]","[ 0.34523706 -0.55940967  0.09050827 -0.41035037  0.41680911 -0.16575418
  0.08964177 -0.38948388  0.17422803]",-168.94976102444238,240.63483174405587,2.4548656141978765e-07,0.0012550263386699402,108.54234395245419,228.86243004932567
277,"[1.00226000e+02 2.27780192e+03 3.12753312e+02 5.32923789e+02
 3.87876755e+01 1.12614408e+01 1.12205297e+04 8.06706241e+01
 1.00000000e+00]","[ 0.3048831  -0.27716206 -0.26710984 -0.71407143 -0.26171243  0.30039534
  0.07097491 -0.28601496 -0.05838728]",-298.37179691803334,244.57583653614302,2.4548656141978765e-07,0.0012550263386699402,108.10600690070993,246.44152398750578
278,"[1.92610000e+01 6.93299757e+03 8.68123834e+01 3.81632026e+02
 3.00730142e+02 9.20375803e-01 1.67337607e+04 3.99765119e+01
 1.00000000e+00]","[ 0.3612983   0.07020478 -0.09339421 -0.71085963 -0.02643597  0.54612323
  0.10656815 -0.18877344 -0.06744859]",1982.518424195198,256.50083463905867,2.4548656141978765e-07,0.0012550263386699402,108.55882683119678,237.52572542289516
279,"[2.06328772e+01 1.21051502e+02 3.45650288e+02 3.02486267e+03
 1.51155054e+02 1.29264221e+01 8.41174992e-06 7.81759913e+01
 1.00000000e+00]","[ 0.00161843 -0.39844164  0.43875632  0.233151   -0.36018502  0.47785495
 -0.07325579  0.47979357 -0.02698621]",797.9219540969827,242.8564801452693,2.4548656141978765e-07,0.0012550263386699402,108.19188612056634,222.42026199070648
280,"[5.95825381e+00 4.05740817e+03 3.72172280e+01 1.33311735e+03
 1.40008221e+02 2.47667037e+00 1.78714419e+04 4.20558123e+01
 1.00000000e+00]","[-0.12792825  0.04309784  0.40440569  0.43307973 -0.49744158  0.58639035
  0.19703357  0.0067231   0.0224885 ]",4219.885920799378,235.15275480787568,2.4548656141978765e-07,0.0012550263386699402,107.7064767936522,222.77098076239344
281,"[2.23420039e-08 2.60115681e+03 6.34695557e+02 3.09151476e+03
 3.55067109e+02 2.46090710e-01 1.06529206e-04 4.34562892e+01
 1.00000000e+00]","[ 0.23418208  0.08612732  0.73762164  0.34366441  0.1161964  -0.19244
 -0.02039082  0.39777039  0.25763948]",1813.392877869569,265.3560233611299,2.4548656141978765e-07,0.0012550263386699402,107.18856161521668,229.34459739825357
282,"[3.61097024e+01 1.98709018e+03 1.09660328e+03 8.47544187e+02
 9.94031883e+02 6.71347221e+00 1.60886237e-07 5.25182766e+01
 1.00000000e+00]","[ 0.26355964 -0.11618928  0.78182773 -0.12150241  0.36291123  0.08006508
 -0.22121651  0.25057333  0.20292908]",907.6601344294403,237.1145317085094,2.4548656141978765e-07,0.0012550263386699402,106.30691857717521,230.90660479804092
283,"[2.76200000e+01 2.97288950e+03 4.50674878e+02 8.76201711e+02
 2.19836599e+03 4.57339436e+00 7.05623802e+02 6.97218297e+01
 1.00000000e+00]","[ 0.11326965 -0.07065226  0.35884982 -0.07427497  0.31439292 -0.10940716
  0.03331425  0.85460202  0.07497334]",663.5489505936971,276.84650028328406,2.4548656141978765e-07,0.0012550263386699402,106.50782526109941,235.81726484517503
284,"[4.54140001e+01 2.64011535e+03 4.69620170e+02 1.85571183e+02
 3.58670450e-08 4.47817076e+01 1.07703186e-05 8.11021526e+01
 1.00000000e+00]","[-0.63981639 -0.09306221 -0.04807095 -0.38752057 -0.55520534  0.04015728
 -0.23566903 -0.24661959 -0.05713768]",-387.49953891477855,244.11961737295695,2.4548656141978765e-07,0.0012550263386699402,106.11973334259895,241.96846531978144
285,"[3.47829999e+01 3.55361469e+02 1.04823597e+03 1.52373646e+03
 2.27807953e+02 7.73035415e+00 1.04790899e-04 6.57105372e+01
 1.00000000e+00]","[ 0.3065824  -0.53207744  0.61204435  0.01420034  0.36734315  0.29593555
 -0.06170913  0.07807037 -0.12521602]",575.7647110795001,234.9408965624881,2.4548656141978765e-07,0.0012550263386699402,106.59424501223378,211.58568846253672
286,"[1.08890690e+02 2.11535214e+03 1.02518717e+03 3.32072993e+02
 4.83539090e+02 1.33734305e+01 2.44598752e-08 5.53663116e+01
 1.00000000e+00]","[ 0.31582321 -0.17696249  0.464118   -0.60408321  0.29994567  0.24015188
 -0.23596012 -0.25328828 -0.14541486]",69.33837703742478,241.7350535513883,2.4548656141978765e-07,0.0012550263386699402,106.61122783207398,245.46253331765115
287,"[2.76200000e+01 6.43843625e+02 5.58263288e+02 2.00139577e+03
 1.77552438e+02 5.29336980e+00 6.27414450e+03 5.83062632e+01
 1.00000000e+00]","[-0.1736832  -0.44468267  0.47467043  0.09749982  0.27698697  0.22263816
  0.0680538   0.61897539  0.15238719]",682.6036641009441,246.8885001430649,2.4548656141978765e-07,0.0012550263386699402,105.93316678865816,241.2412925136308
288,"[2.39421091e+01 6.39817239e+03 5.56063714e+02 9.14113340e+01
 1.98719829e-08 3.28846220e+01 7.32154971e-06 5.97047847e+01
 1.00000000e+00]","[ 0.0087725   0.02512999  0.22445333 -0.10468115 -0.76939928  0.5086427
 -0.12445556 -0.26764168  0.01184007]",276.9962141519913,246.917091142711,2.4548656141978765e-07,0.0012550263386699402,105.73313118162963,233.5290993824931
289,"[1.25580000e+01 3.71571130e+03 4.50759896e+00 2.57258586e+03
 1.58761057e+02 4.28334492e-01 1.18864269e+04 3.91556021e+01
 1.00000000e+00]","[ 0.48044374  0.1155519   0.04136582  0.39181358 -0.53963369  0.39118057
  0.05683194  0.37163629  0.12256585]",2048.249101203569,266.3120291128564,2.4548656141978765e-07,0.0012550263386699402,105.6872205363408,239.09655600763335
290,"[2.30677676e+01 3.22093722e+03 3.50781822e+02 7.15725292e+02
 3.62917521e+02 3.65798451e+00 1.53449328e+04 4.82065155e+01
 1.00000000e+00]","[-0.03379863 -0.16983172  0.66595271 -0.31426122  0.37625811  0.51963941
  0.10767147 -0.06749085  0.00427383]",1248.2962243144136,240.1537299324482,2.4548656141978765e-07,0.0012550263386699402,106.93392816870316,237.5587804895573
291,"[3.47830001e+01 3.57115726e+02 2.77654650e+02 1.94181523e+03
 1.06642000e+02 1.36334078e+01 5.52211992e+03 9.06852930e+01
 1.00000000e+00]","[ 0.27271341 -0.77469611  0.21510056 -0.08676001  0.46536595  0.10301867
  0.08446729 -0.125865    0.14670632]",130.28450895581372,239.93952488599348,2.4548656141978765e-07,0.0012550263386699402,106.16797531867952,226.66628454463233
292,"[3.09210000e+01 3.35070722e+03 4.05513542e+02 2.93634691e+02
 5.16444649e+02 1.35392548e+01 1.57487831e-06 5.13919567e+02
 1.00000000e+00]","[-0.44058949 -0.13232827  0.13729465 -0.4948323   0.19468472 -0.17750045
 -0.15522473  0.65385232  0.06029247]",-112.41340770624764,262.3202981263758,2.4548656141978765e-07,0.0012550263386699402,105.35294500373668,211.67986033870255
293,"[1.31892121e+01 4.04284564e+03 8.04195605e+01 1.05736911e+03
 1.08078548e+03 5.24266286e-01 1.38039632e+04 4.11949409e+01
 1.00000000e+00]","[ 0.52782961 -0.09932982  0.08449532 -0.00238322  0.73626044  0.34285334
  0.11942037 -0.15353639  0.08319769]",2047.8135807875433,232.76249683744732,2.4548656141978765e-07,0.0012550263386699402,105.01820351712362,219.4689582418448
294,"[1.77558705e+01 2.35256576e+03 2.78400000e+01 2.92767916e+03
 1.45910786e+03 1.20488023e-01 3.87046326e+03 4.03784122e+01
 1.00000000e+00]","[ 0.47652006 -0.01274554 -0.18764731  0.44918306  0.48827257  0.52173523
  0.06075717 -0.12903735 -0.06949403]",2230.6998715295977,234.61942332860235,2.4548656141978765e-07,0.0012550263386699402,105.44751297797796,236.2442468178574
295,"[4.51626836e-09 8.07379784e+03 1.74242177e-09 1.42421787e+03
 1.96582562e+03 4.74956844e+00 2.05383913e-06 4.30257039e+01
 1.00000000e+00]","[ 0.56490968  0.17655349 -0.16979554  0.46963003  0.48033748 -0.10500238
 -0.25066522 -0.30711439 -0.03769789]",3024.8222033316665,242.97784211221187,2.4548656141978765e-07,0.0012550263386699402,106.0756284843252,214.91592764826646
296,"[4.52110000e+01 7.46948494e+03 1.29882530e-08 1.01522038e+02
 1.87124264e+03 5.02571056e+00 1.84943421e-05 1.16893076e+02
 1.00000000e+00]","[ 0.3882939   0.00058063 -0.53916805 -0.56703501  0.27800748  0.09504036
 -0.04684885  0.38309269  0.04148451]",529.8450789244562,235.43753248740217,2.4548656141978765e-07,0.0012550263386699402,105.78015228079006,211.56467163758407
297,"[1.65748035e+01 2.12663709e+03 1.14898328e+03 1.84872107e+03
 4.58101565e+02 1.50947321e+00 7.96919698e-06 3.90458493e+01
 1.00000000e+00]","[ 0.40680872  0.02933779  0.61968795  0.15171566  0.14030066  0.41232343
 -0.0103031  -0.48635445  0.01653694]",1107.5453792266528,237.71932588507252,2.4548656141978765e-07,0.0012550263386699402,105.50250889172473,215.924336233752
298,"[4.52110000e+01 5.08614950e+03 2.09006730e+02 7.86298647e+01
 1.80737280e+03 7.65865085e+00 4.21822424e+02 1.10501592e+02
 1.00000000e+00]","[ 0.18760356 -0.08207356 -0.40450389 -0.66550357  0.25979555  0.01005656
  0.01930567  0.51291276 -0.14318997]",-11.526643414559333,242.78599742977775,2.4548656141978765e-07,0.0012550263386699402,105.9608106796543,219.0845814386032
299,"[1.14034000e+02 3.20024808e+01 9.65648242e+01 2.02790136e+03
 9.58695307e+01 1.92834222e+01 3.27799627e-06 9.99033068e+01
 1.00000000e+00]","[ 0.36911436 -0.70460278 -0.23163348 -0.12643694  0.14197151  0.42562826
 -0.10685385 -0.29087561 -0.01753406]",-266.4853891055842,229.9169442631359,2.4548656141978765e-07,0.0012550263386699402,105.41009754910384,224.23099715384438
300,"[2.30239320e+01 8.88494420e+02 5.01853952e+01 4.21263460e+03
 3.45078539e+02 2.02568922e+00 3.42839076e+00 5.04249454e+01
 1.00000000e+00]","[-0.12815453 -0.29785951 -0.28149264  0.56225482  0.43528845  0.41243371
  0.04408551  0.37125572  0.0116446 ]",2256.7776526434145,251.00368690194864,2.4548656141978765e-07,0.0012550263386699402,104.83900993936854,218.57916801816054
301,"[3.14030000e+01 1.18985948e+02 5.43917839e+01 2.28904650e+03
 5.82652836e+01 1.70875790e+01 3.50502157e+03 1.03676307e+02
 1.00000000e+00]","[-0.29845809 -0.76507305 -0.42224001  0.03660592 -0.35767563 -0.04795442
  0.05168766 -0.11156412  0.02469267]",108.38585252453156,239.39171678062155,2.4548656141978765e-07,0.0012550263386699402,104.62093402543832,232.96793985864053
302,"[1.12152072e+01 5.64008349e+03 3.45675755e+01 1.07824717e+03
 2.47236411e+03 4.37943894e-01 3.80104589e+03 4.45326376e+01
 1.00000000e+00]","[ 0.07573904  0.06425672 -0.20173215  0.12956275  0.78098719  0.29840538
  0.09124863 -0.30975534 -0.35970941]",2759.6916661440414,234.32673838035635,2.4548656141978765e-07,0.0012550263386699402,104.09236931307126,217.57008973861207
303,"[1.11274307e+02 1.95327698e+03 5.55294268e+02 1.81989510e+02
 7.54655277e+01 3.31793619e+01 5.13703423e-05 8.43443635e+01
 1.00000000e+00]","[ 0.09834068 -0.17702214  0.04827526 -0.74888516 -0.43182191  0.2237614
 -0.01112978 -0.39782498 -0.03008114]",-503.0605383406141,243.9224402644009,2.4548656141978765e-07,0.0012550263386699402,104.59134225309084,220.47311704939352
304,"[9.19145455e+01 5.46025445e+02 6.92173469e+02 8.18029685e+02
 1.50477274e+02 2.00175846e+01 1.45757916e-05 9.73143698e+01
 1.00000000e+00]","[-0.28506781 -0.53665892  0.04469123 -0.57961143  0.22766445  0.42282352
 -0.21525974  0.00903727  0.1255292 ]",-718.7093609107153,226.71472875199822,2.4548656141978765e-07,0.0012550263386699402,104.80607798834495,222.16231495735087
305,"[1.03313518e+01 2.54772160e+03 1.33566900e+02 2.56220429e+03
 8.52904734e+01 6.39135660e+00 5.05721786e+02 5.22394287e+02
 1.00000000e+00]","[ 0.04145578  0.03374596  0.34075706  0.15897511 -0.61850468 -0.19866375
  0.01623092  0.54601397 -0.36789148]",778.2969053584208,246.12825055103883,2.4548656141978765e-07,0.0012550263386699402,104.42067802052492,216.76263979438409
306,"[8.20422829e-11 3.14259922e+03 1.02395090e+03 9.95471679e+02
 3.65993181e+02 1.40126439e+00 3.23822553e-07 3.27341065e+02
 1.00000000e+00]","[-0.38464079  0.0187355   0.55299748  0.03973531  0.09644072  0.38609045
 -0.04012576  0.61881071 -0.03757551]",903.038043720117,254.4206316149773,2.4548656141978765e-07,0.0012550263386699402,104.60547922819407,233.13024977839996
307,"[3.85659999e+01 2.11781829e+03 5.38729555e+01 1.73196613e+03
 2.40009900e+03 9.67579159e+00 5.47114053e+01 4.97834755e+01
 1.00000000e+00]","[ 0.33993979 -0.30641593 -0.43149191 -0.10931259  0.66519197  0.01377756
  0.02216312 -0.31100802 -0.22919061]",733.7656396551058,232.04024903877632,2.4548656141978765e-07,0.0012550263386699402,103.23082369927032,235.9160156865455
308,"[6.31727632e-08 1.01879007e+04 3.40410564e+02 5.02286796e+02
 5.58055289e+02 2.84159802e+00 3.54212659e+03 1.19018496e+02
 1.00000000e+00]","[ 0.37254785  0.17724523  0.48856084  0.14646275  0.12369552  0.38675434
  0.0277086   0.63434938 -0.04003495]",2289.3689700705904,250.47325632690263,2.4548656141978765e-07,0.0012550263386699402,104.03346610653878,229.88135268040787
309,"[2.66630001e+01 2.22137830e+03 2.78400000e+01 2.57430429e+03
 4.52699289e+02 1.21198805e+00 1.70484990e-07 6.46172815e+02
 1.00000000e+00]","[ 0.43835987 -0.0304077  -0.21484569  0.15446536  0.22899093  0.03960405
 -0.15515667  0.75293776 -0.30315605]",925.7373155281483,260.1561632137161,2.4548656141978765e-07,0.0012550263386699402,102.7071493872164,232.865114412533
310,"[3.00772687e+01 1.67347178e+03 1.56074664e+02 1.21619795e+03
 1.54798308e+01 1.11617866e+01 1.34435956e+04 8.38445243e+01
 1.00000000e+00]","[ 0.32078148 -0.59826714  0.36885522 -0.30783762 -0.24996436  0.33578075
  0.13864867 -0.33397798 -0.04859903]",527.4068907460256,220.62811893365893,2.4548656141978765e-07,0.0012550263386699402,103.10850859469392,222.81392135688657
311,"[1.32430598e+01 1.00052715e+04 6.53451737e+01 1.81801196e+01
 5.80367893e+02 1.40928083e+00 7.51506299e+03 7.24412432e+01
 1.00000000e+00]","[ 0.09435358  0.10932322 -0.15305797 -0.49369352  0.11924858  0.34301391
  0.0354571   0.75871242  0.0566153 ]",1467.2535417967852,231.08302001410243,2.4548656141978765e-07,0.0012550263386699402,102.86568990140786,219.93196361108755
312,"[1.40718631e+01 8.11127258e+03 9.38887174e-09 1.72092689e+03
 1.45937189e+02 1.49629501e+00 6.43940436e+03 4.04347545e+01
 1.00000000e+00]","[ 0.27277529  0.09306268 -0.20050426  0.22401639 -0.61967833 -0.0980175
  0.03065568  0.64335768 -0.13449958]",1276.9141276675355,249.70427837448915,2.4548656141978765e-07,0.0012550263386699402,104.06187309915153,225.94093320887487
313,"[5.57936464e-08 8.74311678e+03 2.05358266e-08 6.61529099e+02
 2.17324183e+03 2.56919978e+00 8.54201847e+02 5.37543292e+01
 1.00000000e+00]","[ 0.62558828  0.20898984 -0.27979478  0.12096711  0.64461763 -0.03462979
  0.06856255 -0.21634151 -0.06171552]",3354.942099179386,233.3150137569437,2.4548656141978765e-07,0.0012550263386699402,103.62196444787719,215.2987443680816
314,"[1.12594476e+02 2.90754386e+03 1.43324222e+02 5.93513075e+02
 1.80144650e+03 1.01333974e+01 1.42660062e-05 1.04230111e+02
 1.00000000e+00]","[ 0.01294313 -0.17082353 -0.48776511 -0.59153439  0.28174361  0.1782762
 -0.04928352  0.49204588  0.16469423]",-355.40824528553446,228.12306858985434,2.4548656141978765e-07,0.0012550263386699402,103.58870550559743,206.42254836837196
315,"[3.14030000e+01 4.31617852e+03 2.97066579e+02 4.13579027e+02
 5.66129064e+02 1.36753468e+00 1.50243453e+04 4.39724567e+01
 1.00000000e+00]","[ 0.4474704  -0.14983527 -0.16062448 -0.60834518  0.49813328  0.24064262
  0.07639377  0.23962821  0.11014637]",508.77154215642173,237.71056578513554,2.4548656141978765e-07,0.0012550263386699402,102.7429874742476,224.92335706907454
316,"[3.36941239e-10 8.54343353e+03 1.89026790e+01 6.99717931e+02
 3.82616681e+02 2.94820104e-10 1.37063909e+04 4.08015314e+01
 1.00000000e+00]","[-0.22961337  0.32297573  0.28305693  0.56035351 -0.47765278  0.29381484
  0.12250282 -0.26232194  0.22482887]",4642.596852815543,229.97817761629904,2.4548656141978765e-07,0.0012550263386699402,103.60934891321624,226.47475145909732
317,"[2.76200000e+01 5.50014356e+03 6.61776371e+01 1.08443085e+03
 8.80022331e+01 9.59212818e+00 2.15972894e-05 6.40993569e+02
 1.00000000e+00]","[ 0.23790622  0.04398224  0.08817065  0.03187001 -0.73063065  0.30292821
 -0.05240807  0.51341219  0.20186902]",556.7796978951094,251.36577448387237,2.4548656141978765e-07,0.0012550263386699402,102.44590181532512,199.60996936443644
318,"[3.14030000e+01 4.26473616e+03 1.09660328e+03 1.37362911e+01
 3.67219191e+02 1.29233417e+01 2.98981034e+02 5.90307253e+01
 1.00000000e+00]","[-0.08337853 -0.04184991  0.51616844 -0.58603461 -0.03640947  0.57095013
  0.01672919 -0.0042974  -0.23199602]",375.4092451585491,243.63400041813833,2.4548656141978765e-07,0.0012550263386699402,103.57598606767552,213.72431814238257
319,"[1.14034000e+02 1.14164317e+03 1.27924044e+02 9.23822301e+02
 9.48349211e+01 1.84265618e+01 6.97143446e+03 9.55411485e+01
 1.00000000e+00]","[-0.26261948 -0.36276945 -0.59580173 -0.52253667  0.14864475 -0.0490971
  0.0260754  -0.319026   -0.21081215]",-838.7651893061732,226.07571004145848,2.4548656141978765e-07,0.0012550263386699402,102.84073340684556,231.7127050646152
320,"[9.35648841e+00 5.02452742e+03 6.44885563e+01 7.23224253e+02
 1.65220882e+02 3.46233068e+00 1.84675660e+04 4.84793866e+01
 1.00000000e+00]","[ 0.43831527 -0.1428098  -0.31331601 -0.54290549  0.31335203 -0.0220388
  0.33148118  0.43010282 -0.03206829]",5067.867277419072,226.44149369696697,2.4548656141978765e-07,0.0012550263386699402,102.7376588263367,214.20091003541074
321,"[2.90529370e+01 3.45450189e+03 9.10147547e+02 3.86798792e+02
 2.60157752e+02 5.79359765e+00 8.33815604e+03 4.95005708e+01
 1.00000000e+00]","[-0.13597587 -0.08082602  0.8019027  -0.49277088  0.08854634 -0.01775267
  0.0555959  -0.21102843 -0.18255721]",731.954374400158,231.8843134300365,2.4548656141978765e-07,0.0012550263386699402,101.13103197326615,222.3456011235844
322,"[3.74635029e+01 2.14739720e+03 4.37183444e+02 8.86957435e+02
 1.93802149e+03 1.50445632e+01 3.34882735e+02 6.01615379e+01
 1.00000000e+00]","[ 0.32401336 -0.38173135  0.3287456  -0.46443464  0.60070086 -0.08881444
  0.05984971 -0.22987706 -0.01919177]",93.22691610339956,227.74464106533657,2.4548656141978765e-07,0.0012550263386699402,101.48540788798304,202.4661161346162
323,"[2.34636421e+01 1.59302485e+03 9.09791500e-09 3.59795959e+03
 1.07015661e+02 1.11231869e+01 3.18880343e-05 2.48396385e+02
 1.00000000e+00]","[ 0.0051186  -0.00114394 -0.2949326   0.21016146 -0.67083305  0.3822132
 -0.00097517  0.49102411  0.17779165]",809.058389235619,243.58023780775807,2.4548656141978765e-07,0.0012550263386699402,101.40383948336363,215.91683055609246
324,"[2.08580000e+01 4.81368013e+02 6.11778283e+02 3.03394280e+03
 2.66740928e+02 4.09344497e+00 1.80359276e-06 5.50879117e+01
 1.00000000e+00]","[ 0.45219792 -0.24607425  0.6594563   0.33405019  0.10961737  0.31237209
 -0.24009141 -0.09506415  0.11053957]",1333.3016602058156,227.29757896484443,2.4548656141978765e-07,0.0012550263386699402,100.94489272364784,232.37298710817353
325,"[1.59617139e+01 1.48185222e+03 5.69285872e+01 3.13166373e+03
 8.44394806e+02 1.18949263e+00 6.02952525e+03 4.17626656e+01
 1.00000000e+00]","[-0.24510186 -0.11671068 -0.1282925   0.26269391  0.30568189  0.53456007
  0.04492099  0.67751645 -0.02437841]",1196.3800893050686,233.22415027706006,2.4548656141978765e-07,0.0012550263386699402,100.80105767869146,211.89897428483795
326,"[1.67184377e+01 1.34037837e+03 4.63887008e+02 2.76918235e+03
 3.14817865e+02 8.59280435e-09 6.70413779e+03 4.48203857e+01
 1.00000000e+00]","[ 0.3785375  -0.15086176  0.74120816  0.32053621  0.38371837  0.12808905
  0.06809846 -0.07857742 -0.0857828 ]",1609.3119464298918,244.2591304052164,2.4548656141978765e-07,0.0012550263386699402,100.61061289760791,208.30732084664857
327,"[3.14030000e+01 1.79418310e+03 7.76518983e+01 1.50325502e+03
 1.83368779e+03 1.12651168e+01 3.17937097e+03 6.84891627e+01
 1.00000000e+00]","[-0.18613147 -0.42728898 -0.29048587 -0.30599134  0.65618266  0.07222488
  0.07730283 -0.23354994 -0.3293221 ]",178.47763130640868,233.88094447956632,2.4548656141978765e-07,0.0012550263386699402,100.69124296735367,216.60391825769238
328,"[3.74152526e+01 8.11483931e+02 4.58810027e+02 1.19529620e+03
 4.19040546e+01 1.68213255e+01 7.64216057e-06 4.25419133e+02
 1.00000000e+00]","[-0.23202359 -0.23116366  0.22783555 -0.25058902 -0.1638908  -0.1794899
 -0.15667844  0.83139366  0.05642833]",-47.40143123245953,225.51046379145714,2.4548656141978765e-07,0.0012550263386699402,101.0203318331783,213.83624651879745
329,"[1.84716906e+01 8.80034244e+03 1.13096963e+01 1.98810105e+03
 1.19998173e+02 8.18924324e+00 6.77824759e-04 4.08029226e+01
 1.00000000e+00]","[ 0.53397487  0.07393507 -0.05795779  0.1917933  -0.73026796  0.23871874
 -0.18091651 -0.21200895  0.03611328]",946.8758257785383,219.2127178208292,2.4548656141978765e-07,0.0012550263386699402,100.71261386974717,203.54534686892202
330,"[3.73864929e+01 6.73543998e+02 5.53469223e+02 1.15078403e+03
 9.13329411e+01 1.45006706e+01 5.45734966e+03 9.03670480e+01
 1.00000000e+00]","[-0.12977072 -0.5452763   0.15124814 -0.35863395  0.21162646  0.44475023
  0.05920735 -0.53687985 -0.00223614]",-400.7439108706359,240.50624111931398,2.4548656141978765e-07,0.0012550263386699402,100.31604360649825,210.98694403979698
331,"[5.94300002e+00 6.27410422e+03 2.95846941e+02 3.44647687e+02
 3.90890036e+02 5.38880116e-09 1.60350163e+04 3.91612359e+01
 1.00000000e+00]","[ 0.46965394  0.07808348  0.72740619 -0.03481203  0.4134424   0.07979186
  0.08980076 -0.18500585  0.15298301]",2290.3730822955804,241.2877086268495,2.4548656141978765e-07,0.0012550263386699402,100.77975183690414,230.18820509382567
332,"[5.94300002e+00 3.09605667e+03 2.92322861e+01 2.10609475e+03
 1.81090210e+02 6.46120278e-01 1.54072466e+04 3.91606327e+01
 1.00000000e+00]","[-0.22103506  0.00401839 -0.30024857  0.72175868  0.33841966  0.32171519
  0.16648531 -0.29703327 -0.07789684]",4137.305400916492,213.74009747831087,2.4548656141978765e-07,0.0012550263386699402,99.85239751464385,220.46910179189035
333,"[1.05670422e+01 1.01879007e+04 6.59497178e-08 1.65985419e+01
 1.34182185e+03 7.43262544e+00 9.94497277e-04 7.67993922e+01
 1.00000000e+00]","[-0.06215114  0.41635381 -0.64102054 -0.53795322  0.26963513  0.01135806
 -0.00604339  0.18488847 -0.12423112]",4608.147048079473,219.71714261554007,2.4548656141978765e-07,0.0012550263386699402,100.30602308140969,203.05175907317872
334,"[3.80840000e+01 1.70742452e+03 7.16575237e+02 8.62932136e+02
 2.67209952e+02 5.20269553e+00 9.69794337e+03 5.83989232e+01
 1.00000000e+00]","[ 0.53032957 -0.24896146  0.33837597 -0.2719674   0.33233666  0.38563266
  0.05411637 -0.4368979   0.12383708]",193.13357211000772,233.0431831570948,2.4548656141978765e-07,0.0012550263386699402,99.54843809654619,199.67203573266033
335,"[1.14034000e+02 8.99607026e+02 3.59341593e+02 7.47143788e+02
 1.41612121e+01 3.71364468e+01 1.32730424e-05 8.43369834e+01
 1.00000000e+00]","[-0.34158284 -0.21596719 -0.35174033 -0.31262357 -0.18959104  0.3632649
 -0.03170253 -0.66574535  0.05564628]",-638.4931303804727,219.61140677850887,2.4548656141978765e-07,0.0012550263386699402,99.57740996710936,222.95253933014502
336,"[1.65025020e-07 1.00598708e+04 2.31317388e-06 4.70547495e+02
 5.91045723e+02 2.35860231e+00 9.98526514e+03 4.15002025e+01
 1.00000000e+00]","[ 0.244115    0.45130511 -0.21356038  0.08561013  0.80521675  0.11303606
  0.13723576  0.02434493 -0.05671814]",6427.830275275918,223.7660828804619,2.4548656141978765e-07,0.0012550263386699402,99.27599471458619,191.8228822525224
337,"[3.72033368e+01 1.81842867e+03 1.09660328e+03 9.17305824e+02
 1.95579390e+02 2.61772836e+00 4.28284719e+03 9.26206587e+01
 1.00000000e+00]","[ 0.31113659 -0.03670789  0.58136759 -0.03493622 -0.3541202   0.16340014
  0.0226601   0.63586649  0.07548074]",637.495783235386,231.6326739442252,2.4548656141978765e-07,0.0012550263386699402,99.11757601931896,219.34805446421208
338,"[3.14029999e+01 3.79860557e+03 8.61104820e-08 5.79473597e+02
 4.37986642e+01 1.22563102e+01 1.32131269e+04 1.00978455e+02
 1.00000000e+00]","[-0.4276357  -0.05695118 -0.52845795 -0.34289273 -0.36277884  0.3070721
  0.020749    0.38994922  0.19659189]",-126.85490111194078,223.21885093272635,2.4548656141978765e-07,0.0012550263386699402,99.11616792876055,209.6071994903163
339,"[9.62109035e+01 2.99321351e+03 3.60743051e+02 2.03896946e+02
 3.35886391e+02 1.52243527e+01 8.99394935e+03 7.38540254e+01
 1.00000000e+00]","[-0.16701205 -0.16586866 -0.01738534 -0.77955448  0.12317909  0.39714939
  0.03202168 -0.38222167  0.12871522]",-370.44705792813863,235.23218396380037,2.4548656141978765e-07,0.0012550263386699402,98.74520460641949,204.74304521321528
340,"[3.14030000e+01 4.38319155e+03 9.99350854e+02 1.02282287e+02
 1.64297012e+02 2.29210453e+01 4.52300985e+02 4.83072605e+01
 1.00000000e+00]","[ 0.08958405 -0.0013188   0.48295583 -0.34786071 -0.62301914  0.38992659
  0.01522183 -0.30950016  0.03875441]",342.6448140637491,224.92829732356353,2.4548656141978765e-07,0.0012550263386699402,99.36365641502043,202.3581500669443
341,"[1.97159026e+01 1.36171391e+03 9.64305801e+02 1.80698382e+03
 1.53471477e+02 4.16892905e+00 4.89828711e+03 3.92305513e+01
 1.00000000e+00]","[ 0.29325346 -0.03385756  0.53650453  0.14078709 -0.64019295  0.43627719
  0.02654916 -0.02100375  0.0621863 ]",764.2829400764248,235.5718311406198,2.4548656141978765e-07,0.0012550263386699402,99.48221062540097,197.30125472673217
342,"[2.46410000e+01 1.03295768e+03 5.50034128e+01 2.80135656e+03
 1.18531896e+02 4.94868233e+00 9.50556402e+03 5.66052028e+01
 1.00000000e+00]","[ 0.63133146 -0.42310336 -0.03558091  0.39644268 -0.4712128   0.03996725
  0.10521301 -0.04852207 -0.16403744]",1628.6714320579724,213.39800994345524,2.4548656141978765e-07,0.0012550263386699402,98.61935654826446,213.2539569114697
343,"[1.60476022e+01 1.54504990e+03 1.71169526e+02 3.99096134e+03
 1.37710035e+02 9.04530819e+00 7.92113292e+00 3.90458493e+01
 1.00000000e+00]","[ 0.14844049  0.0227785   0.37920903  0.25216508 -0.72941688  0.33570129
  0.01650002 -0.35163658  0.03734927]",997.8927394422251,226.48901625533983,2.4548656141978765e-07,0.0012550263386699402,98.75833463130883,226.63417368338798
344,"[8.04782303e-10 5.80877267e+03 8.53388929e+02 1.54881407e+03
 2.51469011e+02 2.98979448e+00 6.40986821e+01 4.31587729e+01
 1.00000000e+00]","[-0.16577457  0.11238544  0.82596922  0.2851573  -0.28404811  0.2766941
  0.01981734 -0.03537791  0.19354892]",1728.684992132022,225.45812004908203,2.4548656141978765e-07,0.0012550263386699402,99.03103335580184,218.5541222841366
345,"[3.85660000e+01 5.20171337e+02 5.36076726e+01 2.00191520e+03
 1.22970603e+03 1.68701339e+01 2.47904155e-09 9.01335810e+01
 1.00000000e+00]","[ 0.45565273 -0.32015167 -0.51811122 -0.05086971  0.24087037  0.24776161
 -0.34625926 -0.39007402  0.16552632]",-13.186323725047572,225.14842396420624,2.4548656141978765e-07,0.0012550263386699402,98.3211303960497,224.67233741873042
346,"[1.35091283e+01 1.01879007e+04 1.02845609e+00 7.55952583e+02
 2.40882244e+02 5.68017967e-01 7.34750376e+03 3.94866412e+01
 1.00000000e+00]","[ 0.45504702  0.26951575 -0.11918425  0.16008115 -0.6555718   0.28964241
  0.04506829 -0.35575466  0.1954558 ]",3032.3744025975616,220.3924635902249,2.4548656141978765e-07,0.0012550263386699402,98.7856475006247,212.03389175661232
347,"[2.73948771e+01 1.22684063e+03 3.72939226e+02 1.92094572e+03
 2.62039605e+02 5.92456259e+00 2.01603293e-05 5.82560019e+02
 1.00000000e+00]","[ 0.04473737 -0.18480955  0.35928203  0.09412408  0.22288355  0.02507354
  0.01722605  0.86402576  0.16958202]",651.3606363830612,247.14665325637316,2.4548656141978765e-07,0.0012550263386699402,98.8423513179445,232.19314822730001
348,"[9.97989004e+00 8.48025466e+03 3.88300496e+02 2.08073089e+01
 4.52366755e+02 2.89577026e-01 1.07315362e+04 5.11761264e+01
 1.00000000e+00]","[ 0.31452473  0.12175629  0.83100466 -0.33850128 -0.20153992 -0.15449447
  0.04154093  0.03601998  0.11656657]",1707.842738920695,237.30579252155258,2.4548656141978765e-07,0.0012550263386699402,99.08569897305907,195.8537104650487
349,"[3.03005028e+01 4.07073048e+03 1.30439205e+02 8.54891903e+02
 2.73910264e+03 8.21762885e+00 1.57190844e-04 5.16164077e+01
 1.00000000e+00]","[ 0.34441002 -0.14897308  0.20367151 -0.383457    0.78544827 -0.13377999
 -0.09536978 -0.07111125 -0.14727229]",1249.2653088314914,216.90379461917155,2.4548656141978765e-07,0.0012550263386699402,98.07775283116524,209.11123471551582
350,"[4.08912582e-08 1.01879007e+04 2.96899997e+01 1.80587838e+03
 3.00489951e+02 2.33657099e+00 2.02564296e-04 4.38463725e+01
 1.00000000e+00]","[-0.01792493  0.31156828  0.01211856  0.6770018  -0.58674719  0.21775953
  0.03848029 -0.19902984  0.10649188]",4212.746357118847,225.72501713613474,2.4548656141978765e-07,0.0012550263386699402,98.39177281514598,207.23920712912718
351,"[3.01911358e+01 2.74783042e+03 1.33682630e+02 1.08348674e+03
 4.36507259e+01 7.76442387e+00 1.64597600e+04 6.25372708e+01
 1.00000000e+00]","[ 0.44788582 -0.36887132  0.43797497 -0.35484018 -0.28145846  0.3349817
  0.16115718 -0.32280631  0.15489174]",1296.9024728635577,216.80543085184058,2.4548656141978765e-07,0.0012550263386699402,96.28511890882044,189.77335596365606
352,"[1.24818753e+00 5.30415438e+03 2.59583940e+01 1.42315198e+03
 2.79041038e+03 2.50691622e+00 2.79365047e-05 4.91227745e+01
 1.00000000e+00]","[-0.02990462  0.08248388 -0.27476286  0.34327975  0.67388095  0.46958126
 -0.07340063 -0.32553082  0.11395811]",2784.581360027251,212.77396430492172,2.4548656141978765e-07,0.0012550263386699402,96.16353679931254,189.2589465374836
353,"[1.21704398e-01 8.25890248e+03 3.74619690e+02 1.56479104e+03
 3.99437051e+02 1.36819692e+00 3.43059662e+03 4.21237993e+01
 1.00000000e+00]","[ 0.43159667  0.12953281  0.8111959   0.35035054 -0.01286068  0.06566278
  0.03610448 -0.09885802  0.02465435]",2036.639831353278,232.81252714652737,2.4548656141978765e-07,0.0012550263386699402,96.32197558171151,194.81091686040236
354,"[3.14030000e+01 6.93945262e+02 5.43528696e+01 2.64291846e+03
 1.17217345e+02 8.89337107e+00 4.89031550e+03 2.61476111e+02
 1.00000000e+00]","[ 0.4342231  -0.25889348 -0.26923796  0.13328371 -0.06004897 -0.23342448
  0.04423774  0.77032402 -0.02686817]",580.2183768107379,221.12991514466535,2.4548656141978765e-07,0.0012550263386699402,96.36626941252354,213.3283821331239
355,"[6.61499993e+00 4.83134334e+03 6.65503788e+02 1.01912729e+03
 1.83970641e+03 5.15516580e+00 2.65126480e-05 4.62093587e+01
 1.00000000e+00]","[ 0.35537243  0.06889575  0.66934293  0.18977661  0.25503324  0.52436564
 -0.12259483  0.1409968  -0.10008909]",1452.3713306470052,233.80708556967807,2.4548656141978765e-07,0.0012550263386699402,95.46319232537523,220.79084008229492
356,"[2.76200000e+01 5.14099814e+02 5.53894512e+02 2.09556472e+03
 9.49230050e+02 8.16640685e+00 7.29687969e-06 5.80951972e+01
 1.00000000e+00]","[ 0.0391199  -0.49799788  0.55051875  0.16692422  0.48575029  0.26886531
 -0.01378475 -0.32322599 -0.08140145]",844.2148553073803,234.49626383201507,2.4548656141978765e-07,0.0012550263386699402,96.03184883155345,204.47544403801908
357,"[1.54780000e+01 1.76488692e+03 4.92100785e+02 2.00720454e+03
 8.60849064e+02 4.60191418e-01 7.14416305e+03 3.91836889e+01
 1.00000000e+00]","[-0.06359172 -0.10060321  0.73331784  0.24649633  0.44435156  0.34203341
  0.06707379 -0.26121557 -0.01232736]",1528.7126481322898,228.344820360212,2.4548656141978765e-07,0.0012550263386699402,96.07262393012765,211.19565644682507
358,"[2.67838321e+01 3.52281974e+02 5.49040577e+01 3.35174998e+03
 1.82896418e+02 7.81608877e+00 3.11431665e+03 6.01136206e+01
 1.00000000e+00]","[ 0.56757919 -0.50088382 -0.30791209  0.26694167  0.03158416  0.48037348
  0.06107071 -0.06973212 -0.14336356]",911.9552970796594,217.6089301034075,2.4548656141978765e-07,0.0012550263386699402,95.88803594541608,198.56189155375313
359,"[1.09981795e+01 5.67967938e+03 3.91567662e+01 6.72429845e+02
 7.81662073e+02 3.36664745e-09 1.61169354e+04 3.91556022e+01
 1.00000000e+00]","[ 0.4775843   0.04666965 -0.07680837 -0.19318761  0.63436543  0.48244142
  0.1121304  -0.23748546  0.1495741 ]",2431.3170721816678,211.10028262966807,2.4548656141978765e-07,0.0012550263386699402,95.8714790405533,216.78028503886355
360,"[3.87709810e-08 1.01879007e+04 7.64123607e+01 1.80999227e+02
 1.49140944e+03 3.76194036e+00 1.34089966e+03 5.89542484e+01
 1.00000000e+00]","[-0.01948693  0.31748158  0.13010119 -0.52213195  0.72557611  0.15117028
  0.07556873 -0.20524047  0.11013709]",4321.946830294193,225.48445566174996,2.4548656141978765e-07,0.0012550263386699402,95.8906371981219,209.6606035556465
361,"[2.96436309e+01 4.08189161e+03 3.24074712e+02 4.68726809e+02
 1.11250302e+02 5.24476253e+00 1.62105805e+04 5.38851193e+01
 1.00000000e+00]","[ 0.09565588 -0.17886902  0.24905208 -0.77753768 -0.48661204 -0.05010326
  0.13241955 -0.18532597  0.03289032]",1071.2162733915538,226.77917237576332,2.4548656141978765e-07,0.0012550263386699402,94.47847452644123,197.7315056852157
362,"[2.66207579e+01 5.83243438e+03 6.95587680e-09 4.71230229e+02
 9.32814166e+02 4.35650433e+00 4.38047230e+02 6.06254211e+02
 1.00000000e+00]","[-0.04747814 -0.01768176 -0.42114936 -0.31133466  0.24666376  0.28196902
  0.01579053  0.75242096  0.12806619]",443.4213981066033,239.19397388558332,2.4548656141978765e-07,0.0012550263386699402,95.44636192232481,216.52286192303643
363,"[1.42552617e-09 6.45361760e+03 4.02446616e+02 1.19109178e+03
 1.90357853e+03 3.15767162e+00 3.02876831e+02 5.82368226e+01
 1.00000000e+00]","[0.13952285 0.08630193 0.65712295 0.23840765 0.26557067 0.42172326
 0.02226471 0.48268844 0.05073875]",1647.1527187722127,247.157777884222,2.4548656141978765e-07,0.0012550263386699402,95.03379391889976,223.42847299517655
364,"[1.71196830e+01 2.46055245e+03 2.98406274e+02 1.46958718e+03
 1.02448681e+02 4.21302604e+00 1.50317817e+04 4.47994941e+01
 1.00000000e+00]","[ 0.24323184 -0.19783823  0.85845821  0.2054563  -0.2231774   0.12514371
  0.11456185 -0.20610036  0.03827068]",1766.0147610478086,220.941005176747,2.4548656141978765e-07,0.0012550263386699402,96.12847693485601,211.53382241621853
365,"[6.73606420e+00 7.41373838e+03 7.41747753e+02 6.04440383e+02
 1.10297507e+02 1.17549011e+01 6.11647551e-04 3.97748513e+01
 1.00000000e+00]","[-0.03322285  0.05532399  0.44302225  0.07048906 -0.74764784  0.28174761
 -0.0053819  -0.39057122  0.06053281]",686.5248417726217,229.86554206559288,2.4548656141978765e-07,0.0012550263386699402,95.1429405287418,203.0875574055001
366,"[3.47830000e+01 9.73327002e+02 7.77614079e+02 1.30149828e+03
 2.08476763e-09 3.38392910e+01 2.41653240e-06 6.04984009e+01
 1.00000000e+00]","[-0.06327623 -0.04348632  0.22520414 -0.03006392 -0.80955539  0.38292949
 -0.12280088 -0.3340149   0.11757289]",84.33468529291338,212.2838961143624,2.4548656141978765e-07,0.0012550263386699402,95.02933593842396,208.55271754369915
367,"[2.08580000e+01 5.97845762e+02 1.92942584e+02 2.99221266e+03
 1.22872513e+02 7.66294886e+00 5.36904553e+03 7.39491028e+01
 1.00000000e+00]","[-0.16456059 -0.29724525  0.4376429   0.25164532 -0.26216206 -0.14281947
  0.04995388  0.7319842   0.04781002]",945.3521701990899,230.29989863291883,2.4548656141978765e-07,0.0012550263386699402,95.16285767123505,209.04202546225497
368,"[4.40629043e+00 6.00736278e+03 3.57311851e-08 9.73653214e+02
 3.18147629e+02 1.81213168e-09 1.74913962e+04 4.12924864e+01
 1.00000000e+00]","[ 0.27991457  0.16381517 -0.3787225   0.61231258  0.57966042  0.10509054
  0.15574672 -0.03606181  0.06202645]",4488.728721981615,212.6364089917215,2.4548656141978765e-07,0.0012550263386699402,94.92824397050977,218.07841779366737
369,"[3.14030000e+01 3.01566221e+03 1.17240570e+02 1.00116070e+03
 2.50252810e+03 1.15393535e+01 3.25559977e+02 5.67598969e+01
 1.00000000e+00]","[-0.0557297  -0.27102729 -0.41801234 -0.60743795  0.57942119  0.09594685
  0.05020684 -0.1724767  -0.05019537]",-18.597474814987127,222.66264134063346,2.4548656141978765e-07,0.0012550263386699402,94.43286552665874,203.3202785036392
370,"[7.99417667e+00 5.82230260e+03 9.14864352e+02 6.50881714e-09
 9.27947301e+02 1.01492533e+01 1.08315736e-06 4.85235837e+01
 1.00000000e+00]","[-0.15496332  0.00706901  0.41579351 -0.59096403  0.16576307  0.44327096
 -0.22188691 -0.2430682   0.34861322]",567.1860887115032,208.0693444667943,2.4548656141978765e-07,0.0012550263386699402,95.5484948814372,192.73780801840496
371,"[3.85660000e+01 1.85441030e+03 3.01507191e+02 8.55895888e+02
 1.07767307e+03 1.11017570e+01 6.15431331e+03 8.62854936e+01
 1.00000000e+00]","[-0.10453318 -0.33062936 -0.23939796 -0.57942479  0.44060245 -0.06383607
  0.05248135  0.4878489  -0.21853184]",-346.2822878531119,229.65598274134567,2.4548656141978765e-07,0.0012550263386699402,95.04410793191371,191.6402672090079
372,"[1.07074000e+02 1.29949414e+02 1.72538259e+02 1.66892464e+03
 4.59585886e+01 2.14792366e+01 8.48200554e+02 1.07432983e+02
 1.00000000e+00]","[-0.32991549 -0.6861709  -0.46391353 -0.38055787 -0.07133716 -0.04935113
  0.01615501  0.21441276 -0.08078906]",-807.339787980834,216.97700747044883,2.4548656141978765e-07,0.0012550263386699402,95.24573968498288,190.0979339840896
373,"[9.49659068e-09 3.37383430e+03 2.02320000e+02 3.75286475e+03
 4.01285605e+02 9.76129066e-02 8.77316780e+01 4.76927745e+01
 1.00000000e+00]","[0.23291564 0.08352499 0.60083298 0.32658584 0.1738057  0.10666091
 0.02633976 0.65413598 0.0307029 ]",1732.2877390969418,216.38722561559803,2.4548656141978765e-07,0.0012550263386699402,94.18973139842788,201.41781179828422
374,"[3.13432681e-08 1.01879007e+04 2.55085579e-08 1.38616993e+03
 1.13662144e+03 4.65783338e+00 2.43856933e-04 3.90458494e+01
 1.00000000e+00]","[ 0.56763442  0.19523979 -0.09185276  0.42679433  0.401254    0.27050674
  0.00868865 -0.37990098 -0.26552463]",3022.9279045983512,204.61581326640817,2.4548656141978765e-07,0.0012550263386699402,95.0191355373932,180.3213850739644
375,"[2.30812193e-08 8.37557170e+03 1.63142381e+01 1.30965866e+03
 1.25787638e+03 3.15020944e+00 5.75911679e+03 4.01523187e+01
 1.00000000e+00]","[ 0.54962269  0.19159349  0.35909393  0.47382704  0.48037519  0.11989671
  0.06511137 -0.19301957  0.14530906]",3203.1244465361306,225.64105742177662,2.4548656141978765e-07,0.0012550263386699402,94.22975298650063,204.25984818448325
376,"[4.54353655e+01 9.11239389e+03 3.11331986e+02 6.85478347e+00
 9.54733446e+01 1.98082413e+01 5.02263417e-05 6.13305796e+01
 1.00000000e+00]","[ 0.38069788  0.04190662 -0.03520481 -0.27025284 -0.74826178 -0.07839177
 -0.0022471  -0.45459955  0.07956274]",285.56067346431865,241.17930499272418,2.4548656141978765e-07,0.0012550263386699402,94.0255745881565,183.74866832537748
377,"[1.92412024e+01 1.54401193e+03 4.96557074e+02 2.08986858e+03
 1.66535925e+03 2.23417166e+00 7.74218412e-07 6.18378761e+01
 1.00000000e+00]","[-0.10951314 -0.07886146  0.35581388  0.13111054  0.22915199  0.6006129
 -0.16018716  0.62905218 -0.05814801]",748.6188590334469,220.93256719429553,2.4548656141978765e-07,0.0012550263386699402,93.60073911333734,209.28570025732597
378,"[3.80840000e+01 1.91448056e+03 6.66578312e+02 7.36333451e+02
 3.54492460e+02 1.07681670e+01 1.23181806e+01 4.57714172e+02
 1.00000000e+00]","[ 0.14248437 -0.16233899  0.30461826 -0.35782212  0.22897442  0.10901866
  0.01110784  0.81399213  0.07412409]",89.33737906959415,222.51857977376585,2.4548656141978765e-07,0.0012550263386699402,93.80171691491667,213.02384266083337
379,"[2.76200000e+01 1.13142737e+03 1.28697096e+02 2.27157144e+03
 1.30339403e+02 5.97920560e+00 1.10010362e+04 6.34550489e+01
 1.00000000e+00]","[ 0.26098219 -0.58021209  0.54310544  0.24178442  0.26565573  0.27545585
  0.12825102 -0.23883282  0.14792115]",1402.0265226618549,223.42899514698274,2.4548656141978765e-07,0.0012550263386699402,94.01485282774867,192.47098248682138
380,"[3.47830000e+01 4.65546386e+01 2.23839142e+02 2.06585008e+03
 1.03138546e+02 1.68923059e+01 2.22502789e-08 2.20828787e+02
 1.00000000e+00]","[-0.17612866 -0.64663025  0.01745272 -0.06834335  0.21158205 -0.11145233
 -0.18607061  0.65940169  0.13874852]",-7.817224009943403,204.0395195996316,2.4548656141978765e-07,0.0012550263386699402,93.18479822088716,202.36963036408144
381,"[3.14030000e+01 3.88944046e+03 8.97280536e+01 7.50489439e+02
 1.53680966e+03 3.37479916e+00 9.24310921e+03 5.33572322e+01
 1.00000000e+00]","[ 0.06185491 -0.17488398 -0.56851087 -0.50125796  0.45916726  0.4157204
  0.06177752 -0.04610363 -0.03905626]",170.11441294155992,237.99896204824165,2.4548656141978765e-07,0.0012550263386699402,93.34809558950111,199.1158120500652
382,"[2.76200000e+01 2.54977811e+03 6.00175494e+02 9.37875923e+02
 2.01669405e+03 9.32776271e+00 1.14323055e-05 4.57247625e+01
 1.00000000e+00]","[-0.39981331 -0.13712945  0.66922667 -0.12881464  0.53525036  0.13072918
 -0.16595825 -0.15974791  0.01557827]",993.5155507671291,223.64091485748486,2.4548656141978765e-07,0.0012550263386699402,94.19377281358457,209.0935665679508
383,"[3.14030000e+01 2.56444405e+03 5.50349360e+01 1.40920609e+03
 4.01222327e+02 7.10258757e+00 2.89602442e+02 8.00806821e+02
 1.00000000e+00]","[ 0.0706093  -0.08107944 -0.08320938 -0.06249071  0.18441613  0.32764516
  0.01706451  0.91339086 -0.04094926]",514.3215335364707,224.10118425760902,2.4548656141978765e-07,0.0012550263386699402,93.46486373561629,202.7802131530848
384,"[2.76200000e+01 1.43391304e+03 9.32463395e+01 2.10109034e+03
 1.95996857e+02 5.78885385e+00 1.24149345e+04 5.89912106e+01
 1.00000000e+00]","[ 0.3342985  -0.39047145  0.08100123  0.06072507  0.5457817   0.47539836
  0.09819049 -0.43224447 -0.0719021 ]",887.6546779258837,196.1926777529901,2.4548656141978765e-07,0.0012550263386699402,93.84214652694862,192.99296721468622
385,"[8.78014808e+01 3.95449427e+03 3.80766732e+02 8.31023305e+00
 5.19475009e+01 3.01403055e+01 1.17756161e-05 2.22984636e+02
 1.00000000e+00]","[-0.04895135 -0.04396818 -0.16175129 -0.62388615 -0.61102371  0.05588667
 -0.00943464  0.4479512   0.055232  ]",-175.05931728379022,214.92287638954036,2.4548656141978765e-07,0.0012550263386699402,93.4263974762519,191.58708763023242
386,"[5.70943757e+00 5.75860864e+03 1.10811309e-08 1.38961329e+03
 1.96197798e+03 4.54880707e-01 6.21600594e+03 4.15979771e+01
 1.00000000e+00]","[ 0.40555138  0.1573206  -0.32524742  0.51621973  0.61015585 -0.05120451
  0.08716061 -0.23535421  0.02467735]",3354.7233648720508,205.38901590702199,2.4548656141978765e-07,0.0012550263386699402,92.88474598528472,185.51072819582384
387,"[2.51475015e+01 1.01879007e+04 3.75030695e-08 3.98288388e+02
 4.72098287e+02 2.95791483e+00 4.14624696e-04 3.74116760e+02
 1.00000000e+00]","[ 0.47969292  0.22682754 -0.20489805 -0.15394049 -0.20327728 -0.0554765
  0.00403677  0.77977168 -0.01742481]",2457.2241326554804,226.70062876128895,2.4548656141978765e-07,0.0012550263386699402,93.71919252960195,196.84885405306926
388,"[2.22723569e+01 5.14106444e+03 3.33515486e+02 4.21542651e+02
 1.85268496e+03 1.61182378e+00 6.36618613e+03 4.98690298e+01
 1.00000000e+00]","[-0.16385468 -0.03547039  0.45595801 -0.48873296  0.60016535  0.34167666
  0.06774506  0.19450964 -0.07596777]",1313.412035889161,234.19878096565276,2.4548656141978765e-07,0.0012550263386699402,93.46917029899376,210.37271883191715
389,"[3.14030000e+01 2.11351362e+03 5.23882420e+01 1.83772450e+03
 2.26676096e+03 8.36258334e+00 1.51176409e+03 5.37818179e+01
 1.00000000e+00]","[ 0.38128269 -0.2322514  -0.42781699  0.05487735  0.58828087  0.46905562
  0.07173779  0.20261588  0.04854727]",1056.3546524334943,198.33866894034827,2.4548656141978765e-07,0.0012550263386699402,92.8894641852068,183.99568221835278
390,"[1.96046907e+01 8.55644387e+03 4.30414323e-08 1.35717603e+02
 4.43368633e+02 2.61552022e+00 1.21647306e+04 6.76171606e+01
 1.00000000e+00]","[ 0.01536624  0.03918871 -0.51330905 -0.5893679   0.14082502  0.60156707
  0.03913868 -0.03991979  0.05047145]",793.1031130912868,219.9661780662418,2.4548656141978765e-07,0.0012550263386699402,93.65515044544006,209.46673789734953
391,"[3.85660000e+01 8.06484198e+02 5.24084299e+01 1.75428618e+03
 6.25094642e+01 1.33202832e+01 4.46157666e+03 3.90973658e+02
 1.00000000e+00]","[ 0.16890073 -0.27527134 -0.42855728 -0.08560724  0.20347605  0.41313892
  0.03903183  0.70067866 -0.01216377]",78.1727535217094,229.22305610996733,2.4548656141978765e-07,0.0012550263386699402,93.12165305060992,185.7308914519856
392,"[7.40723323e+00 4.70927336e+03 9.12476564e+01 8.41352153e+02
 1.58128384e+02 2.94727902e+00 1.84323503e+04 4.60862695e+01
 1.00000000e+00]","[-0.08368143 -0.09535199  0.86959713  0.0491718   0.32999759  0.11308353
  0.30455621 -0.04035535  0.09601589]",5335.499221653986,195.89731395321542,2.4548656141978765e-07,0.0012550263386699402,93.15330530992725,203.41772948480002
393,"[6.79825709e-01 6.79697805e+03 8.39871200e+01 5.65507082e+02
 4.12670103e+02 5.99051592e-01 1.16665260e+04 3.20112262e+02
 1.00000000e+00]","[-0.08511002  0.03072407 -0.04050317 -0.19368134  0.18518058  0.12523776
  0.04390893  0.94403073 -0.09778027]",986.6992576132135,231.94814816591986,2.4548656141978765e-07,0.0012550263386699402,92.02502306356618,202.91770343798703
394,"[2.76200000e+01 8.93703755e-01 3.54642712e+02 2.17024242e+03
 9.73874382e+01 1.72810436e+01 1.02137034e+03 9.83366687e+01
 1.00000000e+00]","[-0.18018665 -0.79350591  0.2694715   0.09296994 -0.29886039  0.27742181
  0.04369805 -0.29274218 -0.05229663]",283.1286859459618,215.00682167010774,2.4548656141978765e-07,0.0012550263386699402,91.97666583115476,185.52440434079017
395,"[3.14030000e+01 4.50162828e+03 5.12409984e+01 6.45593299e+02
 9.01767545e+01 7.07182847e+00 1.71060286e+04 5.56972876e+01
 1.00000000e+00]","[ 0.30389208 -0.03171331 -0.34733612 -0.38514687 -0.68900031  0.39097213
  0.03783574 -0.01243818  0.09217643]",187.58721643011765,227.50128387539826,2.4548656141978765e-07,0.0012550263386699402,92.0650442285923,198.5082545464261
396,"[1.14034000e+02 5.91143110e+02 9.92644601e+01 1.41117722e+03
 7.91406038e+02 2.08099310e+01 2.63852805e-04 9.46267436e+01
 1.00000000e+00]","[ 0.15632664 -0.35861042 -0.49832155 -0.34737238  0.17657087  0.52067243
  0.00107492 -0.41083596  0.0830916 ]",-622.0517105206338,218.96154206862514,2.4548656141978765e-07,0.0012550263386699402,91.42936887532102,183.93466729328793
397,"[6.17563383e+00 3.20275246e+03 3.36805911e+01 1.69851936e+03
 1.15428046e+02 3.40033432e+00 1.68676526e+04 4.39711439e+01
 1.00000000e+00]","[ 0.11593545 -0.10942469 -0.26739673  0.75321966 -0.48745833  0.06925896
  0.29260721 -0.08546318  0.02022344]",5796.43600013741,209.23479349448007,2.4548656141978765e-07,0.0012550263386699402,91.72421088551998,183.92750440565226
398,"[3.14030000e+01 3.78063298e+03 5.86747060e+02 3.50597811e+02
 1.90075729e+03 1.07839480e+01 1.73449840e+02 5.16852325e+01
 1.00000000e+00]","[-0.05285845 -0.14122793  0.46938964 -0.62530835  0.35906524  0.20739034
  0.01290352 -0.37553433 -0.22976588]",187.92151042242494,226.6010952040569,2.4548656141978765e-07,0.0012550263386699402,91.61925397324966,181.80078476253033
399,"[3.76940931e+01 6.82758596e+02 3.68767744e+02 1.31204353e+03
 1.06193034e+03 1.85367815e+01 2.50147379e-08 9.07901304e+01
 1.00000000e+00]","[ 0.11777305 -0.47277157  0.06209674 -0.34858233  0.40079777  0.57929461
 -0.00078826 -0.28734076  0.24179429]",-342.293757484702,210.53740351307695,2.4548656141978765e-07,0.0012550263386699402,91.16963033207462,193.4702841666067
400,"[2.76200000e+01 1.08264950e+03 1.69327195e+02 1.72842580e+03
 9.40428082e+00 1.10954784e+01 1.12797688e+04 8.29887738e+01
 1.00000000e+00]","[ 0.25109852 -0.1999155   0.3684085   0.08921312 -0.42443582 -0.07692788
  0.05077849  0.73913205 -0.13542973]",636.2055775340409,218.6182321025699,2.4548656141978765e-07,0.0012550263386699402,91.8580926571053,194.71218149397515
401,"[3.73933480e+01 1.07758688e+03 2.22450095e+02 1.61447355e+03
 1.61729465e+03 1.25194160e+01 6.82609757e+02 8.36920094e+01
 1.00000000e+00]","[ 0.17717483 -0.43691182  0.27769042 -0.16633629  0.55243268  0.16080376
  0.05851879  0.56331276 -0.14543718]",311.44585096009575,201.08170748103197,2.4548656141978765e-07,0.0012550263386699402,91.5248311845249,184.53228603362004
402,"[5.96108236e+00 5.42002811e+03 3.53562503e+01 9.13655230e+02
 2.24084357e+02 4.87175572e-01 1.83888313e+04 3.92179498e+01
 1.00000000e+00]","[ 0.59996907  0.13386181  0.32516868  0.52927141  0.15369625 -0.16286147
  0.25463866 -0.34821942  0.00335135]",5927.395327900856,201.8137319969237,2.4548656141978765e-07,0.0012550263386699402,90.681427591179,195.0329717721197
403,"[3.14030000e+01 3.17345973e+03 9.19902871e+02 5.14649040e+01
 2.48188663e+02 1.99344682e+01 4.73670910e-11 9.36248341e+01
 1.00000000e+00]","[-0.28219488 -0.08475892  0.29429435 -0.55878712 -0.05576692  0.40773081
 -0.08603497  0.50301454 -0.29077442]",5.214564976232623,209.68873271297613,2.4548656141978765e-07,0.0012550263386699402,89.96469237188003,193.26585459235002
404,"[4.58076379e+01 2.22522802e+03 3.91329855e+02 3.68201136e+02
 1.85153391e+01 2.32239188e+01 7.76495471e+03 8.92694052e+01
 1.00000000e+00]","[-0.4313515  -0.16392472  0.02544409 -0.59868177 -0.2737249   0.48993289
  0.02487454  0.32501708 -0.08235842]",-366.6159019769346,198.18162664944217,2.4548656141978765e-07,0.0012550263386699402,89.86883073125928,200.75182308084425
405,"[3.02480546e+01 9.42197332e+03 2.49588384e+02 7.66800322e+01
 3.21521766e+02 5.12940261e+00 7.33416212e+02 3.05380537e+02
 1.00000000e+00]","[ 0.52883865  0.07637599  0.14215899 -0.17144365 -0.35052941  0.35436142
  0.01753559  0.64414115  0.03501545]",856.6626627172423,190.1419080942012,2.4548656141978765e-07,0.0012550263386699402,90.06808545658066,192.03242394660447
406,"[1.20129501e-08 8.76979743e+03 2.33577664e+02 1.19252323e+02
 1.07974304e+03 1.19970719e+00 8.04056350e+03 6.06010197e+01
 1.00000000e+00]","[ 0.440798    0.1220751   0.30324286 -0.18291195  0.43678522  0.45946303
  0.05392538  0.4952047  -0.12392956]",2055.235413366834,213.87072825717974,2.4548656141978765e-07,0.0012550263386699402,89.71845865757626,197.48872060671067
407,"[2.76200035e+01 6.39252409e+03 5.12895984e+02 7.77098444e+02
 1.06573370e+02 3.37259295e+00 8.08463299e+03 4.16827192e+01
 1.00000000e+00]","[ 0.52552287  0.04213025  0.27629606  0.08712711 -0.42271896  0.64591905
  0.01596051 -0.14995148  0.13956068]",573.3030018781898,209.15982799118285,2.4548656141978765e-07,0.0012550263386699402,90.40423197129765,204.38246742938782
408,"[3.74325169e+01 1.03893034e+03 8.82806980e+02 1.24961913e+03
 1.02038739e+03 9.45649534e+00 5.25136944e-06 5.27390064e+01
 1.00000000e+00]","[ 0.24569889 -0.31473706  0.61960583 -0.2220114   0.43692243  0.39421996
 -0.12128783 -0.21474778  0.01530539]",390.0177106836651,210.706187634865,2.4548656141978765e-07,0.0012550263386699402,89.24976031783494,178.42428973083975
409,"[2.76200002e+01 5.07525953e+02 9.09100091e+01 2.22355685e+03
 4.56327540e+01 1.39194817e+01 7.32306272e+03 9.11800463e+01
 1.00000000e+00]","[ 0.31313327 -0.53973684  0.16853581  0.14101134 -0.53213454  0.33661582
  0.06435363 -0.40075353  0.03348157]",478.74775115390645,195.99173865719501,2.4548656141978765e-07,0.0012550263386699402,88.67659624241014,186.1124604147303
410,"[1.39104155e-08 6.21207322e+03 9.61111001e+00 1.70714076e+03
 1.33892014e+03 2.12943242e+00 7.61543137e+03 4.08275603e+01
 1.00000000e+00]","[ 0.53450947  0.14757722  0.32900673  0.49559285  0.47774757  0.23070485
  0.07697471 -0.22521962 -0.02337623]",2983.103560574025,197.1510673688167,2.4548656141978765e-07,0.0012550263386699402,89.74556786599283,194.63322524839577
411,"[5.23740000e+01 8.15562122e+03 1.94764919e-08 5.56727670e+01
 4.75027511e+02 6.86651543e+00 1.43420841e-05 4.62952273e+02
 1.00000000e+00]","[ 0.70384122  0.03180807 -0.23993352 -0.33890291 -0.04580488  0.19740674
  0.00084007  0.53305888  0.07715259]",503.86479287523537,202.76682211646948,2.4548656141978765e-07,0.0012550263386699402,89.45775225292716,195.14592214020226
412,"[2.76200000e+01 1.04570810e+02 1.44712676e+02 2.71769179e+03
 5.45747132e+02 1.32744220e+01 2.01968737e-05 8.56887558e+01
 1.00000000e+00]","[ 0.32375757 -0.80333798  0.14202272  0.10525172  0.40747005  0.0680376
 -0.00534362 -0.21857697  0.01073964]",436.0906342479927,209.09042031873895,2.4548656141978765e-07,0.0012550263386699402,88.95336572086363,185.46906398082683
413,"[3.74635029e+01 1.63717883e+03 2.13199537e+02 1.03150239e+03
 2.83298973e+01 1.31621210e+01 7.02583246e+03 3.55966841e+02
 1.00000000e+00]","[-0.10023281 -0.19434577 -0.02968855 -0.28392226 -0.20935962 -0.04938346
  0.0380465   0.90706091  0.01458187]",-37.50457075946068,224.89699991253153,2.4548656141978765e-07,0.0012550263386699402,89.60432938277712,193.49929884091705
414,"[3.74635029e+01 3.48224523e+02 6.07885293e+02 1.36534842e+03
 5.35705289e+02 1.49045197e+01 3.37078044e+02 9.63488627e+01
 1.00000000e+00]","[-0.11526282 -0.51446743  0.19910911 -0.2672396   0.36153286  0.24982136
  0.04330509  0.64412714 -0.03293137]",-153.28427670192505,193.64612058796916,2.4548656141978765e-07,0.0012550263386699402,88.97210978440745,191.18992861759256
415,"[3.14030000e+01 1.50181788e+03 4.09620617e+01 2.23824039e+03
 1.75893642e+02 5.45349597e+00 8.94872209e+03 2.72711684e+02
 1.00000000e+00]","[ 0.39435403 -0.12622003 -0.29803854  0.08947504  0.12478443  0.35525441
  0.04607555  0.76396826  0.06460138]",655.493898552488,191.07631314477817,2.4548656141978765e-07,0.0012550263386699402,89.31161406548213,188.55733980249153
416,"[2.11581271e+01 6.34540602e+03 8.30886207e+02 1.72662006e-08
 1.56459800e+02 1.70095323e+01 5.58163553e-05 7.09768437e+01
 1.00000000e+00]","[-0.03777929  0.03866388  0.42207275 -0.54149447 -0.57260838 -0.07202471
 -0.01050429  0.43703558 -0.03921492]",535.3980218808423,202.88475345024113,2.4548656141978765e-07,0.0012550263386699402,88.55162622489556,183.5072535052741
417,"[3.74635029e+01 1.38895215e+03 2.29194861e+02 1.05945959e+03
 9.70075778e+02 1.43931468e+01 5.42696964e+03 8.94644103e+01
 1.00000000e+00]","[-0.15381299 -0.49748444 -0.05529487 -0.47389049  0.49232762  0.19686686
  0.06404896 -0.42921007 -0.17819787]",-422.0423917374964,197.5394532596286,2.4548656141978765e-07,0.0012550263386699402,89.0459079483685,180.18592376375935
418,"[1.14034000e+02 9.70363585e+02 9.73397330e+01 1.03847124e+03
 1.02451189e+02 2.52569035e+01 1.25861339e-05 3.02259283e+02
 1.00000000e+00]","[ 0.05308302 -0.29873572 -0.73018967 -0.43478282 -0.00839846  0.28681617
 -0.15083087  0.25744735  0.1198456 ]",-722.095567072871,212.3993327919377,2.4548656141978765e-07,0.0012550263386699402,89.0914335423954,190.6155793912434
419,"[3.09209330e+01 2.35881060e+03 8.39163865e+02 5.97784864e+02
 3.88364180e+02 6.38750161e+00 8.30686786e+03 4.95527017e+01
 1.00000000e+00]","[-0.22225001 -0.16591656  0.55436749 -0.50457818  0.25203758  0.48981517
  0.04644541 -0.22758059 -0.06133711]",240.82643804296984,210.15908275186058,2.4548656141978765e-07,0.0012550263386699402,88.49894577138761,192.1903909809521
420,"[4.52110000e+01 6.91472074e+03 1.71082397e-07 4.55877928e+02
 1.18270792e+02 7.10489278e+00 1.31749578e+04 5.06621601e+01
 1.00000000e+00]","[ 0.40969856  0.03516626 -0.3475495  -0.17757651 -0.72110163 -0.00533203
  0.01523324 -0.37403081  0.13579127]",277.295220742512,217.05604898409578,2.4548656141978765e-07,0.0012550263386699402,88.38539567659606,175.36256662855612
421,"[5.23740000e+01 4.67609318e+03 4.04302906e+01 4.85807482e+02
 2.54865341e+02 1.07046254e+01 5.78489087e-08 6.89058986e+02
 1.00000000e+00]","[ 0.29236896 -0.05396553 -0.47935921 -0.42913949 -0.1608649  -0.20065711
 -0.09635411  0.64812789 -0.04655648]",-61.4901849830117,209.27620394941204,2.4548656141978765e-07,0.0012550263386699402,88.86377118218792,179.65319460196577
422,"[1.22673562e+01 9.02606141e+03 1.15667710e+02 1.75384774e+02
 4.75440449e+02 7.82539518e-02 1.23479295e+04 5.01565042e+01
 1.00000000e+00]","[ 0.18289378  0.27908749 -0.03617279 -0.89069151  0.00545814  0.06069693
  0.11307878 -0.18526147  0.2078405 ]",3750.711034150576,199.415144206484,2.4548656141978765e-07,0.0012550263386699402,88.79621900589636,186.1298186357908
423,"[3.14030000e+01 4.30830731e+03 4.37653256e+01 1.27078240e+03
 7.03121701e+02 1.01883776e+00 2.83658415e+03 6.95897868e+02
 1.00000000e+00]","[ 0.43385015  0.00358012 -0.0261967   0.04222121  0.23001121  0.23414361
  0.03336589  0.80752037 -0.21991251]",899.8972808063819,215.80126222427873,2.4548656141978765e-07,0.0012550263386699402,88.41051690719131,190.0303673626231
424,"[2.49710773e+01 1.01879007e+04 5.35591675e+02 8.59269774e-08
 7.02347355e+02 8.16917592e+00 1.84832238e-05 3.90458493e+01
 1.00000000e+00]","[ 0.46403722  0.21186716  0.44354692 -0.39589525  0.08420641  0.3266649
 -0.28344765 -0.40391392 -0.17036765]",2453.4983475386384,192.81649067258422,2.4548656141978765e-07,0.0012550263386699402,88.59137610002279,179.32760581288244
425,"[3.85660000e+01 2.44985220e+03 5.45949704e+01 1.19634412e+03
 3.96231414e+02 8.97310099e+00 1.48403708e-06 7.62062584e+02
 1.00000000e+00]","[ 0.0524199  -0.11152295 -0.23965743 -0.15703342  0.24091298  0.32058163
 -0.2402786   0.70760094 -0.4283399 ]",164.99852811076244,195.96556648821917,2.4548656141978765e-07,0.0012550263386699402,88.1132849622041,235.85556753468518
426,"[1.01420000e+01 5.58050923e+03 1.14898328e+03 3.87087665e+02
 5.25565897e+02 5.63303123e+00 3.46625021e-06 3.90458493e+01
 1.00000000e+00]","[ 0.504322    0.06891275  0.7822794   0.05772332  0.1462931   0.17166375
 -0.14489454 -0.22734261  0.04547642]",1379.8753443234662,201.4737687797865,2.4548656141978765e-07,0.0012550263386699402,88.04416653329532,178.0654657112699
427,"[2.99973389e+00 2.91921005e+03 1.09660328e+03 8.40605511e+02
 3.18508405e+02 6.13992722e-01 6.52376446e+03 4.68242666e+01
 1.00000000e+00]","[-0.20128402 -0.00809921  0.81237397 -0.00850493  0.18607345  0.4759159
  0.04141814  0.15980587  0.10498898]",1196.8037367061445,198.07217941371232,2.4548656141978765e-07,0.0012550263386699402,88.15471613459115,185.39559368141363
428,"[2.58481946e+01 5.01356983e+02 2.98876251e+02 2.95087468e+03
 6.94900525e+02 5.01219048e+00 1.24888743e+03 5.02902313e+01
 1.00000000e+00]","[ 0.36628493 -0.26240895  0.29613207  0.15174143  0.22793532  0.5785967
  0.02554676 -0.52119716  0.16501351]",581.3353608211578,195.56209242188902,2.4548656141978765e-07,0.0012550263386699402,88.46961931682812,175.82687777916
429,"[7.93335846e+01 4.05492302e+03 4.20938604e+00 1.45026112e+02
 5.06697346e+02 3.81329065e+01 2.29545060e-05 9.99096520e+01
 1.00000000e+00]","[-0.35304106 -0.07911052 -0.51381228 -0.42122324 -0.00449289  0.4482142
 -0.1362467  -0.40021655 -0.21913205]",-437.4357424111213,193.24864101372884,2.4548656141978765e-07,0.0012550263386699402,87.18633548152806,170.1438053413527
430,"[3.14030000e+01 5.45039795e+03 1.22999363e+02 6.63671520e+02
 2.74432408e+03 6.13902693e+00 6.09233885e-07 5.46428447e+01
 1.00000000e+00]","[ 0.44836993 -0.03190616 -0.03906151 -0.57150785  0.65981278  0.08512872
 -0.06941773 -0.14955786  0.00363224]",1259.1749208363058,207.83916008703704,2.4548656141978765e-07,0.0012550263386699402,87.93758445919943,190.32712600225523
431,"[1.11107687e+02 1.10458356e+03 4.13619106e+02 5.96688885e+02
 1.34781952e+02 2.43312593e+01 2.57744441e-06 2.41410997e+02
 1.00000000e+00]","[-0.29982741 -0.31128827 -0.23678272 -0.54954373  0.14345347  0.37245392
 -0.07947542  0.51954147 -0.1399938 ]",-649.3212872397481,187.41494782452082,2.4548656141978765e-07,0.0012550263386699402,87.16456040564101,199.71652036972614
432,"[3.80840000e+01 9.96000050e+02 1.05762497e+03 7.39168186e+02
 1.77244274e+02 1.76570537e+01 9.09365220e-06 6.91311281e+01
 1.00000000e+00]","[-0.49659716 -0.2375558   0.37529967 -0.47196106 -0.24884419 -0.13291735
 -0.0590293  -0.4923762   0.08861259]",-287.8533370614587,194.90505302654103,2.4548656141978765e-07,0.0012550263386699402,87.19855166447,192.29636946498186
433,"[2.91738791e+01 3.24964270e+03 8.63147065e+02 3.61716858e+02
 6.09246214e+02 5.67249774e+00 1.69975650e+03 2.55048392e+02
 1.00000000e+00]","[-0.18593851 -0.06574292  0.40027114 -0.31035555  0.20688075  0.45534283
  0.02594856  0.66071191  0.13121317]",355.5416818915221,198.80126450410557,2.4548656141978765e-07,0.0012550263386699402,87.2947166635205,177.89703890032564
434,"[9.90505330e-01 2.62100242e+03 9.39747437e+00 3.20551231e+03
 1.84919230e+02 5.14045593e-07 9.63527049e+03 4.07224116e+01
 1.00000000e+00]","[-0.26686002  0.13373904  0.04139836  0.9224801   0.00305939  0.05155115
  0.14650359 -0.10166217 -0.15411311]",4715.549745771877,199.88456091311673,2.4548656141978765e-07,0.0012550263386699402,87.62562411227808,175.89112107850178
435,"[3.14030000e+01 3.65622061e+03 3.03075182e+02 4.05663293e+02
 2.01050010e+03 8.18733450e+00 1.26738088e+03 8.76443615e+01
 1.00000000e+00]","[-0.58676654 -0.14556335 -0.33621326 -0.52910598  0.2678169   0.20866086
  0.02527964  0.34102824  0.09653637]",-264.99575546876196,196.74310581656505,2.4548656141978765e-07,0.0012550263386699402,87.50079617296264,181.37002724080958
436,"[2.81020000e+01 2.47429739e+03 8.46083315e+01 1.29573346e+03
 4.03444657e+01 8.17171137e+00 1.61516429e+04 6.34316661e+01
 1.00000000e+00]","[-0.0365875  -0.68732728 -0.26784565 -0.12771128 -0.40947314  0.36879999
  0.29031636 -0.19647722 -0.10780784]",2773.1871503315456,194.49185633511297,2.4548656141978765e-07,0.0012550263386699402,87.50566176091463,185.59206070192573
437,"[2.73810000e+01 2.90233960e+03 5.91365851e+01 1.12971392e+03
 1.47943979e+02 6.51237793e+00 1.68165415e+04 6.14349616e+01
 1.00000000e+00]","[-0.06344297 -0.3724543  -0.472656   -0.43194678  0.04970553 -0.29154021
  0.1839446   0.56697648 -0.06713264]",1534.8786058139597,178.77637960762013,2.4548656141978765e-07,0.0012550263386699402,86.83420000987834,180.50177027080352
438,"[2.21911399e+01 2.71887811e+03 2.40547146e+02 1.23571822e+03
 2.92285391e+02 3.53410574e+00 1.57640760e+04 4.77154564e+01
 1.00000000e+00]","[ 0.37329433 -0.12403049  0.50226519  0.03854615  0.22571417  0.61294261
  0.07353103  0.38478159 -0.10678219]",1085.0518403399774,189.54655469529803,2.4548656141978765e-07,0.0012550263386699402,87.25962201768436,169.95799743679436
439,"[1.40947736e-08 7.41894726e+03 4.08260373e+01 2.23650064e+03
 1.25702382e+03 5.04188157e+00 1.20596882e-04 4.01997867e+01
 1.00000000e+00]","[ 0.02625406  0.18675722  0.57985389  0.58999962  0.43704797  0.19062891
 -0.02912467 -0.21972392 -0.06020986]",3270.1973881328336,200.5608168935637,2.4548656141978765e-07,0.0012550263386699402,86.44220172961225,184.64907114205573
440,"[8.00458070e-10 8.77308946e+03 3.02810171e+01 4.43539494e+02
 5.08201828e+02 1.47327262e-09 1.39181525e+04 4.20403214e+01
 1.00000000e+00]","[-0.01088922  0.26619822 -0.08287819 -0.04582823  0.84474932 -0.01647409
  0.14148493 -0.41328551 -0.12391612]",4693.558030394326,194.7711104114278,2.4548656141978765e-07,0.0012550263386699402,86.9940503687718,191.752009915067
441,"[3.14029999e+01 5.01506165e+03 6.25535282e+01 7.87465835e+02
 1.73365479e+03 3.80448801e-01 9.72126237e+03 3.98630934e+01
 1.00000000e+00]","[ 0.54948383 -0.03310099 -0.23714375 -0.22068993  0.42065907  0.5712561
  0.05412929 -0.2376837  -0.1712295 ]",908.6858931476651,192.30618114953847,2.4548656141978765e-07,0.0012550263386699402,86.7676660226623,177.67337734804778
442,"[4.12559783e+01 4.63991996e+03 3.67717630e+02 3.84606512e+01
 1.94954332e+02 1.13886863e+01 4.93163531e+03 3.53917194e+02
 1.00000000e+00]","[ 0.16958033 -0.06420569  0.07428288 -0.62190231 -0.12115123  0.31557274
  0.02246008  0.66455085 -0.13580743]",38.28336791236762,191.0299616997477,2.4548656141978765e-07,0.0012550263386699402,85.9917335506871,188.69913975747613
443,"[3.09210000e+01 2.08044680e+03 6.52831574e+02 6.95328533e+02
 1.01554357e+02 8.02514433e+00 1.07242849e+04 6.43320670e+01
 1.00000000e+00]","[-0.05269366 -0.18253915  0.33964491 -0.43980339 -0.15370532  0.75218522
  0.04472269 -0.16976916  0.18678207]",-6.158234085968282,192.1797790733786,2.4548656141978765e-07,0.0012550263386699402,86.61875710795479,181.1292298505266
444,"[3.15595987e+00 7.43877758e+03 2.77125614e+02 2.13363273e+02
 1.74308166e+02 8.43101744e+00 4.38640264e-08 4.45556255e+02
 1.00000000e+00]","[-0.14367667  0.05408067  0.06559048 -0.22020142 -0.64299256 -0.16950868
 -0.21113453  0.66093029 -0.00789009]",554.0002733612495,194.74196636116966,2.4548656141978765e-07,0.0012550263386699402,86.68845783754479,193.06115757944144
445,"[1.52044753e+01 1.83289359e+03 5.74467415e+02 2.43022633e+03
 3.67029760e+02 2.78435452e-10 7.36464025e+03 3.91292775e+01
 1.00000000e+00]","[ 0.48027579  0.00720754  0.54663744  0.22223646  0.23537592  0.56980175
  0.04120933  0.19784797 -0.0127984 ]",1272.2340189583672,211.40263150246142,2.4548656141978765e-07,0.0012550263386699402,87.05569935676529,175.17526134178132
446,"[3.99456969e-10 9.53437591e+03 2.35997899e+02 1.61232623e+02
 4.60214900e+02 1.95503894e-01 1.03280159e+04 4.57284051e+01
 1.00000000e+00]","[ 0.06738866  0.35017449  0.80144856 -0.29145258 -0.28805884  0.17712628
  0.1051224   0.07635779 -0.11974702]",4437.387217617492,209.69383302472033,2.4548656141978765e-07,0.0012550263386699402,86.62686938915915,183.19710556466475
447,"[3.85660000e+01 2.43508465e+03 5.42792498e-10 1.82921900e+03
 7.00369401e+01 1.12041131e+01 1.38238848e-06 7.07405328e+02
 1.00000000e+00]","[ 0.47125596  0.0022758  -0.48845496  0.05553762 -0.30645582  0.49622745
 -0.10468406  0.39287337 -0.17542771]",387.1485407872588,194.86599254968377,2.4548656141978765e-07,0.0012550263386699402,86.6727253046699,174.78010928400272
448,"[2.91239855e+01 1.79078595e+03 5.21239708e+02 6.97580448e+02
 6.80338932e-08 2.76200450e+01 1.63359250e-05 3.70236507e+02
 1.00000000e+00]","[-0.19114768 -0.03823622  0.29039371 -0.1307204  -0.6886717   0.49912672
 -0.1110217   0.35310419  0.0134032 ]",130.66822937356622,195.87677895508392,2.4548656141978765e-07,0.0012550263386699402,86.29145433645998,183.3645610743033
449,"[1.14034000e+02 4.55057475e+03 2.27313726e-08 2.11758990e+02
 5.87373271e+02 8.54401788e+00 7.81606116e+03 1.06827662e+02
 1.00000000e+00]","[ 0.28599795 -0.06675159 -0.47944546 -0.43593601  0.07463861 -0.4167509
  0.02025401  0.43471292 -0.35384102]",-118.78590440289261,197.73428209919595,2.4548656141978765e-07,0.0012550263386699402,86.12074894301429,177.6695131398119
450,"[1.87530165e+01 3.68323706e+03 1.85000001e+00 1.72605150e+03
 1.95461092e+03 4.56113060e-01 6.64355759e+03 3.93736254e+01
 1.00000000e+00]","[-0.14211705 -0.02883219 -0.42149001  0.25118684  0.60609726  0.44425536
  0.08219345 -0.33774924 -0.229512  ]",2041.3367294489926,193.74146105824207,2.4548656141978765e-07,0.0012550263386699402,87.34556906878169,172.29345472173918
451,"[8.53659388e+00 3.84546088e+03 8.26683750e+01 1.03122546e+03
 1.10258335e+02 5.27553969e+00 1.80109291e+04 5.47096073e+01
 1.00000000e+00]","[-2.76990527e-02 -3.46058052e-01  1.64405609e-01 -1.24999723e-01
 -2.42544004e-01 -2.05566283e-04  4.72271892e-01  7.24100261e-01
  1.75022535e-01]",7072.801347981763,186.4353692590721,2.4548656141978765e-07,0.0012550263386699402,86.59722704717844,188.88485681544512
452,"[4.52841523e+01 2.37236725e+03 7.30242696e+01 9.33071822e+02
 1.86720262e+03 2.15172730e+01 6.22883669e-05 7.81643515e+01
 1.00000000e+00]","[-0.32315544 -0.13848867 -0.5317735  -0.37721397  0.15609144  0.45927864
 -0.0787338  -0.38989044 -0.24042262]",-463.35911079258005,196.3654066908927,2.4548656141978765e-07,0.0012550263386699402,86.4019205317485,177.7163828224925
453,"[1.06871000e+02 4.15212803e+03 2.64833137e+02 2.05091566e+02
 2.71312042e+02 1.05299090e+01 1.15365145e+04 5.06714306e+01
 1.00000000e+00]","[ 0.27249599 -0.07452018 -0.41263633 -0.53769587  0.02908601  0.3201046
  0.02608217 -0.59132065  0.08457985]",-217.57119851437577,200.61375195534706,2.4548656141978765e-07,0.0012550263386699402,85.93481442087507,172.63170514350395
454,"[2.19450000e+01 4.70494056e+03 3.32470734e+01 8.04865438e+02
 4.26923203e+02 1.38051352e+00 1.77342882e+04 4.36533556e+01
 1.00000000e+00]","[ 0.72648978 -0.05925238 -0.32639311 -0.09476807  0.34928329  0.3610607
  0.11321143  0.23941791 -0.17517679]",1817.6526733445628,183.12605298814606,2.4548656141978765e-07,0.0012550263386699402,86.15749893813508,181.37690313190552
455,"[4.28004258e-08 5.98480140e+03 9.52252410e+02 1.82934020e+02
 1.01644258e+03 7.74196209e+00 4.86754090e+02 4.87606057e+01
 1.00000000e+00]","[ 0.33867464  0.06436841  0.83253928 -0.13826405  0.30366134  0.0271065
  0.02822174  0.24537455 -0.12234168]",1487.1699784522407,197.74713710349897,2.4548656141978765e-07,0.0012550263386699402,85.76486578784612,206.816072544363
456,"[2.76200000e+01 1.25721930e+03 5.20106473e+02 1.90966285e+03
 1.29987100e+03 2.37220667e+00 2.71076800e+03 5.73634517e+01
 1.00000000e+00]","[ 0.49220719 -0.12782585  0.40185073  0.1036933   0.27616849 -0.15363459
  0.0359702   0.68121752  0.06270988]",755.1795729874818,179.59763651169703,2.4548656141978765e-07,0.0012550263386699402,85.26449578229236,177.32415112577587
457,"[3.80598407e+01 1.19922540e+03 4.46621536e+02 8.26249787e+02
 6.52452510e+01 2.26860137e+01 4.90109428e+01 4.11007973e+02
 1.00000000e+00]","[-0.36775482 -0.20848927  0.04988453 -0.38063548 -0.11554498  0.41884812
  0.0121982   0.69607909 -0.02138912]",-267.6090588582843,187.91454880689682,2.4548656141978765e-07,0.0012550263386699402,85.54692511101658,181.57481587842494
458,"[5.71960186e+00 7.84499395e+03 8.37203022e+01 3.69541841e+02
 3.72710937e+02 7.35555735e-09 1.56923364e+04 3.93749783e+01
 1.00000000e+00]","[ 0.25069401  0.36584595  0.52415545 -0.60710797 -0.11789418  0.2557737
  0.23128246 -0.00533301  0.16477558]",6276.400298807275,187.74931720139466,2.4548656141978765e-07,0.0012550263386699402,85.29901557465273,177.11929786050882
459,"[1.54780000e+01 2.49601522e+03 6.29355046e+01 2.09837106e+03
 2.46473858e+03 5.93727400e+00 1.07851039e-05 4.50395201e+01
 1.00000000e+00]","[-0.2808375  -0.13562607 -0.02900015  0.33839797  0.79020565 -0.11372171
 -0.16065769  0.25302103  0.24534372]",2324.004278948229,185.1014441495131,2.4548656141978765e-07,0.0012550263386699402,84.76038402921095,180.90949383552015
460,"[3.85660000e+01 1.38924689e+03 5.61729790e+01 1.26862451e+03
 1.56279774e+03 2.01694805e+01 2.97779051e-05 9.86691561e+01
 1.00000000e+00]","[-0.59419292 -0.14839901 -0.36643241 -0.21234231  0.13130547  0.53240713
 -0.057338    0.3761196   0.00992257]",-265.9811646472803,181.55529851600045,2.4548656141978765e-07,0.0012550263386699402,84.88004449806782,161.29678981536563
461,"[3.85660000e+01 9.20750510e+02 9.91241007e+01 1.63606064e+03
 4.40567079e+01 1.24094252e+01 1.02607407e+04 8.75039968e+01
 1.00000000e+00]","[ 0.50825163 -0.60497293 -0.14284304 -0.23923575  0.46821135 -0.12223485
  0.08339224 -0.15940795 -0.17754373]",-82.34053668036069,188.53902109728386,2.4548656141978765e-07,0.0012550263386699402,84.65390915931559,176.00346099915052
462,"[2.23997736e+01 1.11556857e+03 4.50388423e+01 4.05540056e+03
 2.09251407e+02 1.06769274e+00 2.55658647e+03 4.04930203e+01
 1.00000000e+00]","[ 0.32983958 -0.1138938  -0.28936691  0.73999867 -0.2382224   0.4166569
  0.07977217  0.04995417 -0.0876978 ]",3024.766303498402,201.92373345049145,2.4548656141978765e-07,0.0012550263386699402,84.34852783918829,173.89819336083383
463,"[2.08580000e+01 9.32795030e+02 6.56842905e+01 3.01193832e+03
 9.32047125e+01 9.00909789e+00 1.54940805e+02 4.22882726e+02
 1.00000000e+00]","[ 0.43530791 -0.09778843  0.1879506   0.18791302 -0.33730006  0.39708927
  0.01718294  0.67675867  0.02364206]",757.2059122033812,181.40215444064302,2.4548656141978765e-07,0.0012550263386699402,84.71975713406003,188.33317788808552
464,"[2.05020152e+01 4.00604855e+02 8.32609969e+02 1.85640895e+03
 9.09110063e+01 1.78781861e+01 6.04884931e+02 6.41539117e+01
 1.00000000e+00]","[-0.17806994 -0.14768754  0.28262351  0.05530266 -0.76732019 -0.13240791
  0.01414295 -0.50698341  0.00085333]",179.07004156165,190.49190658055855,2.4548656141978765e-07,0.0012550263386699402,84.67739517794159,176.46839518401669
465,"[5.23739999e+01 7.55873308e+03 1.22927465e+01 1.11682010e+02
 1.08385664e+02 1.37072730e+01 6.28724882e+03 1.07422725e+02
 1.00000000e+00]","[ 0.60299056  0.03725533 -0.11516695 -0.20502483 -0.60179088  0.25381273
  0.01285423  0.39007118 -0.02866868]",349.8159158867208,180.90075804922816,2.4548656141978765e-07,0.0012550263386699402,85.01005590009714,191.58015619991943
466,"[1.51076929e-08 7.67429966e+03 5.14736618e-08 6.75397802e+02
 1.59392450e+03 1.33080129e+00 8.28710232e+03 4.91318979e+01
 1.00000000e+00]","[ 0.19924987  0.21164862 -0.26371097  0.03360923  0.82519622  0.24703099
  0.10490862 -0.30213228  0.02384193]",3817.1517504408835,206.4973085990041,2.4548656141978765e-07,0.0012550263386699402,84.34007234690775,181.64282973244667
467,"[2.52722098e+01 6.95957577e+03 7.18459812e+01 5.37705639e+02
 2.50748959e+03 3.64593039e+00 1.48104918e+03 5.37533004e+01
 1.00000000e+00]","[ 0.3899532   0.06468108 -0.34686644 -0.49827292  0.55036406 -0.06023286
  0.05700393 -0.38515409  0.13053316]",1610.8281624548185,199.91507791808044,2.4548656141978765e-07,0.0012550263386699402,84.37630009218385,169.51007954983697
468,"[3.14030000e+01 1.14923556e+03 5.48028717e+01 2.00213461e+03
 1.86084328e+03 1.45907493e+01 1.30168395e+01 6.36728671e+01
 1.00000000e+00]","[-0.16248248 -0.36835188 -0.5932191  -0.01511936  0.42688271  0.36091013
  0.0334316  -0.41460388  0.01672778]",282.47403653789786,186.02524863790967,2.4548656141978765e-07,0.0012550263386699402,84.97532841876264,165.13109774037002
469,"[3.85660000e+01 5.56289547e+01 5.57090123e+01 2.33320583e+03
 4.79413597e+02 1.75227668e+01 5.12315510e-04 9.87613018e+01
 1.00000000e+00]","[ 0.15078246 -0.66168681 -0.44337505 -0.04646905  0.22403096  0.3034992
  0.009038   -0.43567194  0.09220113]",-94.32939561062514,184.2191283447474,2.4548656141978765e-07,0.0012550263386699402,84.27798481563292,174.35423943828982
470,"[7.50643460e+00 8.50860985e+03 1.08010366e-06 2.16847183e+03
 3.77717717e+02 2.44483806e+00 3.33507798e+03 4.10079431e+01
 1.00000000e+00]","[ 0.45588699  0.17207534 -0.00295348  0.49309957 -0.03013082  0.59347965
  0.0439095  -0.38191851 -0.13596128]",2657.5305676398107,188.70483744594867,2.4548656141978765e-07,0.0012550263386699402,84.03576699958279,181.49340572745334
471,"[3.68637401e+01 1.40977522e+03 1.09660328e+03 9.19411871e+02
 3.66396026e+02 4.78307021e+00 3.89906585e+03 5.36403206e+01
 1.00000000e+00]","[ 0.21217336 -0.22283768  0.66057474 -0.17421702  0.37492263  0.36346218
  0.04762221 -0.40262786  0.03957871]",561.1149398799772,179.5596368189207,2.4548656141978765e-07,0.0012550263386699402,83.64086752948671,176.20970459675732
472,"[8.77452861e-09 9.22484215e+03 1.63494661e+01 4.82607609e+02
 1.39638198e+03 1.73228943e+00 6.19606814e+03 5.21372742e+01
 1.00000000e+00]","[ 0.12672251  0.28245375 -0.12654359 -0.12028725  0.84339294 -0.18794128
  0.102483   -0.34127089 -0.0087646 ]",4340.033859626479,173.39165481401233,2.4548656141978765e-07,0.0012550263386699402,84.33469398727584,164.9318628559348
473,"[2.72495841e+01 3.88278479e+03 1.26769903e+02 1.16368230e+03
 2.45703908e+03 1.70036912e+00 3.46380180e+03 4.74952778e+01
 1.00000000e+00]","[-0.15374617 -0.11220603  0.5012161  -0.04696216  0.81467882  0.12317544
  0.09499837 -0.14654253  0.03123663]",1893.0625314664285,184.8892445438796,2.4548656141978765e-07,0.0012550263386699402,83.86334597754492,171.01661199281068
474,"[2.96467630e+01 3.87501933e+03 3.58840902e+02 6.87824174e+02
 1.17529591e+03 6.47664349e-01 1.10466993e+04 4.06013854e+01
 1.00000000e+00]","[ 0.57276162 -0.09370542  0.57314965 -0.14828089  0.49500487 -0.0365453
  0.07168525 -0.23816962 -0.06668395]",1121.4508295023293,186.33606622297793,2.4548656141978765e-07,0.0012550263386699402,83.44448640731362,164.33055105387393
475,"[5.48541624e+01 8.42360766e+01 5.54034241e+02 1.42884590e+03
 8.55185007e+01 1.88183329e+01 8.31289624e+00 9.79226264e+01
 1.00000000e+00]","[ 0.12458963 -0.6245131  -0.03507339 -0.18503866 -0.09631133  0.56192993
  0.00631673 -0.43904503 -0.20285415]",-370.40046923901036,184.10330045345867,2.4548656141978765e-07,0.0012550263386699402,83.94748054137989,185.55293739334178
476,"[3.70368867e-01 6.51010703e+03 1.11969712e+02 5.38951166e+02
 1.35488200e+03 1.44752626e-08 1.15531150e+04 4.10820640e+01
 1.00000000e+00]","[ 0.35764267  0.08271423  0.34865913 -0.33490147  0.70690782  0.12581291
  0.09718577 -0.29958188 -0.12956069]",2465.2927359134587,193.67527787433937,2.4548656141978765e-07,0.0012550263386699402,83.6938190602559,172.55323657634284
477,"[5.33100023e+01 1.94038290e+03 4.12238498e-09 1.04277031e+03
 7.76142247e+00 1.47583914e+01 1.17893765e+04 9.80981171e+01
 1.00000000e+00]","[-0.23489534 -0.15243548 -0.81791164 -0.36925011 -0.29755528  0.16269867
  0.02368495 -0.01853951  0.01864971]",-415.8261117822817,184.1518685798727,2.4548656141978765e-07,0.0012550263386699402,83.52814096922346,173.1674854370964
478,"[2.76200000e+01 2.22268705e+03 4.67334829e+02 1.26951371e+03
 1.76904685e+02 6.52543920e+00 4.87797711e-07 6.65152741e+02
 1.00000000e+00]","[-0.00345927 -0.04882543  0.37607773  0.01684591 -0.18683178  0.22871248
 -0.12847783  0.8652257   0.0595675 ]",632.5289845791153,189.91659116350252,2.4548656141978765e-07,0.0012550263386699402,83.57517431584967,174.23118321452694
479,"[1.05477488e+02 1.79260138e+03 1.15799318e+02 8.77114387e+02
 1.73635891e+02 1.12418903e+01 1.11990035e+04 8.64598443e+01
 1.00000000e+00]","[ 0.30206616 -0.26760309 -0.25796834 -0.37444647  0.28369012  0.68654745
  0.04512271 -0.16329017  0.22329258]",-257.7379588809898,180.6653343924591,2.4548656141978765e-07,0.0012550263386699402,83.51891517331404,176.70997364724684
480,"[1.84949081e+01 1.85398603e+03 1.16341028e+02 2.75299504e+03
 1.91876193e+03 4.00298855e+00 3.95261857e+00 4.13932309e+01
 1.00000000e+00]","[ 0.59742842 -0.06675361  0.56050962  0.28542354  0.37162095  0.12973966
  0.03459866 -0.28144945  0.0874084 ]",1440.4145128130958,182.8569795596568,2.4548656141978765e-07,0.0012550263386699402,83.13786072039798,173.43810132417036
481,"[1.09585583e+02 8.85203133e+02 8.80396436e+02 6.45836186e+02
 2.29049679e+02 1.68067411e+01 2.88504404e-07 7.55166279e+01
 1.00000000e+00]","[ 0.28350807 -0.36899586  0.26999316 -0.50966302  0.24791234 -0.15641885
  0.01417606 -0.60378337  0.01139341]",-378.4546402970881,185.52011961672332,2.4548656141978765e-07,0.0012550263386699402,83.55888755668396,168.91011854744147
482,"[2.54658262e+01 1.57657415e+03 5.15811465e+01 2.71801981e+03
 9.90509965e+02 2.22194943e+00 7.24611062e+03 4.11504924e+01
 1.00000000e+00]","[ 0.541986   -0.27669655 -0.27580256  0.31747996  0.59757146 -0.20199063
  0.10344308 -0.20873715  0.02580854]",1758.7079364551923,201.92552300214425,2.4548656141978765e-07,0.0012550263386699402,82.92044894368802,166.52507640344447
483,"[1.83578946e+01 3.05384383e+03 7.96189578e+01 1.35073516e+03
 1.36237330e+02 4.79384361e+00 1.72578196e+04 5.21527608e+01
 1.00000000e+00]","[-0.1612457  -0.4893204  -0.50532029  0.01486803  0.24396361  0.42582471
  0.37321586 -0.30339762 -0.08252631]",4942.846222131855,181.56180316655082,2.4548656141978765e-07,0.0012550263386699402,83.54077165412373,179.15817147565315
484,"[6.73580536e-01 3.30238296e+03 2.59083384e-08 2.56920530e+03
 5.39334228e+01 1.01564770e+01 3.29409010e-04 4.67059790e+02
 1.00000000e+00]","[-0.21732333  0.04423694 -0.37428874  0.14256204 -0.68798927  0.3837428
  0.0065688   0.40787615  0.05834202]",669.564829067275,180.38095094395203,2.4548656141978765e-07,0.0012550263386699402,82.7473904980673,174.49197849403407
485,"[3.14030000e+01 7.29636145e+01 5.38522927e+01 2.18822690e+03
 3.14288630e+01 3.43108386e+01 8.16250479e-06 8.42264523e+01
 1.00000000e+00]","[-0.52904041 -0.34723635 -0.36177266 -0.08817673 -0.40083307  0.01485902
 -0.14080251 -0.47649963 -0.23048511]",-306.8343073691415,180.5200766780652,2.4548656141978765e-07,0.0012550263386699402,82.818985875646,171.55212927206412
486,"[1.11274306e+02 1.60217346e+03 4.29260571e+02 3.93843248e+02
 8.22064060e-01 2.78573316e+01 4.55703699e+03 8.51666733e+01
 1.00000000e+00]","[ 0.07974718 -0.22902917  0.10865554 -0.62845538 -0.66145396 -0.13473398
  0.02020493 -0.27989151 -0.00132609]",-495.0032508383317,179.591747120626,2.4548656141978765e-07,0.0012550263386699402,82.585802653231,167.34763530462283
487,"[1.00225996e+02 2.21968654e+03 5.47915540e+02 5.44791412e+02
 7.43589237e+02 1.03828000e+01 6.54056655e+03 5.56753474e+01
 1.00000000e+00]","[ 0.30328466 -0.27302526  0.34376917 -0.65574198  0.47067447  0.22595861
  0.05668427  0.02202583  0.09492548]",-20.11659953470435,203.1482628270928,2.4548656141978765e-07,0.0012550263386699402,82.79093119232421,174.8431129982846
488,"[3.02383787e-08 3.98163856e+03 1.09660328e+03 9.49707056e+02
 8.55551216e+02 5.70229126e+00 6.95430402e+02 3.90458493e+01
 1.00000000e+00]","[ 0.44921883  0.06567189  0.76188767  0.14902317  0.24893618  0.19089738
  0.02605361 -0.27183065 -0.13500815]",1459.9343936477837,201.62967711274382,2.4548656141978765e-07,0.0012550263386699402,82.9512630365635,172.17590016187637
489,"[1.42713434e-01 6.62063230e+03 3.29672861e+01 6.36837961e+02
 3.23046135e+02 3.86622648e-08 1.76335271e+04 4.10329638e+01
 1.00000000e+00]","[-0.12932353  0.35999483 -0.16446429  0.05455357  0.80817277  0.09657542
  0.36817325  0.08117363  0.13799934]",9169.43366327276,175.67469033358975,2.4548656141978765e-07,0.0012550263386699402,82.38401263673789,161.4926344576022
490,"[1.54321683e+01 9.31537972e+03 1.03820686e+02 6.21496049e+01
 1.68912127e+03 5.31903255e+00 6.93307136e+02 7.04387673e+01
 1.00000000e+00]","[ 0.08399611  0.10948118 -0.22761716 -0.73218807  0.49273664 -0.09635894
  0.04329052  0.35487251 -0.1147457 ]",1838.6935325890884,191.30456065184103,2.4548656141978765e-07,0.0012550263386699402,82.20246926817032,166.56955514080278
491,"[1.97567815e-01 8.80337870e+03 4.10309845e+01 4.26686660e+02
 4.56407671e+02 8.58681826e-11 1.40563297e+04 4.09232286e+01
 1.00000000e+00]","[ 0.57486249  0.65938283  0.19167264 -0.16149465 -0.06503885 -0.01182897
  0.28251042 -0.19422966  0.22365422]",9677.51772388519,172.76332371791068,2.4548656141978765e-07,0.0012550263386699402,82.08387406850014,166.82947012029365
492,"[8.92689354e+00 5.08929349e+03 3.13243275e+02 4.17838067e+02
 1.99845774e+02 2.53941815e+00 1.69371473e+04 4.61236301e+01
 1.00000000e+00]","[ 0.05859665 -0.02936515  0.56377107 -0.24065919  0.1856772   0.64754098
  0.10056489  0.37733205  0.11692451]",1686.6705204885252,189.44464704798452,2.4548656141978765e-07,0.0012550263386699402,81.47170968105478,163.9119543716879
493,"[2.35980000e+01 3.43735728e+03 7.19640728e+02 7.27039561e+02
 5.42808795e+02 3.56993946e-02 1.13609072e+04 3.91249744e+01
 1.00000000e+00]","[ 0.19160889 -0.02484144  0.64224424 -0.06417739  0.29626611  0.60690924
  0.04918398 -0.29042538  0.05651666]",1042.964044542761,190.6940952629185,2.4548656141978765e-07,0.0012550263386699402,81.83108162180974,169.5110353569005
494,"[2.46410000e+01 5.64546017e+02 5.49040554e+01 3.36094001e+03
 9.97859925e+01 1.01043257e+01 4.05299962e+03 7.31194524e+01
 1.00000000e+00]","[-0.1906765  -0.31594443 -0.16156211  0.26062039 -0.77214706  0.19311276
  0.04578771 -0.35177376 -0.10223193]",768.651081219242,191.44205312025258,2.4548656141978765e-07,0.0012550263386699402,81.87536524135558,171.12283770263429
495,"[1.54780000e+01 6.85872650e+03 1.55097555e+02 1.13854219e+03
 2.17939499e-09 1.01308241e+01 6.49812829e+03 6.40268011e+01
 1.00000000e+00]","[ 0.26167446  0.03222409  0.16703414  0.06469842 -0.78173622  0.48887577
  0.01043441  0.21672198  0.03483485]",411.3026136652165,174.49418552736,2.4548656141978765e-07,0.0012550263386699402,81.67696041461494,174.61064262796515
496,"[3.80840000e+01 6.52639375e+02 4.39493832e+02 1.31776478e+03
 2.88987756e-09 1.53982909e+01 5.58001229e+03 1.51927763e+02
 1.00000000e+00]","[ 0.27403354 -0.20655343  0.27478583 -0.09555699 -0.72159744  0.07899952
  0.02762796  0.49136243 -0.16869731]",100.34016189455562,174.13427243391774,2.4548656141978765e-07,0.0012550263386699402,81.4478994515814,161.80231077172493
497,"[1.24650846e+00 2.80585444e+03 1.85000002e+00 3.73902268e+03
 9.93464103e+02 6.34660551e-01 1.74226183e-05 4.56784639e+01
 1.00000000e+00]","[ 0.400517    0.11511321 -0.04007757  0.60509164  0.49758268 -0.04471815
 -0.21779317  0.3231717  -0.23902078]",3094.692473662492,175.99363765947965,2.4548656141978765e-07,0.0012550263386699402,81.75639358599749,169.69628162512527
498,"[2.04357427e+01 4.50472090e+02 9.65984414e+01 2.20475591e+03
 3.28002019e+01 1.55848803e+01 1.91425624e+01 4.49768297e+02
 1.00000000e+00]","[-0.29398871 -0.22462793  0.14832712  0.07909518 -0.37027827  0.58919613
  0.01618107  0.55834395 -0.19643851]",329.79330861865714,178.10038828749805,2.4548656141978765e-07,0.0012550263386699402,81.19123121890429,176.71640125977783
499,"[3.14030000e+01 3.93850145e+03 3.87612262e+01 1.13888998e+03
 2.79024071e+03 7.34281226e+00 8.10988275e+01 4.76366250e+01
 1.00000000e+00]","[-0.0833849  -0.08486136 -0.50854677 -0.1243194   0.63419658  0.45262387
 -0.00089484 -0.22352564 -0.23394912]",1263.786986828975,180.42144395589457,2.4548656141978765e-07,0.0012550263386699402,81.57297229024526,166.95373363057752
500,"[1.50081352e-08 8.29560851e+03 9.63382501e-08 9.07378564e+02
 2.29841038e+03 5.08581717e+00 3.91428490e-05 4.49262344e+01
 1.00000000e+00]","[-0.11855676  0.16597272 -0.09477684  0.24696973  0.51521297  0.66751795
 -0.14087333 -0.39598199  0.02736807]",2770.742815550599,189.3883316570591,2.4548656141978765e-07,0.0012550263386699402,81.49726075530728,168.39939957464333
501,"[2.11772765e+01 1.43295485e+03 1.10656008e-09 2.90770975e+03
 6.11353239e+01 8.01021129e+00 6.86318616e+03 1.89366188e+02
 1.00000000e+00]","[-0.14504353 -0.06636573 -0.44234743  0.16857449 -0.54867437  0.40143797
  0.02771983  0.52995631  0.08155533]",652.3509013325264,180.93859538488346,2.4548656141978765e-07,0.0012550263386699402,80.68032802158845,171.02013348659148
502,"[8.20822477e-09 4.39750263e+03 3.94604555e+01 1.79225583e+03
 7.83740433e+02 7.12055770e-09 5.05483625e-05 7.12802203e+02
 1.00000000e+00]","[-0.08998576  0.04290823  0.11208122  0.21417192  0.2978728   0.03554248
 -0.0215774   0.91231555 -0.09408992]",1460.6240839090735,190.93712390005408,2.4548656141978765e-07,0.0012550263386699402,80.53393755920953,162.09466929431034
503,"[2.46410000e+01 7.82286590e+01 5.51988738e+01 3.39826503e+03
 1.83306411e+02 1.23947203e+01 4.66712843e-06 7.52792412e+01
 1.00000000e+00]","[-0.02613635 -0.77203504 -0.34029076  0.24826395  0.15655197  0.04393965
 -0.0632781  -0.43300211  0.08894854]",760.5782245718706,179.2015415620922,2.4548656141978765e-07,0.0012550263386699402,81.37310394607685,175.63866842840707
504,"[2.10224680e+01 1.71548322e+03 4.47793731e+01 3.21448774e+03
 1.49212883e+02 1.66295557e+00 9.44619176e+03 3.91606322e+01
 1.00000000e+00]","[ 0.60077747 -0.14943185 -0.21262432  0.59972805 -0.10307794  0.38086604
  0.10703906 -0.10280978 -0.1847769 ]",2666.7326969021274,183.56798782134638,2.4548656141978765e-07,0.0012550263386699402,80.08494587729932,160.95647727597088
505,"[2.16770000e+01 4.25434602e+03 8.56155380e+01 8.48591260e+02
 1.05829420e+02 1.07917328e+01 3.11546584e+02 7.12840256e+02
 1.00000000e+00]","[-0.35248717  0.00783208 -0.05658993 -0.1087884  -0.60617567  0.02379544
  0.01450967  0.67065507  0.20651924]",347.4201288739081,181.05491051240483,2.4548656141978765e-07,0.0012550263386699402,80.34521666587298,165.80918838158513
506,"[7.44348621e+00 5.52043008e+03 5.65285671e+01 7.58565072e+02
 2.15291735e+02 1.04343109e+00 1.85046330e+04 4.04002029e+01
 1.00000000e+00]","[-0.10430962  0.21857415 -0.20609933  0.37214565 -0.64023502  0.03854902
  0.5371343   0.21216188  0.12434909]",11286.86483513964,172.70873064788793,2.4548656141978765e-07,0.0012550263386699402,80.5698391872652,173.22272292803348
507,"[2.23029969e+01 1.97571597e+03 4.66997595e+01 2.75969582e+03
 1.94962819e+03 1.11146416e+00 4.97132497e+02 5.85914304e+01
 1.00000000e+00]","[ 0.38635873 -0.03727856 -0.00426488  0.16887722  0.22477497  0.6244032
  0.02378219  0.61294677 -0.06424222]",887.4093959234862,197.5569390367997,2.4548656141978765e-07,0.0012550263386699402,80.5241926518003,162.26294449278222
508,"[3.14030000e+01 2.91411149e+03 9.22455081e+01 7.67702524e+02
 2.87312896e+02 7.97806870e+00 1.50092622e+04 7.48818947e+01
 1.00000000e+00]","[ 0.15377257 -0.23788366 -0.57182768 -0.55349845  0.25989227 -0.30031544
  0.06744182  0.34710413  0.0604558 ]",-55.48257929393341,173.29379448794617,2.4548656141978765e-07,0.0012550263386699402,79.5498340938437,163.35390093880733
509,"[1.78754938e+01 1.20927430e+03 3.45176471e+02 2.67886272e+03
 1.26690959e+02 4.27831728e+00 8.23961445e+03 4.89988186e+01
 1.00000000e+00]","[-0.19722214 -0.13363547  0.53662598  0.23942708 -0.43145549  0.5695078
  0.04780857 -0.27132445  0.1075018 ]",990.0076418642286,185.5184975922075,2.4548656141978765e-07,0.0012550263386699402,79.71908772204185,194.78689896974925
510,"[3.80840000e+01 5.22933499e+02 5.53455114e+02 1.05836622e+03
 3.50907447e+02 2.07419424e+01 1.08433597e+03 9.48149687e+01
 1.00000000e+00]","[-0.4561548  -0.60554728 -0.15209371 -0.55909863  0.28305631 -0.01248862
  0.03403531  0.08834272  0.01648757]",-865.5753629441049,191.31945944298684,2.4548656141978765e-07,0.0012550263386699402,79.40050646668188,168.90674190501727
511,"[3.14030000e+01 5.46768751e+03 5.63610074e+02 9.85230418e+01
 1.75057179e+03 3.95031685e+00 1.80760491e-05 9.28091735e+01
 1.00000000e+00]","[ 0.24907507 -0.00625906  0.44371562 -0.36057039  0.2562564  -0.03753716
 -0.11697332  0.71123059  0.15626836]",702.7691699787925,205.00890627682566,2.4548656141978765e-07,0.0012550263386699402,79.37397948920427,161.37963132914933
512,"[3.85660000e+01 2.05306473e+03 2.79873134e+02 1.04781946e+03
 2.05696264e+03 1.63718412e+01 2.81376411e-06 6.41721115e+01
 1.00000000e+00]","[ 0.56274509 -0.27874155  0.05806092 -0.29506999  0.41061519  0.44904573
 -0.17323957 -0.33778942  0.02869159]",-13.178143645888108,170.24434082314687,2.4548656141978765e-07,0.0012550263386699402,79.36678504242556,155.95237548889412
513,"[2.75116253e+01 1.50189990e+03 1.14898328e+03 1.61852105e+03
 1.34228463e+02 9.21729901e+00 2.27526959e-07 4.14225183e+01
 1.00000000e+00]","[ 3.24049603e-01  1.72528585e-04  7.17424188e-01  7.44637027e-02
 -5.43189208e-01  1.11323739e-01 -2.35847279e-01  5.67813751e-02
 -9.19454279e-02]",884.3784542071373,184.8064161373253,2.4548656141978765e-07,0.0012550263386699402,79.20478825818768,161.71845350762248
514,"[1.30132302e-09 2.12934216e+03 5.06898929e+02 2.65106345e+03
 4.85090354e+02 3.56993945e-02 1.82451892e-05 3.37928274e+02
 1.00000000e+00]","[-0.20335794  0.01680581  0.51567558  0.22528377  0.20905456 -0.32692928
  0.01148299  0.67893846 -0.17324314]",1225.0802123055996,181.62627469709196,2.4548656141978765e-07,0.0012550263386699402,79.5546773326642,178.444516338933
515,"[2.93026769e+01 4.15488452e+03 3.32607434e+02 5.40055031e+02
 2.46964487e+03 8.73121770e+00 5.64681650e+02 4.90798052e+01
 1.00000000e+00]","[-0.26203599 -0.09928993  0.27683593 -0.3345594   0.50324165  0.49514364
  0.04790027 -0.48146246  0.01976379]",741.7701105599872,173.19878052203126,2.4548656141978765e-07,0.0012550263386699402,79.78635183445341,171.30305901560672
516,"[2.76200000e+01 1.84540823e+03 2.80535031e+02 1.41571580e+03
 1.80736143e+02 6.14938222e+00 1.36102413e+04 6.01691139e+01
 1.00000000e+00]","[-0.22050268 -0.43388437  0.67197134  0.00408994  0.23080097  0.13953557
  0.13660484 -0.46717229 -0.04371061]",1261.1615118167151,169.86175800851856,2.4548656141978765e-07,0.0012550263386699402,78.71148617817656,171.642190092085
517,"[3.15786416e+01 2.68042844e+03 1.02433459e+00 7.71611084e+02
 2.72678847e+02 1.55543113e+01 1.17542947e+04 9.44003888e+01
 1.00000000e+00]","[-0.29979746 -0.10653519 -0.45410777 -0.26779399  0.09865759  0.71117236
  0.01404864 -0.27373709  0.17382592]",-324.69668501120145,175.9357954547616,2.4548656141978765e-07,0.0012550263386699402,79.32133411287397,162.4523631958932
518,"[4.22190473e-01 5.19639226e+03 3.38873118e+02 7.91955928e+02
 1.90461853e+03 6.16652333e-10 6.28327873e+03 4.08928652e+01
 1.00000000e+00]","[ 0.16082434  0.03847689  0.80507861  0.14066081  0.46603633 -0.1890925
  0.06051903 -0.16571733 -0.14369208]",1845.1846115379026,192.15184756153985,2.4548656141978765e-07,0.0012550263386699402,79.08078249494231,163.21411002236147
519,"[3.74635029e+01 7.32551125e+02 3.79994760e+02 1.63263194e+03
 1.15424824e+02 1.14230664e+01 2.54947841e+03 3.94462857e+02
 1.00000000e+00]","[ 0.47147338 -0.21723535  0.22980892 -0.01939143  0.10403203  0.36926151
  0.03503567  0.72365131  0.0725124 ]",305.268909245908,197.5752857901972,2.4548656141978765e-07,0.0012550263386699402,79.14453508488596,156.04054487469153
520,"[7.33388783e-09 7.43234626e+03 4.08879026e+02 7.53391123e+02
 4.30888419e+02 5.13852048e-01 2.21330725e-05 5.20048270e+02
 1.00000000e+00]","[-0.04536828  0.07424179  0.55028022  0.13760035 -0.0692876   0.24196465
 -0.07018794  0.61975835 -0.46724007]",1172.5617521164154,175.56009900037066,2.4548656141978765e-07,0.0012550263386699402,79.47182697416736,178.17098321715804
521,"[3.47830000e+01 1.00482071e+03 1.72514964e+02 1.71037735e+03
 1.25609555e+03 1.12478098e+01 3.74846633e+03 7.95862819e+01
 1.00000000e+00]","[-0.12840558 -0.41947818  0.10044533 -0.1640483   0.45007282  0.48989187
  0.06498484 -0.54755841  0.15474535]",81.79188483849863,182.53209946473154,2.4548656141978765e-07,0.0012550263386699402,79.18178528760052,167.28678872340174
522,"[2.89890434e+01 6.43692089e+03 3.42714866e+02 3.55192137e+02
 2.42861706e+03 4.53657240e+00 6.32214598e-06 4.88248469e+01
 1.00000000e+00]","[ 0.51171532  0.03734798  0.4252264  -0.11989472  0.3243474   0.54235746
 -0.14689316 -0.32699797  0.11705641]",1132.7133940134624,179.34070861158784,2.4548656141978765e-07,0.0012550263386699402,78.98199457552036,171.56441983238028
523,"[9.01469089e+01 3.97569261e+03 3.95371956e+02 8.37539604e+00
 8.95090142e+01 1.79569433e+01 7.81844364e+03 8.56153159e+01
 1.00000000e+00]","[ 0.25579084 -0.05442274  0.18841054 -0.75819288 -0.54642724  0.00303893
  0.02172982 -0.1184072  -0.09038707]",-14.357378928839745,181.65807179733514,2.4548656141978765e-07,0.0012550263386699402,79.28048973055631,162.9845459699377
524,"[7.39819870e+00 3.94264773e+03 1.41230485e+02 1.03596723e+03
 3.29559743e+02 1.51869607e+00 1.75113701e+04 4.07314830e+01
 1.00000000e+00]","[ 0.46247201 -0.043403    0.79925627  0.09132117  0.31013797  0.11203813
  0.1251692  -0.05025256 -0.10077167]",2331.899550594258,171.53757903604946,2.4548656141978765e-07,0.0012550263386699402,79.27831553013178,165.9026391543298
525,"[2.36399054e+01 7.04373953e+03 9.61479695e-09 1.01778542e+03
 4.60096343e+02 1.08783954e+00 4.81567148e+01 7.44117755e+02
 1.00000000e+00]","[ 0.5511995   0.07690373 -0.17873259  0.12180621 -0.10977187  0.3569541
  0.00689885  0.70405735 -0.0909527 ]",1152.7182273474841,200.20356032131826,2.4548656141978765e-07,0.0012550263386699402,79.02745685315796,163.49842621502466
526,"[2.98499265e+01 3.01523201e+03 2.18309348e+02 9.18364455e+02
 1.40383238e+02 8.04824343e+00 5.06380856e+03 6.01719761e+02
 1.00000000e+00]","[-0.00671997 -0.06767702  0.12531658 -0.19800183 -0.09335528  0.16440523
  0.03700312  0.94973268 -0.03687832]",388.2878503548973,184.46742985482837,2.4548656141978765e-07,0.0012550263386699402,79.02093507402812,166.04987758109053
527,"[1.11182580e+02 3.36980223e+03 8.55894303e+02 4.52770921e+01
 5.87805158e+02 1.64630491e+01 9.85336924e+02 5.09506658e+01
 1.00000000e+00]","[ 0.37654248 -0.06507019  0.26300505 -0.45041919  0.16531358  0.6905479
  0.01895217 -0.1945465  -0.19884671]",144.40599683040847,174.038112155166,2.4548656141978765e-07,0.0012550263386699402,78.7931142634274,170.67491955291803
528,"[6.41035721e-09 5.71515143e+03 8.08192657e+02 3.17836499e+02
 1.00809513e+02 1.39618782e+01 4.18307129e+02 1.61556159e+02
 1.00000000e+00]","[-0.3132323   0.0290397   0.37838839 -0.08380393 -0.70008384 -0.29683871
  0.00714476  0.41370431  0.03752914]",440.28420429203567,180.67465466491421,2.4548656141978765e-07,0.0012550263386699402,79.47098958493467,157.20140671856575
529,"[2.64662985e+01 2.83365570e+03 6.37540225e+01 1.26230709e+03
 9.29266444e+02 4.23849264e+00 1.30214231e+04 4.91151518e+01
 1.00000000e+00]","[-0.14572304 -0.27843984 -0.28547495 -0.1129675   0.73606743  0.46241692
  0.11955702 -0.19204886 -0.01330925]",1279.6602399767773,188.30224419550564,2.4548656141978765e-07,0.0012550263386699402,78.85865804390036,163.22928178492134
530,"[1.67318057e+01 5.65076846e+03 3.96950054e+02 1.88085280e+02
 1.25908699e+03 4.07658596e+00 8.80450221e+03 4.44319090e+01
 1.00000000e+00]","[-0.28629958 -0.01911411  0.44494512 -0.41941979  0.29519542  0.28755902
  0.03469816 -0.60694598 -0.06603159]",636.2497849078981,173.1601367865802,2.4548656141978765e-07,0.0012550263386699402,78.89052894531075,169.51444991240703
531,"[2.03649445e+01 6.17215053e+03 2.78400000e+01 1.00150893e+03
 2.80422614e+03 1.79957722e+00 2.02160840e-05 5.47487770e+01
 1.00000000e+00]","[ 0.67691485  0.08911053 -0.11411944  0.06929718  0.60269802  0.32395716
 -0.10500237 -0.14304892 -0.1278226 ]",2312.7385611276386,179.91638749346293,2.4548656141978765e-07,0.0012550263386699402,78.85241241870953,157.23949620207247
532,"[3.00825085e+01 2.10005268e+03 3.32877547e+02 8.46618652e+02
 1.62922730e+02 9.08717851e+00 1.33747880e+04 7.72857228e+01
 1.00000000e+00]","[-0.24949173 -0.51307309  0.47554002 -0.57909279  0.21881699 -0.09178652
  0.15511898  0.14062314  0.11349321]",703.5213034864739,177.3712876544247,2.4548656141978765e-07,0.0012550263386699402,79.48304809675352,161.822650606543
533,"[3.14030000e+01 4.31463997e+03 1.20612062e+02 1.47057828e+02
 5.97965834e+01 3.75391677e+01 1.43903910e-05 1.80354231e+02
 1.00000000e+00]","[-0.58462753 -0.06210782 -0.42821981 -0.38703543 -0.40213582 -0.34166026
 -0.03531058  0.20014892  0.03785843]",-395.6334198770149,184.80528599033642,2.4548656141978765e-07,0.0012550263386699402,78.89401482440081,161.6599010073303
534,"[3.09210002e+01 4.03083572e+03 4.33493855e+02 8.63660986e+02
 1.78763446e+03 3.56994319e-02 5.91784554e+03 4.17799871e+01
 1.00000000e+00]","[ 7.74836873e-01  1.15801104e-05  3.07497220e-01  2.71855803e-02
  1.85472901e-01  2.85905951e-01  2.45525574e-02  4.26528055e-01
 -7.52516001e-02]",675.3939731266419,181.94479802281,2.4548656141978765e-07,0.0012550263386699402,78.72930149200295,162.15498521970176
535,"[3.60453412e-09 9.08210887e+03 1.88721824e+02 1.06102145e+03
 5.43751495e+02 2.14960206e+00 8.03148342e+03 4.05847129e+01
 1.00000000e+00]","[-0.07212003  0.1582358   0.81157713  0.35777477  0.2458622   0.13106096
  0.05383409  0.30312841  0.10339131]",2548.626857692152,183.4799017789087,2.4548656141978765e-07,0.0012550263386699402,78.98925292823743,163.69256827782846
536,"[2.46410000e+01 7.48284832e+02 5.37837934e+01 3.72800878e+03
 2.79429367e+02 1.64750802e+00 3.65327853e+03 4.53522174e+01
 1.00000000e+00]","[ 0.61707312 -0.33853331 -0.10220192  0.36024545  0.41094371 -0.25922739
  0.06542474 -0.2383384   0.25929671]",1442.2549344446054,166.4950459507204,2.4548656141978765e-07,0.0012550263386699402,78.37387738149691,158.08869581477143
537,"[1.14034000e+02 4.67065665e+02 1.87298496e+02 1.29393464e+03
 4.44789609e+01 2.33829626e+01 3.12757972e+03 9.25331462e+01
 1.00000000e+00]","[-0.36059849 -0.49175793 -0.51922372 -0.47400994  0.05635157  0.33040136
  0.01939388  0.14496769 -0.01148308]",-897.1004789484876,185.06860324747424,2.4548656141978765e-07,0.0012550263386699402,77.9968494245621,159.6916594483223
538,"[4.52110001e+01 4.85489384e+03 1.25467919e+01 1.98493029e+02
 1.03736825e+01 4.95569426e+01 6.57772072e-05 1.07334243e+02
 1.00000000e+00]","[-0.28791181 -0.03922369 -0.39856178 -0.29643732 -0.35776535  0.64167031
 -0.00377088 -0.34818814 -0.08863229]",-276.658310164941,173.56527591507933,2.4548656141978765e-07,0.0012550263386699402,78.85537805828437,191.82662000959647
539,"[2.97116607e+01 6.14670628e+03 1.05552465e+03 1.17971920e+02
 3.71078419e+02 8.81696600e+00 2.71064320e+02 4.29659591e+01
 1.00000000e+00]","[ 0.29298806  0.07131733  0.74726966 -0.25094546 -0.2495323  -0.11918373
  0.01191541 -0.45792913  0.03706848]",1096.173520721771,177.8881035011127,2.4548656141978765e-07,0.0012550263386699402,78.41041324044126,170.16847977773273
540,"[3.14030002e+01 5.40482622e+03 1.37468636e+02 4.67977381e+02
 2.36163905e+02 2.18910855e+00 1.72898513e+04 4.48573681e+01
 1.00000000e+00]","[ 0.7731007  -0.04593351 -0.14317231 -0.4626248   0.13049777  0.32137129
  0.06213021  0.17382192 -0.10631093]",653.270794416745,164.02949036797213,2.4548656141978765e-07,0.0012550263386699402,78.31643970368226,184.712298896
541,"[2.29444503e+01 1.70725794e+03 4.99217713e+01 2.75772409e+03
 1.94334814e+03 4.61814456e+00 1.55660224e-05 4.48820367e+01
 1.00000000e+00]","[-0.27836004 -0.23191333 -0.28316262  0.46997322  0.71807522 -0.00661691
 -0.10464898 -0.12097174 -0.16252575]",2269.445400033018,172.94809030692295,2.4548656141978765e-07,0.0012550263386699402,78.29664584241397,153.85333258039373
542,"[5.94300002e+00 3.95867364e+03 4.36611230e+01 2.36119179e+03
 2.53720784e+02 1.01623730e-08 1.30694675e+04 3.91323107e+01
 1.00000000e+00]","[ 0.52218461  0.04957694  0.29326983  0.23793848  0.06676355  0.39083229
  0.03916416  0.65063855 -0.01310885]",1328.2270080488145,179.9976106355191,2.4548656141978765e-07,0.0012550263386699402,78.63170054627673,184.193544539068
543,"[3.14030000e+01 1.78057145e+03 5.31692124e+01 1.29047891e+03
 1.20893186e+01 1.13570870e+01 1.39645645e+04 8.27586361e+01
 1.00000000e+00]","[ 0.13333296 -0.30242306 -0.43102756 -0.17567032 -0.29305019  0.62927451
  0.07776226 -0.42169521  0.09153769]",270.7975773129903,160.61512095573138,2.4548656141978765e-07,0.0012550263386699402,77.47955165912691,165.28515958937737
544,"[3.09210000e+01 2.59734213e+03 4.81576819e+02 2.56676504e+02
 9.78194310e+02 3.16529863e+01 5.27225508e-05 6.65870947e+01
 1.00000000e+00]","[-0.47298805 -0.0937162  -0.02016989 -0.29741448  0.09841734  0.49990138
 -0.20451866 -0.58985921  0.17113813]",-271.1021885338547,169.20201536856356,2.4548656141978765e-07,0.0012550263386699402,77.88981886467134,159.392190853393
545,"[2.08580000e+01 6.47442718e+02 5.03081798e+02 3.13283580e+03
 1.84738270e+02 5.59874607e+00 1.91371632e+03 5.21484370e+01
 1.00000000e+00]","[ 0.6960039  -0.18106902  0.54786593  0.28954761 -0.27243955  0.14260857
  0.03556925  0.03609647 -0.04085395]",1100.391325616568,172.6369600433943,2.4548656141978765e-07,0.0012550263386699402,78.43953444463115,148.30207201042592
546,"[1.00284362e+01 5.77349030e+03 6.41778903e+02 2.02385986e+03
 2.09242099e+02 3.00714900e-01 5.16447969e-06 5.23318746e+01
 1.00000000e+00]","[ 0.3811763   0.07502976  0.49951367  0.21537968 -0.37379202  0.28968511
 -0.25449405  0.51408123  0.02209501]",1142.2808452299096,193.94504941107903,2.4548656141978765e-07,0.0012550263386699402,78.04855793690017,158.19830679916788
547,"[3.74635029e+01 1.75347404e+03 3.61010698e+02 9.42955759e+02
 8.76444008e+02 1.01197830e+01 7.79257681e+03 8.00194956e+01
 1.00000000e+00]","[ 0.35396931 -0.27321651  0.22912355 -0.18207144  0.36878713  0.44286515
  0.05431371  0.6158844  -0.00371346]",245.43938366063594,175.47157001594928,2.4548656141978765e-07,0.0012550263386699402,78.06313956469411,181.17260286805208
548,"[1.00061981e+02 1.11599893e+03 4.17388107e+02 6.01135946e+02
 1.00170055e+01 2.50370861e+01 4.39829831e+03 8.84211754e+01
 1.00000000e+00]","[-0.50187136 -0.23712023 -0.062449   -0.41072386 -0.15392265  0.5120371
  0.01609167 -0.48284522  0.00570504]",-548.444501740925,167.41573972030494,2.4548656141978765e-07,0.0012550263386699402,77.88238674323749,157.98312401558587
549,"[3.81015423e+01 7.25476082e+03 7.78359637e+00 1.11008987e+02
 5.96654633e+02 4.26674862e+00 1.14341333e+04 7.87594240e+01
 1.00000000e+00]","[ 0.13222442  0.00343612 -0.28453904 -0.40368011  0.1338536   0.56209688
  0.02734702  0.51048596 -0.37864407]",417.71837322792476,169.48395556487685,2.4548656141978765e-07,0.0012550263386699402,77.74148792734661,158.4128622142291
550,"[1.65439599e+01 2.15337529e+03 6.01836720e+01 2.17728924e+03
 1.14255224e+02 3.42999487e+00 1.44212345e+04 4.26736250e+01
 1.00000000e+00]","[-0.29143598 -0.47008619 -0.43863428  0.58696535 -0.02525741  0.11609911
  0.25594681 -0.27403341  0.04935256]",3911.4380011897156,174.95918546537087,2.4548656141978765e-07,0.0012550263386699402,77.23375824802072,163.9459286921946
551,"[4.52110000e+01 5.13220335e+03 2.79774595e+02 7.36809605e+00
 2.36493519e+02 1.34647548e+01 2.64771457e+03 4.11718821e+02
 1.00000000e+00]","[ 0.08681925 -0.03947379 -0.28272715 -0.59370859 -0.07866638  0.5640387
  0.01420467  0.48225409  0.03716005]",-56.94598221039975,165.07781078566452,2.4548656141978765e-07,0.0012550263386699402,78.01499753996542,159.55816291985542
552,"[3.85660000e+01 1.22033386e+02 5.51362689e+01 2.22051195e+03
 5.54308517e+01 1.83319164e+01 5.77641437e-06 2.85358268e+02
 1.00000000e+00]","[-0.02980764 -0.51236851 -0.51818337 -0.06489166 -0.27188355 -0.01035127
 -0.00858755  0.54837164  0.29841593]",-94.81872683763949,167.15350210260047,2.4548656141978765e-07,0.0012550263386699402,77.71002758791394,156.1749936618594
553,"[3.89811958e+01 1.01879007e+04 5.20482643e+01 5.36501471e-07
 6.67455697e+02 2.64654730e+00 4.80322377e-05 2.76481934e+02
 1.00000000e+00]","[ 0.60042377  0.22391629 -0.05588424 -0.2782789   0.05601956  0.49742272
 -0.28375627  0.42101544 -0.02124674]",2456.822414777105,166.17410952078671,2.4548656141978765e-07,0.0012550263386699402,77.63364049131991,157.66754698500472
554,"[2.27467605e+01 1.43215335e+03 6.38453643e-09 4.25984212e+03
 4.39969075e+02 2.32990369e+00 2.00597523e-05 3.90458494e+01
 1.00000000e+00]","[ 0.34471175 -0.04926881 -0.49486585  0.33024388  0.26573134  0.64637781
 -0.05808912 -0.14370773  0.11112823]",1456.9868957487693,159.54822804467767,2.4548656141978765e-07,0.0012550263386699402,78.0546044996675,181.81762518349447
555,"[3.14030000e+01 6.75171911e+03 3.36196439e+02 8.38651680e+01
 2.09270277e+03 8.02390364e+00 8.95693414e+02 5.46632219e+01
 1.00000000e+00]","[ 0.46276292  0.01052717  0.1294298  -0.52612289  0.37819959  0.52498953
  0.03245532 -0.26357496 -0.05484753]",895.2782011827787,169.09219268930667,2.4548656141978765e-07,0.0012550263386699402,77.57461213082247,147.33336510745806
556,"[1.14034000e+02 9.18732663e+02 3.93199513e+02 2.28586105e+03
 2.56185324e-08 2.84341665e+01 1.15431979e-05 5.85082354e+01
 1.00000000e+00]","[ 0.62502648 -0.02616152  0.12953254  0.06209823 -0.58303396  0.41776751
 -0.11917625 -0.24354421  0.00689589]",237.7553120750293,168.4109620331689,2.4548656141978765e-07,0.0012550263386699402,76.71381758786279,168.88001126514362
557,"[1.14671903e-06 2.46393521e+03 1.85000141e+00 4.20491409e+03
 3.09728020e+02 4.43179953e-01 7.39282001e+02 3.90458517e+01
 1.00000000e+00]","[-0.07441534  0.12938193 -0.1739923   0.79458749 -0.21106214 -0.10784459
  0.06003876 -0.46065529 -0.20998676]",3620.4081914657213,184.84474463587094,2.4548656141978765e-07,0.0012550263386699402,77.4153465286952,147.7105774457873
558,"[1.54780000e+01 1.01879007e+04 3.43673248e+02 3.71620692e+02
 3.46943050e+02 3.56994136e-02 5.36684467e+03 3.93971883e+01
 1.00000000e+00]","[ 0.54746095  0.14791518  0.72269817  0.11592935 -0.22462828  0.18297553
  0.03588454 -0.23112417 -0.06349302]",1912.3634561467493,183.88123968844343,2.4548656141978765e-07,0.0012550263386699402,77.1171897248785,154.92065943175112
559,"[3.74635029e+01 1.44035839e+02 5.81662032e+02 1.61697599e+03
 3.91620933e+02 1.51589766e+01 3.68808089e-05 9.21912572e+01
 1.00000000e+00]","[ 0.00213041 -0.57857764  0.11554296 -0.15032758  0.2907944   0.50821417
 -0.02030882 -0.53338091 -0.03929573]",-186.7524120001554,166.28252665390343,2.4548656141978765e-07,0.0012550263386699402,77.57708083564476,170.95026390661184
560,"[3.14030000e+01 2.58447383e+02 5.55759642e+01 2.69496702e+03
 2.29877245e+02 1.21025284e+01 3.82603063e+03 8.32326777e+01
 1.00000000e+00]","[ 0.38495574 -0.65647875 -0.01826086  0.1275233   0.39243366  0.21437034
  0.06900782  0.44434395  0.04567972]",578.9413887479246,181.83844018672517,2.4548656141978765e-07,0.0012550263386699402,77.00420116415623,164.14045542771737
561,"[5.97431640e+00 7.01522645e+03 3.33635144e+02 2.41298623e+02
 3.22812580e+02 8.21803813e-09 1.49948464e+04 3.91249744e+01
 1.00000000e+00]","[ 0.22978965  0.13365133  0.89784774  0.03249759 -0.173141    0.27195748
  0.07572706  0.1115189  -0.0061358 ]",2330.3429406891887,173.43776453973032,2.4548656141978765e-07,0.0012550263386699402,76.96062197235027,160.81959737276173
562,"[3.87790778e+01 1.01879007e+04 7.71428684e+01 5.51827527e+01
 1.42657963e+03 6.58550979e+00 1.07907572e+01 5.45582948e+01
 1.00000000e+00]","[ 0.64364139  0.10760669 -0.04022312 -0.25064388  0.2338558   0.5792886
  0.00515087 -0.32358452  0.12128068]",1424.2634537477124,169.65391465565153,2.4548656141978765e-07,0.0012550263386699402,76.8634540504955,158.04595430915887
563,"[3.14030000e+01 2.74342861e+03 4.40227334e+01 1.31698739e+03
 2.37408373e+03 6.20736861e+00 1.77126423e+03 7.49702259e+01
 1.00000000e+00]","[ 0.44999139 -0.12832855 -0.48643071 -0.15623639  0.39291302 -0.1197399
  0.04354817  0.57685721 -0.12898028]",487.2140842494565,176.46211008540473,2.4548656141978765e-07,0.0012550263386699402,76.3672224835944,154.13305472416494
564,"[1.52310641e+01 7.88900233e+03 2.03657656e-08 5.19438281e+02
 5.07719319e+02 1.05498675e-08 1.52367458e+04 3.93835188e+01
 1.00000000e+00]","[ 0.62545012  0.08833931 -0.3320061   0.01605989  0.33740103  0.60228892
  0.06643851 -0.00750233 -0.09726555]",1897.996318538104,167.66803853951478,2.4548656141978765e-07,0.0012550263386699402,76.70992831856161,152.40433790992859
565,"[6.64455718e+00 9.25355984e+03 8.10310180e-09 9.44638378e+02
 4.80619870e+02 1.30595659e+00 1.06440881e+04 4.12731394e+01
 1.00000000e+00]","[ 0.57552206  0.31576357 -0.1829855   0.60466015 -0.05096812 -0.06500857
  0.10905467 -0.35101747  0.16745176]",4618.832595873248,167.93033970356555,2.4548656141978765e-07,0.0012550263386699402,76.28939472157684,156.89508190906827
566,"[2.43807943e+01 1.16192263e+03 5.49478569e+01 2.74254714e+03
 1.37933865e+03 4.20253517e+00 2.87773832e+03 5.11932405e+01
 1.00000000e+00]","[-0.42114731 -0.4095778  -0.33233332  0.27663512  0.64106598  0.19585106
  0.07927481  0.04323196 -0.10213623]",1369.571612574464,179.03470327531318,2.4548656141978765e-07,0.0012550263386699402,76.72198039225806,168.43928608645126
567,"[7.01886947e-10 8.81234366e+03 3.27079814e+02 3.38018083e+02
 1.86737093e+03 5.69485330e+00 1.19957786e-06 4.30140743e+01
 1.00000000e+00]","[-0.16000899  0.10326963  0.56586987  0.07887849  0.31059756  0.58580406
 -0.20686734 -0.34359731 -0.19186331]",1690.1599588117208,167.1507997512574,2.4548656141978765e-07,0.0012550263386699402,76.06160564156077,153.2341830539258
568,"[1.14034000e+02 8.07602055e+01 3.84070897e+01 2.14803124e+03
 5.94047380e+01 2.19642974e+01 1.97935448e+02 9.24744799e+01
 1.00000000e+00]","[ 0.50523568 -0.24788661 -0.42488454  0.02138155 -0.35793277  0.12050779
  0.00659582 -0.59299857  0.08931006]",-4.854071950100299,163.41403137021732,2.4548656141978765e-07,0.0012550263386699402,75.97240140975124,160.20663995037444
569,"[1.07074000e+02 1.61806312e+03 7.90384272e+02 3.56106534e+02
 7.63741691e+01 2.86022089e+01 2.21511553e-06 7.57804903e+01
 1.00000000e+00]","[-0.1914202  -0.12551183  0.30788717 -0.43608902 -0.63113583 -0.19376652
 -0.01682222 -0.45682628  0.13336341]",-223.75694906247128,164.49035694255673,2.4548656141978765e-07,0.0012550263386699402,75.57306223758509,183.356215088505
570,"[2.35324308e+01 5.55635977e+03 3.09374684e+02 5.04268954e+02
 4.13813139e+02 3.52480768e+00 1.10426012e-05 7.63070201e+02
 1.00000000e+00]","[ 0.09733135  0.00635723  0.19591056 -0.14354039  0.08423174  0.42799616
 -0.01800159  0.85920214 -0.05170427]",717.7849729974506,176.75690971231825,2.4548656141978765e-07,0.0012550263386699402,75.4647890879625,159.05934437226392
571,"[6.19814096e+00 6.09931426e+03 1.33168469e+02 1.15484420e+03
 1.86056518e+03 2.27138110e+00 6.34954844e+03 3.92070973e+01
 1.00000000e+00]","[ 0.45202907  0.053084    0.3757315   0.15892521  0.19013839  0.49741962
  0.02773133 -0.58052196  0.07118124]",1068.433872994553,174.06404589267504,2.4548656141978765e-07,0.0012550263386699402,76.4386991340456,159.06248826302124
572,"[2.98552398e+01 2.33060924e+03 5.08246205e+01 1.77853971e+03
 1.33963591e+03 3.83116295e+00 8.95839789e+03 4.47999355e+01
 1.00000000e+00]","[ 0.2480375  -0.29088876 -0.36578146  0.16949956  0.79428807 -0.01671668
  0.11991167 -0.16971939 -0.1303015 ]",1742.8036916854085,170.40595367989158,2.4548656141978765e-07,0.0012550263386699402,76.17659690897548,152.7170310014352
573,"[1.07844204e+02 1.12038716e+03 9.96125661e+02 7.18847519e+02
 1.28765318e+02 1.86378015e+01 1.65762573e-05 5.93691703e+01
 1.00000000e+00]","[ 0.35856683 -0.08017493  0.36501263 -0.09886284 -0.74990527 -0.19590731
  0.00569575 -0.34816885  0.00146951]",120.49142982331612,188.18120204326084,2.4548656141978765e-07,0.0012550263386699402,76.06707995954375,158.18125895536957
574,"[2.41936628e+01 5.36015791e+02 5.04407132e+01 4.05213454e+03
 2.11789758e+02 5.89783637e+00 1.84388960e-05 5.44014158e+01
 1.00000000e+00]","[-0.13902053 -0.31278937 -0.30077531  0.43573317 -0.12025887  0.66292021
 -0.00480831 -0.38454915 -0.02608362]",1536.948729114927,156.15118833710267,2.4548656141978765e-07,0.0012550263386699402,75.56560200584185,162.0807060577281
575,"[1.09977261e+02 2.23088895e+03 8.23131241e+02 1.88237095e+02
 1.28765505e+02 1.97408337e+01 2.58148752e+02 9.63306175e+01
 1.00000000e+00]","[-0.14378118 -0.12009874  0.35122386 -0.56955963 -0.42093104 -0.25752379
  0.01670385  0.48920129  0.18452242]",-109.51200797885973,176.92797151528237,2.4548656141978765e-07,0.0012550263386699402,75.27289764745116,152.4086272709062
576,"[2.76200000e+01 1.96946559e+03 1.85725998e+02 1.45771982e+03
 1.23411588e+03 6.06255824e+00 8.32749241e+03 5.96357037e+01
 1.00000000e+00]","[ 0.58598785 -0.32479577  0.33703154 -0.08191097  0.59306078  0.03140832
  0.08540178 -0.19456236 -0.18157846]",751.1975709921204,168.47102312013726,2.4548656141978765e-07,0.0012550263386699402,75.08999366744092,158.17764667316388
577,"[2.76200000e+01 1.49923104e+02 3.73496236e+02 2.94580083e+03
 3.04560448e+02 7.94352507e+00 7.01240620e-05 7.20668314e+01
 1.00000000e+00]","[ 0.65065586 -0.29154452  0.2882891   0.16436408  0.22020344  0.31047738
  0.00950955  0.48458014 -0.04157516]",670.5327287825193,182.31638431251451,2.4548656141978765e-07,0.0012550263386699402,75.14729524882985,143.00609892533316
578,"[1.14034000e+02 2.63927037e+03 1.02020978e-07 2.88634361e+03
 1.16619454e+01 2.84022051e+01 5.56534871e-05 4.28766352e+01
 1.00000000e+00]","[ 0.6875231   0.01605236 -0.11546123  0.07348249 -0.45076301  0.45108837
 -0.18418296 -0.23318212 -0.11557711]",330.30470943686026,161.0051984128476,2.4548656141978765e-07,0.0012550263386699402,75.04734259976368,148.1776353664763
579,"[1.92610000e+01 3.40775441e+03 1.36358146e+01 1.21187715e+03
 7.62796117e+01 6.50454727e+00 1.75117362e+04 5.81469954e+01
 1.00000000e+00]","[ 0.3516601  -0.20659514 -0.57932018 -0.00574172 -0.57345052  0.08938891
  0.20851094 -0.34038976  0.04278911]",2876.367712544846,162.73468169865055,2.4548656141978765e-07,0.0012550263386699402,75.34276915354107,164.62534623461715
580,"[3.09210000e+01 2.79968380e+03 3.60018544e+02 4.98845443e+02
 2.85316898e+02 8.58969243e+00 1.31342581e+04 7.38607797e+01
 1.00000000e+00]","[-0.21361184 -0.31136243  0.14805465 -0.82610327  0.19945242  0.03203751
  0.08435855 -0.32349196 -0.0220351 ]",-95.86298057277851,173.45271001117092,2.4548656141978765e-07,0.0012550263386699402,74.9186278057314,153.9304512708502
581,"[1.95000000e+01 3.75584753e+03 8.60048840e+01 1.57831014e+03
 2.77843392e+03 3.58123373e+00 4.75822959e-06 4.41061017e+01
 1.00000000e+00]","[ 0.23455566 -0.02412017  0.35156187  0.23660711  0.80403365  0.26556714
 -0.17841608  0.05582856 -0.11348145]",2554.911911087403,168.47459612888133,2.4548656141978765e-07,0.0012550263386699402,74.92907967342987,161.2093233287212
582,"[3.80840000e+01 1.46972768e+03 7.32442058e+02 6.08635093e+02
 2.31047753e+02 1.54477841e+01 5.60296012e+03 7.79177652e+01
 1.00000000e+00]","[-0.44988789 -0.2587688   0.19546399 -0.56267987  0.25972034  0.53348256
  0.03522971  0.05457328 -0.13981098]",-327.00184262715106,171.24516498837428,2.4548656141978765e-07,0.0012550263386699402,74.4610695938492,159.01377561741987
583,"[4.34003309e-08 5.07446249e+03 2.11118738e+01 1.21267570e+03
 1.63305170e+03 1.38317144e-08 1.00873215e+04 4.08278922e+01
 1.00000000e+00]","[-0.22935535  0.07116834  0.01003068  0.35622194  0.70283114  0.39513164
  0.10725987 -0.14691685  0.36351979]",3017.424082431976,161.04243672751818,2.4548656141978765e-07,0.0012550263386699402,74.56890309729883,151.07056358608065
584,"[4.52109998e+01 8.00805564e+03 5.50179880e+00 1.16006787e+02
 1.24109163e+03 7.62632128e+00 6.43184366e+03 5.26396623e+01
 1.00000000e+00]","[ 0.34454995  0.01663897 -0.32383235 -0.37656514  0.18809719  0.62958985
  0.02237513 -0.43766032 -0.10260918]",462.3771913280181,177.67206769460108,2.4548656141978765e-07,0.0012550263386699402,74.49567681408895,155.77460121686704
585,"[3.80840000e+01 5.66473006e+02 4.41546935e+02 1.20172311e+03
 2.62394397e+01 2.02424520e+01 7.10861518e-05 3.26132152e+02
 1.00000000e+00]","[-0.397425   -0.35670063  0.00358659 -0.38081017 -0.42623068 -0.33929797
 -0.01288313  0.50237519 -0.14299047]",-527.5961089014619,158.93204114991136,2.4548656141978765e-07,0.0012550263386699402,74.22294205675291,161.77629333991308
586,"[2.76200000e+01 1.63366864e+03 7.09388128e+02 9.93621474e+02
 1.36011454e+02 6.00903193e+00 1.01656270e+04 6.04763402e+01
 1.00000000e+00]","[-0.3918409  -0.38011459  0.69444603 -0.14312465 -0.10325438  0.25040825
  0.09399121 -0.32573049  0.1045619 ]",641.9621894630146,167.4234914736321,2.4548656141978765e-07,0.0012550263386699402,74.45535694922017,153.60859791945325
587,"[2.76200000e+01 1.91117633e+03 3.18875520e+02 1.75880516e+03
 2.16495538e+03 7.58074580e+00 1.13117052e-04 4.43976543e+01
 1.00000000e+00]","[ 0.33692192 -0.11862071  0.37511763  0.03833844  0.33775598  0.74408942
 -0.0740976  -0.18794263  0.14720263]",698.3167200790954,163.92088605688434,2.4548656141978765e-07,0.0012550263386699402,75.04829295443837,147.72539035371778
588,"[1.14034000e+02 1.84470800e+03 7.79689981e+01 6.49793789e+02
 2.13321030e+01 3.31002741e+01 3.68982752e+03 9.13618805e+01
 1.00000000e+00]","[-6.30764633e-01 -1.15238334e-01 -4.84880327e-01 -3.57034035e-01
 -1.29292753e-01 -1.00780785e-02  3.34005613e-04 -4.50361480e-01
  8.14255057e-02]",-597.2375190321309,172.55450190672616,2.4548656141978765e-07,0.0012550263386699402,73.96765238647369,159.07817969928624
589,"[1.06835929e-07 1.01879007e+04 7.60612796e+01 2.60906655e+02
 6.02775137e+02 1.51611649e+00 9.18565784e+03 4.33923739e+01
 1.00000000e+00]","[ 0.09316294  0.36751197  0.55492313 -0.20196759  0.59220276  0.25536557
  0.10375163 -0.26754691 -0.09624761]",5032.3624596429545,163.7864404183656,2.4548656141978765e-07,0.0012550263386699402,74.03043343604365,157.25067082061722
590,"[1.91898290e+01 1.54449993e+03 6.36831484e+02 3.25508270e+03
 2.84021062e+02 7.69135576e-01 5.20411187e-06 3.90458493e+01
 1.00000000e+00]","[ 0.60098512  0.01164899  0.42881851  0.21220109  0.00590173  0.54664805
 -0.02423386 -0.29749472 -0.14770667]",983.6749205021573,164.13369861959768,2.4548656141978765e-07,0.0012550263386699402,74.12077394821198,156.94825164804604
591,"[3.77006235e+01 1.03254780e+03 8.26727596e+02 9.82915944e+02
 2.14361739e+02 7.86879816e+00 5.88160921e+03 7.04662749e+01
 1.00000000e+00]","[ 0.30642611 -0.44375732  0.40869121 -0.28777478  0.35106847  0.54756754
  0.05865858 -0.0042659   0.1811114 ]",32.8213822137638,165.71957023967053,2.4548656141978765e-07,0.0012550263386699402,73.69520741026959,157.10564547109155
592,"[1.77662452e+01 1.01879007e+04 1.03956339e+02 4.88650001e+01
 2.12644755e+02 2.63771315e+01 1.96895143e-05 5.11588785e+01
 1.00000000e+00]","[-0.20173229  0.08934325 -0.14811337 -0.25980288 -0.34516971  0.54320015
 -0.20213004 -0.63633349 -0.0436046 ]",786.8754008660492,159.75676924425966,2.4548656141978765e-07,0.0012550263386699402,73.7563720423955,145.93663802150002
593,"[1.44285867e+00 1.97537254e+03 1.41423349e+01 3.28968011e+03
 3.17897204e+02 1.62789400e-01 9.03242048e+03 4.05808476e+01
 1.00000000e+00]","[-0.13384131 -0.03210735 -0.11376669  0.81665841  0.4157301  -0.02779111
  0.13453485 -0.32394389  0.06736969]",3955.570620702441,168.2296422874092,2.4548656141978765e-07,0.0012550263386699402,74.09309574405682,155.72017313163605
594,"[1.53748940e+01 6.22743608e+03 2.79486731e+01 6.30904463e+02
 1.35530230e+02 3.89850884e+00 1.66204561e+04 4.78809662e+01
 1.00000000e+00]","[-0.0504886   0.08798004 -0.1725522  -0.04516618 -0.9238233   0.02485066
  0.04982421  0.30543094  0.08976977]",1231.501855275984,161.6397939849303,2.4548656141978765e-07,0.0012550263386699402,74.32714158059605,145.94319999122172
595,"[2.28434724e+01 3.91553223e+02 9.46900778e+02 1.91905507e+03
 1.65202961e+02 8.71681204e+00 4.58204025e+02 6.66621240e+01
 1.00000000e+00]","[ 0.09895492 -0.32606122  0.60322182  0.17289364 -0.44848704  0.15919331
  0.03766986  0.51199106 -0.00928573]",756.2516471074781,166.01369803275225,2.4548656141978765e-07,0.0012550263386699402,73.53926212939838,161.54569977403298
596,"[1.07074000e+02 2.08026031e+03 1.55556535e+02 7.04753384e+02
 3.03666256e+02 1.81908739e+01 1.46739420e-06 4.91324064e+02
 1.00000000e+00]","[-0.22349809 -0.18584326 -0.47549752 -0.5077244   0.1713517  -0.12918514
 -0.1663812   0.59027986 -0.09729186]",-502.71526982202425,169.0569768219558,2.4548656141978765e-07,0.0012550263386699402,73.91007739792875,147.40792068853335
597,"[1.12229722e+01 1.54848195e+03 1.06126748e+03 1.48483497e+03
 9.71319087e+02 4.41760417e+00 5.06735310e-05 4.09405075e+01
 1.00000000e+00]","[-0.26363517 -0.05929341  0.7610628   0.14387101  0.35785879  0.37069402
  0.01347141 -0.23991505 -0.06202949]",1265.8907267550753,160.96031825285672,2.4548656141978765e-07,0.0012550263386699402,74.05264819233932,182.8852638073531
598,"[2.19449999e+01 3.45375133e+03 5.42228609e+01 1.03395747e+03
 1.77120260e+02 5.90440208e+00 1.75219401e+04 5.89973306e+01
 1.00000000e+00]","[ 0.03649211 -0.09616251 -0.18294428 -0.11641678  0.08060105  0.67520293
  0.07428506  0.68277303 -0.09114171]",898.4613542014821,158.09956913965118,2.4548656141978765e-07,0.0012550263386699402,73.70573860806647,150.82230908404273
599,"[3.81395058e+01 7.69583753e+03 4.69196797e+02 5.63368778e-10
 3.31296039e+02 1.23296912e+01 2.18155577e+02 3.52924456e+02
 1.00000000e+00]","[ 0.38633662  0.03502607  0.28413163 -0.29749274 -0.2018044   0.67945289
  0.01015582  0.38871201 -0.16341069]",498.3618436470373,165.7642287183259,2.4548656141978765e-07,0.0012550263386699402,73.52057686447387,165.56555845260027
600,"[5.36418672e-02 8.41653254e+03 1.38287042e+02 2.22580032e+03
 2.25213798e+02 4.27741761e-01 1.96755056e-03 5.47372212e+01
 1.00000000e+00]","[ 0.10082612  0.10835707  0.578421    0.29326497 -0.36261334  0.33703541
  0.01810743  0.55846313  0.01507975]",1593.7960863614903,183.69899163922082,2.4548656141978765e-07,0.0012550263386699402,73.02610095641158,167.97126526316265
601,"[3.24933028e+01 5.43362097e+03 3.53473294e+02 8.13962990e+00
 1.73569807e+02 7.08076037e+00 1.22380768e+04 7.72810944e+01
 1.00000000e+00]","[ 0.07628227 -0.02230864  0.06589715 -0.68569567 -0.28075496 -0.10412764
  0.03358071  0.64648504 -0.10210711]",310.327890861384,165.35355417127482,2.4548656141978765e-07,0.0012550263386699402,73.18978138969503,157.06345321712797
602,"[9.72873259e+00 3.27013516e+03 3.43378039e+02 9.68773599e+02
 9.83219209e+01 4.52514335e+00 1.61656568e+04 5.04451814e+01
 1.00000000e+00]","[ 0.05150454 -0.09415816  0.85084236  0.00169286 -0.44482854  0.03310236
  0.12093295  0.17637339 -0.14087366]",1906.5219806410776,164.51526302355705,2.4548656141978765e-07,0.0012550263386699402,72.95200034810885,146.43144910194474
603,"[2.76200000e+01 1.28544153e+02 3.65357542e+02 2.08403436e+03
 4.58509063e+02 1.44712837e+01 8.65405264e+02 9.60747754e+01
 1.00000000e+00]","[-0.17953142 -0.60916066  0.22961324  0.01235658  0.3319396  -0.04659417
  0.05158319  0.61327979  0.22954083]",281.6934284638477,168.9414510709575,2.4548656141978765e-07,0.0012550263386699402,72.59658901370078,148.6670045564133
604,"[6.09991826e-09 2.44695402e+03 4.86562169e+02 1.76645588e+03
 1.46448570e+02 4.81688355e-01 1.24015319e+04 4.10327222e+01
 1.00000000e+00]","[-0.22652406 -0.0071336   0.74313609  0.2723214  -0.11431309  0.21187505
  0.06287156  0.50160685 -0.09330045]",1608.7237658621789,159.30628369896522,2.4548656141978765e-07,0.0012550263386699402,72.4667357947129,146.33153339289055
605,"[1.06512381e+02 2.70429053e+03 6.55282127e+02 3.52522110e+02
 9.67492369e+01 1.45388707e+01 8.30103153e+03 4.83336158e+01
 1.00000000e+00]","[ 0.25170672 -0.05507308  0.3609316  -0.37644402 -0.5719307   0.35470764
  0.02456635 -0.44491973  0.10074552]",114.02884160818691,158.1649325869937,2.4548656141978765e-07,0.0012550263386699402,72.87486198305685,163.4698148107232
606,"[2.80581259e+01 1.31293363e+03 3.79052608e-08 2.02931959e+03
 2.05975052e+02 1.15285753e+01 1.15916584e+01 6.46445615e+02
 1.00000000e+00]","[-0.2690127  -0.10469553 -0.43709485  0.01553464  0.10655092  0.68254391
  0.01479857  0.49290128 -0.07062451]",235.06884088711604,168.11879381160395,2.4548656141978765e-07,0.0012550263386699402,72.92574617893337,141.2741684127034
607,"[3.14030000e+01 1.94144208e+03 9.08776768e-10 1.99321509e+03
 2.33236567e+00 1.00187846e+01 1.30204459e+04 6.42098694e+01
 1.00000000e+00]","[ 0.39964572 -0.05365597 -0.3982678   0.08696533 -0.56997222  0.52401972
  0.02486487 -0.20835356 -0.16652229]",395.8482140819529,162.42781793564063,2.4548656141978765e-07,0.0012550263386699402,72.7951188508673,142.79362801984945
608,"[2.26410000e+01 1.01879007e+04 2.72400626e+02 3.75010483e+01
 3.30879939e+02 4.07459184e+00 5.27492326e+03 5.43278424e+01
 1.00000000e+00]","[ 0.67059111  0.23552079  0.13412488 -0.34645856 -0.46304114 -0.05874176
  0.0292317  -0.3695891  -0.03881003]",2418.815177133691,167.65725797133746,2.4548656141978765e-07,0.0012550263386699402,72.46268807705206,152.3423241686187
609,"[3.14030000e+01 4.58755788e+03 3.19779733e+02 1.33687995e+02
 7.14857422e+02 6.84136937e+00 9.91732535e-07 5.36019861e+02
 1.00000000e+00]","[-0.31445164 -0.06449729 -0.21418837 -0.54366064  0.16303273 -0.17359968
 -0.09657134  0.69578826  0.07316326]",41.453198339025036,154.864443618473,2.4548656141978765e-07,0.0012550263386699402,72.50987573981017,145.6730500779031
610,"[2.12254910e+01 1.99681529e+03 3.52780685e+01 4.25221679e+03
 2.17962263e+02 1.92942797e+00 2.86295973e+00 4.57519010e+01
 1.00000000e+00]","[ 0.69659486  0.04642349  0.04915061  0.43106858 -0.38010574  0.30527238
  0.0285208   0.23475558  0.17541189]",1870.9535855458523,151.85189932661046,2.4548656141978765e-07,0.0012550263386699402,72.29651227163451,140.29011118914468
611,"[5.94300001e+00 5.59393587e+03 5.63896191e+01 7.45950063e+02
 2.96173587e+02 5.61170218e-01 1.83081129e+04 3.99278742e+01
 1.00000000e+00]","[-0.07952865  0.04050135 -0.29562196  0.07045546  0.8537125  -0.03810616
  0.26981927 -0.28168453 -0.13134987]",5443.3045516792145,157.53304380257123,2.4548656141978765e-07,0.0012550263386699402,72.76640167410578,148.35519716080762
612,"[1.14034000e+02 1.30604679e+03 4.07306094e+02 4.38497980e+02
 1.50504187e+02 3.35796907e+01 1.85545382e+02 8.49185571e+01
 1.00000000e+00]","[ 0.27328791 -0.26196466 -0.36213027 -0.54214653  0.05634843  0.45641926
 -0.00090115 -0.45889016 -0.0977362 ]",-711.6281439614479,161.3204862224111,2.4548656141978765e-07,0.0012550263386699402,71.41557463853661,148.99605447207819
613,"[3.47830000e+01 1.81257819e+03 9.17389285e+02 1.23453882e+03
 4.11627291e+02 1.09630577e+00 1.34462260e+01 3.81867868e+02
 1.00000000e+00]","[ 0.36754002 -0.05813146  0.45454545  0.00560997  0.19408234  0.09530884
  0.01057715  0.73916095 -0.24833348]",693.4869596655988,160.55885304896321,2.4548656141978765e-07,0.0012550263386699402,71.64248512269704,160.88724887395904
614,"[1.07074000e+02 2.98795445e+03 2.14563198e-09 9.53946315e+02
 1.57856972e+01 1.93196738e+01 3.01923065e-06 5.43555183e+02
 1.00000000e+00]","[ 0.31972117 -0.00337821 -0.3503928  -0.07233571 -0.53178054  0.59753936
 -0.05402368  0.3555643   0.02389626]",151.57795235129967,163.40369992114478,2.4548656141978765e-07,0.0012550263386699402,71.73188276568239,153.0718274665213
615,"[1.71624359e+01 6.36167926e+03 2.82163337e+02 3.42294642e+02
 2.30605013e+03 2.44555217e+00 2.09072982e+03 6.02188038e+01
 1.00000000e+00]","[-0.0444188   0.01374451  0.11083439 -0.48235236  0.55765089  0.10254139
  0.06085863  0.6466834   0.09745541]",1405.3431869392543,169.43994528585904,2.4548656141978765e-07,0.0012550263386699402,71.48123564588022,160.6452899400541
616,"[3.14030000e+01 3.44217388e+03 3.23123843e-06 9.86499174e+02
 6.45618784e+01 7.86193274e+00 1.70331778e+04 6.21479890e+01
 1.00000000e+00]","[-0.01091086 -0.14435585 -0.77057098 -0.3477768  -0.3759068   0.05720243
  0.06633796 -0.32360766 -0.10302093]",245.59007655037004,155.48280045216276,2.4548656141978765e-07,0.0012550263386699402,71.60365678140121,156.47827163556076
617,"[1.14034000e+02 1.73613775e+02 5.66353241e+01 1.84966682e+03
 5.12102794e+01 2.04909989e+01 2.21176748e+03 9.32271648e+01
 1.00000000e+00]","[ 0.28476291 -0.36031134 -0.17427356 -0.08239533  0.09830361  0.63007632
  0.02145936 -0.58411328 -0.06014121]",-181.46352139023867,159.0838085200405,2.4548656141978765e-07,0.0012550263386699402,71.71076167816241,152.0334237725715
618,"[2.92411629e+01 2.38661252e+03 7.50910470e+02 3.94489938e+02
 8.16498765e+01 2.00224609e+01 5.90813173e+03 7.69343862e+01
 1.00000000e+00]","[-0.22962715 -0.0574184   0.34133937 -0.23938251 -0.58947267  0.4934143
  0.01532322  0.35646036  0.2278672 ]",98.06383270142675,170.3137538017782,2.4548656141978765e-07,0.0012550263386699402,71.8224041466083,151.730641752265
619,"[2.26410000e+01 8.90578305e+03 6.53690294e+02 1.07474534e-07
 7.26019574e+02 6.59312614e+00 1.63299102e+03 3.90458494e+01
 1.00000000e+00]","[ 0.57200475  0.06910474  0.54487827 -0.29151733  0.1715684   0.36242743
  0.02115543 -0.31083995 -0.16823206]",1133.7571873607756,168.20891424312367,2.4548656141978765e-07,0.0012550263386699402,71.76750980398845,148.64121652487745
620,"[3.85660000e+01 4.02980165e+03 3.14938901e+02 4.09449998e+02
 2.31325962e+03 1.06836870e+01 7.24894099e-08 5.83686862e+01
 1.00000000e+00]","[ 0.32215495 -0.15547096 -0.21761582 -0.66884584  0.45127066  0.32955798
 -0.16517837 -0.14663896  0.12764413]",82.50809112493835,166.78144117719916,2.4548656141978765e-07,0.0012550263386699402,71.68945647066879,164.3741824194018
621,"[3.14030000e+01 2.69596254e+03 3.72039352e-09 1.19323412e+03
 2.30872743e+03 8.75120265e+00 3.15508983e+02 9.94151057e+01
 1.00000000e+00]","[-0.24620698 -0.1149729  -0.55799879 -0.19890955  0.23942058 -0.28761137
  0.0132472   0.6546263   0.08051145]",64.53985159410068,162.2514312960386,2.4548656141978765e-07,0.0012550263386699402,71.07193377983538,148.13192107690566
622,"[1.11262379e+02 2.02678342e+03 3.85373174e+02 3.77015487e+02
 1.04705264e+03 2.21769769e+01 5.68141867e-06 9.01915240e+01
 1.00000000e+00]","[-0.28246704 -0.25130071 -0.28179908 -0.75926982  0.27432204 -0.2979879
 -0.17917295 -0.03072433 -0.06373894]",-657.828018302022,151.97437799744125,2.4548656141978765e-07,0.0012550263386699402,71.24991689506747,151.25141689257265
623,"[9.70823371e+00 7.87174051e+03 3.33686179e+02 2.72734477e+02
 7.23960483e+02 3.56996418e-02 1.94021193e+02 5.37091113e+02
 1.00000000e+00]","[ 0.24933131  0.06898185  0.49019103 -0.08870259  0.21051084 -0.1267023
  0.02270096  0.78659568  0.07282606]",1264.1533797547363,168.66171486140433,2.4548656141978765e-07,0.0012550263386699402,71.3854626109396,146.57169489875793
624,"[9.70938470e+00 3.36804712e+03 5.42893097e+01 1.90779069e+03
 2.50667787e+03 3.21933620e+00 1.43844748e+03 4.25520279e+01
 1.00000000e+00]","[-0.07192673 -0.00747509  0.15172426  0.4392048   0.73669919  0.05367971
  0.08248069 -0.41647402  0.23019272]",2768.265896159185,159.40714289170955,2.4548656141978765e-07,0.0012550263386699402,71.55527459148958,142.69391944720473
625,"[2.53810000e+01 3.05508093e+03 3.78329240e-09 1.63156646e+03
 3.52141054e+02 2.10736561e+00 1.62860560e+04 4.04015762e+01
 1.00000000e+00]","[ 0.5674707  -0.05421279 -0.48994751  0.11544016  0.14562201  0.5506352
  0.05021726 -0.29373977 -0.09194166]",895.4482950817574,158.1087643867569,2.4548656141978765e-07,0.0012550263386699402,71.31960978675065,139.64513076086274
626,"[1.07074000e+02 2.19473075e+03 2.78400000e+01 9.54455932e+02
 2.46237668e+02 1.04210826e+01 7.54199980e+03 3.26053127e+02
 1.00000000e+00]","[ 0.34526659 -0.09302286 -0.43152464 -0.19471941  0.07325907  0.59800704
  0.02285557  0.52334081  0.10305957]",2.3319239392073263,164.50856074749584,2.4548656141978765e-07,0.0012550263386699402,71.55720942383952,150.20381930116287
627,"[3.14030000e+01 2.69611939e+03 5.21466364e+01 1.18011532e+03
 2.50463683e+02 6.11933995e+00 1.63440092e+04 5.94270860e+01
 1.00000000e+00]","[ 0.34378569 -0.3623689  -0.58938185 -0.26185803  0.42773934 -0.16291877
  0.14007351 -0.32192831 -0.04239923]",1070.374354367364,155.35341759248627,2.4548656141978765e-07,0.0012550263386699402,71.26540175237055,137.18071553751048
628,"[3.12718839e+01 4.69677760e+03 2.78400000e+01 9.12335402e+02
 2.31791557e+02 3.19263624e+00 9.44524818e+03 4.95128741e+02
 1.00000000e+00]","[ 0.1274211  -0.01343065 -0.22603554 -0.06967457  0.00753421  0.02055639
  0.04167635  0.95983602  0.06430732]",741.8066472982443,164.35106842294692,2.4548656141978765e-07,0.0012550263386699402,71.37882029418837,145.41107224029884
629,"[3.02321804e+01 3.18162880e+03 1.48893469e+02 1.00103434e+03
 1.33409327e+03 3.63245882e+00 1.05098671e+04 4.83151602e+01
 1.00000000e+00]","[ 0.01470047 -0.23116985  0.08220357 -0.39950419  0.63247975  0.42528506
  0.08890359 -0.4283731  -0.08762411]",636.1820722742252,159.74755349612087,2.4548656141978765e-07,0.0012550263386699402,70.2857081896048,148.6853936518354
630,"[1.75566818e-08 8.13213094e+03 5.87511197e-08 1.74690992e+03
 7.21273803e+02 2.23086216e+00 6.85623249e+03 4.24285205e+01
 1.00000000e+00]","[-0.15060345  0.15929747 -0.01574486  0.47634576  0.38690996 -0.18127816
  0.05951457  0.67650321 -0.28465781]",2842.688755167148,168.9291687151749,2.4548656141978765e-07,0.0012550263386699402,70.90971000999357,142.95672314052763
631,"[1.05542635e+02 4.25944235e+03 1.00965247e+03 7.30830500e+00
 3.69965825e+02 1.43747165e+01 3.34869523e-06 4.39979323e+01
 1.00000000e+00]","[ 0.51215715 -0.00813869  0.35728766 -0.47364572 -0.03618747 -0.20892709
 -0.23837641 -0.45535856 -0.27658504]",339.9601571866745,161.11708011170703,2.4548656141978765e-07,0.0012550263386699402,71.60392023957768,142.58440154248007
632,"[1.77442700e+01 7.51655616e+03 4.93499583e+01 6.19841343e+02
 1.01158256e+03 1.44116135e+00 2.44969293e+02 5.96170115e+02
 1.00000000e+00]","[ 0.3343438   0.05248893 -0.02100619 -0.03315952  0.20756225  0.57753889
  0.01701208  0.68965387 -0.1771248 ]",1004.8183916264791,152.8816110744117,2.4548656141978765e-07,0.0012550263386699402,71.43156531118197,150.72338102089543
633,"[3.73139305e+01 3.41685485e+02 8.08434751e+02 1.44392603e+03
 1.57198383e+02 1.10397296e+01 2.32432987e+03 7.48211326e+01
 1.00000000e+00]","[ 0.27045674 -0.63707584  0.37357461 -0.14250591  0.24824905  0.48779822
  0.06355773 -0.19712729 -0.13655826]",65.90772591346568,161.44288848227012,2.4548656141978765e-07,0.0012550263386699402,71.3454567352003,143.94241941715546
634,"[1.04138359e+01 9.44103680e+03 3.45201885e+02 2.58293541e+02
 5.37407055e+02 1.40028032e+00 2.82176232e+02 3.80588643e+02
 1.00000000e+00]","[ 0.31136477  0.06417768  0.39032004 -0.01491127 -0.00752303  0.70356437
  0.01320124  0.49339866 -0.08766528]",928.3956517554125,166.8909589569388,2.4548656141978765e-07,0.0012550263386699402,71.12024449894557,154.97737076390558
635,"[8.59734989e-09 6.58983352e+03 1.02876409e+03 4.47458455e+02
 3.05110389e+02 5.76965279e+00 3.83012175e+02 4.20220305e+01
 1.00000000e+00]","[-0.22629978  0.0871096   0.74882517  0.04260813 -0.24761131  0.38553165
  0.0183188  -0.40396065  0.07197178]",1280.2562233095377,155.01682570545017,2.4548656141978765e-07,0.0012550263386699402,71.1003103601665,146.3975574231913
636,"[3.73506844e+01 1.30670812e+03 6.35444738e+02 1.24040856e+03
 1.01987876e+03 6.58087469e+00 4.14460073e+03 6.05198513e+01
 1.00000000e+00]","[ 0.18299387 -0.40037478  0.42764805 -0.20047335  0.52965134  0.00224194
  0.06891118 -0.40894841  0.36141076]",308.1559807416627,150.89004280889634,2.4548656141978765e-07,0.0012550263386699402,71.08712454495982,144.78079964637163
637,"[1.14034000e+02 5.07677092e+03 1.29586605e-08 8.24148212e-08
 7.83523700e+02 2.40797256e+01 5.25275444e+02 9.04708676e+01
 1.00000000e+00]","[ 0.0629837  -0.05141116 -0.69269285 -0.5811605   0.07143394 -0.22485443
  0.00421948 -0.33760037  0.07851692]",-231.51275354730677,159.4867843585826,2.4548656141978765e-07,0.0012550263386699402,71.1905558510718,138.5980212723611
638,"[3.80840000e+01 3.93949712e+02 4.76029294e+02 1.33956728e+03
 3.08750563e+01 1.66459783e+01 4.28196892e+03 9.82444868e+01
 1.00000000e+00]","[ 0.20744228 -0.81425621  0.10821785 -0.42831451 -0.26021122  0.05994741
  0.06655296 -0.15170339  0.00658204]",-572.0728635856806,174.0574337660492,2.4548656141978765e-07,0.0012550263386699402,71.33773618495913,146.19743432093924
639,"[3.74635030e+01 1.54149861e+03 3.55724200e+02 7.79003711e+02
 1.33117858e+03 2.11172106e+01 1.86603762e+02 9.33464542e+01
 1.00000000e+00]","[-0.69898822 -0.20933601 -0.26154001 -0.41687128  0.19284948  0.21174492
  0.01182337  0.37621039  0.04133013]",-468.10402043170575,165.20962235725074,2.4548656141978765e-07,0.0012550263386699402,71.02667138965019,150.76309764448195
640,"[2.08580000e+01 1.27665611e+03 4.97266042e+02 2.35561469e+03
 3.62648196e+01 1.53836927e+01 1.60268546e-04 2.94855782e+02
 1.00000000e+00]","[ 0.31850973 -0.01365437  0.31248747  0.13040581 -0.6664045   0.47557266
  0.00237978  0.32803438 -0.0763838 ]",531.5822542739171,163.6307719453962,2.4548656141978765e-07,0.0012550263386699402,71.57613766418307,150.0745204680164
641,"[7.58306732e+00 1.51517508e+03 1.09660328e+03 2.20611621e+03
 2.53665891e+02 2.07823148e+00 2.78411916e-07 5.21973838e+01
 1.00000000e+00]","[ 3.51720114e-03  6.55838302e-03  5.37078070e-01  1.96635462e-01
 -4.76821790e-02  7.03163857e-01  1.22612395e-04  3.93815869e-01
 -1.44990704e-01]",1042.503186256871,169.1262438871322,2.4548656141978765e-07,0.0012550263386699402,70.66712116131018,162.94169164444418
642,"[1.14034000e+02 1.28785647e+03 5.90870614e+01 1.09327061e+03
 1.99207264e+01 2.47948970e+01 8.37741633e-06 4.21993222e+02
 1.00000000e+00]","[ 0.24333752 -0.15328587 -0.47334754 -0.29233375 -0.52494299 -0.08170857
 -0.06582028  0.56106628 -0.08002666]",-293.02711657129737,177.49016385717493,2.4548656141978765e-07,0.0012550263386699402,71.1330665705101,155.30086962963105
643,"[1.82300552e+01 8.27971516e+03 3.53601114e+01 3.75189629e+02
 3.92870755e+02 1.52170733e-09 1.49336366e+04 3.93651494e+01
 1.00000000e+00]","[ 0.64450449  0.2994481  -0.17721404 -0.39239952 -0.4864418   0.03116327
  0.14365838 -0.15119424 -0.16872582]",4285.716615247565,153.19018097249318,2.4548656141978765e-07,0.0012550263386699402,70.936326723998,139.808656924999
644,"[1.14034000e+02 1.01879007e+04 2.50228720e+02 5.05502618e+02
 2.26636552e+02 2.95467985e+00 2.71857775e-05 5.03174359e+01
 1.00000000e+00]","[ 0.61883046  0.07106295  0.16231826  0.03721645 -0.18802388  0.66749645
 -0.19334404  0.25638305  0.01574701]",826.2550828079433,152.6237270378008,2.4548656141978765e-07,0.0012550263386699402,70.56563963698584,171.0287182075067
645,"[3.14030000e+01 8.96531659e+02 5.50263231e+01 2.72813851e+03
 7.50839466e+02 5.43592715e+00 5.65638106e+03 5.92228449e+01
 1.00000000e+00]","[ 0.64788768 -0.31076316 -0.12536015  0.13306598  0.3348233   0.48471535
  0.05735523  0.30060114  0.09767197]",694.2175192905992,160.27302885575887,2.4548656141978765e-07,0.0012550263386699402,71.11027957328784,153.6257669169529
646,"[2.06559522e+01 5.08127594e+02 6.55476169e+01 3.44542286e+03
 2.18411499e+02 5.60776243e+00 2.05974373e+03 1.59956580e+02
 1.00000000e+00]","[-0.09398447 -0.33463283  0.17005146  0.22707169  0.2311464   0.15091911
  0.04290128  0.8462468   0.0673003 ]",896.6539923201888,153.5517939492862,2.4548656141978765e-07,0.0012550263386699402,70.41997387282993,152.45608667112057
647,"[2.52002278e-09 9.19116038e+03 2.80746029e+02 4.36098394e+01
 1.71180841e+03 3.01730214e+00 6.90776366e+02 5.91746793e+01
 1.00000000e+00]","[ 0.05740159  0.16936142  0.43922666 -0.47036902  0.57176719 -0.1446194
  0.04997354 -0.35687745 -0.27597705]",2650.8723890029896,151.07323378254068,2.4548656141978765e-07,0.0012550263386699402,70.4098985671614,158.84217665918504
648,"[1.09332868e+02 1.65145527e+03 6.36902719e+02 2.36994868e+02
 1.99640607e+02 2.92671492e+01 3.16306482e-03 8.29411247e+01
 1.00000000e+00]","[-0.3926856  -0.18713495  0.04023006 -0.58781535 -0.03919087 -0.18555554
  0.00172668 -0.62790271 -0.18276108]",-531.1815126078808,158.05556615642035,2.4548656141978765e-07,0.0012550263386699402,70.5250968184559,142.62798298176676
649,"[3.51753994e+01 6.24473705e+03 1.05729855e-08 6.41461714e+02
 2.63166532e+03 7.53990230e+00 6.18762892e-06 4.61451244e+01
 1.00000000e+00]","[ 0.35585092  0.00211098 -0.36724078 -0.11404206  0.13963346  0.73864233
 -0.09298744 -0.38771871  0.03783964]",307.730423417125,154.68215733347756,2.4548656141978765e-07,0.0012550263386699402,70.38976027484699,158.4655775656438
650,"[1.11274305e+02 2.96298341e+03 3.86744831e+02 1.02248821e+02
 9.41935292e+02 2.25164698e+01 8.63823122e+02 8.97231192e+01
 1.00000000e+00]","[-0.10231333 -0.20223698 -0.1372165  -0.89013865  0.26945938  0.02673758
  0.02646418 -0.23986774 -0.07679094]",-499.01583278630704,164.1607140270708,2.4548656141978765e-07,0.0012550263386699402,70.09796508627393,140.69932245073733
651,"[7.63236523e+00 5.41416286e+03 5.82677271e+01 7.16384095e+02
 1.99709790e+02 1.85869919e+00 1.85284170e+04 4.35007756e+01
 1.00000000e+00]","[-0.15610137  0.02744397 -0.50854471 -0.35247777 -0.24523184  0.60736417
  0.30089017 -0.26624095  0.03964687]",5380.883617839281,151.30807551447924,2.4548656141978765e-07,0.0012550263386699402,70.27408165850564,134.98104536089022
652,"[3.90376295e+01 7.36736854e+03 2.95306495e+02 9.10766440e+00
 1.11135045e+03 3.13340833e+00 1.36036702e+02 3.84837924e+02
 1.00000000e+00]","[ 0.5253517   0.02228581  0.04172574 -0.30963363  0.17974352  0.50008318
  0.00404249  0.58606663  0.00368219]",621.6174085669252,172.45830181690087,2.4548656141978765e-07,0.0012550263386699402,69.69201741660149,143.1159145308593
653,"[2.76200000e+01 6.45600389e+02 1.09660328e+03 1.60696273e+03
 2.14298619e+02 4.65567989e+00 1.67032013e+03 5.34447954e+01
 1.00000000e+00]","[ 0.47348785 -0.27559644  0.76085421  0.13962676 -0.02513926  0.13225368
  0.04317463 -0.28533551 -0.00759424]",945.9693752980043,152.83566677359102,2.4548656141978765e-07,0.0012550263386699402,70.0521193541679,158.27123507657166
654,"[4.82000151e-01 6.72536908e+03 5.30805687e+01 7.18354328e+02
 2.40880986e+03 1.98676476e+00 3.29276985e+03 5.42048671e+01
 1.00000000e+00]","[-0.02544838  0.15025461 -0.08198787 -0.03489501  0.90564473 -0.05637
  0.10547247  0.35588476 -0.08768065]",3529.00007984949,170.14244366873208,2.4548656141978765e-07,0.0012550263386699402,69.63956353795484,138.81997789286083
655,"[3.14030000e+01 1.79131411e+03 5.44148184e+01 1.33142456e+03
 1.21746113e+02 9.70669203e+00 1.40650784e+04 8.06326943e+01
 1.00000000e+00]","[-0.13731301 -0.61518528 -0.46407389 -0.22368511  0.50537325  0.06753397
  0.15893885 -0.07238774 -0.21639802]",862.2425369423049,167.48625376669463,2.4548656141978765e-07,0.0012550263386699402,69.88382102598236,141.24141054225436
656,"[3.74635029e+01 6.51840132e+02 5.85784562e+02 1.61275112e+03
 1.07310233e+03 1.21977844e+01 1.94400897e-04 6.50931314e+01
 1.00000000e+00]","[ 0.40869093 -0.48364649  0.30819722 -0.11690217  0.45596607  0.11179276
 -0.15766521 -0.48616019 -0.09377329]",150.97625140569937,150.00467458008913,2.4548656141978765e-07,0.0012550263386699402,69.82488947955684,162.662900143858
657,"[2.66180398e+01 1.16015263e+03 6.43701637e+01 2.65160757e+03
 1.70063498e+03 5.65026603e+00 4.98643276e-06 7.03827514e+01
 1.00000000e+00]","[ 0.13939143 -0.25003826  0.01773611  0.16035718  0.35985839 -0.05461039
  0.01326544  0.85596285  0.1633805 ]",812.0613655142192,159.8853350240513,2.4548656141978765e-07,0.0012550263386699402,69.03591051073187,145.75121139946623
658,"[1.81649218e+01 1.08670066e+03 3.68931804e+02 2.31234551e+03
 1.82597855e+02 3.68615863e+00 9.05798077e+03 5.69286358e+01
 1.00000000e+00]","[-0.15118086 -0.16816671  0.38137012  0.15421612  0.14627439  0.47988216
  0.04811072  0.70431154 -0.17200597]",815.9952559583053,171.7031354059343,2.4548656141978765e-07,0.0012550263386699402,69.61855822572423,137.00535477571214
659,"[9.64520661e-01 7.12726229e+03 1.85000300e+00 1.62722640e+03
 3.83615469e+02 1.40499116e-01 1.17689656e+04 4.08346446e+01
 1.00000000e+00]","[ 0.67504012  0.23418162  0.07654929  0.6612426  -0.13234268  0.12537352
  0.09961814  0.05420838  0.01681677]",3869.7397921588536,159.65559603041493,2.4548656141978765e-07,0.0012550263386699402,69.17573365433793,145.39302582620323
660,"[4.41978755e+01 2.56406792e+03 5.25007335e+01 1.19618038e+03
 2.39032945e+03 1.48249589e+01 7.22958180e-06 5.60134545e+01
 1.00000000e+00]","[ 0.13483888 -0.1666401  -0.55908583 -0.29915184  0.28760711  0.02880997
 -0.18560499 -0.62055669  0.2211178 ]",-155.14448013300162,147.16270886218572,2.4548656141978765e-07,0.0012550263386699402,69.22821806527112,149.63482079810368
661,"[3.14461401e+01 6.82174113e+03 3.36723022e+02 2.66188912e+01
 2.85108507e+02 2.19155594e+00 1.36675163e+04 4.76575297e+01
 1.00000000e+00]","[ 0.60730776  0.04689842  0.35777479 -0.53008577 -0.22222979 -0.34075929
  0.04848402 -0.08928339 -0.21014019]",1039.4716299503818,150.32272153012786,2.4548656141978765e-07,0.0012550263386699402,68.568370101516,142.40862293968326
662,"[9.70938558e+00 7.56100504e+03 7.91161257e+02 2.01195942e+02
 1.80581282e+02 1.28127337e+01 1.01686120e+03 4.41863084e+01
 1.00000000e+00]","[-0.045937    0.07468766  0.59587593 -0.15251966 -0.63513885 -0.02203811
  0.01890467 -0.34626653  0.29972692]",894.2617600033458,166.84013007686156,2.4548656141978765e-07,0.0012550263386699402,69.4447612981292,149.440368824467
663,"[3.13092243e+01 2.40095133e+03 1.09660328e+03 6.72511926e+02
 2.43594756e+02 6.08703779e+00 5.75108491e+03 3.98036155e+01
 1.00000000e+00]","[ 0.48256899 -0.02837642  0.6515652  -0.16547911 -0.12057506  0.35660016
  0.02418666 -0.32416327 -0.25890646]",648.9372567304629,164.06297515247434,2.4548656141978765e-07,0.0012550263386699402,69.3606374303241,136.49003552397858
664,"[5.94300003e+00 4.34710557e+03 1.16368360e+01 1.51767706e+03
 9.90151268e+02 6.80067850e-09 1.33948529e+04 3.91356623e+01
 1.00000000e+00]","[ 0.44512177  0.08958915  0.04780813  0.50802892  0.68219003  0.0611076
  0.11752728  0.2147321  -0.06649426]",3421.7481024729504,147.26374042105863,2.4548656141978765e-07,0.0012550263386699402,69.34787783733648,142.77831991709013
665,"[3.85660000e+01 1.66635547e+03 9.68093188e+01 1.19600567e+03
 1.19434799e+03 1.17204007e+01 6.21717445e+03 8.88170693e+01
 1.00000000e+00]","[ 0.23143362 -0.23243706 -0.3555071  -0.263692    0.28828116 -0.18424734
  0.03642946  0.7290368  -0.21591169]",-95.01894022615043,168.61791110955792,2.4548656141978765e-07,0.0012550263386699402,69.03426359660067,146.38282268804184
666,"[1.97599339e+01 4.20632651e+03 3.39983566e+02 9.79925156e+02
 2.58583683e+03 4.12487638e+00 3.43532565e-05 4.62870732e+01
 1.00000000e+00]","[ 3.25007504e-02 -2.64100452e-02  7.88888313e-01 -5.95337098e-05
  5.91868486e-01 -9.52382860e-02 -6.38680387e-02 -5.61697793e-02
 -9.63775400e-02]",1685.0898316152309,153.4021764655331,2.4548656141978765e-07,0.0012550263386699402,69.48184832411454,146.9794398488183
667,"[3.47830000e+01 9.95790389e+02 3.97326057e+02 1.31434194e+03
 4.09953563e+01 1.16859936e+01 9.31705674e+03 8.48680013e+01
 1.00000000e+00]","[-0.31396851 -0.73500566  0.47900838 -0.29819168  0.13133783 -0.04779837
  0.11553377 -0.06463974 -0.07591104]",131.26291206747328,151.82009391923782,2.4548656141978765e-07,0.0012550263386699402,69.7428212179796,154.0296043452331
668,"[1.10156855e+02 2.15052435e+03 4.36017445e+02 3.63769886e+02
 2.26766569e+02 1.25859073e+01 7.96746786e+03 9.24681489e+01
 1.00000000e+00]","[ 0.31686108 -0.20032196  0.23297695 -0.62126327  0.13435077  0.03580238
  0.03774398  0.61955778 -0.12089443]",-131.49840270910778,167.3005450733093,2.4548656141978765e-07,0.0012550263386699402,69.79196396466264,157.05812080868208
669,"[5.70670839e-09 1.00827249e+04 3.25130786e+01 1.04650414e+03
 3.91960582e+02 1.87478747e-01 7.22006400e+03 4.09215727e+01
 1.00000000e+00]","[ 0.08124939  0.18348693  0.48593455  0.31782602 -0.23339813  0.72415125
  0.05720787 -0.06403802  0.19063576]",2517.7211865429376,151.0157861287762,2.4548656141978765e-07,0.0012550263386699402,69.66225295566593,155.78506102123424
670,"[3.74635029e+01 1.63767454e+03 4.84701856e+02 1.25096808e+03
 2.78909417e+02 8.02338369e+00 2.33386821e+02 5.93197498e+02
 1.00000000e+00]","[ 0.44731495 -0.13488826  0.20694728 -0.07681351  0.20893995  0.37832199
  0.02030578  0.73846502 -0.0214629 ]",304.1553812047025,164.6437286135549,2.4548656141978765e-07,0.0012550263386699402,69.59094913129479,141.52453339342765
671,"[3.80840000e+01 5.07672748e+02 8.93027426e+02 9.87568502e+02
 1.29222796e+02 1.89090979e+01 1.70245662e-03 9.03552361e+01
 1.00000000e+00]","[-0.15085039 -0.38800284  0.38240231 -0.37083751 -0.24719963  0.63254131
  0.00690978  0.28319931  0.03847359]",-221.81116039619693,150.49776968474555,2.4548656141978765e-07,0.0012550263386699402,69.10086450743178,139.64139409268014
672,"[2.74973856e+01 3.87907262e+03 8.45770021e+02 4.56316619e+02
 1.59632342e+03 7.39747257e+00 1.94588643e-07 4.84148470e+01
 1.00000000e+00]","[-0.07520103 -0.033501    0.7584135  -0.2315754   0.38070993  0.26639007
 -0.1215679  -0.28758592 -0.22586754]",999.3085360205829,152.750301261917,2.4548656141978765e-07,0.0012550263386699402,68.81729807529753,145.78164643096875
673,"[1.50766816e-01 5.49030720e+03 1.00741009e+01 2.98113833e+03
 2.18099974e+02 3.25053575e-09 4.98365195e+03 4.08746727e+01
 1.00000000e+00]","[ 0.32668019  0.16753107  0.20719375  0.51645257 -0.68270008 -0.2028457
  0.05142226 -0.14613365  0.1559994 ]",2563.106742045621,166.21931903350423,2.4548656141978765e-07,0.0012550263386699402,68.83950459508279,142.72028788957505
674,"[5.98480955e+00 3.03345539e+03 5.50428811e+01 1.77387416e+03
 3.84750599e+02 6.16500378e-01 1.59622502e+04 3.92408880e+01
 1.00000000e+00]","[-0.09472027 -0.11109841  0.23096775  0.54361423  0.64887089 -0.17082298
  0.18137102 -0.36551654  0.11450316]",3769.8464629985506,153.3722061994572,2.4548656141978765e-07,0.0012550263386699402,69.00999730531208,144.57566564807996
675,"[3.30100000e+00 1.01879007e+04 5.93609630e+00 4.16498069e+02
 5.20762304e+02 1.13013565e+00 9.79523008e+03 4.55013527e+01
 1.00000000e+00]","[ 0.62333073  0.26778543 -0.33582421 -0.09172058  0.10583763  0.57694524
  0.0623061  -0.20068738 -0.17416748]",3346.7991892472814,147.85590774772527,2.4548656141978765e-07,0.0012550263386699402,68.86334849770378,146.41096024782837
676,"[1.11033825e-08 9.46344655e+03 9.26436562e-09 8.20607960e+02
 4.79133756e+02 8.76164937e-01 3.53231962e+02 4.88907990e+02
 1.00000000e+00]","[-0.00525642  0.11195149 -0.24839255  0.09816685 -0.11195963  0.46947345
  0.02519683  0.8252039   0.03958547]",1499.1597983354693,167.72982177327185,2.4548656141978765e-07,0.0012550263386699402,68.70056474196576,139.79939463039136
677,"[2.62830901e-08 6.02850193e+03 6.86431130e+02 5.42917048e+02
 4.04106940e+02 3.22069812e-01 1.06655386e+04 4.03991791e+01
 1.00000000e+00]","[-0.01946345  0.08794631  0.70982596  0.18069984  0.0389776   0.49072179
  0.03725313 -0.43809716 -0.14048931]",1510.9307820088618,153.04510955655837,2.4548656141978765e-07,0.0012550263386699402,69.32685636234554,142.87583141441252
678,"[2.81019992e+01 1.43115204e+02 1.28225031e+02 2.66453941e+03
 4.80671509e+01 1.89530200e+01 2.12090403e+03 9.37433178e+01
 1.00000000e+00]","[ 0.36618141 -0.27494179  0.13790841  0.09058146 -0.56748487  0.45533021
  0.02181721 -0.481701   -0.03489887]",212.41682329722775,159.0565610051678,2.4548656141978765e-07,0.0012550263386699402,68.6173647692347,144.71134165141757
679,"[3.02303480e+01 1.79789653e+03 3.62695552e+02 8.83566278e+02
 1.61424408e+01 1.13740045e+01 1.23777825e+04 8.28884023e+01
 1.00000000e+00]","[ 0.30963477 -0.39745644  0.40603036 -0.42582207 -0.41373335 -0.10749753
  0.10199409 -0.29385535  0.34710925]",296.347433959875,147.58538420512969,2.4548656141978765e-07,0.0012550263386699402,68.73005148724911,145.00002426786887
680,"[1.74179052e-08 1.01879007e+04 6.44300999e-08 6.80658666e+02
 1.47657908e+03 3.54305369e+00 2.09404353e+03 4.03075371e+01
 1.00000000e+00]","[ 0.11041135  0.34484678  0.06509881  0.28303175  0.56466195  0.6373368
  0.06936565 -0.21070534  0.10146698]",4678.802045169544,172.39346482891233,2.4548656141978765e-07,0.0012550263386699402,68.50172399001781,132.0517237670972
681,"[5.29086909e-09 5.86781043e+03 3.23682559e+01 1.05264372e+03
 1.18321902e+02 7.57895568e+00 4.60499674e+03 5.20107038e+02
 1.00000000e+00]","[-0.31495716  0.03329063 -0.00938938  0.01792683 -0.32417463  0.78559459
  0.01319149  0.39614045  0.14119091]",448.4301421078798,150.9951324081582,2.4548656141978765e-07,0.0012550263386699402,68.38510006005332,136.01779249178236
682,"[5.94300000e+00 2.27965874e+03 2.45868866e+01 2.62193195e+03
 3.55408539e+02 4.16820281e-01 1.23986496e+04 3.91612359e+01
 1.00000000e+00]","[-0.18625949 -0.09789426 -0.20422564  0.4121329   0.58000061  0.45066097
  0.10299756 -0.43835496 -0.04362209]",2317.436236013708,159.73128347716738,2.4548656141978765e-07,0.0012550263386699402,68.60152572223933,146.4035207024035
683,"[2.24870794e+01 4.47169474e+03 1.26365759e+02 6.78471268e+02
 3.53565930e+02 2.41190600e+00 1.75801088e+04 4.44968519e+01
 1.00000000e+00]","[ 0.04505367 -0.18617771  0.13004988 -0.72440025  0.39971356  0.00191497
  0.16713813 -0.48350516  0.01234297]",1751.5664138669556,151.3467094853761,2.4548656141978765e-07,0.0012550263386699402,68.01881732960595,136.4973770364395
684,"[1.74135516e-01 3.75058569e+03 4.83981632e+00 2.48177600e+03
 1.52882917e+03 5.33330988e-09 5.51620759e+03 4.30297308e+01
 1.00000000e+00]","[ 0.0078868   0.11848038 -0.1359116   0.63285568  0.67400622  0.2268648
  0.08743404 -0.17360376  0.15292785]",3519.747929502118,175.63648787802595,2.4548656141978765e-07,0.0012550263386699402,68.3322839047724,136.7038450363957
685,"[1.83003155e-07 8.80959818e+03 7.60629175e+01 2.77307470e+02
 8.97402458e+02 4.61161687e-01 1.06702248e+04 5.59784095e+01
 1.00000000e+00]","[-0.18541563  0.19539767 -0.00473931 -0.48011064  0.73145745  0.04664204
  0.09591704 -0.3578977   0.14971902]",3247.880936833867,158.7419613686502,2.4548656141978765e-07,0.0012550263386699402,67.70214612204109,144.8748306289732
686,"[2.94373356e+01 3.51396526e+03 1.30721256e+02 8.08210834e+02
 7.97872892e+01 6.74265273e+00 1.71912331e+04 5.99924991e+01
 1.00000000e+00]","[-0.14835618 -0.31129931  0.14036588 -0.68873691 -0.2692587  -0.1705431
  0.16772786  0.49823837  0.09519852]",1254.2431439757304,153.7600732364267,2.4548656141978765e-07,0.0012550263386699402,68.40143538909724,157.0718261189047
687,"[2.29272844e+01 1.21648703e+03 2.78400000e+01 3.52341172e+03
 2.38561606e+02 4.45994841e+00 2.57202567e-06 3.29970319e+02
 1.00000000e+00]","[-0.06986712 -0.06903801 -0.37565207  0.27869128 -0.05872323  0.13431963
 -0.05016227  0.83449862 -0.22621817]",1147.623788152148,148.91033662776636,2.4548656141978765e-07,0.0012550263386699402,68.25875438500267,145.74359309355555
688,"[2.74133092e+01 9.61769088e+02 9.78848538e+01 2.58527323e+03
 1.80445704e+02 5.01368377e+00 9.50664488e+03 5.56671736e+01
 1.00000000e+00]","[-0.00950206 -0.53628086  0.32580386  0.16974686  0.55552995 -0.04680113
  0.09916963 -0.37456236 -0.34119635]",976.2811881023499,148.20166373481163,2.4548656141978765e-07,0.0012550263386699402,67.42966176700439,150.93943747881588
689,"[4.52110000e+01 5.89446012e+03 2.11753107e+01 3.90223469e-08
 1.35096398e+03 2.06318687e+01 6.67562481e-06 9.20133948e+01
 1.00000000e+00]","[-0.12898501 -0.05217077 -0.49844729 -0.62654985  0.1303647   0.34688226
 -0.17146995 -0.40432515  0.09707538]",-177.73626123973614,165.81006411761848,2.4548656141978765e-07,0.0012550263386699402,68.14250463345225,133.8624463568076
690,"[5.99851516e+00 3.46097049e+03 3.75890622e+02 1.09311140e+03
 9.66288851e+02 1.36213724e-09 1.19514520e+04 3.91509045e+01
 1.00000000e+00]","[ 0.20141138 -0.0416823   0.78006129  0.13205824  0.52366734  0.21388942
  0.08212841 -0.03585254 -0.06127311]",1780.621784680724,159.81293841770002,2.4548656141978765e-07,0.0012550263386699402,67.99597331585913,144.63849148101133
691,"[2.08580002e+01 2.33235004e+03 7.28904376e+01 3.08068813e+03
 1.72316037e+03 3.06164450e-01 3.42293590e-04 5.33264391e+01
 1.00000000e+00]","[ 0.57819439  0.00731906  0.23835378  0.13296308  0.13084176  0.66915059
 -0.07741327  0.33324012  0.09603172]",699.6548108167566,151.72060861825173,2.4548656141978765e-07,0.0012550263386699402,67.91021136642117,138.1927840141695
692,"[3.14030000e+01 5.48916698e+03 3.64943909e+02 1.36424740e+02
 2.11269325e+03 9.99259261e+00 8.57165537e+02 6.04118418e+01
 1.00000000e+00]","[ 0.28161694 -0.04297256  0.3150388  -0.73422126  0.41046478 -0.3074062
  0.04064904  0.09177277  0.08637394]",692.3535028662484,147.81930955396967,2.4548656141978765e-07,0.0012550263386699402,68.60864619158335,138.46683185756706
693,"[3.19210198e-10 4.26223459e+03 7.65325104e+02 1.01512022e+03
 4.04839940e+02 3.56993970e-02 1.00850880e+04 4.08346451e+01
 1.00000000e+00]","[-0.0914074   0.06494648  0.65598824  0.21963785  0.24690051 -0.04112555
  0.0446017   0.51778969  0.41966491]",1573.1494787528725,159.30345620631283,2.4548656141978765e-07,0.0012550263386699402,68.15754718166042,143.93229403896157
694,"[3.14030000e+01 7.10859554e+03 9.70051672e-09 7.62154827e+02
 2.42837644e+02 1.48603828e+00 9.52699940e+03 3.26857665e+02
 1.00000000e+00]","[ 0.72687001  0.05329897 -0.28604567  0.04504678 -0.28504903  0.07450808
  0.02168623  0.54560444  0.0029935 ]",751.8720515639852,161.32556326203144,2.4548656141978765e-07,0.0012550263386699402,68.23144889770379,137.08747514644014
695,"[1.11642871e+02 1.33386219e+03 5.20935887e+02 4.11008114e+02
 5.22053769e+01 2.87054903e+01 3.99375107e-04 1.32303471e+02
 1.00000000e+00]","[ 0.01217969 -0.29799189 -0.2023099  -0.75413987 -0.34651494  0.02904986
 -0.00421674  0.41528995 -0.08942168]",-773.8696115842537,158.5390185214476,2.4548656141978765e-07,0.0012550263386699402,68.57816476228169,143.46930640456821
696,"[3.03005029e+01 3.59969439e+03 3.71695016e+02 6.19001082e+02
 2.38757036e+03 1.07717539e+01 5.78224100e-05 4.81610941e+01
 1.00000000e+00]","[ 0.26638277 -0.14300775  0.31551364 -0.36226722  0.49267663 -0.01926009
 -0.11810427 -0.64374963 -0.07961902]",531.3277133113369,143.91959341441816,2.4548656141978765e-07,0.0012550263386699402,67.64415526476313,136.64752118675108
697,"[1.64345106e+01 4.09509223e+03 9.41659823e-09 3.50525858e+03
 2.43449652e+02 3.21259028e-01 3.99746179e+03 4.12550034e+01
 1.00000000e+00]","[ 0.5336873   0.0741305  -0.17983994  0.2453771  -0.14123524  0.55327494
  0.022634    0.51423512  0.16161561]",1250.1013238263076,152.9987398334838,2.4548656141978765e-07,0.0012550263386699402,67.92463595644772,142.25864012514876
698,"[2.66864884e+01 2.32254654e+03 1.09660328e+03 8.38566463e+02
 1.88133296e+02 1.06136654e+01 1.05235716e-05 2.26780990e+02
 1.00000000e+00]","[ 0.05891423 -0.00390422  0.5192189  -0.0238073  -0.34286856  0.59951936
 -0.01423312  0.49241621  0.08185472]",595.5282204816444,154.4103881682131,2.4548656141978765e-07,0.0012550263386699402,67.68118719542593,135.85962535111213
699,"[1.03665310e+01 1.00845198e+04 3.23621692e+02 2.04652701e+02
 1.16195989e+02 1.48115874e+01 3.20979538e+01 5.38810318e+01
 1.00000000e+00]","[-0.13337392  0.08445788  0.16328168 -0.14048431 -0.84663953  0.44281944
  0.00711832 -0.11061421 -0.0592266 ]",776.8174945429065,144.7202628137493,2.4548656141978765e-07,0.0012550263386699402,67.68391148033531,132.59695604859667
700,"[2.76200000e+01 1.55548659e+03 1.55210182e+02 1.54537978e+03
 4.35505024e+01 1.15639374e+01 3.36192905e+03 5.90128452e+02
 1.00000000e+00]","[ 0.1535624  -0.13780335  0.22542139 -0.0363312  -0.17712875  0.14662651
  0.03718611  0.91538636  0.11447766]",428.04095477415166,146.3596609098788,2.4548656141978765e-07,0.0012550263386699402,67.52876672780476,134.8205258224407
701,"[3.85660000e+01 2.05310110e+02 1.00685182e+02 1.90757880e+03
 6.04919852e+02 2.34182560e+01 3.69370568e-06 9.43206321e+01
 1.00000000e+00]","[-0.54869417 -0.33837614 -0.33425029 -0.20910297  0.06775724 -0.19035443
 -0.37915906 -0.49395315 -0.02029332]",-533.2477620519762,152.42564794590163,2.4548656141978765e-07,0.0012550263386699402,68.29678688236848,140.5586969585114
702,"[1.14034000e+02 1.79707914e+03 4.90655171e+01 1.38575696e+03
 1.46763366e+03 1.27299170e+01 3.62142208e+03 5.74836553e+01
 1.00000000e+00]","[ 0.67321337 -0.10930551 -0.30857759 -0.07504385  0.16901895  0.41094331
  0.02090202 -0.4851664  -0.0268183 ]",62.273779133750075,146.1063587587009,2.4548656141978765e-07,0.0012550263386699402,67.5092053918956,140.7296237888234
703,"[3.47830001e+01 9.62178775e+02 1.09660328e+03 1.39266050e+03
 6.77351460e+02 4.51428604e+00 2.80152849e-05 5.03009987e+01
 1.00000000e+00]","[ 0.55277844 -0.18557518  0.63474642  0.01828611  0.31101539  0.38562492
  0.02029378  0.01216457 -0.10374717]",775.1178347979969,153.60116129739686,2.4548656141978765e-07,0.0012550263386699402,67.40620485213528,132.13665175195172
704,"[2.76200000e+01 1.16798295e+03 2.30514486e+02 1.55474769e+03
 1.81970395e+01 1.08142975e+01 1.13957306e+04 8.13820239e+01
 1.00000000e+00]","[ 0.4446814  -0.43065267  0.49888574 -0.06611168 -0.29748903 -0.13719569
  0.09427833 -0.49675355  0.02375128]",548.5708875628318,146.89229913329314,2.4548656141978765e-07,0.0012550263386699402,67.69302250145583,135.36110550561898
705,"[9.53500001e+00 2.17161941e+03 8.67224636e+02 1.30361277e+03
 3.81233029e+02 1.69593000e-08 8.71164214e+03 4.30947223e+01
 1.00000000e+00]","[ 6.36747057e-04 -6.31018197e-02  6.83778634e-01  1.56024278e-01
  3.23473445e-01 -3.36684925e-03  5.55414488e-02  6.18663575e-01
  1.16812164e-01]",1293.3117865532097,157.75400305108974,2.4548656141978765e-07,0.0012550263386699402,67.59722713699442,140.43537710822943
706,"[3.85660002e+01 6.41494379e+02 2.10695595e+02 1.54505855e+03
 8.10168638e+02 1.50800632e+01 3.28758774e+03 9.35147274e+01
 1.00000000e+00]","[ 0.32459669 -0.52600036  0.02999809 -0.2300342   0.33711299 -0.19649271
  0.05392437 -0.63532308  0.07312444]",-285.9063246725457,156.22492213204114,2.4548656141978765e-07,0.0012550263386699402,67.76130698854251,141.4670162742023
707,"[1.04111307e+02 3.11324140e+03 4.82427131e+02 3.37138680e+02
 2.70732834e+02 8.92522614e+00 1.08663099e+04 4.93531208e+01
 1.00000000e+00]","[ 0.58954008 -0.09943607  0.3011136  -0.51394092  0.09116897 -0.07730277
  0.04148624 -0.45170482 -0.26020077]",176.04689292389202,160.9985792764618,2.4548656141978765e-07,0.0012550263386699402,67.69089825337872,133.0577298419961
708,"[1.90316693e+01 1.80947664e+03 8.76871824e+01 2.00696801e+03
 6.79365948e+01 6.59207199e+00 1.39042452e+04 5.42803313e+01
 1.00000000e+00]","[-0.36417935 -0.42059583  0.31549054  0.28890491 -0.55669247  0.39130171
  0.17269288  0.11144139  0.04697529]",2211.517970381315,145.41428497136576,2.4548656141978765e-07,0.0012550263386699402,67.31328058759097,141.80099425345938
709,"[3.14029999e+01 5.16102710e+03 2.83735403e+01 8.16022261e+02
 2.78426665e+03 6.94632595e+00 4.38132905e+02 5.09955711e+01
 1.00000000e+00]","[-0.03327889 -0.05019252 -0.60719749 -0.37091277  0.63371877 -0.06634889
  0.04141886 -0.28028775  0.06188508]",1187.9051386239332,155.41979064389307,2.4548656141978765e-07,0.0012550263386699402,66.96977835685011,135.89505113502128
710,"[2.42285376e+01 9.46888884e+03 4.10317425e+02 1.87093629e+02
 1.38761286e+03 7.03048263e+00 2.48447043e-03 4.84711351e+01
 1.00000000e+00]","[ 0.57580106  0.06178433  0.4348127  -0.00817025  0.16278719  0.57465068
 -0.14677569  0.23693589  0.2027368 ]",1017.4749836117162,148.58197933255587,2.4548656141978765e-07,0.0012550263386699402,67.38380578989393,132.17299952899066
711,"[1.14034000e+02 9.63345789e+02 2.89555270e-09 2.72203538e+03
 1.12198040e-08 3.71441017e+01 1.45692784e-05 5.27387299e+01
 1.00000000e+00]","[ 0.38183284 -0.04337559 -0.30370965  0.05294694 -0.50207331  0.45787833
 -0.01172608 -0.53399986 -0.10127084]",134.62341002337757,151.30503238785525,2.4548656141978765e-07,0.0012550263386699402,67.61351689343033,133.06869359759025
712,"[4.31718757e-08 5.92452726e+03 1.07113095e+03 2.66481668e+01
 4.78712832e+02 1.11530661e+01 1.47976402e-05 4.45863483e+01
 1.00000000e+00]","[-0.09863554  0.03318207  0.51415241 -0.23659116 -0.02457982  0.76902285
 -0.23024354  0.05986293 -0.1422882 ]",740.3450004928408,144.40765416756346,2.4548656141978765e-07,0.0012550263386699402,67.35548716869617,133.22152213672007
713,"[1.14034000e+02 3.33013214e+03 9.79639411e+02 3.01554179e+02
 1.14665439e+02 2.06863214e+01 1.14054298e+02 4.15571027e+01
 1.00000000e+00]","[ 0.55449994  0.00277575  0.26839724 -0.09147998 -0.60645971 -0.34426963
  0.00360914 -0.27081171  0.2290185 ]",220.54667397414616,139.64552122925036,2.4548656141978765e-07,0.0012550263386699402,67.10838238374659,145.62648452585663
714,"[1.14034000e+02 3.55646984e+03 3.86819111e+02 4.60483460e-09
 2.54606946e+00 3.64461130e+01 3.85015914e-07 8.81806962e+01
 1.00000000e+00]","[ 0.21039405 -0.03008177 -0.17857294 -0.42387666 -0.57049751 -0.15975332
 -0.3186974  -0.5243568   0.12555114]",-205.45575054709673,148.4258977080148,2.4548656141978765e-07,0.0012550263386699402,67.56411970569253,134.3910547007183
715,"[2.44762975e+01 1.36312339e+03 9.88043953e+01 2.33592938e+03
 1.36621226e+03 4.99154938e+00 5.03500431e+03 5.26021874e+01
 1.00000000e+00]","[-0.32729105 -0.39633     0.35107753  0.17761712  0.65866046  0.144826
  0.08957137 -0.33601987 -0.0725208 ]",1235.1687392632664,159.41253216386644,2.4548656141978765e-07,0.0012550263386699402,67.20418038856998,135.39498518778078
716,"[2.75865764e-08 1.01879007e+04 4.13933674e+01 1.55241802e+03
 6.57038410e+02 5.15287643e+00 2.06477635e+03 3.90458501e+01
 1.00000000e+00]","[ 0.17270427  0.18309227  0.57244349  0.34847157  0.26251113  0.63178722
  0.03607653 -0.1336778  -0.01697101]",2674.983621792704,160.03523283949426,2.4548656141978765e-07,0.0012550263386699402,67.38901449526949,145.94930657837176
717,"[1.07901304e-10 8.98380949e+03 7.03582660e+01 5.20871358e+02
 2.14609025e+03 4.12513422e+00 7.41502552e-07 4.86695857e+01
 1.00000000e+00]","[ 0.06327129  0.20138652  0.23204721 -0.04112993  0.6255367   0.66001218
 -0.01763715 -0.26628188  0.04211033]",3136.3843166047104,142.90346208997926,2.4548656141978765e-07,0.0012550263386699402,66.95315691579542,128.4604007442681
718,"[2.94220684e+01 6.16806604e+03 8.56374324e+01 2.85199863e+02
 1.73659226e+02 1.39298253e+01 2.11209028e-06 5.31759672e+02
 1.00000000e+00]","[-0.16225939  0.02390894 -0.2248705  -0.35175118 -0.5655954   0.2500803
 -0.09468689  0.62756508 -0.11645929]",261.9812647179388,143.07989967617132,2.4548656141978765e-07,0.0012550263386699402,67.39908356975963,142.94952551400328
719,"[5.94300002e+00 3.56808365e+03 2.72716413e+00 3.15013955e+03
 2.80448894e+02 5.22820717e-09 8.69679494e+03 3.91323099e+01
 1.00000000e+00]","[ 0.37591653  0.18154892 -0.06341142  0.76841547  0.20423429 -0.29968868
  0.10807638 -0.29193098  0.05304968]",4056.2833468958024,154.53399636024733,2.4548656141978765e-07,0.0012550263386699402,67.01860308726235,133.81307539559248
720,"[1.92610009e+01 8.60488383e+03 2.82123263e+02 3.92106425e+00
 5.39249483e+02 9.49356649e-09 1.12680461e+04 4.80460648e+01
 1.00000000e+00]","[ 0.49110779  0.09837762  0.22470541 -0.66547232  0.37164213 -0.09896683
  0.0601337  -0.27083611 -0.17580811]",1781.58121635532,149.150740334773,2.4548656141978765e-07,0.0012550263386699402,67.18855249120466,138.38888377387497
721,"[3.14030000e+01 3.38547261e+03 3.27851466e+02 4.97034613e+02
 9.09705420e+01 7.73428798e+00 1.49212974e+04 6.55845617e+01
 1.00000000e+00]","[ 0.02543893 -0.17162415 -0.09295026 -0.62116784 -0.05676937  0.61154027
  0.06900397  0.3787628  -0.2235659 ]",134.36590404244967,144.44423709697617,2.4548656141978765e-07,0.0012550263386699402,67.04473885166668,141.00069984587705
722,"[1.32673564e+01 3.25050083e+03 9.58568670e+01 1.52342771e+03
 1.76723519e+02 3.47961534e+00 8.57539159e+03 5.08817006e+02
 1.00000000e+00]","[-0.02067158 -0.03098771  0.2376366   0.08144169  0.01454575  0.07059498
  0.04525248  0.95930319 -0.08945906]",924.7441054134905,165.25304744793323,2.4548656141978765e-07,0.0012550263386699402,66.59979172456868,154.79544417753152
723,"[3.80840000e+01 3.64222281e+03 3.68347230e+02 3.95332713e+02
 2.10035541e+02 1.13852394e+01 3.75555491e+01 6.51290269e+02
 1.00000000e+00]","[ 0.00819589 -0.0858729   0.02759908 -0.38021398 -0.06971242  0.43323108
  0.00621214  0.74777627 -0.30899411]",24.6329833722709,156.1294879051683,2.4548656141978765e-07,0.0012550263386699402,66.89712106678168,129.29225878149919
724,"[1.04762516e+01 3.54874500e+03 1.20218214e+02 9.78906676e+02
 2.09273681e+02 5.25958385e+00 1.75971852e+04 5.54905316e+01
 1.00000000e+00]","[-0.27059611 -0.37629799  0.18900758 -0.40002356  0.39220998  0.45158857
  0.34073109 -0.31691024  0.12306169]",4355.815989364292,148.56159024597855,2.4548656141978765e-07,0.0012550263386699402,66.57540964953424,150.56698820610416
725,"[3.11360148e+01 3.71181696e+03 5.49216291e+01 1.02450995e+03
 2.18835492e+03 3.98462435e+00 5.05379253e+03 5.02718690e+01
 1.00000000e+00]","[-0.40810724 -0.12649506 -0.29386017 -0.23874907  0.54531136  0.59798874
  0.06457629  0.07277191 -0.09834484]",782.659341965798,145.71778760258724,2.4548656141978765e-07,0.0012550263386699402,66.50205900421635,136.91993666434388
726,"[1.31860561e-08 6.98897628e+03 2.16610026e-07 8.47998854e+02
 1.28860951e+03 1.27602532e+00 1.12954168e+04 4.25867578e+01
 1.00000000e+00]","[-0.18208127  0.21510359  0.02162004  0.49060414  0.77267392 -0.17578907
  0.12095136 -0.012131    0.19160854]",4280.707275003395,146.57749015203626,2.4548656141978765e-07,0.0012550263386699402,66.78670923704736,135.7829851092597
727,"[2.08580000e+01 7.59347449e+02 6.48806768e+01 3.27783898e+03
 1.79200674e+02 4.38639882e+00 6.34187965e+03 5.00947743e+01
 1.00000000e+00]","[-0.10041141 -0.62036719  0.24065985  0.49743358 -0.1021736   0.05988604
  0.1068644  -0.46347682 -0.24382007]",1809.1654075377478,150.54710906382206,2.4548656141978765e-07,0.0012550263386699402,67.04684136028187,135.63543445730045
728,"[4.09711119e+01 1.60629339e+02 5.57090127e+01 2.12844317e+03
 6.83564310e+02 1.81849225e+01 5.01031374e-07 1.02887194e+02
 1.00000000e+00]","[ 0.25523198 -0.53934758 -0.44064349 -0.12230903  0.21427744 -0.14204171
  0.01486426  0.58748168 -0.15293236]",-156.87273646734855,144.38129948544295,2.4548656141978765e-07,0.0012550263386699402,66.55325054240355,139.02297514407613
729,"[8.99198635e+01 2.01160321e+03 7.39618856e+02 3.82694164e+02
 3.68668831e+02 1.62188862e+01 4.74646517e+03 5.69328742e+01
 1.00000000e+00]","[-0.33524774 -0.21235821  0.25348303 -0.65109185  0.29462603 -0.25915955
  0.03406004 -0.44170836  0.06406383]",-278.0168330589459,153.77870916933904,2.4548656141978765e-07,0.0012550263386699402,66.34019924417797,136.82253607080656
730,"[1.93614787e+01 2.32573731e+03 6.99587878e+01 3.68921803e+03
 5.90240491e+01 1.15037224e+01 3.40374282e-04 4.99895514e+01
 1.00000000e+00]","[ 0.35798091  0.02975525  0.15700946  0.16119787 -0.86084033 -0.22933554
  0.00665156  0.15601343 -0.04798193]",636.1147989478552,140.973872878566,2.4548656141978765e-07,0.0012550263386699402,66.49507307934954,147.42324504806038
731,"[1.46956628e-01 8.10886529e+03 1.88538155e+01 8.79537134e+02
 2.24553466e+02 2.65015536e-01 1.29446053e+04 4.05545800e+01
 1.00000000e+00]","[-0.24063332  0.16941029 -0.04093795  0.32198813 -0.75518417 -0.03246024
  0.0631196  -0.42579649 -0.22671558]",2286.0942663493474,153.27989668633927,2.4548656141978765e-07,0.0012550263386699402,66.52423125161283,137.1178556625082
732,"[2.61197723e+01 2.56045760e+03 1.46796722e+02 1.56816015e+03
 2.32085591e+03 6.30117699e+00 2.30399042e+03 4.39595250e+01
 1.00000000e+00]","[-0.14435227 -0.12885378  0.3690716   0.01879895  0.44041245  0.74592135
  0.05542938 -0.25216592  0.09471017]",893.5155798389881,152.9445574331006,2.4548656141978765e-07,0.0012550263386699402,66.65842979028385,148.0424678300401
733,"[8.98366509e+00 6.18237055e+03 2.53885169e+02 2.18230867e+02
 1.33041614e+02 6.65527239e+00 1.38028651e+04 6.18374844e+01
 1.00000000e+00]","[-0.40853015  0.03300388 -0.04886631 -0.33347573 -0.68712803 -0.17746101
  0.03172478  0.39213007  0.24496956]",484.9795042056177,143.8116863425393,2.4548656141978765e-07,0.0012550263386699402,66.95687949882648,177.92620525171577
734,"[1.14034000e+02 4.10753464e+03 1.02945106e+02 4.16662314e+01
 7.25547311e+02 2.81864974e+01 7.64504876e-06 1.12233900e+02
 1.00000000e+00]","[ 0.17214081 -0.09109557 -0.44155944 -0.52169662  0.11240986  0.6357997
 -0.04376153  0.273455    0.0368387 ]",-291.53439961371686,156.16843843093673,2.4548656141978765e-07,0.0012550263386699402,66.76014856082935,149.4766794535683
735,"[9.99888630e+00 4.26083701e+03 1.20978433e+02 7.87582029e+02
 1.06738362e+02 5.27295114e+00 1.81055027e+04 5.45626769e+01
 1.00000000e+00]","[-0.04750448 -0.30540193  0.30202968 -0.47461891 -0.60244873 -0.11934604
  0.38913884 -0.21693745 -0.11094638]",5329.667803821678,145.57926586053782,2.4548656141978765e-07,0.0012550263386699402,66.84120568077479,148.32954930618098
736,"[1.06871000e+02 4.44142369e+03 3.38689754e+01 4.92790454e+02
 5.68803391e+02 3.56032646e+00 1.33821563e+04 5.22680791e+01
 1.00000000e+00]","[ 0.4541799  -0.04115877 -0.28745785 -0.26406718  0.11642603  0.75958547
  0.02385944  0.11844249  0.18584961]",120.4647359374193,152.14919023249175,2.4548656141978765e-07,0.0012550263386699402,66.5283914423615,157.62279589959167
737,"[2.73948772e+01 7.28297115e+02 1.48083519e+02 2.57565127e+03
 1.20203502e+03 7.13300153e+00 1.63876344e+03 6.18972965e+01
 1.00000000e+00]","[ 0.04538065 -0.43550303  0.39819914  0.19005917  0.51053325  0.34285798
  0.05682631  0.39151763  0.28085864]",966.3245537265299,141.2835197638259,2.4548656141978765e-07,0.0012550263386699402,66.7432208720406,140.9053025878036
738,"[1.93784563e+01 1.23156873e+03 1.04861511e+03 1.71030634e+03
 3.27860024e+02 8.88138471e-01 3.95332736e+03 4.59172460e+01
 1.00000000e+00]","[ 0.36667166 -0.10742962  0.75402466  0.2352517   0.33594926  0.05684558
  0.04973943 -0.33372004 -0.01333513]",1359.326906235847,155.33833201216476,2.4548656141978765e-07,0.0012550263386699402,66.56608033804446,139.14071776665241
739,"[3.02303480e+01 2.56519193e+03 1.70620463e+02 1.19203302e+03
 2.44514487e+03 1.22748850e+01 3.77172486e-06 5.94773649e+01
 1.00000000e+00]","[-0.28756456 -0.3164577   0.13379032 -0.35481221  0.76496184 -0.01550052
 -0.08430845  0.23614693  0.15839644]",663.8676187753632,146.6232284524434,2.4548656141978765e-07,0.0012550263386699402,65.99917525792664,131.32971067925962
740,"[1.10162217e+02 2.27313352e+03 3.63529117e+02 4.72822733e+02
 3.41752018e+02 1.39267230e+01 5.71415935e+02 4.60989943e+02
 1.00000000e+00]","[ 0.29273122 -0.16040277 -0.0169709  -0.40249008  0.21955378  0.48420692
  0.02314962  0.65913232 -0.09296012]",-130.08002916609556,164.12246485475475,2.4548656141978765e-07,0.0012550263386699402,66.26694951489145,138.77184006571088
741,"[2.76200000e+01 2.43214371e+03 1.22067661e+02 1.21997473e+03
 2.00083082e+02 6.94610446e+00 1.59151102e+04 6.25696655e+01
 1.00000000e+00]","[ 0.57101685 -0.59011484  0.11306183 -0.29382289  0.38432762 -0.0515658
  0.20525173 -0.00873378  0.18443989]",1578.6531968688353,138.6873643753272,2.4548656141978765e-07,0.0012550263386699402,67.27190109151468,151.28265575675576
742,"[3.46395065e+01 4.10287567e+03 3.64831010e+02 1.92971945e-01
 1.27103873e+03 1.83446416e+01 8.57298721e+02 9.58951903e+01
 1.00000000e+00]","[-0.47802515 -0.10820918 -0.3418756  -0.66768898  0.15512762  0.39048679
  0.01397242 -0.129447    0.05999132]",-381.4212954060567,145.1821019942688,2.4548656141978765e-07,0.0012550263386699402,66.64773972909873,150.75270383766883
743,"[1.07074000e+02 4.84394758e+03 1.22357896e+01 1.28090769e+03
 2.47729948e+03 6.12514464e-01 1.59291652e-04 5.66066887e+01
 1.00000000e+00]","[ 0.70954657  0.01346518 -0.01523816  0.06951117  0.12126458  0.61182084
  0.00196815  0.31657068  0.04525087]",548.7982391899301,145.23108725941358,2.4548656141978765e-07,0.0012550263386699402,66.01091747712735,131.64905765879348
744,"[9.59219643e+01 3.08621960e+03 3.59123106e+02 5.07039073e+02
 1.99029695e+03 1.30138595e+01 2.23876617e+02 5.00395987e+01
 1.00000000e+00]","[ 0.38561913 -0.16752926 -0.04363287 -0.47613855  0.34642033  0.41094248
  0.02845664 -0.55172688  0.02295642]",-63.52035364899884,152.36266185129648,2.4548656141978765e-07,0.0012550263386699402,66.2850543951893,132.07395538839384
745,"[3.14030000e+01 3.33083504e+03 1.12500660e+03 1.64345006e+02
 2.93424658e+02 1.62657837e+01 1.72360454e-08 5.29925681e+01
 1.00000000e+00]","[-0.3454614  -0.06077536  0.67594094 -0.47965111 -0.15752545  0.03124418
 -0.2294971  -0.28169925 -0.17940899]",407.50751814222406,164.07995641640656,2.4548656141978765e-07,0.0012550263386699402,66.08803376904594,145.01208043528808
746,"[1.14034000e+02 7.22450263e+02 5.45778067e+01 1.44982239e+03
 4.35841422e-07 1.60690804e+01 6.89590322e+03 9.67744942e+01
 1.00000000e+00]","[ 0.56314039 -0.33717121 -0.49273387 -0.26187115 -0.29361829  0.02731621
  0.03430366 -0.40418516  0.07953018]",-387.9728684929949,144.23593747060806,2.4548656141978765e-07,0.0012550263386699402,66.31550095582193,132.3642701376877
747,"[1.00226000e+02 1.20696424e+03 4.02270826e+02 6.85493884e+02
 2.37761879e+01 1.70995813e+01 6.86121036e+03 9.50867953e+01
 1.00000000e+00]","[ 0.21025894 -0.32819296  0.02432099 -0.39723846 -0.09263068 -0.16111162
  0.04063303 -0.8083941   0.00109651]",-440.5967747898161,142.26002837866668,2.4548656141978765e-07,0.0012550263386699402,66.89266758776517,131.9598225473046
748,"[3.85660000e+01 8.87232820e+02 9.75490203e+01 1.26615216e+03
 7.43692557e+01 2.53462927e+01 2.55207755e+03 2.89827637e+02
 1.00000000e+00]","[-0.66457497 -0.20304728 -0.34523104 -0.22816003 -0.0288415   0.55405546
  0.00651363  0.18991232  0.04418182]",-444.7348299792631,148.42495921438547,2.4548656141978765e-07,0.0012550263386699402,66.43075305530068,156.601936563118
749,"[8.42731216e+00 3.50013465e+03 5.90757540e+01 1.19356114e+03
 3.50622382e+02 3.14850146e+00 1.74041620e+04 4.61228906e+01
 1.00000000e+00]","[-0.0265278  -0.26463547 -0.29925693  0.0845795   0.7605273  -0.01878611
  0.31842196 -0.32452214  0.2170117 ]",4950.50380957521,150.24305529802496,2.4548656141978765e-07,0.0012550263386699402,66.28390827146015,134.146899750417
750,"[1.13724649e+02 1.01879007e+04 3.71955228e-08 2.76411543e-07
 6.25237969e+02 1.54254031e+01 2.38265353e-05 3.90458493e+01
 1.00000000e+00]","[ 0.52160511  0.0633853  -0.31741645 -0.203709   -0.04291089  0.46400923
 -0.13889321 -0.58755423  0.00162376]",662.4706256234073,146.31193957904236,2.4548656141978765e-07,0.0012550263386699402,66.37219472233672,137.19507566402234
751,"[2.76200000e+01 5.28602644e+03 1.11838169e+03 7.74254351e+02
 2.78479582e+02 2.03730079e+00 1.39913095e-05 4.07494620e+01
 1.00000000e+00]","[ 0.68535133  0.07080675  0.66056982  0.12173957 -0.19689032 -0.09392289
 -0.1298184   0.02607811  0.09479856]",1172.3785248466093,161.1421314714521,2.4548656141978765e-07,0.0012550263386699402,66.22885679120871,133.08910859921696
752,"[1.00226000e+02 2.70752767e+03 3.25865349e+02 6.37893746e+02
 2.80473532e+02 6.11417952e+00 1.31409760e+04 5.66399903e+01
 1.00000000e+00]","[ 0.63460377 -0.09783392  0.11796739 -0.15482668  0.07243834  0.67582522
  0.03551897 -0.2869629   0.06498169]",213.4087278459535,146.09126714992286,2.4548656141978765e-07,0.0012550263386699402,65.3601912315182,134.53883235204012
753,"[3.14029987e+01 5.23835603e+03 3.38023052e+02 8.59188717e+01
 7.38786948e+02 2.46480936e+00 1.18873067e+04 6.01984971e+01
 1.00000000e+00]","[-0.14924148 -0.07038035  0.1591255  -0.57353929  0.3121829   0.35356845
  0.04495499  0.59998444  0.18448373]",433.35078592641895,145.2773293200445,2.4548656141978765e-07,0.0012550263386699402,66.006993846124,141.98663286807914
754,"[3.14030000e+01 1.16481154e+03 5.49478570e+01 2.82169146e+03
 1.65763644e+03 6.44076620e+00 6.30707914e-07 4.56788110e+01
 1.00000000e+00]","[ 0.61811015 -0.2520933  -0.3419288   0.18858212  0.38966     0.15417315
 -0.28882742 -0.36172964 -0.10971056]",869.3761525912716,139.69317924796474,2.4548656141978765e-07,0.0012550263386699402,65.83305222883125,149.42952583728595
755,"[2.06223658e+01 8.60087305e+03 5.18699778e+00 3.03440962e+02
 2.19147050e+02 4.32662856e+00 1.10444141e+04 5.94370250e+01
 1.00000000e+00]","[ 0.22492667  0.08973248 -0.29347068 -0.30338972 -0.73683441  0.07299579
  0.03335989  0.46225999  0.01162766]",917.6012241984292,146.4550724488879,2.4548656141978765e-07,0.0012550263386699402,65.71967519952878,134.2661330476194
756,"[3.85660000e+01 1.18277886e+03 2.78400000e+01 1.74560113e+03
 2.77572041e+01 1.46093157e+01 4.68712498e-06 6.27461415e+02
 1.00000000e+00]","[ 0.28025645 -0.11824856 -0.57687707 -0.05514864 -0.38480019 -0.18835636
 -0.01872191  0.61271621 -0.11101399]",129.53071144623178,143.37196275956586,2.4548656141978765e-07,0.0012550263386699402,66.12463351556788,131.3370540233583
757,"[1.10540092e+02 4.00810469e+03 3.73980860e+02 2.08803934e+02
 7.19327086e+00 1.90235944e+01 8.03600808e+03 6.26654918e+01
 1.00000000e+00]","[ 0.23790253  0.00559288  0.00407487 -0.12382992 -0.59136441  0.38663704
  0.00832459 -0.54952526  0.35605235]",60.30002021989696,147.55163735506332,2.4548656141978765e-07,0.0012550263386699402,66.37115634917016,133.13710225694672
758,"[3.14030000e+01 3.83311572e+03 8.77284152e+01 8.59786383e+02
 2.64299510e+03 5.86592336e+00 4.37553382e+02 7.31913345e+01
 1.00000000e+00]","[-0.24578017 -0.07617769 -0.18295138 -0.18172647  0.27587145  0.63853901
  0.02659652  0.60646517 -0.12226547]",316.7635197435661,142.71495255665803,2.4548656141978765e-07,0.0012550263386699402,65.61486012006613,134.95465190503046
759,"[3.85660000e+01 6.21569803e+02 1.59654403e+02 1.69421404e+03
 1.23331798e+03 1.50548132e+01 3.77588912e+02 1.00569669e+02
 1.00000000e+00]","[ 0.36288772 -0.34198524  0.03083073 -0.12271641  0.30394535 -0.00683122
  0.02753377  0.79997023  0.04699821]",64.09643824918933,155.80094479041887,2.4548656141978765e-07,0.0012550263386699402,65.9104970407306,133.34942563520872
760,"[1.91933524e+01 8.23438777e+02 8.90912484e+01 4.11423195e+03
 2.88778146e+02 2.23866832e+00 5.52402358e+02 5.57362383e+01
 1.00000000e+00]","[-0.23869382 -0.11922487  0.50593135  0.28973759  0.05760543  0.60628277
  0.02653288  0.45298086  0.1100157 ]",1192.3727286197825,146.3753817102306,2.4548656141978765e-07,0.0012550263386699402,65.81670508370813,132.75553079029763
761,"[5.94300000e+00 2.88408249e+03 3.96823864e+01 2.03486255e+03
 1.14072349e+02 2.21762671e+00 1.56590634e+04 4.05998821e+01
 1.00000000e+00]","[-0.16204147 -0.01410088  0.19070989  0.42825435 -0.68162726 -0.02785634
  0.10716057 -0.52566681  0.02389545]",2416.274893517692,140.47032533396077,2.4548656141978765e-07,0.0012550263386699402,65.0694567379294,138.26971987168622
762,"[2.08580000e+01 5.78003005e+02 4.52853548e+02 2.92688350e+03
 2.53034843e+02 2.50185014e+00 3.47044406e+03 5.16741647e+01
 1.00000000e+00]","[-0.24078449 -0.43979588  0.69473805  0.33095207  0.32455712 -0.13839658
  0.07126326 -0.11014337 -0.12128988]",1347.3274150890866,143.43881944620466,2.4548656141978765e-07,0.0012550263386699402,65.47603918925654,134.48108764146173
763,"[3.89548046e+01 1.01879007e+04 4.80384900e-07 3.92649826e+02
 3.04291104e+02 2.91974304e+00 7.45583569e+03 4.63718946e+01
 1.00000000e+00]","[ 0.45661501  0.22385121 -0.26306482 -0.06192558 -0.16525964  0.78016691
  0.0128086  -0.09913349  0.14964232]",2317.0884828392523,140.79512180557276,2.4548656141978765e-07,0.0012550263386699402,65.53092393269873,131.16140618325818
764,"[8.23586544e+01 3.44902317e+02 8.49500596e+02 1.14708811e+03
 1.52276023e+02 1.36653483e+01 5.39299103e-06 7.92742729e+01
 1.00000000e+00]","[ 0.48053676 -0.55005635  0.38605741 -0.39127572 -0.05140551  0.00108709
  0.00485009 -0.40207737 -0.00720984]",-310.7056514287233,141.56364261050945,2.4548656141978765e-07,0.0012550263386699402,65.02415905396224,137.62183138566434
765,"[1.68336049e-08 8.25260039e+03 7.74321604e+02 2.94921300e+02
 8.11319214e+02 7.06249871e+00 4.27774639e+02 3.90458494e+01
 1.00000000e+00]","[-0.05408092  0.07733941  0.62988702  0.05437517  0.20085883  0.46056462
  0.01881758 -0.58185234  0.00304384]",1293.5699712148137,156.83096579774997,2.4548656141978765e-07,0.0012550263386699402,65.66848378731727,140.09376428705116
766,"[2.68021868e-08 4.77334639e+03 4.61889141e+00 1.51188968e+03
 3.15518136e+02 1.44142429e-08 1.65324346e+04 4.10376048e+01
 1.00000000e+00]","[-0.13248131  0.08564568 -0.23205464  0.42820894  0.32216587  0.75508939
  0.09370276 -0.13973147  0.18879975]",2700.387836706626,146.69826427063117,2.4548656141978765e-07,0.0012550263386699402,65.60541656563213,140.15015249855213
767,"[2.76200000e+01 1.06308697e+03 6.39901340e+01 1.82053309e+03
 1.60344258e+01 1.10549923e+01 1.14914300e+04 8.25457951e+01
 1.00000000e+00]","[-0.30705352 -0.87309512 -0.26110749 -0.01685341 -0.05877966 -0.04687718
  0.15998206 -0.20309317 -0.04968169]",836.1004289699227,142.8879172304637,2.4548656141978765e-07,0.0012550263386699402,64.96743019397533,136.28305528436226
768,"[4.83172610e+01 3.13854810e+03 4.84760699e+02 6.87834979e-01
 1.07536067e+02 3.36299826e+01 7.31966345e-06 1.10596538e+02
 1.00000000e+00]","[-0.59386908 -0.10662062 -0.0660524  -0.70321803 -0.12889445 -0.00404809
 -0.02518869  0.29879929 -0.1747209 ]",-376.95686181930984,145.79542884636902,2.4548656141978765e-07,0.0012550263386699402,65.21607521451541,128.917929189631
769,"[1.10218341e+01 5.34296618e+03 3.33445109e+02 2.85444024e+02
 7.38329235e+02 5.51949614e-01 1.42136504e+04 4.15998602e+01
 1.00000000e+00]","[-0.17374766 -0.02713272  0.37626425 -0.46303859  0.3849965   0.64623111
  0.06639246 -0.08134538  0.19035248]",1071.5041164528996,141.4785616696356,2.4548656141978765e-07,0.0012550263386699402,65.37937141057053,142.03581578613796
770,"[3.74152526e+01 3.45044800e+02 8.87723036e+02 1.23681598e+03
 2.74681429e+02 1.37515567e+01 7.63415479e-06 7.70185365e+01
 1.00000000e+00]","[-0.29429707 -0.28234414  0.14794188 -0.20578424  0.18609965  0.63958084
 -0.07149734 -0.56604571  0.0148568 ]",-215.28621163414985,147.82273543429125,2.4548656141978765e-07,0.0012550263386699402,65.34137579528378,136.96032715141644
771,"[2.76200000e+01 9.92236825e+02 6.77650637e+02 1.44035080e+03
 1.28909570e+02 6.34883322e+00 8.00527519e+03 6.23484815e+01
 1.00000000e+00]","[ 0.1009759  -0.37973405  0.41516048 -0.03693259  0.01901693  0.69441124
  0.06936627 -0.4265525   0.05056028]",389.7526601305701,144.4351128198261,2.4548656141978765e-07,0.0012550263386699402,64.91582699472274,164.75143078066958
772,"[2.69504831e+01 1.85849962e+03 6.22549037e+01 1.78080347e+03
 1.06323690e+02 7.37377143e+00 1.43124924e+04 6.20668360e+01
 1.00000000e+00]","[-0.24997518 -0.75936243 -0.46223025  0.22913679  0.1146377   0.01361356
  0.26876765  0.07092902  0.06423809]",2824.7503220296603,144.87013180164922,2.4548656141978765e-07,0.0012550263386699402,65.11294465318309,146.1553267914953
773,"[1.54780000e+01 2.61985246e+03 2.02320000e+02 3.70016504e+03
 2.59458580e+02 2.52255142e-08 3.32070660e+03 3.90458495e+01
 1.00000000e+00]","[ 0.5888069   0.07248419  0.61289964  0.35191435 -0.05964478  0.27649916
  0.03091879 -0.25935104  0.01829147]",1702.243081957795,150.5948102446987,2.4548656141978765e-07,0.0012550263386699402,64.87215588801685,137.87542508739097
774,"[1.66556606e-08 9.44779659e+03 8.08432069e+01 4.94788205e+02
 6.43565240e+02 3.30677432e-01 2.93121914e+03 4.08167131e+02
 1.00000000e+00]","[-0.28634174  0.10644761  0.2508719   0.06256285  0.24128005  0.33367884
  0.0344425   0.81740151 -0.03061619]",1646.8861285945954,162.16778740180007,2.4548656141978765e-07,0.0012550263386699402,65.76548059575262,128.01063592424134
775,"[1.82366834e+01 3.84924341e+03 4.48066490e-09 3.69723199e+03
 6.87059033e+02 4.94792420e+00 1.11569195e-05 3.90458493e+01
 1.00000000e+00]","[ 0.58121165  0.06130631 -0.00136017  0.23770467  0.16978352  0.57328598
 -0.01220428 -0.28104603 -0.40658346]",1233.5392007602848,142.712779095242,2.4548656141978765e-07,0.0012550263386699402,64.91909370382017,135.12440379726308
776,"[1.00226000e+02 5.17365022e+02 3.70072683e+02 1.19343102e+03
 5.54682872e+01 1.85309662e+01 2.20429357e-06 3.00840304e+02
 1.00000000e+00]","[ 0.32401592 -0.36842423 -0.02240307 -0.26506086  0.16117655  0.40877974
 -0.07582625  0.67231713 -0.19411188]",-264.17636211070123,143.80384335923364,2.4548656141978765e-07,0.0012550263386699402,64.75257568751759,132.9762671204943
777,"[2.76200000e+01 6.36815282e+02 8.68758045e+02 1.51301491e+03
 7.23087437e+02 7.07310133e+00 5.72412578e+02 6.22033194e+01
 1.00000000e+00]","[-0.42220387 -0.31443968  0.43058295  0.01596299  0.33797795  0.4496426
  0.03377122  0.46856297  0.01075973]",482.37934887133366,147.62637095495535,2.4548656141978765e-07,0.0012550263386699402,65.18468290974512,142.56588084235602
778,"[4.84187674e+01 4.20893844e+03 3.72399056e+02 1.80186462e+02
 1.94962763e+03 8.45032623e+00 1.51888362e-01 9.41508311e+01
 1.00000000e+00]","[ 0.18481702 -0.11222159  0.18283574 -0.57215883  0.2815687   0.33238498
  0.0068824   0.6242349  -0.11391688]",112.02969003025599,141.62307771324507,2.4548656141978765e-07,0.0012550263386699402,65.51537109964632,152.02075827700264
779,"[2.26186429e+01 1.51290950e+03 5.10496767e+01 2.55183421e+03
 1.40234332e+02 4.09390798e+00 1.20204109e+04 4.81828422e+01
 1.00000000e+00]","[ 0.0181542  -0.29524408 -0.67150839  0.31171777 -0.07933852  0.54610277
  0.09643166 -0.22483139 -0.00623038]",1454.3234410290888,137.77565202530127,2.4548656141978765e-07,0.0012550263386699402,64.31749770202423,130.3212447253004
780,"[2.65704939e+01 1.01879007e+04 1.73534425e+00 1.64909141e-08
 6.05506491e+02 4.80923116e+00 5.81922174e+03 6.21956774e+01
 1.00000000e+00]","[ 0.01824577  0.38874803 -0.40433515 -0.55624003 -0.00313671  0.41585595
  0.02070209 -0.44975121 -0.00120007]",4052.906447365623,143.24951031173396,2.4548656141978765e-07,0.0012550263386699402,65.2440231641369,134.9854692606349
781,"[3.74635029e+01 1.15704686e+03 3.63622342e+02 8.75992012e+02
 4.23524805e+02 1.56567256e+01 6.32658856e+03 9.65375992e+01
 1.00000000e+00]","[-0.47572182 -0.41741874 -0.04774629 -0.43833886  0.29530031  0.09860323
  0.04339521  0.54282638  0.10752296]",-448.4730800209253,153.29678930839862,2.4548656141978765e-07,0.0012550263386699402,64.50073505365773,137.94100210029603
782,"[2.76200000e+01 2.37958062e+03 9.12752181e+01 1.48368248e+03
 7.89988164e+01 6.68320008e+00 1.59665849e+04 5.62815079e+01
 1.00000000e+00]","[ 0.69092743 -0.46888299  0.28054916  0.13427015 -0.03217799  0.0663717
  0.18987034 -0.40541083 -0.01350557]",2134.811848461231,137.5194144339839,2.4548656141978765e-07,0.0012550263386699402,64.46359378163328,147.22868107773297
783,"[2.04696285e+01 3.43361016e+02 8.73375983e+02 2.22357325e+03
 2.55013166e+02 5.80994486e+00 5.95699890e-06 5.54029917e+01
 1.00000000e+00]","[-0.27002622 -0.47741072  0.70168043  0.23326308  0.19372369  0.09393386
 -0.04422855 -0.31568935 -0.06655368]",994.4479635987815,140.86248893733068,2.4548656141978765e-07,0.0012550263386699402,64.30573585272428,143.07403232734714
784,"[3.14030000e+01 5.11812545e+03 1.09660328e+03 4.18435173e+02
 2.41846740e+02 6.00569998e+00 1.87363501e+03 4.98211918e+01
 1.00000000e+00]","[ 0.72485645  0.04780014  0.56249165 -0.0149176  -0.34383902  0.02376804
  0.01957865  0.12820444 -0.14166509]",837.913205115201,151.48918787216655,2.4548656141978765e-07,0.0012550263386699402,64.07623060674645,130.01964842962707
785,"[2.41442844e+01 1.31651300e+03 4.98988523e+01 3.73134014e+03
 2.97540865e+02 4.72306413e-01 5.50146844e+03 4.22480319e+01
 1.00000000e+00]","[ 0.57914629 -0.12271648 -0.02357716  0.37777634  0.15302037  0.35925108
  0.05552253 -0.52067232 -0.28213544]",1589.736200542891,138.31510537898794,2.4548656141978765e-07,0.0012550263386699402,64.88999476514437,145.45306903610822
786,"[3.30100002e+00 9.33216752e+03 3.74066996e-08 1.10850945e+02
 5.36619004e+02 5.66622592e+00 3.94510733e-05 4.15677392e+02
 1.00000000e+00]","[-0.30481912  0.08639876 -0.32761335 -0.33817829 -0.17769202  0.08768326
 -0.04742444  0.79542686  0.0609075 ]",1003.6399298913166,140.15740032693748,2.4548656141978765e-07,0.0012550263386699402,64.20227805328173,132.27646897527939
787,"[4.98007476e+01 4.22277281e+02 5.23924447e+01 2.72511328e+03
 1.74777793e+00 1.92899288e+01 1.90167022e-06 2.36387314e+02
 1.00000000e+00]","[ 0.52377809 -0.10498182 -0.17614173  0.0923863  -0.71796715  0.26056324
 -0.16556496  0.25122761  0.03430889]",287.48047930828255,148.5717107218087,2.4548656141978765e-07,0.0012550263386699402,64.1043354198817,129.1944537389091
788,"[5.94299996e+00 5.43827973e+03 3.88843668e+01 1.31524903e+03
 2.19855056e+02 2.02665674e-01 1.65694178e+04 3.91612360e+01
 1.00000000e+00]","[ 0.04560483  0.16319931  0.67206955  0.47680302 -0.4905933   0.18961994
  0.09362414  0.08250386  0.00759645]",2987.757321885526,134.71433462679852,2.4548656141978765e-07,0.0012550263386699402,64.67877698771882,138.12973442467296
789,"[1.94637222e+01 1.13503909e+03 6.15053592e+02 2.66108420e+03
 1.83070204e+02 1.74948447e+00 2.22098368e+03 1.87749029e+02
 1.00000000e+00]","[ 0.09156175 -0.0444221   0.35824558  0.15401789 -0.0369505   0.74684556
  0.02026981  0.52456234  0.05349376]",719.656663382352,145.32372390381545,2.4548656141978765e-07,0.0012550263386699402,64.38683280275457,145.9400215046433
790,"[3.01876844e+01 2.41170778e+03 2.35572879e+02 1.05532417e+03
 5.20346527e+02 6.13927329e+00 1.34893002e+04 6.04864138e+01
 1.00000000e+00]","[ 0.11652646 -0.41923665  0.40665945 -0.27987941  0.69470757  0.08344178
  0.12018114 -0.23569542 -0.08591178]",761.6938988998701,156.04839877485347,2.4548656141978765e-07,0.0012550263386699402,65.04301172010697,133.64323266895622
791,"[3.85660000e+01 2.60015828e+03 7.15816944e+02 1.88633212e+02
 7.55399812e+01 2.89677173e+01 2.32701839e+03 8.31972148e+01
 1.00000000e+00]","[-0.45892028 -0.1205276   0.26110329 -0.577786   -0.54747405  0.11307897
  0.01398211 -0.2450781   0.00895683]",-279.10181361419643,135.74735313583307,2.4548656141978765e-07,0.0012550263386699402,64.09673264951815,132.24474894143077
792,"[1.14034000e+02 2.48905240e+03 2.17715719e+02 4.48554555e+02
 1.20218132e+03 2.25458768e+01 7.34106854e+02 8.35022158e+01
 1.00000000e+00]","[ 0.31354284 -0.16495074 -0.53304616 -0.56652995  0.17772667  0.0500935
  0.01451311 -0.45912396  0.15584023]",-557.7273661750805,151.8690555830372,2.4548656141978765e-07,0.0012550263386699402,64.56521670814482,126.1871002416262
793,"[2.42508080e+01 7.23728424e+02 5.04407127e+01 3.38138519e+03
 9.70781844e+02 5.46584703e+00 1.55483691e+01 5.05258095e+01
 1.00000000e+00]","[-0.3034539  -0.39714469 -0.40795018  0.37340486  0.49350329  0.3873394
  0.0381047  -0.2124111   0.06472663]",1418.390573335093,142.19514728781405,2.4548656141978765e-07,0.0012550263386699402,64.71853735382538,133.4055384172584
794,"[2.76200000e+01 2.83839349e+02 4.84873187e+02 2.12862719e+03
 1.46369827e+02 1.00585153e+01 3.82079702e+03 7.15538883e+01
 1.00000000e+00]","[-0.13656071 -0.65930796  0.41845899  0.12211754  0.0188467   0.29512697
  0.07161932 -0.51191095  0.04479167]",514.7184997375509,142.05398501166098,2.4548656141978765e-07,0.0012550263386699402,64.06280995304124,142.11939000691882
795,"[1.21688676e-09 1.01879007e+04 4.06679362e+01 1.86896718e+02
 1.58696510e+03 2.86537107e+00 1.93587682e-06 7.94338866e+01
 1.00000000e+00]","[-0.12072789  0.12382934 -0.0111284  -0.20934558  0.28952444  0.5622751
 -0.20274958  0.68788951  0.10892476]",1737.8093825562028,136.2800654571363,2.4548656141978765e-07,0.0012550263386699402,64.74722552400839,132.08670830027495
796,"[1.02940923e+01 9.89851376e+03 1.25322217e+02 9.81644392e+02
 3.61121779e+02 2.09502790e-01 6.75934913e+03 3.93362869e+01
 1.00000000e+00]","[ 0.73128107  0.09031029  0.42819307  0.16681551 -0.12132456  0.34902183
  0.0288755   0.28690822  0.16189296]",1281.7687283241582,152.26172430667407,2.4548656141978765e-07,0.0012550263386699402,64.09832504039365,136.96540539660964
797,"[1.14034000e+02 9.96967761e+02 4.78539749e+01 1.07712089e+03
 1.62350474e-08 3.92051655e+01 1.38154993e+03 9.76933848e+01
 1.00000000e+00]","[ 0.09429523 -0.23711282 -0.72992381 -0.3888011  -0.41964509  0.14046104
 -0.00389796 -0.23057201 -0.04382823]",-701.8041370529866,138.1332256935582,2.4548656141978765e-07,0.0012550263386699402,63.75674734898987,136.46054372423305
798,"[6.14595351e+00 7.52091240e+03 7.10445475e+01 4.00526769e+02
 4.03275246e+02 1.16245552e-01 1.61225453e+04 3.91510032e+01
 1.00000000e+00]","[-0.20557346  0.12301827 -0.22441238 -0.56027762  0.65612416  0.20194929
  0.14170134 -0.28495128  0.07599472]",3221.7249413660847,141.7767908155779,2.4548656141978765e-07,0.0012550263386699402,63.89064652764285,129.7726963727827
799,"[3.14030000e+01 2.49150067e+03 1.53058991e+02 1.01568946e+03
 1.43474562e+02 7.95452704e+00 1.55470125e+04 7.04774547e+01
 1.00000000e+00]","[ 0.73245062 -0.27279299  0.05832325 -0.38392982  0.03286738  0.17805161
  0.09498449  0.40015173 -0.19070991]",473.17864367846573,137.18329560536102,2.4548656141978765e-07,0.0012550263386699402,63.728679647662794,127.02161462835153
