iteration,batch_directions,batch_sources,batch_points,batch_support_values,batch_size_applied,best_gap,ci_lower,ci_upper,mean_gap,max_gap
0,"[[ 0.18748924  0.24733805  0.37532622  0.33525687  0.34747234  0.35620922
   0.3858903   0.37900728 -0.3320013 ]
 [ 0.38886116  0.04564546  0.51096045  0.35247174  0.42582854  0.14047624
   0.3497668   0.10926886 -0.35503038]
 [ 0.16222777  0.20866755 -0.0489273   0.06061868  0.51327209  0.44169595
   0.4731817   0.34963808 -0.34551446]
 [ 0.43011989  0.08077641  0.163692    0.39487665  0.29901081  0.44786391
   0.35442285  0.45760795  0.02718967]]","['bbo_main', 'random_fill', 'random_fill', 'random_fill']","[[9.99999999e-01 3.79074685e-01 6.34913001e-01 1.62280125e-01
  1.69307680e-01 1.09335773e-01 2.65078264e-01 1.68655217e-01
  1.00000000e+00]
 [1.00000000e+00 2.12224161e-01 9.54411867e-01 2.39128159e-01
  1.74867380e-01 5.27322016e-02 7.65788588e-02 4.48883015e-02
  9.99999998e-01]
 [1.00000000e+00 5.34952868e-01 2.03774670e-10 1.84320663e-01
  4.57407436e-01 7.55762463e-02 4.88990178e-01 4.58777667e-02
  1.00000000e+00]
 [1.00000000e+00 3.01395604e-01 6.34798965e-02 3.41855095e-01
  1.29319169e-01 1.69567656e-01 1.56667814e-02 7.35028162e-01
  1.00000000e+00]]",[0.50594139 0.72903126 0.45509189 1.08355541],4,2.2538506473433406,0.0004226422228750862,0.003997683835657477,0.7676364084846125,1.9081419537329118
1,"[[-0.34010397 -0.49691881  0.33821365 -0.24592372  0.50074972 -0.05251924
  -0.01375292 -0.05664257 -0.45346219]
 [ 0.4809293  -0.66677727 -0.13220448 -0.11162827 -0.21515714  0.19727434
  -0.11290332 -0.22751279 -0.38007526]
 [ 0.34243037 -0.3807576  -0.20363941 -0.30048354 -0.26157993  0.07606216
  -0.28562667  0.39587199 -0.54175547]
 [ 0.40626734  0.71328628  0.21326307 -0.13897959 -0.03358757  0.46560493
  -0.17381745  0.08002931 -0.08270307]]","['bbo_main', 'random_fill', 'random_fill', 'random_fill']","[[4.35042359e-11 2.70007522e-01 5.98918369e-01 2.15312838e-01
  1.85055196e-01 8.64726822e-02 5.07289534e-08 5.76570207e-02
  4.27266923e-01]
 [1.00000000e+00 1.49984298e-01 4.56059262e-02 3.51137283e-01
  3.27959732e-02 1.77870802e-01 2.24295389e-08 7.16823869e-02
  3.56167130e-01]
 [9.99999996e-01 2.77748156e-01 4.10630490e-02 2.46207966e-01
  6.36617446e-02 1.15645339e-01 4.11426987e-07 8.64235312e-02
  2.31864215e-01]
 [1.00000000e+00 9.24824035e-01 1.84501124e-01 4.12091835e-02
  1.70351587e-01 3.76506524e-01 8.18986065e-09 3.79141262e-02
  1.00000000e+00]]",[-0.09345036  0.21205111  0.05507459  1.18946444],4,0.9233587992901844,0.0004226422228750862,0.003997683835657477,0.4310909622624063,0.8498332493895708
2,"[[-0.06536182 -0.58187763  0.15387877 -0.21095868 -0.1358969   0.0589018
   0.51548621  0.53875689 -0.10507904]
 [-0.13618184 -0.55730048 -0.16495136  0.46200709  0.01512803  0.32238898
   0.55127953 -0.0749733  -0.12852062]
 [-0.50154061 -0.3442588   0.26142872 -0.29480635 -0.05854926  0.06344088
   0.39898768  0.49331668  0.25432629]
 [ 0.46992292  0.47584033  0.10538451  0.56248568 -0.00352974 -0.46006259
  -0.09895193  0.05715991  0.02288227]]","['bbo_main', 'random_fill', 'random_fill', 'random_fill']","[[8.59907314e-02 2.52062103e-01 1.30631546e-01 2.68637155e-01
  2.16012724e-02 8.83366993e-02 4.92573707e-01 4.85307079e-01
  1.00000000e+00]
 [2.95087844e-10 1.93465081e-01 3.90796668e-02 5.77125022e-01
  4.74506197e-02 9.88046927e-02 6.75193538e-01 5.08923079e-02
  1.00000000e+00]
 [1.36583337e-10 3.00377591e-01 4.45398825e-01 1.89664186e-01
  6.65454488e-02 6.11019581e-02 2.78463402e-01 5.50172692e-01
  1.00000000e+00]
 [1.00000000e+00 9.00114250e-01 3.06351956e-02 3.89692768e-01
  1.32910604e-01 8.38594880e-11 1.72140396e-08 5.45306686e-02
  1.00000000e+00]]",[0.22370636 0.424827   0.5939375  1.14618876],4,0.8611023041121266,0.0018928073353613854,0.007533425909306678,0.3983133623921836,0.7673360622040675
3,"[[-0.20037211 -0.45718366 -0.0377699  -0.22496183 -0.08646626  0.55607402
   0.04411195 -0.13448328 -0.60172534]
 [-0.25994176  0.59763721  0.51118996 -0.29203348  0.01400712  0.38133838
   0.04998397 -0.26205011 -0.10898397]
 [-0.07552358 -0.13177526  0.25597198 -0.32925007 -0.0926425   0.64915245
  -0.05847531  0.13147618 -0.59356324]
 [-0.1605543  -0.25051046 -0.06504063 -0.19726359  0.0963195   0.5647251
  -0.14467804 -0.3630085  -0.6224346 ]]","['bbo_main', 'random_fill', 'random_fill', 'random_fill']","[[1.80797140e-10 2.89785582e-01 7.75972189e-02 2.98923088e-01
  7.97982859e-02 2.46687759e-01 4.01399531e-08 5.91499730e-02
  1.70773996e-01]
 [3.96239761e-11 7.63249479e-01 5.99682377e-01 9.89058009e-03
  1.68688076e-01 4.46401611e-01 2.18353009e-08 2.54753694e-02
  1.00000000e+00]
 [3.31621325e-10 3.82892938e-01 3.68048630e-01 1.48164679e-01
  8.13749557e-02 3.77490193e-01 1.70818447e-08 5.12385608e-02
  4.13111752e-01]
 [6.75916300e-10 3.67986551e-01 7.27568412e-02 2.72681846e-01
  1.02600642e-01 2.13868876e-01 6.79893733e-08 4.96662415e-02
  1.07172637e-01]]",[-0.18309928  0.81674263 -0.00599031 -0.1047845 ],4,0.822716377097525,0.002573531490308808,0.008851453729749386,0.37010594757959386,0.7637813842260981
4,"[[-0.16441942 -0.30912102  0.34348752  0.65501133 -0.09509755 -0.00449836
   0.00445889 -0.10947029 -0.55616502]
 [-0.17724533  0.55367848  0.3165777   0.49756682 -0.49647186 -0.24958948
  -0.04703402 -0.02470671 -0.05126612]
 [ 0.49558189 -0.42488594  0.0159824  -0.06978818 -0.08068546  0.6639608
   0.30216169 -0.16023517 -0.06643513]
 [-0.23137827 -0.42372826  0.544715    0.55680199 -0.1060565  -0.03281411
  -0.20843475  0.27031857 -0.17701313]]","['bbo_main', 'random_fill', 'random_fill', 'random_fill']","[[3.61312086e-10 1.99992643e-01 8.79945427e-02 5.80560690e-01
  1.14318926e-01 6.78114438e-02 6.27414536e-08 5.04363859e-02
  2.64608168e-01]
 [5.04768389e-10 9.94634409e-01 1.89301819e-01 3.31615200e-01
  9.82423634e-02 1.09283322e-09 1.39428051e-07 6.22065880e-02
  1.00000000e+00]
 [1.00000000e+00 2.48959934e-01 7.94301877e-02 2.63493686e-01
  6.06393859e-02 8.53577810e-01 1.10226667e-02 5.05110148e-02
  1.00000000e+00]
 [3.25316552e-10 1.23977260e-01 9.54411870e-01 4.95984832e-01
  8.86487892e-02 7.71198958e-03 6.33519324e-08 7.05022844e-02
  1.00000000e+00]]",[0.18481334 0.67405951 0.8633344  0.57590523],4,0.7769022498132514,0.002573531490308808,0.008851453729749386,0.35439091314109333,0.7416790905612274
5,"[[-0.32473311  0.52437766 -0.09602536 -0.39399641 -0.12136172 -0.06476225
  -0.09240144  0.46117557 -0.46365795]
 [-0.28566731  0.53863767 -0.12266969 -0.12995962  0.01273253 -0.42098035
   0.21514704  0.44403716 -0.41890628]
 [ 0.17429746 -0.6141984  -0.2860076   0.43930191  0.46202822  0.22835661
   0.21682794 -0.06727006 -0.02092292]
 [-0.29253433 -0.50659063 -0.22998466  0.14256881  0.58747708 -0.21264326
   0.14704554  0.4020636   0.10462689]]","['bbo_main', 'random_fill', 'random_fill', 'random_fill']","[[3.27352127e-11 7.89436767e-01 2.11339138e-02 1.32342017e-01
  1.89327272e-01 2.11099081e-02 1.40396482e-08 8.30101819e-02
  2.57061811e-01]
 [1.62259338e-10 8.49414667e-01 6.83551366e-10 1.38161536e-01
  2.10108981e-01 2.61273772e-10 1.02119662e-02 7.35318753e-02
  3.29667576e-01]
 [9.99999997e-01 1.53077016e-01 2.42301176e-02 5.51870884e-01
  5.57881305e-01 9.56396678e-02 2.67097100e-07 4.72226259e-02
  1.00000000e+00]
 [1.05397192e-10 2.87879566e-01 4.18851476e-02 4.24390802e-01
  8.92983547e-01 2.75093465e-02 4.82386799e-03 7.74832532e-02
  1.00000000e+00]]",[0.25454064 0.33899468 0.57128307 0.56028197],4,0.8071148016302255,0.005535345456196509,0.013881027001311346,0.33115874404073,0.6783122182058665
6,"[[-0.18925721 -0.51061361  0.04620824  0.4887767  -0.10618347  0.46452335
  -0.06529879  0.47554105 -0.07040944]
 [ 0.46947318  0.48140365 -0.2001504  -0.19383798  0.00847658 -0.1378722
   0.32747793 -0.23257565 -0.53832917]
 [-0.04054801  0.39418941  0.44960313 -0.5478782  -0.04096867 -0.37420125
  -0.20068874  0.3977911   0.02093642]
 [-0.06492024  0.49000017 -0.22749611  0.59312783  0.29361501  0.36824024
   0.27115751 -0.17646494  0.1601661 ]]","['bbo_main', 'random_fill', 'random_fill', 'random_fill']","[[3.91223732e-11 1.36035105e-01 5.29760716e-02 5.54901525e-01
  4.09514022e-02 3.96834774e-01 5.41311872e-09 4.78981835e-01
  1.00000000e+00]
 [1.00000000e+00 6.83390461e-01 1.19780010e-02 1.46379723e-01
  1.73584961e-01 1.89869231e-02 3.32407033e-02 5.83487085e-02
  3.31573601e-01]
 [1.82672508e-10 6.46936388e-01 7.13038566e-01 3.66013481e-02
  1.84825601e-01 2.44462930e-04 1.30537995e-08 3.09416585e-01
  1.00000000e+00]
 [3.87423545e-11 7.90838727e-01 1.38347024e-11 4.02156744e-01
  1.81560083e-01 5.28838293e-01 1.23300702e-02 1.55641648e-02
  1.00000000e+00]]",[0.54156624 0.5853615  0.69190281 1.03485273],4,0.7253563169528187,0.009526959248201466,0.019876285103336635,0.31010227022328446,0.6222321771858088
7,"[[ 0.22969523 -0.44798236  0.18432568 -0.54760546  0.53512994 -0.14926554
  -0.17605602  0.26831558  0.03272603]
 [ 0.38460708 -0.18866886  0.16280867 -0.38604384  0.60042416 -0.22350301
  -0.4065231  -0.16640796  0.19372541]
 [ 0.40107263 -0.28447919 -0.08026173 -0.50539637  0.58691402  0.04457223
  -0.18934036 -0.33599447 -0.03388363]
 [-0.28205818 -0.35579495 -0.20647427 -0.06218349  0.24499493 -0.10772193
  -0.0948463   0.51883466 -0.63051009]]","['bbo_main', 'random_fill', 'random_fill', 'random_fill']","[[1.00000000e+00 3.55117578e-01 3.25411217e-01 1.05633173e-01
  7.06215353e-01 4.45034692e-02 6.07401754e-08 8.44021759e-02
  1.00000000e+00]
 [1.00000000e+00 4.32038251e-01 2.70591469e-01 1.33097268e-01
  7.81832202e-01 2.67650303e-02 1.41375521e-08 6.57843816e-02
  1.00000000e+00]
 [1.00000000e+00 4.04202794e-01 8.52487000e-02 1.74566277e-01
  8.43923479e-01 9.43986078e-02 1.54092346e-08 4.97123601e-02
  1.00000000e+00]
 [8.44891495e-10 3.26139236e-01 4.63380859e-02 3.54923488e-01
  1.21046448e-01 4.71885423e-02 3.64876343e-07 8.08606563e-02
  5.96626265e-02]]",[ 0.49939174  0.94199541  0.63994933 -0.11876878],4,0.6836560300197927,0.012009784173531376,0.023385208628784286,0.2942777530838232,0.6060208791562415
8,"[[-0.14835868 -0.45839042  0.3050824  -0.20281131  0.47537884  0.47051526
   0.39830103 -0.11487155  0.12021393]
 [-0.20659889 -0.40604513  0.02081596 -0.51841063  0.54607478  0.42642912
   0.07164015 -0.17749475 -0.08114928]
 [ 0.15931915 -0.17645515 -0.38693359 -0.25950906 -0.21804691 -0.08508787
   0.58189558 -0.19231417 -0.54410186]
 [-0.08236967  0.21834802  0.64445671 -0.19348702  0.65664618 -0.20799256
  -0.066369   -0.05509132  0.10436809]]","['bbo_main', 'random_fill', 'random_fill', 'random_fill']","[[7.27637124e-10 2.52934714e-01 5.32383071e-01 1.95421043e-01
  1.37131434e-01 6.87009146e-01 7.70092766e-02 2.95286676e-02
  1.00000000e+00]
 [3.05743488e-11 3.93956291e-01 1.43737300e-01 2.02905697e-01
  8.39577963e-01 2.47679804e-01 1.31642632e-08 4.90369456e-02
  1.00000000e+00]
 [1.00000000e+00 4.28390171e-01 4.87804752e-10 1.83362793e-01
  6.14957233e-02 3.53103579e-02 6.86883208e-01 5.26074379e-02
  7.92408406e-01]
 [8.98055446e-10 4.60839207e-01 7.71768650e-01 1.05791423e-01
  5.18598520e-01 2.15215869e-02 1.46278254e-07 6.53293719e-02
  1.00000000e+00]]",[ 0.54277673  0.21207668 -0.02184399  1.01435395],4,0.6708615302295773,0.011176539530947749,0.02222122141652122,0.28461914170468217,0.6065984752683877
9,"[[ 0.30480737  0.64676687 -0.03186602 -0.22044941 -0.16876773 -0.08946778
   0.073084    0.61630671 -0.13232328]
 [ 0.3376432  -0.28838353  0.34022135  0.74122892 -0.18511799  0.13440503
  -0.22551213  0.04923667 -0.17901894]
 [-0.14441103  0.58520237 -0.13414697  0.06345682 -0.27504595  0.5119001
  -0.29570708  0.43152202 -0.05758076]
 [ 0.17512108 -0.3043354   0.58609562 -0.49727182 -0.2834637  -0.17458797
  -0.00826362 -0.00244509 -0.41835195]]","['bbo_main', 'random_fill', 'random_fill', 'random_fill']","[[1.00000000e+00 6.84146982e-01 4.47542489e-02 1.34903349e-01
  1.64841461e-01 1.56700406e-02 1.39802466e-09 7.15896070e-01
  1.00000000e+00]
 [1.00000000e+00 1.08587993e-01 8.12294273e-02 8.51154590e-01
  6.46501186e-02 7.30040359e-02 8.40990792e-08 4.71249181e-02
  1.00000000e+00]
 [3.28157461e-11 7.91004537e-01 2.10566076e-11 1.49502164e-01
  1.45539532e-01 7.83501204e-01 4.06253526e-09 5.96682280e-02
  1.00000000e+00]
 [1.00000000e+00 2.15261654e-01 9.54411869e-01 1.37548287e-01
  1.03802443e-01 3.84969831e-02 1.26556227e-09 6.82102838e-02
  8.87434235e-01]]",[0.99579185 0.78601012 0.80159635 0.19301511],4,0.6512664614199595,0.018827469163832728,0.032545022241911054,0.27068249131354516,0.57926656672778
10,"[[-0.11368064  0.69588109  0.46991277 -0.16240823 -0.22335731 -0.11053765
   0.41272279 -0.02679377 -0.14988903]
 [ 0.06233525  0.26796551  0.52993752 -0.5033291  -0.2083981  -0.02767006
  -0.09397336 -0.03885974 -0.57930853]
 [-0.13515595  0.09430861  0.36038456 -0.60998114 -0.00509266 -0.05486988
   0.42859733 -0.04911007 -0.53079245]
 [ 0.24157669  0.7569629   0.00777702 -0.15498512 -0.05942171 -0.24755511
   0.45192867 -0.27478865  0.00205319]]","['bbo_main', 'random_fill', 'random_fill', 'random_fill']","[[1.77293074e-10 8.80066521e-01 3.00135480e-01 3.54486307e-02
  1.49120301e-01 3.98494862e-10 5.73351333e-01 4.86634729e-02
  1.00000000e+00]
 [2.71155966e-01 5.23399083e-01 4.43942614e-01 9.72104594e-02
  1.34542560e-01 7.10875076e-02 4.89070256e-07 5.77435131e-02
  2.81058274e-01]
 [1.55716563e-09 5.52336048e-01 3.18235998e-01 1.08083149e-01
  1.20432086e-01 3.66767897e-02 2.82625306e-01 5.74411557e-02
  3.91077907e-01]
 [1.00000000e+00 8.75737248e-01 2.05318449e-02 9.35333034e-02
  1.62308877e-01 5.03335870e-11 5.26829820e-01 4.81906360e-02
  1.00000000e+00]]",[0.79983713 0.14841966 0.00895324 1.10739647],4,0.6313118505913051,0.021437024125278807,0.0359269357710986,0.2548667968178647,0.5629302324426271
11,"[[-0.24041073  0.38990433 -0.01955486  0.70604954 -0.21711479 -0.08448569
   0.01937396  0.48503056 -0.03717918]
 [ 0.38392315 -0.63582377  0.00602688 -0.2841601   0.33218933 -0.13563061
   0.41867165 -0.25198149  0.00467189]
 [ 0.20942316 -0.51118562 -0.10377848  0.29158288  0.47615931 -0.28278113
  -0.14597771 -0.00772473 -0.52055609]
 [-0.18447414 -0.4750173   0.02240239 -0.52977544  0.34206379  0.24444043
  -0.19254362  0.44548014 -0.21651699]]","['bbo_main', 'random_fill', 'random_fill', 'random_fill']","[[3.44211394e-13 4.23580121e-01 3.47402363e-02 4.96900649e-01
  1.21838560e-01 6.33445822e-03 9.58354929e-11 8.25004435e-01
  1.00000000e+00]
 [1.00000000e+00 2.80395719e-01 1.11510303e-01 2.04233018e-01
  1.21106960e-01 3.96256765e-02 7.67991327e-01 5.64451040e-02
  1.00000000e+00]
 [9.99999910e-01 2.17409127e-01 4.74373719e-02 4.29992792e-01
  1.46343198e-01 2.68498638e-02 1.25694684e-06 7.15719293e-02
  2.98713216e-01]
 [2.96279341e-11 3.05689727e-01 1.77536638e-01 2.30479495e-01
  1.71024046e-01 1.50815352e-01 4.13666121e-09 8.42961605e-01
  1.00000000e+00]]",[ 0.85129792  0.49511902  0.12478228 -0.00896087],4,0.5608033690497884,0.01796310943855214,0.03141221776693267,0.24639530917574087,0.5432275679804184
12,"[[-0.16676592  0.49800606 -0.23563827  0.56512662 -0.2154862   0.2910682
   0.06078993 -0.14508511 -0.43975617]
 [ 0.16429635  0.30663826  0.08365844  0.76757257 -0.09996791  0.094043
   0.50785346 -0.07724744 -0.0096608 ]
 [-0.17124944  0.64953877 -0.07103887 -0.39458273  0.45127419 -0.05420199
  -0.32421145  0.17516488  0.21365606]
 [ 0.1654727  -0.51878467 -0.01040173  0.45331033 -0.41714865 -0.08229245
   0.38297516  0.41277451 -0.00670749]]","['bbo_main', 'random_fill', 'random_fill', 'random_fill']","[[2.15968210e-10 5.50442919e-01 1.03436697e-10 3.53939588e-01
  1.42083152e-01 1.33499322e-01 6.38371138e-08 4.55592398e-02
  1.54833127e-01]
 [9.99999998e-01 2.55487790e-01 1.61012056e-03 6.37516350e-01
  6.08276831e-02 1.91693123e-03 4.69276592e-01 4.50158648e-02
  1.00000000e+00]
 [3.68745512e-11 1.00000000e+00 2.67028699e-02 6.00154757e-02
  5.72547445e-01 1.10862574e-02 5.92110067e-09 8.17822936e-02
  1.00000000e+00]
 [9.99999991e-01 1.24974710e-01 4.76517999e-02 5.68901984e-01
  3.29345732e-02 5.46810674e-02 1.90698186e-01 3.73961060e-01
  1.00000000e+00]]",[0.40768625 0.95139849 1.10971719 0.56047955],4,0.5225259777945399,0.02627569707903695,0.042072554366292286,0.23769423340946502,0.49806916913425836
13,"[[-0.03423343 -0.22078453  0.38515173  0.61346145  0.51135311  0.26540464
  -0.04560676 -0.09139997 -0.2881838 ]
 [-0.04778049 -0.544479    0.24604629  0.47882108  0.59542795 -0.13504238
   0.14054756 -0.08068839  0.11142765]
 [ 0.09834145 -0.40344813  0.36459778  0.59249773 -0.31724018 -0.10899275
   0.42880489 -0.14095175 -0.16526245]
 [-0.12711153 -0.37284419  0.24050088  0.5449132   0.53125424 -0.30669506
  -0.30160182  0.15084376  0.00695516]]","['bbo_main', 'random_fill', 'random_fill', 'random_fill']","[[5.26931431e-10 1.94707475e-01 3.65904695e-01 5.76405175e-01
  5.27062074e-01 1.07306872e-01 2.29031311e-08 4.48883002e-02
  1.00000000e+00]
 [8.36154171e-02 1.97863610e-01 8.34520130e-02 5.74390975e-01
  7.50498223e-01 4.62790693e-02 1.94371784e-07 5.72273731e-02
  1.00000000e+00]
 [3.33970614e-01 1.48939781e-01 4.77385082e-01 5.98859917e-01
  5.93503645e-02 4.67408400e-03 3.59517028e-01 4.60486871e-02
  1.00000000e+00]
 [2.71214914e-11 2.14336702e-01 8.44557218e-02 6.29424863e-01
  6.96290071e-01 3.27428941e-03 2.34844634e-09 7.18157840e-02
  1.00000000e+00]]",[0.45725076 0.73126387 0.46470217 0.67007036],4,0.5353769054477948,0.031618694045711056,0.04871235792617862,0.22795881235005988,0.4849121867746716
14,"[[ 0.10099838 -0.36668584  0.33695466 -0.49316125 -0.14123974  0.46160598
  -0.12329747  0.48530786  0.121818  ]
 [ 0.09582442  0.64731572  0.45498713 -0.11132758 -0.3486881  -0.1816002
  -0.43831777 -0.05532903  0.05145019]
 [ 0.09721372 -0.13481234 -0.21534993  0.64356608  0.0839397   0.51053712
  -0.18365694 -0.43905892 -0.13276143]
 [ 0.04612588 -0.04383626 -0.02571808 -0.36872504 -0.07133564  0.02369365
   0.2450215   0.6212154  -0.63854283]]","['bbo_main', 'random_fill', 'random_fill', 'random_fill']","[[9.99999996e-01 2.34321373e-01 4.74520557e-01 1.15028405e-01
  4.80176160e-02 4.08779599e-01 3.83912967e-08 3.32368936e-01
  1.00000000e+00]
 [7.10275566e-01 9.47594036e-01 4.67909727e-01 5.94641906e-02
  1.39786645e-01 3.81249678e-03 5.15074047e-08 6.03207882e-02
  1.00000000e+00]
 [2.75382781e-01 1.57829408e-01 5.13722869e-11 6.80644710e-01
  6.88215452e-02 6.62460551e-01 8.95103108e-09 2.19958769e-02
  1.00000000e+00]
 [2.75382781e-01 4.65201300e-01 9.17856938e-02 1.89262226e-01
  1.09881654e-01 5.96459225e-02 2.09472824e-02 8.05254978e-02
  4.62879861e-02]]",[ 0.58327278  0.88640555  0.64510213 -0.06066258],4,0.5358703036991184,0.04018353358456912,0.059120209001020725,0.2211559726368611,0.45168036177334225
15,"[[-0.09403353 -0.71732901 -0.09982731 -0.46091795  0.31741053  0.013617
   0.32206461  0.01031807 -0.22230386]
 [ 0.07708191  0.4569466   0.13851366 -0.49546687 -0.32262626  0.41645654
  -0.13734182 -0.07028574 -0.46825007]
 [-0.1955682  -0.51757583 -0.29423317 -0.54942662 -0.30738872 -0.07878831
  -0.27276268 -0.24969302  0.26073756]
 [ 0.12971232 -0.72782389 -0.20142408 -0.47792369 -0.16944089 -0.19245371
  -0.02260179  0.32539819  0.11099965]]","['bbo_main', 'random_fill', 'random_fill', 'random_fill']","[[3.42614192e-10 2.56715567e-01 9.31250412e-02 2.38600744e-01
  2.47617170e-01 8.00257136e-02 6.78762131e-01 8.28727023e-02
  1.00000000e+00]
 [3.35435046e-01 7.13351818e-01 2.15888391e-01 5.03699376e-02
  1.51794682e-01 2.67396954e-01 1.26207132e-08 5.08327504e-02
  4.52970388e-01]
 [1.21373029e-11 1.83644013e-01 2.82045203e-02 2.63349711e-01
  1.32266534e-02 1.71882498e-01 2.60741279e-09 1.08490318e-01
  1.00000000e+00]
 [1.00000000e+00 1.89835956e-01 4.96120311e-02 2.61315260e-01
  3.70509357e-02 1.09031925e-01 7.40098789e-09 7.07300174e-01
  1.00000000e+00]]",[-0.22657882  0.20347654 -0.03199952  0.17055567],4,0.5518371843029035,0.042454944414873325,0.06184160129326931,0.21574861687289817,0.45526722749323995
16,"[[ 0.09580759 -0.05059672  0.61155589 -0.33586664 -0.07158421  0.04341606
   0.69611649  0.03712882 -0.09212984]
 [ 0.18634068 -0.24526461 -0.09964361  0.5342428   0.45693892 -0.15102027
   0.00990405  0.56985115 -0.23097506]
 [-0.28864464  0.39325304  0.17137675 -0.19468018  0.48199066 -0.10329875
   0.20264656  0.5719987   0.28901935]
 [-0.30280234  0.28464148 -0.344258   -0.48258748 -0.20669494  0.18289527
   0.29308297  0.55580528 -0.06996502]]","['bbo_main', 'random_fill', 'random_fill', 'random_fill']","[[2.71155973e-01 3.59504678e-01 6.49375357e-01 1.48182130e-01
  7.56960643e-02 4.76530938e-03 6.65555404e-01 4.52476477e-02
  1.00000000e+00]
 [9.99999984e-01 2.13238496e-01 3.99578120e-02 5.06151563e-01
  1.49198096e-01 1.57048052e-02 9.39360089e-08 6.57084550e-01
  1.00000000e+00]
 [9.21789683e-11 7.14034808e-01 8.21221234e-02 1.48506325e-01
  2.47698595e-01 7.37202411e-03 1.22090947e-02 8.00735156e-01
  1.00000000e+00]
 [1.16832401e-10 6.63610180e-01 2.87136184e-10 1.54321681e-01
  1.51752365e-01 6.44769120e-02 1.87669767e-02 8.77559159e-01
  1.00000000e+00]]",[0.72279143 0.60973511 1.13409878 0.51813062],4,0.48359491554325074,0.044732667470575825,0.06455667825089441,0.2091347776586168,0.4231654736479191
17,"[[-0.22325157  0.220486    0.27492177 -0.14938872  0.06371871  0.65817673
   0.59010292 -0.13413438 -0.01324827]
 [ 0.03384801  0.38476179  0.19746202 -0.51295198  0.57348589 -0.2805409
  -0.05817307 -0.14447377 -0.34184157]
 [-0.14429374  0.04162992  0.12157671 -0.1121312  -0.30632942  0.68071779
   0.61871678 -0.03113008  0.09538344]
 [-0.11555226  0.15424935 -0.19585944 -0.52535001  0.07408725  0.63734122
   0.46547841  0.07603064  0.11982362]]","['bbo_main', 'random_fill', 'random_fill', 'random_fill']","[[1.09147101e-10 4.79013899e-01 3.16547245e-01 1.23618773e-01
  8.30130387e-02 5.39460181e-01 4.29329193e-01 4.01974182e-02
  1.00000000e+00]
 [2.62486846e-01 7.11657712e-01 2.60799298e-01 6.75779782e-02
  8.02993288e-01 2.30114861e-03 1.19872449e-03 7.24775708e-02
  1.00000000e+00]
 [6.59085987e-11 3.91103793e-01 1.25929580e-01 2.24858671e-01
  4.85794037e-02 5.42090099e-01 5.38314187e-01 4.44864374e-02
  1.00000000e+00]
 [1.33301436e-10 5.81772059e-01 4.77393899e-03 1.63181844e-01
  1.20605458e-01 9.03946520e-01 4.77451096e-02 5.09204246e-02
  1.00000000e+00]]",[0.76923224 0.40701439 0.78756972 0.73405252],4,0.48450550006502835,0.05159983599218381,0.07266789490184683,0.20491463211359112,0.43299927605413185
18,"[[-0.0203476  -0.19342473  0.12584882  0.37451182 -0.22072636 -0.08533286
   0.47393401  0.52036374 -0.50466042]
 [-0.34759649  0.29558297 -0.03512515  0.24260296  0.5182354  -0.22536929
   0.15473956 -0.2153062  -0.58485645]
 [-0.06962185 -0.69158669 -0.16479284  0.00499481  0.18101543  0.47779987
   0.28789085  0.29882163 -0.23757989]
 [-0.0632501   0.07319462  0.63841998  0.46028558 -0.04224364  0.52753622
   0.10750171 -0.27940226 -0.03870212]]","['bbo_main', 'random_fill', 'random_fill', 'random_fill']","[[8.80584879e-02 2.77432148e-01 7.66551712e-02 4.28049448e-01
  6.34846649e-02 3.44467584e-02 2.78542280e-01 5.55804237e-02
  2.99197714e-01]
 [5.23733761e-10 5.89270258e-01 3.69383339e-02 2.79713055e-01
  2.08333505e-01 3.68934308e-03 2.31634241e-03 6.02568873e-02
  1.00972873e-01]
 [5.80090143e-02 1.50692283e-01 5.03905896e-02 4.25148151e-01
  6.36680749e-02 8.56683313e-01 9.06594211e-03 6.63519558e-02
  1.00000000e+00]
 [8.97342345e-10 2.08878538e-01 9.37029823e-01 3.21071729e-01
  8.32288633e-02 3.89835233e-01 1.10861037e-07 2.61772175e-02
  1.00000000e+00]]",[0.1074898  0.27620445 0.09126964 0.91741227],4,0.4551400092716169,0.052518979226974995,0.07374586830136655,0.19899429092121818,0.3937229632007693
19,"[[ 0.20898304  0.33954779 -0.15165251  0.7300433  -0.2586376  -0.00339301
   0.19946662  0.04699172 -0.41972802]
 [-0.09063849 -0.0405594   0.05514772  0.33264115  0.6273176  -0.14161992
   0.59558424 -0.32795877  0.02422955]
 [-0.11975803 -0.49076221  0.33300338 -0.1909959  -0.43196538  0.08816013
  -0.34660386  0.45046118 -0.28288508]
 [-0.19712793 -0.58844538  0.47711706 -0.331641    0.02747909 -0.03169793
  -0.09207418  0.49104862  0.16087237]]","['bbo_main', 'random_fill', 'random_fill', 'random_fill']","[[9.99999995e-01 3.06536336e-01 4.58716874e-10 6.17037814e-01
  9.79916179e-02 2.30327684e-02 2.81965434e-07 5.46383885e-02
  5.43418622e-01]
 [3.15326533e-10 3.87585234e-01 4.60026084e-02 3.50756745e-01
  6.15098584e-01 4.82103225e-10 4.62698506e-01 4.69760072e-02
  1.00000000e+00]
 [8.04123389e-10 1.81616526e-01 5.99666660e-01 2.76469369e-01
  5.41885907e-02 1.04604191e-01 4.87220423e-08 5.70943253e-01
  1.00000000e+00]
 [3.42276084e-09 2.03311733e-01 9.54411808e-01 2.15449254e-01
  1.12037516e-01 4.91322541e-02 5.15012168e-07 2.87341829e-01
  1.00000000e+00]]",[0.51258821 0.7737543  0.01787299 0.56776892],4,0.4368723561604424,0.056664402510523314,0.07858746661259494,0.19352357699112038,0.39989118940266977
20,"[[ 0.18071185 -0.62653288  0.28065831 -0.2421123  -0.17084131  0.35844228
   0.44313292 -0.12615408 -0.25973654]
 [ 0.03057501 -0.70103625  0.33433859 -0.2564255  -0.2270942   0.2673516
   0.23568443 -0.08495447 -0.37982094]
 [-0.0711663   0.35654924  0.44093257 -0.04401459 -0.21429603 -0.15689307
  -0.10814708  0.59048342 -0.49045337]
 [ 0.27364996 -0.32916628  0.40464579  0.12351544 -0.3378128   0.07242766
   0.53586487 -0.15700834 -0.45453816]]","['bbo_main', 'random_fill', 'random_fill', 'random_fill']","[[9.99999999e-01 1.81588246e-01 5.80341338e-01 1.58655655e-01
  3.23151565e-02 3.15359124e-01 3.12684776e-01 4.95432622e-02
  1.00000000e+00]
 [3.21600550e-01 1.45005015e-01 7.49200575e-01 2.18930586e-01
  5.84314004e-02 2.55916808e-01 1.41279880e-02 5.58246382e-02
  7.07091355e-01]
 [3.78986509e-09 5.73216493e-01 3.00588962e-01 1.52937878e-01
  1.50839091e-01 1.32409711e-02 1.76429220e-06 8.56394934e-01
  9.99999990e-01]
 [1.00000000e+00 2.40342526e-01 6.20059305e-01 1.81062094e-01
  4.90739764e-02 3.47509169e-02 5.19491993e-01 4.65447077e-02
  1.00000000e+00]]",[ 0.17149756 -0.11230413  0.31101968  0.2702762 ],4,0.44044572083879274,0.06221343231559588,0.08502112527625444,0.18836931717671718,0.39898786627960403
21,"[[ 0.06246349  0.49085374  0.37802617  0.63552456  0.32919405  0.18001759
   0.0137882   0.12988293 -0.22479083]
 [-0.00884265  0.6086331  -0.10965149  0.37231494  0.54533641 -0.05931359
   0.13875808 -0.09947879 -0.38572784]
 [ 0.34113801  0.44967366  0.5726492  -0.4529293   0.11698914  0.06926418
   0.35676704 -0.03019326 -0.04084193]
 [ 0.14111999  0.28527335  0.51506398 -0.37541678 -0.36447359  0.35306805
  -0.20825033 -0.41896304 -0.1268043 ]]","['bbo_main', 'random_fill', 'random_fill', 'random_fill']","[[1.35731450e-01 7.52945381e-01 3.66224796e-01 3.86509504e-01
  2.77086593e-01 1.01575793e-01 4.31677223e-08 4.46973852e-02
  1.00000000e+00]
 [5.60056930e-10 7.82352966e-01 8.25579079e-11 2.08121562e-01
  8.36595207e-01 1.02944357e-02 7.11520990e-03 5.77072383e-02
  1.00000000e+00]
 [1.00000000e+00 5.25137941e-01 8.46773260e-01 3.16070979e-02
  1.47209627e-01 5.57586050e-02 7.50595607e-02 4.48882996e-02
  1.00000000e+00]
 [1.00000000e+00 4.05428425e-01 8.76549568e-01 4.81804239e-02
  1.01103852e-01 2.92270371e-01 2.33332195e-08 4.08153460e-02
  9.99999998e-01]]",[0.65265844 0.61878671 1.05353248 0.61260651],4,0.43617027301471745,0.06036114399209124,0.08287918489170949,0.18461315025687247,0.3699663586582035
22,"[[-0.15622918  0.73191415 -0.14744061  0.36086691 -0.19972905  0.01317922
   0.35565602  0.34759449 -0.02349345]
 [ 0.26925073  0.58905044 -0.16409603  0.41589009 -0.09791229  0.55134419
   0.24018042 -0.07878185 -0.05631251]
 [-0.10001051  0.42872963  0.01961111  0.62005246 -0.09551727 -0.06509096
   0.44816771  0.35885462 -0.27990683]
 [ 0.03832128  0.39446744 -0.20685126 -0.52430473 -0.07973115  0.25608637
   0.50738157 -0.12652031 -0.42410292]]","['bbo_main', 'random_fill', 'random_fill', 'random_fill']","[[1.04578911e-10 9.99999999e-01 6.05119982e-11 1.42821701e-01
  1.53256154e-01 4.98391640e-04 5.07186806e-01 5.29339573e-02
  1.00000000e+00]
 [1.00000000e+00 7.33977360e-01 2.35358535e-11 2.11156924e-01
  1.43480624e-01 6.35338555e-01 3.17566800e-03 2.48681124e-02
  1.00000000e+00]
 [5.63291306e-11 4.87010711e-01 2.45395206e-03 4.44914676e-01
  9.56940278e-02 1.02577751e-10 7.71515532e-01 4.71636554e-02
  1.00000000e+00]
 [1.68905766e-01 7.58312477e-01 2.31712618e-10 9.18249830e-02
  1.23723589e-01 2.24444182e-02 8.40480775e-01 4.49002562e-02
  1.00000000e+00]]",[0.92814078 1.06815126 0.55836047 0.25000182],4,0.43086964642473,0.07945408820429338,0.10472705780495604,0.17720718519889894,0.3786610953224909
23,"[[ 0.1181597   0.06284214 -0.14363652 -0.47066203 -0.14755293  0.5945086
  -0.0150702   0.60230626 -0.04150508]
 [ 0.33165528 -0.24735874  0.49791098  0.28071618 -0.4949478  -0.01670634
  -0.07974717  0.45741131  0.20313632]
 [ 0.47137487  0.14899767  0.17784452 -0.33366285 -0.24693979 -0.02922998
   0.54793859  0.47471944  0.1587985 ]
 [-0.07600828 -0.07063146 -0.3360423  -0.29022922 -0.18038813  0.5442606
   0.41030662  0.49578928 -0.22171718]]","['bbo_main', 'random_fill', 'random_fill', 'random_fill']","[[9.99999999e-01 4.26303871e-01 2.73773641e-03 1.81478695e-01
  9.03136291e-02 2.67707802e-01 4.26346701e-09 6.92616684e-01
  1.00000000e+00]
 [1.00000000e+00 1.30006915e-01 9.54411606e-01 2.80410475e-01
  8.28670932e-02 1.01373195e-02 1.63161107e-07 1.31224511e-01
  1.00000000e+00]
 [1.00000000e+00 4.84143771e-01 2.51944500e-01 7.59776970e-02
  7.07252194e-02 1.75307530e-02 7.70691457e-01 5.20442236e-02
  1.00000000e+00]
 [7.89546211e-10 4.67515903e-01 1.79287081e-10 2.05636689e-01
  8.63590885e-02 9.23934958e-01 5.65148908e-02 6.86804775e-02
  1.00000000e+00]]",[0.58063201 1.07540035 1.15078637 0.23010243],4,0.4016810027392245,0.09213691463788361,0.11900523445332954,0.17215562888406266,0.3529606050399312
24,"[[ 0.14868451 -0.28812876  0.12599877 -0.53566843  0.44167536  0.45177912
  -0.10600933 -0.08757187 -0.41709719]
 [ 0.10747948 -0.1518548   0.28120296 -0.36165353  0.53437943 -0.2253173
   0.28681873  0.21453078 -0.5393535 ]
 [ 0.01966495 -0.05859251 -0.36590469  0.49327518 -0.30045069  0.4060502
  -0.01003132  0.37361845 -0.47342878]
 [ 0.21633405 -0.03135563  0.2459208  -0.63655403  0.41735975 -0.25375551
  -0.0835668  -0.22807654 -0.43468954]]","['bbo_main', 'random_fill', 'random_fill', 'random_fill']","[[1.00000000e+00 3.32575701e-01 3.54860661e-01 9.98474058e-02
  1.76892165e-01 3.01877913e-01 3.30479847e-08 4.79099083e-02
  5.32341875e-01]
 [9.80641034e-01 4.20472455e-01 2.90274359e-01 1.30752449e-01
  2.46944000e-01 2.26158887e-02 1.52685987e-02 7.19992089e-02
  3.64716731e-01]
 [1.96107200e-01 2.45101224e-01 5.72709598e-11 4.76267266e-01
  5.44590890e-02 2.06037845e-01 1.49112919e-08 6.33703718e-02
  2.37691718e-01]
 [1.00000000e+00 4.81574097e-01 3.05792776e-01 9.94114251e-02
  2.83805168e-01 2.78090812e-02 4.15075830e-09 6.57451041e-02
  4.23283892e-01]]",[0.03236397 0.02586711 0.20287184 0.1255542 ],4,0.4151412811383004,0.0959086419652409,0.12322195021613831,0.16793535678519692,0.36151195332925495
25,"[[-0.29719313  0.28357032  0.39016671 -0.10245101 -0.31514958  0.56579481
   0.15382254  0.46768262 -0.08189271]
 [-0.1630703   0.46584736  0.09063714 -0.48318573  0.50898983  0.44503851
  -0.00139479  0.0618136   0.23185768]
 [-0.36329524  0.36146354  0.21875834 -0.20253234  0.55854956 -0.12313485
   0.56488234  0.00757672 -0.04687062]
 [-0.15411874  0.29445281  0.16719834 -0.41036319 -0.57445804  0.39204052
  -0.0661278   0.44193325 -0.09907589]]","['bbo_main', 'random_fill', 'random_fill', 'random_fill']","[[1.61132277e-11 4.70751569e-01 4.07589935e-01 1.04793685e-01
  8.77495555e-02 8.36726396e-01 2.09627381e-08 5.25953316e-02
  1.00000000e+00]
 [1.07670839e-11 8.68158845e-01 2.02642369e-01 2.30566664e-02
  5.01433338e-01 3.35691947e-01 3.05784923e-09 4.51921295e-02
  1.00000000e+00]
 [1.18665448e-10 6.87022857e-01 2.26177305e-01 6.59992528e-02
  3.03863454e-01 3.97368833e-10 7.00570471e-01 4.70905259e-02
  1.00000000e+00]
 [5.32304232e-10 5.68474269e-01 3.01113146e-01 7.67357853e-02
  1.06554203e-01 2.79510018e-01 8.01129830e-08 6.55350557e-01
  1.00000000e+00]]",[0.67024941 1.05092726 0.80339376 0.42515857],4,0.38507535320720154,0.11057633613924331,0.1395094658238781,0.16472560870060976,0.3401538118191203
26,"[[ 0.04648016 -0.50706574  0.27829418  0.18751418  0.516502    0.02343328
   0.30583413  0.51332377 -0.06128187]
 [-0.15841254 -0.41513101  0.3593957   0.35879987  0.37592265 -0.05226069
   0.3518699   0.5098147  -0.12998704]
 [ 0.03784784 -0.65016858 -0.11913626 -0.38804211  0.03997611 -0.10328161
  -0.07273935 -0.46863396  0.41701829]
 [ 0.12234767  0.43606095  0.33368668 -0.23688365 -0.40188179 -0.35283534
   0.38216283  0.03277346 -0.44079129]]","['bbo_main', 'random_fill', 'random_fill', 'random_fill']","[[2.42208464e-01 2.22660832e-01 2.07689057e-01 3.86862910e-01
  1.47223618e-01 3.18971290e-02 1.78685068e-02 8.37283755e-01
  1.00000000e+00]
 [5.89299670e-11 1.95937943e-01 4.09213255e-01 4.37556576e-01
  1.47918354e-01 1.49541603e-02 6.17129700e-03 6.49433750e-01
  1.00000000e+00]
 [1.00000000e+00 9.42275565e-02 2.06197286e-01 2.02300645e-01
  1.73879739e-01 2.21110466e-01 2.49394072e-07 1.02643913e-01
  1.00000000e+00]
 [9.99423684e-01 6.22729045e-01 2.90414799e-01 6.87402917e-02
  1.20755991e-01 1.65758486e-09 4.21681750e-01 4.54678813e-02
  7.29835452e-01]]",[0.47946448 0.48082448 0.22654753 0.26685556],4,0.4033151225203877,0.10441574889260231,0.13268883730376552,0.16179732025419596,0.37007091253738406
27,"[[ 0.05569356 -0.18538206 -0.06396756  0.62896373  0.37616911 -0.13839364
   0.50070507  0.09945273 -0.37628723]
 [-0.35647025  0.345174    0.63960499 -0.01552665 -0.36037509 -0.30300654
   0.17854686 -0.0546147  -0.29648497]
 [ 0.03593211 -0.11318022 -0.22446581  0.19261899  0.04329301  0.48532395
   0.45791875 -0.52878385 -0.41436287]
 [ 0.41384982 -0.46592081 -0.12408519 -0.42991729  0.41115498  0.30942551
   0.0752125   0.36757391  0.07655091]]","['bbo_main', 'random_fill', 'random_fill', 'random_fill']","[[1.98545925e-01 1.86489746e-01 1.61011931e-03 7.09384040e-01
  1.14675655e-01 2.01714781e-10 4.60858005e-01 4.50206801e-02
  8.92860659e-01]
 [2.38502367e-10 5.15627390e-01 9.99999997e-01 1.40150601e-01
  1.16460795e-01 8.34319127e-10 3.94934866e-02 6.01415855e-02
  9.99999998e-01]
 [2.73589460e-01 3.16393311e-01 4.55760376e-10 3.48616562e-01
  4.74070037e-02 5.97085540e-01 4.47724318e-01 3.09777281e-02
  9.99999998e-01]
 [1.00000000e+00 2.84379513e-01 7.38709158e-02 1.91356292e-01
  1.58684170e-01 2.18180183e-01 3.20633078e-07 6.76800234e-01
  1.00000000e+00]]",[0.36495645 0.48072237 0.10728162 0.64799717],4,0.36465504488093553,0.1129492581270956,0.14212931872224333,0.1599083387972419,0.3354936398201488
28,"[[ 0.15006424 -0.18815695  0.43511766  0.55321004 -0.32664721  0.4724682
   0.22557576  0.25093251 -0.05415544]
 [-0.09945302 -0.0949434   0.03268206 -0.4918317   0.47604837  0.16190426
   0.32726118  0.47487525 -0.3907517 ]
 [-0.23718954  0.68572744  0.17339453  0.03028261 -0.02970503  0.40944496
   0.29907697 -0.0914061  -0.41976974]
 [ 0.56380451 -0.09247987  0.23786969 -0.38131312 -0.2840669  -0.05632411
   0.29832421  0.48217154 -0.25736575]]","['bbo_main', 'random_fill', 'random_fill', 'random_fill']","[[1.00000000e+00 1.28136513e-01 6.03659899e-01 3.84931262e-01
  4.20996288e-02 4.36810003e-01 1.27857976e-08 3.28816983e-02
  1.00000000e+00]
 [1.16769783e-08 4.91343093e-01 1.06678129e-01 1.73336674e-01
  2.88808068e-01 5.89392396e-02 2.87738936e-02 8.33580171e-01
  1.00000000e+00]
 [1.88103003e-10 9.42407519e-01 7.21494487e-02 1.13014985e-01
  1.74625321e-01 2.88646168e-01 1.27154492e-02 4.26902469e-02
  6.61537919e-01]
 [1.00000000e+00 3.67010917e-01 3.08032529e-01 1.14625130e-01
  8.33288153e-02 6.07243263e-02 3.52614245e-02 7.07418203e-01
  1.00000000e+00]]",[0.74828814 0.0331248  0.49737202 0.62658623],4,0.3525773687332716,0.12722412732716418,0.15781109487952377,0.15565577634618152,0.32854816075265425
29,"[[ 0.25947395  0.67571044 -0.18963158 -0.3763869   0.47779251  0.02454051
   0.05050712  0.14007747 -0.21771736]
 [-0.02372411 -0.59892218 -0.30725647 -0.67969866 -0.15103354  0.20660481
  -0.11055357 -0.01300349 -0.08027909]
 [-0.02579957  0.22703939  0.11061355  0.59219935 -0.16871522  0.48430848
   0.4746581   0.288494   -0.11534052]
 [-0.19524201 -0.50228467 -0.55161627 -0.1436332  -0.52553968 -0.21079009
  -0.02850494  0.20599625 -0.14425067]]","['bbo_main', 'random_fill', 'random_fill', 'random_fill']","[[1.00000000e+00 9.91050618e-01 3.99564230e-11 5.71489438e-02
  4.02273582e-01 3.97382112e-02 2.18736910e-04 7.32345796e-02
  1.00000000e+00]
 [3.38197367e-01 1.72864696e-01 4.64645997e-02 2.41068331e-01
  2.30885419e-02 7.28828192e-01 1.38317511e-07 9.97998437e-02
  1.00000000e+00]
 [2.49172418e-10 3.02502795e-01 2.92331848e-02 4.67325164e-01
  4.51359208e-02 5.35641265e-01 4.27729331e-01 3.55397717e-02
  1.00000000e+00]
 [2.92738310e-10 1.63422773e-01 3.34301325e-10 4.19609716e-01
  2.18447493e-02 1.17603338e-01 1.51017826e-07 7.44658416e-01
  1.00000000e+00]]",[ 0.8933578  -0.22417088  0.69840147 -0.16947837],4,0.34992392848051,0.13151824078207477,0.16250397390755456,0.15299211271291183,0.32910117651827514
30,"[[-0.36612447  0.12654712  0.55172792  0.4006007  -0.26805634  0.12360075
   0.54115946 -0.01486148  0.06962976]
 [ 0.16767726  0.13792824  0.01098461 -0.35686759 -0.34705877  0.57465137
   0.43769469 -0.3034874   0.30171139]
 [-0.19141129  0.35629769  0.46668669  0.38372313 -0.18443343 -0.34326007
   0.54878626  0.06011313  0.12145229]
 [ 0.13661035 -0.14898158 -0.18959709  0.21530791  0.62559211  0.60515713
   0.03309132 -0.29182626  0.18165711]]","['bbo_main', 'random_fill', 'random_fill', 'random_fill']","[[2.18953024e-10 2.92036436e-01 7.52441178e-01 2.34734803e-01
  7.40706392e-02 5.23770142e-03 5.67125177e-01 4.70524422e-02
  1.00000000e+00]
 [1.00000000e+00 4.04020258e-01 9.51614636e-02 1.77671393e-01
  8.06745744e-02 8.50228464e-01 2.58789131e-02 4.34225804e-02
  1.00000000e+00]
 [1.99921214e-09 4.31260989e-01 5.36715614e-01 1.54093920e-01
  8.01940494e-02 2.00978902e-09 7.51303092e-01 4.69750228e-02
  1.00000000e+00]
 [1.00000000e+00 3.28343170e-01 7.36776272e-11 3.07418266e-01
  1.78868331e-01 8.03971653e-01 2.83701640e-08 3.30999282e-02
  1.00000000e+00]]",[0.90276203 0.92148959 0.98505518 0.92430833],4,0.3316946634331024,0.13295073416527559,0.1640671445864584,0.15060033382222052,0.3072906804126381
31,"[[ 0.08056306  0.34461304  0.15012078 -0.38396825 -0.23319281 -0.04151144
   0.51297495  0.61592071  0.07861222]
 [-0.09879173  0.4495573   0.14877045 -0.1744048  -0.14742079 -0.18365431
   0.58643692  0.5795797  -0.01749461]
 [-0.33760563 -0.03138953  0.18563755  0.24475523  0.4831417   0.54649388
  -0.27622019  0.42180345  0.06613253]
 [ 0.10475191  0.38028085 -0.19599994 -0.21497405 -0.1588332  -0.18166397
   0.4673352   0.64630709  0.25581023]]","['bbo_main', 'random_fill', 'random_fill', 'random_fill']","[[2.75382781e-01 6.16826832e-01 9.52952709e-02 1.40523376e-01
  1.29878721e-01 1.46874065e-02 3.01310992e-01 6.89665225e-01
  1.00000000e+00]
 [3.96949417e-10 6.72201139e-01 7.81949133e-02 1.34188607e-01
  1.21089830e-01 6.40754728e-10 6.69939171e-01 3.34132889e-01
  1.00000000e+00]
 [7.76263081e-11 3.48531483e-01 7.87818848e-02 3.19857757e-01
  1.96027516e-01 9.30876944e-01 1.86518543e-08 4.78489419e-02
  1.00000000e+00]
 [2.75382782e-01 6.04851059e-01 5.63010769e-09 1.82856782e-01
  1.48749974e-01 1.78364592e-02 7.29814533e-02 8.95472688e-01
  1.00000000e+00]]",[0.82216136 0.84161082 0.77171448 1.06135138],4,0.38164339369896627,0.16459383160372107,0.19832864671684824,0.14656316980096795,0.3075239040314903
32,"[[ 0.05121213 -0.53609305  0.12149113 -0.27492078 -0.0444887   0.41878359
  -0.00110856  0.50644639 -0.43103586]
 [ 0.01698728 -0.04667244  0.41738193 -0.54511627 -0.25457506  0.08732253
   0.36682429  0.54249057 -0.15774638]
 [ 0.1068034  -0.17728397 -0.03183759  0.29282961  0.60750257  0.00191315
   0.04035078  0.52631424 -0.47191389]
 [-0.02117242 -0.01975365 -0.08572534  0.60291062  0.34941693  0.34571801
  -0.20852003  0.37482961  0.45024492]]","['bbo_main', 'random_fill', 'random_fill', 'random_fill']","[[3.38197380e-01 2.11162110e-01 1.62367228e-01 2.61081437e-01
  5.18849828e-02 2.49473774e-01 3.08643244e-08 7.74376176e-01
  1.00000000e+00]
 [2.56017614e-01 4.16633469e-01 4.49833450e-01 1.06743707e-01
  1.01346973e-01 8.59141903e-02 2.28795222e-02 7.50322384e-01
  1.00000000e+00]
 [3.38197388e-01 3.18631759e-01 4.23594435e-02 3.86948880e-01
  9.30014628e-01 1.72839200e-02 1.55609614e-07 6.97612818e-02
  9.99999993e-01]
 [1.59710093e-10 2.22299631e-01 2.34104838e-03 6.79026028e-01
  1.52715074e-01 1.36702159e-01 5.69366003e-09 5.63226283e-01
  1.00000000e+00]]",[-0.08462189  0.3538594   0.22141562  1.16678053],4,0.33337016544979536,0.1607461910325361,0.19418785180157533,0.145404352597397,0.3106918599871556
33,"[[ 0.15132579  0.10215521  0.45596821  0.49097096 -0.35080774 -0.26076143
   0.11337624 -0.19190376 -0.52627132]
 [-0.18806684  0.2429653   0.40287193 -0.27462917  0.55680348  0.51170693
  -0.07178634  0.08517516 -0.2891186 ]
 [ 0.06803391 -0.20333724  0.3413369   0.073282   -0.01706987  0.56856891
   0.53659783  0.46443092  0.07034864]
 [ 0.02698107 -0.00497045  0.07171485 -0.65103298  0.10299218  0.39148225
   0.42786051 -0.08796122 -0.46431974]]","['bbo_main', 'random_fill', 'random_fill', 'random_fill']","[[9.84342030e-01 2.84573277e-01 3.92719383e-01 3.16004104e-01
  9.37061067e-02 1.79181969e-02 1.02029590e-08 6.05523456e-02
  4.00853042e-01]
 [1.89106817e-10 5.97797488e-01 4.62377712e-01 4.95713990e-02
  5.23288374e-01 3.62549656e-01 4.63916006e-08 3.91547648e-02
  1.00000000e+00]
 [2.55813386e-01 2.39235834e-01 3.97352805e-01 2.01202856e-01
  2.55408103e-02 4.73014385e-01 4.41284247e-01 5.79956617e-02
  1.00000000e+00]
 [2.71155964e-01 4.79154505e-01 3.00618289e-01 9.29842790e-02
  1.02856595e-01 1.81165925e-01 1.07840673e-01 4.85343373e-02
  3.01800056e-01]]",[ 0.25212048  0.50901366  0.72171523 -0.050786  ],4,0.3281865130516233,0.16555622386633545,0.19936336329699914,0.14345127090784052,0.2916536704248617
34,"[[ 0.0415364   0.6575496   0.00977804 -0.02774299 -0.25267527  0.39438109
   0.32995392  0.43007322 -0.22764921]
 [-0.15120529  0.41931796  0.0584257   0.18007432 -0.55517323  0.31677784
   0.28527255  0.39064909 -0.3505944 ]
 [ 0.13002188 -0.17363782  0.2805327   0.46137266 -0.05088156  0.49696174
  -0.00800165 -0.3744548  -0.52109554]
 [-0.31751526 -0.06767594  0.32685638  0.35848357 -0.12539979  0.38494476
   0.3910205  -0.34722947 -0.47104729]]","['bbo_main', 'random_fill', 'random_fill', 'random_fill']","[[1.26367150e-01 9.35728296e-01 1.35831777e-02 1.05779558e-01
  1.52530460e-01 2.45352939e-01 4.61046524e-02 3.88699084e-01
  1.00000000e+00]
 [1.55103551e-10 5.96366606e-01 4.81911246e-02 2.14862188e-01
  1.07289677e-01 1.94734025e-01 2.78606520e-02 8.05414356e-01
  1.00000000e+00]
 [4.59284073e-01 2.10310792e-01 9.58591020e-02 4.45834555e-01
  7.86820566e-02 2.74197381e-01 7.76852802e-09 4.22125285e-02
  3.14069085e-01]
 [7.40747046e-11 2.82269994e-01 1.94076015e-01 3.86033944e-01
  8.37465730e-02 1.99958181e-01 2.64871311e-02 4.64606239e-02
  2.10426522e-01]]",[0.63068893 0.26568493 0.20858202 0.14429364],4,0.3327853641666465,0.16940768457808525,0.20350033784656849,0.14148718728975415,0.3080801106668956
35,"[[ 0.18679571 -0.68796671  0.20999887 -0.06128127  0.50077162  0.31766058
   0.23757588 -0.17271421 -0.07746804]
 [-0.11497501 -0.21191264  0.54438599 -0.6553148  -0.09642034  0.35826041
   0.25245153  0.05676028 -0.10714142]
 [ 0.20517349 -0.30492758 -0.37394613 -0.30759439 -0.49125241 -0.42481195
  -0.14108989 -0.39226264  0.1868222 ]
 [ 0.11651226  0.50939687  0.26091688  0.11120466 -0.15589524  0.74388218
  -0.11132884 -0.2065729  -0.11732489]]","['bbo_main', 'random_fill', 'random_fill', 'random_fill']","[[9.99999999e-01 1.82973860e-01 3.82211601e-01 2.48213204e-01
  5.21597445e-01 2.03686917e-01 1.07328523e-02 4.92352782e-02
  1.00000000e+00]
 [1.95998463e-10 3.27802793e-01 9.54411869e-01 8.12815990e-02
  9.69863504e-02 3.51233582e-01 1.95695842e-02 4.99538229e-02
  1.00000000e+00]
 [9.99999995e-01 1.70660853e-01 2.52993642e-08 2.48249860e-01
  5.35107432e-03 1.33587085e-01 2.01919325e-05 1.07358817e-01
  1.00000000e+00]
 [2.75382781e-01 5.99684958e-01 8.10735113e-02 1.68161705e-01
  1.24895818e-01 9.15464768e-01 7.50062665e-09 4.16619667e-02
  1.00000000e+00]]",[0.36845166 0.41395383 0.16210239 0.91301306],4,0.3193179779566715,0.1867750102768695,0.22208096889922696,0.13919036708219393,0.2858785082632809
36,"[[ 2.24638569e-01  4.49436856e-01 -6.28084392e-02  6.24716853e-01
  -3.55170820e-01 -1.05403781e-01  3.94824385e-03  4.64257705e-01
   2.28233290e-02]
 [ 1.11656318e-01  5.30023991e-01  3.44148984e-01 -2.45116872e-01
   4.86514431e-01 -2.67390969e-01  4.60922388e-01  3.42687445e-04
   8.62719206e-02]
 [ 1.45385171e-01 -6.98322492e-01 -3.41611803e-01  1.35681630e-01
  -5.22598087e-02  2.62542150e-01  4.78344864e-01  2.20222465e-01
   8.44364158e-02]
 [ 2.33043910e-02 -7.74955143e-01 -2.13987732e-01 -1.41641982e-01
   3.98053314e-01  2.66643773e-01  2.06750753e-01  1.99611391e-01
  -1.44610881e-01]]","['bbo_main', 'random_fill', 'random_fill', 'random_fill']","[[1.00000000e+00 4.59178042e-01 2.64142157e-03 3.51334579e-01
  1.24853632e-01 4.98618511e-03 6.72266264e-09 7.74986511e-01
  1.00000000e+00]
 [3.96469471e-01 8.21041905e-01 2.68259338e-01 1.86661058e-02
  1.74868496e-01 6.17964713e-11 6.19538395e-01 4.56438511e-02
  1.00000000e+00]
 [9.99999997e-01 1.51464135e-01 1.16904835e-09 3.63893535e-01
  1.16240115e-02 1.39190316e-01 5.71037713e-01 9.07406170e-02
  1.00000000e+00]
 [3.38197379e-01 1.63703858e-01 4.16547130e-02 3.72539888e-01
  7.10621637e-01 1.85559385e-01 1.15063158e-02 7.29916832e-02
  1.00000000e+00]]",[0.98807569 1.02410876 0.50249638 0.02401903],4,0.3567206523516603,0.1891915500236833,0.22465720070441245,0.137596319666843,0.29301081433201814
37,"[[ 0.06715783 -0.70447945  0.25061598 -0.03997875  0.26531499 -0.10482345
   0.2950219  -0.36434242 -0.36555238]
 [ 0.0094625   0.67758859  0.46265778  0.28896936 -0.17879767  0.09987789
   0.13617688  0.39869102 -0.15422641]
 [ 0.39420027  0.43180849  0.30258275  0.39655978 -0.47310804 -0.09213361
   0.2937463  -0.01566609  0.30079805]
 [ 0.11436463  0.231738   -0.02048949 -0.53059477 -0.45503617  0.20087612
   0.3402773   0.3169139  -0.43316904]]","['bbo_main', 'random_fill', 'random_fill', 'random_fill']","[[3.33970573e-01 1.36805418e-01 6.68037825e-01 3.09051746e-01
  1.01474414e-01 8.21411078e-02 1.24842444e-02 4.79938121e-02
  5.29613044e-01]
 [2.32435013e-09 9.55030031e-01 3.46458499e-01 1.07087423e-01
  1.53927484e-01 1.79698407e-02 6.39386387e-03 3.22911975e-01
  1.00000000e+00]
 [1.00000000e+00 6.74755794e-01 3.30852404e-01 1.98846944e-01
  7.46062226e-02 7.91692834e-10 3.79712266e-01 4.48883002e-02
  1.00000000e+00]
 [9.99999994e-01 5.42558898e-01 7.16922615e-02 1.28788354e-01
  1.11298720e-01 9.63891122e-02 1.00230908e-01 5.88796570e-02
  3.22628128e-01]]",[-0.10797441  0.78801346  1.24086757  0.05202367],4,0.3091781731561344,0.2027428423821658,0.2390654282073557,0.13609978177524318,0.27508864618749573
38,"[[ 0.032279   -0.39310771  0.45760445 -0.18482483  0.62116639  0.29245586
   0.04304948 -0.26641043 -0.23802616]
 [-0.2444545  -0.25788598 -0.24668256 -0.82989486 -0.19953905 -0.08975745
  -0.18981106  0.11197208 -0.16649575]
 [ 0.04931479  0.10993606  0.69024025 -0.32407629  0.35415876 -0.16512295
   0.38940381 -0.03899768 -0.31332877]
 [ 0.09997049 -0.67856086 -0.01687014 -0.69682358 -0.05384168 -0.14847498
   0.10966483 -0.04818107 -0.0664968 ]]","['bbo_main', 'random_fill', 'random_fill', 'random_fill']","[[2.52777232e-01 2.46311094e-01 7.55225345e-01 1.91606287e-01
  5.12035161e-01 1.51300796e-01 1.55338707e-08 4.48882993e-02
  1.00000000e+00]
 [1.17601306e-10 4.98838337e-01 5.15069447e-02 1.10884496e-01
  9.58529100e-02 1.11666096e-01 4.35164340e-08 1.23460943e-01
  2.86199570e-01]
 [2.63034493e-01 4.06228500e-01 9.99999989e-01 9.92458021e-02
  1.46461633e-01 5.67213504e-10 1.89099589e-01 4.93632827e-02
  1.00000000e+00]
 [1.00000000e+00 1.47017029e-01 3.11158071e-01 1.23205737e-01
  4.35910640e-02 1.42692927e-01 3.69750739e-01 1.11954281e-01
  1.00000000e+00]]",[ 0.33383645 -0.29634785  0.52596063 -0.14576702],4,0.2949967425414181,0.20032070053309078,0.23649479874908377,0.13376906060895905,0.28497365901926186
39,"[[ 0.08747169  0.56507796 -0.12939223 -0.23778238  0.39252713 -0.0238363
  -0.06676436  0.54997962 -0.37171497]
 [ 0.04695031  0.44654322  0.55185723 -0.11689826 -0.50243946  0.29325504
   0.3327455  -0.17461605  0.02299898]
 [-0.03672379  0.34079771  0.43442128 -0.10992985 -0.1678914   0.49639771
   0.44669691 -0.19822835 -0.41020855]
 [-0.06490264 -0.51079388  0.1877376  -0.42977312  0.47016568 -0.32538211
  -0.32304682  0.28214497 -0.06350273]]","['bbo_main', 'random_fill', 'random_fill', 'random_fill']","[[2.75382781e-01 7.89062215e-01 9.90383121e-03 1.36953597e-01
  1.98080217e-01 6.15711919e-03 1.72647864e-08 7.65053281e-01
  1.00000000e+00]
 [2.42208464e-01 5.10548736e-01 9.54411867e-01 7.10131742e-02
  9.25061233e-02 2.21387495e-01 2.87108906e-02 4.23518084e-02
  1.00000000e+00]
 [4.77752143e-10 5.21806899e-01 6.17735058e-01 8.56996689e-02
  1.03636102e-01 5.37166986e-01 1.66881912e-01 1.98177926e-02
  1.00000000e+00]
 [8.28349472e-02 3.22419506e-01 4.36049334e-01 1.74920271e-01
  7.42519212e-01 2.65560703e-02 3.99985763e-10 9.75702058e-02
  1.00000000e+00]]",[0.56277707 0.80135298 0.34642438 0.14111309],4,0.2894635091684764,0.21244088983341372,0.24933846561087358,0.13251812561147894,0.29449033056462015
40,"[[ 0.09051064 -0.26271595 -0.09807331  0.40747399  0.56601528  0.35038311
   0.5511534  -0.00794789  0.0126436 ]
 [-0.12423891  0.0847422   0.33337311  0.29045041  0.46713041 -0.02336866
   0.52858532 -0.11469646 -0.52016319]
 [-0.13436406  0.20750069  0.29056998  0.61043439 -0.33795335  0.32148649
   0.1020047   0.41912438 -0.27962916]
 [-0.09415918  0.00777547 -0.14841617  0.36238954  0.39446145  0.06975129
   0.63699479  0.52099749 -0.00736432]]","['bbo_main', 'random_fill', 'random_fill', 'random_fill']","[[2.75382784e-01 2.84745304e-01 2.42300966e-02 4.33405790e-01
  5.95852788e-01 8.67113558e-02 3.47993788e-01 4.77602509e-02
  1.00000000e+00]
 [2.59316697e-10 4.25604176e-01 1.27966705e-01 3.05775028e-01
  1.93134646e-01 3.72250464e-03 3.11367906e-01 4.77167141e-02
  3.33694509e-01]
 [6.45746473e-10 2.71413887e-01 1.03889934e-01 5.75620087e-01
  7.18581753e-02 1.55472510e-01 1.42893111e-07 6.73324069e-01
  1.00000000e+00]
 [4.43890755e-10 3.79260861e-01 1.42804483e-02 3.29881069e-01
  1.56965854e-01 1.20237312e-02 7.47925802e-01 2.48465622e-01
  1.00000000e+00]]",[0.69604915 0.24320782 0.46615915 0.78164106],4,0.27848438766055283,0.21923827826395723,0.2565208362522289,0.13059873507084171,0.2811845878721518
41,"[[ 0.15188983  0.46577328 -0.07872635  0.30150221 -0.3594318   0.47019897
   0.14456595 -0.20116837 -0.50123546]
 [ 0.25994377  0.47574905  0.16989728  0.3882677  -0.39343129 -0.25737476
  -0.12144806  0.36227938 -0.39931098]
 [ 0.07087635  0.49642314  0.10899014  0.00707289  0.56026994  0.33338042
   0.23084506 -0.23457328 -0.45083562]
 [-0.31479832 -0.46883688  0.179337   -0.5355878  -0.30867888 -0.22925247
   0.06987069 -0.32201401  0.3250595 ]]","['bbo_main', 'random_fill', 'random_fill', 'random_fill']","[[9.99999998e-01 5.12835491e-01 2.33941807e-10 2.35444901e-01
  1.13582060e-01 1.75109420e-01 1.16257045e-07 4.50709981e-02
  2.64089763e-01]
 [9.99999997e-01 5.57553382e-01 4.94826899e-02 2.54108810e-01
  1.39970910e-01 2.20041075e-04 1.81838312e-07 6.39663898e-02
  2.20652492e-01]
 [2.75382781e-01 7.39410968e-01 6.02778075e-02 1.35288233e-01
  8.43936578e-01 1.21471058e-01 1.34243999e-02 4.95198367e-02
  1.00000000e+00]
 [1.19019080e-10 1.83290830e-01 9.54411868e-01 1.78351153e-01
  8.10192212e-02 4.97404066e-02 1.78061689e-01 6.11042745e-02
  1.00000000e+00]]",[0.36181533 0.51220762 0.44808108 0.27111748],4,0.3049668491090419,0.21923827826395723,0.2565208362522289,0.12968524458202924,0.273820717713383
42,"[[ 7.86338856e-02 -3.54952622e-01  3.54549711e-02 -2.62886142e-01
   1.49366459e-01  5.10561365e-03  4.89276887e-01  5.35957699e-01
  -4.98477919e-01]
 [ 1.91019526e-04  3.06737964e-02 -1.54305989e-01 -5.55625380e-01
   4.85574544e-01  4.50462228e-01 -2.04708627e-01  4.28123104e-01
   5.13352602e-02]
 [ 2.71284167e-01  2.21038358e-01 -4.41176310e-01  5.39739851e-01
  -4.60186962e-01  4.08979916e-01  3.87616319e-02  1.04997498e-01
  -5.26789683e-03]
 [ 4.48007396e-03  6.04813296e-01 -4.36380394e-03  1.60042843e-01
   4.98096591e-01  9.74808325e-02  3.79325666e-01  4.54592652e-01
  -2.00719696e-02]]","['bbo_main', 'random_fill', 'random_fill', 'random_fill']","[[3.57836891e-01 3.11266796e-01 1.06284061e-01 2.40148791e-01
  8.87711231e-02 5.89376858e-02 3.19610244e-01 6.86758673e-01
  1.00000000e+00]
 [9.18250819e-02 6.25100148e-01 5.03817533e-03 1.08455321e-01
  3.33546644e-01 3.63623309e-01 4.21510225e-08 4.50528116e-01
  1.00000000e+00]
 [9.99999998e-01 2.52642897e-01 1.10730765e-10 5.50679402e-01
  4.55038156e-02 6.31670139e-01 4.45145433e-08 2.90587449e-02
  1.00000000e+00]
 [3.59962175e-10 8.63241516e-01 1.30589553e-10 1.52906406e-01
  3.70719746e-01 4.05276239e-02 8.23345793e-02 4.72105972e-01
  1.00000000e+00]]",[-0.10217643  0.52813086  0.85953489  0.96095199],4,0.29648343226979296,0.2304204228133539,0.26830543823510533,0.12812116337349427,0.28664868729281856
43,"[[ 0.18425558 -0.48331399  0.35029671  0.25669668  0.02373623 -0.17847935
  -0.04508426  0.54948981 -0.45548499]
 [ 0.12773308  0.53902468 -0.10280686 -0.37107365 -0.39570977 -0.32141093
  -0.1134651  -0.49159434 -0.17447413]
 [-0.28593986 -0.01141004  0.49041625 -0.23631475  0.4205958   0.28178088
  -0.04303826  0.56600818  0.20793415]
 [ 0.03325147 -0.39683659 -0.41235746 -0.61141903  0.28482426 -0.20085426
   0.10364504  0.35062161 -0.20590789]]","['bbo_main', 'random_fill', 'random_fill', 'random_fill']","[[9.99999999e-01 1.77142310e-01 3.24783624e-01 3.52110533e-01
  9.22653372e-02 3.73939132e-02 1.15082104e-07 6.27969469e-01
  9.99999995e-01]
 [1.00000000e+00 1.00000000e+00 3.37801917e-02 9.98149239e-02
  1.13397143e-01 1.19913875e-03 6.48386967e-08 4.48883003e-02
  9.25030024e-01]
 [2.31378129e-10 4.21059116e-01 6.27990021e-01 1.15825453e-01
  1.62713328e-01 1.11479023e-01 6.73596195e-08 5.77986525e-01
  1.00000000e+00]
 [4.84214643e-01 4.03624933e-01 1.30249213e-10 1.81270637e-01
  2.28829657e-01 3.85195977e-02 3.98641535e-03 8.31227597e-01
  1.00000000e+00]]",[ 0.18789029  0.39752783  0.91072939 -0.11151356],4,0.2914399410244267,0.24747080813882796,0.2862044487523975,0.12511823711142886,0.2681412814024283
44,"[[-2.10159257e-02  1.44678024e-01  6.49425126e-01  8.52603974e-02
  -4.56387659e-01  1.50269121e-01 -1.68965097e-01  2.19738440e-01
  -4.91832878e-01]
 [ 2.08591656e-01  6.05499387e-01  4.62745166e-01 -2.15040099e-01
   3.73996171e-01 -1.32358618e-01 -7.65292094e-02 -2.82511835e-01
  -2.93978035e-01]
 [ 5.39538663e-02 -4.31549194e-01  2.71414728e-01  5.65914613e-01
  -1.47239396e-01 -1.98536273e-01 -4.15735771e-01  3.75479994e-01
   2.04966879e-01]
 [-2.06387958e-01 -1.49763390e-01  3.07374989e-01  3.34295511e-01
   5.05520006e-02  5.76503523e-01  2.26453758e-04  4.28146382e-01
  -4.58825537e-01]]","['bbo_main', 'random_fill', 'random_fill', 'random_fill']","[[5.87256275e-02 2.80279159e-01 9.54411868e-01 2.02599597e-01
  9.86787387e-02 1.07616438e-01 1.75614204e-08 5.11076599e-02
  7.49334048e-01]
 [1.00000000e+00 9.71272868e-01 3.53470631e-01 4.09065029e-03
  2.31293929e-01 2.36423010e-02 2.27778154e-08 4.48883002e-02
  9.99999999e-01]
 [2.11408476e-01 1.13428020e-01 2.50334841e-01 6.69984114e-01
  7.46656537e-02 2.48982555e-02 4.37306629e-08 4.57425214e-01
  1.00000000e+00]
 [4.82599697e-10 2.10545675e-01 1.94053557e-01 3.91338794e-01
  5.93790788e-02 8.90764227e-01 1.26291917e-07 5.24582445e-02
  1.00000000e+00]]",[0.29022769 0.73609822 0.77033884 0.23910269],4,0.29254289851559906,0.24844631086006588,0.2872260543311419,0.12465427340699155,0.23995675044917475
45,"[[ 0.11502362  0.40835634  0.43294711  0.43572758 -0.29951454 -0.05404634
   0.35027013 -0.24315142 -0.41020873]
 [ 0.00415154 -0.25292786  0.31760904 -0.2073404   0.67532938 -0.00428252
   0.56829103 -0.11368243  0.01334957]
 [ 0.42569078 -0.60786088 -0.09231132  0.3818041  -0.24677096  0.36069554
   0.02518457  0.3095217  -0.08695774]
 [ 0.03955819 -0.34052844 -0.15945077 -0.52231989  0.43356809  0.47883779
   0.27569292  0.09539914  0.28610909]]","['bbo_main', 'random_fill', 'random_fill', 'random_fill']","[[8.35081777e-01 4.31859636e-01 4.97908589e-01 2.01018780e-01
  1.10115505e-01 3.45581611e-04 2.19693030e-01 4.52672326e-02
  5.96830854e-01]
 [2.33303503e-01 4.37193057e-01 2.91185686e-01 1.48045739e-01
  5.65023213e-01 3.30575761e-03 4.58948647e-01 4.55977875e-02
  1.00000000e+00]
 [1.00000000e+00 7.21459904e-02 4.46755271e-02 5.61375155e-01
  1.98118086e-02 5.30597161e-01 6.36461104e-09 6.57851809e-02
  1.00000000e+00]
 [2.75382782e-01 3.77449006e-01 5.68365367e-02 2.03214175e-01
  2.00601703e-01 9.09441953e-01 1.61288438e-02 5.00450836e-02
  1.00000000e+00]]",[0.36368428 0.60272254 0.71194658 0.58493571],4,0.2672393445480058,0.2709168272676015,0.31068902796579395,0.12294103991954711,0.26778132137489596
46,"[[-9.19769817e-02 -1.29232650e-01 -7.04134628e-02  2.94294885e-02
   6.48522225e-01  5.03636406e-01 -7.21985760e-04 -4.03028691e-02
  -5.41442017e-01]
 [ 2.58829313e-01  3.25299299e-01 -3.62840849e-01  3.08959384e-01
  -1.75869888e-01  1.50180438e-01  7.28893189e-01  3.12037910e-02
   1.19728990e-01]
 [-5.69457821e-02 -7.03987276e-01 -1.47043992e-02 -5.40612889e-01
  -1.16047545e-01 -5.11610527e-02 -3.60178735e-01  1.24180575e-01
  -2.17822303e-01]
 [ 1.91818243e-01 -1.32650888e-01  3.50998381e-01 -2.59147461e-01
  -4.81318651e-01  3.89779287e-02 -9.36694736e-02 -4.26094147e-01
  -5.75964512e-01]]","['bbo_main', 'random_fill', 'random_fill', 'random_fill']","[[1.58717345e-09 3.95628714e-01 5.41543700e-02 2.76008786e-01
  2.28606804e-01 2.12380161e-01 1.95560941e-07 4.65678886e-02
  1.81142758e-01]
 [9.99999999e-01 4.99768035e-01 8.37791253e-10 1.85676392e-01
  7.66351535e-02 1.30334596e-02 8.51522610e-01 4.55552826e-02
  1.00000000e+00]
 [2.42208464e-01 1.61500368e-01 3.20640564e-01 1.99978938e-01
  3.77383714e-02 1.68508421e-01 1.91514721e-08 1.11991431e-01
  4.46795548e-01]
 [9.99999999e-01 3.56958512e-01 3.56041757e-01 1.28038174e-01
  8.68751772e-02 1.21829773e-01 2.55424059e-07 4.89793576e-02
  3.19102737e-01]]",[ 0.10844531  1.20906904 -0.33672837 -0.00547097],4,0.2921898994566976,0.2655376431310777,0.3050841167964675,0.12219329263328418,0.24817181380019937
47,"[[ 0.17572566 -0.59909915  0.21633334  0.47617028  0.18858152  0.27314335
   0.01739349  0.38667559 -0.27689642]
 [-0.0648575   0.43866613  0.3767476  -0.43616658  0.23434644 -0.42240698
   0.20103831  0.22574718 -0.38270275]
 [-0.23311226 -0.54587265 -0.00178015  0.3799006  -0.55703902  0.26774411
  -0.1359604  -0.20231207 -0.24891625]
 [-0.34624475  0.29511702  0.03003008 -0.59429781 -0.52910441 -0.15319226
  -0.29740341 -0.20916718 -0.05753076]]","['bbo_main', 'random_fill', 'random_fill', 'random_fill']","[[9.99999999e-01 1.13702741e-01 8.01723111e-02 6.08254405e-01
  8.08173984e-02 1.57531051e-01 2.33945937e-08 4.19637684e-01
  1.00000000e+00]
 [1.06525903e-10 8.62456991e-01 3.00171735e-01 3.89606462e-02
  2.19225988e-01 5.79266789e-11 1.00132852e-02 6.69138439e-02
  5.12125003e-01]
 [3.37654554e-11 8.47346283e-02 5.40977240e-02 7.27702978e-01
  2.22592751e-02 5.25572168e-01 9.67410045e-09 4.83021804e-02
  1.00000000e+00]
 [5.07326840e-11 1.00000000e+00 2.70097148e-01 1.56124083e-03
  8.16973783e-02 5.53475616e-02 2.70567241e-08 7.53557347e-02
  1.00000000e+00]]",[0.35821951 0.34692816 0.09973538 0.17730224],4,0.2685434520542881,0.2914875786548774,0.3320575488846655,0.12070116719026845,0.25581609012651874
48,"[[ 0.15060474  0.45626521 -0.02532914  0.6504112   0.40932266 -0.16706993
   0.36818039 -0.07725939  0.09209104]
 [ 0.03453713 -0.19843826  0.48280179  0.15963893 -0.19087949 -0.17924025
   0.42292976  0.5705469  -0.35761977]
 [-0.33711422 -0.85746804  0.01273234 -0.31305021  0.10238938  0.07474828
  -0.13580708 -0.00135967  0.13573398]
 [ 0.12964596 -0.13417234  0.29309154  0.48377242  0.15189453  0.4819338
   0.41665403  0.27161584 -0.37754923]]","['bbo_main', 'random_fill', 'random_fill', 'random_fill']","[[1.00000000e+00 5.57564977e-01 1.58391868e-10 3.85036325e-01
  4.41006322e-01 3.26670850e-10 2.80783646e-01 4.53839059e-02
  1.00000000e+00]
 [2.42208464e-01 2.14263529e-01 7.28747900e-01 2.79064141e-01
  8.91857214e-02 1.18587867e-02 6.66579051e-02 4.99744933e-01
  1.00000000e+00]
 [2.80706947e-10 5.54615130e-02 6.36428700e-01 2.48063921e-01
  5.23527294e-02 2.65363845e-01 1.77813885e-07 1.03435401e-01
  1.00000000e+00]
 [9.99999969e-01 1.59313323e-01 1.45438520e-01 4.63621721e-01
  6.66550805e-02 6.75964474e-01 2.12206798e-02 3.60356559e-02
  1.00000000e+00]]",[1.0279118  0.29878786 0.04367946 0.35215969],4,0.268026153131421,0.3096498021924772,0.350841826384078,0.11845139528632748,0.2510716169737501
49,"[[ 0.03694792 -0.14596299  0.29158193 -0.3909403   0.58273615  0.38827066
  -0.04878251  0.48782606 -0.09373255]
 [-0.16331415 -0.70714044  0.26449124  0.18074853  0.37601187  0.2816642
   0.36287042  0.02701691  0.13240367]
 [-0.40416161  0.40501795 -0.21156608  0.59009192 -0.48769451  0.07100556
  -0.05791755 -0.10260943 -0.15124258]
 [ 0.28490049  0.37313473  0.50175508  0.2343955  -0.33534564 -0.12349591
  -0.21017851  0.49531887 -0.23596408]]","['bbo_main', 'random_fill', 'random_fill', 'random_fill']","[[2.55363003e-01 4.15226104e-01 3.47741227e-01 1.07796808e-01
  7.87866030e-01 1.84851582e-01 3.87916893e-07 6.10646174e-02
  1.00000000e+00]
 [1.41892064e-09 1.02943508e-01 8.14007532e-01 3.58387935e-01
  1.53759954e-01 1.87814847e-01 1.31729787e-01 5.39725628e-02
  1.00000000e+00]
 [5.14776734e-11 4.12590138e-01 8.18874723e-11 8.66715009e-01
  7.41233380e-02 6.37088932e-02 2.47457481e-08 4.77408117e-02
  9.99999998e-01]
 [1.00000000e+00 4.09126861e-01 6.01254836e-01 1.63244544e-01
  1.22556565e-01 2.91099120e-03 2.21467246e-08 5.01666743e-01
  1.00000000e+00]]",[0.47502724 0.49965941 0.49078083 0.748569  ],4,0.2672507623606759,0.2983554320936891,0.33916945266992576,0.11793165503747605,0.24583933304969452
50,"[[ 0.07722134  0.40751461  0.00302846  0.53976051 -0.38994752  0.43059725
   0.17569174  0.40512398  0.06443634]
 [-0.04723573 -0.39651856 -0.2100825  -0.77104579 -0.2595182  -0.31337857
   0.13717458 -0.13222472 -0.00628356]
 [-0.0097185  -0.7296625  -0.07028814  0.03448463 -0.5301326  -0.22540931
  -0.0977281  -0.03943443 -0.3441116 ]
 [-0.12237602 -0.20701187 -0.2345437  -0.83613654  0.37134917 -0.11572891
   0.01389377  0.18063263 -0.06261446]]","['bbo_main', 'random_fill', 'random_fill', 'random_fill']","[[3.16825153e-01 3.97502706e-01 7.01172006e-10 4.33546727e-01
  7.78464311e-02 4.42505262e-01 2.89832120e-03 4.99329531e-01
  1.00000000e+00]
 [1.81893119e-01 3.56552740e-01 8.42613576e-02 1.51499850e-01
  2.88641650e-02 7.35528990e-02 8.46987317e-01 8.24450751e-02
  1.00000000e+00]
 [2.71155993e-01 1.25161470e-01 4.92253120e-02 4.39132285e-01
  2.33772758e-02 1.05662707e-01 2.30980194e-07 1.04349524e-01
  2.81557537e-01]
 [9.41605979e-11 5.42817141e-01 1.59322023e-02 1.13182649e-01
  8.20962000e-01 4.40485225e-02 8.27904010e-03 1.25317458e-01
  1.00000000e+00]]",[ 0.84788667 -0.21602717 -0.21949012  0.04916032],4,0.27102851989715926,0.3130899992936898,0.35439150778954653,0.1167010115850257,0.22749230726998731
51,"[[ 0.00242282 -0.31069389  0.11324319 -0.61048127  0.3135368   0.38406789
   0.33155895  0.34923113 -0.20061116]
 [ 0.16636426  0.33139924  0.25767652 -0.36615567  0.54544216  0.54958598
  -0.18717819 -0.15902884 -0.04639565]
 [-0.16497489  0.22464332 -0.35679464  0.52130114  0.3973414   0.32331842
   0.36343796  0.26038465  0.2468989 ]
 [-0.06612876  0.65746369  0.41500195 -0.26164727  0.34303801  0.19768127
   0.09067685  0.3920648   0.06318626]]","['bbo_main', 'random_fill', 'random_fill', 'random_fill']","[[2.53703166e-01 3.40357646e-01 3.82034739e-01 8.94372964e-02
  1.68325792e-01 6.73443390e-01 1.22012820e-01 6.20733071e-02
  1.00000000e+00]
 [1.00000000e+00 6.60253502e-01 2.74154546e-01 3.54371535e-02
  3.63676751e-01 4.39067421e-01 1.31417722e-09 3.56134999e-02
  1.00000000e+00]
 [2.04251116e-10 4.13884805e-01 7.85887733e-11 4.54443763e-01
  6.25574180e-01 8.83824079e-02 2.91851954e-01 4.47373736e-02
  1.00000000e+00]
 [1.86213159e-10 9.99999999e-01 3.47309437e-01 5.42084301e-03
  2.44736632e-01 1.11662050e-01 4.65423124e-04 2.09461503e-01
  1.00000000e+00]]",[0.0564762  0.83045015 0.9716386  1.05155785],4,0.259504816977898,0.32046614443354987,0.3619936736701833,0.11607408055545136,0.2577761879144651
52,"[[-0.01142051  0.06345245  0.53018527  0.0628722   0.39708409 -0.16515697
   0.30663262  0.45871535 -0.47052958]
 [ 0.06029917 -0.47625412  0.3788018  -0.56047792  0.37296352 -0.22214651
  -0.03072622  0.30701974  0.16811794]
 [ 0.07113432 -0.13228509  0.37733323  0.44512733  0.286392   -0.2088986
   0.01378085  0.4825926  -0.52742518]
 [-0.12680041  0.39357217  0.27050679  0.35052078  0.27440895  0.48962898
  -0.30185989 -0.29101321 -0.37701324]]","['bbo_main', 'random_fill', 'random_fill', 'random_fill']","[[1.17307156e-01 3.07327435e-01 7.78109703e-01 2.26400132e-01
  1.45348648e-01 1.06894520e-03 3.36692457e-02 7.35299136e-02
  5.61673399e-01]
 [1.00000000e+00 2.04006539e-01 9.54411869e-01 1.24363818e-01
  1.82885490e-01 1.22061898e-02 1.09900904e-09 9.79307619e-02
  1.00000000e+00]
 [2.42208464e-01 2.36983453e-01 2.58226939e-01 4.27168300e-01
  1.28125725e-01 1.75581466e-02 2.60526090e-08 7.07651123e-02
  2.19870298e-01]
 [2.81318920e-11 6.28671361e-01 1.02459856e-01 2.57906586e-01
  1.56748248e-01 8.55184983e-01 3.32881858e-09 2.25543043e-02
  1.00000000e+00]]",[0.28224608 0.51865265 0.22467375 0.44370489],4,0.2529708041109189,0.33523568029865647,0.3771807596030623,0.11449380729584988,0.22910703287581097
53,"[[ 0.09441904  0.03114672  0.4075608  -0.18074061 -0.43303519 -0.40582296
   0.0068373   0.44033523 -0.49516495]
 [-0.19841941 -0.50054364 -0.24982997 -0.14759242  0.43368637  0.28201698
   0.31262664  0.38098376 -0.33968482]
 [-0.04263289  0.40263704 -0.36177184  0.23621939 -0.75477095 -0.17005299
  -0.01875298 -0.17032944 -0.14637758]
 [ 0.26288927 -0.58518779 -0.34062088  0.24491245 -0.31575211 -0.30730215
   0.29351823 -0.23817782 -0.27463459]]","['bbo_main', 'random_fill', 'random_fill', 'random_fill']","[[7.55335729e-01 3.60395613e-01 5.30103370e-01 1.46638607e-01
  1.11276912e-01 1.82185494e-02 1.85520858e-03 7.92782910e-02
  4.02586566e-01]
 [1.05286680e-10 2.72956447e-01 2.70176803e-02 3.14124022e-01
  1.53265104e-01 1.74438544e-01 2.61014279e-02 8.37032178e-01
  9.99999999e-01]
 [1.85444395e-09 9.99999998e-01 2.42171177e-10 3.53985988e-01
  5.80997363e-02 4.83976100e-02 2.90083423e-07 5.89099404e-02
  1.00000000e+00]
 [1.00000000e+00 1.65644484e-01 2.42301177e-02 5.70538641e-01
  4.71345121e-02 1.66175367e-02 3.96075261e-01 4.63880441e-02
  8.35004962e-01]]",[ 0.05208365 -0.08670429  0.27776156  0.1533309 ],4,0.24348855191092564,0.34213584592774215,0.3842603507135255,0.11368749696884459,0.21762372616319522
54,"[[-0.205438    0.23675835  0.36733831  0.70897693  0.28532277  0.15192878
   0.38482837 -0.02981336  0.10335304]
 [ 0.21093739  0.1383294  -0.14181822 -0.67557006  0.45819591 -0.14815192
   0.26607546 -0.21905796  0.33043617]
 [-0.10674806 -0.64644943 -0.40150895  0.2745284   0.24723443 -0.41500311
   0.02368733  0.31279933 -0.04874174]
 [-0.10300407 -0.16678228  0.34767726  0.26142367  0.56315907  0.34976956
   0.45418473  0.31135131 -0.17216775]]","['bbo_main', 'random_fill', 'random_fill', 'random_fill']","[[6.47157289e-11 2.37110414e-01 1.89706850e-01 8.13089041e-01
  1.21127707e-01 1.99344677e-02 2.62324849e-01 4.52499890e-02
  1.00000000e+00]
 [9.99999999e-01 6.41786392e-01 4.34110244e-02 1.17874895e-01
  7.69336391e-01 1.98282490e-02 4.32890589e-02 6.54483945e-02
  1.00000000e+00]
 [7.59399671e-10 1.77111649e-01 4.44031385e-04 6.48400018e-01
  1.31188125e-01 2.81182156e-02 1.10356631e-07 6.31451728e-01
  1.00000000e+00]
 [8.47568180e-11 2.98792032e-01 3.51829669e-01 3.05630033e-01
  7.56337866e-01 1.34021594e-01 4.83919452e-02 5.09465533e-02
  1.00000000e+00]]",[0.94282898 0.89111261 0.23287323 0.49087749],4,0.2676792439196026,0.33523568029865647,0.3771807596030623,0.11351080649090947,0.22563255850659858
55,"[[-0.11904411  0.20595044  0.0035467  -0.1984197   0.2902104   0.5540113
  -0.0504636   0.49400083 -0.51603873]
 [-0.15514731  0.39618371  0.44160597 -0.03768955  0.23550059  0.39360456
  -0.0237777   0.40822315 -0.49490894]
 [ 0.06322167 -0.28622411  0.16605717  0.02502595  0.45290667  0.40842734
   0.382517   -0.45489909 -0.40085873]
 [-0.12029057 -0.80196014 -0.24368848  0.12018248  0.3412011   0.06334035
   0.20535782 -0.08355189 -0.31460971]]","['bbo_main', 'random_fill', 'random_fill', 'random_fill']","[[5.22412620e-11 5.81581765e-01 5.17003768e-02 1.87819879e-01
  1.48474471e-01 2.02954142e-01 7.98648620e-09 6.13291344e-02
  1.52098097e-01]
 [1.52942473e-09 6.36609443e-01 3.73400103e-01 8.78206469e-02
  1.55286709e-01 1.61256945e-01 3.66391953e-07 5.75699701e-02
  3.26676709e-01]
 [2.75382796e-01 2.79402518e-01 1.45626735e-01 2.90854308e-01
  1.56750167e-01 2.99279862e-01 2.50579175e-02 4.23651903e-02
  2.75207991e-01]
 [8.25696722e-10 1.53899222e-01 5.16178759e-02 5.27709577e-01
  1.02306160e-01 1.10961848e-01 5.13435432e-03 6.03824251e-02
  2.75173082e-01]]",[ 0.19002908  0.37566782  0.04212063 -0.12120575],4,0.2544629787045045,0.36039506046469627,0.4029476358688069,0.11222802639571663,0.24606304059663697
56,"[[ 0.04953989  0.56867588  0.33048292  0.49148518  0.20329707  0.20596692
   0.44521079 -0.05258972 -0.19658714]
 [ 0.07824896 -0.64272706  0.24419289  0.14686368 -0.32595224  0.10146985
   0.45184873  0.40365236 -0.12623954]
 [ 0.08919522 -0.2766273  -0.51310829  0.64033707  0.10373094  0.22458978
  -0.07150919 -0.19457982 -0.3715297 ]
 [ 0.18606918  0.63176131  0.26123305 -0.04718458  0.41831386  0.02590474
   0.31604307  0.43674327  0.17175962]]","['bbo_main', 'random_fill', 'random_fill', 'random_fill']","[[5.26140070e-02 8.54545102e-01 1.03609740e-01 1.31597227e-01
  1.68336842e-01 2.54619711e-02 6.95969001e-01 4.48882995e-02
  1.00000000e+00]
 [3.38197380e-01 1.40187701e-01 1.67265117e-01 3.69606587e-01
  6.19106952e-03 1.06093734e-01 3.96158532e-01 4.13855173e-01
  1.00000000e+00]
 [2.75382781e-01 1.45488425e-01 3.70095896e-11 7.62290282e-01
  1.01424582e-01 1.40644720e-01 2.27712292e-08 4.49927141e-02
  6.07022859e-01]
 [1.00000000e+00 8.99560344e-01 1.93818754e-01 6.27703644e-02
  2.20548509e-01 6.22362555e-03 1.10678505e-02 3.48426332e-01
  1.00000000e+00]]",[0.73785683 0.26005304 0.28026602 1.22189678],4,0.23129475312726255,0.3579256685330168,0.4004242575921718,0.11147909155045338,0.21656304499263046
57,"[[ 0.01896689 -0.1136931  -0.16693093 -0.57726578  0.49783367  0.13860618
   0.41470571 -0.15826828 -0.40191132]
 [ 0.19022615 -0.0530608   0.19947206  0.35081632 -0.30917387 -0.24502826
   0.56679961  0.55731415  0.10319488]
 [-0.22566157 -0.33998264  0.20927197 -0.43227806 -0.42287017 -0.34736089
   0.17544333  0.11904469 -0.50832943]
 [-0.17129049 -0.41500921  0.19054096 -0.44084429 -0.60017248 -0.19961589
  -0.19339502 -0.23941363 -0.27019132]]","['bbo_main', 'random_fill', 'random_fill', 'random_fill']","[[2.75382780e-01 5.34006385e-01 2.10028930e-02 1.51379927e-01
  4.92859246e-01 1.65926246e-02 6.18259801e-01 4.57558142e-02
  1.00000000e+00]
 [9.99999999e-01 3.15182253e-01 7.38741313e-02 3.19744486e-01
  6.24643322e-02 1.91139600e-02 4.51370823e-01 4.47849788e-01
  1.00000000e+00]
 [7.97397995e-10 3.77983790e-01 3.11911702e-01 1.96322955e-01
  9.07939765e-02 5.09931397e-02 9.09273706e-03 8.67460597e-02
  1.74411596e-01]
 [3.93140251e-10 2.22239933e-01 7.06391955e-01 1.99216568e-01
  7.36618948e-02 1.11525926e-01 6.12904026e-08 6.36931045e-02
  5.39651339e-01]]",[-0.05147754  0.88503864 -0.28094337 -0.27298881],4,0.2559875081998271,0.36286504906526834,0.4054704174706874,0.11057120306110753,0.22197081367223137
58,"[[-0.04943806  0.42817357  0.54537626 -0.28997804  0.49604139  0.23611312
   0.33149957  0.10082215 -0.10410192]
 [ 0.3171586   0.06442501  0.19504506  0.55663828  0.58350029 -0.41664072
   0.0842532  -0.03276633 -0.15854579]
 [-0.39489485 -0.03930673 -0.27983639  0.60262149  0.38202418  0.29078534
   0.27221715  0.01411175 -0.31024518]
 [ 0.22622041  0.40472643  0.14260546 -0.37798047 -0.68021119  0.15855087
   0.13396347  0.32875204 -0.08924983]]","['bbo_main', 'random_fill', 'random_fill', 'random_fill']","[[3.05173126e-10 6.12304202e-01 7.81006318e-01 3.83946596e-02
  3.69532873e-01 1.26784938e-01 3.15636339e-02 4.85366118e-02
  1.00000000e+00]
 [1.00000000e+00 3.69044420e-01 4.60075562e-02 3.78929799e-01
  8.01832075e-01 8.81298425e-11 1.75052864e-08 6.12681837e-02
  1.00000000e+00]
 [1.56722296e-10 1.99931933e-01 1.47170792e-10 9.03830429e-01
  2.24434085e-01 1.92284342e-01 5.43847533e-06 4.11304557e-02
  9.99999988e-01]
 [1.00000000e+00 7.91118121e-01 2.75490401e-01 8.10954174e-03
  7.83708062e-02 1.47965459e-01 3.14975408e-03 2.48239734e-01
  1.00000000e+00]]",[0.80147534 0.8681506  0.36879841 0.54556081],4,0.23431201517299005,0.38116130271214665,0.42412066315586117,0.10889741276372009,0.2208456590174841
59,"[[-0.10456515 -0.75124988 -0.25004924 -0.19810637 -0.22732425 -0.43552938
   0.11149454 -0.25668941 -0.056889  ]
 [-0.03020525 -0.3060721  -0.36457799 -0.58847916 -0.02237839 -0.45025317
  -0.1150971  -0.3990892   0.22457614]
 [ 0.20506126  0.4471805  -0.4990484   0.29140722 -0.39359118 -0.07318877
   0.25944938  0.3134369  -0.31334442]
 [-0.18701839  0.51666131 -0.05475633  0.03598123  0.50870252  0.45962059
   0.44216308  0.05618196 -0.15842466]]","['bbo_main', 'random_fill', 'random_fill', 'random_fill']","[[1.35294725e-10 1.14534568e-01 5.28899078e-02 4.21499302e-01
  5.20660495e-03 1.03091855e-01 5.96393011e-01 1.00736006e-01
  1.00000000e+00]
 [3.96469471e-01 6.24170579e-01 1.30725135e-10 3.08040620e-02
  3.56664625e-01 9.05123195e-03 1.71447146e-07 4.51746686e-02
  1.00000000e+00]
 [9.99999998e-01 7.22681621e-01 3.09674329e-10 2.11638092e-01
  1.27622702e-01 2.15371809e-03 1.44604452e-01 5.71568549e-02
  5.13242662e-01]
 [2.89356421e-12 8.58694073e-01 9.23332444e-12 1.28182794e-01
  4.83389594e-01 3.55424928e-01 1.19670951e-01 3.75867772e-02
  1.00000000e+00]]",[-0.24510628 -0.02665373  0.43412535  0.75412941],4,0.2428578057334594,0.3856165730871957,0.42865237906498144,0.10842539442155015,0.2209223464657989
60,"[[ 0.08136093 -0.2597892   0.31409841  0.35549587  0.23622285 -0.18508592
   0.76436171 -0.13003702 -0.09817516]
 [ 0.09960302 -0.18264381  0.28509026  0.69313591  0.35171154 -0.15691695
   0.44851993 -0.18481455 -0.10656522]
 [ 0.06549667  0.32109729  0.57951189 -0.14340777 -0.12568567  0.40724097
  -0.1755846   0.56297808 -0.08240467]
 [-0.2626267  -0.31132752  0.29470529  0.27912703 -0.46995819 -0.0435936
   0.63345649 -0.12482764 -0.17242133]]","['bbo_main', 'random_fill', 'random_fill', 'random_fill']","[[2.42208485e-01 2.89814794e-01 1.84529486e-01 3.19572911e-01
  7.79879346e-02 1.24061353e-02 8.69658223e-01 4.65927181e-02
  1.00000000e+00]
 [2.75382781e-01 1.53213893e-01 5.54534218e-02 8.12359237e-01
  1.10508281e-01 6.04378945e-11 3.74026137e-01 4.49809143e-02
  1.00000000e+00]
 [2.52608050e-01 4.36907572e-01 7.17436630e-01 9.97581279e-02
  1.23375597e-01 1.80522571e-01 3.29320875e-09 4.64437381e-01
  1.00000000e+00]
 [3.79498502e-10 2.90404095e-01 2.11367602e-01 3.19040842e-01
  3.51075598e-02 3.80632143e-02 8.75694332e-01 5.45105102e-02
  1.00000000e+00]]",[0.69260866 0.67007684 0.79536483 0.4182634 ],4,0.23692676697501336,0.3880925314389051,0.4311691908651142,0.10766032901471072,0.2114876249578389
61,"[[ 0.12959993  0.25003222  0.32385976  0.7077326  -0.29871988 -0.00711107
   0.20034606  0.42461997 -0.07205812]
 [-0.04939785 -0.68926891  0.21381377  0.3074204   0.17179095 -0.24493972
   0.33197117  0.27620486 -0.3259494 ]
 [ 0.44861466 -0.22024263  0.35624583 -0.36275277 -0.27687734  0.57013664
   0.03373905 -0.20127839 -0.21993009]
 [ 0.11853131  0.1367843   0.57481211 -0.51672478  0.56091131 -0.17639387
   0.00080392  0.1285047  -0.08704326]]","['bbo_main', 'random_fill', 'random_fill', 'random_fill']","[[9.99999999e-01 2.65052034e-01 5.51726790e-02 6.30349515e-01
  8.84947568e-02 7.65564045e-03 1.01523903e-07 4.80852883e-01
  1.00000000e+00]
 [8.36154155e-02 1.27273844e-01 3.50783683e-01 5.39079069e-01
  9.41264219e-02 1.61839986e-02 1.83911245e-01 6.55490352e-02
  6.21969470e-01]
 [1.00000000e+00 2.60953581e-01 5.73676967e-01 1.20168617e-01
  5.71566663e-02 6.25688196e-01 6.91360204e-08 3.20572402e-02
  1.00000000e+00]
 [9.99999999e-01 3.73267234e-01 9.05242127e-01 7.53465636e-02
  2.67353430e-01 6.13311525e-03 6.77953061e-03 6.86277399e-02
  1.00000000e+00]]",[0.76549064 0.03750354 0.66643995 0.72166   ],4,0.256331859077938,0.4029603060369454,0.4462580370962128,0.10667027835629055,0.2194856525731449
62,"[[-0.05511614 -0.42561105 -0.31780739 -0.592504    0.13663245 -0.15165447
  -0.01303658 -0.55179143 -0.1320745 ]
 [-0.26453923  0.30009754 -0.25255879  0.57072207  0.38217399 -0.30032407
   0.29028178  0.2022343  -0.29839087]
 [-0.07592304 -0.40500783 -0.48091541 -0.47432166 -0.32512761 -0.04804859
   0.17295395 -0.37415872 -0.30986969]
 [ 0.22016028 -0.5578668  -0.32463945  0.25903279  0.35739309 -0.28134892
   0.37283088  0.23113329  0.26174956]]","['bbo_main', 'random_fill', 'random_fill', 'random_fill']","[[1.96310765e-01 4.17704869e-01 2.68105657e-11 1.89156414e-01
  2.41711846e-01 9.09547203e-02 9.30188464e-03 4.68970557e-02
  2.45795263e-01]
 [2.19106951e-11 4.37559912e-01 1.51632112e-11 5.31165887e-01
  7.32001731e-01 3.53066403e-11 5.68736199e-02 6.31888603e-02
  1.00000000e+00]
 [1.98797054e-01 3.38330550e-01 5.29001430e-11 2.58178298e-01
  6.96897519e-02 1.56498706e-01 2.27645960e-02 6.56774354e-02
  1.22363074e-01]
 [1.00000000e+00 1.69869869e-01 1.99097195e-10 5.97522371e-01
  1.97389881e-01 6.49370324e-03 4.01302401e-01 5.39592238e-02
  1.00000000e+00]]",[-0.33990559  0.44510823 -0.36331013  0.77273144],4,0.23923425643670534,0.40990559732976384,0.45329250214759476,0.10574169386898055,0.21902322108463623
63,"[[ 0.32335325 -0.68652389  0.10592231 -0.11895836  0.43572573 -0.14339297
   0.07811827  0.32985334 -0.27098497]
 [ 0.18557755  0.61241959  0.33214299  0.31453616 -0.37616207  0.38690044
  -0.01095707 -0.08991428 -0.28610624]
 [-0.10201801 -0.28480899 -0.01018709 -0.6552732  -0.56927067 -0.2050775
  -0.30666469  0.13236506 -0.03605293]
 [-0.24156198  0.72604616  0.52069472 -0.23089114 -0.01368958 -0.09796887
   0.00817343 -0.23448838  0.15885267]]","['bbo_main', 'random_fill', 'random_fill', 'random_fill']","[[1.00000000e+00 2.18036888e-01 1.20416150e-01 3.03371202e-01
  7.20705202e-01 5.24528438e-02 1.79979789e-03 8.66580098e-02
  1.00000000e+00]
 [1.00000000e+00 8.69747068e-01 2.61535316e-01 1.02992558e-01
  1.17625568e-01 3.46609439e-01 1.42542283e-08 3.23778714e-02
  1.00000000e+00]
 [3.97015272e-10 3.63283919e-01 3.04613280e-01 8.80041069e-02
  6.25205375e-02 1.09252373e-01 2.76231634e-08 6.43030641e-01
  1.00000000e+00]
 [8.23804907e-11 9.97199352e-01 5.13540382e-01 3.61702902e-02
  1.81429421e-01 3.27039296e-02 4.65460390e-04 4.90791771e-02
  1.00000000e+00]]",[ 0.21458042  0.63832928 -0.17317084  1.12471944],4,0.23626644828467386,0.43822817557436117,0.48188750309068945,0.10433585076863752,0.2125694685707118
64,"[[ 0.07176014 -0.28329948 -0.30990835 -0.86123725 -0.02729404  0.14739312
   0.14654386 -0.18029896  0.01914647]
 [-0.17567541 -0.40610453 -0.16059403 -0.79625045 -0.19502221  0.1318922
   0.14264761 -0.26144982 -0.01668772]
 [-0.06979397 -0.07279194  0.35931823 -0.00442313 -0.36716751  0.47147277
   0.42697497  0.3194028  -0.46826986]
 [ 0.11819288 -0.31956025 -0.26030418 -0.75504494 -0.20485136  0.21151682
   0.31715031  0.10053685  0.22060177]]","['bbo_main', 'random_fill', 'random_fill', 'random_fill']","[[1.00000000e+00 4.76099947e-01 9.89935441e-11 3.95959238e-02
  7.13397851e-02 3.10439270e-01 3.11737666e-01 6.61196487e-02
  1.00000000e+00]
 [5.57794712e-12 3.09664771e-01 3.32353778e-01 6.93278344e-02
  1.51577147e-02 2.96562956e-01 4.62287622e-01 7.48570216e-02
  1.00000000e+00]
 [4.17683941e-09 2.93410843e-01 4.42705713e-01 1.95808149e-01
  5.21319345e-02 3.47249521e-01 1.59064487e-01 5.25590327e-02
  5.75610684e-01]
 [9.99999997e-01 3.25483758e-01 6.61873935e-03 1.54697096e-01
  1.86842522e-02 1.59697555e-01 6.89945361e-01 7.28905660e-02
  1.00000000e+00]]",[-0.00050234 -0.16848922  0.09658866  0.37235263],4,0.23381398474272275,0.4347460735186802,0.47837972701552606,0.10363845706695785,0.21570822821847307
65,"[[ 0.07292426 -0.72678396  0.22013358  0.08486943  0.3294981   0.3865253
  -0.12833411  0.36536152 -0.05362859]
 [ 0.09103288  0.33726068 -0.18853853  0.52737487  0.41912118  0.28590867
   0.27334567 -0.3460159  -0.33532973]
 [ 0.18132044 -0.1190347  -0.12441099  0.24962521 -0.37780467  0.07251651
   0.27427026  0.63900326 -0.49357719]
 [ 0.24638361  0.08960025  0.00550695 -0.56953526  0.49451122 -0.12206591
   0.17464725  0.43254508 -0.3603163 ]]","['bbo_main', 'random_fill', 'random_fill', 'random_fill']","[[8.48101672e-01 1.03784964e-01 4.06878759e-01 3.18195737e-01
  6.24741146e-02 4.57866742e-01 1.81396112e-09 2.23562023e-01
  1.00000000e+00]
 [3.38197380e-01 5.30589150e-01 5.44154444e-11 3.49128674e-01
  8.64263161e-01 1.22926745e-01 1.52622148e-03 4.24522359e-02
  1.00000000e+00]
 [9.99999997e-01 2.79995847e-01 3.95496441e-02 3.38062965e-01
  6.88414651e-02 6.24838444e-02 1.48106716e-02 8.15574719e-01
  1.00000000e+00]
 [1.00000000e+00 6.14565175e-01 8.57533277e-02 1.16735432e-01
  3.59819309e-01 6.62186726e-10 7.83989146e-03 5.78002907e-01
  1.00000000e+00]]",[0.32860525 0.44163075 0.23762217 0.30443602],4,0.22347661529747448,0.43176227786136506,0.4753721985578583,0.10385003344112653,0.20632199079323454
66,"[[-0.2130862  -0.62740554 -0.18572274 -0.49542543  0.0088433  -0.47306996
   0.07954579  0.19366997 -0.11536157]
 [ 0.12416949  0.2646716   0.431266   -0.40854117  0.49278744  0.28406478
   0.02437974 -0.34107279 -0.34810538]
 [ 0.03262689  0.38080323  0.40093826  0.42837018 -0.43627043  0.25039263
  -0.22878684  0.36057991  0.27254769]
 [ 0.02966373  0.36699641 -0.35137844  0.55809262 -0.26535583 -0.07718899
   0.12530368  0.40413569 -0.41725411]]","['bbo_main', 'random_fill', 'random_fill', 'random_fill']","[[1.13910894e-10 2.53037620e-01 8.67630901e-02 2.66848807e-01
  1.38583098e-01 7.17336653e-02 1.73139524e-02 8.36531437e-01
  1.00000000e+00]
 [9.99999999e-01 5.80476386e-01 4.96571300e-01 3.38290880e-02
  4.90080344e-01 1.83662828e-01 1.72019051e-08 4.48882992e-02
  1.00000000e+00]
 [6.99075285e-02 3.27667220e-01 6.98628959e-01 3.01459590e-01
  8.26326708e-02 1.25451347e-01 2.59652613e-07 4.54786538e-01
  1.00000000e+00]
 [1.65164238e-01 4.65524139e-01 3.35271422e-10 4.00515690e-01
  1.28831367e-01 7.37229770e-03 4.31688240e-07 7.09932575e-02
  9.77320991e-02]]",[-0.29175758  0.40840086  0.96819739  0.35242655],4,0.2305238133087307,0.4387257071576986,0.4823885255257703,0.10261917875393718,0.20929862120423076
67,"[[-0.10589196  0.35065982  0.0055457   0.45148442  0.38386618  0.30048786
  -0.20780172  0.46773093 -0.40293384]
 [ 0.08610676 -0.54512938  0.22202937 -0.19512881  0.46935884 -0.10266956
  -0.08022824  0.46920374 -0.38809768]
 [-0.00893874  0.32364614  0.08461317  0.103486    0.51121411 -0.12404576
   0.47899689  0.39603164 -0.46292357]
 [-0.03137802  0.48115364 -0.12055352 -0.51991919  0.23975923  0.30661316
   0.37551714  0.16314686 -0.40439009]]","['bbo_main', 'random_fill', 'random_fill', 'random_fill']","[[2.55211833e-09 5.40604063e-01 2.75161777e-02 3.24987954e-01
  1.68823269e-01 9.14317449e-02 2.26052978e-07 9.00355966e-01
  1.00000000e+00]
 [9.38965367e-01 2.42552870e-01 4.18345521e-01 1.90685286e-01
  1.60289416e-01 4.31636048e-02 2.00035023e-07 6.16538663e-01
  9.99999999e-01]
 [6.82441153e-11 6.13996494e-01 5.24953955e-02 1.82107578e-01
  3.01259707e-01 1.92404743e-11 4.60952436e-01 5.11688508e-02
  5.83957834e-01]
 [1.80279253e-09 8.89983274e-01 2.36835285e-02 6.79258806e-02
  1.72420530e-01 1.27732109e-01 4.67981210e-01 6.02999953e-02
  8.59608342e-01]]",[ 0.44691783 -0.02370841  0.34674462  0.30850697],4,0.22451604866730418,0.44370223720648055,0.4873975356576898,0.10253524371417734,0.21011973999559014
68,"[[ 0.04794099  0.2058802   0.31365909  0.46229321  0.4704524   0.47056071
   0.42594131 -0.07328173 -0.11691414]
 [ 0.33372476  0.16840866 -0.05557307  0.38425448 -0.37914894  0.45273897
  -0.12810281  0.44013404 -0.38816446]
 [ 0.50726095  0.32922965 -0.18125602 -0.43075828 -0.10827532  0.44308928
   0.2584205  -0.17497164 -0.33232489]
 [-0.05029845  0.3112927   0.31653096  0.43966754  0.04888484 -0.00677746
   0.51401112  0.58344263  0.00437368]]","['bbo_main', 'random_fill', 'random_fill', 'random_fill']","[[1.52548419e-01 3.90091511e-01 1.56231620e-01 3.71079880e-01
  2.32032834e-01 7.86042125e-01 3.48688330e-02 2.00885085e-02
  1.00000000e+00]
 [1.00000000e+00 3.00413961e-01 8.52581169e-10 3.65328164e-01
  5.95799428e-02 3.29406477e-01 3.69084524e-08 5.78831180e-01
  1.00000000e+00]
 [9.99999999e-01 7.49540456e-01 3.98001181e-10 7.52542725e-02
  1.43155797e-01 6.19688418e-01 3.45492925e-03 4.15093617e-02
  1.00000000e+00]
 [2.75082373e-10 4.96802089e-01 9.69602019e-02 3.02086038e-01
  1.24432463e-01 4.48565067e-03 2.17108307e-01 8.03631333e-01
  1.00000000e+00]]",[0.68368338 0.51784037 0.64199752 0.9090542 ],4,0.21697971929416338,0.46113742525691886,0.5049117382001771,0.10083869720557331,0.19823244771082998
69,"[[ 2.43897392e-01 -1.23022442e-01 -2.39891095e-01  4.02439899e-02
   1.21210267e-01 -1.91634943e-01  8.27560415e-02 -3.50857590e-01
  -8.27554671e-01]
 [ 1.81666283e-02 -7.65658349e-01 -2.40159227e-02 -3.18569131e-01
  -3.87875565e-01  2.63072781e-01  2.52121303e-01 -1.54664771e-01
   6.50624703e-02]
 [ 7.75177031e-02  4.07718470e-01  2.68554730e-01 -4.88888088e-01
  -3.46162495e-01 -2.53842326e-01 -5.91405065e-02  4.39605974e-01
  -3.68249967e-01]
 [ 2.34241652e-01  1.61048171e-01 -4.96015870e-01  6.95735631e-01
   2.22360692e-01  2.43573968e-01  1.66824353e-04  2.68095477e-01
  -9.20149711e-02]]","['bbo_main', 'random_fill', 'random_fill', 'random_fill']","[[9.99999996e-01 4.08149409e-01 3.75638376e-02 2.77199891e-01
  1.07221998e-01 4.97537126e-02 1.20207898e-06 5.41611330e-02
  1.48247337e-01]
 [3.38197383e-01 1.27185629e-01 1.95323520e-01 2.69646866e-01
  7.99602137e-04 5.19694723e-01 3.09105256e-01 7.72687404e-02
  1.00000000e+00]
 [4.01505416e-01 6.77077888e-01 2.91359729e-01 5.95227950e-02
  1.58701414e-01 1.27266621e-02 2.38302912e-08 7.25718388e-01
  1.00000000e+00]
 [1.00000000e+00 1.88418138e-01 1.56607712e-10 8.50669293e-01
  1.40000247e-01 1.18822692e-01 5.02092487e-08 5.00054597e-02
  1.00000000e+00]]",[0.05760659 0.08562225 0.24894011 0.83789092],4,0.2167910856169099,0.47859947795006785,0.5223990760657427,0.10004173967215653,0.20774709684452233
70,"[[ 0.06972728  0.02535041  0.36696533 -0.41629608 -0.40352601  0.31385131
   0.3005711   0.40471195 -0.41359261]
 [ 0.11698585  0.47136048 -0.11828122  0.55853354 -0.38029068  0.25809854
   0.35529446  0.08959463 -0.30444413]
 [-0.18488056  0.12801288  0.36933787  0.55507638 -0.19302553  0.37983228
   0.41272304  0.36948643  0.12852892]
 [-0.22106108 -0.6979318   0.21217015  0.04662632  0.35622249  0.31010601
  -0.08182003  0.33814586 -0.26969554]]","['bbo_main', 'random_fill', 'random_fill', 'random_fill']","[[7.90953769e-01 3.63449921e-01 5.25823603e-01 9.53798721e-02
  8.26398314e-02 2.16447981e-01 1.99865718e-02 5.55598134e-02
  4.95016147e-01]
 [9.99999999e-01 6.05533583e-01 2.50450354e-10 3.48694453e-01
  7.92260498e-02 1.08983861e-01 4.06770830e-01 4.08814838e-02
  9.02771749e-01]
 [3.29660662e-10 1.83024639e-01 4.45437129e-01 5.05713172e-01
  3.47337215e-02 3.04883592e-01 3.40315306e-01 3.66349341e-02
  1.00000000e+00]
 [2.22690856e-10 1.16541992e-01 5.94288890e-01 3.41368333e-01
  7.94041495e-02 2.93871674e-01 5.54784240e-08 3.65814022e-01
  1.00000000e+00]]",[0.07596067 0.46851027 0.86027689 0.03408861],4,0.21535314325035326,0.4900891421484728,0.5338761542328558,0.09950894777047242,0.21435987897304365
71,"[[-0.26728106  0.39837651  0.38697665 -0.18410928  0.58315931  0.00477017
  -0.043159    0.45763441 -0.18660211]
 [-0.08059094  0.14212472 -0.32187257 -0.54058762 -0.64556732 -0.24189832
  -0.28837876  0.12165709  0.0650693 ]
 [-0.13221293  0.4283304   0.38166453  0.6092605  -0.37614539 -0.17954556
   0.02017211 -0.09836049 -0.31366061]
 [ 0.06895992  0.15105959  0.49247306  0.39173215  0.49310402 -0.04041412
  -0.07619765 -0.57039491  0.02237014]]","['bbo_main', 'random_fill', 'random_fill', 'random_fill']","[[1.20890127e-10 6.93412528e-01 2.90400017e-01 7.83735588e-02
  8.19058309e-01 2.10681417e-02 3.58752506e-08 7.74390424e-02
  1.00000000e+00]
 [1.19026174e-08 9.88084918e-01 4.59660295e-09 3.36922125e-02
  8.29051694e-02 5.65173374e-02 8.09783365e-07 1.87491781e-01
  1.00000000e+00]
 [3.21163720e-10 3.11660374e-01 5.20592276e-01 5.73067603e-01
  9.41574222e-02 4.22948419e-03 1.09870152e-07 6.07671608e-02
  7.22583958e-01]
 [3.05023063e-01 2.37746532e-01 8.87540656e-01 2.89296071e-01
  4.07482462e-01 1.76830170e-02 4.30239677e-09 4.48882992e-02
  1.00000000e+00]]",[0.70076663 0.14290415 0.4125332  0.80434738],4,0.21070145010447716,0.49858894990201647,0.5423517647555997,0.09901666070844178,0.1948723567238546
72,"[[ 0.02198125  0.46448537  0.32906293  0.05048434  0.2452864   0.4727009
   0.42083714  0.45391443  0.0786468 ]
 [-0.03418004 -0.2423144   0.30892997 -0.58263433  0.19419015 -0.27193997
  -0.54313134 -0.05050725 -0.30985669]
 [ 0.34095229 -0.39860973  0.27666885  0.42542005  0.46546689  0.0252036
  -0.09863309 -0.26464915 -0.41263985]
 [-0.51549507  0.06005087 -0.14806393  0.17034085 -0.45192764  0.11931399
   0.45684863 -0.21078803 -0.4561832 ]]","['bbo_main', 'random_fill', 'random_fill', 'random_fill']","[[1.35830694e-03 7.23648106e-01 2.84739593e-01 7.32444658e-02
  1.60792863e-01 2.43755889e-01 9.48972029e-02 5.13753826e-01
  1.00000000e+00]
 [1.92616689e-01 3.54012296e-01 9.33433588e-01 1.07483649e-01
  1.43919544e-01 8.30540312e-03 6.81913605e-09 7.15655014e-02
  7.62891705e-01]
 [1.00000000e+00 1.75835302e-01 9.30219627e-02 5.02017422e-01
  1.29899801e-01 6.74579883e-02 7.36117541e-09 4.86048650e-02
  3.90414205e-01]
 [2.71502854e-11 3.94690027e-01 2.91877967e-02 3.17211450e-01
  6.11262340e-02 4.70906752e-02 5.60333811e-01 5.20957667e-02
  5.14102844e-01]]",[ 0.93999603 -0.08093647  0.39836773  0.06188932],4,0.22134655679584592,0.5075956585421892,0.5513190284186644,0.09795269722060598,0.181432826027491
73,"[[ 0.05703306 -0.02120746  0.60550565 -0.18908979  0.31811397  0.67799121
   0.02636142 -0.17979462 -0.00397858]
 [ 0.10483418 -0.36626208 -0.23241324  0.21413929 -0.24851284  0.27981223
   0.78016524  0.04778415 -0.06321145]
 [-0.2459303  -0.86588824 -0.05195021  0.13261319 -0.28591273 -0.22442121
  -0.1684853  -0.09364208 -0.01427077]
 [-0.37785146 -0.01722918  0.29148428 -0.03667087  0.76547162 -0.04735312
  -0.03939304 -0.24946838 -0.34445346]]","['bbo_main', 'random_fill', 'random_fill', 'random_fill']","[[2.58796624e-01 2.90105135e-01 8.77214464e-01 1.62248838e-01
  1.00974395e-01 5.06888663e-01 3.11371476e-08 2.54201210e-02
  1.00000000e+00]
 [2.75382781e-01 2.99409034e-01 1.61011917e-03 3.32153995e-01
  2.60780822e-02 6.90659437e-02 9.09039858e-01 6.18068707e-02
  1.00000000e+00]
 [4.36045079e-11 3.14923653e-02 5.69143805e-02 8.46066495e-01
  7.26285647e-02 7.16025602e-02 1.68909403e-08 7.86298699e-02
  1.00000000e+00]
 [9.42991609e-10 4.93410165e-01 1.10523574e-01 2.42520360e-01
  9.88804764e-01 3.48892447e-02 2.76793250e-03 5.99956035e-02
  1.00000000e+00]]",[0.87632473 0.65174836 0.02350559 0.41054176],4,0.21831354668661584,0.5030914145043079,0.5468362863032594,0.0981639037920963,0.19891520480739677
74,"[[ 0.04631027 -0.48776717 -0.10806384  0.70387399 -0.10919813  0.20874645
   0.22424903  0.38276094 -0.02300646]
 [ 0.04804365  0.10304796 -0.29206276  0.19818723  0.04977085  0.53519282
   0.36856351  0.42893671 -0.5037458 ]
 [ 0.10287342  0.45466417  0.43619519  0.40016607 -0.10021019  0.17319182
   0.44842013  0.40868344  0.15542898]
 [-0.17596899 -0.55253248  0.18426293 -0.55057515  0.22570699  0.14026578
   0.34185986 -0.12871836 -0.35014603]]","['bbo_main', 'random_fill', 'random_fill', 'random_fill']","[[2.16013823e-01 9.18904032e-02 4.10243173e-02 8.72841677e-01
  5.74104182e-02 1.48646376e-01 3.50228964e-07 2.00469058e-01
  1.00000000e+00]
 [2.74596137e-01 4.08453710e-01 5.77673868e-10 3.00965228e-01
  1.01537355e-01 2.25968300e-01 2.02009424e-02 5.24379972e-02
  1.34963649e-01]
 [2.71155982e-01 5.17293560e-01 5.43634618e-01 1.15098669e-01
  1.14429699e-01 2.90869104e-02 5.82417426e-01 1.47897752e-01
  1.00000000e+00]
 [5.22634414e-09 2.43945149e-01 4.97170726e-01 1.75870745e-01
  1.19415463e-01 1.30067322e-01 3.82930788e-01 5.53188620e-02
  7.29362771e-01]]",[ 0.65360548  0.20287114  1.01688961 -0.22640602],4,0.20735740564887695,0.5131032660846803,0.5567955150689478,0.09727775092975446,0.18971464938551144
75,"[[ 0.05210102 -0.29493747 -0.09106582  0.3258078   0.54975953  0.55571387
   0.02448896  0.38441222 -0.19086058]
 [-0.10498573  0.34378154  0.34758887 -0.40801976 -0.5920106  -0.0788143
  -0.35334255 -0.17847815 -0.26476489]
 [ 0.31515884 -0.62832499 -0.2026305  -0.40983804 -0.14973897 -0.50798478
   0.04946842 -0.05646486 -0.10368492]
 [ 0.20439746  0.45545454 -0.28956477  0.30283675  0.51171096  0.00439493
  -0.26544818  0.42701857 -0.24606904]]","['bbo_main', 'random_fill', 'random_fill', 'random_fill']","[[2.73846348e-01 2.26860112e-01 2.86827189e-02 4.31615030e-01
  1.32282160e-01 8.97606535e-01 6.03104747e-08 4.73951561e-02
  1.00000000e+00]
 [2.83689773e-10 6.75473628e-01 8.34031103e-01 4.65654305e-02
  8.73724207e-02 9.88816576e-02 2.97232907e-08 6.21040965e-02
  9.99999930e-01]
 [1.00000000e+00 1.61602262e-01 4.89162451e-02 2.58780916e-01
  5.18523450e-02 9.58516240e-02 1.75715495e-01 1.17517182e-01
  5.92076125e-01]
 [1.00000000e+00 6.07271624e-01 1.80162913e-11 2.19734209e-01
  8.20658265e-01 3.31483502e-03 7.93438101e-09 7.14802228e-02
  1.00000000e+00]]",[ 0.48426413  0.16774788 -0.01813816  0.75193441],4,0.19798472080282647,0.5246278014421417,0.568237722138635,0.09699823266915245,0.18691050811339183
76,"[[ 0.10802644 -0.3681429  -0.18604076 -0.84433774 -0.27245646  0.0338931
  -0.04730312  0.1072261  -0.12715116]
 [-0.36453269 -0.2874267  -0.27728378  0.65229007 -0.12560853 -0.19056026
  -0.06331825  0.29765702 -0.37072033]
 [ 0.21004745 -0.2699283   0.46987177  0.596122    0.43321595  0.28684883
  -0.17995995  0.05679495  0.03617063]
 [-0.19339853  0.30316436 -0.19122904 -0.20621159 -0.69453525 -0.40753783
   0.2449105  -0.03619143 -0.28607577]]","['bbo_main', 'random_fill', 'random_fill', 'random_fill']","[[1.00000000e+00 2.78239090e-01 2.71249899e-01 4.49227192e-02
  2.77980568e-02 2.75759622e-01 1.46599451e-07 1.23956445e-01
  7.77569390e-01]
 [7.50058421e-10 1.67792313e-01 2.53478185e-02 8.42385802e-01
  8.17479154e-02 2.07821467e-02 3.35549087e-07 6.33198981e-02
  7.04031806e-01]
 [9.99999999e-01 1.34578680e-01 9.17793554e-01 3.52164762e-01
  1.27266476e-01 1.04035576e-01 8.02561300e-08 4.48883017e-02
  1.00000000e+00]
 [2.14440227e-11 7.63517150e-01 1.16411740e-03 1.40158843e-01
  8.53410996e-02 6.66419917e-10 6.61789146e-01 5.30770357e-02
  8.62528080e-01]]",[-0.1666037   0.23784357  0.93859569  0.05648358],4,0.21211121132566763,0.5411835155795469,0.5846342906891742,0.09559062207843795,0.18571286638039003
77,"[[ 0.07776845  0.28439458  0.32794361  0.42605041 -0.47721371  0.37274048
   0.2733047  -0.31888003 -0.28453033]
 [ 0.10580528 -0.26361618 -0.0658816   0.62658227 -0.29939045 -0.42574758
   0.04020705  0.31141821 -0.39098911]
 [ 0.10474722  0.3787496   0.36987803  0.74586464 -0.09671603  0.3198198
   0.18159188 -0.05434958  0.06989111]
 [-0.47087052 -0.09794846  0.18409406  0.18368248 -0.44701932 -0.07395885
  -0.07486228  0.62944433 -0.30652321]]","['bbo_main', 'random_fill', 'random_fill', 'random_fill']","[[3.33970560e-01 2.91116031e-01 5.20160594e-01 3.65791362e-01
  5.88331001e-02 6.40938228e-01 1.96267415e-02 1.12583837e-02
  9.99999998e-01]
 [4.01574864e-01 1.59885242e-01 4.50244594e-02 7.10595253e-01
  7.54835228e-02 1.68317146e-02 3.02452612e-08 6.14291758e-02
  4.99593525e-01]
 [3.27201726e-01 2.78665424e-01 1.76086045e-01 7.95662822e-01
  8.99443083e-02 2.96805205e-01 2.16359792e-07 2.63322160e-02
  1.00000000e+00]
 [1.73719913e-11 3.10957749e-01 9.70613723e-02 3.66573251e-01
  7.75730733e-02 5.64019619e-02 1.20299558e-03 9.50050211e-01
  1.00000000e+00]]",[0.36326443 0.23664994 0.95309014 0.30728603],4,0.20901462169392965,0.5406814700512428,0.5841377821950648,0.09520346927268229,0.19743660489515463
78,"[[-0.08536568  0.48149052 -0.26856175 -0.63963901 -0.33349395  0.22738235
   0.09137586 -0.31818385 -0.08428912]
 [-0.25536723 -0.53652184 -0.27516874 -0.66947085 -0.17730286  0.15121987
   0.01868205  0.1787823   0.19080605]
 [ 0.14613412 -0.21475723 -0.04163456 -0.71180041  0.36666101  0.10796291
   0.34754965  0.36144566 -0.16309778]
 [-0.20972679  0.37461848  0.23141419 -0.16014881 -0.7236051  -0.05476616
   0.22865764  0.2921662  -0.26874975]]","['bbo_main', 'random_fill', 'random_fill', 'random_fill']","[[6.29243715e-10 9.99999998e-01 4.50185451e-10 2.78678599e-02
  1.54573294e-01 4.31026142e-01 8.70825370e-03 4.49085104e-02
  9.99999999e-01]
 [2.08700440e-10 2.15345097e-01 6.29875561e-02 2.27266220e-01
  2.52994770e-02 3.34232737e-01 4.56363070e-07 5.31085155e-01
  1.00000000e+00]
 [1.00000000e+00 4.35642332e-01 2.43734707e-01 6.04851903e-02
  2.19809086e-01 3.93626671e-02 4.58703487e-01 2.35974612e-01
  1.00000000e+00]
 [4.82380361e-10 7.83995433e-01 3.03602119e-01 6.27913744e-02
  7.84374100e-02 2.16405161e-02 4.51697028e-01 1.96444865e-01
  9.99999908e-01]]",[0.41234107 0.04679398 0.1658372  0.18788697],4,0.20139003829497576,0.5668177738864266,0.6099262876910592,0.09382453025853982,0.18599951761219782
79,"[[-0.00602158  0.13735347 -0.18933355  0.3862666   0.39960258  0.33894643
   0.44051212  0.40187697 -0.40733985]
 [ 0.0950207   0.65312345 -0.04763572  0.02171795  0.43523985  0.49488244
   0.04965902 -0.34258653 -0.08652224]
 [ 0.05713244  0.31842639 -0.11835321 -0.30827836  0.23471558  0.54219576
  -0.09761119 -0.43716798 -0.48640113]
 [ 0.07946843 -0.46844409  0.48256725 -0.40585091  0.28787764  0.38689085
   0.31937427 -0.20050694  0.04356346]]","['bbo_main', 'random_fill', 'random_fill', 'random_fill']","[[1.14004472e-02 4.00548345e-01 2.86246675e-10 3.88184925e-01
  2.05282592e-01 8.73121087e-02 3.02548246e-01 4.82492846e-02
  4.05590751e-01]
 [3.10074298e-01 9.40891780e-01 1.41629741e-02 1.18045395e-01
  2.69591867e-01 5.19082846e-01 3.35343450e-08 2.69634614e-02
  1.00000000e+00]
 [2.75382781e-01 7.01264440e-01 7.17835965e-03 1.41446533e-01
  1.53927900e-01 3.14579436e-01 8.19786756e-08 4.22799401e-02
  3.75485772e-01]
 [9.99999994e-01 2.06415960e-01 9.54411860e-01 1.23975030e-01
  1.16885142e-01 2.50417291e-01 1.19397947e-02 4.50860014e-02
  1.00000000e+00]]",[0.30396968 0.92433355 0.20015267 0.56189606],4,0.203505323120808,0.5648051059234719,0.6079447395380897,0.09414177257596892,0.19100934860999952
80,"[[ 0.06640294 -0.03945078  0.23396761 -0.09725933 -0.19890705  0.58093977
  -0.07721539  0.541771   -0.50329018]
 [ 0.00949626 -0.10196924  0.23447352  0.67337776 -0.23943078  0.20823421
   0.35864191 -0.33200289 -0.37624213]
 [-0.44341014 -0.74064659  0.07752788 -0.06104854  0.25896105 -0.11673744
  -0.30009228 -0.20983518 -0.17412047]
 [ 0.03252989 -0.43217656 -0.05058389 -0.10634925  0.59309096  0.08235155
   0.57265421  0.32431067  0.0815317 ]]","['bbo_main', 'random_fill', 'random_fill', 'random_fill']","[[3.21221430e-01 2.93497667e-01 2.23622554e-01 2.23598546e-01
  5.67749486e-02 4.41803679e-01 1.01190709e-07 6.00305288e-01
  9.99999958e-01]
 [1.55858909e-01 1.65196574e-01 5.85887923e-02 7.31780828e-01
  4.96142361e-02 7.19414049e-02 2.37029354e-01 4.72800011e-02
  7.06808884e-01]
 [7.23938610e-11 1.36319069e-01 4.29408566e-01 4.17019171e-01
  5.77194921e-01 9.15751310e-02 2.07290267e-08 5.66532811e-02
  1.00000000e+00]
 [2.75382760e-01 3.28120447e-01 6.39944553e-02 2.77008087e-01
  4.63229575e-01 2.28246066e-02 6.08727368e-01 5.71912201e-02
  1.00000000e+00]]",[ 0.10763095  0.29761933 -0.1403591   0.55974214],4,0.1927447028907173,0.5648051059234719,0.6079447395380897,0.0933569617292763,0.1902986533546323
81,"[[ 0.01483455 -0.78772682 -0.38157407 -0.21009528  0.17467978 -0.1874581
   0.25177802  0.24459579  0.02558827]
 [ 0.0155394  -0.55778081  0.34950827  0.53921367 -0.1828714   0.27277404
   0.13892874 -0.10804343 -0.37001281]
 [ 0.20133151  0.32238608  0.45276446  0.17539876 -0.5141718  -0.33203616
  -0.17626828 -0.44743539  0.11782557]
 [ 0.07777273 -0.24317462  0.31487439 -0.20384085 -0.2638562   0.2941823
   0.74189876  0.02931578  0.29442152]]","['bbo_main', 'random_fill', 'random_fill', 'random_fill']","[[3.38197380e-01 1.60715234e-01 9.15677924e-12 3.53771359e-01
  5.78790715e-02 9.90781346e-02 3.70554085e-01 4.71375735e-01
  1.00000000e+00]
 [1.74444236e-01 1.00046691e-01 5.45527697e-01 5.58937393e-01
  4.94194286e-02 2.12792037e-01 4.43693352e-08 4.66134818e-02
  7.69467522e-01]
 [1.00000000e+00 3.79170880e-01 9.54411870e-01 1.91410578e-01
  9.32979325e-02 3.45579307e-04 9.97691696e-08 4.58080207e-02
  1.00000000e+00]
 [2.68517468e-01 3.78845095e-01 2.84585134e-01 1.32441736e-01
  3.36140024e-02 6.23640446e-02 8.75702621e-01 6.34269505e-02
  1.00000000e+00]]",[0.02981108 0.19821739 0.83851139 0.94681011],4,0.19716335139890495,0.5708442124843007,0.6138882813328168,0.09310920373880506,0.2006599977984404
82,"[[ 0.05653353  0.45255021  0.09556235 -0.03090436 -0.72917421  0.07846227
   0.19166732 -0.35562981 -0.28434969]
 [-0.09509642 -0.49158563  0.12961317 -0.34378899 -0.58034636  0.29566408
  -0.20014164 -0.37922412 -0.07888623]
 [ 0.1399207   0.09814676  0.40690904 -0.35095262  0.42284516 -0.36800899
   0.47536518 -0.3707728  -0.06613265]
 [ 0.00756669 -0.17751552  0.56273287 -0.57373231  0.32478602  0.13175918
   0.1254356   0.42834854 -0.02304217]]","['bbo_main', 'random_fill', 'random_fill', 'random_fill']","[[3.35435057e-01 9.13616942e-01 6.92448349e-02 1.31652627e-01
  7.97211466e-02 8.15997531e-02 4.23837886e-02 4.60082686e-02
  6.23284691e-01]
 [1.20098459e-09 1.64334047e-01 5.00858295e-01 1.99769229e-01
  1.08699581e-02 6.61546327e-01 9.03538930e-08 5.49711080e-02
  1.00000000e+00]
 [9.99999999e-01 4.43656655e-01 5.15613765e-01 7.90001367e-02
  1.88549288e-01 3.07716490e-11 5.51318913e-01 4.48882993e-02
  9.99999999e-01]
 [2.47467773e-01 3.12826428e-01 9.54411868e-01 9.23440843e-02
  1.55106626e-01 9.35294098e-02 5.22872286e-08 2.28433484e-01
  1.00000000e+00]]",[0.19777219 0.00500965 0.62457572 0.56794592],4,0.20914531804418363,0.5864606656382039,0.6292270032154199,0.0919523548537986,0.18277234138870346
83,"[[ 0.08503554  0.43019658  0.12888545  0.20859731 -0.40628136  0.40087577
  -0.11420305  0.47019291 -0.43322734]
 [ 0.24638273 -0.62828081 -0.22431993 -0.17942735 -0.03252273  0.26645961
   0.31189166 -0.48637333 -0.23696266]
 [ 0.00994528 -0.33536585  0.56007006 -0.16808088  0.23033943  0.27916694
   0.41629419  0.32257938 -0.37034098]
 [ 0.13297217  0.26258812  0.24833802 -0.57465729  0.31687365  0.33458902
   0.23951921  0.26477904 -0.42617718]]","['bbo_main', 'random_fill', 'random_fill', 'random_fill']","[[3.38197380e-01 5.42375574e-01 5.16269156e-02 2.18931492e-01
  1.21135676e-01 1.55013414e-01 7.52446689e-09 8.90559433e-01
  1.00000000e+00]
 [1.00000000e+00 1.85043444e-01 3.53097037e-02 2.76010190e-01
  2.91133539e-02 3.50743855e-01 4.97283069e-01 5.23185015e-02
  1.00000000e+00]
 [2.42208465e-01 2.02213806e-01 9.54411867e-01 1.88381161e-01
  1.07372484e-01 1.22750808e-01 2.82934068e-01 5.07140556e-02
  1.00000000e+00]
 [1.00000000e+00 6.11270210e-01 3.32970135e-01 3.46064738e-02
  1.80891906e-01 1.65488315e-01 2.72903003e-03 5.78799081e-02
  5.20474928e-01]]",[0.31284273 0.05788072 0.26026969 0.2631417 ],4,0.19181332380544575,0.6101804993805866,0.6524392094371587,0.09065705474933436,0.1734730027067769
84,"[[-0.154169   -0.79638304 -0.1162728  -0.39846776 -0.056661    0.03940002
   0.08778799 -0.36235652 -0.16105356]
 [-0.10158793 -0.65903288  0.50332666 -0.22509062  0.16802511  0.00239682
  -0.2288219  -0.40329955  0.09002154]
 [-0.38368884 -0.28622434 -0.26550362 -0.66187976 -0.00784168 -0.12536913
   0.31386369  0.32082791  0.21227726]
 [ 0.33190647 -0.0920365  -0.139725    0.01836785 -0.13869448  0.51671091
   0.5323674   0.46482846 -0.2753181 ]]","['bbo_main', 'random_fill', 'random_fill', 'random_fill']","[[1.75688875e-09 1.10686973e-01 1.26280404e-01 3.29364331e-01
  3.51220703e-02 2.40733604e-01 7.43672999e-03 1.00318314e-01
  4.91527202e-01]
 [4.82199539e-10 8.93136695e-02 1.00000000e+00 3.07052223e-01
  1.04638457e-01 9.27934302e-02 4.45408827e-08 4.84579286e-02
  1.00000000e+00]
 [1.07836194e-10 4.91168015e-01 3.72998597e-03 1.61289251e-01
  6.79530910e-02 4.02193163e-02 7.43769561e-01 2.79400992e-01
  1.00000000e+00]
 [9.99999997e-01 3.16918370e-01 7.40736271e-10 2.52408733e-01
  2.35376533e-02 2.66270978e-01 6.72686949e-01 5.89302717e-02
  1.00000000e+00]]",[-0.34143876  0.4636342   0.28145537  0.55188616],4,0.19567398214429796,0.6152341494439679,0.6573710998641669,0.09065969664313772,0.1835967838610711
85,"[[ 0.14347448  0.75922214  0.12206491  0.00387711  0.13522714  0.08939877
   0.30176623  0.31165225 -0.41666946]
 [ 0.11142211  0.39715688 -0.21670457  0.68894243  0.37091002  0.02753002
   0.09368236  0.37720194 -0.13732862]
 [ 0.08920937 -0.39758201  0.07040639  0.3293231   0.25958479  0.43241828
   0.49465974  0.41915538 -0.21403302]
 [ 0.02125771  0.19355586 -0.04175577 -0.52074644 -0.74395983  0.21615603
  -0.10350839 -0.16814255  0.22355823]]","['bbo_main', 'random_fill', 'random_fill', 'random_fill']","[[9.99999989e-01 9.65013673e-01 6.18035328e-02 1.06059063e-01
  2.04882476e-01 1.63837052e-02 1.17689191e-02 5.71990781e-02
  7.17211549e-01]
 [4.59284071e-01 4.44403652e-01 9.19809382e-11 5.23751361e-01
  2.58851222e-01 1.33784915e-09 8.41821730e-08 5.72063315e-01
  1.00000000e+00]
 [3.99231807e-01 1.77163316e-01 4.46724164e-02 4.47351609e-01
  6.40779279e-02 2.63164793e-01 3.77963166e-01 3.41149113e-01
  1.00000000e+00]
 [3.35435046e-01 7.54823120e-01 1.69799302e-01 1.55161110e-02
  3.85570664e-02 5.05829127e-01 1.49255967e-08 5.06207791e-02
  1.00000000e+00]]",[0.63579736 0.76297219 0.36200227 0.43376079],4,0.20295143025384776,0.5884773279871256,0.631204557013936,0.09130335483223484,0.19738189487683033
86,"[[-0.18559565 -0.45737537  0.12652842 -0.71468714  0.16197567 -0.31232816
   0.08037038  0.18559629 -0.25472435]
 [ 0.12196249  0.53849628  0.51884778 -0.238543    0.09797007 -0.10476531
  -0.19107797  0.43926547 -0.34496707]
 [-0.09310457 -0.64305144 -0.44243104 -0.16702144  0.07463487 -0.47193282
  -0.3463542  -0.07666805 -0.00669414]
 [-0.03877469 -0.54155959  0.31054476 -0.44907916  0.09737925 -0.18350958
   0.3813533   0.43579973 -0.16908387]]","['bbo_main', 'random_fill', 'random_fill', 'random_fill']","[[5.81597862e-10 3.83703703e-01 3.79577147e-01 1.10146828e-01
  2.27628961e-01 3.54923036e-02 1.17388656e-02 1.06404652e-01
  3.84951292e-01]
 [9.99999990e-01 6.76953481e-01 4.94933216e-01 5.69132920e-02
  1.73284699e-01 2.69114672e-03 6.93831038e-08 3.62149238e-01
  1.00000000e+00]
 [2.42337976e-10 1.17312925e-01 3.18545981e-11 5.52396534e-01
  4.81003881e-01 7.45562243e-02 1.40930238e-08 1.02891317e-01
  1.00000000e+00]
 [2.30279589e-01 2.09123102e-01 7.53525659e-01 1.94220416e-01
  7.78918463e-02 2.22507168e-02 3.27249672e-01 2.48805746e-01
  1.00000000e+00]]",[-0.25776944  0.56052551 -0.1815688   0.09224664],4,0.1905066520124545,0.6036143944404848,0.646024111780259,0.09070912969967757,0.17373528181282039
87,"[[ 0.00873718  0.42250781  0.43806492  0.4836126  -0.13509646 -0.20946809
   0.19856501  0.38996657 -0.37682738]
 [ 0.46898269  0.40747153  0.35232269 -0.1554726  -0.07102917  0.52327974
   0.41993361 -0.10033678 -0.02099145]
 [ 0.06243139  0.47298579  0.11100328  0.14988376 -0.47156467 -0.42836636
   0.29713454  0.36954802 -0.32691626]
 [-0.30339688 -0.14660757 -0.32505254 -0.65845695 -0.49896308  0.15465095
  -0.21500988  0.12523123 -0.11152873]]","['bbo_main', 'random_fill', 'random_fill', 'random_fill']","[[1.51918691e-03 4.08147835e-01 5.65267262e-01 2.67257344e-01
  1.28765048e-01 6.85459580e-04 2.07542482e-02 7.06679492e-02
  3.81646659e-01]
 [1.00000000e+00 5.49322122e-01 4.14245125e-01 6.60876528e-02
  1.14537513e-01 6.16855208e-01 2.50408799e-02 2.44763239e-02
  1.00000000e+00]
 [2.75382786e-01 7.38435066e-01 5.27075363e-02 1.70830960e-01
  1.23221179e-01 5.16019884e-09 2.78542211e-01 5.73724401e-01
  9.99999986e-01]
 [4.70613405e-12 5.04473957e-01 1.29917514e-11 5.54723684e-02
  3.03848104e-02 5.70442090e-01 2.13450861e-09 1.30519633e-01
  1.00000000e+00]]",[ 0.41965671  1.13020947  0.30767754 -0.13261095],4,0.20897124604129225,0.6147286741815099,0.6568780210763154,0.09065709742885752,0.18232084872498788
88,"[[ 0.02406342 -0.28189297 -0.38587313 -0.71460606  0.20572238  0.20924087
   0.00444842  0.26212735 -0.32490527]
 [-0.11412987 -0.45382789 -0.11554921 -0.74354035  0.13840242  0.12070037
   0.00938979 -0.40368683 -0.13429708]
 [-0.04474053  0.14646687  0.43420683  0.55503505  0.41503821  0.1806675
   0.34873185  0.15953109 -0.35774953]
 [-0.01592063  0.03649173  0.48833245  0.58872245  0.37791516 -0.10084076
   0.41787872 -0.26936398 -0.11482105]]","['bbo_main', 'random_fill', 'random_fill', 'random_fill']","[[3.38197380e-01 4.34753314e-01 9.77122673e-11 1.63319805e-01
  1.92392469e-01 1.38886212e-01 3.02407842e-08 8.10363623e-02
  2.00259065e-01]
 [6.35204635e-11 3.20009130e-01 4.02226157e-01 4.95550006e-02
  1.55779972e-01 4.31843840e-01 2.88401646e-08 5.92094746e-02
  7.99027065e-01]
 [2.29389929e-10 2.08120777e-01 9.14573073e-01 3.99689352e-01
  1.76620955e-01 7.01109993e-02 7.83594014e-02 4.81252227e-02
  9.37314628e-01]
 [1.35358413e-09 1.96710921e-01 9.23489335e-01 4.03457736e-01
  1.08527849e-01 4.74896994e-10 2.19136564e-01 4.48882998e-02
  9.99999997e-01]]",[-0.20630831 -0.28607718  0.43508953  0.70134724],4,0.19524358924332078,0.6218075726862599,0.6637788793027208,0.090064220724556,0.1855590588743109
89,"[[ 0.04174534 -0.03455218  0.35425852 -0.66710431 -0.60213464 -0.20446549
   0.10587515 -0.09273021  0.0485337 ]
 [ 0.19205783 -0.02581498 -0.15707891 -0.53911742 -0.40856307 -0.20491084
  -0.09938641  0.62751892  0.18589277]
 [ 0.11829066  0.30886014 -0.33222296 -0.47454783  0.44803684 -0.19746764
   0.32775777 -0.31466959 -0.3299582 ]
 [ 0.13748197 -0.34627186  0.31906153  0.52405525  0.47712067  0.00786196
  -0.29164442  0.31576604  0.2688675 ]]","['bbo_main', 'random_fill', 'random_fill', 'random_fill']","[[1.00000000e+00 3.40413222e-01 9.54411869e-01 5.98642251e-02
  8.65215627e-02 6.55871608e-02 6.06499902e-03 7.70077305e-02
  1.00000000e+00]
 [1.00000000e+00 4.17252513e-01 3.55125704e-02 1.85899035e-01
  9.98609916e-02 4.91950615e-02 3.43081115e-09 8.41733747e-01
  1.00000000e+00]
 [9.99999999e-01 7.18488498e-01 4.00564247e-11 9.89101667e-02
  4.67476265e-01 2.97322479e-10 3.51538443e-01 5.83230065e-02
  1.00000000e+00]
 [9.99999999e-01 1.67762018e-01 2.16848280e-01 5.57182911e-01
  4.89936619e-01 2.94905672e-03 4.03780934e-08 7.04797460e-02
  1.00000000e+00]]",[0.30468312 0.73870329 0.26962088 0.96547795],4,0.1827125132081167,0.6218075726862599,0.6637788793027208,0.0891620287547112,0.1937272950484672
90,"[[ 0.07943334  0.09773214  0.42101754  0.16749932  0.60971606  0.17276626
   0.05170899  0.57085848 -0.22061711]
 [-0.07031356  0.34706188  0.60491414  0.02377023  0.25425169  0.40657929
  -0.03086856 -0.29751173 -0.43439749]
 [ 0.23762486 -0.08219037 -0.33935564 -0.60911976 -0.3549613  -0.27438759
  -0.23658421 -0.3953666  -0.19239835]
 [ 0.00597317 -0.67669671 -0.27748133  0.16567073 -0.30344304  0.29001032
   0.32665693 -0.32377639 -0.22334645]]","['bbo_main', 'random_fill', 'random_fill', 'random_fill']","[[3.33970568e-01 4.47499304e-01 2.93917340e-01 2.06821574e-01
  2.74387337e-01 1.53539649e-02 2.11967005e-07 7.70983421e-01
  1.00000000e+00]
 [1.53733377e-09 4.67590417e-01 9.09059380e-01 1.03623926e-01
  1.33403873e-01 4.23049969e-01 2.29721713e-07 2.70017755e-02
  1.00000000e+00]
 [1.00000000e+00 5.31379276e-01 2.80630745e-10 1.39319848e-01
  1.18078204e-01 3.73118857e-02 4.04801030e-08 7.10523100e-02
  3.15180339e-01]
 [2.74717376e-01 1.18614678e-01 3.39335780e-08 5.11274121e-01
  8.84815489e-03 4.61032242e-01 3.40746407e-01 4.94697796e-02
  1.00000000e+00]]",[ 0.61810662  0.47813952 -0.03179487  0.00904069],4,0.19175362475246005,0.6299037159919763,0.6716596009072935,0.08913019249296403,0.17703322965044987
91,"[[ 0.04979498 -0.63723524  0.25716945  0.35410131  0.36980314  0.24970854
   0.39857465 -0.0656516  -0.19402897]
 [ 0.12267594  0.21629336  0.29246021  0.58329501  0.22534523 -0.22444943
   0.47087735  0.37259579 -0.22514579]
 [ 0.06516332  0.13449155  0.28602347 -0.1186008   0.47562232 -0.05454627
   0.625895    0.5071253   0.06064384]
 [-0.0097106  -0.14238159 -0.43905305 -0.60199735 -0.50641347  0.18035145
  -0.02383433  0.35425422 -0.09705372]]","['bbo_main', 'random_fill', 'random_fill', 'random_fill']","[[2.42208465e-01 1.14031089e-01 4.75530934e-01 4.85429873e-01
  2.46303412e-01 1.47563202e-01 2.41458501e-01 4.49352130e-02
  1.00000000e+00]
 [9.99999999e-01 3.15715647e-01 8.22152343e-02 4.79715020e-01
  8.29588035e-02 2.01437601e-10 6.05845387e-01 4.49877063e-02
  1.00000000e+00]
 [1.81559452e-01 5.07887396e-01 2.69631152e-01 9.13847186e-02
  2.13844640e-01 2.59856021e-10 8.28397844e-01 4.94885702e-02
  1.00000000e+00]
 [2.75382780e-01 4.19594362e-01 2.73092841e-10 1.81011658e-01
  8.25640912e-02 1.43692072e-01 1.99770003e-07 8.91061460e-01
  1.00000000e+00]]",[0.26077129 0.59041288 0.85236022 0.03132688],4,0.18719934763081328,0.649158173615922,0.6903501978075228,0.08787000608402315,0.1662101656204108
92,"[[-0.09026212 -0.4292947  -0.03756334 -0.77760145 -0.05376975 -0.2577399
  -0.26010907 -0.22970781  0.10835284]
 [ 0.04845098 -0.09113739  0.58510194  0.39706825 -0.31517684  0.25579619
   0.07774545  0.34265994 -0.44845365]
 [-0.03498889  0.59486662  0.33659643 -0.23810875 -0.59883266  0.23325409
   0.19330439  0.15578916  0.01648239]
 [ 0.10440309  0.39769286  0.36263279 -0.30381443  0.31402283  0.08204754
   0.50191228  0.02429585 -0.49928576]]","['bbo_main', 'random_fill', 'random_fill', 'random_fill']","[[1.21801605e-07 2.93493957e-01 5.75112457e-01 4.63963653e-02
  1.68556130e-01 9.90189627e-02 7.50816101e-06 1.17141058e-01
  1.00000000e+00]
 [2.39945733e-01 1.43732631e-01 9.54411867e-01 3.51017938e-01
  7.86236925e-02 1.34707425e-01 4.66705631e-08 4.97763051e-02
  8.35385410e-01]
 [1.74693467e-10 9.87067466e-01 4.01516679e-01 1.91322102e-02
  8.94005112e-02 2.12790620e-01 8.58411535e-03 5.11283115e-02
  1.00000000e+00]
 [3.36417280e-01 6.77559104e-01 2.90306133e-01 6.33176270e-02
  1.43541763e-01 6.79257059e-09 4.80054226e-01 4.52752735e-02
  6.62834676e-01]]",[-0.13681812  0.34843449  0.73997233  0.34679773],4,0.21030581802721637,0.6486509975805126,0.6898588197693168,0.0884699372137174,0.1637899678488492
93,"[[-0.30832795 -0.11348057 -0.16395597 -0.48031499  0.44414617  0.38626148
   0.45601453 -0.27153218 -0.07955671]
 [ 0.11860889  0.0436563   0.12801705  0.13172842  0.42182703 -0.19103945
   0.50367687 -0.51359214 -0.46731565]
 [ 0.16684861 -0.17722226 -0.38448798  0.10126846  0.43360176 -0.5161294
   0.40540637  0.39762864 -0.07618794]
 [ 0.19667446  0.48218205  0.05953026 -0.3502877   0.53217864  0.386332
  -0.10723909  0.34003415  0.20732665]]","['bbo_main', 'random_fill', 'random_fill', 'random_fill']","[[1.30276354e-10 5.25280290e-01 5.81648696e-03 1.64279736e-01
  2.46820545e-01 1.20315896e-01 8.16429110e-01 4.51906056e-02
  1.00000000e+00]
 [9.99999285e-01 4.46723449e-01 6.83070497e-02 2.01011880e-01
  2.22134444e-01 6.87219665e-09 4.60026666e-01 4.48883035e-02
  6.25674081e-01]
 [1.00000000e+00 3.66182090e-01 8.36706574e-13 3.01709611e-01
  2.04172694e-01 2.39134662e-12 4.11399645e-01 4.15833546e-01
  1.00000000e+00]
 [1.00000000e+00 8.12574947e-01 6.08536453e-02 5.98589510e-02
  5.71642143e-01 1.68388914e-01 4.37361745e-09 5.57762133e-02
  1.00000000e+00]]",[0.29710514 0.18330008 0.47697972 1.16670053],4,0.18582978080116436,0.6516944490646792,0.6928066927331391,0.0883184888733755,0.17310130471543
94,"[[ 0.12030347  0.61855649 -0.1887173   0.12226623  0.33116386  0.41769309
  -0.09969916  0.43187538 -0.26787758]
 [ 0.11579346  0.13321138  0.08944313 -0.56116066 -0.5185058  -0.5178683
  -0.15891041 -0.18802071 -0.2197842 ]
 [-0.15136356  0.11875875  0.49636486 -0.31346129 -0.52640888 -0.31395755
  -0.09042602  0.4082797  -0.26039307]
 [-0.46784029 -0.6622665  -0.06742087 -0.28575418 -0.18507757 -0.41122693
  -0.22955232  0.01645543  0.00108585]]","['bbo_main', 'random_fill', 'random_fill', 'random_fill']","[[9.99999999e-01 9.04881812e-01 2.24750472e-11 1.26403257e-01
  2.00658889e-01 2.04936523e-01 9.30810427e-09 3.01085373e-01
  1.00000000e+00]
 [1.00000000e+00 6.19869456e-01 2.88437258e-01 5.96920387e-02
  1.40538923e-01 3.28432892e-03 8.82544353e-08 7.19824588e-02
  4.40376110e-01]
 [3.12466142e-11 3.85946938e-01 9.54411869e-01 1.17085922e-01
  1.11796595e-01 1.49881997e-02 7.50768058e-09 2.38913702e-01
  1.00000000e+00]
 [1.22520752e-11 5.10217472e-02 4.45646130e-01 3.16517133e-01
  1.83648503e-02 1.43318396e-01 1.02928074e-08 1.82772960e-01
  1.00000000e+00]]",[ 0.70968415  0.00577601  0.25646335 -0.21252378],4,0.17976682655415355,0.659307260914558,0.7001721920718283,0.08725962804557627,0.16935928578482934
95,"[[ 0.00901735 -0.34178103 -0.41855499 -0.2617723  -0.25872301  0.42040157
   0.43003307  0.27736172 -0.36586659]
 [-0.07733957  0.12394785  0.03922674 -0.56895563  0.08133471 -0.25345119
  -0.199554   -0.39913237 -0.61921319]
 [-0.33507486 -0.3462649   0.23051019  0.44106973  0.43399825  0.32673702
   0.11967393  0.36936825 -0.27254667]
 [-0.08896897 -0.67956233  0.05688351 -0.47553186 -0.41098132 -0.3390798
   0.01614919 -0.06758603 -0.11047104]]","['bbo_main', 'random_fill', 'random_fill', 'random_fill']","[[2.75382780e-01 2.65563380e-01 2.60796021e-10 2.74577719e-01
  8.56260816e-03 3.56348741e-01 6.24629879e-01 6.38637828e-02
  9.47127872e-01]
 [1.43801550e-09 6.01144391e-01 9.74996006e-02 1.74785784e-01
  1.55868390e-01 4.25498012e-02 5.57359447e-08 6.75897822e-02
  7.52377151e-02]
 [1.83876563e-10 1.76209915e-01 1.18341296e-01 5.63494805e-01
  6.50928855e-01 1.74609282e-01 1.20459408e-07 5.38581145e-02
  1.00000000e+00]
 [7.67212189e-10 1.04509102e-01 8.70916123e-01 2.01584358e-01
  6.71264286e-02 8.68031580e-02 1.13170481e-02 1.07600197e-01
  1.00000000e+00]]",[-0.07276149 -0.09278246  0.30170419 -0.29192092],4,0.1889813362533881,0.6709920565861394,0.7114541404291181,0.0865158735460063,0.16684780106843575
96,"[[ 0.1416924  -0.31531428  0.17880045  0.06441793  0.53839459  0.47510836
   0.07318889  0.37572439 -0.42691777]
 [-0.12603045  0.76221417 -0.06718811  0.40677052  0.12010918 -0.1854664
  -0.18790573  0.32397398 -0.20994685]
 [ 0.09894168  0.00681216  0.39208758  0.29400157 -0.02095709  0.45541261
   0.56725567  0.15389518 -0.44349969]
 [-0.32322305 -0.32562223  0.51494866 -0.25684138  0.52649669  0.11135523
   0.40615388  0.02904832 -0.05434954]]","['bbo_main', 'random_fill', 'random_fill', 'random_fill']","[[1.00000000e+00 2.54952787e-01 1.35935579e-01 2.41850103e-01
  6.65285574e-01 2.57661045e-01 2.71205491e-08 5.99645530e-02
  9.99999999e-01]
 [3.58954219e-11 1.00000000e+00 2.05222038e-11 2.35936852e-01
  1.91672213e-01 4.59615144e-11 6.62420943e-09 3.98301605e-01
  1.00000000e+00]
 [2.71155976e-01 2.91609329e-01 4.75498124e-01 2.07055620e-01
  3.63566529e-02 1.82504653e-01 6.79522152e-01 4.43747305e-02
  9.99999987e-01]
 [4.04258266e-11 2.39675507e-01 9.54411869e-01 1.85083641e-01
  2.81012915e-01 7.72596031e-02 1.19226673e-01 5.41045849e-02
  1.00000000e+00]]",[0.17740242 0.80030043 0.30727186 0.51809441],4,0.19968492609993055,0.6745511933383376,0.7148848823482524,0.08613891918884,0.1721939611655422
97,"[[-0.05136034  0.38088002  0.17401098 -0.13894775  0.31725376  0.51535411
   0.47622646  0.20856322 -0.40764709]
 [-0.3223132  -0.35972715  0.20677875  0.47955218 -0.57741896 -0.14869907
   0.25526405  0.2398127   0.12565391]
 [-0.19126621 -0.60377655  0.18682242 -0.02241516 -0.24976072  0.41962383
   0.38952998 -0.11844556 -0.39904703]
 [ 0.31167822  0.51016143  0.48490392  0.24503811  0.49263048 -0.17295872
   0.04013633 -0.13860398 -0.23236826]]","['bbo_main', 'random_fill', 'random_fill', 'random_fill']","[[1.64540677e-10 7.36962680e-01 8.14961321e-02 1.24435797e-01
  1.42781800e-01 4.06147972e-01 5.11351035e-01 3.97270994e-02
  1.00000000e+00]
 [1.02832623e-10 1.21178395e-01 6.36680052e-02 8.48040381e-01
  4.97347344e-02 2.97079723e-02 2.74444633e-01 6.38072350e-02
  1.00000000e+00]
 [5.68527853e-10 1.63662913e-01 2.23996279e-01 3.55503471e-01
  1.31029881e-02 3.65793673e-01 2.12996004e-01 6.23510696e-02
  6.36137635e-01]
 [1.00000000e+00 6.59187186e-01 3.47250815e-01 1.14310244e-01
  6.14874592e-01 3.45579488e-04 7.98568550e-08 5.66839978e-02
  1.00000000e+00]]",[ 0.37635101  0.55412986 -0.09297955  0.90698506],4,0.17906752655092462,0.6842186692111658,0.7241899344363016,0.08588751232249424,0.15908996764906808
98,"[[ 0.08034508 -0.7835594   0.11241118 -0.06947891  0.28195582 -0.1437529
   0.34025415  0.19861724 -0.32669569]
 [ 0.18019198 -0.37794624  0.1011227  -0.2631102  -0.23538242 -0.27540512
   0.34858377 -0.54781684 -0.43859766]
 [ 0.06270548  0.01712876 -0.09940818 -0.65572019  0.39462074  0.20051817
   0.37463338  0.24085104 -0.40203386]
 [-0.08071798  0.21572979  0.267339   -0.57659211 -0.56333545  0.2111465
   0.37821281 -0.04082959  0.19072233]]","['bbo_main', 'random_fill', 'random_fill', 'random_fill']","[[9.99999989e-01 1.43617303e-01 2.50518495e-01 3.44953733e-01
  8.39288341e-02 5.57160536e-02 2.55025445e-01 6.88907092e-02
  6.35184956e-01]
 [1.00000000e+00 3.13456638e-01 1.13919191e-01 2.57088937e-01
  6.25653119e-02 4.43758840e-02 2.96386555e-01 5.41146752e-02
  4.21733321e-01]
 [3.96469474e-01 5.55128263e-01 6.67928990e-02 1.33545770e-01
  2.92450030e-01 5.49167349e-02 2.46405697e-01 6.07032465e-02
  4.40904334e-01]
 [4.53437270e-10 5.76420624e-01 3.13879476e-01 4.17204860e-02
  7.19982751e-02 8.81279022e-02 7.88220422e-01 5.16683605e-02
  1.00000000e+00]]",[-0.1193945  -0.13264944 -0.00374653  0.64898413],4,0.18376814477199646,0.6995043930184324,0.7388608341841651,0.08547813286802128,0.1666367585494182
99,"[[ 2.23264287e-02 -6.14285114e-01 -5.73378331e-02 -2.70111535e-01
  -2.96971486e-02 -5.31703243e-01 -1.99305271e-01 -4.71591292e-01
  -1.40094200e-02]
 [ 3.08699917e-02  1.23275829e-01 -2.11549373e-01 -7.20497282e-01
  -4.24852625e-01  3.54375810e-01  3.28861248e-01  7.58213981e-02
  -2.66739441e-04]
 [-1.04304144e-01 -1.97422335e-01  3.15631788e-01 -6.60358729e-01
   3.83283267e-01 -1.51633321e-01  3.75101904e-01  2.85613534e-01
  -1.49240528e-01]
 [ 6.96425204e-02 -7.11281987e-01 -5.81117634e-01 -2.65886888e-01
  -2.58654928e-02  1.37258752e-01 -4.24792080e-02  1.07561872e-01
   2.18977818e-01]]","['bbo_main', 'random_fill', 'random_fill', 'random_fill']","[[9.99999999e-01 9.48624029e-02 8.19800067e-01 2.76877528e-01
  9.78903314e-02 9.97258358e-03 5.01210519e-07 4.48883183e-02
  9.99999998e-01]
 [2.75382781e-01 6.19208686e-01 6.39286263e-03 6.48130168e-02
  7.00275993e-02 2.82297749e-01 6.13309170e-01 6.57511093e-02
  1.00000000e+00]
 [1.24940807e-10 4.37354445e-01 6.32527899e-01 8.75958857e-02
  2.59224640e-01 3.45578756e-04 4.89597458e-01 6.88947719e-02
  1.00000000e+00]
 [9.99999999e-01 7.34873650e-02 1.13211564e-10 3.49034367e-01
  1.14815509e-02 5.23652757e-01 1.42455544e-07 1.03256159e-01
  1.00000000e+00]]",[-0.20112749  0.31348482  0.20884742  0.22623181],4,0.18897678921127714,0.6949158832035325,0.7344623568689224,0.0853414234999848,0.16854357358778682
100,"[[-4.55721155e-02 -1.30238345e-01 -2.95902436e-01 -7.49846609e-01
  -3.55644857e-01 -3.65785798e-01  1.27132881e-02  1.04608607e-01
   2.44429671e-01]
 [-2.07275609e-04 -1.18851768e-01  1.86595565e-03 -5.12440501e-01
  -5.46396501e-01 -4.92291095e-01  2.19169823e-01  3.16243562e-01
  -1.85284660e-01]
 [ 6.94022371e-02 -2.09806637e-01 -3.98328944e-01  4.37601385e-01
  -4.27496959e-02  4.26176367e-01 -7.24189811e-02  6.29273790e-01
  -1.27748736e-01]
 [-1.94551097e-01  6.89045742e-01  1.58547697e-01  2.62560517e-01
  -4.58924840e-01  2.92843065e-01 -4.87804278e-02 -3.05816913e-01
   3.19038345e-02]]","['bbo_main', 'random_fill', 'random_fill', 'random_fill']","[[8.33186892e-02 6.57287594e-01 3.44290298e-10 4.08799878e-02
  1.17747051e-01 6.07213103e-02 9.15187065e-02 4.98563556e-01
  1.00000000e+00]
 [2.65866067e-01 4.20876567e-01 2.74421755e-01 1.13838865e-01
  7.78651770e-02 3.59593852e-02 3.05547565e-01 6.26143157e-01
  1.00000000e+00]
 [2.75382781e-01 2.39152562e-01 1.00022661e-10 4.37147990e-01
  8.33351089e-02 1.40454204e-01 3.77416169e-08 8.62257683e-01
  1.00000000e+00]
 [4.74106639e-11 1.00000000e+00 5.61766899e-02 1.86865832e-01
  8.67732645e-02 3.99908766e-01 1.10821843e-08 3.03309741e-02
  1.00000000e+00]]",[ 0.11360531 -0.08845248  0.63137609  0.84693223],4,0.18252212293591663,0.6949158832035325,0.7344623568689224,0.08534336682913189,0.17729247153152036
101,"[[ 0.053361    0.08534568  0.23506771  0.14636604  0.52998622  0.46199678
   0.42132477  0.47953858 -0.10672691]
 [-0.01415471  0.29244585  0.26170933  0.19109558  0.56456403  0.50583641
   0.18931232  0.41435317 -0.16472721]
 [ 0.01762024 -0.40523881  0.58614793 -0.00314207 -0.36931296 -0.4191413
   0.29726744 -0.1943726  -0.23167139]
 [ 0.10579682  0.27488359  0.16557832 -0.41157373  0.01172055  0.58084957
   0.52172741 -0.03206174 -0.32509365]]","['bbo_main', 'random_fill', 'random_fill', 'random_fill']","[[2.42208468e-01 4.42412335e-01 1.09799635e-01 2.23330735e-01
  2.50180155e-01 1.63251264e-01 3.24840845e-02 8.11274840e-01
  1.00000000e+00]
 [9.29222754e-10 6.01779373e-01 1.06195368e-01 1.77349141e-01
  8.91250080e-01 1.75403142e-01 8.06423460e-03 5.44652993e-02
  1.00000000e+00]
 [2.42208471e-01 1.36249446e-01 9.99999986e-01 3.09046019e-01
  7.83594716e-02 1.55007466e-09 1.93271876e-01 5.31264264e-02
  1.00000000e+00]
 [3.96469474e-01 6.11114152e-01 2.44670799e-01 4.93443702e-02
  9.66564952e-02 3.72712272e-01 4.99992048e-01 4.09526684e-02
  1.00000000e+00]]",[0.61319147 0.68893118 0.32074765 0.38220932],4,0.17611288661707425,0.702054618718835,0.7413033791368022,0.0846915395142841,0.17279305283366975
102,"[[ 0.08806962  0.13824611 -0.30449363 -0.26790298  0.49605359  0.30085865
  -0.15885074  0.48542113 -0.45955529]
 [ 0.0854667  -0.38227784 -0.52980263  0.13233516 -0.13000132 -0.13698053
   0.31099253 -0.36845636 -0.52935359]
 [ 0.11866526 -0.24592366  0.243155    0.19847197  0.51078179 -0.14204489
   0.45613239  0.45650292 -0.35971958]
 [ 0.02784967 -0.54337862  0.00674196  0.21087148 -0.12265028 -0.26499479
   0.28963765 -0.37030431 -0.59428213]]","['bbo_main', 'random_fill', 'random_fill', 'random_fill']","[[4.11647876e-01 5.64031617e-01 4.33404824e-10 1.75500636e-01
  3.25796926e-01 9.48912966e-02 1.02995117e-07 6.54587103e-02
  2.66666573e-01]
 [3.38197380e-01 2.66731083e-01 2.50975597e-09 4.08446308e-01
  9.56675030e-02 9.32308688e-02 1.10608944e-02 5.64287048e-02
  1.01619858e-01]
 [9.99999997e-01 2.99078306e-01 1.22199342e-01 3.16850946e-01
  1.82303600e-01 4.50830607e-03 2.86368279e-01 5.21922376e-01
  1.00000000e+00]
 [2.75382781e-01 2.43391553e-01 6.80066113e-02 4.10635057e-01
  9.77561442e-02 8.06023782e-02 1.67987409e-02 5.54160919e-02
  8.23970849e-02]]",[ 0.16660029 -0.11536117  0.23935257 -0.13550614],4,0.169790813905342,0.7229957533124616,0.7613029646552464,0.08387218842942053,0.172483762644992
103,"[[-0.04136967 -0.66317071  0.12489253 -0.20326736  0.37480394  0.28865128
   0.37646669  0.3687497  -0.00873675]
 [ 0.11107357 -0.53498741 -0.36087456 -0.69272533  0.12901786 -0.02500801
  -0.25065217 -0.07080661 -0.0790013 ]
 [ 0.08526001 -0.40917214 -0.47072543  0.17027341 -0.4495737   0.59926254
  -0.02138404 -0.07815066  0.08328581]
 [-0.29058561 -0.45861324 -0.58642482  0.13101178  0.3098372   0.25861362
  -0.00583683 -0.42289899  0.04917346]]","['bbo_main', 'random_fill', 'random_fill', 'random_fill']","[[1.04513799e-01 2.09166752e-01 2.25755713e-01 2.49165534e-01
  8.55211798e-02 1.92332161e-01 4.09087425e-01 4.12029215e-01
  1.00000000e+00]
 [1.00000000e+00 2.18572554e-01 1.03577316e-09 1.69731157e-01
  3.81384131e-01 2.44356769e-01 2.78119961e-07 1.06784615e-01
  1.00000000e+00]
 [3.99231808e-01 1.80650138e-01 1.98839026e-11 4.26668208e-01
  2.68736150e-02 8.72564825e-01 8.69777208e-09 5.78867549e-02
  1.00000000e+00]
 [2.89109145e-10 1.79802547e-01 2.12167005e-10 5.46549364e-01
  4.92475141e-01 3.85676844e-01 1.47930428e-07 3.83865865e-02
  1.00000000e+00]]",[ 0.2192883  -0.166905    0.62234742  0.27441279],4,0.17472010059869966,0.7122631902065826,0.7510658904534887,0.08369189458162116,0.17722336744197484
104,"[[ 0.10335861 -0.11492568 -0.28340786 -0.51848711 -0.31737041  0.37521602
  -0.33434433 -0.3775054  -0.36215009]
 [ 0.14548855  0.65286674 -0.04032613  0.36746323  0.33512655  0.19755251
   0.34989267  0.37591296  0.02950335]
 [ 0.145533    0.46298581  0.56079816  0.24531744  0.20395034 -0.09212536
   0.03368278 -0.278666   -0.51080033]
 [ 0.06112769  0.46907989  0.52036383  0.10160765  0.25133906 -0.21679774
   0.35337302  0.36786572 -0.35320613]]","['bbo_main', 'random_fill', 'random_fill', 'random_fill']","[[9.99999999e-01 3.81505038e-01 4.95025555e-10 1.87385396e-01
  7.55311311e-02 2.84066640e-01 5.76773678e-08 5.06393961e-02
  3.45977119e-01]
 [9.99999973e-01 9.88117799e-01 5.94419697e-10 1.58729707e-01
  2.23227174e-01 5.19783084e-02 1.46200365e-01 1.32193195e-01
  1.00000000e+00]
 [9.01766837e-01 5.26090446e-01 3.95693982e-01 1.56674826e-01
  1.54439302e-01 2.13958522e-02 2.56221529e-08 4.48882995e-02
  3.73328194e-01]
 [2.54038380e-01 5.83946446e-01 6.97981444e-01 6.82888014e-02
  1.44081243e-01 7.21657123e-10 3.98658079e-01 5.34547686e-02
  9.43637696e-01]]",[-0.09944033  1.06435384  0.46147061  0.52304309],4,0.18575650348510245,0.7229957533124616,0.7613029646552464,0.083792553022136,0.15467270894035146
105,"[[ 0.02605612 -0.42952947  0.23027964 -0.56438059  0.39617912 -0.04744906
   0.29382198 -0.34067523  0.28578152]
 [ 0.07774367  0.60935829  0.36973936 -0.28935081  0.00261766  0.25233231
   0.20031709 -0.50041318  0.21906296]
 [ 0.28625607 -0.79321733  0.03992083  0.03288089 -0.37276447 -0.21315662
   0.12225235 -0.29271577  0.03422927]
 [-0.19509605 -0.11657689 -0.52826155  0.24690931 -0.66511123 -0.25642474
  -0.01446422 -0.12200168 -0.29172363]]","['bbo_main', 'random_fill', 'random_fill', 'random_fill']","[[2.75382783e-01 2.89665578e-01 5.80033850e-01 1.54717633e-01
  4.91592003e-01 6.37388186e-02 2.40697883e-01 4.98610882e-02
  1.00000000e+00]
 [2.18979264e-01 9.80113892e-01 4.26758991e-01 2.76110868e-03
  1.81613317e-01 2.44617281e-01 1.85573280e-02 3.79464590e-02
  1.00000000e+00]
 [1.00000000e+00 5.10172026e-02 4.42730428e-01 4.33725200e-01
  5.38165629e-02 5.61514499e-02 1.96947062e-01 7.15737069e-02
  1.00000000e+00]
 [7.43264894e-11 2.64107081e-01 3.87419352e-11 5.18545729e-01
  7.35563044e-02 5.03769083e-02 2.41990866e-08 7.34814670e-02
  2.12960410e-01]]",[ 0.46025741  1.03724709  0.28304959 -0.03568647],4,0.17981850413361894,0.7260648253145283,0.7642252176732545,0.08304031066909068,0.15705636584938265
106,"[[-0.20750658 -0.14070475 -0.36946903 -0.60985951 -0.19941624 -0.35164604
  -0.16998329 -0.4855998   0.02416505]
 [ 0.06517372  0.21181062 -0.03329062  0.12844664 -0.41425515  0.31794678
   0.46861068  0.49314508 -0.44474297]
 [-0.13224356 -0.24478617  0.13600682 -0.24689176 -0.32698299  0.08445586
   0.42633122 -0.52791144 -0.51830349]
 [ 0.1489047   0.55913635 -0.03631804 -0.0325917   0.14958399  0.09508002
  -0.07498191 -0.10573281 -0.78396136]]","['bbo_main', 'random_fill', 'random_fill', 'random_fill']","[[1.14757663e-10 8.44359262e-01 6.61135630e-11 7.38761505e-03
  1.85188751e-01 2.06660922e-02 5.32876968e-08 5.04121756e-02
  1.00000000e+00]
 [2.75382781e-01 4.29452133e-01 1.20501093e-02 2.50108497e-01
  5.84898796e-02 8.48068152e-02 5.75183840e-01 4.79136619e-01
  1.00000000e+00]
 [1.51587436e-09 3.65869805e-01 1.14608319e-01 2.69234738e-01
  7.10318806e-02 9.83087897e-02 2.44510511e-01 5.30684245e-02
  2.38494696e-01]
 [3.38197380e-01 5.96244687e-01 4.93816228e-02 2.19923274e-01
  1.55936452e-01 2.97693087e-02 8.26767008e-10 5.90753461e-02
  5.87855959e-02]]",[-0.16782266  0.20444719 -0.20275326  0.34860436],4,0.18782087534148145,0.7260648253145283,0.7642252176732545,0.08344142896607631,0.17637991952077148
107,"[[ 0.01859038 -0.14493683  0.30974445 -0.69329325  0.23620244 -0.25743238
   0.29826051 -0.19814313 -0.3895735 ]
 [-0.15683638  0.33503991 -0.0300158   0.41068129 -0.62105967  0.37823823
  -0.16381886  0.26992904 -0.25517242]
 [-0.18648584 -0.00514033 -0.05015028 -0.69769461 -0.29947933  0.20095536
   0.28380452  0.3756899  -0.35234209]
 [ 0.20286412  0.16942071  0.31587787 -0.52343703  0.30578735  0.37298228
   0.15307231  0.48725301 -0.25081726]]","['bbo_main', 'random_fill', 'random_fill', 'random_fill']","[[2.71155972e-01 4.17928958e-01 6.04585550e-01 1.06781914e-01
  1.29012180e-01 8.83197084e-03 1.93351951e-01 7.16097569e-02
  5.48531103e-01]
 [2.20531544e-08 4.17399211e-01 1.61026504e-03 4.42305263e-01
  3.54948387e-02 8.10949866e-01 5.31998826e-06 4.86681085e-02
  9.99999999e-01]
 [7.61989064e-11 5.18935556e-01 1.51915793e-01 1.01777663e-01
  9.36927762e-02 1.27455598e-01 1.95882632e-01 8.91099542e-02
  3.70280691e-01]
 [1.00000000e+00 5.49599896e-01 3.44182163e-01 4.21078092e-02
  1.60957014e-01 1.85003582e-01 7.60084316e-04 5.35403258e-01
  1.00000000e+00]]",[-0.08431012  0.36409503 -0.1251374   0.51105407],4,0.16904243785807238,0.7470694661305942,0.784161298857572,0.08238814251116962,0.16434384326839485
108,"[[-0.31046743 -0.71881149 -0.11022705 -0.43814998  0.1694502  -0.36047944
  -0.09748865 -0.01298553 -0.12026281]
 [ 0.22296079 -0.45775874  0.08028368  0.21856851 -0.43878422 -0.28630193
   0.49043582 -0.38305349 -0.15738517]
 [ 0.19822318  0.33423743  0.26584936 -0.0210756   0.39461943  0.30678218
  -0.13644815 -0.35228481 -0.62073373]
 [ 0.18332529  0.17133353 -0.13135285 -0.33998398  0.3897188   0.51447427
   0.46901613  0.37552155  0.16320814]]","['bbo_main', 'random_fill', 'random_fill', 'random_fill']","[[1.13139834e-10 2.33293703e-01 1.11576506e-01 2.67331484e-01
  7.30920554e-01 8.12089628e-02 7.91307609e-08 1.22775059e-01
  1.00000000e+00]
 [1.00000000e+00 2.32860262e-01 7.21625722e-02 3.98748841e-01
  3.75228298e-02 2.38216791e-02 7.14059740e-01 4.79206283e-02
  9.99999997e-01]
 [1.00000000e+00 5.42001463e-01 9.12841697e-02 1.75656758e-01
  1.59693177e-01 7.67969164e-02 6.14886208e-09 4.59540692e-02
  2.10613870e-01]
 [9.99999998e-01 5.53820120e-01 9.44409148e-09 1.31673667e-01
  2.27886889e-01 4.58884670e-01 3.04772056e-01 4.99344255e-02
  1.00000000e+00]]",[-0.32440087  0.36048891  0.33960002  0.88324507],4,0.1630110348868305,0.7404031467292455,0.7778464135132495,0.08305324160025068,0.1540499966738375
109,"[[-0.39563193  0.18934178  0.46211871 -0.21484722  0.5194048  -0.04990524
   0.03278942 -0.13694253 -0.50577836]
 [ 0.04316203 -0.71908235 -0.01019414  0.11943569 -0.23478051 -0.36664364
  -0.02183421  0.45920712 -0.25649843]
 [-0.03412926 -0.83528516 -0.2064277  -0.44830611 -0.22182143  0.02194829
   0.05414279  0.02976343  0.06355589]
 [ 0.09021229 -0.26985513  0.23584365  0.32379379 -0.74473084 -0.20700014
  -0.09398671  0.25076757 -0.29897216]]","['bbo_main', 'random_fill', 'random_fill', 'random_fill']","[[1.28107855e-10 5.74540119e-01 3.84499053e-01 1.08155160e-01
  3.18324391e-01 4.98082453e-02 4.81017452e-03 6.22353679e-02
  3.91712286e-01]
 [3.38197380e-01 1.41359632e-01 5.68601375e-02 4.45691400e-01
  5.45255404e-02 8.23319246e-02 8.81317110e-08 8.09359558e-01
  1.00000000e+00]
 [3.38197380e-01 9.29931226e-02 6.61962939e-02 2.84557020e-01
  2.38176130e-05 2.90537317e-01 3.14259480e-01 1.10924048e-01
  1.00000000e+00]
 [9.99999995e-01 1.24834434e-01 3.42281215e-01 4.31121965e-01
  4.90582615e-02 5.17607133e-02 1.30244051e-07 8.60561277e-02
  5.67643468e-01]]",[ 0.2196008   0.03777712 -0.14020783  0.08146534],4,0.16703206245564461,0.7445047858291776,0.7817332080781727,0.08182238975373818,0.16549971870327082
110,"[[ 0.09364058 -0.80644211 -0.44081747  0.2331618   0.18393637 -0.03156847
   0.1366942  -0.04779705 -0.19078543]
 [ 0.08152135 -0.19415895 -0.37440971  0.68599597  0.38934949  0.01212193
   0.20487877  0.38315142  0.06605432]
 [-0.12297146 -0.35607287  0.38449145 -0.36914257 -0.42590047  0.29547364
   0.32704376  0.33891875 -0.28891312]
 [ 0.11233637 -0.09597927 -0.2310833  -0.39548031  0.32937739  0.56037358
  -0.31905891  0.2987891  -0.39342447]]","['bbo_main', 'random_fill', 'random_fill', 'random_fill']","[[9.99999999e-01 5.55877870e-02 3.02140719e-10 7.17543413e-01
  7.99320044e-02 6.42118101e-02 3.44340698e-02 6.77528149e-02
  9.22769603e-01]
 [2.36458796e-01 1.73812784e-01 2.30075169e-11 8.50044720e-01
  1.56565371e-01 3.02208369e-03 4.81163601e-08 3.22888828e-01
  1.00000000e+00]
 [2.42687628e-10 2.14189277e-01 8.53315891e-01 1.61408559e-01
  5.51354521e-02 2.72666737e-01 2.42356176e-01 5.74555768e-02
  1.00000000e+00]
 [9.99999999e-01 3.79062905e-01 3.58865111e-10 1.93804083e-01
  1.64795840e-01 8.28048565e-01 3.94490171e-08 5.33238896e-02
  1.00000000e+00]]",[0.05420885 0.81942131 0.05914725 0.14011317],4,0.16562731380897786,0.7516881678468379,0.7885295851687723,0.08203725487177374,0.1537223586227876
111,"[[ 0.02934906  0.44733498  0.34359174  0.55647356 -0.41690467 -0.18344334
   0.21624318 -0.3370282  -0.0591766 ]
 [ 0.09709106  0.11282648  0.2877043   0.19288693  0.63985775 -0.28038391
   0.22318852  0.01978083 -0.56535556]
 [-0.22063118 -0.40708975  0.34289883  0.00391229  0.42405287  0.19283685
   0.38674535  0.39716759 -0.37905667]
 [-0.01632179  0.03805556 -0.03313018 -0.61782325 -0.42131957 -0.15325096
  -0.28100373 -0.55026005 -0.18093351]]","['bbo_main', 'random_fill', 'random_fill', 'random_fill']","[[1.35731450e-01 4.98568698e-01 5.47678148e-01 4.86279533e-01
  7.59454425e-02 4.25028638e-10 1.25618673e-01 4.48882990e-02
  1.00000000e+00]
 [3.38197362e-01 4.84068879e-01 1.09363658e-01 2.53642229e-01
  2.94296317e-01 4.98394934e-04 9.30206999e-03 6.37329877e-02
  1.64873705e-01]
 [8.24339410e-11 1.97518248e-01 8.11523551e-01 2.53873821e-01
  1.40405615e-01 4.50686427e-02 2.85513046e-01 6.15202837e-02
  8.72644490e-01]
 [2.71155970e-01 6.04027201e-01 2.97442740e-01 3.88998740e-02
  1.34064756e-01 9.08332708e-02 3.97327461e-08 4.49355628e-02
  3.38526771e-01]]",[ 0.60698715  0.26613297  0.07115934 -0.17170823],4,0.1668666450606232,0.7701934140055093,0.8059722923029693,0.08127147642706906,0.15763324231993192
112,"[[-0.19292209 -0.65427794 -0.19945625 -0.24933441  0.18701482  0.39809119
   0.42321577 -0.2049457   0.13485373]
 [ 0.12100387 -0.02331641 -0.49679562 -0.57302498  0.31721696  0.23195774
  -0.3474203  -0.30836294 -0.19857322]
 [ 0.07811186 -0.61130129  0.37337285 -0.29355844 -0.50417051  0.15035899
  -0.11197231  0.25622851  0.19909506]
 [-0.39332637 -0.34235499 -0.2258895  -0.0033835   0.24626056  0.3098484
   0.52553269 -0.48809524 -0.07731787]]","['bbo_main', 'random_fill', 'random_fill', 'random_fill']","[[6.18369016e-11 2.30407878e-01 4.66985992e-02 3.14448369e-01
  7.54237441e-02 4.18434632e-01 5.87665714e-01 4.70612449e-02
  1.00000000e+00]
 [1.00000000e+00 5.65030154e-01 8.99454708e-11 9.99881707e-02
  6.70767897e-01 2.13583752e-01 4.85243451e-08 4.48883006e-02
  1.00000000e+00]
 [1.00000000e+00 1.22508600e-01 9.15073544e-01 1.58476434e-01
  5.99230742e-02 1.66843676e-01 8.25555872e-09 6.67329626e-02
  1.00000000e+00]
 [1.94008475e-10 3.21612325e-01 9.32150168e-03 3.07796360e-01
  1.18097259e-01 1.58620634e-01 8.50747949e-01 4.80862237e-02
  1.00000000e+00]]",[0.31613071 0.10043991 0.50943267 0.31128574],4,0.15955047561463925,0.7676202336854991,0.8035527012081937,0.08107166376767692,0.15064036815985424
113,"[[ 0.19561791  0.50041377  0.1557472   0.2047884  -0.71524207  0.00628509
  -0.18562019  0.24425147  0.19849398]
 [ 0.02842582  0.24451028  0.41804443  0.17160191  0.53747169 -0.144985
   0.32094588 -0.32473466 -0.46566406]
 [ 0.12685179  0.18107111  0.26035259  0.38052862  0.10076842  0.61628056
  -0.25406648  0.10700092 -0.52209329]
 [ 0.08165961  0.15546476  0.63195989  0.41054677  0.31875055  0.04217873
   0.11326669  0.44415289  0.29624042]]","['bbo_main', 'random_fill', 'random_fill', 'random_fill']","[[1.00000000e+00 9.99999995e-01 7.10503478e-02 1.71059502e-01
  6.92522829e-02 2.24206236e-02 7.11445724e-08 1.07320054e-01
  1.00000000e+00]
 [2.24669823e-01 5.27335369e-01 3.34864625e-01 1.68720799e-01
  3.19492898e-01 9.75613305e-03 3.15592182e-02 5.39628199e-02
  3.36317771e-01]
 [4.43288983e-01 3.44613994e-01 8.28216162e-02 3.32714920e-01
  9.25628803e-02 9.44105217e-01 1.82881295e-08 3.41731490e-02
  1.00000000e+00]
 [3.05023104e-01 1.98592744e-01 9.99999994e-01 3.14770261e-01
  1.28839479e-01 3.45579492e-04 1.05703507e-07 2.04600164e-01
  1.00000000e+00]]",[0.9174444  0.31056444 0.33952639 1.24516645],4,0.1726735974790644,0.7696786980522677,0.8054884539697791,0.08058130649656384,0.15049835562395192
114,"[[-0.26306484  0.10762387 -0.39625634 -0.62429324  0.33583962  0.31164455
   0.01780316 -0.29003882 -0.27946879]
 [ 0.04822563 -0.43574373 -0.08974348 -0.54704461 -0.41958766 -0.44201428
  -0.07806132 -0.341837    0.07818863]
 [ 0.13092539 -0.41187366  0.26114764 -0.14154697  0.77458392 -0.28525536
  -0.13216492 -0.15667333 -0.04024967]
 [-0.46771151 -0.41111454 -0.29336805 -0.6704878   0.07692301 -0.15811646
   0.08581901  0.04405197  0.19075805]]","['bbo_main', 'random_fill', 'random_fill', 'random_fill']","[[3.20011796e-10 7.96082121e-01 2.11545909e-10 4.72578713e-02
  4.37629636e-01 4.77706508e-01 2.13978479e-07 4.48882992e-02
  9.99999999e-01]
 [1.00000000e+00 1.66880946e-01 3.09867527e-01 1.10361549e-01
  9.75605142e-03 1.46364292e-01 3.42598385e-06 1.11518272e-01
  1.00000000e+00]
 [9.38965572e-01 3.59648737e-01 1.22830021e-01 2.45969839e-01
  8.50589096e-01 1.72486130e-02 6.53337865e-08 6.75264978e-02
  9.99999993e-01]
 [1.39837072e-10 3.85327254e-01 4.38511043e-10 1.27582686e-01
  1.67491063e-01 8.16915486e-02 6.34452904e-01 1.19198840e-01
  1.00000000e+00]]",[ 0.05953454 -0.14139431  0.57516817  0.00646798],4,0.17655072306633668,0.7784344023682119,0.8137081727719404,0.08060762694254192,0.14885968888362391
115,"[[ 0.05707822 -0.72784791  0.06534001 -0.38316433  0.26282412  0.03660335
   0.12752633 -0.40055125 -0.26224926]
 [ 0.06812746 -0.11864651  0.60726824 -0.15439288  0.29669636  0.32559961
  -0.04933928 -0.0373989  -0.6251343 ]
 [-0.10761657  0.19365179 -0.06857048  0.7454138  -0.07689507  0.4217579
  -0.14242831 -0.16537858 -0.39893048]
 [-0.07165842 -0.02745335  0.59512023 -0.48686604  0.26617335 -0.05119831
  -0.33212354 -0.46620354  0.04223081]]","['bbo_main', 'random_fill', 'random_fill', 'random_fill']","[[9.99999993e-01 2.01585538e-01 4.56005941e-01 1.60034518e-01
  1.24316552e-01 1.55474774e-01 9.83399055e-03 5.58034976e-02
  5.15039834e-01]
 [2.54630626e-01 2.80302744e-01 7.21891620e-01 1.81435832e-01
  1.22628534e-01 1.41559455e-01 7.23461647e-09 4.89760799e-02
  4.97107755e-01]
 [2.14324452e-10 2.43096601e-01 2.29080964e-10 8.14128441e-01
  6.64323898e-02 4.74618269e-01 3.12917091e-08 2.36247624e-02
  9.99999973e-01]
 [7.71220426e-10 4.11403825e-01 9.99999998e-01 8.31569452e-02
  2.76719914e-01 6.81333049e-02 5.37935908e-08 4.48882998e-02
  1.00000000e+00]]",[-0.23897207  0.16434423  0.44616685  0.63481039],4,0.16745625710367382,0.7804963076036759,0.8156404848214621,0.0801306474930584,0.1703832577400971
116,"[[ 0.13084283  0.29300067  0.32544699  0.58467423 -0.48981782  0.19103906
  -0.07827903  0.30204276 -0.27476573]
 [ 0.00363447  0.48175325 -0.27659178 -0.71293887 -0.02986602  0.10552733
  -0.09517524  0.28536416 -0.28389564]
 [ 0.01465205 -0.74526207  0.35950974  0.0273707   0.44628774 -0.24710774
   0.00917052  0.12204772 -0.19788538]
 [ 0.12585106 -0.40528669 -0.3033366   0.00767778  0.53432069  0.32982318
   0.44925489  0.3561687  -0.06974338]]","['bbo_main', 'random_fill', 'random_fill', 'random_fill']","[[9.99999999e-01 2.22470701e-01 3.12254128e-01 6.40771932e-01
  5.16013467e-02 1.20403200e-01 8.34872558e-08 1.63435075e-01
  1.00000000e+00]
 [4.48099797e-02 9.84952273e-01 1.02654800e-10 1.97597996e-02
  2.21692907e-01 5.71041295e-02 2.45303604e-08 1.02713554e-01
  6.96665170e-01]
 [2.42208473e-01 1.23234493e-01 9.54411844e-01 3.25200822e-01
  2.88260085e-01 2.09213975e-09 2.80467714e-07 6.87043270e-02
  1.00000000e+00]
 [9.99999972e-01 2.73218193e-01 5.65186128e-10 2.92548697e-01
  6.48219456e-01 1.37958247e-01 1.41729784e-01 6.40324240e-02
  1.00000000e+00]]",[0.44461699 0.29151481 0.20287496 0.42596014],4,0.17693868059064616,0.7743125959271122,0.8098415447373711,0.07970585337700697,0.15068821818989395
117,"[[ 0.10887361  0.22083916  0.28850221 -0.19677669  0.60842918  0.36740621
   0.5317494  -0.15958462  0.06343458]
 [ 0.08551924  0.71336389  0.24200244  0.13916147  0.41629483  0.30252912
   0.16280601  0.30358543 -0.14957325]
 [-0.28612741 -0.34159207  0.36528726  0.74615047  0.0496692   0.28689935
  -0.06510902  0.14866387  0.01233936]
 [ 0.09837891  0.62919077 -0.25175915  0.39720226  0.29325102 -0.20072966
   0.04909958 -0.3608574  -0.33818762]]","['bbo_main', 'random_fill', 'random_fill', 'random_fill']","[[3.96469469e-01 5.91009779e-01 2.72686040e-01 8.10944584e-02
  4.68068881e-01 4.77208222e-02 5.02195868e-01 4.48883003e-02
  1.00000000e+00]
 [4.16130058e-01 1.00000000e+00 1.08064602e-01 8.02880867e-02
  4.62488827e-01 1.71748642e-01 4.32342232e-08 5.80534444e-02
  1.00000000e+00]
 [1.86460013e-10 1.15813345e-01 1.93218597e-01 8.87488238e-01
  9.73728743e-02 1.82738790e-01 3.40596746e-08 4.77904478e-02
  1.00000000e+00]
 [8.90769488e-01 9.44697226e-01 5.74091994e-11 1.82760833e-01
  2.18088377e-01 4.74939320e-10 5.98897152e-08 4.48882995e-02
  6.88391214e-01]]",[0.86202933 0.89881754 0.76992728 0.5695717 ],4,0.1708220517359207,0.7768884138115556,0.812258498385743,0.07993207717199208,0.1497931246163554
118,"[[-0.05596298  0.4783875   0.39373932  0.41719773  0.35689176 -0.124483
   0.26141274 -0.46569719 -0.10416674]
 [ 0.3251434   0.02085798  0.67157019 -0.12501728 -0.3225079  -0.37590212
   0.42080434  0.02717898 -0.06389164]
 [-0.04298985  0.09731184  0.05390061 -0.26913537 -0.57525166  0.59278504
   0.06668795 -0.17668182 -0.44200774]
 [ 0.15321708 -0.24722067 -0.20516979  0.39790361  0.28916618  0.30919998
  -0.11842685 -0.65117041 -0.312594  ]]","['bbo_main', 'random_fill', 'random_fill', 'random_fill']","[[4.92211208e-10 8.17404356e-01 3.49411489e-01 1.54468402e-01
  5.63894187e-01 3.45579413e-04 4.01415272e-02 4.48882992e-02
  9.99999999e-01]
 [1.00000000e+00 2.51804987e-01 9.53604439e-01 1.43836489e-01
  1.08579879e-01 3.45578472e-04 1.80799864e-01 6.05311753e-02
  1.00000000e+00]
 [6.53388380e-09 4.42539638e-01 1.60895157e-01 1.83219535e-01
  7.89804105e-02 9.62284970e-01 3.98637120e-07 4.52644832e-02
  1.00000000e+00]
 [9.99999999e-01 1.72262821e-01 1.17454494e-10 5.57266506e-01
  1.10984727e-01 3.39603628e-01 3.93522049e-08 2.89266368e-02
  6.82023078e-01]]",[0.67968551 0.93151294 0.07741523 0.23743447],4,0.1734175581946671,0.7830746432998317,0.8180549207776711,0.07932567731191591,0.14667991434882832
119,"[[-0.00511075  0.56310702  0.05472984  0.37831118  0.28891362  0.39542873
   0.34121198  0.31393203 -0.28627916]
 [-0.30655554 -0.43808373 -0.3864287   0.06838963 -0.45474136 -0.22739197
   0.51213833  0.07975757 -0.18154423]
 [-0.26489239 -0.28672508 -0.48878558 -0.45431516 -0.23078773 -0.09022759
   0.0192837   0.44420971 -0.37842967]
 [ 0.0545171  -0.13963162 -0.42866949 -0.21581922  0.27715958  0.52469384
   0.58744058  0.06821479 -0.2129194 ]]","['bbo_main', 'random_fill', 'random_fill', 'random_fill']","[[9.31463614e-10 9.35054914e-01 1.61011934e-03 1.94545034e-01
  2.00102905e-01 5.41763614e-01 5.17594331e-02 3.78981695e-02
  9.99999999e-01]
 [1.60733405e-10 3.05928048e-01 3.88499601e-09 3.43992879e-01
  2.49259777e-02 6.24279103e-02 9.01743755e-01 6.86718916e-02
  9.99999999e-01]
 [2.74635219e-11 4.39769283e-01 2.70668206e-11 2.11564099e-01
  9.39860303e-02 7.24923331e-02 5.70730195e-03 9.31902973e-01
  1.00000000e+00]
 [2.75382781e-01 4.39484782e-01 1.96378353e-10 1.96303591e-01
  7.35135924e-02 1.75138310e-01 8.82575734e-01 5.19567269e-02
  1.00000000e+00]]",[ 0.61554326  0.14972338 -0.21480056  0.33263562],4,0.16616252943915744,0.7861700653680581,0.8209508247625834,0.07930855207657164,0.15418330004498956
120,"[[ 0.08126151  0.49306981  0.3064122  -0.27159579 -0.34539608  0.51124794
   0.03465781  0.35873744 -0.26843879]
 [ 0.1641301  -0.37397859  0.23910066 -0.24751443 -0.68155348 -0.15485804
  -0.23357289  0.39099791  0.13724789]
 [ 0.08587811 -0.47937522 -0.4133997   0.38197774  0.13328649  0.21066427
   0.0048294   0.44642392 -0.42959944]
 [ 0.11688426  0.5059668   0.4249931   0.34663564  0.26653923  0.04060427
   0.33756259 -0.49115052  0.04112244]]","['bbo_main', 'random_fill', 'random_fill', 'random_fill']","[[2.75382784e-01 7.13801076e-01 3.23801682e-01 2.68281516e-02
  1.27831925e-01 6.82746016e-01 1.07763729e-07 5.02231263e-02
  1.00000000e+00]
 [9.99999999e-01 1.78223789e-01 5.28663827e-01 2.14632663e-01
  5.14815046e-02 6.60597411e-02 7.89856925e-08 5.10556318e-01
  1.00000000e+00]
 [3.38197380e-01 1.71231978e-01 4.40769944e-11 5.31569963e-01
  1.01387089e-01 1.08277393e-01 2.52770582e-08 6.55637977e-02
  2.63726020e-01]
 [9.99999998e-01 7.63569650e-01 3.92120785e-01 8.28785644e-02
  1.62435300e-01 1.76136568e-02 3.86408104e-01 4.48882992e-02
  1.00000000e+00]]",[0.52074013 0.46231445 0.10230368 0.89212546],4,0.16290522581068834,0.8084017379560389,0.8416569914867262,0.07855382504936241,0.15121459054959363
121,"[[-0.14808718 -0.10301986  0.41448517  0.22866672 -0.43422846 -0.36598389
   0.3053958  -0.35773619 -0.44680011]
 [ 0.07483196  0.21241793  0.29478359  0.49104165  0.36987972  0.17538227
  -0.38786455  0.3474734   0.42721531]
 [-0.1308039   0.18998525  0.28635406 -0.32960488  0.02955351 -0.13345754
   0.67731548 -0.08743694 -0.52064587]
 [ 0.11917622 -0.31335032 -0.10556341 -0.43637995  0.03029392 -0.7920089
  -0.23228493  0.06007323 -0.0166315 ]]","['bbo_main', 'random_fill', 'random_fill', 'random_fill']","[[5.66548332e-10 2.38121163e-01 7.68361226e-01 3.03053220e-01
  9.55281319e-02 4.23903912e-03 1.04167841e-01 5.66351944e-02
  6.13912653e-01]
 [3.05023068e-01 3.94073368e-01 1.13577972e-01 4.06132880e-01
  2.55297559e-01 5.30234166e-02 1.13938619e-07 7.63453653e-01
  1.00000000e+00]
 [4.29270126e-10 5.76438366e-01 2.75650989e-01 8.35326630e-02
  9.24208595e-02 5.00076844e-03 8.94000012e-01 4.75143700e-02
  1.00000000e+00]
 [1.00000000e+00 3.83884614e-01 2.49543853e-01 9.86848592e-02
  2.37444373e-01 6.45415944e-03 8.18777188e-09 5.77969256e-01
  1.00000000e+00]]",[ 0.05746458  1.13566666  0.24369942 -0.05035059],4,0.1541268914994856,0.8130661643662505,0.8459795553769692,0.0784257907309578,0.14749519084499818
122,"[[-0.02008872  0.46960624  0.39229135  0.32186572 -0.53869242  0.17875809
   0.2808726   0.28488296 -0.19845572]
 [ 0.02897673 -0.66271334  0.04832613 -0.13354515 -0.31493395  0.31481493
  -0.26134431 -0.43207349 -0.29414535]
 [-0.03819369 -0.54468186 -0.06009268 -0.72254335  0.07983117 -0.15829621
   0.14280029  0.17417045  0.30663483]
 [-0.22601083 -0.27383386  0.50873186  0.21039322 -0.60327644  0.1004645
   0.27495747 -0.30965844  0.15917024]]","['bbo_main', 'random_fill', 'random_fill', 'random_fill']","[[1.74287650e-09 6.46600258e-01 6.94093041e-01 1.49584936e-01
  8.00630881e-02 7.02755879e-02 2.60438738e-01 4.97463576e-02
  1.00000000e+00]
 [3.38197381e-01 1.24184624e-01 1.99936729e-01 3.68132661e-01
  1.68175308e-02 4.40322675e-01 1.26807313e-07 6.16868849e-02
  5.55678423e-01]
 [2.54213581e-01 2.76847225e-01 2.96270706e-01 9.14432646e-02
  1.20345323e-01 9.01072677e-02 4.48855625e-01 2.56656751e-01
  1.00000000e+00]
 [7.39777947e-10 1.31370702e-01 9.99999775e-01 3.49218824e-01
  6.25463227e-02 8.30087483e-02 1.11397674e-01 4.48883019e-02
  1.00000000e+00]]",[ 0.4823797  -0.1687789   0.16639879  0.6927378 ],4,0.16971140651125982,0.8198110814513675,0.852215847000584,0.07806719866956854,0.1618687298420554
123,"[[-0.24756499 -0.12377557  0.23236611 -0.41300826  0.40352583  0.12047767
   0.20924983 -0.63292298 -0.27766239]
 [ 0.14084743  0.31660682  0.01666936 -0.22835204 -0.32449882  0.5023404
   0.42991366  0.339329   -0.41217026]
 [ 0.17938414 -0.06361383  0.34916846 -0.51427868  0.22860364 -0.38325605
   0.03087742  0.45059301 -0.41742201]
 [-0.1992903   0.21167892 -0.40817693 -0.01779526  0.55804259 -0.14697083
   0.49748352 -0.39832774 -0.09686862]]","['bbo_main', 'random_fill', 'random_fill', 'random_fill']","[[6.15150677e-11 4.51525019e-01 3.72803459e-01 1.08562030e-01
  7.98467241e-01 1.36275194e-01 2.58144443e-02 4.48882994e-02
  1.00000000e+00]
 [9.99999994e-01 5.41564546e-01 3.74894424e-02 1.28482226e-01
  6.63764084e-02 3.76700226e-01 4.93634177e-01 4.83025684e-02
  1.00000000e+00]
 [1.00000000e+00 3.56743126e-01 6.35192244e-01 1.02370351e-01
  1.34276776e-01 7.38675880e-03 1.88394416e-03 4.82230901e-01
  9.99999995e-01]
 [4.86065101e-11 6.00415799e-01 7.90663803e-11 1.96516264e-01
  5.53622471e-01 1.82013146e-10 5.67628085e-01 4.79904310e-02
  1.00000000e+00]]",[0.02385082 0.26772916 0.15362372 0.59894431],4,0.1617946236180172,0.821888258329723,0.854132888314217,0.07729979173000248,0.15555023596927137
124,"[[ 0.17986792 -0.11923587 -0.33384725  0.36972888  0.45055562  0.27322165
   0.51858195 -0.04713649 -0.39557223]
 [ 0.15969574 -0.12714574  0.40730241  0.63317598  0.09722197 -0.45647224
   0.28136395  0.12582397 -0.28054908]
 [-0.17517192  0.10851481  0.17667477  0.56853948  0.46846829  0.46415277
  -0.04148587  0.36153533 -0.18910057]
 [ 0.20935269  0.23792769  0.2808347   0.6606284   0.35658851  0.44510288
  -0.14917377 -0.1401674  -0.13073715]]","['bbo_main', 'random_fill', 'random_fill', 'random_fill']","[[9.99999997e-01 3.16183831e-01 4.29125378e-10 3.30175686e-01
  1.53523944e-01 6.18295430e-02 6.82204620e-01 4.62742711e-02
  9.37652014e-01]
 [9.99999996e-01 1.38538580e-01 6.66423359e-01 5.46504910e-01
  8.94654427e-02 7.59443384e-10 2.76286238e-02 5.98143037e-02
  9.99999985e-01]
 [1.54781063e-10 2.90274505e-01 4.80834953e-02 5.25719682e-01
  1.84976303e-01 7.87621095e-01 3.27307738e-08 3.46678275e-02
  1.00000000e+00]
 [9.99999999e-01 2.64395197e-01 5.67557937e-02 6.59285831e-01
  1.67954140e-01 4.13965020e-01 4.37263860e-09 1.77607973e-02
  1.00000000e+00]]",[0.33099589 0.50299948 0.61455173 0.83466247],4,0.15736249998952606,0.8084017379560389,0.8416569914867262,0.07774671262301794,0.14439951083424307
125,"[[ 0.09856663  0.07635981 -0.12803293  0.56421396 -0.41936487  0.03829278
   0.35524068  0.42479672 -0.4071149 ]
 [ 0.07575859  0.50920999  0.13005818  0.47792366 -0.42935827  0.13136885
  -0.33689599  0.28667609 -0.30389355]
 [ 0.10263394  0.37516359 -0.01096657 -0.72432977  0.31718832 -0.03831333
  -0.23094746 -0.11229131 -0.39486994]
 [ 0.11689543 -0.15310203 -0.3205284   0.60861207  0.47312887 -0.30284382
  -0.08241274 -0.4072938   0.03876488]]","['bbo_main', 'random_fill', 'random_fill', 'random_fill']","[[3.38197379e-01 2.57555866e-01 8.81578630e-10 5.78776452e-01
  6.20760460e-02 3.18721778e-02 2.39563022e-01 5.25637538e-02
  4.71018300e-01]
 [3.38197380e-01 7.75884143e-01 3.04728017e-02 3.34039150e-01
  9.18966634e-02 4.72957086e-02 1.51905205e-08 4.80709831e-02
  5.13621567e-01]
 [5.00257445e-01 8.85854973e-01 1.86975401e-01 2.06139470e-02
  2.19894737e-01 2.22568560e-02 2.40794424e-08 5.76232939e-02
  5.56991811e-01]
 [9.99999992e-01 2.05670057e-01 2.42136446e-10 6.57595888e-01
  4.81280142e-01 5.50776337e-03 4.13205766e-08 5.67122939e-02
  1.00000000e+00]]",[0.27041648 0.40876887 0.20918753 0.72733357],4,0.1652231775024344,0.8192919228471397,0.8517364510665557,0.07773785359705919,0.14662364320398547
126,"[[ 0.03105935 -0.18232979  0.22668712  0.61779962  0.39154564 -0.03687828
   0.10775648  0.45503999 -0.39923288]
 [ 0.18623171 -0.42287992  0.03425466 -0.24055316 -0.1147289   0.47521259
   0.4221937   0.54371976 -0.12075884]
 [ 0.05296384 -0.39174573  0.02573968 -0.7390074  -0.25940579 -0.17838556
   0.28527767  0.09738333 -0.3270413 ]
 [-0.31337748  0.146914   -0.37628378 -0.012669    0.51898419  0.53248771
  -0.09068686 -0.41126612 -0.09060449]]","['bbo_main', 'random_fill', 'random_fill', 'random_fill']","[[1.47828755e-01 2.03781892e-01 5.73850502e-02 6.37978688e-01
  1.54700498e-01 4.87307045e-03 2.07821139e-09 6.93399926e-01
  1.00000000e+00]
 [1.00000000e+00 2.43475455e-01 1.19032434e-01 2.24807303e-01
  5.76275272e-02 2.40944959e-01 1.64120266e-02 6.89814293e-01
  1.00000000e+00]
 [9.99999999e-01 3.18724382e-01 3.07559941e-01 1.00077622e-01
  4.80060084e-02 6.86092336e-02 3.41835882e-01 8.46341577e-02
  6.45271351e-01]
 [3.87956275e-12 5.43934050e-01 2.09345578e-12 2.15534235e-01
  3.04239576e-01 8.35141292e-01 1.31925406e-09 4.14183012e-02
  1.00000000e+00]]",[ 0.35127182  0.40239455 -0.2678989   0.57214049],4,0.1607224599229824,0.8166969336124021,0.8493386676666898,0.07687173372679193,0.14597528552007677
127,"[[-0.13736979  0.07046454  0.38360805  0.10044198  0.47829239  0.56562288
   0.1740623   0.152743   -0.46540262]
 [ 0.04745769  0.40955233 -0.30107774  0.51880476  0.33734715  0.32510652
   0.39054709  0.28534479  0.12946989]
 [ 0.19431452 -0.3384611  -0.06283209  0.47814268 -0.42370591  0.30456416
   0.32796704 -0.47601245 -0.09317409]
 [-0.04623047  0.02875266  0.26893225 -0.45721634 -0.6899749  -0.34166057
   0.11477992  0.16765154 -0.28563247]]","['bbo_main', 'random_fill', 'random_fill', 'random_fill']","[[1.03674514e-09 3.69981156e-01 4.69289835e-01 1.75865110e-01
  2.09430130e-01 7.52477632e-01 1.14979092e-02 2.85556182e-02
  9.99999996e-01]
 [1.13472384e-01 7.16539294e-01 6.51484712e-11 2.87393795e-01
  2.04082470e-01 1.63976844e-01 5.97232895e-01 3.31867916e-02
  1.00000000e+00]
 [9.99999996e-01 1.13864321e-01 4.13638221e-02 6.55007855e-01
  2.81803672e-02 3.59518917e-01 1.56256461e-01 3.50923202e-02
  1.00000000e+00]
 [6.69509246e-02 4.14813265e-01 6.10071198e-01 1.07382169e-01
  1.07136207e-01 2.88858195e-02 1.20828783e-02 9.98069916e-02
  4.66554591e-01]]",[ 0.29050597  0.94229046  0.50528899 -0.07513116],4,0.16123509958745813,0.8343702341142296,0.8656162231188761,0.07655553215670416,0.15108179818865464
128,"[[ 0.0123022   0.11466315 -0.38473239 -0.67071648 -0.41844946  0.18898792
   0.11993604 -0.3493337  -0.20392729]
 [ 0.03917395  0.65076967  0.55588398 -0.19287294  0.1264365   0.15077663
   0.1097607  -0.16056389 -0.39014013]
 [ 0.00573166 -0.66554527 -0.45855957  0.33783958  0.27034625  0.22842723
  -0.1797163   0.23204242 -0.14559002]
 [ 0.0739477   0.49345866  0.33698247  0.52967577  0.44286539 -0.07944485
   0.38635728 -0.06576073  0.02964832]]","['bbo_main', 'random_fill', 'random_fill', 'random_fill']","[[3.96469471e-01 7.14028249e-01 2.14554715e-10 2.70713082e-02
  1.12669957e-01 4.08004566e-01 2.73286644e-02 4.52680667e-02
  7.43736785e-01]
 [8.87079596e-02 9.09916941e-01 5.94693802e-01 7.47007691e-03
  2.17530024e-01 1.11738293e-01 1.74633645e-03 4.48882997e-02
  9.99999908e-01]
 [2.07685072e-01 6.08762418e-02 3.89443358e-11 7.79141634e-01
  6.11175271e-02 3.96995438e-01 4.98343298e-09 6.61944767e-02
  1.00000000e+00]
 [1.76423169e-01 6.68536304e-01 1.06185414e-01 2.35072026e-01
  6.87135927e-01 2.93522823e-03 2.52368344e-01 4.52272689e-02
  1.00000000e+00]]",[-0.06564994  0.57195677  0.20087673  0.93148972],4,0.15588035341996226,0.8213688823378453,0.8536537097521801,0.07692517321134937,0.15623174877030754
129,"[[ 0.14099701 -0.26482771 -0.001793   -0.70122023 -0.38030555  0.36988803
   0.29464836 -0.13415132 -0.1789117 ]
 [-0.06680385 -0.03594456 -0.06504244 -0.57890847  0.46983497  0.44028444
   0.32897369 -0.35612231  0.07237142]
 [-0.1961035  -0.03081693  0.04584547  0.4406385   0.52848055 -0.23904407
   0.02110006 -0.26008061 -0.59984061]
 [ 0.18903744  0.04701791 -0.13108058  0.69263682  0.45181166  0.20070277
   0.12830385  0.15196676 -0.42562323]]","['bbo_main', 'random_fill', 'random_fill', 'random_fill']","[[1.00000000e+00 2.65899127e-01 3.80894087e-01 8.40043011e-02
  1.96053258e-02 4.50430151e-01 2.88138689e-01 5.94825226e-02
  1.00000000e+00]
 [2.06493608e-11 5.84317755e-01 7.49887142e-02 1.18401852e-01
  6.37564161e-01 4.13333178e-01 3.96058752e-02 4.50583183e-02
  1.00000000e+00]
 [3.99697909e-10 3.47694041e-01 5.20965313e-02 4.13514027e-01
  2.09900814e-01 3.89070626e-02 1.06501029e-07 5.44959467e-02
  1.11224919e-01]
 [1.00000000e+00 2.26573490e-01 1.90162372e-10 6.29050571e-01
  1.67459845e-01 4.32909741e-02 3.98002312e-08 5.20779053e-02
  5.61320434e-01]]",[0.06815203 0.45646422 0.19462116 0.48874606],4,0.15579214465108696,0.8291653780330454,0.8608355328042457,0.076440135221356,0.1478775192858845
130,"[[ 0.05873943 -0.76217629  0.12676629  0.21073755 -0.27359728 -0.08458721
   0.28676177 -0.35093872 -0.26030023]
 [-0.15597432 -0.66455898 -0.10144199  0.16974855 -0.47163695  0.26297291
   0.20538081  0.27193362 -0.29530152]
 [ 0.02306027 -0.40608122 -0.20665654  0.18912473 -0.4953615  -0.35854817
  -0.05537075 -0.61339943 -0.05316564]
 [-0.27070675  0.15351508  0.48799819 -0.41647131 -0.32972882  0.05230369
   0.26342663 -0.49168576 -0.26259312]]","['bbo_main', 'random_fill', 'random_fill', 'random_fill']","[[3.98250745e-01 1.02929618e-01 1.52457010e-01 5.92728104e-01
  4.96223224e-02 4.37985893e-02 2.46896395e-01 5.52858804e-02
  6.79355377e-01]
 [1.26022149e-09 8.07645186e-02 5.31846275e-02 4.86506110e-01
  6.75044535e-03 3.01321972e-01 1.11900610e-06 9.41243398e-02
  5.57198392e-01]
 [2.75382790e-01 8.67673837e-02 2.94478002e-02 9.47264153e-01
  8.18055039e-02 6.37681923e-03 5.24427865e-07 4.48883010e-02
  9.99999996e-01]
 [2.06349634e-10 4.42546199e-01 9.54411860e-01 7.99542146e-02
  1.16879949e-01 1.00980633e-01 1.98441345e-01 4.48883000e-02
  1.00000000e+00]]",[-0.05354022 -0.03937421  0.02067147  0.23474379],4,0.15539621279572766,0.8505447945192487,0.88039686001329,0.0758432456848,0.1592634489495657
131,"[[ 0.33800983 -0.25199686 -0.42559507 -0.09515414  0.51520667 -0.17344326
   0.32939316 -0.34221564 -0.33306093]
 [-0.02010958  0.46622178  0.25459819  0.65251785  0.16816583  0.20067413
   0.33747748 -0.11049047 -0.31142258]
 [-0.24058857 -0.52645515 -0.44192315 -0.5074466   0.29816711  0.2691947
   0.09921673  0.11227701 -0.16835824]
 [-0.26047575 -0.64328827  0.07308511  0.40982119  0.18522311 -0.44300431
  -0.09006922 -0.29546636  0.13807421]]","['bbo_main', 'random_fill', 'random_fill', 'random_fill']","[[1.00000000e+00 4.12133947e-01 1.69288619e-10 2.47456098e-01
  7.93601284e-01 3.21028086e-02 9.84470859e-02 5.47564231e-02
  1.00000000e+00]
 [6.17347513e-10 5.72172216e-01 3.96467483e-02 5.10404594e-01
  1.42495590e-01 4.31564104e-02 2.25814908e-01 4.47636769e-02
  6.13492582e-01]
 [1.15166971e-10 2.78143503e-01 8.15882804e-11 2.56308733e-01
  6.20919942e-01 3.46177044e-01 4.36003073e-03 8.27298122e-02
  1.00000000e+00]
 [2.02892594e-11 9.20498862e-02 5.76270520e-02 9.51238707e-01
  1.29589957e-01 3.59768312e-11 6.41501181e-09 4.56790440e-02
  1.00000000e+00]]",[ 0.29453592  0.52273056 -0.15680314  0.4834155 ],4,0.15206807188663674,0.8494993669711851,0.8794451778766983,0.07557726243055,0.16230473332433937
132,"[[-1.26928473e-01  6.01983240e-01 -2.18905479e-01  6.54492956e-01
   2.86184824e-01 -1.68729719e-01 -5.21766252e-02 -1.73052529e-01
  -4.67295691e-02]
 [-4.52093317e-02 -7.98692722e-01  1.61074548e-04 -2.89642550e-01
   2.69902705e-01 -3.01223342e-01  1.20106756e-01 -2.64030174e-01
  -1.68619931e-01]
 [ 3.83185899e-01  1.30802465e-01  2.76597979e-01  4.91178195e-01
   3.47521950e-01 -3.77835165e-01  3.13086549e-01 -4.54967843e-02
  -3.93284578e-01]
 [ 3.00044215e-02 -5.85379631e-02 -5.21250173e-01 -4.62523377e-01
  -4.30687811e-01 -1.28651921e-01 -9.82876923e-02 -5.17235294e-01
   1.75520077e-01]]","['bbo_main', 'random_fill', 'random_fill', 'random_fill']","[[2.46683753e-12 1.00000000e+00 1.03858767e-12 4.12400829e-01
  2.06556712e-01 4.80707112e-03 6.50008484e-10 4.48882992e-02
  1.00000000e+00]
 [2.41452139e-01 1.78112430e-01 2.85583181e-01 3.57167937e-01
  7.02377004e-01 4.36481407e-02 3.51549662e-02 7.66042714e-02
  1.00000000e+00]
 [9.99999999e-01 3.71830300e-01 8.17510780e-02 3.58303395e-01
  1.95483662e-01 5.26018540e-10 2.83156636e-02 6.10976253e-02
  2.86010041e-01]
 [9.99999525e-01 6.94765634e-01 1.00357546e-08 3.11588796e-02
  5.60344782e-02 1.77435785e-01 2.56074556e-05 6.00238550e-02
  1.00000000e+00]]",[ 0.87570138 -0.26477583  0.59196225  0.07243281],4,0.15643479962322338,0.8652110870941869,0.8936901063004855,0.0745696403717555,0.14148188762980085
133,"[[-0.15990265  0.11856891 -0.00649828  0.00418496 -0.75867061 -0.32679282
  -0.18504808 -0.46713732 -0.15961864]
 [ 0.20958671  0.14405008 -0.09668088  0.12406639  0.48531076 -0.1795298
   0.06047713  0.79495283 -0.08496092]
 [ 0.32148074  0.43907003  0.45441209 -0.1988736  -0.44047415 -0.03845698
  -0.39404653 -0.09674405 -0.31256694]
 [ 0.19795633  0.29691007  0.39563914 -0.52542112  0.46703166 -0.26925775
   0.29493571  0.12007263 -0.21917394]]","['bbo_main', 'random_fill', 'random_fill', 'random_fill']","[[2.66518920e-09 5.98070196e-01 6.34351349e-02 2.92969567e-01
  6.61175500e-02 2.35177014e-02 5.93358952e-07 5.30328371e-02
  3.03933225e-01]
 [1.00000000e+00 5.00588588e-01 2.42301176e-02 2.49159730e-01
  1.66235617e-01 6.54148142e-03 3.22786909e-09 8.35603840e-01
  1.00000000e+00]
 [1.00000000e+00 5.56693024e-01 8.46340671e-01 6.27612550e-02
  9.75031042e-02 8.03930982e-02 8.48454255e-08 5.01248393e-02
  9.99999999e-01]
 [1.00000000e+00 6.28504689e-01 3.64331447e-01 4.56592327e-02
  6.00262817e-01 1.22378357e-03 4.41959132e-02 7.68495478e-02
  1.00000000e+00]]",[-0.05940762  0.96907256  0.57455831  0.58781993],4,0.15359702595654265,0.8610147309953384,0.8898980220447078,0.07517070210536475,0.14229515101994472
134,"[[ 0.07526631  0.04703458  0.42813394 -0.39153395  0.24098237  0.48835504
   0.51485431 -0.30630989 -0.00783374]
 [-0.05996423 -0.52666379  0.15440017 -0.33528     0.28709051  0.53494005
  -0.00223477  0.13919151 -0.44138007]
 [-0.15040183 -0.1491504   0.45147191  0.19644659 -0.32283441  0.13032967
  -0.2090895   0.52013412 -0.52654487]
 [ 0.04873449  0.30548811  0.1124526  -0.09834205 -0.7178922   0.37637873
   0.29366769 -0.35020842  0.12676123]]","['bbo_main', 'random_fill', 'random_fill', 'random_fill']","[[2.75382781e-01 4.37195430e-01 6.20171357e-01 8.49279011e-02
  8.62587493e-02 3.01169025e-01 4.37825587e-01 3.08135242e-02
  1.00000000e+00]
 [7.06687560e-02 2.28897457e-01 4.02922134e-01 1.94730226e-01
  1.17392191e-01 8.17056690e-01 7.39778332e-08 5.44384003e-02
  9.99999998e-01]
 [7.34331996e-11 2.39498804e-01 5.81645681e-01 3.01925845e-01
  7.73949524e-02 7.58891881e-02 1.01502226e-08 6.10362763e-02
  3.81466207e-01]
 [2.75382781e-01 6.04343862e-01 1.30394121e-01 1.38048977e-01
  3.71494183e-02 6.70027947e-01 1.63873047e-01 2.91074600e-02
  1.00000000e+00]]",[ 0.64956301 -0.09089168  0.10198048  0.5893344 ],4,0.16465379580003636,0.8573469342616109,0.8865759339370172,0.07454899433906644,0.14361002578057244
135,"[[ 0.06368203 -0.80469182  0.09128034 -0.30825464  0.25943723  0.28798192
   0.15996436  0.15738053 -0.21086529]
 [ 0.25973293 -0.51208341 -0.53899474  0.07088286 -0.41156046 -0.34143469
  -0.00350741  0.21415369 -0.20720982]
 [ 0.01403985  0.48029293  0.33045678 -0.08103147  0.08702009  0.41043494
   0.29303155  0.47837346 -0.4032565 ]
 [-0.45384959 -0.10959816 -0.2385007   0.13299208  0.39951993 -0.51891486
   0.19498071  0.48412534  0.07845819]]","['bbo_main', 'random_fill', 'random_fill', 'random_fill']","[[1.00000000e+00 1.30741156e-01 4.35259690e-01 1.57277123e-01
  6.31908668e-02 5.70226458e-01 7.03594489e-08 7.37925500e-02
  1.00000000e+00]
 [1.00000000e+00 1.34584206e-01 2.26809743e-11 4.25925166e-01
  3.07253979e-02 9.10325545e-02 2.90827917e-08 1.11710681e-01
  4.65388251e-01]
 [1.41378075e-03 6.77770040e-01 3.26498109e-01 7.15365079e-02
  1.57890603e-01 1.72023931e-01 1.29746086e-02 6.72504371e-01
  1.00000000e+00]
 [4.17792304e-12 3.96355743e-01 2.54099939e-02 3.68721413e-01
  2.41763659e-01 4.27172958e-03 1.41468814e-02 8.80088761e-01
  1.00000000e+00]]",[-0.06891786  0.10476859  0.43424282  0.60119943],4,0.1560361917784603,0.8447982966654193,0.8751592549335615,0.07441607761248879,0.13629342466727162
136,"[[ 0.18637233  0.61852939 -0.23369398  0.05652542  0.39453651  0.43594948
   0.37371856 -0.11213583 -0.16409673]
 [ 0.1387878   0.52974865  0.2581974   0.41717779 -0.39198101  0.33594289
   0.19348921  0.34799997  0.18534379]
 [-0.01318741 -0.61375609  0.1923869  -0.43309147 -0.27579926 -0.34148368
   0.04080173  0.3654522  -0.2658048 ]
 [ 0.0677128  -0.37497473  0.25256904 -0.17698811 -0.68827868 -0.21963631
  -0.21630829 -0.28113567 -0.33451282]]","['bbo_main', 'random_fill', 'random_fill', 'random_fill']","[[1.00000000e+00 9.21850337e-01 4.17691913e-11 1.13167665e-01
  2.39347966e-01 3.63048623e-01 5.44383197e-02 3.42627070e-02
  1.00000000e+00]
 [1.00000000e+00 8.01910812e-01 5.53024053e-02 2.32083982e-01
  1.00749480e-01 2.02687442e-01 1.94940449e-03 3.03541085e-01
  1.00000000e+00]
 [3.28257501e-01 1.98091795e-01 5.91218331e-01 2.02057555e-01
  6.61322742e-02 5.43729131e-02 4.52147671e-03 5.89378962e-01
  1.00000000e+00]
 [9.99999984e-01 1.64182410e-01 6.75597268e-01 2.41495787e-01
  6.34021961e-02 7.04853948e-02 1.52140392e-07 5.50926730e-02
  6.28488921e-01]]",[ 0.86806888  0.99465097 -0.18671282 -0.15080407],4,0.15269502927120693,0.8673111626962344,0.8955842511073977,0.07370444698945758,0.13963276134432745
137,"[[-0.0271564  -0.55471545 -0.0716266  -0.54186891 -0.35122715  0.24040564
   0.23195494 -0.22207735 -0.32943011]
 [-0.1397902  -0.21951792 -0.32179278 -0.15107304 -0.23801393 -0.54415473
  -0.0792121  -0.54342679  0.38930025]
 [ 0.05254361  0.07138031 -0.51988019 -0.70458313 -0.25450589 -0.03921081
  -0.03753867  0.32846855 -0.22320337]
 [ 0.47406041  0.34357783 -0.10379821  0.56352574 -0.50178763 -0.15650096
  -0.20975024 -0.09124332 -0.01678662]]","['bbo_main', 'random_fill', 'random_fill', 'random_fill']","[[2.55436975e-01 2.12693605e-01 1.23992400e-01 2.54944600e-01
  3.83035835e-02 2.33800085e-01 3.35000008e-02 7.21224713e-02
  2.68390943e-01]
 [2.16102806e-09 2.40692565e-01 1.10810664e-09 5.34881321e-01
  8.31218874e-02 3.04859609e-09 1.99598430e-06 4.82408614e-02
  1.00000000e+00]
 [5.02670442e-01 6.14651774e-01 1.25367262e-10 9.48352251e-02
  1.30642052e-01 5.64594672e-02 8.25441499e-08 7.80466061e-01
  1.00000000e+00]
 [1.00000000e+00 3.38501041e-01 6.76588474e-10 8.01674091e-01
  7.50823924e-02 4.29011920e-03 7.54412283e-08 5.98412475e-02
  1.00000000e+00]]",[-0.32585762  0.20965806  0.00115905  0.98153228],4,0.14815162860154402,0.8730931730034257,0.9007863478027148,0.07399473310980816,0.14523415044606922
138,"[[-0.18452041  0.29852809  0.38568827  0.47256828  0.42106213  0.41499621
   0.0297932   0.36846256  0.13634337]
 [-0.00729911 -0.46391613  0.32652575 -0.24838082 -0.2737588   0.24253624
  -0.08463723  0.26550921 -0.63638836]
 [ 0.0887561   0.27115679 -0.11240094 -0.4209876  -0.67988518 -0.26664048
   0.08867862  0.31217749 -0.30012019]
 [ 0.42004968 -0.09189563  0.38915748 -0.01889326  0.58415516  0.45173395
  -0.15138047 -0.24710007  0.18449297]]","['bbo_main', 'random_fill', 'random_fill', 'random_fill']","[[3.45255685e-11 4.47057182e-01 5.78549904e-01 2.77029656e-01
  2.77928350e-01 5.00558512e-01 1.41204543e-08 2.18138521e-02
  1.00000000e+00]
 [2.42208464e-01 2.51557577e-01 3.30218008e-01 2.15664893e-01
  6.62873514e-02 1.71461936e-01 2.90773061e-08 6.43615856e-02
  2.23389585e-01]
 [9.99999994e-01 6.73238378e-01 1.10553244e-02 1.22460168e-01
  1.22250263e-01 2.33418835e-02 1.34144567e-06 9.38124571e-02
  3.95257810e-01]
 [1.00000000e+00 3.30769647e-01 5.04193660e-01 1.19073606e-01
  5.65737016e-01 1.99602694e-01 9.17549225e-08 4.50205855e-02
  1.00000000e+00]]",[ 0.95665041 -0.16584682  0.0398338   1.17762831],4,0.1569001492851161,0.8725671125115846,0.9003138530560031,0.07427311182737883,0.1356717061138193
139,"[[ 0.03464266 -0.20152942  0.32004164 -0.3618584   0.48813429  0.19473208
  -0.02095712  0.44164159 -0.50312569]
 [ 0.08348769  0.01028053  0.16513405 -0.08129056  0.01140981  0.52821187
   0.51734607  0.48165879 -0.42457814]
 [ 0.25194713  0.6410259   0.45446863 -0.04091649 -0.24712092  0.11660464
   0.27105517 -0.20683749 -0.35563253]
 [-0.28981096 -0.50473667  0.02547654 -0.28278726 -0.52579223 -0.37482219
   0.20943775  0.09789298 -0.33201877]]","['bbo_main', 'random_fill', 'random_fill', 'random_fill']","[[2.55736421e-01 3.95367858e-01 3.48103445e-01 1.20708515e-01
  2.28334604e-01 9.69498043e-02 7.89786050e-08 6.09849817e-02
  2.58667968e-01]
 [2.75382781e-01 4.05308922e-01 1.20467621e-01 1.85435951e-01
  4.85485146e-02 4.37765551e-01 6.25854719e-01 5.44603838e-02
  1.00000000e+00]
 [9.99999997e-01 9.24864265e-01 4.04704946e-01 4.49375785e-02
  1.44616751e-01 1.02980325e-01 5.27079075e-02 4.50844354e-02
  1.00000000e+00]
 [4.81771104e-10 2.29922605e-01 1.23276940e-01 3.43902663e-01
  3.97172771e-02 7.79102237e-02 1.46428800e-01 9.16225153e-02
  2.68606163e-01]]",[ 0.02403753  0.18920053  0.65249532 -0.30979188],4,0.16495696105534247,0.866786022843731,0.8951108358425098,0.07374069069563731,0.13644498044783654
140,"[[ 0.02560846 -0.47904025  0.3615465   0.36473195 -0.46523318  0.31491949
  -0.09189588  0.38588509 -0.18207425]
 [-0.0410326  -0.57484848  0.23829733  0.09985348 -0.67139251  0.17645387
  -0.08941718 -0.32646575  0.06804428]
 [ 0.17871065  0.16832854  0.43559634  0.27225892 -0.0986297   0.11789051
   0.28761269  0.70807759  0.26103256]
 [ 0.09136646  0.19117993  0.54468382  0.19939311 -0.65130936  0.30869964
  -0.02588508  0.02620513 -0.31274308]]","['bbo_main', 'random_fill', 'random_fill', 'random_fill']","[[2.39629556e-01 9.26499733e-02 7.53429225e-01 3.79196928e-01
  3.78311850e-02 2.63043420e-01 1.33522209e-07 2.30611881e-01
  1.00000000e+00]
 [8.97179325e-02 7.46396757e-02 8.07756372e-01 3.67284369e-01
  3.35835028e-02 3.68973612e-01 1.50363129e-06 4.68770024e-02
  1.00000000e+00]
 [9.99999995e-01 4.16283068e-01 1.31387121e-01 2.41833815e-01
  1.11300447e-01 3.27212026e-02 1.07468543e-02 8.39201390e-01
  1.00000000e+00]
 [8.78913298e-01 2.53500801e-01 9.54411867e-01 1.56538342e-01
  6.00615248e-02 2.73569698e-01 7.64117995e-08 4.10114370e-02
  1.00000000e+00]]",[0.34461101 0.27787246 1.2230793  0.4134967 ],4,0.15019016370301358,0.8815222755663781,0.9083341307924867,0.07345159346916534,0.1389312981968507
141,"[[ 0.07023447  0.01671418  0.32203084 -0.4682654   0.41726945  0.45652853
  -0.07568155 -0.38143423 -0.37156365]
 [-0.14638103  0.01626505  0.32769536  0.16815452  0.24764026  0.19796082
   0.39352172  0.55169835 -0.5318865 ]
 [ 0.02382902 -0.32587406  0.37723214 -0.14764057  0.10524626 -0.11467669
  -0.09211179 -0.5366364  -0.63909759]
 [ 0.2168055   0.53941405 -0.37240688 -0.32509313 -0.40107094  0.18926223
   0.12772734 -0.41198548  0.18689847]]","['bbo_main', 'random_fill', 'random_fill', 'random_fill']","[[5.85257927e-01 4.57048161e-01 5.15401156e-01 5.21602223e-02
  2.51998205e-01 5.82028413e-01 2.02594473e-08 2.22760460e-02
  1.00000000e+00]
 [1.22246579e-09 4.05055022e-01 1.47609771e-01 2.98786805e-01
  1.23548964e-01 7.03548268e-02 2.04648949e-02 5.76122253e-02
  5.04168653e-02]
 [2.42208467e-01 2.99152642e-01 3.87441772e-01 2.47674381e-01
  1.06080751e-01 8.17034035e-02 1.92225586e-03 4.97999833e-02
  1.89999915e-01]
 [1.00000000e+00 1.00000000e+00 1.06438864e-10 5.89097609e-02
  1.16765120e-01 2.33394635e-01 2.25122012e-03 4.48882993e-02
  1.00000000e+00]]",[ 0.18109793  0.16274673 -0.1286607   0.90310276],4,0.1503063908352629,0.8683616869684782,0.8965308371010184,0.07375015177074182,0.14878437458278942
142,"[[-0.04034297 -0.50094749 -0.46433441 -0.0969747   0.27211776 -0.18415885
   0.4336555  -0.25423185 -0.40219403]
 [ 0.0644305   0.01103768 -0.10918404 -0.49743975  0.41203381  0.40804148
   0.40071186 -0.3768969  -0.31219936]
 [ 0.19587106  0.13007071  0.53913318  0.19978854  0.61701912 -0.0023388
  -0.08774757 -0.08197004 -0.46797362]
 [-0.23067664  0.49759317 -0.18595766 -0.54095655  0.04967558 -0.1150729
   0.33647802  0.44801625  0.20574165]]","['bbo_main', 'random_fill', 'random_fill', 'random_fill']","[[1.23124592e-01 3.31550792e-01 3.46142632e-10 3.04716058e-01
  1.59354262e-01 2.06632180e-02 6.44824253e-01 4.84816948e-02
  6.94166797e-01]
 [3.96469474e-01 5.84923008e-01 1.71114141e-02 1.04093694e-01
  2.80672915e-01 2.79171939e-01 5.48088664e-01 4.24405346e-02
  1.00000000e+00]
 [9.99999999e-01 3.66275147e-01 6.52698135e-01 1.74984082e-01
  5.20259928e-01 2.59928558e-02 2.37058794e-07 4.99948705e-02
  1.00000000e+00]
 [3.01328478e-10 8.72655938e-01 6.32062306e-10 9.04635569e-02
  1.91460993e-01 6.92767066e-03 2.35742560e-01 4.81223620e-01
  1.00000000e+00]]",[-0.17293244  0.09934331  0.47924157  0.89466437],4,0.1469772564364481,0.8794128020177072,0.9064493826279214,0.07342904236907717,0.1481782739960676
143,"[[-0.01516445 -0.26515736  0.05394239 -0.6700502  -0.28748375 -0.07602001
  -0.15922893 -0.59154411 -0.11781478]
 [ 0.09030299  0.43235969 -0.04580279  0.56631102  0.19696125  0.39687451
  -0.10053265  0.3705922  -0.37196223]
 [ 0.07876388 -0.70957401 -0.1058413   0.14466775  0.32130421  0.39714187
  -0.23918975 -0.18775805 -0.32364633]
 [ 0.16413908  0.58482561  0.50129265 -0.03451524 -0.03806322  0.37850445
  -0.13933287  0.43121287 -0.16875757]]","['bbo_main', 'random_fill', 'random_fill', 'random_fill']","[[3.38197403e-01 3.71861059e-01 6.32508897e-01 4.40913674e-02
  9.08952799e-02 1.87277868e-01 4.51936464e-08 4.69037528e-02
  6.52728903e-01]
 [3.38197372e-01 5.66802332e-01 1.26745293e-09 3.74111679e-01
  1.46642612e-01 1.75772553e-01 2.71003369e-07 4.24691714e-02
  2.90333562e-01]
 [9.99999959e-01 1.28601777e-01 4.46097784e-02 4.30723260e-01
  6.46819141e-02 7.24897116e-01 9.66698897e-08 4.84680105e-02
  1.00000000e+00]
 [1.00000000e+00 7.38948743e-01 5.05938480e-01 3.52820826e-02
  1.61000812e-01 2.71451668e-01 1.76609252e-08 1.20307523e-01
  1.00000000e+00]]",[-0.2441692   0.49385444  0.02102457  0.82843874],4,0.1553985612322978,0.8862742339383465,0.9125691721667852,0.07232725235268518,0.1518251699313854
144,"[[ 0.01189572  0.35813818  0.36298252  0.36468696  0.44739907 -0.41150274
   0.29169458  0.39013159 -0.0073359 ]
 [ 0.01747709 -0.45708219 -0.19770607  0.23487706 -0.57559387 -0.40650622
   0.32283043  0.27902121  0.13374435]
 [ 0.15734736 -0.06451457  0.44920514  0.23203551 -0.17127277  0.47372962
   0.18509069  0.64989223  0.07128361]
 [-0.23336845 -0.02987187 -0.66774466 -0.0396723   0.51037184 -0.1261712
   0.15438403  0.31389786  0.31372782]]","['bbo_main', 'random_fill', 'random_fill', 'random_fill']","[[1.87420982e-10 5.90126589e-01 3.01262175e-01 1.80656341e-01
  8.57369897e-01 2.29941124e-11 1.61373577e-02 7.13222167e-02
  1.00000000e+00]
 [2.66020866e-01 1.85317052e-01 2.53828532e-02 5.64504978e-01
  3.38291035e-02 2.84732415e-02 4.80372641e-01 3.14902110e-01
  1.00000000e+00]
 [9.99999998e-01 2.68590747e-01 4.39332742e-01 2.11241899e-01
  7.30724934e-02 1.61756749e-01 7.58256295e-03 5.90251347e-01
  1.00000000e+00]
 [2.20609922e-10 5.47540797e-01 7.23383763e-11 2.55551444e-01
  9.68798680e-01 7.00482364e-03 1.88958932e-02 8.32520201e-02
  1.00000000e+00]]",[0.79536561 0.39315632 0.90678597 0.80984705],4,0.14590847805821927,0.8868027263566443,0.9130392353574116,0.0727715305073061,0.1372180392839289
145,"[[-0.08196329 -0.57411318 -0.29873994 -0.66567012 -0.2797282  -0.11732334
   0.09935433  0.0844566  -0.14932173]
 [ 0.01949794 -0.09338991 -0.02524144 -0.67145694 -0.5239226   0.26171038
   0.00155897 -0.34422627 -0.27915092]
 [ 0.06272648 -0.18096727 -0.10522815  0.13266409 -0.51103057 -0.66410039
  -0.04933322  0.32503592 -0.35267524]
 [ 0.04664763  0.56636338  0.35009512  0.33263906 -0.15764898  0.43647299
   0.370055   -0.29625087  0.06143317]]","['bbo_main', 'random_fill', 'random_fill', 'random_fill']","[[4.75647625e-02 2.15687067e-01 4.80786443e-02 2.51246829e-01
  1.26741723e-02 1.34951442e-01 3.81554707e-01 1.15170821e-01
  6.45648725e-01]
 [3.44133998e-01 4.24879813e-01 3.36809801e-01 5.28806473e-02
  7.81175371e-02 2.92005721e-01 5.22188334e-07 5.21915296e-02
  4.36367511e-01]
 [3.38197380e-01 2.81737774e-01 4.52305756e-02 4.03297392e-01
  8.07925630e-02 2.70530155e-02 3.26559699e-08 7.40282612e-02
  9.26893052e-02]
 [9.36014127e-02 7.59451028e-01 3.72389350e-01 1.20662756e-01
  1.54979351e-01 5.53070565e-01 9.21110339e-02 1.64275132e-02
  1.00000000e+00]]",[-0.37748949 -0.18126293 -0.0489086   0.91262105],4,0.1644753748225467,0.8894467297910009,0.9153880102312945,0.07217474359504436,0.14118788425472673
146,"[[ 5.37923014e-04 -5.47910197e-01 -2.40871076e-01 -4.79552744e-01
   4.16768760e-01 -2.80966403e-01 -7.66954896e-02  1.71788181e-01
  -3.51813474e-01]
 [ 1.72761771e-01  2.65113019e-01  3.40002871e-01  7.06971563e-01
   4.17905180e-01  3.17235037e-02  2.91408101e-01 -1.29442904e-01
  -8.44538216e-02]
 [ 8.72786702e-02 -4.49964076e-01 -4.00260560e-01 -4.93653946e-01
   3.54322098e-01 -2.55485820e-01  1.55470938e-01 -1.60221227e-01
  -3.81251652e-01]
 [-4.85138175e-01 -3.13459366e-01 -4.86199750e-01 -1.22310728e-01
  -1.43651300e-01  4.82226096e-01 -2.80381458e-01 -2.62643547e-01
   1.19419296e-01]]","['bbo_main', 'random_fill', 'random_fill', 'random_fill']","[[2.75382781e-01 3.55311284e-01 3.73498591e-02 2.33835285e-01
  2.11314657e-01 3.62160628e-02 4.49440838e-03 9.61036945e-02
  1.38686453e-01]
 [1.00000000e+00 2.72708885e-01 5.59615670e-02 6.74950466e-01
  4.38912887e-01 1.12998030e-02 1.26439333e-02 4.48882992e-02
  1.00000000e+00]
 [9.99999933e-01 3.63523936e-01 8.91717693e-08 1.97019753e-01
  2.14963594e-01 5.66045635e-02 1.21331165e-02 8.44384585e-02
  2.87567580e-01]
 [2.73154676e-10 2.92628347e-01 2.63010406e-10 3.23537653e-01
  6.76713718e-02 9.56967461e-01 6.91320850e-08 4.99542451e-02
  1.00000000e+00]]",[-0.27039653  0.83846102 -0.23312708  0.4267535 ],4,0.15720917283569583,0.8926230192113742,0.9182030553978138,0.07184026418464151,0.14264552184045054
147,"[[ 0.09985433  0.36660984  0.29386897  0.55931126 -0.05050178  0.38963597
   0.40930322  0.31955157 -0.18008145]
 [ 0.03332977 -0.08655331 -0.10448725 -0.30415395 -0.55689032  0.48339137
   0.36873766 -0.20247949 -0.40891441]
 [-0.09172409 -0.52148118  0.09121306  0.13177906  0.10276961 -0.37014837
   0.56996784 -0.05324821 -0.46764132]
 [-0.17653774 -0.51735947  0.25634314 -0.42162205  0.26976274  0.35014997
  -0.1611388  -0.3448988  -0.3426351 ]]","['bbo_main', 'random_fill', 'random_fill', 'random_fill']","[[4.59284036e-01 4.23291513e-01 9.02546764e-02 4.05973171e-01
  7.77591875e-02 3.72737143e-01 4.75065146e-01 2.42562129e-02
  1.00000000e+00]
 [2.75382782e-01 3.43507348e-01 2.91634221e-02 2.52857436e-01
  4.93821915e-02 8.09447758e-01 2.20770173e-01 4.70782312e-02
  9.99999999e-01]
 [1.31980167e-08 2.78739162e-01 8.23662176e-02 3.52779101e-01
  1.02745119e-01 2.67151394e-02 7.02407814e-01 5.39150173e-02
  7.60111771e-01]
 [2.55982531e-10 2.24751339e-01 6.03290628e-01 1.80893220e-01
  1.30916830e-01 4.30539860e-01 3.54427391e-08 4.26949374e-02
  7.29896458e-01]]",[ 0.61805292 -0.07376896 -0.04866563 -0.11663997],4,0.1618898443959227,0.8899758436698745,0.9158574520687061,0.07196548168917397,0.13217969421888542
148,"[[-0.12313479 -0.20692675 -0.24888714  0.45049372  0.48631978 -0.15433953
   0.39641475 -0.32494157 -0.39251808]
 [ 0.07894691  0.19721773  0.07500768 -0.57634694  0.16878474  0.50211778
  -0.06607688  0.43238677 -0.38096664]
 [-0.21445297 -0.53659521 -0.51856699  0.190895    0.33876997 -0.14291401
   0.34425227 -0.22673722  0.23582618]
 [-0.15715797 -0.66522465 -0.18325842 -0.38077285 -0.05252579 -0.42479094
  -0.00566319 -0.39675268  0.11642536]]","['bbo_main', 'random_fill', 'random_fill', 'random_fill']","[[1.85678542e-10 2.82276071e-01 1.49000749e-02 5.53243001e-01
  5.86870404e-01 4.03491748e-03 2.90595877e-01 4.86490916e-02
  1.00000000e+00]
 [4.59284073e-01 6.57926423e-01 2.19935403e-01 4.72351583e-02
  1.43497175e-01 7.38334311e-01 6.18274678e-09 6.73265918e-02
  1.00000000e+00]
 [6.52675625e-10 2.05887034e-01 1.93542834e-10 6.01959638e-01
  3.13931912e-01 1.58991076e-02 4.70696165e-01 4.99741177e-02
  1.00000000e+00]
 [6.93521706e-11 1.22145115e-01 7.36576480e-02 2.89485807e-01
  3.52149759e-02 1.48741198e-01 2.66903144e-01 1.11235981e-01
  1.00000000e+00]]",[ 0.17876783  0.19838222  0.495045   -0.19923361],4,0.14830661744451845,0.891563824757692,0.9172651382441985,0.07171753805144764,0.15011770840276512
149,"[[-0.00793107  0.16407041  0.54151996 -0.0835807   0.42224027  0.25155826
   0.44724186  0.46048505  0.13837713]
 [ 0.09823987 -0.54084791 -0.4333725  -0.40214722  0.16438706 -0.4798038
   0.11370849  0.10703697  0.25821894]
 [ 0.078516    0.23972154  0.56672897  0.1380175   0.55209768  0.34473423
  -0.25884228 -0.0442273   0.32175975]
 [-0.44567952  0.41071383 -0.11036326 -0.10173339 -0.20343976  0.36678413
   0.55564073 -0.34846392  0.06381326]]","['bbo_main', 'random_fill', 'random_fill', 'random_fill']","[[8.99172649e-10 4.26300963e-01 8.15399246e-01 1.06895647e-01
  1.47915133e-01 8.86655641e-02 4.14492204e-01 5.72396492e-02
  1.00000000e+00]
 [1.00000000e+00 2.63380651e-01 5.64968946e-11 2.30540531e-01
  4.77993570e-01 4.75724972e-02 2.97906008e-01 9.48327519e-02
  1.00000000e+00]
 [2.73945536e-01 3.72865003e-01 8.24003010e-01 1.36595181e-01
  4.48788945e-01 1.68335807e-01 2.26380606e-07 4.48701208e-02
  1.00000000e+00]
 [2.15681225e-10 6.68380204e-01 2.21483287e-02 1.34193517e-01
  9.89288983e-02 8.02983380e-02 8.96459163e-01 4.52044322e-02
  1.00000000e+00]]",[0.9374376  0.22107425 1.22231345 0.81391312],4,0.14873155076546418,0.9032402460096588,0.9275569496478867,0.07084851876577067,0.15063073493867796
150,"[[ 0.02283785 -0.16455807  0.46493508  0.25240735  0.33691874  0.4019136
  -0.00843344  0.56183405 -0.31897895]
 [ 0.05494671  0.40760786  0.27651554  0.45530572 -0.59121833  0.22082322
   0.1794748  -0.23804598  0.24473137]
 [ 0.045904   -0.27136971  0.41207365  0.02559503  0.68512446  0.06899403
  -0.04321453 -0.00076676 -0.52703674]
 [-0.37068104 -0.44607211 -0.27301793 -0.2575355  -0.39403419 -0.54048954
  -0.12385715 -0.23146323 -0.08027586]]","['bbo_main', 'random_fill', 'random_fill', 'random_fill']","[[2.28377193e-01 2.21172552e-01 6.38398435e-01 2.69179188e-01
  1.10417937e-01 1.52103222e-01 1.32245148e-07 5.60158119e-01
  1.00000000e+00]
 [1.93578910e-01 5.97186913e-01 3.53789158e-01 4.09722831e-01
  5.14752693e-02 3.86870524e-01 5.29589619e-07 1.88010280e-02
  1.00000000e+00]
 [2.42208470e-01 3.00285530e-01 4.56268625e-01 2.40208779e-01
  7.72870860e-01 6.33169658e-02 8.37343018e-07 4.84793708e-02
  9.99999974e-01]
 [3.68576032e-11 1.56319578e-01 3.67240748e-02 4.13423179e-01
  2.34375130e-02 9.97172392e-02 4.40492661e-08 1.14994270e-01
  3.32405587e-01]]",[ 0.42764774  0.83368478  0.13060166 -0.30265968],4,0.1518965405570522,0.8947427330329794,0.9200775650385821,0.07096139581903706,0.14053512083702668
151,"[[ 0.14250755 -0.49635818 -0.26431056 -0.51026119  0.20226544  0.2236424
   0.34673924  0.27893594 -0.33783578]
 [ 0.0488675  -0.51689562  0.35580515  0.01490298 -0.20448677 -0.26229462
   0.47670441  0.08815547 -0.50791702]
 [ 0.21937346 -0.06656105  0.35081922  0.48350704  0.51809805  0.38751235
   0.00268482  0.38568096  0.15245758]
 [ 0.35798997 -0.39377922 -0.46287915  0.02481101  0.28144025  0.26377277
   0.37163412  0.31896681 -0.33655904]]","['bbo_main', 'random_fill', 'random_fill', 'random_fill']","[[1.00000000e+00 2.60817891e-01 2.42301191e-02 2.01439421e-01
  1.02335894e-01 1.47977639e-01 3.88576117e-01 7.59650485e-02
  6.61151996e-01]
 [2.69521421e-01 1.92410534e-01 6.18952805e-01 2.84995846e-01
  5.41345794e-02 2.78544774e-02 2.79592123e-01 5.71066159e-02
  6.50114074e-01]
 [1.00000000e+00 2.37510982e-01 2.16623056e-01 3.83279133e-01
  6.51232663e-01 1.30143152e-01 1.68833177e-07 4.80475685e-02
  1.00000000e+00]
 [1.00000000e+00 2.33277878e-01 4.63560995e-10 2.75031760e-01
  1.03079161e-01 1.61758863e-01 3.80594428e-01 7.10627676e-02
  6.62801563e-01]]",[-0.10978628 -0.07207427  1.02370124  0.28566869],4,0.14687691873466582,0.9032402460096588,0.9275569496478867,0.0705731439588147,0.1360950165012027
152,"[[ 0.03312656 -0.26239473  0.1310723  -0.05555138  0.51981298  0.31075618
   0.38810923  0.43916202 -0.44667522]
 [-0.24513789  0.24607658  0.33528798  0.20155853 -0.68850387  0.27210517
  -0.01159959 -0.09709839 -0.41069259]
 [ 0.03794141 -0.73479724  0.1824978   0.41475597 -0.05613898  0.22748833
   0.17102967  0.22939343 -0.34136561]
 [ 0.13494979  0.19900201  0.28733931  0.59945976  0.03785973  0.15653686
  -0.01020806 -0.58783716 -0.35871575]]","['bbo_main', 'random_fill', 'random_fill', 'random_fill']","[[2.55338457e-01 3.26851474e-01 1.23436117e-01 2.52362070e-01
  1.85152415e-01 1.34236576e-01 2.90485597e-02 5.89415800e-02
  1.23808568e-01]
 [7.95508386e-12 3.75617395e-01 3.84519272e-01 2.38663329e-01
  8.22837881e-02 1.72826331e-01 4.05536023e-09 4.77962483e-02
  2.48695600e-01]
 [2.42208465e-01 8.33079834e-02 9.34879328e-02 6.24708146e-01
  5.36425738e-02 1.59313479e-01 2.11259516e-07 6.94840601e-02
  5.10338979e-01]
 [1.00000000e+00 2.64100612e-01 5.52389323e-02 5.92515475e-01
  1.07720174e-01 4.63080487e-02 1.44684349e-08 4.48882992e-02
  4.83406855e-01]]",[0.04467055 0.15305582 0.09909559 0.37010235],4,0.1515952199204068,0.9032402460096588,0.9275569496478867,0.07076283079088387,0.13640926281812069
153,"[[-0.02541744 -0.51080351 -0.33209535 -0.75201014  0.11511758 -0.05170349
  -0.14977028  0.1394312  -0.06949579]
 [-0.24563268 -0.31201618 -0.18758585  0.03579578 -0.3470335   0.44575724
   0.27329101  0.49334086 -0.41065284]
 [ 0.10001797  0.19598335 -0.22874287 -0.6647098  -0.61631067 -0.04679912
   0.22687698  0.1472172   0.04742835]
 [-0.10822162 -0.49747239  0.26741606  0.36457129 -0.56367883  0.07115654
   0.33872655  0.21627407 -0.22820715]]","['bbo_main', 'random_fill', 'random_fill', 'random_fill']","[[2.75382784e-01 3.51607719e-01 2.52084447e-09 1.59484595e-01
  1.89312444e-01 1.10371154e-01 7.44745378e-08 7.05207971e-01
  1.00000000e+00]
 [8.99295353e-10 2.17970072e-01 3.93290270e-02 3.81732692e-01
  3.55765923e-02 2.60198395e-01 1.56659895e-02 7.61338302e-01
  1.00000000e+00]
 [1.00000000e+00 6.52456587e-01 1.04945605e-10 5.49164963e-02
  7.86266790e-02 5.04043001e-02 6.05040834e-01 7.82348408e-02
  1.00000000e+00]
 [1.45503194e-10 1.19361430e-01 5.89255159e-01 4.97222655e-01
  3.97086329e-02 5.92897903e-02 3.44139624e-01 6.64280878e-02
  1.00000000e+00]]",[-0.2616172   0.01114354  0.33678342  0.16403507],4,0.14984104771901943,0.9037723862338595,0.9280233657462773,0.07083310959068334,0.14161853198220403
154,"[[ 0.0473923  -0.22666708  0.35142214 -0.52260966  0.44997076 -0.17333634
   0.34593127  0.28801953 -0.33854802]
 [ 0.12755841 -0.22332612  0.65862492  0.12103049 -0.31660627  0.25746139
   0.45477577 -0.24663952  0.22636514]
 [-0.02262452 -0.26240122 -0.52880072 -0.23739667  0.4385107   0.25993026
   0.29466859 -0.49788194  0.00865828]
 [-0.25581057  0.43118753 -0.20127769 -0.13777442 -0.34767158  0.02374945
   0.48557452 -0.13329784 -0.56049378]]","['bbo_main', 'random_fill', 'random_fill', 'random_fill']","[[7.00890237e-01 3.28592911e-01 7.72968049e-01 1.04636259e-01
  2.85633378e-01 3.45577278e-04 2.44358673e-01 7.43229360e-02
  1.00000000e+00]
 [9.38965585e-01 1.61238689e-01 9.54411870e-01 2.31292066e-01
  7.64053173e-02 1.04790716e-01 1.25866615e-01 4.48882995e-02
  1.00000000e+00]
 [1.32988608e-01 3.97364465e-01 6.70449233e-11 2.50619113e-01
  9.04208048e-01 1.65096162e-01 2.50580363e-02 4.57009048e-02
  1.00000000e+00]
 [5.74494419e-10 6.61926638e-01 1.77439858e-03 1.79758811e-01
  1.31218065e-01 1.41423629e-02 4.68897514e-01 5.53948527e-02
  4.83173091e-01]]",[0.07154628 1.01568114 0.26593297 0.16449144],4,0.14622639255712683,0.916585092244356,0.9391760216261714,0.07056233702078857,0.1426115610050499
155,"[[-0.0476595   0.2253052   0.31043667  0.42054787  0.42551715  0.28272804
  -0.39921613  0.35942258 -0.35238702]
 [-0.26046226 -0.63136719 -0.42048783 -0.33359125  0.07280006  0.03871867
   0.01317832 -0.48646458  0.04267672]
 [ 0.05870762 -0.50237277 -0.20661651 -0.28199515 -0.44938274 -0.46788308
   0.35173512  0.03370938 -0.27613407]
 [-0.09992077 -0.28217557  0.30442626  0.49788     0.09031371  0.43133118
  -0.14814293 -0.44576759  0.3936683 ]]","['bbo_main', 'random_fill', 'random_fill', 'random_fill']","[[1.44451568e-09 4.73263605e-01 1.42409665e-01 3.29629092e-01
  3.00038276e-01 8.67464315e-02 8.13087953e-08 5.16666832e-02
  2.50553282e-01]
 [2.70117917e-10 1.39093211e-01 2.01389755e-10 3.31928277e-01
  2.85682114e-01 4.01829580e-01 1.14541146e-06 8.21426367e-02
  1.00000000e+00]
 [9.99999990e-01 2.74576458e-01 4.30410218e-02 2.21242685e-01
  1.82419307e-02 6.51924690e-02 7.80137831e-01 7.11024095e-02
  9.99999920e-01]
 [6.36186107e-10 1.43070572e-01 2.98716952e-01 5.51962260e-01
  5.58823808e-02 6.75226789e-01 6.58152802e-08 2.19464188e-02
  1.00000000e+00]]",[ 0.37193824 -0.15947403 -0.18854988  1.00555583],4,0.14186639066412093,0.9235625270287396,0.9451798350449641,0.07024866460255742,0.1387231311931207
156,"[[ 0.06760278 -0.17627224 -0.3421585  -0.32548424  0.59428441 -0.17422056
   0.25577612  0.4965915  -0.21399584]
 [ 0.11227577 -0.08707604  0.38480694  0.43403423  0.55403532  0.11784202
   0.47066437 -0.31094804 -0.06553108]
 [-0.01755702 -0.77743469  0.16927346 -0.06841078 -0.14838032  0.21486071
   0.20560263  0.35524108 -0.35398165]
 [-0.10113174  0.33361792 -0.33845453 -0.56341864  0.35826464 -0.30130705
   0.17528182  0.33504372 -0.29045124]]","['bbo_main', 'random_fill', 'random_fill', 'random_fill']","[[2.75382781e-01 4.94320203e-01 5.17954785e-11 1.90279934e-01
  9.40179942e-01 2.15358269e-02 2.46215646e-02 9.38758362e-02
  1.00000000e+00]
 [3.38197379e-01 2.80958120e-01 2.99753349e-01 3.72626115e-01
  6.28401700e-01 4.27150735e-03 2.40863565e-01 4.48882987e-02
  1.00000000e+00]
 [2.42208464e-01 1.10621061e-01 2.37113965e-01 3.55713483e-01
  3.02226314e-02 1.88313912e-01 2.60595791e-03 8.21123464e-02
  3.65666433e-01]
 [6.75582630e-11 9.16057675e-01 2.60565128e-11 6.13196702e-02
  4.07001681e-01 1.13274414e-10 9.15779723e-03 3.74825394e-01
  1.00000000e+00]]",[ 0.2634506   0.6731233  -0.13820757  0.25361577],4,0.13814747704826263,0.9273321050981531,0.9484001640078162,0.0699018056081467,0.14639971968038834
157,"[[ 0.05701642  0.03972081 -0.10187908 -0.82824285 -0.15067192  0.3315091
   0.20144067  0.35322341 -0.02933228]
 [ 0.2685333   0.32486551  0.43918637 -0.32935937 -0.58003498 -0.05516436
   0.24729905  0.34375871  0.04668451]
 [ 0.13748768 -0.05455398  0.13959618  0.15399902 -0.29730222 -0.25518724
   0.82881935 -0.30422478 -0.04375891]
 [-0.06938997 -0.30507505 -0.05417625 -0.26005978 -0.70093733 -0.20988585
  -0.0277794   0.35963177 -0.40752445]]","['bbo_main', 'random_fill', 'random_fill', 'random_fill']","[[0.43110919 0.60571751 0.0918497  0.03766324 0.09451235 0.34511767
  0.02296562 0.48505266 1.        ]
 [1.         0.47067274 0.89252066 0.0616916  0.09399507 0.046406
  0.03926356 0.07540887 1.        ]
 [0.87615083 0.41808246 0.0646213  0.20310971 0.05934875 0.01506111
  0.8758407  0.04655462 1.        ]
 [0.12751393 0.25938855 0.07272455 0.31182501 0.05410288 0.08504962
  0.00573097 0.10271041 0.12897009]]",[ 0.2548832   0.81833926  0.78445529 -0.24456743],4,0.1467623301272939,0.920338591332829,0.9424124242892724,0.06986100984746739,0.12924831543824156
158,"[[ 0.1166542   0.4343814   0.34702953  0.20309509  0.33660124  0.49603927
   0.27669547 -0.13318261 -0.42705286]
 [-0.12665577 -0.13057221 -0.0254877  -0.60458323 -0.47646926 -0.29329994
  -0.19870078 -0.45708668  0.19819348]
 [-0.36732596 -0.32412366 -0.19492484 -0.60271893 -0.39224767 -0.45220027
  -0.00578514 -0.01725074  0.00867878]
 [-0.15544675 -0.46178358 -0.0184192   0.38792577  0.31564358 -0.20446082
   0.50133051  0.4381338   0.16443225]]","['bbo_main', 'random_fill', 'random_fill', 'random_fill']","[[9.19080381e-01 6.21977338e-01 3.78015160e-01 9.62836114e-02
  1.80219797e-01 4.78492790e-01 2.77534955e-03 2.24212503e-02
  8.69817859e-01]
 [4.53768790e-11 5.71508966e-01 4.69624739e-01 9.57138951e-03
  7.24050878e-02 6.96348177e-02 9.91632550e-09 6.64003269e-02
  1.00000000e+00]
 [3.77230738e-10 3.60441984e-01 8.15216034e-02 1.19826042e-01
  1.69953796e-02 1.09793587e-01 5.31457369e-01 1.34754046e-01
  1.00000000e+00]
 [3.12198059e-08 1.91669636e-01 5.44586274e-02 6.03859625e-01
  1.04459686e-01 9.36592000e-03 4.55650570e-01 3.13568748e-01
  1.00000000e+00]]",[ 0.45246414  0.02054054 -0.25797526  0.70604564],4,0.1580156530369769,0.9187289565374818,0.941026386604194,0.07021945137781982,0.14860463582295763
159,"[[-0.07734422 -0.16214334 -0.39221115  0.27220684  0.07282486 -0.16771188
   0.55144261  0.62971996  0.07572538]
 [ 0.0732832  -0.09087945 -0.381398   -0.13359067  0.48384623 -0.26989257
  -0.32514998 -0.50884139 -0.38918937]
 [-0.29501926 -0.34882607  0.16939699 -0.31705154  0.3064764   0.46478694
   0.57127487  0.03339244  0.15697858]
 [-0.12273874 -0.0819836   0.43529679 -0.13512865 -0.30064025  0.0359863
   0.03781653  0.81133371  0.13819839]]","['bbo_main', 'random_fill', 'random_fill', 'random_fill']","[[2.27741991e-09 3.48773802e-01 7.54307503e-04 4.05858824e-01
  8.09918940e-02 3.01391737e-02 3.08007058e-01 6.98043682e-01
  1.00000000e+00]
 [5.28704255e-01 5.01127700e-01 7.73389339e-11 2.39601864e-01
  9.34909581e-01 1.92205576e-02 8.89040368e-09 5.03446191e-02
  1.00000000e+00]
 [1.08126165e-09 3.09993778e-01 3.21402678e-01 1.73376442e-01
  1.11125725e-01 2.20312002e-01 7.16291230e-01 5.54479336e-02
  1.00000000e+00]
 [1.05434652e-10 4.10909737e-01 2.97768725e-01 1.94815010e-01
  9.91171004e-02 5.90517837e-02 5.78224375e-03 8.81108624e-01
  1.00000000e+00]]",[ 0.73961951 -0.00644745  0.59582632  0.89522146],4,0.1323431758005723,0.9101684417708491,0.9336099885146875,0.0699277224127693,0.13006574120164133
160,"[[-6.10865032e-02 -3.49968200e-01 -2.69088710e-01 -7.43701025e-01
  -1.15453344e-01  3.04487243e-01  2.48053382e-01  7.16311141e-02
  -2.74931440e-01]
 [ 4.59099718e-02 -6.27390237e-01 -3.51528024e-01  9.11842699e-02
   2.04537273e-01 -3.48755329e-01  3.89322054e-01 -2.65930783e-01
  -2.94330806e-01]
 [-1.98695970e-04 -4.40029161e-01 -1.44624695e-01 -1.78282707e-01
  -5.26076833e-01  6.28291637e-02 -4.74326054e-02  6.78227575e-01
  -1.03568521e-01]
 [ 3.62090172e-02 -4.79302249e-01 -4.38337413e-02 -6.38394812e-01
   3.32868802e-01  3.02938091e-01  2.72464954e-01 -6.50567197e-02
  -2.80082620e-01]]","['bbo_main', 'random_fill', 'random_fill', 'random_fill']","[[5.96741831e-10 3.87514339e-01 1.51695562e-02 1.67356372e-01
  3.95893284e-02 3.21837880e-01 3.35256325e-01 8.17799419e-02
  6.76858827e-01]
 [3.38197380e-01 2.31665663e-01 3.24053379e-09 4.76548374e-01
  1.09579843e-01 1.27712196e-02 6.41362830e-01 4.58639278e-02
  8.42950711e-01]
 [2.75382781e-01 2.45490623e-01 4.41833793e-02 3.39294257e-01
  5.43896836e-02 8.76097640e-02 3.06110659e-03 9.29722903e-01
  1.00000000e+00]
 [9.99999994e-01 2.77773367e-01 3.24876317e-01 9.13183291e-02
  1.40275956e-01 3.32884846e-01 1.20735515e-01 5.72941391e-02
  7.14482706e-01]]",[-0.26780827 -0.0790116   0.32878323 -0.19287445],4,0.14846191656590874,0.921412533387405,0.9433355974894767,0.06973431944529947,0.12591698339732993
161,"[[ 0.12904054 -0.36399065  0.39434226  0.20415784  0.52731348  0.44045546
  -0.15356455 -0.1609542  -0.36348901]
 [ 0.08536853  0.40378024  0.41654153 -0.1682303  -0.33273828  0.41144085
   0.36076763  0.42753041 -0.18689993]
 [ 0.30332294  0.02367372  0.08916155  0.56718266  0.393226    0.32733433
   0.41903515  0.34907731 -0.1362678 ]
 [ 0.00887618 -0.04306193 -0.24295873 -0.22502779 -0.74704958 -0.4244534
  -0.09549201 -0.34045966 -0.15850918]]","['bbo_main', 'random_fill', 'random_fill', 'random_fill']","[[9.99999996e-01 1.65337205e-01 8.20001969e-01 2.46193334e-01
  1.19865231e-01 3.44462857e-01 3.23473184e-08 3.06814723e-02
  1.00000000e+00]
 [3.37677248e-01 5.65061309e-01 5.08132340e-01 3.95451216e-02
  1.13420036e-01 3.12990133e-01 3.22018567e-02 4.04008438e-01
  1.00000000e+00]
 [1.00000000e+00 2.20309779e-01 1.79329852e-03 6.29007034e-01
  1.36841451e-01 6.69222184e-02 3.87528485e-01 8.87765978e-02
  1.00000000e+00]
 [3.38197381e-01 4.52973311e-01 1.61276412e-09 2.56205568e-01
  7.65845758e-02 3.82699349e-02 4.86754417e-04 7.97921749e-02
  1.47293361e-01]]",[ 0.28898285  0.55047423  0.79828598 -0.1981735 ],4,0.13617419846468826,0.917656699052688,0.9401015293565783,0.0692885102984676,0.13749455374203934
162,"[[ 0.12348457  0.5543037   0.16173743  0.10135615  0.54211884  0.01697771
   0.31477276  0.24509839 -0.43327902]
 [-0.0061208   0.35949041  0.06103577 -0.55174793  0.53426206 -0.24734443
  -0.14587449  0.44118355 -0.00636642]
 [-0.34263396  0.36652888  0.16692267  0.33213161 -0.60892475 -0.06501595
   0.22795121 -0.39827789 -0.15646249]
 [-0.0592194   0.37371003 -0.3738784  -0.62203382  0.25176327  0.25941357
   0.1439765   0.35563079  0.22856096]]","['bbo_main', 'random_fill', 'random_fill', 'random_fill']","[[4.59284073e-01 7.48228002e-01 6.42960631e-02 1.31659068e-01
  8.34127031e-01 2.36712066e-02 1.06039490e-02 6.68105384e-02
  1.00000000e+00]
 [2.52917646e-09 7.71233389e-01 1.22023700e-01 8.62255176e-02
  8.02109317e-01 1.31907221e-09 6.38473707e-08 9.59697399e-02
  1.00000000e+00]
 [4.71582266e-11 8.52130067e-01 4.41786122e-02 3.07099706e-01
  6.69298239e-02 4.67137328e-03 4.31225644e-01 4.50905740e-02
  1.00000000e+00]
 [3.59617872e-09 9.24382662e-01 5.74559492e-10 3.66492769e-02
  2.01320040e-01 2.07895214e-01 7.46894512e-03 4.07865757e-01
  1.00000000e+00]]",[0.53423541 0.70163448 0.3045206  0.80195575],4,0.14637541749670957,0.9359858522443276,0.9557233618090268,0.06866776719222506,0.1263520804711049
163,"[[ 0.04589164 -0.46662535  0.112907    0.18593512  0.36935669 -0.30035327
   0.28241495 -0.56821809 -0.3218205 ]
 [-0.07127809  0.67284561  0.3046081  -0.09366037  0.29200601  0.16587073
   0.28706147 -0.37517444 -0.3235724 ]
 [-0.06321273  0.27720051 -0.38043359 -0.43782949 -0.48657749 -0.35205014
  -0.09090105 -0.45800123  0.06336065]
 [-0.23186654  0.68240875 -0.04975892 -0.43206191 -0.22696297 -0.08758651
  -0.23055265  0.42298168 -0.01229459]]","['bbo_main', 'random_fill', 'random_fill', 'random_fill']","[[3.38197371e-01 2.33309172e-01 7.51252153e-02 4.77921548e-01
  1.51678507e-01 8.99241560e-03 2.26163700e-01 4.64000886e-02
  3.72430082e-01]
 [6.20748715e-11 1.00000000e+00 3.04636334e-01 3.96925635e-02
  2.37418688e-01 7.22984512e-02 8.76574383e-02 4.48882993e-02
  8.03722299e-01]
 [2.14121614e-10 1.00000000e+00 2.37077474e-11 7.11356591e-02
  1.01373726e-01 1.24673284e-02 6.35604270e-08 4.48882998e-02
  1.00000000e+00]
 [3.69932022e-10 9.84781720e-01 3.42996040e-02 8.94399137e-02
  1.89019123e-01 1.52711815e-02 8.30162514e-08 4.82038772e-01
  1.00000000e+00]]",[-0.0250294   0.59150234  0.23514167  0.77903444],4,0.15175102462989912,0.9414248668945246,0.9602699515597581,0.06874292140182243,0.13286590161286205
164,"[[-0.03441338 -0.03048862  0.50496891 -0.21233326  0.35017964  0.42748755
   0.40257543 -0.09224755 -0.47101929]
 [ 0.11715425 -0.85886338 -0.02454636  0.00535019 -0.19216598 -0.39651942
  -0.1365553   0.11049864  0.15160711]
 [ 0.11347529 -0.05795093 -0.0905583  -0.33504585 -0.515463   -0.49692127
  -0.16045277 -0.56993963  0.0099699 ]
 [-0.00399057 -0.52508399  0.54204143 -0.13831165 -0.00724967 -0.38407448
  -0.14875531 -0.13170373 -0.47359485]]","['bbo_main', 'random_fill', 'random_fill', 'random_fill']","[[1.00462774e-09 3.39589031e-01 8.95749465e-01 1.49975054e-01
  1.39275049e-01 2.71474672e-01 2.48923634e-02 4.24776286e-02
  8.06976624e-01]
 [1.00000000e+00 3.86884307e-02 5.25133598e-02 5.85926328e-01
  4.93324506e-02 7.77210301e-02 3.74731444e-08 2.76209852e-01
  1.00000000e+00]
 [1.00000000e+00 7.86125667e-01 1.84048223e-01 2.12077296e-02
  8.75601022e-02 9.91231435e-03 1.61284723e-08 4.48882993e-02
  1.00000000e+00]
 [2.42208464e-01 1.61234811e-01 9.54411869e-01 2.94840419e-01
  1.01692536e-01 1.00302312e-10 4.35976853e-09 5.86395416e-02
  7.52633293e-01]]",[ 0.20095171  0.22760198 -0.02152743  0.02601901],4,0.13749521103409562,0.9359858522443276,0.9557233618090268,0.0683310034139405,0.14097009144392425
165,"[[ 0.06218736  0.4062616  -0.16384653 -0.13909937  0.43076953  0.36663543
   0.36365937  0.43019772 -0.38417155]
 [-0.26401655  0.39317095  0.323453    0.16695899  0.48177601  0.30804464
   0.318372    0.21518481 -0.41054824]
 [-0.2200826  -0.0861936   0.31504575  0.04066234 -0.02070396  0.12486891
   0.55421041  0.54437601 -0.47298175]
 [-0.22608059  0.28900874  0.22398292  0.73446617  0.3585103   0.0070641
  -0.21983535  0.31130239  0.04400354]]","['bbo_main', 'random_fill', 'random_fill', 'random_fill']","[[2.75382776e-01 7.43484172e-01 1.66048309e-10 1.32853720e-01
  3.75606863e-01 1.31269591e-01 4.29189737e-02 5.49960182e-01
  1.00000000e+00]
 [1.88480499e-10 6.76521912e-01 2.81286503e-01 1.17082571e-01
  3.96305181e-01 9.75801118e-02 1.83031886e-02 5.49156592e-02
  4.87923938e-01]
 [1.20932536e-09 3.75591442e-01 3.02260712e-01 1.99814176e-01
  5.49150316e-02 4.54805058e-02 6.29951880e-01 3.46684029e-01
  1.00000000e+00]
 [1.35474238e-10 2.25751362e-01 5.66370678e-02 9.48998642e-01
  2.04840787e-01 9.35400778e-04 2.56452974e-08 5.79880373e-02
  1.00000000e+00]]",[0.37865056 0.41483699 0.14039003 0.91043675],4,0.1469451605991446,0.9370716340824761,0.956634699855787,0.06822163524495702,0.13441777140134525
166,"[[-0.05585108 -0.21281274  0.38635795 -0.54737727 -0.3897965   0.52711487
   0.24539214 -0.1079832   0.03206219]
 [ 0.07988411  0.52142358  0.42753902  0.5959686  -0.20191208 -0.01544066
  -0.06468747  0.30532343 -0.21296485]
 [-0.10057713 -0.70321885  0.14303217  0.01532005 -0.45489286 -0.35500622
   0.2386413   0.28967174  0.02929609]
 [ 0.10575597 -0.86533328 -0.06533664 -0.01064566  0.11728382  0.25785814
   0.29142238  0.09806631 -0.24666063]]","['bbo_main', 'random_fill', 'random_fill', 'random_fill']","[[8.20482468e-03 2.95283205e-01 6.39630263e-01 1.29181541e-01
  5.84316323e-02 6.71703908e-01 5.63247373e-03 3.61526357e-02
  1.00000000e+00]
 [3.34815602e-01 5.46033117e-01 7.49392467e-01 3.48545287e-01
  9.84463614e-02 4.98775440e-06 5.43476293e-08 5.84925970e-02
  1.00000000e+00]
 [1.14669546e-09 1.30210096e-01 4.54911137e-01 3.93027346e-01
  3.78020566e-02 5.77631109e-02 1.63656710e-01 4.56851610e-01
  1.00000000e+00]
 [1.00000000e+00 7.80598589e-02 4.62860342e-02 4.00435085e-01
  2.49293769e-02 3.24936250e-01 1.15144917e-01 8.06849504e-02
  7.50747826e-01]]",[ 0.47394607  0.62459428  0.14250813 -0.02607927],4,0.13607160667710722,0.9338171347399997,0.9538978408483708,0.06784673469261975,0.13237530788242435
167,"[[-0.12490318  0.08333042 -0.44573744 -0.16520222 -0.00202679  0.22738391
   0.37493734 -0.38134626 -0.6432504 ]
 [ 0.39507402 -0.52560731  0.24251478 -0.14417337  0.41390506  0.10591445
   0.34687215  0.33540779 -0.26962965]
 [ 0.06360412  0.03886156  0.03346302 -0.48536062  0.38813711  0.11080224
  -0.32750243  0.69213651 -0.09225644]
 [ 0.11505398  0.23554779  0.15813861  0.14249278 -0.81024492 -0.27666898
  -0.25445955 -0.24991287 -0.16037188]]","['bbo_main', 'random_fill', 'random_fill', 'random_fill']","[[3.37350116e-09 5.09980486e-01 7.54304650e-04 2.32815834e-01
  1.17589819e-01 1.16403214e-01 3.27090384e-02 5.47558157e-02
  6.86724121e-02]
 [1.00000000e+00 1.91111191e-01 6.59580903e-01 1.64681579e-01
  2.05518507e-01 5.16228844e-02 3.10616068e-01 5.89448685e-02
  1.00000000e+00]
 [2.75382781e-01 5.34432091e-01 9.16848731e-02 1.71718766e-01
  1.59141145e-01 3.94239824e-02 2.14299588e-08 9.54557807e-01
  1.00000000e+00]
 [1.00000000e+00 7.23874322e-01 3.29501597e-01 1.52868784e-01
  6.18612040e-02 1.70495405e-02 1.55561355e-08 5.84054835e-02
  7.42880478e-01]]",[-0.02286178  0.37925774  0.59257158  0.17087737],4,0.13838369929691052,0.9262541316986335,0.947481020773025,0.06782180967195132,0.12700171741380162
168,"[[ 0.13404397  0.10488358  0.32474999  0.47454742  0.40210001  0.42703447
   0.10800667 -0.36661279 -0.38763462]
 [ 0.04135258 -0.55830985 -0.18033744 -0.30115088  0.20694577  0.55477226
  -0.02131791  0.43020913 -0.16502568]
 [ 0.10334662  0.19549739  0.12721354 -0.30008818  0.68725642 -0.01587888
   0.05781267 -0.28034883 -0.5388439 ]
 [-0.25736715 -0.25084953 -0.07089454  0.27820587 -0.53476724  0.46460594
  -0.20387549 -0.49286467 -0.04578908]]","['bbo_main', 'random_fill', 'random_fill', 'random_fill']","[[9.99999977e-01 2.92082819e-01 2.14321581e-01 3.77398949e-01
  1.78615243e-01 4.25866344e-01 1.48851270e-07 1.73151776e-02
  7.31301219e-01]
 [3.38197380e-01 2.20784904e-01 3.41715052e-02 2.98812544e-01
  1.00488328e-01 9.18051575e-01 1.90011593e-08 6.95162603e-02
  1.00000000e+00]
 [3.38197380e-01 5.89500395e-01 9.18703776e-02 1.68272765e-01
  9.62158233e-01 2.72732682e-02 1.01905701e-07 6.02838179e-02
  1.00000000e+00]
 [2.01925407e-11 1.82145567e-01 4.04767035e-02 5.04241965e-01
  2.58679480e-02 8.46530012e-01 3.77332991e-09 4.17817583e-02
  1.00000000e+00]]",[0.37722847 0.18955492 0.21645979 0.40481007],4,0.14705545255755598,0.9387021579765266,0.9579998566764899,0.06770763281736848,0.12971559748189387
169,"[[-0.18564432  0.61011019  0.28718506  0.27447502 -0.36286998 -0.09841135
   0.19766216 -0.36116515 -0.3530155 ]
 [ 0.31697225  0.1839525   0.51716399 -0.08684053  0.29930133  0.16639702
   0.24287083 -0.43938929 -0.4705016 ]
 [-0.06365419  0.50531478  0.1585315   0.60715372 -0.17223321  0.16486886
   0.23117922  0.26253778  0.40941581]
 [-0.06933959 -0.816694   -0.08106389  0.09560499  0.32265946  0.00645854
  -0.36374642  0.26610263  0.07223818]]","['bbo_main', 'random_fill', 'random_fill', 'random_fill']","[[1.06184218e-10 9.39630985e-01 1.04918916e-01 1.72979056e-01
  1.47174563e-01 1.61039767e-02 8.74305637e-03 4.92732661e-02
  5.29777416e-01]
 [9.99999999e-01 3.63847716e-01 7.75719259e-01 1.06032279e-01
  1.47196988e-01 8.28831501e-02 1.67910356e-02 4.48882995e-02
  7.06240684e-01]
 [9.46198477e-10 8.52276512e-01 3.48717969e-02 5.40148995e-01
  1.08832473e-01 7.55774734e-02 9.44277379e-04 4.93886490e-02
  1.00000000e+00]
 [5.80090157e-02 1.24181455e-01 5.59322378e-02 4.86045532e-01
  6.42836835e-01 9.72420302e-02 1.88134449e-08 9.78704467e-02
  1.00000000e+00]]",[0.39281072 0.48578412 1.18046597 0.24282091],4,0.14266521314652553,0.9370716340824761,0.956634699855787,0.06713385562484649,0.13121091495914383
170,"[[ 0.04056031 -0.63100913  0.13742322  0.28039499  0.41036889  0.25150359
  -0.18458455  0.36939083 -0.31701439]
 [ 0.02745741 -0.7990459  -0.11649499 -0.29059876  0.00643922 -0.48639849
  -0.07390003  0.00734078  0.14357212]
 [-0.1798407   0.22053707  0.38322339 -0.51366189  0.30700359  0.33082281
   0.34100657  0.30060909 -0.31299487]
 [-0.39533163  0.26762357 -0.3140661  -0.52535866  0.30307551 -0.3779498
   0.30060547 -0.23657125  0.12814394]]","['bbo_main', 'random_fill', 'random_fill', 'random_fill']","[[2.42208469e-01 1.36620730e-01 8.52985466e-02 5.29651867e-01
  9.26923298e-02 1.28743896e-01 7.59678769e-08 7.31976916e-01
  9.99999988e-01]
 [1.00000000e+00 3.21465211e-02 9.51777675e-02 3.71523341e-01
  1.88158872e-02 1.45139704e-01 2.72101188e-07 1.34485637e-01
  1.00000000e+00]
 [1.66861358e-11 6.01133499e-01 7.57637975e-01 1.22572290e-02
  1.65050677e-01 3.22210246e-01 1.12281848e-01 4.31334188e-02
  1.00000000e+00]
 [3.22941198e-11 8.57558302e-01 4.58771080e-11 8.45194771e-02
  1.92533227e-01 7.26316127e-11 7.17099005e-01 5.30422565e-02
  1.00000000e+00]]",[ 0.10763761 -0.04319634  0.31214667  0.57461143],4,0.15321839036734167,0.9441544521865335,0.9625331737918842,0.06751531316395663,0.1450091008198542
171,"[[-0.05722999 -0.54436775  0.4115292  -0.24455582  0.17747295  0.45589256
   0.17946855  0.42344064 -0.14275515]
 [-0.04317548 -0.0908306  -0.12028527  0.49037234 -0.04968035 -0.21277393
   0.53702264 -0.55695035 -0.2976982 ]
 [ 0.33014654 -0.34219168 -0.14638025 -0.71967894  0.06680551 -0.33799079
   0.12496658 -0.27605053 -0.15498991]
 [ 0.27753283 -0.65250012  0.15494941  0.34660104  0.20934164 -0.33566199
   0.22761749 -0.05215955  0.37690089]]","['bbo_main', 'random_fill', 'random_fill', 'random_fill']","[[2.40279228e-02 1.68379537e-01 9.29869474e-01 1.92309758e-01
  8.29421518e-02 3.87989704e-01 1.35545783e-08 5.94220742e-02
  1.00000000e+00]
 [3.85661614e-02 2.89856184e-01 2.89702653e-02 4.87511903e-01
  5.07138423e-02 1.00965947e-02 8.30756108e-01 4.55821650e-02
  1.00000000e+00]
 [1.00000000e+00 3.82495240e-01 2.29118632e-01 8.79535837e-02
  1.90389796e-01 1.21011765e-02 5.33968969e-01 5.25146420e-02
  8.58985269e-01]
 [1.00000000e+00 9.27315148e-02 5.91606056e-02 7.64713458e-01
  1.05122019e-01 1.62121087e-09 1.81353884e-01 4.91985128e-02
  1.00000000e+00]]",[0.31661064 0.32596659 0.0301496  0.92886333],4,0.1347055034579861,0.9447012404539145,0.962984947529998,0.06711942222151819,0.12966925477312746
172,"[[ 0.07215463 -0.22704093 -0.01323601  0.69098684  0.29814435  0.3618749
   0.41343456 -0.1261815  -0.24272354]
 [-0.35199467  0.29805395 -0.1695651   0.73170747 -0.05744375 -0.09219629
   0.36791491  0.17884792 -0.20968441]
 [ 0.11904488 -0.07871908  0.05792811  0.78172109  0.37308182  0.4404107
   0.1257203  -0.11221163 -0.06032766]
 [ 0.21356476  0.5914723   0.07315942  0.50848948  0.13072416  0.28850414
  -0.37225697 -0.27807464 -0.15624523]]","['bbo_main', 'random_fill', 'random_fill', 'random_fill']","[[2.16084679e-01 1.23781479e-01 3.67557592e-02 8.56144927e-01
  9.41943114e-02 2.63835939e-01 1.35439182e-01 3.34321007e-02
  1.00000000e+00]
 [3.79262562e-10 2.80273768e-01 7.96923308e-10 8.45061599e-01
  9.68698239e-02 1.10309797e-09 3.23006673e-01 4.54569790e-02
  1.00000000e+00]
 [2.82204473e-01 1.44699598e-01 3.53066484e-02 8.69586778e-01
  1.13433150e-01 3.55306198e-01 4.24532727e-08 2.59911374e-02
  1.00000000e+00]
 [9.99999997e-01 9.34105930e-01 1.36959283e-09 2.65498942e-01
  1.98142268e-01 2.72184492e-01 2.50500963e-08 2.70913224e-02
  9.99999999e-01]]",[0.51119872 0.61359448 0.83958029 0.84171564],4,0.13254896582236275,0.9474397936892255,0.9652392071451937,0.06656668561655196,0.1292451444063747
173,"[[ 0.08600686 -0.21213508  0.44488689  0.67874983  0.16001486  0.14415681
   0.19959597  0.45017402 -0.00973171]
 [ 0.08627218  0.16278657  0.32887408 -0.01533556  0.2965962   0.00415379
  -0.08487343  0.63641306 -0.59787345]
 [-0.11592139 -0.15762088 -0.30919674 -0.27055644 -0.18605794 -0.44457577
   0.38385919  0.38821037 -0.5124394 ]
 [ 0.15042733 -0.11441838 -0.23221841 -0.4037467  -0.56221568  0.23844471
  -0.02909842  0.4587268  -0.40388603]]","['bbo_main', 'random_fill', 'random_fill', 'random_fill']","[[2.42208464e-01 1.27730510e-01 6.33766264e-01 5.70093465e-01
  1.04985322e-01 1.83505881e-02 4.32058892e-09 2.85752930e-01
  1.00000000e+00]
 [2.79677064e-01 5.39009884e-01 1.54099482e-01 2.02816392e-01
  1.45390557e-01 9.65095841e-03 1.40283063e-08 7.32746541e-02
  6.02287713e-02]
 [8.40990104e-10 4.59295601e-01 3.06211581e-02 2.47519706e-01
  1.06211196e-01 4.12919709e-02 7.54932763e-02 8.39202315e-02
  8.99466288e-02]
 [9.99999999e-01 3.39063603e-01 2.42301162e-02 2.01966784e-01
  6.88720816e-02 1.56175105e-01 3.30013155e-08 7.93465005e-01
  1.00000000e+00]]",[ 0.80099202  0.21322708 -0.17148414 -0.01692209],4,0.14930809194368255,0.9468914515309058,0.9647889863354089,0.06686578455594142,0.14356340931565525
