iteration,point,cut_direction,cut_support_value,trial_direction_gap,ci_lower,ci_upper,mean_gap,max_gap
0,"[1.42837408e-08 8.87122900e+03 2.27119755e+01 5.08891834e+02
 4.74581802e+02 2.70772774e-08 1.38232046e+04 4.09490608e+01
 1.00000000e+00]","[-0.22055595  0.49469414  0.30573673  0.37483755  0.48167055  0.35148234
  0.22396408  0.18464301  0.18126041]",7918.476168648152,5623.1258977468215,2.4548656141978765e-07,0.0012550263386699402,1909.9064515169664,5780.618993139991
1,"[1.58700180e+01 2.86552167e+03 6.28669447e+01 1.49783659e+03
 1.88834786e+02 4.39147206e+00 1.68556695e+04 4.96855649e+01
 1.00000000e+00]","[-0.14496213 -0.57665212 -0.09632874  0.49750649  0.46693994 -0.13970121
  0.38708622  0.0008205   0.04775584]",5696.664815289074,5985.631674066781,2.4548656141978765e-07,0.0012550263386699402,1589.9688166924393,5456.460026027933
2,"[2.56518928e-09 1.01879007e+04 4.09342392e+01 1.84004547e+03
 3.79135448e+02 5.91260861e-01 3.37646735e-06 5.12388357e+01
 1.00000000e+00]","[-0.05432461  0.50561379  0.36122873  0.41683979 -0.06320943 -0.16680559
 -0.40718865  0.47173148  0.13041932]",5933.171716111274,4024.800689449319,2.4548656141978765e-07,0.0012550263386699402,1279.882200279326,3787.83664515674
3,"[3.85660000e+01 1.53728452e+03 3.63738075e+02 8.92583518e+02
 1.51462195e+03 1.88278270e+01 2.52596146e+02 8.11995825e+01
 1.00000000e+00]","[ 0.07109282 -0.47055682 -0.14424031 -0.59758272  0.52599479  0.33318414
  0.03752122 -0.07984585  0.01209617]",-500.5333762798708,3372.9172443493953,2.4548656141978765e-07,0.0012550263386699402,1098.0837775831194,3189.9990401356085
4,"[9.03039041e-10 5.33354260e+03 1.93631973e+01 1.30991392e+03
 1.97471709e+03 5.14846531e-02 7.23071393e+03 4.09354152e+01
 1.00000000e+00]","[-0.14755546  0.14233991  0.28032959  0.50189453  0.76060564  0.11217314
  0.11242107  0.15379872 -0.00936209]",3743.200427504325,3144.362862031475,2.4548656141978765e-07,0.0012550263386699402,1023.5729636962267,3144.0862247362084
5,"[9.12816941e-09 1.01879007e+04 2.87982831e+02 9.32129638e-08
 1.37455786e+03 4.55220168e+00 9.37736842e-06 4.62898012e+01
 1.00000000e+00]","[-0.03072138  0.30980723  0.43965484 -0.53581944  0.44065194  0.18045447
 -0.23577453 -0.37446709  0.01111953]",3872.0984626327986,2485.147420808095,2.4548656141978765e-07,0.0012550263386699402,899.4146589720133,2465.25728714477
6,"[2.08580000e+01 3.68140466e+02 6.64178458e+01 3.77624029e+03
 2.00245857e+02 6.45672714e+00 9.83413859e+02 5.94286960e+01
 1.00000000e+00]","[ 0.24520529 -0.63986007  0.38626775  0.51345673 -0.07428835  0.04722276
  0.07023556  0.30788605  0.10068398]",1807.0447316434509,2298.3897698807573,2.4548656141978765e-07,0.0012550263386699402,832.6584418911484,2434.8436515428257
7,"[3.09210000e+01 2.22995976e+03 3.69767323e+02 6.52163989e+02
 2.24291909e+01 1.15275756e+01 1.24961081e+04 8.37557799e+01
 1.00000000e+00]","[-0.10885894 -0.28739175  0.27575215 -0.68473396 -0.29130036  0.18660614
  0.07541006  0.47127061  0.11487146]",-11.296481126423517,2108.5331514187883,2.4548656141978765e-07,0.0012550263386699402,796.508004400136,2192.1515406265594
8,"[2.74648026e+01 1.22041191e+03 1.60133630e+02 2.20167975e+03
 1.86224947e+03 1.03359902e+01 1.62189322e-05 5.69129046e+01
 1.00000000e+00]","[-0.08980497 -0.47976292  0.41981329  0.15599945  0.64092919  0.1719059
 -0.1133436   0.20842471  0.25407495]",1030.1751846791137,2159.8444632227565,2.4548656141978765e-07,0.0012550263386699402,745.4151603516575,2133.2276881569965
9,"[4.34012226e-09 1.01879007e+04 1.85000015e+00 1.39258162e+03
 4.30036936e+02 6.29255515e-01 4.81318089e+03 4.38366027e+01
 1.00000000e+00]","[-0.25406923  0.39288677  0.17930116  0.78048183 -0.23590099 -0.23873949
  0.09990516 -0.08479913  0.09985118]",5465.55550437707,2048.3300916046837,2.4548656141978765e-07,0.0012550263386699402,709.0746439987782,2037.6223398898392
10,"[5.99844298e+00 6.89588683e+03 5.09432510e+01 5.36528795e+02
 3.11804317e+02 8.46623279e-10 1.73084087e+04 3.91660014e+01
 1.00000000e+00]","[ 0.05388701  0.44690956  0.44914684 -0.39833363 -0.1660727   0.08910753
  0.39271342  0.48830009 -0.09372495]",9655.817818575228,1826.6488142249,2.4548656141978765e-07,0.0012550263386699402,683.6005325150832,1906.7761650742232
11,"[2.76200000e+01 1.09835488e+03 6.39901340e+01 1.78666217e+03
 1.05156735e+01 1.12805008e+01 1.16670453e+04 8.31471744e+01
 1.00000000e+00]","[-0.05916475 -0.82104409 -0.06762105 -0.02476348 -0.44325158  0.22235588
  0.16364696 -0.1896052   0.09249722]",939.4480555652016,1773.6107795282696,2.4548656141978765e-07,0.0012550263386699402,635.9598970076579,1725.5572341429743
12,"[1.10036796e+02 9.36890228e+02 7.86657429e+02 5.83213323e+02
 1.03858072e+02 2.08748346e+01 3.70816301e-06 9.30012560e+01
 1.00000000e+00]","[ 0.30431072 -0.29959656  0.31422946 -0.55227616 -0.35194405  0.0676542
 -0.4315575  -0.2513183   0.18985077]",-380.43061280706945,1603.3598366645535,2.4548656141978765e-07,0.0012550263386699402,623.996415649311,1510.8811766175359
13,"[1.56111246e+01 2.07186595e+03 7.61187608e+00 2.96061159e+03
 1.58738864e+02 1.19419717e+00 1.11745707e+04 3.91606322e+01
 1.00000000e+00]","[ 0.07446493 -0.11727632 -0.3931187   0.73456142  0.03712438 -0.30892481
  0.13768459  0.41287918  0.01842364]",3490.2177341330394,1592.2837179645499,2.4548656141978765e-07,0.0012550263386699402,598.5178040192917,1547.7090357777247
14,"[1.81620000e+01 3.78574139e+03 1.22143921e+02 8.59795129e+02
 3.88039393e+02 2.96956238e+00 1.73147483e+04 4.84801401e+01
 1.00000000e+00]","[ 0.10864502 -0.25470808  0.14494474 -0.4667064   0.71141867  0.02561729
  0.26447445 -0.23801573 -0.22610887]",3497.8243737244034,1575.7383620255569,2.4548656141978765e-07,0.0012550263386699402,593.7559718120368,1594.7411380927658
15,"[6.73151630e-09 4.88186607e+03 4.16607320e+01 3.60342672e+03
 3.62856438e+02 3.27077372e-01 5.40756714e-05 4.69454641e+01
 1.00000000e+00]","[ 0.15566073  0.1538199   0.51514416  0.50912106  0.05254819 -0.29089739
 -0.00178806  0.53116027 -0.24086177]",2650.636886945406,1552.038910515891,2.4548656141978765e-07,0.0012550263386699402,564.0831509031183,1621.6204857250116
16,"[2.75312636e-07 1.01879007e+04 4.20714396e+02 8.12969082e+00
 2.42141895e+02 8.86519987e+00 8.09045064e-04 8.09593864e+01
 1.00000000e+00]","[-0.13682342  0.14733055  0.46366739 -0.31110233 -0.49980833 -0.03251031
 -0.02992432  0.58078981  0.24232911]",1619.4813320654314,1561.4981915762994,2.4548656141978765e-07,0.0012550263386699402,541.1697136425902,1554.5459359803287
17,"[2.68955726e+01 7.55481680e+02 1.09385445e+03 1.48516288e+03
 2.78814586e+02 2.25703947e+00 2.52133057e+03 5.77663302e+01
 1.00000000e+00]","[-0.29978121 -0.32235562  0.70281012  0.05906589  0.34945001  0.3194866
  0.05803555  0.26775265 -0.09767616]",864.7469478583502,1544.6393252255293,2.4548656141978765e-07,0.0012550263386699402,518.1305930284772,1580.58486020674
18,"[1.92489970e-09 9.34252625e+03 7.37632481e-09 6.56623262e+02
 2.03492779e+03 4.17150571e+00 4.61525979e-06 5.55400899e+01
 1.00000000e+00]","[ 0.10429564  0.23724457  0.12776187  0.21757078  0.65449348  0.04874052
 -0.26216167  0.60310758  0.07728165]",3724.9498297291375,1388.5337010559224,2.4548656141978765e-07,0.0012550263386699402,504.78381809154644,1486.2910590225583
19,"[6.56627504e+00 4.07780588e+03 7.36795511e+01 1.06497210e+03
 1.31371778e+02 4.05949330e+00 1.81794730e+04 4.94925722e+01
 1.00000000e+00]","[ 0.28471837 -0.15292152  0.51679919  0.19069852  0.09426667 -0.23001125
  0.35326353  0.63478497  0.05064251]",6084.514302708347,1362.6402988641457,2.4548656141978765e-07,0.0012550263386699402,489.2010916149235,1324.67472204362
20,"[3.07346078e+01 5.87652421e+03 3.39075587e+02 3.00465360e+02
 2.31226748e+03 4.53357870e+00 1.44665240e+03 5.35840630e+01
 1.00000000e+00]","[ 0.23206904 -0.01447552  0.2254338  -0.62550415  0.57478358  0.15929875
  0.06162797  0.18170724 -0.33360275]",1238.8964246747885,1386.985051873316,2.4548656141978765e-07,0.0012550263386699402,447.67091212621233,1311.7473594008943
21,"[5.75597699e-09 1.01879007e+04 1.90191832e+02 2.58265467e+02
 5.26993741e+02 1.14030211e+00 8.55679570e+03 4.35749765e+01
 1.00000000e+00]","[ 0.1774665   0.30021291  0.75540247  0.05796936  0.28108666 -0.2132803
  0.07248851  0.41354634  0.06009291]",4003.4196192568165,1258.9560334994635,2.4548656141978765e-07,0.0012550263386699402,434.0382425168816,1194.4875338260445
22,"[1.66734180e+01 1.88667176e+03 1.09660328e+03 2.00907337e+03
 5.10208588e+02 8.71840566e-02 8.13657568e-06 4.88630708e+01
 1.00000000e+00]","[ 0.45742756  0.02192886  0.6512193   0.22865082  0.22955313  0.11945859
 -0.190384    0.4455596   0.11034925]",1361.5170993275506,1109.4245615228645,2.4548656141978765e-07,0.0012550263386699402,419.5069368257683,1132.2070112717329
23,"[1.14034000e+02 5.04149809e+02 1.19347628e+02 1.41733765e+03
 4.49099239e+01 2.11820926e+01 1.46778113e-05 3.05615093e+02
 1.00000000e+00]","[ 0.0765513  -0.44776411 -0.4960689  -0.43762562 -0.12377046  0.19165238
 -0.28238215  0.46170169  0.10530324]",-756.7692709121328,1111.1639519591827,2.4548656141978765e-07,0.0012550263386699402,416.43092771012834,1100.8453979120593
24,"[1.83821962e+01 1.75991271e+03 9.44491037e+01 2.41045681e+03
 1.19047507e+02 3.68840571e+00 1.29843106e+04 4.30914592e+01
 1.00000000e+00]","[ 0.08594    -0.35712053  0.7580609   0.45211879 -0.10897761 -0.18234027
  0.1581213   0.12577778 -0.00806428]",2579.351645616898,1141.9357925373806,2.4548656141978765e-07,0.0012550263386699402,406.9057216758445,1131.3361448374615
25,"[2.35980000e+01 2.65244266e+03 9.55529123e+01 1.34452485e+03
 8.25707467e+02 4.26492678e+00 1.33155275e+04 5.01912346e+01
 1.00000000e+00]","[ 0.01195711 -0.28684429  0.13462025 -0.03543452  0.62919104 -0.26099263
  0.10732705  0.64932326  0.03257063]",1184.818743792255,1232.8928338920937,2.4548656141978765e-07,0.0012550263386699402,400.239787201882,1085.655185451516
26,"[2.18155235e+01 1.85661527e+03 5.13509029e+01 2.63748694e+03
 1.95768350e+03 3.43358352e+00 1.07295104e+03 4.92937545e+01
 1.00000000e+00]","[ 0.30777776 -0.1950685  -0.15993998  0.43886348  0.72551937  0.31210907
  0.07975581  0.09685902  0.09749917]",2305.685884413052,1133.3407231636197,2.4548656141978765e-07,0.0012550263386699402,392.7731720553633,1190.8299762618271
27,"[2.15294475e+01 5.27996849e+03 7.52900051e+02 1.95713598e+02
 3.26628502e+02 2.04679993e+00 1.01892661e+04 5.26021283e+01
 1.00000000e+00]","[ 0.00329898  0.02037454  0.82901211 -0.43988704 -0.08295374  0.14073454
  0.0462912  -0.11263624  0.27801974]",1084.9388381081615,1144.0058067509317,2.4548656141978765e-07,0.0012550263386699402,388.11356572372665,1060.5323146664332
28,"[1.91529063e-11 1.01879007e+04 1.91546820e+01 4.36726920e+02
 4.85218878e+02 2.54703116e-01 9.91910797e+03 4.81189318e+01
 1.00000000e+00]","[ 0.05162446  0.79280213 -0.05316136 -0.17070665 -0.23869104 -0.08032071
  0.20373118 -0.33105708  0.34971817]",9890.832157823872,1074.2954187458945,2.4548656141978765e-07,0.0012550263386699402,384.43287111397075,1081.1068827765962
29,"[1.64270778e-08 3.87088915e+03 9.04240161e+02 9.23160084e+02
 3.16665655e+02 1.61455596e-08 9.31429915e+03 3.96514878e+01
 1.00000000e+00]","[-0.20508832  0.08729333  0.9011848   0.23974592  0.03091276  0.0511283
  0.04783941  0.07525034 -0.26303153]",1832.214478461681,1031.9291576444632,2.4548656141978765e-07,0.0012550263386699402,375.61370729886977,1047.8603814222688
30,"[3.14030000e+01 3.81615699e+03 8.54076251e+01 5.58646126e+02
 6.01083205e+02 9.27944355e+00 1.14152562e-05 6.36298759e+02
 1.00000000e+00]","[-0.33989719 -0.10858789 -0.43470563 -0.42042907  0.15916749  0.07462151
 -0.43933804  0.50545223  0.16597125]",-278.9105235159423,950.078344743129,2.4548656141978765e-07,0.0012550263386699402,369.78667537147936,921.0538395440208
31,"[3.99912789e+00 4.68270628e+03 1.35591079e-08 2.96030293e+03
 3.37843580e+02 1.40110501e-08 7.75445629e+03 3.97611128e+01
 1.00000000e+00]","[ 0.34939698  0.13207743 -0.51250373  0.46401458  0.16385275  0.10924311
  0.05926578  0.5663505   0.13950123]",2531.089527210303,921.5572777083194,2.4548656141978765e-07,0.0012550263386699402,367.28025226310547,971.1807130264496
32,"[1.98098009e-08 9.06221812e+03 1.54229767e-07 5.85706778e+02
 1.41113763e+03 2.55940207e+00 6.48582153e+03 5.00444171e+01
 1.00000000e+00]","[-0.04659485  0.31767349 -0.14327298  0.17562089  0.90698799  0.08259847
  0.11293733 -0.05543371 -0.01628416]",4991.486015420006,880.1272455720391,2.4548656141978765e-07,0.0012550263386699402,358.15521887103426,869.2603542022181
33,"[5.99915627e+00 3.38996655e+03 3.61345870e+01 1.76179312e+03
 1.40109359e+02 1.69381007e+00 1.67452791e+04 4.01138430e+01
 1.00000000e+00]","[ 0.09951981  0.03001486  0.2824809   0.88671916 -0.13836852  0.09524836
  0.28043397 -0.09937441  0.07995003]",6347.5827567328715,887.6602691317403,2.4548656141978765e-07,0.0012550263386699402,356.9039413663913,875.3061217008834
34,"[1.07074000e+02 2.31497565e+02 5.36426038e+02 1.16885615e+03
 7.33362984e+01 1.83298600e+01 3.04508407e+02 9.81659520e+01
 1.00000000e+00]","[-0.03784681 -0.57177682 -0.14497567 -0.4469393   0.1496722  -0.45249674
  0.0272594   0.46980361 -0.04746181]",-679.5396540177902,882.7857263820601,2.4548656141978765e-07,0.0012550263386699402,350.09414754922255,1075.40622379775
35,"[3.14030000e+01 4.61266936e+03 3.21814104e+02 3.40470810e+02
 1.55201861e+02 4.22865485e+00 1.60182315e+04 5.06639615e+01
 1.00000000e+00]","[ 0.460123   -0.08001267 -0.00542947 -0.65305738 -0.05999757  0.0644636
  0.07345643  0.58496586  0.00593284]",618.5285218897441,910.8606656676602,2.4548656141978765e-07,0.0012550263386699402,343.98140343977246,963.9771350181569
36,"[2.01903345e+01 4.84359919e+03 3.17957368e+02 5.22824461e+02
 1.36425002e+03 2.65819447e-01 1.07222375e+04 3.93784428e+01
 1.00000000e+00]","[ 0.07656444 -0.04936425  0.73185424 -0.1328106   0.64647753  0.0501017
  0.08977872  0.08834973 -0.04628707]",1773.7389052328765,935.187563014066,2.4548656141978765e-07,0.0012550263386699402,334.11099190070246,927.0603800478318
37,"[2.96390750e+01 3.53479209e+03 4.68154546e+02 5.71593697e+02
 2.24343502e+03 1.03612677e+01 1.03079350e-05 5.12946969e+01
 1.00000000e+00]","[-0.06139771 -0.15826778  0.6264718  -0.44400655  0.54082777 -0.0094722
 -0.10346799  0.27116202 -0.06894952]",705.2848257248608,910.5571238625896,2.4548656141978765e-07,0.0012550263386699402,332.55021405108596,970.3429700690717
38,"[2.04678084e+01 3.97041326e+02 8.62157382e+02 2.30265348e+03
 1.81722126e+02 8.54280586e+00 2.78012370e-07 6.12779432e+01
 1.00000000e+00]","[-0.23317045 -0.32223918  0.67803121  0.2429032  -0.4109096   0.05906803
 -0.38744021 -0.00352654  0.02463908]",936.8185364605722,882.796111952905,2.4548656141978765e-07,0.0012550263386699402,330.690405984167,896.0718076105256
39,"[5.36422663e-02 1.01879007e+04 2.05005207e+01 5.09255668e+02
 3.18290013e+02 6.18387069e-01 8.78506018e+03 4.76259053e+01
 1.00000000e+00]","[ 0.06292213  0.16478544 -0.03060877  0.01418072 -0.41724366  0.04546391
  0.03984819  0.84241474 -0.28344111]",1942.5448179672335,832.7699304054247,2.4548656141978765e-07,0.0012550263386699402,326.7595638051792,827.4553898570372
40,"[3.14030000e+01 2.07114553e+02 5.63101517e+01 2.40631942e+03
 6.92621173e+02 1.49919515e+01 7.23973570e+02 9.84082495e+01
 1.00000000e+00]","[ 0.00813511 -0.60522967 -0.16766867  0.06733901  0.39052153  0.21545348
  0.05064453  0.52984309 -0.34461241]",389.67647161494426,859.140143410206,2.4548656141978765e-07,0.0012550263386699402,315.7115687255153,812.7654397024635
41,"[3.85660003e+01 3.16277994e+03 2.90105214e+02 4.44361799e+02
 1.86115301e+03 1.16227664e+01 2.02447388e-04 1.03263655e+02
 1.00000000e+00]","[-0.28072773 -0.17172002 -0.43429743 -0.56090895  0.24731825  0.04218948
 -0.03523252  0.56654044  0.05757943]",-409.82956366897514,864.7699103428301,2.4548656141978765e-07,0.0012550263386699402,314.2042342136553,804.9659722967044
42,"[3.30100000e+00 1.01879007e+04 3.78637904e-10 2.77721759e+02
 6.90914427e+02 1.03589420e+00 1.11131625e-06 3.82737628e+02
 1.00000000e+00]","[ 0.17063696  0.14517446 -0.34435017 -0.19105521  0.12306943  0.22263179
 -0.02897379  0.83012985  0.20015549]",1829.7091828258112,827.5030305038999,2.4548656141978765e-07,0.0012550263386699402,315.1484251420276,834.4477062070586
43,"[2.46410000e+01 2.33978319e+02 5.50456004e+01 3.70799097e+03
 2.22741605e+02 7.47462471e+00 8.08844149e-10 6.47969318e+01
 1.00000000e+00]","[ 0.03464414 -0.5908422  -0.24698181  0.35745408  0.3754925   0.03378484
 -0.47655459 -0.17240519 -0.24893371]",1246.9207115355302,841.2125888268695,2.4548656141978765e-07,0.0012550263386699402,308.20954620288603,739.0533626838844
44,"[2.73073324e+01 3.89528000e+03 8.33667621e+02 4.25142678e+02
 3.54583142e+02 4.64154836e+00 1.17064295e-06 4.49144190e+02
 1.00000000e+00]","[-0.16329577 -0.02400811  0.52535355 -0.22850307 -0.04621182 -0.10389561
 -0.06928954  0.77168138 -0.17698892]",572.3974215318685,900.2452859394984,2.4548656141978765e-07,0.0012550263386699402,297.0193055355011,857.4316558085179
45,"[5.94300000e+00 5.82703388e+03 5.43808756e+01 7.18599331e+02
 2.48443256e+02 6.50398140e-01 1.83794382e+04 3.99147687e+01
 1.00000000e+00]","[ 0.0531678   0.52070635 -0.11090377  0.36126532 -0.06914077 -0.31201841
  0.66428007 -0.13639522 -0.1456647 ]",15474.187667091799,755.9176254323775,2.4548656141978765e-07,0.0012550263386699402,295.74511221311525,761.0292762252052
46,"[2.76200000e+01 2.45248448e+03 1.21334829e+02 1.18890637e+03
 3.33801942e+01 9.01479359e+00 1.59610631e+04 6.57304097e+01
 1.00000000e+00]","[ 0.02101202 -0.57147791 -0.0683936  -0.4544062  -0.47047543  0.22875941
  0.21381912 -0.14047574  0.3502553 ]",1440.7494672513394,747.02206510784,2.4548656141978765e-07,0.0012550263386699402,284.2551374371484,793.1616469130695
47,"[5.94300003e+00 1.84017085e+03 6.17003027e+01 3.52796924e+03
 1.70109743e+02 4.36919864e-01 7.61031027e+03 3.90458493e+01
 1.00000000e+00]","[-0.18793321 -0.02007661  0.3975273   0.78137373 -0.18772639  0.33215538
  0.09514902  0.17289388 -0.10578821]",3442.0983589637854,732.8344531485618,2.4548656141978765e-07,0.0012550263386699402,277.4530657237683,766.0579433784478
48,"[3.80840000e+01 1.44418159e+03 7.39541841e+02 8.29864130e+02
 2.31873291e+02 7.46239791e+00 8.17799166e+03 6.85386096e+01
 1.00000000e+00]","[ 0.1846315  -0.34444044  0.43428518 -0.4932471   0.34237449 -0.06220316
  0.06330348  0.51173743 -0.16853371]",52.96483198429927,791.8125760874678,2.4548656141978765e-07,0.0012550263386699402,275.44176812047596,749.5370827293062
49,"[8.85446339e+00 7.23363271e+03 9.07898375e+01 5.78530260e+02
 2.60682186e+03 2.98884686e+00 2.93873524e+02 5.98513215e+01
 1.00000000e+00]","[ 0.05557367  0.11365695  0.31618571 -0.20995202  0.67302533 -0.37684513
  0.04510563  0.49189108  0.03120438]",2525.945283893061,692.2078492183277,2.4548656141978765e-07,0.0012550263386699402,274.0282646532727,705.3206629823512
50,"[2.40915742e-08 4.73314738e+03 7.12354142e-08 2.42276166e+03
 2.03161914e+03 1.89388952e+00 9.55125835e-05 5.01628610e+01
 1.00000000e+00]","[ 0.22422077  0.16052206 -0.04915331  0.61419507  0.55508524  0.41300778
  0.02965363  0.2508089   0.04273855]",3388.9508789157344,704.5702701381815,2.4548656141978765e-07,0.0012550263386699402,276.02207027384287,885.427696998886
51,"[2.17881429e+01 1.48885148e+03 3.90158093e+01 3.89677686e+03
 8.66310624e+02 8.71840494e-02 2.17866445e-06 5.78695188e+01
 1.00000000e+00]","[ 0.02745183 -0.09058841 -0.21370789  0.40133175  0.3881432  -0.02898882
 -0.01134863  0.7702328   0.19854233]",1802.3093068556989,682.0243362696435,2.4548656141978765e-07,0.0012550263386699402,269.35527599790413,682.7491783806367
52,"[1.78347674e+00 7.63932884e+03 3.31898862e+01 4.68029667e+02
 7.88937307e+02 9.17252895e-09 1.40621699e+04 4.20469096e+01
 1.00000000e+00]","[-0.09948743  0.13240651 -0.21122448 -0.26191074  0.60319417 -0.12905193
  0.09941689  0.68476893  0.00824238]",2784.427143857509,665.1444108862192,2.4548656141978765e-07,0.0012550263386699402,267.9324540699196,720.3370155222034
53,"[7.53057575e-09 6.89384434e+03 1.17119492e+01 8.45401898e+02
 3.40441509e+02 5.30648679e-09 1.67569473e+04 4.08893402e+01
 1.00000000e+00]","[-0.3144599   0.30774477  0.24682658  0.71593716 -0.10069263  0.36059055
  0.1648341  -0.25238824 -0.04340624]",5447.1629170539145,658.3551161188434,2.4548656141978765e-07,0.0012550263386699402,263.9721022223544,720.2762968442441
54,"[2.75573279e+01 5.51187292e+02 2.14092377e+02 1.80330158e+03
 3.05994491e+01 1.54722776e+01 3.84800470e-06 4.89190186e+02
 1.00000000e+00]","[-3.86725993e-01 -2.39078497e-01  2.42449762e-01  1.59098248e-02
 -2.94911752e-01  4.42018250e-02 -1.70394289e-01  7.85040396e-01
  2.97475512e-04]",313.85681310513365,716.3942294604594,2.4548656141978765e-07,0.0012550263386699402,259.97707554532536,711.624774019348
55,"[3.14030000e+01 4.43987510e+03 2.12436406e+02 3.70863219e+02
 5.90106684e+02 2.87683304e+00 1.43060300e+04 5.00271854e+01
 1.00000000e+00]","[-0.21936439 -0.1298813  -0.42098273 -0.63326713  0.32846954 -0.30057887
  0.04701971 -0.16607547 -0.35878208]",-50.86731995493852,636.52924227174,2.4548656141978765e-07,0.0012550263386699402,256.51155387418567,766.0481962854165
56,"[1.11642871e+02 3.89477641e+03 3.93228146e+02 9.55150613e+00
 5.61699614e+01 2.66067512e+01 2.84716478e-07 2.27705566e+02
 1.00000000e+00]","[ 0.18980628 -0.03465672 -0.03456291 -0.60592574 -0.60816685 -0.01709026
 -0.03989206  0.4700911   0.04118111]",-60.7001421317534,663.2447482917798,2.4548656141978765e-07,0.0012550263386699402,256.10949838525516,693.6258050207001
57,"[3.14030000e+01 2.68292750e+03 5.77563862e+01 1.41545302e+03
 2.56532766e+03 1.02275374e+01 1.05314960e+02 5.13292479e+01
 1.00000000e+00]","[ 0.37736165 -0.26763264 -0.38008136 -0.23386638  0.75512633 -0.11828225
 -0.00903578  0.0060166  -0.04991312]",876.0763491105448,692.7283633008573,2.4548656141978765e-07,0.0012550263386699402,257.0646110614441,766.2187437011742
58,"[2.91539196e+01 2.80756266e+03 8.73430610e+02 5.68111585e+02
 1.57913014e+02 6.77694192e+00 8.90811276e+03 5.45860102e+01
 1.00000000e+00]","[ 0.15032125 -0.01654619  0.54215689 -0.17827582 -0.53042074 -0.0353227
  0.02685241  0.50746856  0.33252689]",513.4216692658845,730.3937390682378,2.4548656141978765e-07,0.0012550263386699402,251.838396417333,861.3085264907445
59,"[5.94300000e+00 3.83440692e+03 2.87451850e+01 2.01876625e+03
 1.61512452e+02 4.40116039e-01 1.52155569e+04 3.91612359e+01
 1.00000000e+00]","[ 0.16387922  0.09845672  0.15307298  0.3824368  -0.3542589  -0.01223472
  0.07149756  0.79785828  0.16254798]",2217.00798473662,661.3065681737817,2.4548656141978765e-07,0.0012550263386699402,254.1618222535025,749.1590330804968
60,"[1.44025104e-08 3.15540480e+03 6.79161799e+01 3.25086420e+03
 1.45764700e+03 1.64720861e-01 1.41267759e-04 4.91656039e+01
 1.00000000e+00]","[-0.07459023  0.07798246  0.56814283  0.39847271  0.33276261 -0.03047647
  0.00896458  0.50560438  0.37337961]",2090.3101111812603,681.5725308361073,2.4548656141978765e-07,0.0012550263386699402,248.80628925291694,697.7154913732043
61,"[3.42247523e-08 1.01879007e+04 2.91666309e-07 7.56003786e+02
 1.65291399e+03 5.28475016e+00 8.95505971e-04 5.20300750e+01
 1.00000000e+00]","[-0.02833151  0.41788611  0.19711979  0.26747205  0.49178538  0.00160747
  0.01569107  0.68049748  0.09482907]",5307.9806484984865,615.6023677233379,2.4548656141978765e-07,0.0012550263386699402,248.62397722753155,647.6767823090274
62,"[3.14030000e+01 3.15838426e+03 4.98653037e+01 1.08215804e+03
 5.09261717e+02 6.48064542e+00 1.36877463e+02 7.90359744e+02
 1.00000000e+00]","[ 0.31396297 -0.07923282 -0.25504699 -0.14686289  0.23975136  0.09181392
  0.00885783  0.85478321 -0.10903407]",387.3456706183966,620.0744419011471,2.4548656141978765e-07,0.0012550263386699402,245.23615490765056,682.8018623273605
63,"[2.39439292e+01 6.23555100e+03 5.30549593e+02 1.84401781e+02
 1.97062708e+03 6.42030687e+00 3.07565832e-05 6.15038055e+01
 1.00000000e+00]","[ 0.21319623  0.02859984  0.69009109 -0.34042379  0.34315536 -0.12311574
 -0.15369631  0.437813   -0.11575613]",1189.0455023552445,645.8006909581757,2.4548656141978765e-07,0.0012550263386699402,245.12843524775198,675.7877078441614
64,"[1.27492568e+01 8.75813126e+03 1.90919484e+02 8.72969440e+01
 4.56662147e+02 2.87229575e-01 1.23090864e+04 5.11302376e+01
 1.00000000e+00]","[ 0.18562562  0.2377941  -0.06694487 -0.91671224 -0.15939297  0.05229194
  0.1058231  -0.06404406 -0.14392158]",3218.5847485133213,601.9439560610722,2.4548656141978765e-07,0.0012550263386699402,241.13232331875258,620.8620018856305
65,"[1.14034000e+02 1.76393225e+03 3.80713761e+02 3.22435103e+02
 1.51355654e+01 3.22777409e+01 2.49926913e+03 8.89063772e+01
 1.00000000e+00]","[-0.08319636 -0.17296833 -0.51022483 -0.55660314 -0.37199163  0.29035377
  0.0012536  -0.24935841  0.32887631]",-703.2755528260033,725.0271832233952,2.4548656141978765e-07,0.0012550263386699402,238.93392060907908,616.4680423247244
66,"[1.03418974e-08 8.90953669e+03 3.51947499e+02 3.80853858e+02
 6.51670398e+02 2.64803588e+00 9.06529161e+03 4.21587222e+01
 1.00000000e+00]","[-0.06172199  0.13089573  0.81910258  0.2184803   0.32427367 -0.1342736
  0.04642657  0.35224165 -0.10479315]",2184.2900692648936,578.8915385795963,2.4548656141978765e-07,0.0012550263386699402,237.47107115566453,596.5401967558846
67,"[2.31079499e+01 4.54763871e+03 1.13403869e+03 7.08172425e+01
 3.80112832e+02 1.32784431e+01 6.99011458e-06 4.88386642e+01
 1.00000000e+00]","[-0.27870669  0.00755829  0.72878281 -0.36973246 -0.22965097  0.14552836
 -0.18276661 -0.35264043 -0.15087077]",725.4822833784717,595.1644096705983,2.4548656141978765e-07,0.0012550263386699402,234.153607540568,558.8699745936362
68,"[3.85660000e+01 1.58519703e+03 1.02876579e+02 1.13507146e+03
 9.61509117e+01 1.17309349e+01 1.26093985e+04 9.05927537e+01
 1.00000000e+00]","[ 0.10870003 -0.47562931 -0.50375591 -0.52480766  0.29228203 -0.11774622
  0.07385733  0.17434682 -0.31244726]",-423.7923513397332,580.3038562775643,2.4548656141978765e-07,0.0012550263386699402,234.3372288177563,588.8223671281975
69,"[2.46410000e+01 8.43379681e+02 5.49985617e+01 2.90802737e+03
 1.35829298e+02 5.71789476e+00 8.27683183e+03 5.96573009e+01
 1.00000000e+00]","[-0.05477687 -0.70984146 -0.2642858   0.4209957  -0.26204511  0.3720459
  0.1271849   0.11089649 -0.10237388]",1635.4513895661116,591.0238114618994,2.4548656141978765e-07,0.0012550263386699402,232.50227526754972,584.8538497609464
70,"[2.08580000e+01 1.38343454e+03 3.66775074e+02 2.77940134e+03
 3.58675306e+02 1.18682473e+00 2.05391515e-06 4.06170798e+02
 1.00000000e+00]","[ 0.50847239 -0.06556533  0.38588339  0.18166378  0.15247635  0.27216413
 -0.02658223  0.67199208  0.07514637]",894.3805508767215,593.1677552111488,2.4548656141978765e-07,0.0012550263386699402,233.11456892191154,552.905987102788
71,"[3.74267182e+01 2.78808944e+02 9.69449954e+02 1.34996465e+03
 1.79787577e+02 1.16288264e+01 2.76746883e-07 7.42258332e+01
 1.00000000e+00]","[ 0.0496637  -0.58313167  0.57350114 -0.20681686 -0.03136131  0.2745069
 -0.2866752  -0.35285607  0.05278777]",87.47719585713618,552.8983855776537,2.4548656141978765e-07,0.0012550263386699402,230.86908675214542,569.0461350332832
72,"[3.21400908e+01 7.82373823e+02 7.22572038e+02 1.37270948e+03
 1.05211346e+02 9.73521482e+00 1.67753379e+03 3.04607852e+02
 1.00000000e+00]","[-0.11083698 -0.17745017  0.36753754 -0.07605346 -0.24205785  0.41393104
  0.02821053  0.75060124  0.14570403]",273.44969264967955,548.6082366236182,2.4548656141978765e-07,0.0012550263386699402,227.1394458802256,563.7626737413425
73,"[3.27936348e-09 8.46208046e+03 6.39086681e+00 1.06081087e+03
 6.03551281e+02 1.61773691e-01 2.60485173e+02 5.71729645e+02
 1.00000000e+00]","[-0.24600672  0.11601546  0.12500533  0.22513016  0.15738963  0.09375264
  0.02438969  0.89393388 -0.1625961 ]",1833.638501853315,613.7976587594085,2.4548656141978765e-07,0.0012550263386699402,226.70073481779792,542.6696011089252
74,"[4.52110049e+01 7.49440025e+03 4.47475727e+01 5.07304901e-08
 1.71072276e+03 5.36016233e+00 2.94862356e-05 1.23739839e+02
 1.00000000e+00]","[ 0.48996914 -0.00278254 -0.25753559 -0.61072921  0.19152941  0.12181224
 -0.07347767  0.50983672 -0.06126632]",381.10694079248657,524.600173385011,2.4548656141978765e-07,0.0012550263386699402,224.57635959447748,542.4970423462651
75,"[1.64782909e-01 1.01879007e+04 4.47978398e+02 6.10388386e+02
 2.11012247e+02 4.64246545e+00 8.48982814e+00 4.68845328e+01
 1.00000000e+00]","[-0.05420191  0.12123515  0.64262613  0.15553411 -0.56989177  0.11515409
  0.00347202  0.03290456  0.45395278]",1500.248204061267,539.3623319258581,2.4548656141978765e-07,0.0012550263386699402,225.142008486462,546.7645687654012
76,"[2.76200000e+01 1.23678510e+03 4.61495798e+02 1.45358505e+03
 1.00150593e+02 7.02628330e+00 1.05118837e+04 6.81286564e+01
 1.00000000e+00]","[ 0.04292965 -0.61036684  0.68213887 -0.12214987  0.01524749  0.28885118
  0.13191341 -0.10235419  0.18393021]",766.9678223799349,512.3547108641601,2.4548656141978765e-07,0.0012550263386699402,220.96845592353446,526.379760278466
77,"[5.94300000e+00 2.79212415e+03 5.26939327e+01 2.51988409e+03
 1.30908863e+03 1.88234980e-09 7.29489375e+03 3.91292775e+01
 1.00000000e+00]","[ 0.43832404  0.02610823  0.46878518  0.49214739  0.57251066 -0.0433594
  0.09290898  0.0609278  -0.05682461]",2769.9144401852172,615.8603862127243,2.4548656141978765e-07,0.0012550263386699402,220.08619323082075,556.3419700228949
78,"[1.81620001e+01 3.05873268e+03 1.34598819e+02 1.09439361e+03
 2.51618236e+02 5.19694496e+00 1.69948047e+04 5.49461355e+01
 1.00000000e+00]","[-0.17425119 -0.31618519  0.80656873 -0.14879968  0.2490541  -0.08559955
  0.1924095  -0.17209967 -0.24692925]",2297.9074592264456,517.4281149216522,2.4548656141978765e-07,0.0012550263386699402,220.70321499542763,495.89938989819245
79,"[3.85660000e+01 3.95244773e+02 7.46745345e+01 1.89709454e+03
 1.04071037e+03 1.74280399e+01 1.53033389e-06 1.01657125e+02
 1.00000000e+00]","[ 0.01307119 -0.72201316 -0.29424208 -0.24038922  0.47578756  0.14563051
 -0.14384886 -0.14983046 -0.20841555]",-280.62594539584893,495.0337059224497,2.4548656141978765e-07,0.0012550263386699402,217.5793465489572,536.936515608653
80,"[2.58679614e+01 2.40576583e+03 9.86196743e+01 1.77562455e+03
 2.17579017e+03 4.01132393e+00 3.15923438e+03 4.84365032e+01
 1.00000000e+00]","[ 0.04808969 -0.23000979  0.44352572  0.11787759  0.66660202 -0.48617663
  0.08654285 -0.01953293  0.21348425]",1422.0534032549865,502.954977029347,2.4548656141978765e-07,0.0012550263386699402,217.2968599035574,593.1433627204973
81,"[2.92903688e+01 1.79316858e+03 8.56037360e+02 6.46136197e+02
 3.39988005e+02 6.64669305e+00 6.28619604e+03 7.51161681e+01
 1.00000000e+00]","[-0.41789502 -0.15721691  0.29141553 -0.37111246  0.23408032 -0.09626523
  0.03029157  0.63145677 -0.33805813]",31.974645533803596,504.87196734347106,2.4548656141978765e-07,0.0012550263386699402,215.40085625617374,547.921411487775
82,"[3.73630029e+01 3.63277615e+02 2.28584523e+02 1.72566719e+03
 2.48745005e+01 1.66261432e+01 5.74318682e+03 1.00033521e+02
 1.00000000e+00]","[ 0.18412068 -0.70830975  0.15599716 -0.14348535  0.11459918  0.3795413
  0.07449618 -0.49859781 -0.09022019]",-75.34354536395253,477.76419188205284,2.4548656141978765e-07,0.0012550263386699402,214.6004391414673,590.9358534417322
83,"[8.51379822e+00 3.34808556e+03 8.25504224e+01 1.29175959e+03
 1.18939670e+02 4.67858010e+00 1.76270384e+04 5.16140156e+01
 1.00000000e+00]","[-0.17337134 -0.63061438  0.10063958  0.12283006 -0.21910222  0.22100853
  0.6402338   0.07126725 -0.18767908]",9318.038420934623,476.5194569189207,2.4548656141978765e-07,0.0012550263386699402,214.54681912057842,543.5997860034955
84,"[2.81020000e+01 1.82334965e+03 6.30231322e+01 1.76247751e+03
 8.47532140e+01 7.72383894e+00 1.42325730e+04 6.31602694e+01
 1.00000000e+00]","[ 0.11867378 -0.76707377 -0.29836902  0.20934173  0.00997728  0.31644986
  0.26986589 -0.03415893 -0.30071888]",2796.564834041915,478.6308420975229,2.4548656141978765e-07,0.0012550263386699402,212.1049079047828,500.3498290612986
85,"[2.55560191e+01 1.53404362e+03 5.13098976e+01 2.61371805e+03
 1.19556984e+03 3.13381440e+00 6.18382811e+03 4.46571747e+01
 1.00000000e+00]","[ 0.09519731 -0.344822   -0.38362686  0.32087553  0.72916423  0.01428828
  0.11605091  0.26961705  0.06211914]",1894.0080659850862,478.4632359058544,2.4548656141978765e-07,0.0012550263386699402,208.1695551337351,487.13185201677004
86,"[4.27371953e+01 3.37813711e+03 3.03045753e+02 1.98138275e+02
 3.67197159e+02 1.16395667e+01 9.73203326e+03 1.03692842e+02
 1.00000000e+00]","[-0.39559267 -0.12070936 -0.4804982  -0.59297324  0.02635262  0.12582098
  0.02046846  0.47548544  0.05838806]",-428.07925716424825,548.9253581176029,2.4548656141978765e-07,0.0012550263386699402,209.20716083579103,458.193063403241
87,"[2.02204967e+01 7.95253884e+02 9.62629669e+01 3.74197235e+03
 2.13602300e+02 3.36223599e+00 3.70412476e+03 4.97838859e+01
 1.00000000e+00]","[-0.12851986 -0.28661574  0.73618936  0.42245043 -0.02073211  0.37437567
  0.06490723 -0.00558102 -0.18990488]",1657.9216414914379,506.0588446164527,2.4548656141978765e-07,0.0012550263386699402,208.83718751076287,546.6205449026718
88,"[1.94754426e-08 4.00004442e+03 1.85000003e+00 3.54447403e+03
 2.17087121e+02 1.35323260e+00 2.30924452e-05 1.85695554e+02
 1.00000000e+00]","[-0.11811391  0.09671034 -0.08757488  0.3284965  -0.40661429  0.23277359
 -0.22152761  0.76628952 -0.07296617]",1605.2987939349632,491.8769063485222,2.4548656141978765e-07,0.0012550263386699402,206.9435876556399,475.5564083548388
89,"[5.24315223e-08 5.18445095e+03 2.42644969e+01 9.06452035e+02
 5.08016870e+02 2.59333811e-01 1.74615503e+04 4.10329637e+01
 1.00000000e+00]","[-0.09390267  0.05066195 -0.13271526  0.25531371  0.66658003  0.33109019
  0.15532327  0.57166652  0.03065363]",3565.2564311048945,450.68196859020554,2.4548656141978765e-07,0.0012550263386699402,206.41745242514904,488.0889365578646
90,"[1.14034000e+02 1.52762563e+03 3.69646381e+02 3.69377519e+02
 1.69465679e+02 3.38761848e+01 4.42904802e-05 9.51462733e+01
 1.00000000e+00]","[-0.36776047 -0.24702693 -0.59742414 -0.60770006  0.0397672  -0.05293671
 -0.06692774 -0.14215739 -0.22009813]",-873.4082442895425,475.52970626769354,2.4548656141978765e-07,0.0012550263386699402,201.86605783088646,555.4022184829705
91,"[1.73233511e-01 8.82920133e+03 9.68244545e+01 7.83205847e+02
 2.90185511e+02 2.06683836e+00 1.42005028e-05 5.00150476e+02
 1.00000000e+00]","[ 0.02410993  0.09708123  0.34347003  0.05403076 -0.40623187 -0.1736996
 -0.01254997  0.80912484 -0.13808176]",1219.0318645809946,530.4192040746825,2.4548656141978765e-07,0.0012550263386699402,201.35803671061592,495.78896760663395
92,"[2.73148854e-09 3.02490570e+03 2.04556310e+02 3.87122556e+03
 2.61541471e+02 1.15730342e+00 2.29868737e-05 4.11142216e+01
 1.00000000e+00]","[-0.11861794  0.11308531  0.83615952  0.44516897 -0.17731356  0.05308384
 -0.00344334  0.17347539 -0.10695694]",2197.17551204323,445.2810030477649,2.4548656141978765e-07,0.0012550263386699402,201.52648105012608,488.58630361634624
93,"[3.38281195e-09 2.27901970e+03 1.09660328e+03 1.70160227e+03
 2.27741363e+02 7.66375742e-01 3.82990368e-05 1.66881980e+02
 1.00000000e+00]","[-0.03295204  0.02828543  0.57201623  0.1401384  -0.19040113  0.02103665
  0.01302098  0.58565055  0.5209813 ]",985.1071629610599,466.47911736670983,2.4548656141978765e-07,0.0012550263386699402,200.88536346360092,464.81231666472377
94,"[5.54430032e-02 7.89843212e+03 3.97871400e+01 4.80935181e+02
 3.75742480e+02 9.71176617e-10 1.58162994e+04 4.06746073e+01
 1.00000000e+00]","[-0.09759718  0.76613611  0.17897741 -0.01580157 -0.24599532 -0.27696818
  0.43043734  0.07601284 -0.20723974]",12769.169675147183,439.8413749719002,2.4548656141978765e-07,0.0012550263386699402,200.05212555274403,441.8644635569881
95,"[6.16924673e+00 7.52804664e+03 5.56362630e+01 6.07042382e+02
 2.19716500e+02 2.79494937e-01 1.53254765e+04 3.91249750e+01
 1.00000000e+00]","[ 0.19984391  0.14016504  0.40331206  0.12694406 -0.66147434  0.55430317
  0.06087718  0.01059851 -0.11411437]",1943.9915619062672,431.211192409291,2.4548656141978765e-07,0.0012550263386699402,199.2125945491377,437.17865448174416
96,"[3.14030000e+01 4.06631462e+03 1.24726280e+02 1.12484119e+03
 3.21800437e+02 3.03465205e+00 4.53152471e+03 6.93766396e+02
 1.00000000e+00]","[ 0.7174398  -0.01021212  0.17381531 -0.00147395  0.08334839  0.15467566
  0.02739883  0.6504009   0.01784293]",603.7189945917379,449.8855502290355,2.4548656141978765e-07,0.0012550263386699402,193.87620148497564,423.62391359511287
97,"[1.92420848e+01 1.07918142e+03 6.52951862e+01 3.68439077e+03
 9.46839511e+02 1.77635987e+00 1.23676142e-04 4.28500734e+01
 1.00000000e+00]","[-0.17751624 -0.31385525  0.30378395  0.5471426   0.6106955  -0.07477128
  0.03338747 -0.31076736 -0.04585117]",2258.335805888825,443.9747064327339,2.4548656141978765e-07,0.0012550263386699402,192.2633597173573,420.9188430646409
98,"[1.11274307e+02 1.28983747e+03 6.57969223e+02 3.85810416e+02
 8.09404790e+01 2.58275703e+01 2.19593091e+02 9.46490725e+01
 1.00000000e+00]","[ 0.1740268  -0.28694582  0.21174485 -0.75998332 -0.32113452  0.36038037
  0.01649324 -0.1169442  -0.13422697]",-528.9027637181791,444.46930158486595,2.4548656141978765e-07,0.0012550263386699402,191.02191744008417,447.67038767362556
99,"[1.08943671e+02 3.08742231e+03 8.95828624e+02 1.85023465e+02
 5.39423891e+02 1.10276719e+01 2.86240053e+03 5.50272644e+01
 1.00000000e+00]","[ 0.54651129 -0.10000737  0.50261259 -0.58520259  0.27030038  0.06337104
  0.03481822 -0.11591006  0.0672073 ]",332.61050437908256,507.8743359954774,2.4548656141978765e-07,0.0012550263386699402,191.3067604456303,499.88973954495964
100,"[5.36420707e-02 5.63105103e+03 6.13876693e+01 7.90609173e+02
 1.64514154e+03 3.44925993e-09 1.05486530e+04 4.21680196e+01
 1.00000000e+00]","[-0.1533648   0.01186783 -0.09150762 -0.12669745  0.72131656  0.01648114
  0.0960742   0.55560732  0.33676928]",2184.921441045244,443.47222344283,2.4548656141978765e-07,0.0012550263386699402,191.61065060487743,485.67863185683126
101,"[8.19020599e-10 2.01594328e+03 6.00571520e+01 2.72921059e+03
 3.25857469e+02 5.08797205e-01 1.18651572e+04 4.11003829e+01
 1.00000000e+00]","[-0.42251634 -0.10180245  0.03177214  0.30621643  0.42515205 -0.129085
  0.07730592  0.71520172 -0.03783283]",1717.486664294741,420.4846370516723,2.4548656141978765e-07,0.0012550263386699402,189.80992905862712,419.5723002491136
102,"[3.47830000e+01 7.37601011e+02 1.31660409e+02 1.86019557e+03
 1.18050145e+03 1.23139060e+01 2.66495237e+03 8.43116297e+01
 1.00000000e+00]","[ 0.02032862 -0.69110583  0.1134842  -0.13278975  0.56998952 -0.01161756
  0.0841776  -0.29423006 -0.26975447]",130.85613150225115,454.2897373302644,2.4548656141978765e-07,0.0012550263386699402,189.627071930631,443.4648491955692
103,"[1.21156794e-07 1.01879007e+04 1.79479770e+02 5.91559268e+01
 1.00974649e+03 1.00332173e+00 4.64972259e+03 6.15846300e+01
 1.00000000e+00]","[ 0.3399447   0.21537402  0.1535068  -0.39212154  0.49323252 -0.01155016
  0.05828414  0.64284601 -0.0258501 ]",3007.1611048676505,467.3216917136774,2.4548656141978765e-07,0.0012550263386699402,190.2844409693682,440.19196905787885
104,"[5.89418775e+00 5.70908048e+03 4.29494229e-01 2.87705016e+03
 2.26443890e+02 9.44856925e-08 5.34334197e+03 3.90458498e+01
 1.00000000e+00]","[ 0.27859852  0.2104487  -0.09215231  0.62434241 -0.53651697 -0.31255434
  0.06898837 -0.26987248 -0.12910264]",3235.806500560289,467.0500816249046,2.4548656141978765e-07,0.0012550263386699402,187.4407563874079,501.670634955326
105,"[3.69261595e-08 8.74053855e+03 7.63319206e+02 3.06643721e+01
 6.59873718e+02 6.93074443e+00 1.22002819e-04 3.90458495e+01
 1.00000000e+00]","[ 0.31178979  0.11499697  0.91031867 -0.13088606  0.15666033 -0.04860198
 -0.03636359 -0.06802798  0.10438802]",1796.4729927749527,465.832259723197,2.4548656141978765e-07,0.0012550263386699402,188.46932438242624,454.52526901633905
106,"[2.42551083e+01 9.79589674e+02 2.78400000e+01 2.67367720e+03
 7.90929337e+01 1.02283072e+01 7.64466089e-05 4.95995318e+02
 1.00000000e+00]","[-0.21347463 -0.11110441 -0.50756876  0.15440279 -0.32420467 -0.20613424
  0.01299492  0.71187047 -0.07803657]",609.9336162924671,472.0044039857235,2.4548656141978765e-07,0.0012550263386699402,185.78792629662524,468.12565690568687
107,"[1.46415374e+01 1.01879007e+04 2.66404422e-08 5.38363871e+01
 2.13776421e+02 1.67920203e+01 7.95899481e-05 1.00034661e+02
 1.00000000e+00]","[-0.23182153  0.11325842 -0.72909934 -0.3505904  -0.51239022 -0.02023222
 -0.10385823 -0.07019468  0.01627656]",1014.7145137987109,439.52628485234106,2.4548656141978765e-07,0.0012550263386699402,186.58416804300742,440.2414284880522
108,"[9.10885548e+00 4.46982359e+03 8.50562913e+01 8.06075562e+02
 1.21293133e+02 4.79386886e+00 1.83214110e+04 5.30887032e+01
 1.00000000e+00]","[-0.01695736 -0.2902519  -0.07578117 -0.65213388 -0.31076057  0.04462347
  0.40865365  0.40497044  0.23427045]",5641.721700499364,416.4181696680125,2.4548656141978765e-07,0.0012550263386699402,182.12495258019385,421.2894358637525
109,"[1.65057123e+01 6.22168704e+03 3.33508968e+02 2.01293622e+02
 7.24527713e+02 3.56993967e-02 1.36393679e+04 3.92344206e+01
 1.00000000e+00]","[-0.18769419  0.02917988  0.4690491  -0.58270865  0.4852819  -0.22567592
  0.08592455 -0.33238947  0.00831018]",1728.1024116773071,428.1229829175277,2.4548656141978765e-07,0.0012550263386699402,178.77892150058983,427.7721701022439
110,"[1.92538300e+01 2.28663843e+03 4.86703231e+01 2.35565982e+03
 2.30803549e+03 5.58743053e+00 5.67648502e-07 4.59036292e+01
 1.00000000e+00]","[-0.05214267 -0.10932764 -0.29836327  0.34401508  0.6814956  -0.22747729
 -0.11168531  0.46726645 -0.17597693]",2137.782619992864,443.9961969944168,2.4548656141978765e-07,0.0012550263386699402,176.51506239499437,418.9851109701385
111,"[6.55721552e-09 1.00616559e+04 1.37184968e-08 1.73546951e+03
 7.71371692e+02 5.80788874e+00 2.94850510e-05 4.19498247e+01
 1.00000000e+00]","[ 0.37899272  0.23740037  0.0038346   0.67324064  0.50526528  0.19779507
 -0.09925894 -0.01527251  0.20551508]",3947.4903322858318,414.7041545614843,2.4548656141978765e-07,0.0012550263386699402,178.2190687964991,417.12473627873396
112,"[3.14030000e+01 3.64748859e+03 7.93834035e+01 1.07040956e+03
 1.73439333e+03 2.08082676e+00 8.76175538e+03 4.59654915e+01
 1.00000000e+00]","[-0.0024088  -0.19162968 -0.2582621  -0.24058833  0.7727691  -0.11850662
  0.10446936  0.46501181  0.01801316]",1299.693975259893,419.7115532786886,2.4548656141978765e-07,0.0012550263386699402,174.9266245277573,401.4232936909316
113,"[3.74325169e+01 1.63259183e+03 7.55097401e+02 1.05439232e+03
 1.47295904e+03 1.04643374e+01 3.81285734e-06 4.98831273e+01
 1.00000000e+00]","[ 0.41642857 -0.25797129  0.61813696 -0.22012966  0.46328527  0.23379899
 -0.14706494  0.14372292 -0.1338212 ]",520.9590393728715,453.926437008038,2.4548656141978765e-07,0.0012550263386699402,175.78256007585952,458.34610261658736
114,"[2.92469613e+01 3.22094063e+03 3.48787825e+02 6.32498571e+02
 3.52213802e+02 4.66279624e+00 1.50750590e+04 5.06653845e+01
 1.00000000e+00]","[-0.20581048 -0.24596579  0.56560848 -0.59984013  0.36357696  0.14249338
  0.10887761 -0.22949342  0.02018931]",778.0692626959916,415.0074460407611,2.4548656141978765e-07,0.0012550263386699402,175.15685067623434,394.91473085960877
115,"[2.76200000e+01 9.01618555e+02 1.09976137e+02 2.78252192e+03
 1.05391403e+03 5.14163550e+00 3.58817978e+03 5.24135738e+01
 1.00000000e+00]","[ 0.56104162 -0.36823104  0.34553289  0.21487463  0.43668251  0.04505896
  0.0605214   0.21354631  0.37694472]",1008.5745894468653,403.0835045563339,2.4548656141978765e-07,0.0012550263386699402,174.62800342829104,390.1321407650978
116,"[2.47791881e+01 3.25700017e+03 5.43370827e+02 1.17195928e+03
 2.17600922e+03 4.42629169e+00 4.06075685e+02 3.97229211e+01
 1.00000000e+00]","[ 0.30347725 -0.01469237  0.7111741   0.10624526  0.41592045  0.16668822
  0.03343369 -0.43092968 -0.05510043]",1372.801504820306,490.02503893988387,2.4548656141978765e-07,0.0012550263386699402,173.0305236855753,402.2387138415161
117,"[2.01413673e+01 8.69848743e+02 5.93801367e+01 4.18011337e+03
 1.84111918e+02 5.93784129e+00 1.82300166e-05 4.69319527e+01
 1.00000000e+00]","[ 0.21368025 -0.17670762  0.00209303  0.55057062 -0.72330184  0.15650437
 -0.17951687 -0.18656396  0.07274062]",2011.2445500224608,421.6802989840912,2.4548656141978765e-07,0.0012550263386699402,174.80853091373913,394.7833711945252
118,"[1.03811544e+01 7.12981466e+03 3.38462756e+02 7.82009242e+00
 4.47343014e+02 6.23634423e+00 2.05772309e-06 5.50134635e+02
 1.00000000e+00]","[-0.21362936  0.02316991  0.10703766 -0.48721262  0.02236094  0.18969139
 -0.02847229  0.77544551 -0.25764939]",632.9254208004677,450.3175154426554,2.4548656141978765e-07,0.0012550263386699402,167.88804226045613,397.891578754002
119,"[1.81978461e+01 1.21767472e+03 5.69695989e+02 2.63768812e+03
 2.89415464e+02 8.71840521e-02 5.98819662e+03 4.89134296e+01
 1.00000000e+00]","[ 0.34352908 -0.10281414  0.56052295  0.23661747  0.19122503 -0.21464011
  0.04888584  0.6421664   0.06195409]",1204.0434081711119,422.92525319149513,2.4548656141978765e-07,0.0012550263386699402,169.5801063239344,376.03047742613944
120,"[3.14030000e+01 1.20188480e+03 5.50528144e+01 1.94032469e+03
 1.88251926e+03 1.34572812e+01 1.67356001e+02 6.96896741e+01
 1.00000000e+00]","[-0.07910125 -0.53781276 -0.25121977 -0.09449046  0.71630647  0.00619192
  0.06962271  0.33039576  0.07292894]",537.2483969620134,399.69483265004106,2.4548656141978765e-07,0.0012550263386699402,167.60997646926901,368.37011312700815
121,"[1.92610000e+01 7.03853728e+03 1.25304444e+02 2.56310006e+02
 3.05366675e+02 2.09227743e+00 1.56820152e+04 4.45367972e+01
 1.00000000e+00]","[-0.1360169   0.04501847 -0.35082644 -0.86656477 -0.14387423  0.00561731
  0.08512998 -0.26931709 -0.07034835]",1327.1971758045197,380.0979371379467,2.4548656141978765e-07,0.0012550263386699402,169.77372400230206,399.63391235530526
122,"[5.94300000e+00 4.54389396e+03 1.38941638e+01 2.54649735e+03
 3.17994713e+02 4.73973205e-09 1.10682399e+04 3.91323100e+01
 1.00000000e+00]","[0.46766305 0.17609911 0.4997224  0.64027666 0.25270385 0.07348845
 0.09685134 0.08033452 0.07423   ]",3595.9113258066363,394.1848704589779,2.4548656141978765e-07,0.0012550263386699402,167.49158232078673,348.1514424712923
123,"[2.76200000e+01 1.61706181e+03 2.64717259e+02 1.66410740e+03
 1.57302882e+03 6.20186728e+00 4.36414274e+03 6.04514608e+01
 1.00000000e+00]","[-0.36293482 -0.25710196  0.30139227 -0.04907035  0.4585619   0.30291602
  0.06123204  0.6346716  -0.01836214]",601.134943136049,395.32470231400134,2.4548656141978765e-07,0.0012550263386699402,166.70350206753193,419.97561932594976
124,"[5.63975794e+00 9.56955659e+03 5.60582167e-01 1.37939814e+02
 1.86213490e+02 1.21923126e+01 1.75920893e+03 1.61837763e+02
 1.00000000e+00]","[-0.1963595   0.06275123 -0.31012155 -0.2654168  -0.64155431  0.22506828
  0.01506645  0.57213269  0.03276115]",565.017100979894,395.7980621551284,2.4548656141978765e-07,0.0012550263386699402,167.53848475261722,439.26494566035853
125,"[3.30100003e+00 9.66188580e+03 1.68255615e+00 2.43772399e+02
 1.76233913e+03 4.66563472e+00 6.79852280e+02 6.09591330e+01
 1.00000000e+00]","[ 0.1831659   0.18530193 -0.52901808 -0.49465079  0.60812342  0.14246267
  0.05454502 -0.05220647 -0.10845984]",2775.674420646692,388.1888814605459,2.4548656141978765e-07,0.0012550263386699402,167.2144597173488,436.1527479357719
126,"[3.85660000e+01 2.18906998e+03 1.13702744e+02 1.07250020e+03
 8.39057785e+01 1.50737901e+01 1.31372964e-07 6.99409785e+02
 1.00000000e+00]","[ 0.03247887 -0.05787811 -0.13865334 -0.21255301 -0.56733613  0.21407192
 -0.30990525  0.66948172  0.13873579]",54.82982772201001,373.9728330618623,2.4548656141978765e-07,0.0012550263386699402,165.44064850953117,387.53893751141413
127,"[6.38984646e-09 1.01879007e+04 2.20767187e-08 1.25082256e+03
 1.24568396e+03 3.98201910e+00 4.12928531e+02 4.09546233e+01
 1.00000000e+00]","[0.00411103 0.34815485 0.18832467 0.64037225 0.6165372  0.21978895
 0.06800978 0.00986618 0.00897356]",5145.341005422364,434.31213963082155,2.4548656141978765e-07,0.0012550263386699402,165.90641166124294,426.42756913813946
128,"[2.76200000e+01 2.23103345e+03 6.54255051e+02 9.77183868e+02
 3.19326773e+02 2.63328932e+00 1.17681210e+04 4.49875986e+01
 1.00000000e+00]","[ 7.30117627e-04 -2.24553037e-01  7.34208497e-01  9.57602689e-03
  4.05605131e-01  1.88150717e-01  9.29392785e-02 -3.70693116e-01
 -2.53878461e-01]",1195.5582243846216,404.9349172077341,2.4548656141978765e-07,0.0012550263386699402,166.13037293336586,407.5697902517969
129,"[7.22008979e-01 6.60888416e+03 4.52526974e-07 1.08151847e+03
 2.70459418e+03 1.44016464e+00 2.39159034e+02 5.77450025e+01
 1.00000000e+00]","[-0.01399005  0.18735667 -0.29775729  0.42788594  0.80046954 -0.08273153
  0.05844682 -0.11946146 -0.16635173]",3872.7145449011796,382.0039976183293,2.4548656141978765e-07,0.0012550263386699402,165.11999294513143,383.8724598187548
130,"[9.71785332e+00 9.98003227e+03 3.19145073e+02 1.40457212e+02
 3.56196075e+02 7.39761177e-01 6.88017679e+03 4.84739032e+01
 1.00000000e+00]","[ 0.43818257  0.15845664  0.66820256 -0.1669971  -0.41428534  0.30496402
  0.03958164  0.14278711  0.14803574]",1907.5150912204358,407.68480104952573,2.4548656141978765e-07,0.0012550263386699402,165.26940997138126,368.48492008943913
131,"[3.80840000e+01 1.07653487e+03 3.87550537e+02 8.56536466e+02
 3.35362199e+00 2.02137816e+01 7.28033833e+03 9.27852415e+01
 1.00000000e+00]","[-0.43880499 -0.47005879  0.0193505  -0.48037574 -0.40418917  0.03036244
  0.04683335 -0.33547514  0.27628232]",-617.3361645686507,384.0250188635271,2.4548656141978765e-07,0.0012550263386699402,163.31057806919287,413.53807028894926
132,"[7.48215856e+00 5.43175288e+03 8.10784576e+01 6.73522889e+02
 2.07086844e+02 1.71260945e+00 1.84719052e+04 4.28107862e+01
 1.00000000e+00]","[ 0.08385158  0.01035004  0.53738144 -0.6183729   0.23023158  0.26242004
  0.42274834 -0.1266852  -0.07114619]",7535.52796799368,368.5101708108177,2.4548656141978765e-07,0.0012550263386699402,165.09307203826373,389.72463917734376
133,"[2.48800000e+01 5.49452819e+02 5.93944947e+02 2.21504001e+03
 1.61898859e+02 5.82327597e+00 4.88191424e+03 5.87840132e+01
 1.00000000e+00]","[ 0.56987862 -0.43622077  0.60959639  0.23028839 -0.16014318  0.05510845
  0.06455688  0.14030587 -0.08816566]",944.3751986523548,352.14528746271174,2.4548656141978765e-07,0.0012550263386699402,160.54810196146263,379.81850707966237
134,"[3.14030000e+01 4.82944284e+03 7.16810960e+02 4.13042689e+01
 8.50652616e+02 4.92172602e+00 1.40338387e+02 2.65694099e+02
 1.00000000e+00]","[ 0.21119816 -0.02742885  0.39921884 -0.44466731  0.22607181 -0.28416352
  0.00906344  0.67905019  0.06700471]",514.6325469711041,425.9319989709068,2.4548656141978765e-07,0.0012550263386699402,159.83610394087506,381.9347777754376
135,"[1.14034000e+02 1.52830613e+02 1.27137180e+02 1.71027638e+03
 1.77929483e+01 2.99179802e+01 2.70856126e-07 8.81708970e+01
 1.00000000e+00]","[-0.05992622 -0.41152135 -0.20034491 -0.15954467 -0.36220549  0.27394167
 -0.50397658 -0.5374109  -0.11147519]",-413.80786193948114,368.69797350510925,2.4548656141978765e-07,0.0012550263386699402,158.9813172494121,378.5256388492695
136,"[6.61500001e+00 1.82029357e+03 5.10034146e+01 3.84897681e+03
 4.19903753e+02 3.56993896e-02 4.64150515e+03 4.19757672e+01
 1.00000000e+00]","[-0.14311799 -0.03233827  0.01226778  0.75223806  0.54213966 -0.13612836
  0.09287682  0.26501798  0.14543696]",3506.1602853677696,360.79895384714473,2.4548656141978765e-07,0.0012550263386699402,157.26604359249615,397.3956401847747
137,"[2.76200000e+01 1.80500458e+02 5.58738346e+02 2.26549945e+03
 4.73680734e+02 9.50931582e+00 1.63337387e-06 6.73960418e+01
 1.00000000e+00]","[ 0.38137997 -0.57242702  0.46742627  0.14774302  0.4104486  -0.14026766
 -0.24170865 -0.04117502 -0.1957033 ]",693.2080846156895,349.4199630309214,2.4548656141978765e-07,0.0012550263386699402,156.81741016388594,362.44861925445684
138,"[3.14030000e+01 4.38687098e+03 8.59757052e+01 6.52631263e+02
 2.59913815e+03 8.24544718e+00 1.18174020e-05 6.82722028e+01
 1.00000000e+00]","[ 0.20353013 -0.11135132 -0.42286119 -0.660211    0.49438933  0.09827345
 -0.26998718  0.0637762   0.02114862]",340.84922898527697,390.77793787354665,2.4548656141978765e-07,0.0012550263386699402,156.76604119244584,362.3829477372864
139,"[6.05741139e+00 7.29456596e+03 3.93983914e+02 2.98233979e+02
 2.59944598e+02 3.33163565e-08 1.29684985e+04 3.90458499e+01
 1.00000000e+00]","[ 0.253024    0.12168656  0.83060122  0.09529071 -0.4251207   0.0236221
  0.0497543   0.19368716  0.03027717]",1787.169404985331,333.70459978586496,2.4548656141978765e-07,0.0012550263386699402,156.2160784819189,397.881561590635
140,"[2.25201006e+01 1.81641470e+03 8.19512993e+02 1.33670134e+03
 1.27611464e+02 2.67709994e+00 9.30301988e+03 4.05342284e+01
 1.00000000e+00]","[ 0.22887541 -0.08859174  0.67024587  0.09521546 -0.61434394  0.21693994
  0.04823257 -0.23310494  0.01806473]",882.2461286896975,382.8380018786705,2.4548656141978765e-07,0.0012550263386699402,156.3381289068625,400.69822572970156
141,"[3.30100382e+00 7.78675093e+03 2.81220316e-05 1.48079152e+02
 1.40483530e+03 2.87835038e+00 5.78025055e+03 9.71967850e+01
 1.00000000e+00]","[-0.4305369   0.02753274 -0.42423526 -0.50927097  0.35093968 -0.12952479
  0.03865876  0.48256108  0.01588812]",900.5731851121776,367.1439476007695,2.4548656141978765e-07,0.0012550263386699402,155.5591546358639,366.51185418815385
142,"[1.92341638e+01 8.12163965e+02 7.87774010e+02 2.71125772e+03
 3.55675467e+02 4.72814676e-01 7.54921567e+02 4.70294748e+01
 1.00000000e+00]","[-0.09412374 -0.20304111  0.78082237  0.33001191  0.39683778  0.01233132
  0.04002227 -0.15231192 -0.22111221]",1507.1265462450453,361.8462620518176,2.4548656141978765e-07,0.0012550263386699402,157.007868836409,341.14630975267903
143,"[1.76071102e-08 7.52087696e+03 2.45912872e-08 7.36400032e+02
 2.56295985e+03 1.77245069e+00 1.19503681e-05 6.83229278e+01
 1.00000000e+00]","[-0.08754384  0.07786169 -0.20535867  0.00719366  0.36530496 -0.3719459
 -0.26716695  0.77463728  0.02858578]",1579.4423537632347,331.12617252321957,2.4548656141978765e-07,0.0012550263386699402,156.71469336234358,374.4181024822834
144,"[2.76200000e+01 3.99657245e+03 1.21521313e+02 9.60168489e+02
 2.76523062e+03 7.79336701e+00 3.04479395e+02 4.89779731e+01
 1.00000000e+00]","[-0.02789329 -0.14842104 -0.11560202 -0.31303328  0.8746032   0.28802938
  0.06439803 -0.02996483  0.11359061]",1530.4194798679998,343.6993006971202,2.4548656141978765e-07,0.0012550263386699402,155.7109530181766,367.9013107043745
145,"[3.03005029e+01 2.49302018e+03 3.25452900e+02 8.66449542e+02
 8.48613382e+02 6.46679628e+00 1.09423496e+04 6.15236497e+01
 1.00000000e+00]","[ 0.31166312 -0.35102553  0.2526956  -0.4336844   0.68208889  0.20952141
  0.10394693  0.02929634  0.08307972]",560.2985822328503,384.89578676751734,2.4548656141978765e-07,0.0012550263386699402,156.0140862750525,376.4621574345824
146,"[3.80840000e+01 8.61452626e+02 1.06784827e+03 8.67445400e+02
 2.46727358e+02 1.32164038e+01 6.74579880e+02 7.10045303e+01
 1.00000000e+00]","[ 0.09051158 -0.45451989  0.66656757 -0.47838266  0.15834178 -0.28931887
  0.04372486 -0.03225682  0.01808695]",-28.81101421326611,351.97719111461305,2.4548656141978765e-07,0.0012550263386699402,155.2480667174922,329.6741014874624
147,"[3.91803508e+01 2.90498071e+03 7.13172394e+02 1.93971908e+01
 4.58606779e+02 2.65328124e+01 1.47451231e-06 8.56176495e+01
 1.00000000e+00]","[-0.44148679 -0.13115042  0.15637316 -0.78095626  0.12295412  0.24248563
 -0.2720019   0.04164495 -0.06250925]",-235.58993869846273,390.9945627423962,2.4548656141978765e-07,0.0012550263386699402,155.57836095428823,334.04530870325186
148,"[3.80840000e+01 1.38545883e+03 3.71647233e+02 8.66313719e+02
 1.98500989e+02 1.82217676e+01 1.12885065e-06 4.95251738e+02
 1.00000000e+00]","[-0.15877748 -0.23930236 -0.01505044 -0.34743123  0.16249981  0.1609916
 -0.3894843   0.76403988 -0.09385988]",-230.68020369683427,344.7506053727447,2.4548656141978765e-07,0.0012550263386699402,154.12316505091562,348.3844384513159
149,"[2.81020000e+01 1.97865484e+03 8.58812748e+01 1.51100253e+03
 2.12087558e+02 7.00481537e+00 1.46305950e+04 6.60054025e+01
 1.00000000e+00]","[ 0.22705849 -0.52775215 -0.06754614  0.01084412  0.6315751   0.38394825
  0.14528532 -0.20554522  0.23575838]",1221.6440762628058,327.4377580207963,2.4548656141978765e-07,0.0012550263386699402,154.2679506252562,342.2400058499409
150,"[1.12944726e+01 1.01879007e+04 1.91877493e-07 1.30509950e+03
 1.11667946e+02 9.71762098e+00 2.04228060e+02 4.96751806e+01
 1.00000000e+00]","[-0.00874791  0.20450537 -0.25221467  0.16004985 -0.92448852 -0.05840959
  0.01872151  0.09274291  0.0427829 ]",2196.932523863782,362.4428452066354,2.4548656141978765e-07,0.0012550263386699402,154.06491110267086,365.0091182104027
151,"[1.09971177e+02 1.83654309e+03 7.90706582e+02 2.29088326e+02
 3.41722296e+02 2.26141370e+01 8.10812187e-06 7.54440389e+01
 1.00000000e+00]","[ 0.02579801 -0.2584664   0.26768307 -0.77541203  0.27440054  0.36534835
 -0.02128992 -0.22376811 -0.01763641]",-352.69550992167893,339.4229953316926,2.4548656141978765e-07,0.0012550263386699402,153.33617945472704,376.06077280853106
152,"[5.58135932e-08 1.01879007e+04 2.90609968e+02 1.43786138e+01
 6.93153689e+02 4.93036680e-01 2.02476545e-04 2.93650067e+02
 1.00000000e+00]","[ 0.21825503  0.2511952   0.35009376 -0.23614598  0.08929235  0.23468032
 -0.00726325  0.79220662 -0.14227822]",2951.9952572306483,361.20001800512637,2.4548656141978765e-07,0.0012550263386699402,154.21555722100024,335.43415045201755
153,"[2.09020000e+01 3.51914928e+03 1.25185189e+02 9.15873315e+02
 7.67691699e+01 6.72991600e+00 1.75017082e+04 5.95437682e+01
 1.00000000e+00]","[ 0.08055622 -0.41818467  0.26445252 -0.63501408 -0.33882336 -0.03558674
  0.28559825 -0.38270641  0.03682408]",2930.9981320965994,351.52191346987684,2.4548656141978765e-07,0.0012550263386699402,152.24025653488943,327.8356683510069
154,"[2.08580001e+01 1.35298208e+02 6.41032758e+01 2.80803415e+03
 7.57314698e+01 1.61554614e+01 2.44556134e+03 9.88204224e+01
 1.00000000e+00]","[-0.11091402 -0.58513999  0.06559358  0.1731216  -0.61422197  0.48018993
  0.0502837   0.02558927 -0.0011861 ]",495.59546689763556,334.00178359767915,2.4548656141978765e-07,0.0012550263386699402,150.52429977550568,340.3094473384248
155,"[3.89158157e-07 8.29119842e+03 4.66211104e+01 2.09238102e+03
 3.87571213e+02 1.66288759e+00 4.65121510e+03 4.09262508e+01
 1.00000000e+00]","[ 0.20626735  0.16612748  0.73040531  0.47929255  0.03416228  0.02867608
  0.05294591  0.17160377 -0.3638704 ]",2680.520909783126,360.23366912062374,2.4548656141978765e-07,0.0012550263386699402,150.5620620136931,340.983776509913
156,"[4.53106123e+01 5.64876105e+03 2.51180261e-09 5.31085186e-09
 2.87462146e+02 4.47473625e+01 1.72327803e-06 7.22713423e+01
 1.00000000e+00]","[-0.22614199 -0.04856761 -0.55085749 -0.52273214 -0.03414373  0.25758427
 -0.16245584 -0.52499685 -0.01670544]",-320.84118488823736,358.95403049014874,2.4548656141978765e-07,0.0012550263386699402,150.95856780098254,336.9901783378723
157,"[5.59327668e-01 3.02170240e+03 6.86434225e+01 2.74694771e+03
 3.80723075e+02 3.86527333e-01 1.82233777e-05 6.00613755e+02
 1.00000000e+00]","[ 0.06668362  0.0320797   0.31674097  0.20881484  0.06552285  0.60922344
  0.01706498  0.68468072 -0.07791256]",1128.650533418004,377.51432607785887,2.4548656141978765e-07,0.0012550263386699402,150.2366909509445,334.6675175105365
158,"[2.76200000e+01 2.90956410e+03 1.93266441e+02 1.44396482e+03
 2.59371490e+03 5.10082977e+00 4.76800325e-07 5.21371570e+01
 1.00000000e+00]","[-0.04735374 -0.11695683  0.51394589  0.0009782   0.49854517 -0.23751387
 -0.31274961  0.51730494  0.22262198]",1078.2056220691109,335.50311753479855,2.4548656141978765e-07,0.0012550263386699402,150.150152436432,324.02136681981665
159,"[9.12118586e+00 2.66929735e+03 6.13112518e+01 1.97210824e+03
 1.14271669e+02 3.00335907e+00 1.57044308e+04 4.19068856e+01
 1.00000000e+00]","[ 0.02528273 -0.34927226 -0.15645882  0.83952894 -0.09934817 -0.07528743
  0.30667373 -0.11382763 -0.1598052 ]",5513.596031955137,339.2346657590442,2.4548656141978765e-07,0.0012550263386699402,150.63670576151134,366.639861477568
160,"[1.36555192e+01 8.87531577e+03 1.99066332e+02 1.47476863e+03
 2.19759937e+02 7.24436214e-01 7.51442755e-06 2.09603436e+02
 1.00000000e+00]","[ 0.35843644  0.08737672  0.45804783  0.20238303 -0.3954054   0.01022139
 -0.18267895  0.59778655  0.25681056]",1208.7087177669362,349.0365446054725,2.4548656141978765e-07,0.0012550263386699402,149.92410560611313,376.3772281370557
161,"[1.01817832e+01 3.41055490e+03 4.98786795e+01 1.86226112e+03
 2.22450485e+03 7.63774025e-01 4.12748503e+03 4.22788091e+01
 1.00000000e+00]","[-0.09943596 -0.04284011 -0.25053275  0.41137824  0.83085186 -0.12427974
  0.10076745  0.17405371  0.10034664]",2877.990828474987,342.03852662823783,2.4548656141978765e-07,0.0012550263386699402,149.0639246436561,377.890508626424
162,"[2.99195499e+01 8.78716705e+03 5.51564587e+01 1.85200275e+02
 7.37366313e+02 2.22327841e+00 1.87983305e+02 4.68677674e+02
 1.00000000e+00]","[ 0.41229059  0.05756519 -0.12201961 -0.29803239  0.19623248 -0.10240851
  0.01987456  0.79963553 -0.18488904]",979.0347303760697,364.84002142856093,2.4548656141978765e-07,0.0012550263386699402,149.074710881653,325.5639108745404
163,"[1.09967558e+01 5.67801370e+03 5.37030052e+01 6.43324818e+02
 7.83416505e+02 1.04846111e-09 1.60608254e+04 3.91556021e+01
 1.00000000e+00]","[ 0.39495155  0.04379589 -0.09831226 -0.2718311   0.76599461  0.26061178
  0.12887482 -0.25007726  0.15723915]",2733.155575053389,350.785685659474,2.4548656141978765e-07,0.0012550263386699402,148.9266114424249,345.2093401277622
164,"[6.78938425e+00 5.88017021e+03 3.72141727e+01 3.12015745e+03
 1.49466784e+02 5.10484195e+00 5.49416569e-06 4.10346601e+01
 1.00000000e+00]","[ 0.12900944  0.10975886  0.15098616  0.33944192 -0.88580256  0.06655247
 -0.0766122  -0.08764079 -0.17511761]",1575.1780227717059,318.56617148947157,2.4548656141978765e-07,0.0012550263386699402,147.49262731677217,353.542577067087
165,"[3.42426296e+01 4.69999980e+03 3.69826610e+02 1.68831314e+02
 2.11472383e+03 1.20397142e+01 1.71461268e-06 6.54977515e+01
 1.00000000e+00]","[ 0.2249146  -0.08973733  0.00893367 -0.80988442  0.39723716  0.17470012
 -0.29976221 -0.08476196  0.00293155]",289.1077016088391,316.6800270326544,2.4548656141978765e-07,0.0012550263386699402,148.07588532542235,326.40415948643334
166,"[8.57492701e+00 3.53574686e+03 9.44383263e+01 1.36412269e+03
 1.14110182e+03 1.62325414e-01 1.28131615e+04 3.94800085e+01
 1.00000000e+00]","[ 0.31212151 -0.09449541  0.46692617  0.16119605  0.77529932 -0.0219722
  0.12626097 -0.16095024  0.07891725]",2428.770230855054,309.4441966331092,2.4548656141978765e-07,0.0012550263386699402,148.516041094941,321.89739217003216
167,"[5.36423096e-02 3.05115893e+03 1.85000000e+00 3.73211068e+03
 2.05646581e+02 8.71840493e-02 4.53974602e+03 4.49731649e+01
 1.00000000e+00]","[-0.24908397  0.16746983 -0.10252018  0.714058   -0.61125405  0.03228661
  0.06182214 -0.05651047  0.08850128]",3328.22189114268,345.1427397313996,2.4548656141978765e-07,0.0012550263386699402,147.80988703968328,312.2848903247
168,"[3.14030000e+01 6.56501157e+03 8.82158777e+02 2.32277272e-08
 2.08208884e+02 1.71914561e+01 3.86761559e-06 5.28108874e+01
 1.00000000e+00]","[ 0.34155011  0.04565432  0.47518762 -0.42032103 -0.48452617  0.36484933
 -0.26108945  0.01018332 -0.20648033]",635.3587234147267,326.60317405540945,2.4548656141978765e-07,0.0012550263386699402,146.09913903453594,330.05890496645225
169,"[5.51048287e-09 7.05707173e+03 6.36605270e+01 7.53694652e+02
 2.60402650e+03 1.63409855e+00 9.84573063e+02 6.02643251e+01
 1.00000000e+00]","[-0.03937043  0.08784007  0.20796326  0.04200461  0.41675457  0.46623771
  0.04314135  0.74266358 -0.03533623]",1837.989782298718,329.35723477552256,2.4548656141978765e-07,0.0012550263386699402,146.74933315843583,318.23010232592003
170,"[1.14034000e+02 1.02240242e+03 2.49280448e+02 8.77088044e+02
 8.03987089e+02 2.34633161e+01 9.77771126e-05 9.30409860e+01
 1.00000000e+00]","[ 0.24182732 -0.44233819 -0.42478653 -0.55731768  0.26931685 -0.32531929
 -0.15399043 -0.21529469  0.07988008]",-830.435915018301,329.85832614747744,2.4548656141978765e-07,0.0012550263386699402,145.62171264022973,354.36827369431427
171,"[1.05907673e+01 8.36470488e+03 2.48833075e+02 1.02211390e+02
 2.02401191e+03 6.31940739e+00 1.25437581e-05 5.77234300e+01
 1.00000000e+00]","[ 0.1661871   0.10825158  0.24383288 -0.56684777  0.58157674  0.2425046
 -0.40922506 -0.10141583  0.07143019]",2082.8559982747743,331.15418546051546,2.4548656141978765e-07,0.0012550263386699402,144.95629835939664,335.31962107097877
172,"[3.85660000e+01 7.48038543e+01 5.47681065e+01 2.36404152e+03
 8.99904850e+01 1.70307766e+01 2.81501421e-06 2.56982815e+02
 1.00000000e+00]","[ 0.27398989 -0.52676497 -0.32343147  0.0177873  -0.02774015  0.21836441
 -0.28355518  0.61488266 -0.18864554]",154.54703362140555,343.08293388251303,2.4548656141978765e-07,0.0012550263386699402,145.94765893219017,321.3514620972896
173,"[2.06360346e-08 6.32557964e+03 2.96900000e+01 3.11425957e+03
 2.17826772e+02 2.35939372e+00 1.48217694e+01 4.73798096e+01
 1.00000000e+00]","[-0.09169699  0.17262828  0.10395182  0.53407586 -0.51070661  0.44131146
  0.03487879  0.43699928 -0.13411257]",2669.1945899324514,341.0081192189318,2.4548656141978765e-07,0.0012550263386699402,145.99658605119907,331.98807918543616
174,"[8.18082878e+00 4.31636836e+03 1.85000001e+00 1.69875011e+03
 2.53905568e+03 7.01002173e-01 1.74575993e+03 5.52932651e+01
 1.00000000e+00]","[-0.02259419  0.02603002 -0.22276777  0.22853916  0.42462156  0.33987989
  0.04918502  0.7492127   0.19337959]",1705.8502163505223,343.81981178623755,2.4548656141978765e-07,0.0012550263386699402,145.65535711084888,322.75813764434855
175,"[3.80840000e+01 2.87284892e+02 7.52288832e+02 1.12751926e+03
 1.36633260e+02 1.77818571e+01 4.31599029e-05 9.74746002e+01
 1.00000000e+00]","[-0.32547276 -0.60688913  0.09571812 -0.49451393  0.31978743  0.35815661
  0.02055166 -0.15964348  0.12489405]",-637.6856862404957,318.9344528357917,2.4548656141978765e-07,0.0012550263386699402,145.63372916060447,354.1500279668437
176,"[1.67517885e-12 1.01879007e+04 1.85000000e+00 5.79421857e+02
 4.66269212e+02 1.95171298e-01 9.65581930e+03 4.57588166e+01
 1.00000000e+00]","[ 0.07086062  0.59622444 -0.04153938  0.64358384 -0.41849168  0.12279149
  0.18096272  0.0239379  -0.0059949 ]",8000.432019587257,321.9882322952044,2.4548656141978765e-07,0.0012550263386699402,143.7359339580002,323.4701887842648
177,"[3.21476120e-08 2.71170988e+03 6.64154369e+02 2.36103985e+03
 1.16091458e+03 1.36833332e+00 7.15627483e-05 4.51891058e+01
 1.00000000e+00]","[ 0.05135242  0.06452034  0.81187216  0.33606556  0.32331812 -0.2587932
  0.01460115  0.08789427 -0.20414815]",1886.3914103358793,300.9970133210559,2.4548656141978765e-07,0.0012550263386699402,143.09706290982805,328.0572197726061
178,"[9.51500773e-10 6.77624306e+03 4.38986138e+02 6.18659869e+02
 2.14750364e+03 6.37197113e+00 7.56252750e-06 4.25138017e+01
 1.00000000e+00]","[-0.18970472  0.07963269  0.70544035  0.12952403  0.28292947  0.42086523
 -0.02746081 -0.30932863  0.29938815]",1526.8427642979755,299.5402858227069,2.4548656141978765e-07,0.0012550263386699402,142.51150996533775,313.67998624292613
179,"[3.74635029e+01 1.01508440e+03 7.15912774e+02 1.28473797e+03
 1.20516033e+03 1.14858639e+01 1.24034153e+01 5.85362742e+01
 1.00000000e+00]","[ 0.19228753 -0.5111802   0.4648454  -0.34685061  0.57780022  0.13186012
  0.03708808 -0.10311774 -0.04565894]",67.72399012868892,348.07600161583866,2.4548656141978765e-07,0.0012550263386699402,142.88251504309738,332.5333286067016
180,"[3.14030000e+01 3.33891702e+03 3.22951095e+02 5.00830031e+02
 7.89064611e+01 8.22700642e+00 1.48024863e+04 6.58376689e+01
 1.00000000e+00]","[ 0.19009565 -0.20683283 -0.21640971 -0.73303368 -0.17657461  0.40419864
  0.07630084 -0.23800191  0.28264894]",-18.19533907981757,312.21907703812565,2.4548656141978765e-07,0.0012550263386699402,141.61763313449464,342.05491351008004
181,"[3.85660000e+01 1.57067925e+03 5.94389738e+01 1.76032578e+03
 2.50375328e+02 8.98692523e+00 1.44162537e-06 7.21772511e+02
 1.00000000e+00]","[ 0.32911946 -0.15213696 -0.03796734 -0.0413373   0.25616247 -0.10350031
 -0.24043738  0.81802584 -0.24915155]",352.0966338762901,307.346352854291,2.4548656141978765e-07,0.0012550263386699402,142.41010998612396,345.98346335017203
182,"[9.35573715e+00 2.10507512e+03 1.06936222e+03 2.20223600e+03
 2.39991386e+02 3.67833788e+00 1.73748833e+01 3.90458493e+01
 1.00000000e+00]","[ 0.21285125  0.05155601  0.6705656   0.25924375 -0.1853706   0.16840614
  0.02034228 -0.58665359 -0.16694804]",1331.9263171549474,314.5669935666831,2.4548656141978765e-07,0.0012550263386699402,142.89605881394505,341.90939264618953
183,"[1.11642871e+02 1.64668322e+03 3.44402864e+02 5.45783544e+02
 1.71238715e+02 1.36970342e+01 8.03022187e+03 9.42564997e+01
 1.00000000e+00]","[ 0.28735363 -0.35126402 -0.25937746 -0.73950289  0.25533399  0.10596025
  0.04921606  0.01095018  0.31770291]",-597.5382878612412,342.4284671630839,2.4548656141978765e-07,0.0012550263386699402,142.36215035812387,317.0705291450413
184,"[6.57063535e+00 4.28860056e+03 3.62591221e+01 1.09803106e+03
 1.41720052e+02 3.74810715e+00 1.82299229e+04 4.66545057e+01
 1.00000000e+00]","[-0.08240736 -0.10083139 -0.47719637  0.46307473 -0.13311648  0.4844629
  0.5334081  -0.0608736  -0.01527693]",9762.284394666141,309.8154668744173,2.4548656141978765e-07,0.0012550263386699402,141.69696803661225,334.3669101285488
185,"[2.59583264e-01 7.23278032e+03 3.33703018e+02 3.82717829e+02
 5.26923345e+02 1.27443510e+00 3.51602469e-05 6.49713975e+02
 1.00000000e+00]","[ 0.03871069  0.05038425  0.41725962 -0.02248573  0.12857136 -0.48510418
 -0.11460061  0.6954459  -0.26966043]",1013.7636234823009,321.3530751731354,2.4548656141978765e-07,0.0012550263386699402,139.85388303635037,322.7109192232122
186,"[2.76200000e+01 9.30104471e+02 6.40425868e+01 2.17090147e+03
 5.92358244e+01 8.91974876e+00 1.04626091e+04 7.82360829e+01
 1.00000000e+00]","[ 0.12044458 -0.53281452 -0.04103734  0.14520223  0.16050017 -0.03950849
  0.09719631  0.77837599  0.19025381]",907.5144423602762,338.8941090480894,2.4548656141978765e-07,0.0012550263386699402,140.07707640562748,345.13862491388375
187,"[2.01838315e+01 2.66083368e+03 5.11454066e+01 1.47941116e+03
 6.31105156e+01 6.51405162e+00 1.65015076e+04 5.63228804e+01
 1.00000000e+00]","[-0.16993519 -0.22961024 -0.30112691  0.10805552 -0.41089268  0.02064807
  0.12893711  0.79203064  0.05339771]",1676.5951489824895,303.5800099223261,2.4548656141978765e-07,0.0012550263386699402,139.44268434373637,299.5316585191184
188,"[1.07074000e+02 2.96348883e+02 3.78433496e+02 1.20855750e+03
 4.12835054e+01 2.59109657e+01 3.95721129e+02 9.49565262e+01
 1.00000000e+00]","[-0.53758975 -0.45808354 -0.40671439 -0.40996502 -0.095202    0.31891884
  0.00765723 -0.18605536  0.14906689]",-852.8498364558804,327.311777036365,2.4548656141978765e-07,0.0012550263386699402,139.0498647238816,303.0823878621727
189,"[5.36423418e-02 4.27997419e+03 4.28630688e+01 1.80924523e+03
 2.66838118e+03 4.30130756e-09 6.20951589e-06 6.04043526e+01
 1.00000000e+00]","[ 0.12869009  0.02664419  0.11352691  0.18150717  0.29224543 -0.40268855
 -0.17818519  0.80451826  0.10163997]",1275.8206695779138,299.8687874866414,2.4548656141978765e-07,0.0012550263386699402,137.27465078372566,306.00793313768236
190,"[1.09953703e+01 3.04984382e+03 2.67708512e+02 1.90905673e+03
 2.33440414e+03 8.10240354e-01 1.06049256e-05 5.54123334e+01
 1.00000000e+00]","[ 0.26938186  0.00213677  0.61098094  0.22752877  0.34986887  0.09512474
  0.01860245  0.55630829 -0.24714347]",1454.8005054322093,317.06069253890087,2.4548656141978765e-07,0.0012550263386699402,137.98300927654276,312.526811362127
191,"[7.05896041e-09 8.93963901e+03 6.88250674e+02 8.70563705e+01
 2.93543536e+02 9.15278376e+00 4.65642313e+02 5.98833659e+01
 1.00000000e+00]","[-0.1465842   0.09832689  0.71533981 -0.17560993 -0.40296598 -0.14982462
  0.0203973   0.48911348 -0.04263753]",1275.1376092497453,318.97675777646873,2.4548656141978765e-07,0.0012550263386699402,138.48772956589323,342.9060892180932
192,"[3.06165758e+00 5.04116929e+03 3.06215567e+02 6.11419907e+02
 2.12451560e+03 9.42269413e-01 4.67582155e+03 5.91369548e+01
 1.00000000e+00]","[-0.13655853 -0.00720844  0.3137913  -0.03681407  0.27381822  0.43163691
  0.03268895  0.75006404  0.23775636]",816.4016144215544,320.29350660596424,2.4548656141978765e-07,0.0012550263386699402,136.20709198377352,365.1598148065268
193,"[5.94300000e+00 9.49676720e+03 3.76063242e+01 1.53244231e+03
 2.26162005e+02 2.94722184e-09 4.66760175e+03 3.92418039e+01
 1.00000000e+00]","[ 0.54202618  0.15019981  0.33861379  0.35293713 -0.53119491 -0.23637766
  0.04424868  0.2547727  -0.19878185]",2079.4217661433854,294.5575719021326,2.4548656141978765e-07,0.0012550263386699402,137.90932115222375,288.8200922122178
194,"[5.99630677e+00 3.01184556e+03 3.53536234e+02 1.35046910e+03
 3.06672409e+02 4.21161476e-01 1.51021784e+04 3.91981576e+01
 1.00000000e+00]","[-0.03538475 -0.05740281  0.87527006  0.22242407  0.29456179 -0.01957634
  0.09434467  0.28782373 -0.03145458]",1963.1024638984532,315.79967579820027,2.4548656141978765e-07,0.0012550263386699402,136.43413420674565,306.6101920553292
195,"[3.85660000e+01 1.05209065e+03 5.04328066e+01 1.95801032e+03
 1.31925318e+03 1.00800604e+01 3.96495569e+03 7.59321229e+01
 1.00000000e+00]","[ 0.5303285  -0.20299612 -0.38223881  0.0031068   0.25363521 -0.02752602
  0.03556548  0.66452683 -0.15322788]",319.3409533230593,320.49123291854306,2.4548656141978765e-07,0.0012550263386699402,136.6232245808849,336.11498947885997
196,"[2.09020000e+01 2.88120152e+03 8.67490405e+01 1.22802052e+03
 1.32552037e+02 6.10645768e+00 1.69641280e+04 5.85578741e+01
 1.00000000e+00]","[-0.23016243 -0.6881013  -0.30169838 -0.27187876  0.10664326 -0.15528588
  0.39198123  0.08873478  0.33405426]",4320.923330917978,281.20175676601866,2.4548656141978765e-07,0.0012550263386699402,135.47106073117686,294.99023015910825
197,"[2.12404398e+01 5.62902742e+01 5.47471484e+02 2.36855500e+03
 1.46335263e+02 1.42950320e+01 4.26738743e-05 8.06933613e+01
 1.00000000e+00]","[-0.25479699 -0.5983166   0.35836927  0.12037044 -0.38955018  0.37506009
 -0.00676808 -0.34274289  0.15569284]",363.06474596512487,299.98581092995516,2.4548656141978765e-07,0.0012550263386699402,135.18025909098168,334.2821997292199
198,"[2.96571581e+01 5.81300796e+03 9.57389607e+01 7.29966347e+02
 2.79912575e+03 3.69265302e+00 1.51941022e-05 5.44171188e+01
 1.00000000e+00]","[ 0.31550073  0.01432332 -0.03709518 -0.39290855  0.68818775  0.0819407
 -0.26375472 -0.41800821  0.14102085]",1706.2778002168343,293.140513124634,2.4548656141978765e-07,0.0012550263386699402,135.91838212983734,304.2034764106752
199,"[4.99965770e-09 6.87754926e+03 4.58924095e+01 1.20625569e+03
 8.58182652e+02 1.75714796e+00 1.20379154e+04 4.08384105e+01
 1.00000000e+00]","[ 0.03584354  0.11428248  0.63792056  0.35763474  0.37556941  0.25942813
  0.06253691  0.48561528 -0.05216426]",2342.014597406408,314.06235093309306,2.4548656141978765e-07,0.0012550263386699402,135.12153620141018,300.93313505490016
200,"[5.27081723e+00 9.02505620e+03 6.60494743e+01 3.16196363e+02
 5.05153304e+02 4.89764451e-10 1.31163159e+04 4.48595103e+01
 1.00000000e+00]","[ 0.42603474  0.25201773 -0.01247666 -0.46515422  0.6644786   0.28342945
  0.11661532 -0.04810043  0.02608623]",3991.91078137453,292.4724019223577,2.4548656141978765e-07,0.0012550263386699402,134.05402939122823,323.05125572338903
201,"[1.87908023e+01 1.08802007e+03 6.38889636e+01 3.27391754e+03
 2.37882033e+02 1.95195410e+00 7.58868923e+03 4.49006681e+01
 1.00000000e+00]","[ 0.05384793 -0.4552231  -0.04490149  0.68152833  0.48343854  0.17843627
  0.13750629 -0.14828696  0.13009992]",2886.4328782359717,330.08990169141043,2.4548656141978765e-07,0.0012550263386699402,133.20472771368935,293.4344445361223
202,"[5.73714278e-08 8.78890548e+03 3.03297370e+02 1.91013659e+02
 1.63814074e+03 2.22405846e+00 2.84261917e+03 5.59031974e+01
 1.00000000e+00]","[ 0.42513055  0.14060407  0.67180228 -0.13619737  0.45578067  0.1612247
  0.05216864 -0.04886335  0.30131026]",2306.352920046808,295.02035573810826,2.4548656141978765e-07,0.0012550263386699402,133.95168866013307,289.63254756507627
203,"[2.76200000e+01 5.23819463e+02 3.93803749e+02 1.88447234e+03
 1.09717621e+03 1.17947865e+01 2.00549260e-06 8.91691411e+01
 1.00000000e+00]","[-0.11712565 -0.34216933  0.26770514 -0.00519289  0.32193538  0.38428099
 -0.06140385  0.71968519  0.15645204]",335.24998245095213,323.4011376520499,2.4548656141978765e-07,0.0012550263386699402,132.45763077384035,305.7187880464926
204,"[1.74034233e-08 7.05918042e+03 1.04098993e+02 1.50639548e+03
 2.48590241e+02 1.31379165e+00 8.58086682e-05 5.31997756e+02
 1.00000000e+00]","[-0.08181749  0.08805343  0.44859851  0.19766409 -0.37954519 -0.22905086
  0.01067359  0.72747645  0.13923366]",1258.5468839828975,292.5672494890457,2.4548656141978765e-07,0.0012550263386699402,133.01471969429588,301.8051970413253
205,"[1.10078978e+02 2.86063526e+03 7.43098300e+02 4.93168922e+01
 1.17652596e+02 2.97568024e+01 1.10044585e-06 7.26192177e+01
 1.00000000e+00]","[ 0.21043349 -0.08598586  0.26326351 -0.5995442  -0.49918421 -0.01978862
 -0.18767325 -0.48088906  0.05925581]",-150.9285534011513,329.81872772544193,2.4548656141978765e-07,0.0012550263386699402,132.560468596905,290.5815366262522
206,"[3.09210000e+01 5.68484276e+03 4.78365481e+02 1.73729874e+02
 3.81270883e-06 2.15197365e+01 1.10566917e-05 2.39503856e+02
 1.00000000e+00]","[ 0.15420739  0.02957321  0.26746689 -0.13234817 -0.78019328  0.27685552
 -0.01868078  0.40934344 -0.18173986]",381.65683746547387,296.2440915558537,2.4548656141978765e-07,0.0012550263386699402,132.99479979320563,286.9868142024927
207,"[3.14030000e+01 5.24034777e+03 1.75581598e-09 7.63115131e+02
 8.09337666e+01 1.20104609e+01 1.22018189e-05 6.28712813e+02
 1.00000000e+00]","[ 0.15468411  0.02550275 -0.53753637 -0.1014486  -0.6450649  -0.11368693
 -0.02410929  0.48904447  0.08605854]",315.0654994030822,283.19361307700746,2.4548656141978765e-07,0.0012550263386699402,131.90915215006675,315.84491305937956
208,"[1.98028613e+01 6.98791417e+03 4.08338847e+02 2.47844932e+01
 2.68736791e+01 2.45870979e+01 3.05872337e+03 6.36373383e+01
 1.00000000e+00]","[-0.12696595  0.0297552   0.13054478 -0.22783251 -0.76387396  0.44101247
  0.01116786 -0.31062591  0.19858518]",257.97801421588343,292.87542754700473,2.4548656141978765e-07,0.0012550263386699402,132.96266535794345,282.900505527954
209,"[3.14030000e+01 2.91428070e+03 3.48339604e+02 7.62129149e+02
 2.26597193e+03 1.30877728e+01 3.14130828e+02 5.09490815e+01
 1.00000000e+00]","[ 0.3092127  -0.22647428 -0.01356586 -0.48390841  0.51648965  0.18427907
  0.04191497 -0.40627641 -0.38885447]",141.01571325643144,316.33218300977745,2.4548656141978765e-07,0.0012550263386699402,131.53205381477315,278.34365142562183
210,"[6.55713014e+00 3.63636390e+03 5.82590976e+01 1.25958859e+03
 1.95615909e+02 3.74437230e+00 1.77732680e+04 4.66588268e+01
 1.00000000e+00]","[ 0.04549935 -0.22376916 -0.34120784  0.19323002  0.64583493  0.32062657
  0.37939474 -0.35395739 -0.07047111]",6264.1388728202755,282.25371296960475,2.4548656141978765e-07,0.0012550263386699402,131.55095345308283,281.11265562137487
211,"[4.52110000e+01 6.95365755e+03 2.24993378e+01 2.29505013e-07
 2.48119777e+02 9.35294075e+00 9.64732399e+03 9.98623724e+01
 1.00000000e+00]","[ 0.20097162  0.00912023 -0.39262368 -0.8192935  -0.33024311 -0.05478103
  0.01607818 -0.03311597 -0.14392843]",132.87957029382773,293.25187545596395,2.4548656141978765e-07,0.0012550263386699402,129.53542922979457,298.68678189684977
212,"[2.76200002e+01 4.21471867e+03 1.14898328e+03 6.10876126e+02
 1.66919353e+02 1.20323610e+01 4.88668137e+01 4.07815570e+01
 1.00000000e+00]","[ 0.31416066  0.03576102  0.55026143 -0.00441325 -0.69481445 -0.16761284
  0.00163734 -0.21573445 -0.19952921]",662.032725080208,294.6889034479351,2.4548656141978765e-07,0.0012550263386699402,130.64420932218346,300.27154733083717
213,"[2.74179525e+01 1.10437793e+03 4.20985406e+02 1.91927861e+03
 2.23997193e+02 4.38712146e+00 4.28762619e+03 3.70764543e+02
 1.00000000e+00]","[ 0.01305144 -0.18381475  0.3121799   0.08151684  0.2338182  -0.41644506
  0.03792665  0.76417134  0.22010636]",581.944270313234,292.3172471451735,2.4548656141978765e-07,0.0012550263386699402,130.88822365506758,286.2984238924382
214,"[1.96157593e+01 9.89454504e+02 6.13529617e+01 4.07292455e+03
 2.17986991e+02 9.68797798e-01 2.13071132e+03 4.20757980e+01
 1.00000000e+00]","[ 0.28626657 -0.29646957 -0.02404992  0.81912478 -0.11898194 -0.22445548
  0.08894423 -0.25484152  0.14567498]",3199.8136102554217,299.1112312886721,2.4548656141978765e-07,0.0012550263386699402,130.9644926029223,301.30434850505253
215,"[6.96962047e+00 4.85836613e+03 2.52130125e+01 1.14908549e+03
 2.05879449e+02 8.68382501e-01 1.81043201e+04 3.92177367e+01
 1.00000000e+00]","[ 0.24772599  0.13652637 -0.22360247  0.67160296 -0.04052567  0.55164325
  0.23308754 -0.23067496 -0.07382711]",5634.01977572914,290.9040282064825,2.4548656141978765e-07,0.0012550263386699402,129.4901080174765,286.7212385597534
216,"[1.13229537e+01 4.26815449e+03 1.27191371e+02 7.79324322e+02
 1.16492582e+02 5.05359060e+00 1.80951990e+04 5.40453388e+01
 1.00000000e+00]","[ 0.32003731 -0.15626334  0.73088416 -0.31634213 -0.09602373  0.37507786
  0.19917737  0.01949135  0.22122024]",2779.234981644173,277.20780241399007,2.4548656141978765e-07,0.0012550263386699402,128.50287893001445,273.80021610843505
217,"[1.86548687e+01 1.19692712e+03 7.68006782e+02 2.92362981e+03
 1.93391485e+02 5.40682896e+00 1.73450665e-04 4.24841150e+01
 1.00000000e+00]","[-0.10659423 -0.02898103  0.77562598  0.36412369 -0.49306307  0.080794
  0.01875546  0.01148672 -0.05910562]",1529.0837473516794,288.7756685804236,2.4548656141978765e-07,0.0012550263386699402,128.1120094738728,321.0758179322572
218,"[5.94300004e+00 2.07220230e+03 6.54014520e+01 2.66797162e+03
 1.35071495e+02 1.33739081e+00 1.26528676e+04 3.91609999e+01
 1.00000000e+00]","[ 0.12589874 -0.03955741  0.66884721  0.52648952 -0.12366251  0.03694593
  0.11029152 -0.37178561 -0.30164672]",2731.168867857151,272.63649854173264,2.4548656141978765e-07,0.0012550263386699402,128.65907558940916,308.8390968155328
219,"[1.14033999e+02 1.00926054e+03 3.48279761e+02 6.72412121e+02
 8.77452891e+01 2.20887184e+01 3.31727385e+03 1.28129929e+02
 1.00000000e+00]","[-0.29125085 -0.36105253 -0.4976271  -0.53858605  0.10158414 -0.11426815
  0.01800127  0.47000897  0.04997326]",-806.6969770107339,292.63461075383566,2.4548656141978765e-07,0.0012550263386699402,126.86272002688513,308.0295847425408
220,"[1.39193960e+01 1.01879007e+04 4.95539978e+00 8.66404501e+01
 5.89984660e+02 1.23009339e+00 7.51702368e+03 6.59330836e+01
 1.00000000e+00]","[ 0.14489514  0.31624525 -0.40375321 -0.73748677 -0.08024065 -0.3162791
  0.05118133  0.24992301  0.02321397]",3511.497939699801,276.8968105174399,2.4548656141978765e-07,0.0012550263386699402,127.91225776471474,280.42278810683547
221,"[1.04817529e+01 1.01879007e+04 2.11557817e+02 9.78249489e+01
 3.88294731e+02 1.96949630e+00 7.01054058e+03 5.92086929e+01
 1.00000000e+00]","[ 0.11842294  0.33011714  0.00823725 -0.55918879 -0.68663799  0.211662
  0.05857503 -0.1538284   0.14447137]",3446.960014888238,281.3854895366985,2.4548656141978765e-07,0.0012550263386699402,127.22254923352828,269.2983101814766
222,"[1.14034000e+02 3.73408367e+03 2.39065964e-08 5.23353134e+02
 1.56197636e+03 1.34607438e+01 2.49778034e+03 7.71633867e+01
 1.00000000e+00]","[ 0.24815775 -0.09825747 -0.59743049 -0.39494091  0.14686319  0.37326497
  0.01428295 -0.2567191  -0.43457732]",-295.4437233827056,285.0518096718446,2.4548656141978765e-07,0.0012550263386699402,127.07637983855788,275.24500432901186
223,"[1.09977261e+02 2.28448493e+03 4.18521954e+02 2.37574509e+02
 8.29455289e+01 2.77088579e+01 1.69292388e-07 2.73980020e+02
 1.00000000e+00]","[-0.31989891 -0.14662592 -0.06988685 -0.62127237 -0.19244767  0.0273254
 -0.3200789   0.57625893  0.11399277]",-404.20205876222593,269.28782636971687,2.4548656141978765e-07,0.0012550263386699402,127.09199650358458,264.15269456252827
224,"[3.00907406e+01 1.77572882e+03 3.57811820e+02 9.13016684e+02
 6.00633884e+01 1.06391791e+01 1.24530957e+04 8.26472952e+01
 1.00000000e+00]","[-0.02137688 -0.5636638   0.58847588 -0.42336773  0.00396917  0.06292911
  0.14434934 -0.23570944  0.27551867]",601.7633672007862,272.0120580609567,2.4548656141978765e-07,0.0012550263386699402,127.84924662313986,263.244341887269
225,"[9.50804505e+01 2.08734692e+03 1.09660328e+03 3.63620240e+02
 2.48376525e+02 1.44841568e+01 3.94657538e-05 5.76240283e+01
 1.00000000e+00]","[-0.13960798 -0.15166144  0.74198025 -0.56926959 -0.08813597 -0.25025014
 -0.03239499  0.08613154  0.06359796]",256.3272912126629,284.4535179173347,2.4548656141978765e-07,0.0012550263386699402,127.09311287742341,263.0753974129907
226,"[5.15338265e-08 1.01879007e+04 4.95012196e+02 1.40044627e+01
 6.72285153e+02 5.52466101e+00 2.19700881e+03 4.20289943e+01
 1.00000000e+00]","[ 0.10294426  0.30372703  0.87332587 -0.11344739  0.12281727  0.26442066
  0.03149835  0.1879334  -0.01644726]",3686.172417291583,281.42662514443555,2.4548656141978765e-07,0.0012550263386699402,127.27492934805514,274.52762741391564
227,"[4.44292354e-08 8.69475972e+03 6.15054848e+02 1.10916630e+03
 4.43077563e+02 3.97232906e+00 1.04858866e-04 4.02374133e+01
 1.00000000e+00]","[-0.29598013  0.12417614  0.84682264  0.28670221  0.0501793   0.03561787
 -0.20737309 -0.13829226  0.17819755]",1935.512919653846,302.044396718803,2.4548656141978765e-07,0.0012550263386699402,126.42628006095318,290.3745195675843
228,"[1.09756432e-08 8.60273552e+03 1.88773749e-08 1.71542863e+03
 5.53102957e+02 2.64994672e+00 6.91121476e+03 3.99345835e+01
 1.00000000e+00]","[ 0.08896521  0.24152551 -0.33898237  0.69790836  0.48201803  0.14609068
  0.0814952  -0.24469545 -0.10753737]",4095.336281877946,317.86852197228336,2.4548656141978765e-07,0.0012550263386699402,127.12160543861219,263.18818429064413
229,"[1.33815708e-08 2.76598426e+03 1.10626954e-08 4.19266607e+03
 3.68833490e+02 8.71840325e-02 1.00648343e-04 3.90458493e+01
 1.00000000e+00]","[ 0.48545891  0.16727645 -0.20982745  0.76391886  0.30935334 -0.06832822
  0.01750776 -0.08815854 -0.01737757]",3776.1749987017056,294.1055294614175,2.4548656141978765e-07,0.0012550263386699402,126.27767019121048,286.4051168489241
230,"[2.46548832e+01 7.27741226e+02 6.43701636e+01 2.98902157e+03
 1.22571860e+03 7.90763597e+00 9.21345605e-06 5.64311652e+01
 1.00000000e+00]","[-0.13630748 -0.57017853 -0.15124463  0.29700676  0.62053884  0.06814904
 -0.38240582 -0.03438237 -0.08999809]",1218.8355720992238,290.90850504369837,2.4548656141978765e-07,0.0012550263386699402,124.51176740146848,302.12122096846804
231,"[5.94300000e+00 6.11925602e+03 2.85874329e+02 3.56550451e+02
 3.75903814e+02 6.98454690e-10 1.62988013e+04 3.92943689e+01
 1.00000000e+00]","[ 0.03412742  0.0829125   0.76165007 -0.19042897  0.57513015 -0.15078114
  0.13247168  0.06172623 -0.02680099]",3035.1261721620467,254.92832815964584,2.4548656141978765e-07,0.0012550263386699402,126.0316702452694,296.1774657369674
232,"[1.03795268e-09 2.85269068e+03 6.05295252e+02 2.08707323e+03
 7.98894522e+02 2.07470699e-01 5.89845890e+03 4.08015314e+01
 1.00000000e+00]","[-0.41068738  0.04135428  0.74530733  0.30098538  0.32765498  0.13141594
  0.04912157 -0.23028165 -0.05899133]",1739.356233607656,298.25523471849556,2.4548656141978765e-07,0.0012550263386699402,126.2251861795814,265.7353669256127
233,"[1.76951189e+01 7.60260500e+03 3.10631346e+02 2.41146098e+01
 3.67409835e+02 8.52053045e-01 1.33187814e+04 4.82417634e+01
 1.00000000e+00]","[-0.00580895  0.08243068  0.33412817 -0.68345377 -0.02745963  0.1147505
  0.07662759  0.61014555 -0.14949805]",1753.7745351147632,296.24156843015294,2.4548656141978765e-07,0.0012550263386699402,125.52403889899102,281.338729207216
234,"[1.76874503e+01 2.06442651e+03 9.74007580e+01 1.74902324e+03
 6.31757523e+01 7.00570978e+00 1.48544599e+04 5.68677118e+01
 1.00000000e+00]","[-0.26805395 -0.27516935  0.52192137  0.17641345 -0.31675882 -0.05288073
  0.12147898  0.6554005   0.03828591]",1608.0107479899152,251.31497425810767,2.4548656141978765e-07,0.0012550263386699402,125.98055181383239,311.9800820488374
235,"[1.63555314e-07 7.11568527e+03 3.32835115e+01 1.11865122e+03
 2.52956852e+02 1.16759483e-07 1.38411169e+04 6.75777387e+01
 1.00000000e+00]","[ 1.16678366e-01  1.00674786e-01  3.35200323e-01  2.40243340e-01
 -2.89896003e-01  2.84836811e-01  4.15221565e-02  7.99548972e-01
  5.27378419e-04]",1551.6893234732006,299.63623943393645,2.4548656141978765e-07,0.0012550263386699402,124.81854919907802,277.7313676111624
236,"[4.94476735e+01 6.13099862e+03 1.84890525e-09 2.06793297e+02
 3.20206385e+02 1.40729561e+01 3.50335988e-07 5.51170227e+02
 1.00000000e+00]","[ 0.28303143 -0.02650223 -0.5633892  -0.48658112 -0.102023    0.09485701
 -0.10501263  0.57843258 -0.00195555]",38.36774849269059,322.0498600338931,2.4548656141978765e-07,0.0012550263386699402,123.55858842305948,268.083940709853
237,"[9.42581674e+01 3.76865860e+03 3.94745119e+02 5.20434579e+01
 9.12050920e+01 1.25706519e+01 8.40790433e+03 9.96040785e+01
 1.00000000e+00]","[ 0.28064056 -0.07940349  0.27490552 -0.67794041 -0.38305463 -0.23845535
  0.02999285  0.40938982 -0.08756888]",55.37548778827389,280.5357760662262,2.4548656141978765e-07,0.0012550263386699402,124.3075704900311,265.03726560649966
238,"[3.55686707e+01 8.83005339e+03 4.02211581e+02 1.11188849e+01
 6.01271504e+02 1.44097783e+00 2.13593091e-05 3.61375150e+02
 1.00000000e+00]","[ 0.67468235  0.05329086  0.37443409 -0.11758007  0.00671123  0.32826408
 -0.00809239  0.44628895 -0.28442255]",809.354649359383,263.1409574157559,2.4548656141978765e-07,0.0012550263386699402,123.69328392493506,246.6053212556635
239,"[2.08580001e+01 1.15640839e+02 6.96963098e+01 3.17168363e+03
 1.61256955e+02 1.25888440e+01 1.50893014e+03 7.91666294e+01
 1.00000000e+00]","[-0.13313671 -0.74992442  0.18930856  0.21979766  0.3527833   0.43072631
  0.06855463  0.14485779 -0.00863183]",798.0384003012582,260.43590837347483,2.4548656141978765e-07,0.0012550263386699402,123.95243490013748,277.89037695360616
240,"[2.50504552e-08 8.28667291e+03 8.10951810e-08 9.44927942e+02
 2.25586296e+03 2.90732677e+00 4.45663862e+02 5.42001088e+01
 1.00000000e+00]","[ 0.26516851  0.24558849 -0.06021129  0.48913607  0.68459848 -0.03206576
  0.07047439  0.34556177  0.18002664]",4091.894355479561,265.7464965555446,2.4548656141978765e-07,0.0012550263386699402,123.4037795967095,278.6553327729032
241,"[5.84511033e-09 4.82092285e+03 1.14898328e+03 5.03116432e+02
 7.32572491e+02 6.03044723e+00 3.12811613e-05 4.77209520e+01
 1.00000000e+00]","[-0.35361416  0.05565395  0.85307378  0.06850956  0.22018728  0.12594947
 -0.05355112  0.24165648 -0.11755827]",1456.4164089907222,293.89020138210867,2.4548656141978765e-07,0.0012550263386699402,123.34741406398622,271.11746248963755
242,"[3.85660000e+01 1.73065472e+03 1.05086911e+02 1.23681271e+03
 1.94213431e+03 1.57278284e+01 4.64229040e-08 8.81994733e+01
 1.00000000e+00]","[ 0.18560392 -0.37290709 -0.37512051 -0.37280096  0.46949092  0.3549699
 -0.39680079  0.19559824  0.06826886]",-204.00336903811535,266.02020831344106,2.4548656141978765e-07,0.0012550263386699402,123.42474915604991,286.1683704085608
243,"[4.54139869e+01 6.88678750e+02 1.05961485e+02 1.59531204e+03
 1.16607000e+03 1.72638755e+01 8.65674736e+02 9.48596119e+01
 1.00000000e+00]","[-0.02914526 -0.52298919 -0.52595147 -0.44506399  0.36770127  0.19354714
  0.03782873  0.1035407  -0.25711775]",-652.8228042253618,254.18623335450422,2.4548656141978765e-07,0.0012550263386699402,122.62084601640821,266.00521765969233
244,"[6.10703607e+00 6.60593987e+03 3.25678985e+01 6.38606453e+02
 3.09408599e+02 4.94399199e-09 1.76645527e+04 3.91612359e+01
 1.00000000e+00]","[ 0.69785166  0.44389166 -0.11937207  0.24448179  0.13669659 -0.00072761
  0.39594511 -0.16615479  0.19716944]",10119.002091440945,249.1163274788014,2.4548656141978765e-07,0.0012550263386699402,121.90908267508499,265.5985564766297
245,"[1.88580001e+01 1.03046647e+03 6.45562796e+01 3.69169625e+03
 1.63550287e+02 2.57632737e+00 5.16047554e+03 4.68322614e+01
 1.00000000e+00]","[ 0.16150181 -0.23543575  0.2307935   0.60184398 -0.35273585 -0.07892204
  0.09318433  0.60279799  0.01747404]",2448.3912165540337,259.15488718435563,2.4548656141978765e-07,0.0012550263386699402,121.30515699121415,252.97740884057075
246,"[3.30100006e+00 1.01879007e+04 2.62432124e+01 2.74869712e+02
 1.66673926e+03 3.58186596e+00 2.38377096e-04 5.79168388e+01
 1.00000000e+00]","[ 0.22323812  0.42125264 -0.18425125 -0.29028342  0.61319898  0.47023479
 -0.08764228 -0.12767522  0.18270767]",5224.306734969178,257.0488660286928,2.4548656141978765e-07,0.0012550263386699402,121.54261850780097,254.84766813867532
247,"[2.23851105e+01 1.44183092e+03 3.38966117e+02 1.95698877e+03
 2.20737787e+02 4.04011926e+00 1.13193993e+04 5.03895928e+01
 1.00000000e+00]","[-0.07805006 -0.2998483   0.61009073  0.1604793   0.46802684  0.24251353
  0.09597349 -0.30825344  0.35205377]",1262.251066628776,273.49067118100356,2.4548656141978765e-07,0.0012550263386699402,120.54504674536207,268.6250405942592
248,"[2.40281459e+01 5.97886359e+02 5.00214920e+01 3.68121644e+03
 2.42174137e+02 3.49768058e+00 3.23381370e+03 5.14860967e+01
 1.00000000e+00]","[-0.28271903 -0.33415714 -0.37965051  0.27176979  0.27604092  0.19973194
  0.05475836  0.68646725  0.00940322]",1054.8513553248376,279.3877036660207,2.4548656141978765e-07,0.0012550263386699402,120.02291863595767,271.12568403589785
249,"[3.14030000e+01 6.71894493e+03 1.28671429e+02 2.21121876e+02
 5.03543110e+02 1.34036337e+00 1.46731048e+04 4.79736375e+01
 1.00000000e+00]","[ 0.5947337  -0.00448393 -0.25613936 -0.61956423  0.27327596  0.19156764
  0.0616064   0.19836023  0.20563189]",870.1339783120579,267.2566450494023,2.4548656141978765e-07,0.0012550263386699402,120.29248437652964,248.3373990144296
250,"[1.65297207e+01 2.62589825e+03 5.90089194e+01 1.81567752e+03
 3.48255306e+02 1.93988377e+00 1.54676437e+04 4.04149171e+01
 1.00000000e+00]","[ 0.15986919 -0.29675816 -0.16118295  0.30064392  0.79480555  0.18148415
  0.15189968 -0.28419581  0.0389435 ]",2374.977591471329,285.37874279507287,2.4548656141978765e-07,0.0012550263386699402,119.855670457362,278.80086094708753
251,"[3.76520849e+01 5.09376605e+01 6.03229702e+02 1.56714835e+03
 7.92053219e+01 1.74160248e+01 3.60455673e-07 1.01041883e+02
 1.00000000e+00]","[ 0.08410925 -0.71183105  0.19482531 -0.06920657 -0.60819174  0.01638702
 -0.23157853  0.12134343  0.07040718]",-59.58011927797502,251.1086301894004,2.4548656141978765e-07,0.0012550263386699402,118.75962439200565,258.43217184645573
252,"[3.14030000e+01 1.80390242e+03 6.00010558e+01 1.33596068e+03
 6.69258483e+02 9.34495955e+00 1.10505913e+04 7.73473618e+01
 1.00000000e+00]","[-0.3532604  -0.45239073 -0.2691464  -0.21266802  0.56319206  0.41614471
  0.09305538 -0.22504716 -0.05670098]",264.2359729309175,275.55588715738713,2.4548656141978765e-07,0.0012550263386699402,119.72954982527955,256.67708523692045
253,"[2.91539187e+01 3.17933098e+03 6.85184808e+02 6.89480264e+02
 1.71770164e+02 1.74874136e+00 1.29463167e+04 3.94252148e+01
 1.00000000e+00]","[ 0.0789591  -0.09533875  0.91090823 -0.30196119  0.03500771 -0.03572266
  0.08362923 -0.21330097  0.09353518]",1195.4580706794063,269.41712634691953,2.4548656141978765e-07,0.0012550263386699402,117.95625819201624,276.76791810005886
254,"[2.73810000e+01 3.37967009e+03 1.17331603e+02 8.87125962e+02
 3.15116999e+02 4.81834552e+00 1.69886963e+04 5.22069157e+01
 1.00000000e+00]","[ 0.11425099 -0.34876555 -0.38885755 -0.58994592  0.43985765  0.24443758
  0.20165426  0.26132348 -0.062322  ]",1834.6420787977368,254.03846487734359,2.4548656141978765e-07,0.0012550263386699402,118.38537140719788,249.57951651419307
255,"[1.07074000e+02 8.71732201e+02 6.24516717e+02 5.91144207e+02
 1.33572589e+02 2.24337060e+01 1.10306766e+03 9.12680827e+01
 1.00000000e+00]","[-0.4693119  -0.43853588 -0.00531053 -0.70576209  0.2003506   0.11530841
  0.02603821 -0.18353429 -0.03879534]",-811.7802033870282,264.5058171513882,2.4548656141978765e-07,0.0012550263386699402,118.28786033608529,270.55312044579193
256,"[2.21828753e+01 1.52459585e+03 5.31836703e+01 2.88027567e+03
 1.41369141e+02 2.73322210e+00 1.07838819e+04 4.26751463e+01
 1.00000000e+00]","[ 0.11885283 -0.38838762 -0.33931043  0.69012931 -0.39500865 -0.06277582
  0.15255064  0.02596623  0.24433676]",2970.646145682093,263.7966173266436,2.4548656141978765e-07,0.0012550263386699402,118.24537395483448,265.6769407921106
257,"[1.00199946e+01 2.60009773e+03 3.90354416e+01 4.06182447e+03
 1.54601496e+02 6.03971194e+00 1.15379570e-03 4.07801809e+01
 1.00000000e+00]","[ 0.26363596  0.05874056  0.13640694  0.29385074 -0.81642752  0.00211612
 -0.01606658  0.10998621  0.37838743]",1232.9231391884707,245.06617625618674,2.4548656141978765e-07,0.0012550263386699402,117.22137767330692,299.724335991767
258,"[1.14034000e+02 3.77045227e+03 1.21283819e+00 3.23506763e+02
 2.42501239e+01 3.49928324e+01 2.57169134e-05 1.72847983e+02
 1.00000000e+00]","[-0.05229477 -0.06915887 -0.63033007 -0.44368074 -0.54069704 -0.06564895
 -0.01423795  0.31800053 -0.01798827]",-371.48326885670883,262.14173096238864,2.4548656141978765e-07,0.0012550263386699402,117.65077558481303,252.88706434896676
259,"[2.93344885e+01 6.10880318e+03 2.18710129e+02 6.01968431e+00
 3.60191704e+02 7.65070856e+00 6.91407768e+03 2.84889345e+02
 1.00000000e+00]","[-0.21249965 -0.02315227 -0.22010276 -0.57858506  0.06087566  0.32208572
  0.02507852  0.6267886  -0.26488495]",176.79858594392476,263.6241713044907,2.4548656141978765e-07,0.0012550263386699402,118.01322444297216,248.74386562206357
260,"[2.74754910e+01 1.23331030e+03 1.09660328e+03 1.43152765e+03
 8.26237997e+02 3.12536393e+00 3.67668444e-06 4.47997394e+01
 1.00000000e+00]","[ 0.06774916 -0.17050165  0.87134245  0.06609789  0.36282752  0.14665496
 -0.16369826 -0.14677502 -0.03522952]",1135.3474751008725,262.90428898585355,2.4548656141978765e-07,0.0012550263386699402,117.90094192056091,271.3797930301706
261,"[3.86206767e+01 3.74538332e+03 8.33903065e+02 8.54562502e+00
 1.64882085e+02 2.36904492e+01 1.73940319e+03 7.34215052e+01
 1.00000000e+00]","[-0.1697125  -0.05532918  0.37355666 -0.65763607 -0.49968935  0.05247191
  0.01534813 -0.34634599  0.15320805]",12.380538044548338,247.19872854739359,2.4548656141978765e-07,0.0012550263386699402,118.16170451809722,265.0460804704285
262,"[3.73704808e+01 8.09059726e+02 3.79374012e+02 1.26827118e+03
 4.18208714e+02 1.39602189e+01 5.72404621e+03 9.25669914e+01
 1.00000000e+00]","[ 0.01378873 -0.64194298  0.08586404 -0.36491741  0.44898562 -0.36602821
  0.07827034 -0.29389649 -0.1382592 ]",-345.75505014348175,294.59058947229374,2.4548656141978765e-07,0.0012550263386699402,117.14725936721429,253.2041766768425
263,"[5.08066326e-09 1.01879007e+04 9.96862282e+01 7.62210656e+02
 6.41939003e+02 3.47754130e+00 3.76107359e-06 3.53974000e+02
 1.00000000e+00]","[ 0.24850971  0.3599895   0.40555304  0.15978651  0.14392991  0.18395052
 -0.28578129  0.67280625 -0.17248965]",4160.773687526968,256.51082092632487,2.4548656141978765e-07,0.0012550263386699402,117.51276831583664,265.05860448072065
264,"[2.72178975e+01 1.89697382e+03 8.77928725e+01 2.03290770e+03
 2.31334151e+03 9.12420588e+00 1.32355557e-04 4.75055117e+01
 1.00000000e+00]","[-0.26645141 -0.31390691 -0.09354588  0.09998809  0.7187551   0.2821426
  0.02839622 -0.46301371 -0.01778377]",1235.6153336775303,252.00530055417835,2.4548656141978765e-07,0.0012550263386699402,117.09812304149517,238.2147870816509
265,"[9.30629999e+01 2.50887453e+03 3.44152710e+02 3.91233485e+02
 3.80451024e+02 1.09107046e+01 9.76604521e+03 7.91305064e+01
 1.00000000e+00]","[ 0.02657264 -0.27924445 -0.15375718 -0.76355282  0.40501188 -0.02623474
  0.05182638 -0.29204345 -0.24892571]",-413.17848372634745,263.28038252493536,2.4548656141978765e-07,0.0012550263386699402,117.13788443101625,255.73893998613903
266,"[3.76707729e+01 1.06365365e+03 1.09660328e+03 8.45707852e+02
 3.10551605e+02 9.26976334e+00 3.50770146e-06 1.22454153e+02
 1.00000000e+00]","[ 0.23683931 -0.17505161  0.46947014 -0.20819949  0.17992823 -0.1790851
 -0.18995283  0.7400756   0.03571032]",306.3521511491632,251.41488840926414,2.4548656141978765e-07,0.0012550263386699402,117.26198426195744,261.8160388361889
267,"[1.75247746e+01 5.32975331e+03 9.79264748e+01 5.83799097e+02
 1.66840424e+02 3.22396067e+00 1.80298854e+04 4.56714156e+01
 1.00000000e+00]","[ 0.15080321 -0.00801554 -0.07191648 -0.66736897 -0.62014949  0.20340162
  0.11254522 -0.20928274  0.21027961]",1480.289239871145,243.3925847716871,2.4548656141978765e-07,0.0012550263386699402,116.32045106102422,237.0402532649937
268,"[2.79374181e+01 4.79607758e+03 1.00262689e+03 1.94701732e+02
 4.67946142e+02 3.54812622e+00 4.84628016e+03 4.87496142e+01
 1.00000000e+00]","[ 1.74259374e-01  8.74902299e-03  7.20182484e-01 -3.37335049e-01
  2.27255536e-01  4.89180985e-01  3.51878055e-02 -6.63930937e-04
 -2.11937828e-01]",981.5886420160339,281.02390029752314,2.4548656141978765e-07,0.0012550263386699402,115.94783909398949,265.7167240613381
269,"[3.20294859e+01 2.18214987e+03 1.53295457e+02 9.48813306e+02
 9.44283243e+02 9.60145136e+00 9.40981591e+03 8.02946329e+01
 1.00000000e+00]","[ 0.13948555 -0.30145581 -0.33446588 -0.59102736  0.43067445  0.13705717
  0.0606149   0.36639819 -0.29376941]",-257.90515322162156,265.1550919754145,2.4548656141978765e-07,0.0012550263386699402,115.29210483825405,237.87355286199806
270,"[2.92521316e-09 2.72747090e+03 3.24001677e+00 3.64842828e+03
 4.95224664e+02 1.98024938e-01 5.27877908e+03 4.13860843e+01
 1.00000000e+00]","[ 0.0078054   0.12216327 -0.16546824  0.651245    0.49849685  0.18851884
  0.07275305 -0.40872453  0.27771965]",3322.996096089053,277.6276334953436,2.4548656141978765e-07,0.0012550263386699402,115.40542419177157,276.0355448382761
271,"[3.12769071e+01 3.90007659e+03 3.35459439e+02 4.78747338e+02
 2.50829459e+02 8.25529114e+00 3.28154215e+02 7.17328209e+02
 1.00000000e+00]","[ 0.09402804 -0.08121404 -0.02278097 -0.36009395 -0.05725877  0.19136477
  0.01653306  0.90226361 -0.0111527 ]",146.01476608795053,264.03187317328513,2.4548656141978765e-07,0.0012550263386699402,115.19370019234192,242.42430830076998
272,"[7.00153225e-09 3.55132926e+03 1.03917921e+03 1.88391145e+03
 3.62873622e+02 4.57468299e-01 1.93420932e-05 5.12795001e+01
 1.00000000e+00]","[ 0.21587428  0.08510171  0.69814711  0.24579272  0.06450985  0.12838775
 -0.06495269  0.60731542  0.06809366]",1545.4544631777824,276.31084889317776,2.4548656141978765e-07,0.0012550263386699402,115.17725354072134,263.3369118749755
273,"[3.14030000e+01 1.78811616e+03 3.72291244e+01 1.36346719e+03
 7.23687618e+01 1.31801838e+01 2.78151676e+03 6.07782544e+02
 1.00000000e+00]","[-0.10485732 -0.13857543 -0.53876092 -0.15609347 -0.06698958  0.29643397
  0.02564409  0.74679308 -0.06674625]",40.241906912633375,246.03096213020683,2.4548656141978765e-07,0.0012550263386699402,115.61439031010464,274.0377282277482
274,"[3.80840003e+01 6.77571085e+02 3.74399166e+02 1.26467206e+03
 1.01075457e+03 1.86538632e+01 5.05349981e-03 9.44249579e+01
 1.00000000e+00]","[ 0.22057963 -0.55160489  0.04143477 -0.44783321  0.45387086  0.21848063
  0.00330098  0.43435821 -0.04893621]",-412.40708722760724,244.1493475759035,2.4548656141978765e-07,0.0012550263386699402,114.91038770470827,289.0606148384675
275,"[1.57416859e-01 8.49632028e+03 7.94300131e+02 5.57331127e+02
 3.74274166e+02 3.02691182e+00 1.37483868e+02 4.23883121e+01
 1.00000000e+00]","[ 0.32126436  0.10668778  0.79395204  0.1467424  -0.04853017  0.45752624
  0.0127391  -0.1467605   0.01128639]",1597.6874823050457,272.769873331044,2.4548656141978765e-07,0.0012550263386699402,115.8242028959703,237.39637693012628
276,"[2.70649492e-02 7.59595303e+03 1.10354535e+01 6.48425423e+02
 4.24374895e+02 9.09167656e-09 1.59904103e+04 4.08748946e+01
 1.00000000e+00]","[-0.05365004  0.27728894 -0.11861028  0.35910438  0.82087291  0.22595375
  0.18617789 -0.12944735  0.03003191]",5657.973360647186,244.4064330165329,2.4548656141978765e-07,0.0012550263386699402,115.16713741993946,246.61511529615018
277,"[1.07073999e+02 7.74746096e+01 2.09755429e+02 1.72862582e+03
 7.26313230e+01 1.96715021e+01 7.51565934e+02 1.02609821e+02
 1.00000000e+00]","[-0.10247342 -0.72950191 -0.32898159 -0.30581613  0.11615462  0.29236276
  0.02249516  0.38317155  0.09632977]",-594.6296767935264,255.9219620339132,2.4548656141978765e-07,0.0012550263386699402,115.41240756298211,270.80749273300455
278,"[3.78601204e+01 1.83818885e+03 7.54613706e+02 1.18983409e+03
 1.76620959e+02 6.61561363e+00 1.92643006e-07 4.85895201e+02
 1.00000000e+00]","[ 0.5659257  -0.01761959  0.41419555  0.00921168 -0.33237282  0.01782693
 -0.14634259  0.59157063  0.16004182]",541.571193556879,254.655386579724,2.4548656141978765e-07,0.0012550263386699402,114.20717411758248,245.20114537493828
279,"[1.88580004e+01 2.56321054e+03 6.41966411e+01 2.13398698e+03
 1.88053804e+02 3.52055420e+00 4.33155024e+03 5.99962178e+02
 1.00000000e+00]","[ 0.34429471 -0.01616803  0.15756484  0.18393648 -0.13540286 -0.21539857
  0.03386795  0.85413131  0.16468947]",1000.7743780976817,261.9021778236272,2.4548656141978765e-07,0.0012550263386699402,115.01691365956337,246.9921198664797
280,"[1.00226000e+02 1.25034579e+03 4.59710379e+02 5.91888796e+02
 1.02355059e+02 2.42819641e+01 1.17500744e-05 2.94099405e+02
 1.00000000e+00]","[-0.1346223  -0.25421246  0.0198333  -0.55339992 -0.08599869  0.06746633
  0.00947716  0.75076744  0.18686622]",-435.9568377656472,240.19410746894457,2.4548656141978765e-07,0.0012550263386699402,113.95833841194276,249.52029377128088
281,"[3.80840000e+01 1.10732648e+03 8.80689643e+02 8.26680421e+02
 1.29706824e+02 1.28312883e+01 4.72011031e+03 6.92867742e+01
 1.00000000e+00]","[ 0.03788718 -0.3698095   0.55900661 -0.56415591 -0.44413391 -0.1377552
  0.04832464 -0.07645682 -0.08144245]",-218.77833034698398,254.27718856529685,2.4548656141978765e-07,0.0012550263386699402,113.74388542111002,252.06563572325422
282,"[2.08580000e+01 5.51723184e+02 1.13860929e+02 3.83068990e+03
 1.16426427e+02 1.16035257e+01 2.24802051e+01 6.46019307e+01
 1.00000000e+00]","[ 0.34655742 -0.10968543  0.34685183  0.21744611 -0.6207572   0.2859605
  0.01680265  0.48256785 -0.00332971]",781.7687989458102,267.02368555356577,2.4548656141978765e-07,0.0012550263386699402,114.58486626444993,245.91160892356396
283,"[2.46423233e+01 3.38746069e+03 8.78315777e+01 1.50107793e+03
 2.76243324e+03 5.28750860e+00 4.47215022e-05 4.60345534e+01
 1.00000000e+00]","[-0.19030729 -0.12434808 -0.02125558 -0.0100603   0.86177253  0.42875349
 -0.14037801 -0.02875224 -0.02745106]",1938.6230160452756,236.6778607590768,2.4548656141978765e-07,0.0012550263386699402,113.16197535820942,242.3988503112505
284,"[3.73933480e+01 2.32587555e+03 2.70985493e+02 1.09445655e+03
 2.25594236e+03 1.35569583e+01 2.28303613e-07 5.73152633e+01
 1.00000000e+00]","[ 0.11315201 -0.35633069  0.34631385 -0.32084169  0.69791555 -0.14718122
 -0.3338542   0.01258531 -0.13033395]",491.2019648922174,244.27804241794973,2.4548656141978765e-07,0.0012550263386699402,113.6750450263316,247.33476714120314
285,"[6.61500003e+00 7.28765577e+03 8.37491640e+01 3.46000291e+02
 1.04221057e+03 3.55565795e-01 1.22916036e+04 4.77314209e+01
 1.00000000e+00]","[-0.15426223  0.08202753 -0.08357757 -0.54060877  0.67553757  0.45134855
  0.0891093   0.02454112 -0.04027826]",2203.3578015464714,243.43923966663442,2.4548656141978765e-07,0.0012550263386699402,113.53427671727678,236.9996998923334
286,"[2.76200000e+01 1.49912349e+03 1.14898328e+03 8.94137391e+02
 1.57139185e+02 1.44179274e+01 3.12337907e-06 9.71210475e+01
 1.00000000e+00]","[-0.15561726 -0.03425117  0.60300061 -0.04830006 -0.60174877 -0.08115254
 -0.11165727  0.33572361  0.33882516]",531.2221335208003,226.9280765766951,2.4548656141978765e-07,0.0012550263386699402,113.03893373817381,241.63890611732674
287,"[9.03438497e+00 3.62312512e+03 2.66567152e+01 1.39857674e+03
 4.58144690e+02 7.49750172e-01 1.69092091e+04 3.94200960e+01
 1.00000000e+00]","[ 0.09011596 -0.07314228 -0.25873085  0.39397053  0.82314035  0.14015379
  0.17514994 -0.15117414  0.11679316]",3612.938472234062,256.78462766244184,2.4548656141978765e-07,0.0012550263386699402,112.73823974264404,251.83214741803113
288,"[1.54780000e+01 2.86526458e+03 9.09178546e+01 1.50191531e+03
 8.74833127e+01 4.85582110e+00 1.68650129e+04 5.05116265e+01
 1.00000000e+00]","[ 0.35106089 -0.23088829  0.49487789  0.32274781 -0.5135761   0.33152354
  0.21080155 -0.23420943  0.03764252]",3373.669446644039,266.1730335045686,2.4548656141978765e-07,0.0012550263386699402,112.67898143201987,243.8316191873664
289,"[7.73238756e-09 7.68437804e+03 1.69031698e-08 1.31972289e+03
 2.19255876e+03 3.98696032e+00 3.53583647e-06 6.01690539e+01
 1.00000000e+00]","[ 0.30563433  0.1247348   0.12517658  0.32316099  0.36119687  0.41651423
 -0.21758791  0.64778513  0.00305454]",2217.577983600141,293.32735395287546,2.4548656141978765e-07,0.0012550263386699402,111.41453239345248,244.20230818516575
290,"[5.60628155e-10 9.26405838e+03 5.92785868e+01 3.81643462e+02
 4.80521129e+02 6.38479832e-02 1.28132415e+04 4.23107180e+01
 1.00000000e+00]","[-0.30110869  0.62457261  0.31445611 -0.27732829 -0.16349675 -0.07285325
  0.21649146 -0.28839796  0.42587353]",8382.489777294846,235.58135469458284,2.4548656141978765e-07,0.0012550263386699402,111.89889189108037,254.1507088158416
291,"[3.57800338e-08 9.31539411e+03 1.52516149e-07 9.92095675e+02
 5.52650160e+02 2.32629498e+00 1.00143545e+04 3.96536903e+01
 1.00000000e+00]","[ 0.28119712  0.23142     0.05248759  0.47706377  0.38024256  0.52740009
  0.08046146 -0.29616591  0.34656114]",3634.801517920603,242.60569597909762,2.4548656141978765e-07,0.0012550263386699402,112.03455349348069,254.16398063336646
292,"[2.76200000e+01 2.02694764e+03 9.63152124e+02 8.43610313e+02
 6.93604495e+02 2.66574874e+00 5.11259410e+03 5.72900688e+01
 1.00000000e+00]","[-0.2919287  -0.13910445  0.70179972 -0.1718446   0.39726428  0.14819911
  0.04850001  0.40288307 -0.17007432]",787.760865898618,253.0590479820455,2.4548656141978765e-07,0.0012550263386699402,110.57339585990759,272.05208182308826
293,"[4.45054058e+01 6.25378320e+02 5.44646030e+01 1.66405854e+03
 4.71838003e+00 1.64584555e+01 7.74270103e+03 9.67503863e+01
 1.00000000e+00]","[-0.14007247 -0.47857351 -0.65093917 -0.34939303  0.07921281  0.03133066
  0.041925    0.19221045 -0.39948839]",-578.6879895483436,241.14029013026556,2.4548656141978765e-07,0.0012550263386699402,110.65219099799931,218.5408131038389
294,"[3.14030000e+01 2.20648195e-08 5.52195730e+01 3.03431521e+03
 1.31630132e+02 1.55357166e+01 5.75472606e-06 8.95091652e+01
 1.00000000e+00]","[ 0.23367964 -0.72549215 -0.21268664  0.10301896 -0.27644656  0.09745306
 -0.25146535 -0.45995997 -0.04988652]",232.09056149639738,223.98109469573893,2.4548656141978765e-07,0.0012550263386699402,110.34978244745137,248.41787647704246
295,"[3.14030000e+01 3.70140425e+03 3.57514499e+02 3.73076931e+02
 1.93544773e+03 7.43604992e+00 1.86113258e+03 9.04056099e+01
 1.00000000e+00]","[ 0.0059414  -0.12982697  0.12088204 -0.49345616  0.27177296  0.11721479
  0.02884825  0.68949724 -0.401447  ]",21.26182505784756,231.27119978820446,2.4548656141978765e-07,0.0012550263386699402,110.8936144930895,258.16552622956965
296,"[1.96898483e+01 4.84562748e+03 3.03717005e+02 4.23826239e+02
 3.39742944e+02 1.56469162e+00 1.65264544e+04 4.32858048e+01
 1.00000000e+00]","[ 0.02988926 -0.08581883  0.24667253 -0.49693093  0.30335961  0.72101264
  0.11317733 -0.22607645 -0.09026695]",1413.785014716905,249.84346198175626,2.4548656141978765e-07,0.0012550263386699402,109.1118823331245,219.37803511643006
297,"[1.14034000e+02 7.18914066e+02 5.10293666e+02 7.30574902e+02
 3.88940716e+01 2.67533530e+01 5.22021157e-06 1.00824728e+02
 1.00000000e+00]","[ 0.32525051 -0.42226386 -0.32526283 -0.5578326  -0.35437215 -0.09068188
 -0.30029259  0.07883016 -0.2621823 ]",-848.5230483259745,223.4434239498505,2.4548656141978765e-07,0.0012550263386699402,109.60638451428085,243.7587751373503
298,"[1.06736563e+01 1.61781980e+03 5.81390527e+02 3.15894120e+03
 4.53797459e+02 6.25993125e-01 1.41897441e+03 3.93764703e+01
 1.00000000e+00]","[ 0.21846356 -0.00737258  0.80317982  0.38920226  0.32912726 -0.03123477
  0.04136097 -0.17157832  0.1232594 ]",1888.2273216146987,234.42030759195177,2.4548656141978765e-07,0.0012550263386699402,109.72314763406203,240.17761279311435
299,"[3.85660000e+01 3.10232472e+02 5.45476820e+01 2.22756359e+03
 7.23440757e+01 1.45345690e+01 5.59321027e+03 9.65649926e+01
 1.00000000e+00]","[ 0.54090335 -0.6746373  -0.35787674  0.05841037  0.2615889  -0.16356035
  0.07505187  0.08545324  0.11262669]",366.8500024360876,234.3884242469391,2.4548656141978765e-07,0.0012550263386699402,109.18329702665959,251.52540569884104
300,"[3.47829980e+01 4.86255935e+02 9.13025344e+02 1.58788891e+03
 2.25258687e+02 5.84834298e+00 2.59802862e+03 6.12099363e+01
 1.00000000e+00]","[ 0.16154828 -0.49135002  0.48043739  0.0108873   0.37138634  0.40110182
  0.05870391 -0.44375587  0.04860865]",434.0411560123646,247.7977489047629,2.4548656141978765e-07,0.0012550263386699402,109.06508508226872,238.38338629993746
301,"[3.80840000e+01 1.42359561e+03 4.41539194e+02 7.67972946e+02
 1.23725964e+03 2.03168151e+01 9.89055032e-07 9.18066699e+01
 1.00000000e+00]","[-0.26724749 -0.34585736  0.05995214 -0.61141834  0.34800665 -0.07495737
 -0.33165839  0.42792589  0.10811914]",-477.1741384144368,228.25029589640314,2.4548656141978765e-07,0.0012550263386699402,109.43511958326664,237.58741426740335
302,"[5.94300000e+00 2.51141026e+03 2.44546407e+01 3.30251325e+03
 1.65932441e+02 5.77560085e-10 9.04289105e+03 3.91017246e+01
 1.00000000e+00]","[ 0.14946827  0.12500684  0.44971832  0.59785852 -0.36440889  0.31039394
  0.07982023 -0.31770376  0.25672158]",2949.4374356217445,250.6585915113701,2.4548656141978765e-07,0.0012550263386699402,109.30473582176366,218.36702563482413
303,"[2.58038356e+01 9.89342957e+03 7.34615244e+01 5.52035146e+02
 4.80757868e+01 1.42645445e+01 8.67805090e-06 7.86685898e+01
 1.00000000e+00]","[ 0.42463451  0.05205527  0.04124101 -0.02548698 -0.76372599  0.28870997
 -0.21611834  0.31782803  0.01651528]",507.34342337183455,250.2306955560175,2.4548656141978765e-07,0.0012550263386699402,109.54230187887087,238.74844495047478
304,"[2.76200000e+01 1.26740621e+03 7.72300329e+02 1.80124826e+03
 5.74121004e-07 2.88658748e+01 2.23322727e-06 5.36370938e+01
 1.00000000e+00]","[ 0.25904825 -0.0132315   0.23339686  0.05163948 -0.61654767  0.479639
 -0.23754449 -0.20864676  0.40673425]",266.71395052421167,223.30776066246904,2.4548656141978765e-07,0.0012550263386699402,109.41651327053917,230.8813239543233
305,"[3.73465237e+01 9.91585914e+02 2.41657932e+02 1.39005578e+03
 9.59567380e+00 1.30468271e+01 9.96643493e+03 9.06393881e+01
 1.00000000e+00]","[ 0.39733012 -0.53007319  0.12133377 -0.27073953 -0.11144356 -0.27178092
  0.07803032  0.47818858  0.38998952]",-40.99437533529476,233.86985264701377,2.4548656141978765e-07,0.0012550263386699402,108.11639189212708,261.7381149521641
306,"[1.14034000e+02 2.25343076e+03 1.06145615e+02 7.08409501e+02
 2.60128674e+01 1.26300109e+01 1.14703091e+04 8.69847668e+01
 1.00000000e+00]","[ 0.06913384 -0.22255609 -0.63830152 -0.62523324 -0.18462628  0.16582184
  0.04054127 -0.06935492  0.28161394]",-547.7438512313439,233.1560037566607,2.4548656141978765e-07,0.0012550263386699402,108.76556076980624,234.94732078614598
307,"[2.94030000e+01 6.25542597e+03 1.16078456e+02 3.15622701e+02
 2.33232931e+03 1.00842564e+01 2.06455153e-06 5.30255079e+01
 1.00000000e+00]","[-0.23158944 -0.01943442 -0.30539434 -0.45222081  0.2487597   0.54394455
 -0.13821277 -0.51631092  0.06915538]",251.80545726601716,239.97454470259123,2.4548656141978765e-07,0.0012550263386699402,109.39239041800877,227.93399156502596
308,"[1.98635421e+01 2.01566908e+03 5.04501844e+01 2.37300136e+03
 1.08561992e+02 3.30300512e+00 1.36708800e+04 4.24732264e+01
 1.00000000e+00]","[ 0.19789398 -0.22808649 -0.21400722  0.42871035 -0.48144452  0.37965564
  0.14261368  0.52487583  0.08638486]",2471.7390588083954,229.52364373512137,2.4548656141978765e-07,0.0012550263386699402,108.34400080714524,234.84876758153473
309,"[3.74635029e+01 1.49726933e+03 2.20618511e+02 1.04612321e+03
 9.96354298e+02 1.28674549e+01 5.91660603e+03 9.16161385e+01
 1.00000000e+00]","[-0.195137   -0.28554419 -0.02959228 -0.30869167  0.33879444  0.17687694
  0.04321176  0.79755842  0.01363874]",-95.72013618561942,255.382540934191,2.4548656141978765e-07,0.0012550263386699402,108.30478131747091,238.42609447967538
310,"[3.14030000e+01 5.54122059e+03 3.42632266e+02 9.60305599e+01
 3.67301099e+02 3.63850135e+00 1.38976875e+04 4.92103254e+01
 1.00000000e+00]","[ 0.04995325 -0.07146874  0.03697456 -0.84286126  0.16704999 -0.02434573
  0.05499116 -0.48937409  0.09800631]",338.80767603992416,220.91800103528402,2.4548656141978765e-07,0.0012550263386699402,108.09513253310674,223.09036216303582
311,"[1.62362946e+01 5.65686083e+03 3.45675738e+01 1.09143582e+03
 2.82557757e+03 1.28990507e+00 5.81221322e+02 5.25901035e+01
 1.00000000e+00]","[ 0.49681182  0.05948083 -0.09583134  0.1004313   0.81104528  0.20527766
  0.07668697  0.14477438 -0.05996728]",2794.904828491475,227.12442105159744,2.4548656141978765e-07,0.0012550263386699402,108.96396343942098,249.1616962713847
312,"[3.13675134e+01 2.95060742e+03 4.95132669e+01 1.51474742e+03
 1.89635733e+03 2.71957209e+00 6.58694339e+03 4.55639432e+01
 1.00000000e+00]","[-0.21667598 -0.22114296 -0.36042523 -0.01333742  0.7620876   0.3891754
  0.10301045 -0.02908865  0.17427213]",1426.270346033363,234.79128763573226,2.4548656141978765e-07,0.0012550263386699402,108.29950613903634,240.48138414926564
313,"[3.14030000e+01 4.42420144e+03 1.18132746e+02 7.30016896e+02
 1.33924649e+03 7.32176456e-01 1.18382835e+04 4.09375348e+01
 1.00000000e+00]","[ 0.26747819 -0.15985373 -0.14713632 -0.54514502  0.73118057 -0.02889751
  0.10558927 -0.16467139 -0.10170626]",1108.1904045554782,239.6523782637165,2.4548656141978765e-07,0.0012550263386699402,108.50189838636305,233.78549560622082
314,"[1.11274304e+02 1.72518822e+03 3.97391406e+02 3.62543938e+02
 1.24652925e+01 2.52085516e+01 5.21643246e+03 8.69149318e+01
 1.00000000e+00]","[-0.11009783 -0.25638706 -0.00221519 -0.74357523 -0.22703772  0.29028309
  0.03211106 -0.48149437  0.02359602]",-594.8587549257853,227.54960483013156,2.4548656141978765e-07,0.0012550263386699402,108.89743250457218,239.0534329178397
315,"[1.66096412e+00 3.97218311e+03 1.35197917e+01 1.79858956e+03
 2.22635806e+02 4.16820282e-01 1.61792143e+04 4.05121395e+01
 1.00000000e+00]","[-0.05754942  0.12733164 -0.18158906  0.819213    0.4568855   0.11139676
  0.18808102 -0.1403661   0.01262836]",5115.756634173083,230.0858386460959,2.4548656141978765e-07,0.0012550263386699402,108.85951436967056,242.19688222022984
316,"[3.00771496e+01 2.28312303e+03 1.40633831e+02 1.05261334e+03
 1.74236497e+02 8.44937926e+00 1.50515622e+04 7.54008872e+01
 1.00000000e+00]","[-0.29885138 -0.42389856  0.17481436 -0.45598393  0.13949699  0.00612266
  0.14172087  0.6730036   0.00095472]",776.0326015600351,228.97332247601992,2.4548656141978765e-07,0.0012550263386699402,108.44302820395443,226.01312119865406
317,"[6.74429077e+00 5.27051603e+03 6.33112494e+01 8.36328571e+02
 2.20603020e+02 9.68299047e-01 1.85013291e+04 3.98376130e+01
 1.00000000e+00]","[ 0.56531858  0.0169054   0.52062007  0.16516236  0.55252643 -0.06374833
  0.25191665 -0.08017818 -0.05064986]",5043.379410107774,219.50436217303013,2.4548656141978765e-07,0.0012550263386699402,108.58484071930853,217.7907436350588
318,"[2.22642075e-08 1.01879007e+04 9.84401098e+01 1.13820286e+03
 1.23930443e+03 4.35853276e+00 3.77674893e-05 3.90458499e+01
 1.00000000e+00]","[ 0.42666884  0.20726194  0.67457961  0.31820388  0.32180873 -0.16165997
 -0.20088541 -0.15261767 -0.15919461]",2932.146436856432,242.19183820442458,2.4548656141978765e-07,0.0012550263386699402,106.42884968700506,256.3397992430305
319,"[2.51468588e+01 1.01879007e+04 1.45816805e-07 7.75150411e+02
 2.80272058e+02 1.88707977e+00 1.71039765e-04 3.17962834e+02
 1.00000000e+00]","[ 0.56467344  0.49355195 -0.1214827   0.03895528 -0.28762114  0.15423112
 -0.09288468  0.55311396  0.01410857]",5168.216853553926,211.73892228399654,2.4548656141978765e-07,0.0012550263386699402,106.85761793371887,210.0813232434679
320,"[1.86852763e-01 3.10037471e+03 9.91172994e-10 2.16847856e+03
 7.10057730e+01 9.84045605e+00 2.41937933e-06 6.25037769e+02
 1.00000000e+00]","[-0.43391278  0.02676305 -0.46418501  0.11332129 -0.43740876  0.38401694
 -0.07507654  0.4556765  -0.17498858]",585.9895765292246,221.9319342894916,2.4548656141978765e-07,0.0012550263386699402,106.30230148617837,219.8484790770376
321,"[3.14030000e+01 2.17532848e+03 5.38270938e+01 1.34410970e+03
 1.52447818e+03 8.07168009e+00 6.90980434e+03 7.11096643e+01
 1.00000000e+00]","[ 0.07158522 -0.36509328 -0.53738931 -0.20912643  0.68170487 -0.20640461
  0.08907629 -0.08056701 -0.0855062 ]",545.2985068155881,247.41547571804415,2.4548656141978765e-07,0.0012550263386699402,105.75584956233502,226.27618618173665
322,"[2.05267018e+01 1.34742822e+03 5.99388013e+02 2.41177736e+03
 1.13534978e+02 4.03081563e+00 6.63972631e+03 4.94826081e+01
 1.00000000e+00]","[ 0.42294924 -0.03998049  0.41578921  0.16640763 -0.49221114  0.28856921
  0.02849257  0.49493168  0.21824332]",764.5397331522158,243.78418386392923,2.4548656141978765e-07,0.0012550263386699402,106.74461763575894,232.7243423875866
323,"[1.27012390e+01 2.21085393e+03 2.96900000e+01 3.03492698e+03
 1.60403664e+03 4.36919859e-01 1.81654950e+03 5.11944937e+01
 1.00000000e+00]","[ 0.07831194 -0.0400148  -0.30611317  0.5906295   0.64358781 -0.04436071
  0.0733752   0.28770867  0.21303576]",2876.507549930054,227.74062225697662,2.4548656141978765e-07,0.0012550263386699402,106.185197270698,238.19449539018444
324,"[2.76200000e+01 2.32233536e+03 9.39358359e+01 1.44709668e+03
 7.42826603e+01 7.31750366e+00 1.58338190e+04 5.91563354e+01
 1.00000000e+00]","[ 0.33410154 -0.76813203  0.34747959 -0.02395125 -0.03115803  0.08530538
  0.28651349 -0.29093345 -0.0453159 ]",2741.005371322069,210.8775845848495,2.4548656141978765e-07,0.0012550263386699402,105.56386665857467,237.62699131442815
325,"[3.14030000e+01 7.19034566e+03 5.33208730e-08 4.50887984e+02
 1.84584313e+02 3.36238654e+00 1.47833559e+04 4.58044106e+01
 1.00000000e+00]","[ 0.51654929  0.06392438 -0.33283115 -0.26437358 -0.66394926 -0.29144001
  0.03607171  0.01279362  0.14556717]",767.1146198920505,242.18874528489152,2.4548656141978765e-07,0.0012550263386699402,106.94754128077813,249.1270001088601
326,"[3.73683973e+01 1.73168835e+02 7.40129984e+02 1.45671826e+03
 9.60982082e+01 1.47297586e+01 1.03188714e+03 9.28551064e+01
 1.00000000e+00]","[ 0.4608807  -0.62062365  0.39523656 -0.12529588 -0.36890447  0.00171224
  0.04956199 -0.17647888  0.24659612]",19.331503977861157,227.37920559537505,2.4548656141978765e-07,0.0012550263386699402,105.90542409500915,228.65563314133738
327,"[1.14034000e+02 1.19174565e+03 2.78400000e+01 1.02138479e+03
 2.54316833e+01 4.70717807e+01 3.20914857e-06 9.33219606e+01
 1.00000000e+00]","[-0.05608316 -0.17068616 -0.71002501 -0.34713463 -0.17685738  0.23904667
 -0.12751629 -0.4408832  -0.20981589]",-618.7343380325259,234.19688689916592,2.4548656141978765e-07,0.0012550263386699402,105.30786822133986,254.11335708989918
328,"[2.48800000e+01 1.41885632e+03 6.47968439e+01 2.20512558e+03
 8.52051204e+01 6.26162962e+00 1.25386840e+04 5.99726863e+01
 1.00000000e+00]","[ 0.38059786 -0.68806291  0.05549049  0.40661457 -0.36314637 -0.06158062
  0.20081773 -0.08975723 -0.17102199]",2414.5471481581158,237.0658891966309,2.4548656141978765e-07,0.0012550263386699402,104.15259064029652,230.53745901703235
329,"[3.02319183e+01 3.12863900e+03 3.37218271e+02 6.91235874e+02
 6.71448027e+01 7.12102845e+00 1.55181867e+04 5.98601954e+01
 1.00000000e+00]","[ 0.65294813 -0.19036094  0.49674497 -0.34305635 -0.13937574  0.37801066
  0.0989526   0.01749961 -0.02372178]",884.470065340197,229.03655498760543,2.4548656141978765e-07,0.0012550263386699402,104.43276982237343,240.53980536149282
330,"[3.06278258e-08 7.51678286e+03 2.02517538e-08 1.73916753e+03
 5.47564826e+02 9.37054537e-02 6.35743806e-05 4.95544912e+02
 1.00000000e+00]","[ 0.29474864  0.10646208 -0.1860888   0.31423276  0.21736056 -0.05368118
 -0.0414765   0.83725565  0.12479263]",1880.7923061740653,255.229110801738,2.4548656141978765e-07,0.0012550263386699402,105.2758054426527,217.2527838059341
331,"[1.11642871e+02 2.18484722e+03 4.08032946e+02 2.12693617e+02
 7.19857029e+02 2.88402470e+01 3.07491927e-07 8.35418004e+01
 1.00000000e+00]","[-0.08389324 -0.17004076 -0.23954813 -0.61302668  0.17270959 -0.32208141
 -0.29183501 -0.55863329  0.00769282]",-540.633774247876,230.64488634112087,2.4548656141978765e-07,0.0012550263386699402,105.12850784779314,213.274840124222
332,"[2.32085963e+01 8.68563505e+02 5.01853951e+01 4.20747769e+03
 3.38434997e+02 2.36990504e+00 3.82484565e-06 4.89127554e+01
 1.00000000e+00]","[ 0.18970161 -0.34719179 -0.35298009  0.64786187  0.44558879  0.31061992
 -0.00167169  0.04960258  0.04066802]",2565.000376110951,228.76950076507455,2.4548656141978765e-07,0.0012550263386699402,104.95432762763775,219.89266290538885
333,"[2.91240411e+01 2.54409350e+03 1.09660328e+03 5.06037413e+02
 8.52980193e+02 1.13205271e+01 3.97903495e-07 4.94279878e+01
 1.00000000e+00]","[-0.33451477 -0.10357301  0.66206515 -0.40335841  0.29976086  0.09409491
 -0.26454834 -0.31551224  0.09000009]",489.91667926164354,235.98950990834777,2.4548656141978765e-07,0.0012550263386699402,103.71093965022497,212.92880806857465
334,"[1.73827393e-08 5.03514497e+03 5.86618138e+01 6.69176486e+02
 2.12181771e+02 6.26153569e+00 8.93735019e+03 4.67924656e+02
 1.00000000e+00]","[-0.46262398  0.00849931 -0.13848853 -0.1932232  -0.38550955 -0.01470895
  0.02676707  0.73991903  0.1798942 ]",409.11354492648087,236.3933776999205,2.4548656141978765e-07,0.0012550263386699402,103.98837959341829,240.42764810233177
335,"[1.74425833e-08 9.87560193e+03 1.47172279e+01 4.41944186e+02
 5.87504351e+02 2.14775848e+00 1.05646526e+04 4.85999879e+01
 1.00000000e+00]","[ 0.20886839  0.10763082  0.0850598   0.03842664  0.22313048  0.49393555
  0.0353651   0.6522572  -0.46435777]",1618.1597174245742,216.94012242688314,2.4548656141978765e-07,0.0012550263386699402,103.87397248027017,214.1103371314067
336,"[2.81020000e+01 1.78696612e+03 9.12444770e+01 1.33606520e+03
 4.39286621e+01 1.04402842e+01 1.41549910e+04 8.05451366e+01
 1.00000000e+00]","[ 0.54069065 -0.64599536 -0.01604063 -0.21418175  0.01172256  0.40975144
  0.18075569  0.01229207  0.20821893]",1137.784578334802,218.3733884604403,2.4548656141978765e-07,0.0012550263386699402,102.85716905257347,235.78028469566857
337,"[3.14030002e+01 5.12423073e+03 1.25749271e+02 4.28583233e+02
 1.88140187e+03 2.94716221e+00 5.63305516e+03 6.60277277e+01
 1.00000000e+00]","[ 0.21978363 -0.06691767 -0.40889736 -0.72599563  0.47518003 -0.11084699
  0.05138325 -0.09075641 -0.06316952]",478.49915604630235,225.31863086664094,2.4548656141978765e-07,0.0012550263386699402,103.29037175820298,266.78502710909277
338,"[2.91738791e+01 1.70905049e+03 1.09660328e+03 7.15112957e+02
 2.65051641e+02 1.08049892e+01 3.90512817e+03 4.47981835e+01
 1.00000000e+00]","[-0.13658042 -0.15704584  0.60385075 -0.35409361  0.04047016  0.43147322
  0.03435345 -0.50083168  0.16384406]",263.8548176993307,234.8912977254438,2.4548656141978765e-07,0.0012550263386699402,103.52665075612781,242.07909802969039
339,"[8.09780645e-09 6.71695720e+03 1.08049717e+02 8.89241030e+02
 2.68061339e+03 1.01459312e+00 1.34614394e-05 6.38701730e+01
 1.00000000e+00]","[-0.20302749  0.06599098  0.39391353  0.09634531  0.2540004   0.31445639
 -0.23760945  0.68426136  0.31922385]",1296.7140758171288,219.98942387767352,2.4548656141978765e-07,0.0012550263386699402,103.31772088739675,236.14358416424193
340,"[6.16924641e+00 7.78516830e+03 9.55738534e+01 3.59580979e+02
 3.65584191e+02 2.68226077e-02 1.57127530e+04 3.92324975e+01
 1.00000000e+00]","[ 0.35240141  0.25686178  0.6618152  -0.46754364 -0.13790154  0.08734875
  0.1643671  -0.14862054  0.27836596]",4423.7136367829635,205.53913975602518,2.4548656141978765e-07,0.0012550263386699402,102.37826971138408,204.26569583752143
341,"[3.09210000e+01 2.95004703e+03 9.55920198e+02 1.37335700e+02
 1.75753947e+02 2.32698037e+01 3.21913408e-06 8.85881520e+01
 1.00000000e+00]","[-0.44665647 -0.05089147  0.35656829 -0.40297369 -0.32404161  0.48516787
 -0.13599424  0.38097631  0.06596287]",109.71897528923625,213.02073623062736,2.4548656141978765e-07,0.0012550263386699402,102.99026120503125,209.22010997826237
342,"[2.20152009e+01 5.64230358e+03 3.56821876e+02 4.11395300e+02
 3.18742563e+02 7.48927196e+00 4.05275531e+02 6.94159041e+02
 1.00000000e+00]","[ 0.11833324  0.04341984  0.30577507 -0.0282946  -0.32835767  0.6212175
  0.01205159  0.59056836 -0.2171792 ]",659.6663324674827,248.82553169123787,2.4548656141978765e-07,0.0012550263386699402,103.23007040295532,225.36078760510873
343,"[3.14030000e+01 1.12127520e+03 5.48583907e+01 2.34909059e+03
 1.78328350e+02 5.81552229e+00 1.07848773e+04 6.15982478e+01
 1.00000000e+00]","[ 0.1568816  -0.52414687 -0.16084009  0.16320418  0.58385781  0.46431919
  0.10382942  0.05386876  0.27926411]",1021.9753134348338,237.6195885552463,2.4548656141978765e-07,0.0012550263386699402,101.78376478462225,253.6508631029179
344,"[1.90388124e+01 3.62400715e+03 6.60791549e+01 1.03047267e+03
 9.17495565e+01 6.14636155e+00 1.77753165e+04 5.80668365e+01
 1.00000000e+00]","[ 0.49541318 -0.33985352 -0.39006797 -0.31311625 -0.28774629 -0.22195019
  0.3472885   0.31759438  0.18797673]",4593.395333219562,215.15514596764297,2.4548656141978765e-07,0.0012550263386699402,102.26760868562009,233.79266021708742
345,"[2.23052779e+01 1.01879007e+04 2.91771303e+02 1.96695347e+02
 2.13060725e+02 4.84959018e+00 3.94960954e+03 4.96910053e+01
 1.00000000e+00]","[ 0.46800417  0.21686524  0.24901045 -0.14907952 -0.75850082 -0.26217423
  0.02464738  0.0073374  -0.07064351]",2197.9346583540723,233.73201808876274,2.4548656141978765e-07,0.0012550263386699402,101.53441439269255,236.427577994447
346,"[2.76200001e+01 1.16928003e+02 1.08654406e+02 2.20912691e+03
 5.77134860e+01 1.70340486e+01 3.51875742e+03 1.03581581e+02
 1.00000000e+00]","[ 0.18067749 -0.70784189  0.05437777  0.02150121 -0.42183864 -0.05584318
  0.04747253  0.43791503  0.29632203]",163.03462537876982,205.3356546863437,2.4548656141978765e-07,0.0012550263386699402,102.17012362982942,225.39896782735312
347,"[4.91187436e-01 3.35660880e+03 6.06028275e-09 2.58591929e+03
 1.29794980e+03 1.85218232e-09 6.83951043e+03 4.12115535e+01
 1.00000000e+00]","[ 0.07114381  0.04700388 -0.3855678   0.33887677  0.35621061 -0.04886682
  0.05426844  0.74020114  0.22161328]",1898.3560440454632,226.57308921404683,2.4548656141978765e-07,0.0012550263386699402,100.71275340760613,206.93192112087428
348,"[6.15206861e+00 3.71939078e+03 1.78173588e+02 1.24019115e+03
 1.27984296e+02 2.50483237e+00 1.72930050e+04 4.15374014e+01
 1.00000000e+00]","[ 0.36308243  0.01849828  0.53914837  0.16058118 -0.19970792  0.65256526
  0.06439967 -0.25875236 -0.12056909]",1445.1199027246967,239.43146257725448,2.4548656141978765e-07,0.0012550263386699402,101.31112853992337,213.081366855517
349,"[2.76200000e+01 1.93125209e+03 1.54027676e+02 1.55702318e+03
 2.23821788e+03 1.16635147e+01 5.08792527e+02 5.90575777e+01
 1.00000000e+00]","[-0.03490844 -0.46182861  0.17764046 -0.26550712  0.79492746 -0.06354871
  0.06989227 -0.14543569 -0.14649571]",526.3939264216705,224.20790241720465,2.4548656141978765e-07,0.0012550263386699402,99.46857571854562,225.63055522493232
350,"[1.91766168e+01 1.01879007e+04 1.84981569e-08 5.97232279e-08
 1.29601121e+03 1.01105492e+01 3.22470320e-05 5.94321138e+01
 1.00000000e+00]","[-0.10533079  0.1253965  -0.56968745 -0.64687494  0.13505856  0.36917205
 -0.14132321 -0.23475336  0.02408256]",1440.3493116770223,212.34352294270275,2.4548656141978765e-07,0.0012550263386699402,100.71980162021984,208.11919464122795
351,"[2.63061583e+01 2.65588303e+03 2.78400000e+01 1.83148062e+03
 4.65650730e+02 4.00014643e+00 2.22866740e-05 7.82376981e+02
 1.00000000e+00]","[-0.02704213 -0.05435889 -0.2636669   0.05647088  0.23894367  0.14650177
 -0.01026087  0.81399555 -0.42702898]",699.2772841774267,217.69193870629533,2.4548656141978765e-07,0.0012550263386699402,100.2580402565717,216.42032467083789
352,"[3.74635029e+01 1.10412965e+03 2.01665715e+02 1.64844250e+03
 1.73473891e+03 1.60624358e+01 2.37974475e-08 6.89167008e+01
 1.00000000e+00]","[ 0.43492213 -0.4177558   0.10781832 -0.17539899  0.48819799  0.26723732
 -0.37357113 -0.37752753 -0.04580127]",112.77002226984317,230.0509770583069,2.4548656141978765e-07,0.0012550263386699402,100.09225746985629,225.1885703169346
353,"[2.61887888e+01 7.41841950e+02 1.13521267e+03 1.51982464e+03
 1.69814597e+02 9.53110959e+00 6.61861751e+02 4.94305938e+01
 1.00000000e+00]","[-0.01315588 -0.09307782  0.47656549  0.04886667 -0.60012037  0.37779922
  0.01592067 -0.39362543 -0.32185348]",438.32832525723785,228.1614936781727,2.4548656141978765e-07,0.0012550263386699402,100.12732020537167,209.57513463694886
354,"[2.14079930e+01 4.35949133e+03 1.24538272e+02 1.08881488e+03
 2.35853813e+03 1.03457722e+00 4.66361193e+03 4.30134296e+01
 1.00000000e+00]","[ 0.1184309  -0.0456849   0.4608797  -0.01388165  0.80269278 -0.17891164
  0.09460709 -0.06982753 -0.28483813]",2176.5738984873133,220.40955952712602,2.4548656141978765e-07,0.0012550263386699402,99.26214770242781,206.61422947438496
355,"[3.82510000e+01 4.97857734e+03 2.40090517e+02 2.71288835e+02
 1.68104169e+02 5.23535360e+00 1.52532657e+04 5.34355149e+01
 1.00000000e+00]","[ 0.26511797 -0.07115129 -0.45899453 -0.74069162 -0.26290428 -0.18522252
  0.05360678 -0.23848365 -0.04664473]",104.4905475287341,219.86190418360258,2.4548656141978765e-07,0.0012550263386699402,99.87664211530314,211.2824348657159
356,"[1.06065596e-07 2.09346044e+03 4.06195897e+02 2.76348641e+03
 1.32311277e+02 1.30776829e+00 8.06741958e+03 4.09352010e+01
 1.00000000e+00]","[-0.25751922  0.05219747  0.69745777  0.32484114 -0.56294827  0.04404258
  0.04124688  0.06797103 -0.11755126]",1551.2658183757703,233.52460273859174,2.4548656141978765e-07,0.0012550263386699402,100.34544961869143,211.06886626981208
357,"[6.78938448e+00 1.00480697e+04 1.95715376e+02 1.43575580e+03
 2.15961506e+02 3.84058228e+00 8.07821603e-05 4.11265299e+01
 1.00000000e+00]","[ 0.18864427  0.1238084   0.59380894  0.26253477 -0.52595356  0.4761656
  0.01532311  0.02511149  0.15272537]",1627.8980696155104,239.41622814042512,2.4548656141978765e-07,0.0012550263386699402,99.48155238257459,213.3310312454825
358,"[1.60284322e+00 7.06588565e+03 3.49708652e+02 4.92358888e+02
 4.55811632e+02 3.59975945e-08 9.47450395e+03 2.77429272e+02
 1.00000000e+00]","[ 0.41599665  0.06529652  0.45988105  0.12687189  0.12607332 -0.38968075
  0.03228058  0.65132986 -0.04558412]",1229.2959055400772,267.20736190414414,2.4548656141978765e-07,0.0012550263386699402,99.23743553965723,202.43133522590642
359,"[2.54146175e+01 2.04694761e+03 1.29463410e+02 1.60938014e+03
 7.60446267e+01 1.14323999e+01 3.22702564e-05 7.38885403e+02
 1.00000000e+00]","[-0.17392787 -0.01363538  0.23933108  0.03695545 -0.55573602  0.01221995
 -0.03694093  0.7291773   0.26241587]",555.0485977836812,207.92512337960886,2.4548656141978765e-07,0.0012550263386699402,99.73233755699277,208.3758215335251
360,"[1.32160425e+01 5.67223567e+03 4.04286744e+01 1.43016207e+03
 2.69218330e+03 2.54518428e+00 3.59568735e-06 4.31456903e+01
 1.00000000e+00]","[ 0.63403002  0.08701668  0.29185713  0.26702485  0.34578012  0.26098057
 -0.06401816 -0.49180643  0.01745117]",1806.0125130626714,199.79227177692155,2.4548656141978765e-07,0.0012550263386699402,99.35403098428799,218.98616707153565
361,"[3.80840000e+01 1.03866700e+03 8.50966282e+02 7.75380350e+02
 6.39950024e+02 1.69460332e+01 1.23325962e-06 7.56651885e+01
 1.00000000e+00]","[-0.38099259 -0.37161844  0.30131411 -0.58895281  0.32500009  0.32079527
 -0.2233432  -0.14360609  0.00701591]",-398.1907626693672,202.21973659014947,2.4548656141978765e-07,0.0012550263386699402,100.06875385351027,240.8724140195152
362,"[2.76200000e+01 1.19410072e+03 6.26745503e+02 1.61984707e+03
 1.21966851e+03 6.89468289e+00 2.53656219e+03 4.64570967e+01
 1.00000000e+00]","[-0.10878807 -0.24527515  0.49919844  0.0271915   0.41098678  0.64991999
  0.04980185 -0.28923479  0.02497348]",679.6905746059796,223.45028258286732,2.4548656141978765e-07,0.0012550263386699402,99.77472117958818,211.36053419418386
363,"[1.19458076e-07 1.01879006e+04 4.00324286e+01 1.33631127e+03
 6.45569052e+02 4.93695903e+00 4.07478772e+03 4.26271605e+01
 1.00000000e+00]","[0.32661985 0.12454858 0.47914177 0.28451745 0.24329492 0.57259722
 0.03497637 0.18266388 0.38161587]",1978.853585241395,218.36397971713336,2.4548656141978765e-07,0.0012550263386699402,99.081517857464,204.8883187205256
364,"[2.48800000e+01 3.13877806e+02 1.55749026e+02 2.74565779e+03
 1.45836829e+02 1.01233768e+01 4.54091224e+03 7.22922566e+01
 1.00000000e+00]","[-0.36005311 -0.70407852  0.33003246  0.18273475  0.15536066  0.23098476
  0.08280192 -0.38276708  0.03826344]",696.5356532455681,199.07726912201383,2.4548656141978765e-07,0.0012550263386699402,98.15440084847388,226.2676834490403
365,"[1.14034000e+02 3.06562702e+03 3.74283981e+02 5.22371345e-08
 8.05557332e+01 3.63285263e+01 1.04624995e-05 8.83997013e+01
 1.00000000e+00]","[-0.33539545 -0.08716369 -0.37541555 -0.68866125 -0.22708916 -0.13955144
 -0.27213417 -0.31885753  0.13397763]",-497.3858550957329,211.7911411139172,2.4548656141978765e-07,0.0012550263386699402,98.80405207810128,211.01658989885658
366,"[3.14030000e+01 4.52813687e+03 3.84852297e+02 2.21819714e+02
 6.04214612e+02 3.35675134e+00 1.29577973e+04 5.05125928e+01
 1.00000000e+00]","[-0.23119873 -0.10682841  0.44158163 -0.71381272  0.28959631  0.37407885
  0.05375322  0.04899973 -0.03899387]",395.8054018275107,219.2430032731355,2.4548656141978765e-07,0.0012550263386699402,98.39139644052776,228.56952036926577
367,"[3.77979936e+01 1.35750039e+03 6.69333256e+02 1.36480897e+03
 2.91491498e+02 5.95753482e+00 1.01884402e-04 4.88761942e+02
 1.00000000e+00]","[ 0.40485683 -0.11006613  0.26770885 -0.02246971  0.21775548  0.42105992
  0.00922337  0.64556669  0.33204392]",396.25035444473025,224.75471243915104,2.4548656141978765e-07,0.0012550263386699402,98.93737626987213,218.80331784673265
368,"[3.14030000e+01 2.45098802e+03 8.62381108e+01 9.80622639e+02
 1.02878214e+03 8.94828957e+00 9.91968322e+03 7.76537828e+01
 1.00000000e+00]","[ 0.11092909 -0.16058002 -0.46075216 -0.3398151   0.29317118 -0.18572829
  0.04019696  0.71302517 -0.0606375 ]",-9.064040413763307,216.33997922840817,2.4548656141978765e-07,0.0012550263386699402,97.78529564658338,202.08375616243205
369,"[1.14034000e+02 2.05126968e+03 7.26137503e+01 7.26863288e+02
 1.22334528e+03 2.41243490e+01 1.00684968e-04 9.39749299e+01
 1.00000000e+00]","[-0.2252708  -0.17077099 -0.63526415 -0.47743529  0.16746966  0.32567982
 -0.14052325 -0.06610308 -0.36104777]",-562.9880451536144,194.2142534369135,2.4548656141978765e-07,0.0012550263386699402,98.56110009576331,200.85089520414738
370,"[2.16861116e+01 4.56833208e+03 2.96900000e+01 1.07337328e+03
 1.75445438e+03 7.00338762e-01 9.49086175e+03 4.00308069e+01
 1.00000000e+00]","[ 0.10021725 -0.05314281 -0.34322809 -0.0108508   0.73396985  0.5053197
  0.1006851  -0.00123811 -0.2549712 ]",1980.9162573689366,207.23492011238136,2.4548656141978765e-07,0.0012550263386699402,98.09500745901217,212.163712880003
371,"[2.44577574e+01 4.93391845e+02 2.65070414e+02 2.63967542e+03
 1.01185123e+03 8.05177749e+00 8.46546106e-05 6.07604272e+01
 1.00000000e+00]","[-0.32538709 -0.48208335  0.34900805  0.15975482  0.42337173  0.52268438
  0.0078876  -0.22444856 -0.10727863]",687.2512303326785,198.9075896368921,2.4548656141978765e-07,0.0012550263386699402,98.15686751835659,207.6372609081934
372,"[5.94300000e+00 5.05752321e+03 3.63506327e+02 5.78321229e+02
 3.66832927e+02 1.80346676e-10 1.60990558e+04 3.91523556e+01
 1.00000000e+00]","[ 0.17986121  0.03823654  0.78500448  0.15647337  0.31386326  0.42077566
  0.08193447 -0.05384464 -0.20074153]",2002.1910931105551,223.04441980294246,2.4548656141978765e-07,0.0012550263386699402,97.7754540688443,199.51009008415895
373,"[8.59275931e+00 6.07346918e+03 2.77311749e+02 3.24729361e+02
 2.59280880e+02 9.74752154e-01 1.66216930e+04 4.07952128e+01
 1.00000000e+00]","[ 0.19797026  0.08678271  0.50202998 -0.60915429 -0.07916024 -0.15001867
  0.15797186  0.51133248  0.12241544]",3096.252927242964,188.72871634841113,2.4548656141978765e-07,0.0012550263386699402,97.83702353692567,216.6569274760809
374,"[3.14030000e+01 6.67864405e+03 5.39329552e+01 4.17331584e+02
 2.38958055e+03 5.76576227e+00 1.34615317e+03 6.05268094e+01
 1.00000000e+00]","[ 0.4193452   0.00621091 -0.40939058 -0.60678974  0.45165647  0.18276127
  0.04395917 -0.1838816  -0.1231929 ]",907.5830767993704,202.04623857588786,2.4548656141978765e-07,0.0012550263386699402,98.77904936576718,209.23035479500936
375,"[1.04945393e-08 4.03534468e+03 3.72235949e+01 3.67995508e+03
 6.64576295e+02 4.41283153e+00 1.68481209e-04 3.99873041e+01
 1.00000000e+00]","[0.32409841 0.17692331 0.35549481 0.65909371 0.46593433 0.03014743
 0.03191121 0.23229798 0.17289572]",3471.858407852163,194.01597418250594,2.4548656141978765e-07,0.0012550263386699402,98.05974932509085,196.18559630351342
376,"[2.88991504e+01 7.52496119e+03 7.17428866e+01 4.97312961e+02
 2.50328898e+03 3.36495284e+00 1.06341590e-05 5.98225357e+01
 1.00000000e+00]","[ 0.64539738  0.09049762 -0.12617293 -0.31882598  0.48573682  0.43291737
 -0.15770451  0.09730998 -0.00226817]",1755.2496554232666,195.42227510630414,2.4548656141978765e-07,0.0012550263386699402,97.95622858938069,225.6461617972534
377,"[1.07074000e+02 2.48429246e+03 4.05119523e+02 4.88213804e+02
 1.62004542e+03 1.69996259e+01 3.88351511e-05 6.70367771e+01
 1.00000000e+00]","[ 0.39710411 -0.25550921  0.11420179 -0.64551156  0.39574736 -0.0087452
 -0.09477533 -0.09297482 -0.41590506]",-226.79097197294132,197.20535803281376,2.4548656141978765e-07,0.0012550263386699402,98.79809379883277,212.22791504994484
378,"[1.07759115e+01 2.32864492e+03 3.34133985e-10 3.82269669e+03
 2.83318041e+02 1.21417076e-10 4.99672901e+03 3.90458493e+01
 1.00000000e+00]","[ 0.37934577  0.03847159 -0.47679155  0.71084452  0.00992547  0.21166195
  0.07310245  0.25747111  0.07383743]",3189.229689113221,209.83259057674377,2.4548656141978765e-07,0.0012550263386699402,97.0927963271325,212.98188549586052
379,"[5.08588554e+01 5.54736346e+01 5.72099514e+01 2.28779609e+03
 4.47885342e+02 1.76697493e+01 3.21642744e-04 1.02800619e+02
 1.00000000e+00]","[ 0.53950261 -0.68987466 -0.23071616 -0.05928235  0.22749397  0.07520319
 -0.14091901 -0.00950075 -0.31449657]",-57.72774742752729,201.85605683089,2.4548656141978765e-07,0.0012550263386699402,97.437691034722,224.16861815423636
380,"[5.94300002e+00 6.33022526e+03 5.86288326e+01 6.08033851e+02
 2.79648857e+02 2.44054584e-01 1.79368393e+04 3.96733311e+01
 1.00000000e+00]","[-0.10321991  0.42175715 -0.24650024 -0.5045461   0.20406907  0.38295976
  0.52298867 -0.13258664 -0.12937811]",11780.506598239559,200.0174008987815,2.4548656141978765e-07,0.0012550263386699402,97.73372843997079,219.28919496198228
381,"[6.64387166e+01 1.01879007e+04 2.13331544e-06 4.69232642e+02
 1.18693871e+02 1.74698447e+01 6.87526635e-03 4.51410576e+01
 1.00000000e+00]","[ 4.73817881e-01  1.53070508e-01 -1.36491959e-01 -9.22380172e-02
 -5.29465843e-01  2.60795296e-01 -3.06092555e-05 -4.76009911e-01
  3.87291140e-01]",1468.277299545441,201.05845065552103,2.4548656141978765e-07,0.0012550263386699402,96.42821741154191,203.30736977032564
382,"[9.69754395e+00 3.16856616e+03 2.92537555e+01 1.61398653e+03
 1.23942040e+02 3.99993813e+00 1.70356425e+04 4.73541855e+01
 1.00000000e+00]","[ 0.09254075 -0.1958379  -0.49714193  0.52368392  0.19485024  0.43642942
  0.25687647  0.36613693  0.05665473]",4630.393937812499,208.7533558128007,2.4548656141978765e-07,0.0012550263386699402,96.13489238050144,206.06743436152328
383,"[2.47868242e+01 5.14600630e+02 5.22086711e+01 3.45416574e+03
 1.09581518e+02 1.00558882e+01 3.30704534e+03 7.33354773e+01
 1.00000000e+00]","[ 0.44868403 -0.30824656 -0.29435124  0.24251991 -0.66366335  0.19741347
  0.04140079 -0.25463676  0.11060339]",722.4447664064493,206.17702970270943,2.4548656141978765e-07,0.0012550263386699402,96.16882354318362,210.3237030156381
384,"[4.11542611e+01 4.67787737e+03 3.94242904e+02 8.77761749e+00
 2.29013512e+02 1.83674524e+01 3.89495977e+02 4.66812766e+02
 1.00000000e+00]","[ 0.11159011 -0.04648342  0.14823748 -0.66062505 -0.34261465  0.04589862
  0.01344487  0.63139368  0.0930425 ]",62.24357839695487,203.86482925910312,2.4548656141978765e-07,0.0012550263386699402,95.46365618302694,255.31484006679227
385,"[2.85106696e+01 1.44048212e+03 5.44028599e+01 2.38109716e+03
 2.34261490e+02 4.86724540e+00 5.09071417e+03 4.52911053e+02
 1.00000000e+00]","[ 0.20317166 -0.11036798 -0.09983244  0.10627075  0.21660856  0.30809853
  0.0389475   0.80948739 -0.35587848]",711.2024140386811,223.8034161580308,2.4548656141978765e-07,0.0012550263386699402,95.76442474592183,204.51042212451375
386,"[2.92809842e+01 3.73046101e+03 3.26813619e+02 5.86586413e+02
 1.79726705e+03 5.44486893e+00 5.82617285e+03 5.13416584e+01
 1.00000000e+00]","[-0.4719581  -0.1928212   0.26229831 -0.47686462  0.59687714  0.28114643
  0.07430343 -0.0401645  -0.03788724]",577.9520295738865,205.0516708816432,2.4548656141978765e-07,0.0012550263386699402,95.42985986917911,208.9178090342541
387,"[5.99309074e+00 4.86827343e+03 1.14814663e+01 1.47262560e+03
 5.03589329e+02 1.41662508e-08 1.57851628e+04 3.91323100e+01
 1.00000000e+00]","[ 0.51081619  0.12552029  0.01847126  0.53645866  0.53790713 -0.21649654
  0.11243073 -0.28085218  0.08630726]",3439.0609255500344,227.27914969470157,2.4548656141978765e-07,0.0012550263386699402,95.87404770516814,221.82789473105987
388,"[3.01250942e-01 5.80901648e+03 9.49898329e-09 1.27790977e+03
 2.49447184e+02 3.05596310e+00 4.73772291e+03 5.88686468e+02
 1.00000000e+00]","[-0.0847804   0.05927903 -0.43580769  0.09656333 -0.35942465  0.3042856
  0.02370177  0.6571424  -0.36860784]",877.7736262100897,197.7899389874583,2.4548656141978765e-07,0.0012550263386699402,95.15576424590779,224.97592377792978
389,"[2.73507878e+01 1.43874354e+03 5.15381472e+01 2.62924016e+03
 1.90217593e+03 7.01622527e+00 7.81084940e-05 4.58988232e+01
 1.00000000e+00]","[-0.12999842 -0.27394186 -0.40223799  0.23338317  0.52297792  0.61495644
  0.01595962  0.14669005 -0.13543691]",1200.910303616586,194.88637998657168,2.4548656141978765e-07,0.0012550263386699402,95.13460999060932,215.49024212865166
390,"[4.52110000e+01 5.48129332e+03 4.92925528e-08 1.61867830e+02
 1.23767902e+03 7.46313015e+00 5.49181367e+03 1.08577725e+02
 1.00000000e+00]","[ 0.04757268 -0.07423332 -0.69011481 -0.54858698  0.224013    0.28854118
  0.02519098  0.28016464  0.04955293]",-45.319365951429546,230.8768179837782,2.4548656141978765e-07,0.0012550263386699402,95.74309997672691,199.0668730983541
391,"[5.54716640e-10 1.01487722e+04 1.32539455e+01 1.02679801e+03
 3.15976030e+02 1.82907733e-10 6.80792023e+03 4.10709969e+01
 1.00000000e+00]","[-0.15675938  0.32407416 -0.22418676  0.54577559 -0.68776398  0.02575353
  0.0981664   0.00933119 -0.19714333]",4297.562927828809,198.33254809335904,2.4548656141978765e-07,0.0012550263386699402,95.61723679926372,231.07018832180324
392,"[1.83338321e+01 1.84900267e+03 1.03247728e+03 1.71467085e+03
 2.60420602e+02 1.81962853e-10 4.95859446e+03 3.90839351e+01
 1.00000000e+00]","[ 0.58481591 -0.00461485  0.71986021  0.22053802  0.09347448  0.1982346
  0.04075784 -0.10412347 -0.17491707]",1345.7782941064934,228.98075631422103,2.4548656141978765e-07,0.0012550263386699402,95.73608689433624,209.20645469604034
393,"[2.73810000e+01 3.54487786e+03 5.59942574e+00 1.04811533e+03
 4.03993316e+02 3.41537197e+00 1.69998692e+04 4.90268630e+01
 1.00000000e+00]","[ 0.60403525 -0.14643574 -0.55609872 -0.14050722  0.42361718  0.15134984
  0.08788344 -0.08013627  0.26116339]",1009.0553426599637,195.11931254591138,2.4548656141978765e-07,0.0012550263386699402,94.64810555381436,211.1879415006415
394,"[1.41731784e-09 1.01879007e+04 4.70472652e+02 7.96533088e+02
 5.82658903e+02 4.09791084e+00 2.13239854e-06 5.12000206e+01
 1.00000000e+00]","[ 0.41144715  0.18408142  0.65848405  0.19272093  0.12858898  0.16781204
 -0.07396573  0.46254491 -0.2489336 ]",2437.7550963088356,205.480406999985,2.4548656141978765e-07,0.0012550263386699402,95.4191807248768,194.40885300552873
395,"[2.87245706e+01 4.23234300e+03 7.60701667e+02 4.53994439e+02
 1.69657934e+03 4.28529486e+00 1.13488849e+03 6.01563959e+01
 1.00000000e+00]","[ 0.2554316  -0.02005076  0.64336601 -0.18271735  0.33169346  0.47282912
  0.03537855  0.2958554  -0.25431719]",951.3968738620155,206.0132664031412,2.4548656141978765e-07,0.0012550263386699402,94.99187447811991,201.92817521990307
396,"[2.57520375e+01 4.54402114e+03 3.29377610e+02 5.16070222e+02
 2.53455625e+03 8.42437830e+00 1.07773233e-03 5.10751660e+01
 1.00000000e+00]","[-0.37526959 -0.06487077  0.41258656 -0.35262179  0.64158634 -0.23206968
 -0.1774833  -0.22264196  0.11762478]",1262.4086596581212,214.30189885766504,2.4548656141978765e-07,0.0012550263386699402,95.41329384996037,194.58134376755288
397,"[6.15990698e+00 5.50960459e+03 2.87808162e+01 1.13489294e+03
 1.46337016e+02 1.66728669e+00 1.66623243e+04 4.05252480e+01
 1.00000000e+00]","[ 0.31414625  0.10431768  0.16604086  0.24796313 -0.84637667  0.17092084
  0.04943675  0.11291473  0.20152805]",1567.8119474177984,205.49865799038912,2.4548656141978765e-07,0.0012550263386699402,94.32660843573228,204.07985405091733
398,"[3.24430588e-09 9.80125785e+03 2.22367065e+02 6.50803849e+01
 5.66586948e+02 1.56252655e-01 9.20641769e+03 4.84097305e+01
 1.00000000e+00]","[ 0.00291651  0.33751129  0.39047925 -0.68125001  0.37237348  0.2624725
  0.10883985  0.15489026 -0.16158922]",4570.913553174061,198.27714397150157,2.4548656141978765e-07,0.0012550263386699402,94.05941616936595,188.97561734658075
399,"[3.47830000e+01 2.18124374e+02 5.12208475e+02 1.96150522e+03
 1.46109879e+02 1.14206214e+01 3.13909669e+03 7.65131418e+01
 1.00000000e+00]","[ 0.39517714 -0.72262868  0.29389067 -0.02438588  0.31629321  0.04709735
  0.06741909 -0.34497589  0.09414434]",190.9082340432294,185.50771371412296,2.4548656141978765e-07,0.0012550263386699402,93.95504445062532,230.2655875830444
400,"[2.22689552e+01 6.33683867e+03 9.75987556e+01 4.60652578e+02
 1.04653414e+03 2.68417098e+00 8.29306124e-06 6.00856090e+02
 1.00000000e+00]","[-4.66390379e-02 -7.50724933e-04 -8.21333755e-02 -2.66097706e-01
  2.63801443e-01  4.19414136e-01 -1.96554303e-01  7.90366676e-01
  1.07041399e-01]",615.8161302192652,213.47345816628751,2.4548656141978765e-07,0.0012550263386699402,94.02540794827783,199.74047086608994
401,"[2.95947796e+01 1.49747555e+03 6.84104751e+02 8.99776218e+02
 9.32402501e+02 1.28574369e+01 4.05826950e+03 5.93638607e+01
 1.00000000e+00]","[-0.36781135 -0.3683168   0.34231578 -0.36418051  0.48382811  0.3681264
  0.0565684   0.05714723 -0.32121258]",32.56496231827685,198.7974687702426,2.4548656141978765e-07,0.0012550263386699402,93.88795724334788,189.48370001468032
402,"[109.58558236 971.83650951 874.09078527 591.7815202  239.09396359
  16.8926071  114.6637671   77.49872838   1.        ]","[ 0.31106621 -0.39211218  0.33196307 -0.6201235   0.32982188 -0.06014811
  0.03022939 -0.26089838  0.27083421]",-362.4322023301214,185.20565446450686,2.4548656141978765e-07,0.0012550263386699402,94.0797773068847,198.74144517723582
403,"[9.30630000e+01 2.55747237e+03 5.90426373e+02 3.90863195e+02
 1.48382830e+02 1.08761123e+01 9.49398057e+03 5.98478344e+01
 1.00000000e+00]","[ 0.30694758 -0.2160502   0.44003244 -0.78151633 -0.02583709  0.15493967
  0.060242    0.0345616   0.15878195]",2.37876658015598,215.12972292801305,2.4548656141978765e-07,0.0012550263386699402,93.91133975697957,204.84750433142938
404,"[6.18111545e+01 2.41262739e+03 9.71604216e+02 7.37263037e+02
 5.39469681e+01 2.45408155e+01 3.88400276e-05 4.92127665e+01
 1.00000000e+00]","[ 0.30368385 -0.00819847  0.30953533 -0.03831759 -0.82197735  0.14444764
  0.00219028 -0.3245867  -0.09249506]",214.62226535473465,191.37442571005224,2.4548656141978765e-07,0.0012550263386699402,93.97525643063122,204.56282606332985
405,"[2.50727933e+01 2.10000092e+03 4.82772004e+02 1.57712761e+03
 3.42544283e+02 9.39793780e-01 1.19962474e+04 3.92492971e+01
 1.00000000e+00]","[ 0.49310343 -0.16306953  0.65925993  0.17027602  0.43685489  0.21737836
  0.07782553  0.13541517  0.06442152]",1345.5766218579288,224.95823231611553,2.4548656141978765e-07,0.0012550263386699402,93.84230156614804,229.07907566767335
406,"[1.14034000e+02 2.76005297e+03 6.69487627e+01 6.74332988e+02
 1.36711086e+02 1.75855427e+01 1.63768910e+02 5.46546935e+02
 1.00000000e+00]","[ 0.10218135 -0.11151621 -0.56164526 -0.47454438 -0.09448201 -0.00317983
  0.0079704   0.52858281  0.38481823]",-376.128112615407,197.74004589012824,2.4548656141978765e-07,0.0012550263386699402,93.76603676593601,195.86963829181786
407,"[3.85659980e+01 3.04186540e+02 5.63101517e+01 2.62399084e+03
 8.76273703e+02 1.28789991e+01 3.85849005e-06 7.92783633e+01
 1.00000000e+00]","[ 0.5599956  -0.57425467 -0.09936283  0.09674251  0.41504221 -0.08082746
 -0.21316479 -0.31703695  0.11251509]",432.8005093530517,200.2439380266983,2.4548656141978765e-07,0.0012550263386699402,93.97945147460733,213.2473281773
408,"[2.76200000e+01 2.54314727e+03 5.56369529e+02 1.08673658e+03
 1.90328870e+03 4.68788249e+00 2.05952030e+03 4.78866018e+01
 1.00000000e+00]","[ 0.15638479 -0.13183808  0.62305633 -0.05603503  0.50246724  0.36515887
  0.06156697  0.32858188  0.26315876]",1055.6382426883483,212.94338850114025,2.4548656141978765e-07,0.0012550263386699402,93.65579286391129,193.60001228591983
409,"[1.85079737e+01 3.24626481e+03 2.54006993e-07 2.82173281e+03
 2.01431105e+02 2.97414238e+00 7.35514226e-05 5.32270732e+02
 1.00000000e+00]","[ 0.26018108  0.05587026 -0.13122937  0.25013106 -0.39156583 -0.1361634
 -0.022193    0.76900918 -0.29268704]",1221.737988376194,203.27342447381398,2.4548656141978765e-07,0.0012550263386699402,93.88635199341321,184.15914927403264
410,"[9.75800179e+00 4.62800648e+03 6.43189318e+01 7.99827042e+02
 1.86642982e+02 3.91735605e+00 1.83354528e+04 4.99119690e+01
 1.00000000e+00]","[-0.09802493 -0.18310296 -0.48992614 -0.51882751  0.51866954 -0.01794741
  0.28467939  0.31165874 -0.01187765]",4037.1628685770374,202.73256333833206,2.4548656141978765e-07,0.0012550263386699402,94.11902639618687,198.6550337768383
411,"[3.85660000e+01 3.98741945e+02 5.72320727e+01 1.91205308e+03
 6.54108047e+01 1.74639464e+01 5.48661260e-06 4.39054559e+02
 1.00000000e+00]","[-0.04128675 -0.44775784 -0.32786395 -0.19987318  0.23647458  0.07754574
  0.00249932  0.76673019 -0.02343619]",-227.62935898153137,189.75193801198617,2.4548656141978765e-07,0.0012550263386699402,92.02013744504418,201.66739032429996
412,"[1.51281356e-01 7.73995781e+03 1.13013979e+01 6.32527799e+02
 3.80895819e+02 6.67940873e-10 1.59051400e+04 4.08346451e+01
 1.00000000e+00]","[ 0.61974931  0.42538323 -0.08950133  0.47133432 -0.16348176  0.08192736
  0.22276857  0.01997957 -0.34832453]",7071.02585776211,184.11240984248707,2.4548656141978765e-07,0.0012550263386699402,92.28093016261519,182.5360129620118
413,"[8.32859149e+00 6.86352584e+03 1.62690573e+01 6.42732214e+02
 1.30297818e+03 2.45126723e-01 1.18187334e+04 4.13464227e+01
 1.00000000e+00]","[ 0.45211986  0.15556419 -0.13960351  0.03278722  0.80391782  0.07307379
  0.11769419  0.13863723 -0.25715255]",3534.263146776866,207.09323681733667,2.4548656141978765e-07,0.0012550263386699402,92.35924650602962,205.1243778791577
414,"[6.36277070e-10 2.13070644e+03 3.43201899e+01 3.45820246e+03
 1.28317853e+02 1.85305224e+00 7.82851750e+03 4.21834116e+01
 1.00000000e+00]","[-0.01653741  0.04241759  0.12193741  0.33134111 -0.65654976 -0.05265187
  0.03440872  0.63928335  0.17197277]",1452.572798019495,212.8975825123216,2.4548656141978765e-07,0.0012550263386699402,92.03884698536125,196.21585035605074
415,"[2.76200000e+01 5.03569304e+02 1.10001974e+03 1.71495843e+03
 2.62108365e+02 5.64266363e+00 1.36463804e-05 4.99891001e+01
 1.00000000e+00]","[ 0.39195761 -0.19057455  0.69392908  0.09912754  0.12364153 -0.12413571
 -0.27019107 -0.32684774 -0.32887258]",863.2330005202471,194.51717098035522,2.4548656141978765e-07,0.0012550263386699402,92.11852974292705,198.67179799364067
416,"[3.64022898e-08 5.32889271e+03 5.83115999e-08 2.99405862e+03
 4.54559374e+02 2.28532399e+00 5.33222547e+03 4.26494838e+01
 1.00000000e+00]","[ 0.08084039  0.11579711 -0.16004424  0.39494038  0.25880033  0.40672402
  0.04285056  0.74360142 -0.10621922]",2178.2115380652926,229.86663244086276,2.4548656141978765e-07,0.0012550263386699402,92.2650951940897,192.3504031284317
417,"[1.80969040e+01 1.28427461e+03 6.09633210e+01 3.73010059e+03
 8.32016777e+02 5.17423287e-01 1.46764965e+03 4.97975297e+01
 1.00000000e+00]","[ 0.03764368 -0.17575589  0.09429668  0.53237226  0.56825701  0.34667913
  0.06908882  0.43995116 -0.18424984]",2362.6142760072153,208.27825199880954,2.4548656141978765e-07,0.0012550263386699402,92.71028380445554,219.9826948420648
418,"[2.92310470e-08 1.01879007e+04 8.71030090e+01 5.61973061e+02
 4.50338796e+02 2.88642118e-01 9.08065275e+03 4.19861398e+01
 1.00000000e+00]","[-0.06454254  0.27034138  0.78661358  0.28863144 -0.14444869  0.05385312
  0.06256623 -0.28771321 -0.33199663]",3475.6255111871355,194.3454835252037,2.4548656141978765e-07,0.0012550263386699402,92.65942751040296,191.2041909918395
419,"[1.14034000e+02 6.22267832e+03 3.37226773e+02 6.87875060e-08
 1.62026142e+01 2.87412583e+01 4.90081671e-06 6.33821047e+01
 1.00000000e+00]","[ 0.35796269  0.01559786 -0.03205357 -0.23926631 -0.56021252  0.28455298
 -0.39684254 -0.49444058  0.12876201]",94.96265698315273,190.91196469278322,2.4548656141978765e-07,0.0012550263386699402,91.66182710916628,217.46266737996257
420,"[3.73506845e+01 9.75686549e+02 7.87824504e+02 1.27977002e+03
 1.44115416e+02 6.42533249e+00 6.95369712e+03 6.24512710e+01
 1.00000000e+00]","[ 0.08296594 -0.5125199   0.6927768  -0.19058225 -0.1045046   0.11563537
  0.08954518 -0.32151477 -0.28017116]",392.9183198661271,189.5058134219429,2.4548656141978765e-07,0.0012550263386699402,92.66564482355066,188.62597866462215
421,"[1.38726673e+01 9.19114008e+03 2.20620384e+01 3.12596282e+02
 4.68237523e+02 3.74230117e-02 1.26146484e+04 4.74357075e+01
 1.00000000e+00]","[ 0.35419491  0.26039346 -0.46775504 -0.50810356 -0.26721561  0.42632206
  0.08915693 -0.24265712  0.09894993]",3217.242753941484,182.6156229461376,2.4548656141978765e-07,0.0012550263386699402,92.11252926820671,185.05213078034285
422,"[1.31750164e+01 2.44745415e+03 5.71553275e+01 2.89170025e+03
 1.94777924e+03 1.66328438e+00 1.75261303e-05 4.70937887e+01
 1.00000000e+00]","[ 0.40372077  0.00082219  0.23927133  0.49799186  0.53908802  0.44583497
 -0.03184489  0.18207789  0.09061483]",2520.4814490584918,195.79585693561467,2.4548656141978765e-07,0.0012550263386699402,92.21261909614628,189.80437765604734
423,"[1.23427193e-08 3.84324082e+03 1.14465315e+03 1.22531908e+03
 1.89619020e+02 5.67060691e+00 1.74416536e-05 4.51210033e+01
 1.00000000e+00]","[-0.26304736  0.0551119   0.5309723   0.12069963 -0.55658961  0.40304374
 -0.21043488  0.24337324  0.23562504]",875.4453719349972,194.043416065649,2.4548656141978765e-07,0.0012550263386699402,91.14965212259084,185.55401098844663
424,"[3.74635029e+01 1.36822982e+03 1.60983020e+02 1.45508929e+03
 1.34926202e+03 1.11955284e+01 4.61738351e+03 7.88804011e+01
 1.00000000e+00]","[-0.00742013 -0.46805523  0.03117469 -0.30429334  0.55225617  0.21494511
  0.07141049 -0.53934658  0.20030097]",-43.50973425819653,192.71864756474324,2.4548656141978765e-07,0.0012550263386699402,92.24468016782572,184.08743406979102
425,"[2.06670935e-08 6.15668591e+03 1.88208231e+02 2.96094117e+03
 3.86481326e+02 3.03995434e+00 3.28201175e-04 3.90458496e+01
 1.00000000e+00]","[-0.18627793  0.13723351  0.86602934  0.42526217  0.092367   -0.03295659
  0.00702155 -0.07629046  0.01119938]",2299.7040508298796,198.25803105600426,2.4548656141978765e-07,0.0012550263386699402,91.97561919417977,193.53849167162616
426,"[3.14030000e+01 2.88987290e+03 1.03321558e+02 8.10971099e+02
 7.11740938e+01 9.22086993e+00 1.50312916e+04 9.85859315e+01
 1.00000000e+00]","[ 0.24229736 -0.11807311 -0.13733601 -0.28956768 -0.03694846  0.1445147
  0.04409695  0.85121732  0.27545408]",163.10224288936854,191.8831419200135,2.4548656141978765e-07,0.0012550263386699402,91.79005061944386,177.89763165064562
427,"[1.29308471e-08 6.86732745e+03 1.10625129e+00 1.81856776e+03
 3.33820727e+02 1.21992261e-08 1.09536189e+04 4.10888865e+01
 1.00000000e+00]","[ 0.05659402  0.26514462 -0.16198836  0.74956471 -0.35034596  0.12294501
  0.10714789 -0.25969845 -0.34874953]",4229.474876711467,200.1064085073749,2.4548656141978765e-07,0.0012550263386699402,91.14876174490625,211.01781471054915
428,"[3.80840000e+01 2.26440184e+03 3.86607544e+02 7.38749395e+02
 1.04303276e+02 1.45631128e+01 2.56876291e-07 6.17509959e+02
 1.00000000e+00]","[ 0.06571008 -0.09121048  0.2592145  -0.29326279 -0.25007791  0.23312023
 -0.14792874  0.78603375  0.27848094]",142.50506172620283,187.7463461784917,2.4548656141978765e-07,0.0012550263386699402,91.0105075380146,180.0627109946828
429,"[3.14030000e+01 6.73340245e+03 4.68964052e+02 1.55799271e+01
 2.33843940e+02 6.20203981e+00 1.05936596e+04 4.80593311e+01
 1.00000000e+00]","[ 0.37382943  0.04628311  0.46032997 -0.34359668 -0.44659032  0.51391701
  0.0230752  -0.23344081  0.09780788]",665.9917100575869,214.4305693624916,2.4548656141978765e-07,0.0012550263386699402,91.81226774933265,180.62289036404945
430,"[1.21096471e+00 6.24799690e+03 4.92268201e+00 9.40074941e+02
 1.99430430e+03 5.14846654e-02 7.22293891e+03 4.50751288e+01
 1.00000000e+00]","[ 0.35742609  0.15849398 -0.10021704  0.18612945  0.8492779   0.25712404
  0.10856454  0.0548818  -0.01595704]",3645.529736471067,181.38394691485018,2.4548656141978765e-07,0.0012550263386699402,90.98389822319484,197.3343884710368
431,"[4.55329356e+01 8.71928626e+02 6.36496137e+02 8.45614127e+02
 1.39531880e+02 1.47691099e+01 4.74328986e+03 9.47026867e+01
 1.00000000e+00]","[ 0.25207023 -0.56596932  0.2283175  -0.49095205  0.1628051   0.39872218
  0.05488224 -0.34839613  0.11445407]",-495.792067456951,210.17672536627077,2.4548656141978765e-07,0.0012550263386699402,91.05719935592232,193.73345429921528
432,"[3.25002978e+01 5.02471998e+03 8.79442481e+02 4.39660395e+01
 3.38187511e+02 6.61371933e+00 5.79613051e+03 7.36496650e+01
 1.00000000e+00]","[ 0.45169002  0.01538469  0.45107073 -0.26329969 -0.10900254  0.53323022
  0.02000035  0.4667398  -0.09211862]",593.9693947737333,187.67534625275312,2.4548656141978765e-07,0.0012550263386699402,91.25811326851506,183.0670440075669
433,"[4.52110000e+01 6.73279746e+03 1.36724902e+00 8.79239830e+01
 4.60828678e+01 3.52818097e+01 1.51104025e-07 1.69800150e+02
 1.00000000e+00]","[ 0.00275141  0.00933044 -0.41385327 -0.39457114 -0.6605307   0.08664452
 -0.05606255  0.39612419  0.26282884]",67.82888151331599,195.82633101103056,2.4548656141978765e-07,0.0012550263386699402,91.14054900361813,186.0514799713274
434,"[3.14030000e+01 6.45211936e+03 2.35343838e+01 1.45509344e+02
 1.00747089e+02 1.40748160e+01 8.30740062e+03 1.40964852e+02
 1.00000000e+00]","[ 0.01070743  0.01368007 -0.30499665 -0.37494729 -0.63933477  0.05981942
  0.01711024  0.58728235 -0.0925697 ]",188.13149941093621,192.06406186748515,2.4548656141978765e-07,0.0012550263386699402,91.15366366129109,195.31365198045023
435,"[2.51477274e+01 1.01879007e+04 2.60275555e+02 5.61857378e+00
 3.83690174e+02 4.62538121e+00 2.10189892e+02 2.30251407e+02
 1.00000000e+00]","[ 0.4425097   0.18034574  0.07700075 -0.28976483 -0.31489054  0.11772592
  0.01614313  0.71217001  0.24759973]",1914.228966366375,211.9103579001951,2.4548656141978765e-07,0.0012550263386699402,91.72407003824814,199.42975993573964
436,"[2.91558737e-08 7.15315663e+03 2.65259723e+02 1.25684165e+03
 1.95363795e+03 2.15158049e+00 2.96619071e-05 5.52721668e+01
 1.00000000e+00]","[ 0.37952083  0.09245055  0.60073598  0.24302669  0.25755619 -0.43509719
 -0.22857651  0.34568627  0.00895392]",1647.4615863026763,195.91694652274123,2.4548656141978765e-07,0.0012550263386699402,90.7172520514624,195.11637546205577
437,"[2.76200000e+01 2.03196772e+03 5.64518499e+02 9.48645284e+02
 1.05849674e+02 6.30957301e+00 1.23411519e+04 6.03245603e+01
 1.00000000e+00]","[-0.33767403 -0.29644399  0.63712481 -0.15378187 -0.01215173 -0.14743165
  0.10714993  0.45936165  0.35233839]",950.2933339223404,190.55188397632605,2.4548656141978765e-07,0.0012550263386699402,90.81936032992787,194.35990125066405
438,"[1.11107687e+02 2.02974509e+03 4.84722469e+02 1.35400580e+02
 2.56975903e+02 3.20914036e+01 1.62755552e-04 8.19660418e+01
 1.00000000e+00]","[-4.46409574e-01 -2.22594600e-01 -1.89663000e-01 -7.43672401e-01
  5.19653537e-02  2.37157227e-02 -3.02353013e-04 -3.74637827e-01
 -1.36136019e-01]",-710.7662232839676,223.92033514431137,2.4548656141978765e-07,0.0012550263386699402,91.10253207654557,176.71004863816415
439,"[1.50679991e+01 1.00852737e+04 9.38830527e+00 4.36090351e+02
 1.58484031e+02 8.25231733e+00 4.83029841e+03 5.81505239e+01
 1.00000000e+00]","[-0.07681261  0.11132056 -0.18892711 -0.2184675  -0.93609354 -0.09778221
  0.02240524 -0.07443087 -0.08007262]",979.1485481833929,202.2707611665769,2.4548656141978765e-07,0.0012550263386699402,90.35379066732567,208.6396505000921
440,"[3.14030000e+01 6.50501581e+02 5.58954592e+01 2.35291732e+03
 1.10242414e+03 1.03875255e+01 2.48852155e+03 7.64973402e+01
 1.00000000e+00]","[ 0.02087521 -0.58367649 -0.35928081  0.06883684  0.45412899  0.09344284
  0.06677845 -0.54791184  0.07371109]",388.81123268807625,178.50452133824695,2.4548656141978765e-07,0.0012550263386699402,91.80427267215035,189.76916795059606
441,"[2.76200000e+01 1.97394679e+02 3.29165605e+02 2.13535313e+03
 1.19892461e+02 1.40017341e+01 9.79907032e-06 2.97382821e+02
 1.00000000e+00]","[ 0.11511076 -0.36572065  0.24814313  0.07984863  0.12330419  0.44045843
  0.01755977  0.75166174 -0.10264419]",427.5523297945057,216.36510754186583,2.4548656141978765e-07,0.0012550263386699402,91.09670939603363,178.00003776971255
442,"[1.95771445e+01 9.39122175e+03 4.52878932e+00 1.64355099e+02
 4.26597709e+02 2.24824827e+00 1.04090962e+04 6.69096548e+01
 1.00000000e+00]","[ 0.43824251  0.15854397 -0.49906819 -0.55560117 -0.39726532  0.00203292
  0.04975617  0.2507056   0.04350583]",1769.1920479544842,183.65784416572956,2.4548656141978765e-07,0.0012550263386699402,91.13235657235776,175.04439070140552
443,"[2.24254465e-08 1.01879007e+04 5.69157186e+02 1.92285515e+01
 5.76136042e+02 6.14399268e+00 2.86327292e-05 3.90458493e+01
 1.00000000e+00]","[ 0.09034128  0.19058025  0.77456038 -0.22678953 -0.02856985  0.14415895
 -0.10290789 -0.47193464 -0.22187827]",2343.8750913424174,192.21021662702924,2.4548656141978765e-07,0.0012550263386699402,90.29169521733739,198.5687184359731
444,"[3.14030000e+01 4.50028321e+03 3.75355296e+02 1.86394199e+02
 7.04067061e+02 8.30050694e+00 3.50058763e-06 5.64622975e+02
 1.00000000e+00]","[ 0.16459095 -0.03318459  0.22413601 -0.32227999  0.15569619  0.59329669
 -0.25585379  0.58217845  0.19254114]",323.3372204329406,176.60475714701667,2.4548656141978765e-07,0.0012550263386699402,89.82033616516487,175.45670592890986
445,"[2.08580000e+01 3.50670716e+02 5.50176107e+02 3.00673751e+03
 2.72158775e+02 3.57976823e+00 7.12844460e-05 4.86750252e+01
 1.00000000e+00]","[ 0.13959899 -0.36661267  0.55138908  0.26911434  0.26259877 -0.11615469
  0.01950426 -0.62007363 -0.04830194]",1027.6910753462575,195.75139186560648,2.4548656141978765e-07,0.0012550263386699402,89.93630856699612,191.29833074958898
446,"[1.14034000e+02 1.70048482e+03 3.58417028e+02 4.07150180e+02
 7.04964465e+02 2.55229871e+01 2.07524709e+02 9.06605988e+01
 1.00000000e+00]","[-0.38683755 -0.24813511 -0.52321618 -0.61262379  0.1697046  -0.05610025
  0.00979427 -0.07295886  0.31993247]",-789.0802471169884,194.89898268678905,2.4548656141978765e-07,0.0012550263386699402,89.62572306248069,179.85443827975786
447,"[1.14034000e+02 2.99854644e+03 3.10317732e+01 3.12348413e+02
 3.74923831e+02 3.35135642e+01 4.05582893e-05 1.19836106e+02
 1.00000000e+00]","[-0.45376428 -0.12605161 -0.66399465 -0.52270599 -0.04605242  0.05940556
 -0.14197457  0.14498583  0.1314192 ]",-611.3568007976697,190.79689851421875,2.4548656141978765e-07,0.0012550263386699402,90.40948390581202,200.53549135483217
448,"[1.00226000e+02 1.77924311e+03 3.25039388e+02 6.42195840e+02
 7.18538369e+01 1.20483577e+01 1.00625002e+04 8.66905927e+01
 1.00000000e+00]","[ 0.30010855 -0.36336841 -0.26872451 -0.67165304 -0.03160641  0.28108392
  0.06571855 -0.40695769 -0.06802179]",-508.05988671852145,170.75720405240855,2.4548656141978765e-07,0.0012550263386699402,90.16134319790459,228.2010624611181
449,"[2.76200000e+01 5.08765890e+03 9.67273008e+02 6.41379501e+02
 2.82799946e+02 1.65064732e+00 9.67717255e-06 2.44730855e+02
 1.00000000e+00]","[ 0.50065171  0.05462593  0.53927982  0.05439438 -0.17543955 -0.21959732
 -0.01607645  0.57086531  0.21779515]",938.21370922632,194.87762609354945,2.4548656141978765e-07,0.0012550263386699402,89.81704868134007,180.92975046237163
450,"[3.73988421e+01 9.01479022e+02 1.96081642e+02 1.65304176e+03
 3.65369819e+01 1.17143889e+01 1.00748172e+04 8.52081553e+01
 1.00000000e+00]","[ 0.6484828  -0.49295391  0.25239572 -0.06761357  0.24201862  0.31102928
  0.07372646  0.24611121 -0.21650119]",293.60798283276443,195.66008947009215,2.4548656141978765e-07,0.0012550263386699402,90.76737693581826,200.18738104382714
451,"[2.42388723e+01 1.58090383e+03 3.39812456e-08 4.18874888e+03
 1.64796788e+02 8.13170778e+00 1.16068815e+01 4.16633267e+01
 1.00000000e+00]","[ 0.587402    0.00534821 -0.36440225  0.3564694  -0.53014452  0.33179199
  0.02311227  0.01470581 -0.05640284]",1432.0102316908064,193.20194957553667,2.4548656141978765e-07,0.0012550263386699402,90.28733239465096,201.57306921655277
452,"[3.80840000e+01 5.86500828e+02 4.02734559e+02 1.36339387e+03
 3.63510511e+01 1.56446052e+01 2.04115292e+03 3.34806702e+02
 1.00000000e+00]","[ 0.3280995  -0.22584775  0.14236617 -0.10505146 -0.03693253  0.67911637
  0.02696385  0.58614909 -0.05638008]",54.65429215356558,177.5783755228337,2.4548656141978765e-07,0.0012550263386699402,90.08858216865488,190.95472422413434
453,"[3.14030000e+01 4.84295463e+03 4.62440499e+02 7.71057218e+00
 9.43527278e+02 4.81803279e+00 6.80065910e+03 8.93958026e+01
 1.00000000e+00]","[-0.00730716 -0.06444601  0.35135448 -0.70807129  0.25473402 -0.14350943
  0.0328384   0.51465392 -0.13981057]",353.53024960740385,187.5146490770499,2.4548656141978765e-07,0.0012550263386699402,89.26239630629054,181.41096190680514
454,"[1.54780004e+01 7.94432646e+03 4.61270727e+02 1.33845378e+03
 1.04461306e+02 8.13712801e+00 4.06663088e-04 4.21398857e+01
 1.00000000e+00]","[ 0.30093777  0.05887011  0.3762189   0.1375838  -0.76356386 -0.25873595
 -0.2257039  -0.07687634 -0.1966584 ]",744.7250397005319,179.88097955699118,2.4548656141978765e-07,0.0012550263386699402,89.80293217273636,179.82230811383522
455,"[4.54140000e+01 2.27180382e+02 5.43449528e+01 2.01332569e+03
 4.47667561e+01 1.79939577e+01 4.63413183e+03 9.98876385e+01
 1.00000000e+00]","[ 0.26714753 -0.68030825 -0.4409297  -0.21650289  0.22450008 -0.0643343
  0.04163645 -0.40789767  0.04320977]",-441.133002427495,201.31803980849674,2.4548656141978765e-07,0.0012550263386699402,89.74356746234197,199.55660634504818
456,"[2.92983006e-08 8.68019437e+03 3.37212760e+02 3.21057588e+02
 1.88353805e+03 3.71419293e+00 1.85194477e-04 6.48789434e+01
 1.00000000e+00]","[ 0.33128537  0.09684862  0.56499425  0.0644388   0.28132001  0.05412602
 -0.00243122  0.64542605 -0.24258653]",1623.5866378839298,223.17909544429335,2.4548656141978765e-07,0.0012550263386699402,89.1329950974516,186.09637993273782
457,"[2.37240000e-09 7.90655922e+03 5.44392205e+02 1.78360011e+02
 4.71863106e+02 5.28871358e-01 9.73316658e+03 4.36113168e+01
 1.00000000e+00]","[ 0.03735769  0.11729488  0.93082242 -0.02052168  0.11997085 -0.18145092
  0.0410666  -0.11054233 -0.23826725]",1881.6339151638026,203.62668250044794,2.4548656141978765e-07,0.0012550263386699402,89.3901247033567,192.59872004796307
458,"[5.94299999e+00 7.81843631e+03 6.95054938e+01 4.23386461e+02
 4.55743858e+02 9.52086953e-09 1.55895940e+04 3.91246425e+01
 1.00000000e+00]","[ 0.35611881  0.16026787  0.30934527 -0.10924656  0.65066136  0.31939721
  0.13125069 -0.27813662 -0.34626982]",3561.8598774447614,176.07514691235247,2.4548656141978765e-07,0.0012550263386699402,88.7138507200028,213.21426269578478
459,"[3.85660000e+01 1.36092906e+03 1.06777037e+02 1.22527822e+03
 1.65006648e+02 1.42136198e+01 3.66358337e+03 4.76883144e+02
 1.00000000e+00]","[-0.09561647 -0.26253745 -0.28553808 -0.28220137  0.26226698  0.10487813
  0.02949384  0.81649814  0.11592879]",-194.93671762880444,185.51313126815643,2.4548656141978765e-07,0.0012550263386699402,89.08440493305422,206.34597803407246
460,"[3.56874983e+00 6.23176135e+03 2.47192814e+02 3.79422841e+02
 9.16592119e+02 3.33653987e-08 1.36729203e+04 3.98052966e+01
 1.00000000e+00]","[ 0.38485436  0.07305713  0.49217754 -0.23351767  0.63798209 -0.05092579
  0.10120221 -0.28379125 -0.22223096]",2446.689336918985,199.24156830750508,2.4548656141978765e-07,0.0012550263386699402,88.75306502276553,196.4063164592195
461,"[1.31965383e+01 4.78524142e+03 4.74977440e-08 7.99676652e+02
 5.77608671e+02 9.03901447e-01 1.70546670e+04 4.83281357e+01
 1.00000000e+00]","[ 0.07206378 -0.03454698 -0.31093817 -0.11554065  0.25923717 -0.02993672
  0.05759431  0.88819127 -0.15257844]",917.9746373294556,196.93862729375326,2.4548656141978765e-07,0.0012550263386699402,88.90564620314004,180.7047827744109
462,"[1.14034000e+02 1.24685652e+03 1.25132330e+02 9.44666279e+02
 1.41853667e+01 1.63014222e+01 8.33703763e+03 9.72200160e+01
 1.00000000e+00]","[ 0.00368613 -0.43512804 -0.60459146 -0.57629912 -0.15082649 -0.10167648
  0.04156132 -0.27278686 -0.06141458]",-846.0666517509453,197.86958287828986,2.4548656141978765e-07,0.0012550263386699402,88.62841116924339,176.28137370742797
463,"[1.36524892e-10 1.01879007e+04 4.29774156e+01 4.36716700e+02
 1.47341217e+03 2.75146778e+00 2.50227358e+03 4.54168538e+01
 1.00000000e+00]","[ 0.0078688   0.36682781  0.35914176 -0.11958249  0.78739131 -0.09560905
  0.08910672 -0.28513749  0.06101718]",5070.385872633711,195.34136222154666,2.4548656141978765e-07,0.0012550263386699402,88.29783808060593,194.23858838982642
464,"[3.14030000e+01 3.90310560e+03 3.34452222e+01 7.75877944e+02
 4.43850398e+02 3.22246480e+00 1.65791578e+04 5.01342178e+01
 1.00000000e+00]","[ 0.20650307 -0.132409   -0.71882955 -0.476597    0.2337038   0.36788852
  0.06556732  0.00774741  0.04056096]",288.2510213290472,174.19186774668762,2.4548656141978765e-07,0.0012550263386699402,88.34480571727788,187.05282196902238
465,"[6.22336422e+00 4.77828932e+03 7.92345705e+02 3.95667106e+02
 1.66505403e+03 5.36608925e+00 1.44510129e-06 6.60747362e+01
 1.00000000e+00]","[-0.03110711  0.01125952  0.49728062 -0.11110481  0.2204569   0.5193798
 -0.19278815  0.5695636  -0.24361175]",810.9151560109767,175.72908387699795,2.4548656141978765e-07,0.0012550263386699402,89.00569580969044,186.03155007215844
466,"[1.52337450e+00 1.01217419e+04 4.42267610e-07 1.33469993e+03
 1.09414139e+02 1.07079034e+01 1.59373172e-04 5.25983975e+01
 1.00000000e+00]","[-0.07844561  0.07445315 -0.14175016  0.1282137  -0.6793031   0.57577701
 -0.34359915  0.19546902 -0.0503068 ]",866.6738357236235,186.81822546419778,2.4548656141978765e-07,0.0012550263386699402,87.93599168078264,207.9781766920728
467,"[6.19814124e+00 4.10953194e+03 7.78675847e+02 1.38776240e+03
 2.25521196e+02 3.56992515e-02 7.98231937e+03 3.90458493e+01
 1.00000000e+00]","[ 0.43382532  0.05784201  0.46834897  0.1555261  -0.20872376  0.44868185
  0.02609141 -0.47746469 -0.30228541]",963.1868631250032,224.08012103918952,2.4548656141978765e-07,0.0012550263386699402,88.03482392661961,189.57265873313145
468,"[3.09210000e+01 3.41641155e+03 6.23329860e+02 3.42480658e+02
 1.14858206e+02 1.31685310e+01 1.11280601e+04 4.83336163e+01
 1.00000000e+00]","[-0.02962215 -0.04652664  0.39265811 -0.36584269 -0.48249144  0.57444653
  0.02857408 -0.27872408  0.26008871]",216.50030535524982,174.21522940113965,2.4548656141978765e-07,0.0012550263386699402,88.65655360550788,193.34396239257148
469,"[1.85618818e+01 3.16989643e+03 8.50887109e+02 8.37493679e+02
 5.63557766e+02 5.15534346e-09 9.33392886e+03 3.99357523e+01
 1.00000000e+00]","[ 0.08754433 -0.02503437  0.84208028  0.0024645   0.39527146  0.15780331
  0.05755042 -0.05230416 -0.30889287]",1398.380046921657,198.38102503104437,2.4548656141978765e-07,0.0012550263386699402,88.00351284710342,194.82886243727228
470,"[3.14030000e+01 2.69675007e+03 5.20344737e+01 1.13940634e+03
 2.48397868e+02 6.31979464e+00 1.62572636e+04 6.13355174e+01
 1.00000000e+00]","[ 0.15160354 -0.31460467 -0.75159177 -0.35718336  0.32302102 -0.2265904
  0.11274163  0.03069087  0.12740379]",623.9508710418972,176.56924668863064,2.4548656141978765e-07,0.0012550263386699402,88.25737963081075,177.2382842023219
471,"[3.85660000e+01 1.29078104e+03 6.04319570e+01 1.49094119e+03
 3.90868573e+00 1.17449356e+01 1.21380666e+04 8.65474537e+01
 1.00000000e+00]","[ 0.24599988 -0.54799591 -0.38098928 -0.3310227  -0.29516243 -0.2311113
  0.09617915 -0.41016686  0.25775009]",-86.09515293560534,178.05632364791578,2.4548656141978765e-07,0.0012550263386699402,88.30106895697175,176.79847355566199
472,"[7.46866289e+00 6.88156651e+03 6.15927936e+02 5.79654973e+02
 7.98994496e+01 8.24326065e+00 4.65999616e+03 4.69613067e+01
 1.00000000e+00]","[-0.01124524  0.04425992  0.33756112  0.03947757 -0.77273309 -0.11411961
  0.01279084 -0.36636938 -0.37132031]",514.637418718394,191.86603141026734,2.4548656141978765e-07,0.0012550263386699402,87.76184108272908,202.12752089236676
473,"[1.09998924e+02 2.95171915e+03 8.96700179e+02 1.42514489e+02
 2.71877665e+02 1.42038686e+01 2.64698078e+03 6.66355626e+01
 1.00000000e+00]","[ 0.2550203  -0.11363603  0.47137386 -0.7715451   0.02241275  0.24130151
  0.03102944  0.201805   -0.06449427]",110.39314912894622,182.1077990929611,2.4548656141978765e-07,0.0012550263386699402,88.22109242104558,182.4129522707176
474,"[6.78823354e+00 6.37621597e+03 3.02472003e+02 2.57606792e+03
 2.03856591e+02 4.47841200e-01 2.29883070e-05 5.16559014e+01
 1.00000000e+00]","[ 0.22918565  0.09376578  0.58327212  0.27502512 -0.47119593  0.15611527
 -0.0091607   0.47551059 -0.22415377]",1412.6858063765578,207.86703366834695,2.4548656141978765e-07,0.0012550263386699402,87.56817475759614,184.53272509405724
475,"[2.13019843e+01 5.17269357e+03 3.39211922e+02 4.62411821e+02
 2.03730627e+02 3.56280198e+00 1.07667548e+04 3.21089773e+02
 1.00000000e+00]","[ 0.26280483  0.04890012  0.35445966 -0.0162466  -0.44882493  0.01156971
  0.0277207   0.70920894  0.31195089]",806.3634086775472,200.21735307912434,2.4548656141978765e-07,0.0012550263386699402,88.39177932794506,180.7804244182123
476,"[1.14034000e+02 7.73151477e+02 1.09859124e+02 1.11739245e+03
 1.28862449e+02 3.85739292e+01 9.05395912e-05 8.40274481e+01
 1.00000000e+00]","[-0.30590611 -0.26022856 -0.52464464 -0.32736738  0.03401265  0.25396263
 -0.23704298 -0.55857346 -0.14977847]",-692.4206445882787,197.83789569415603,2.4548656141978765e-07,0.0012550263386699402,88.31857029403508,184.1957852377592
477,"[7.44239206e+00 4.71345898e+03 5.79394229e+01 8.44018431e+02
 1.37752673e+02 4.02527421e+00 1.84860044e+04 4.88648959e+01
 1.00000000e+00]","[ 0.45586491 -0.1876045  -0.60950506 -0.1596761  -0.15272455 -0.10337968
  0.55130215 -0.14718644 -0.01971819]",9111.75025568139,176.88690453435265,2.4548656141978765e-07,0.0012550263386699402,88.05211213632191,177.8266223273356
478,"[7.16721563e-08 8.42883788e+03 3.07176880e-07 2.48175564e+03
 3.95829749e+02 3.18652312e+00 1.40740796e-03 3.90458498e+01
 1.00000000e+00]","[-0.05472513  0.28358361 -0.17005064  0.83106846  0.09122825 -0.32407996
  0.03710076 -0.25485003  0.13159813]",4478.048131245437,178.32199167660383,2.4548656141978765e-07,0.0012550263386699402,86.7918421606505,193.43931922751096
479,"[1.66392927e+01 8.61712820e+03 7.74149904e+01 6.04821971e+01
 1.18462543e+03 3.72726741e+00 6.48326352e+03 7.08337264e+01
 1.00000000e+00]","[-0.06210305  0.069016   -0.29668923 -0.68274474  0.37882993  0.30827088
  0.04391415 -0.0216923  -0.44302717]",1262.072249501611,183.46011126968824,2.4548656141978765e-07,0.0012550263386699402,86.0413282665342,181.28169965366135
480,"[1.87098952e+01 1.59602005e+03 6.21260757e+01 2.76152593e+03
 2.54793053e+02 1.89979147e+00 1.13473023e+04 4.07500120e+01
 1.00000000e+00]","[ 0.49370051 -0.34522912  0.00895044  0.52688606  0.45591264  0.22575261
  0.14407316  0.28242479 -0.00679917]",2676.746043876462,170.17759833059972,2.4548656141978765e-07,0.0012550263386699402,86.29970040054425,175.03671302191378
481,"[2.76200000e+01 1.35300077e+03 1.71099098e+02 1.70409951e+03
 4.48627144e+01 9.16243811e+00 1.24902720e+04 7.31585494e+01
 1.00000000e+00]","[ 0.35237785 -0.4407093   0.65182915  0.05144403 -0.40717673 -0.18711563
  0.12498987 -0.18956095  0.04143016]",1139.9952227745023,177.28663530639324,2.4548656141978765e-07,0.0012550263386699402,86.00405550434947,191.14919519976092
482,"[2.76200000e+01 2.45845537e+03 1.65531735e+02 1.18357340e+03
 1.88868508e+03 9.83335012e+00 4.80277720e+03 5.65215705e+01
 1.00000000e+00]","[-0.35504464 -0.27307499  0.24599542 -0.21409368  0.58072191  0.47649232
  0.07360283 -0.31290006  0.15942654]",543.6336116006589,180.68971752369066,2.4548656141978765e-07,0.0012550263386699402,86.28902676791212,181.20062689986312
483,"[7.64004459e+00 2.97942664e+03 1.21034817e+01 2.07847319e+03
 3.59847266e+02 7.58578973e-01 1.49434043e+04 3.94026479e+01
 1.00000000e+00]","[-0.16779307 -0.05127364 -0.42687412  0.51887312  0.45103804  0.50439824
  0.13660787 -0.16350146  0.12049207]",3117.0013536236243,187.63957591974076,2.4548656141978765e-07,0.0012550263386699402,86.2109240727099,208.7039245600405
484,"[1.03980002e+01 1.01879007e+04 3.24760713e+01 2.45627065e+02
 5.99080242e+02 8.39403516e-01 9.16658840e+03 4.69661758e+01
 1.00000000e+00]","[ 0.75388591  0.30848452 -0.15047742 -0.29354662  0.39037593 -0.06940541
  0.06270614 -0.25395886  0.04519532]",3870.386080202552,172.81106382615417,2.4548656141978765e-07,0.0012550263386699402,85.32159934549465,180.25793547147055
485,"[1.46013904e+01 2.06337582e+03 4.74142891e-08 4.19328692e+03
 5.40784565e+02 9.63431982e-01 1.46513822e-04 4.18171058e+01
 1.00000000e+00]","[ 0.60946494  0.04236009 -0.04316443  0.45962782  0.33411647  0.43021403
  0.0207159   0.32645622 -0.0995815 ]",2218.3065417808934,188.24362305984187,2.4548656141978765e-07,0.0012550263386699402,86.38077658870048,172.35086090821596
486,"[2.90753705e-09 7.55866505e+03 5.12163790e+01 6.77086976e+02
 5.34891472e+02 2.06661308e+00 5.58517588e-06 7.30324771e+02
 1.00000000e+00]","[-0.18154772  0.05814634 -0.07906952 -0.04727657  0.18288021  0.40293654
 -0.05109228  0.8682768   0.05342573]",1136.2799612135577,194.0299670060076,2.4548656141978765e-07,0.0012550263386699402,85.4368681126403,188.93158051449973
487,"[2.21131150e-08 4.26485097e+03 1.96380089e+01 1.86164975e+03
 1.97270558e+03 9.32983912e-09 5.68157798e+03 4.10820641e+01
 1.00000000e+00]","[ 0.18954825  0.09058603  0.11362005  0.46759266  0.56106862  0.54532762
  0.07803703 -0.05060516 -0.32168672]",2806.857009562993,186.84386688855466,2.4548656141978765e-07,0.0012550263386699402,85.69380289032782,183.4948498964285
488,"[4.47397736e+01 5.87225800e+02 8.18250832e+02 8.71879673e+02
 1.00358625e+02 2.07626360e+01 6.14658312e-04 9.65902208e+01
 1.00000000e+00]","[-0.12822421 -0.42979932  0.34613273 -0.46707158 -0.60644545 -0.18651308
 -0.04830591  0.08422718 -0.22108026]",-438.9529172265066,170.63646531164557,2.4548656141978765e-07,0.0012550263386699402,85.43703417338807,183.0396589420377
489,"[3.08276785e+01 3.01959897e+03 4.51578807e+02 3.81678876e+02
 1.93156064e+02 1.77026402e+01 1.83041661e-06 5.30089079e+02
 1.00000000e+00]","[-0.47427593 -0.09929602  0.20622275 -0.4001859  -0.05074823  0.43611289
 -0.01028005  0.60521435  0.05801854]",-55.27809848583788,179.4387292296952,2.4548656141978765e-07,0.0012550263386699402,85.52732708790835,187.52304108339422
490,"[9.73169276e+00 6.74100028e+03 3.41921496e+02 2.94774166e+02
 2.37476535e+03 4.84364101e+00 1.96464050e+02 5.40845972e+01
 1.00000000e+00]","[-0.12571891  0.05076279  0.54557564 -0.37195517  0.46201424 -0.35740081
  0.01885966 -0.40274229  0.20460922]",1495.4418053678166,173.78226647476504,2.4548656141978765e-07,0.0012550263386699402,84.78452817736424,197.07837321599573
491,"[2.09019999e+01 5.53365480e+03 1.29588918e+02 8.89825764e+02
 2.18439844e+03 4.21178366e-09 5.97924597e+03 3.94043487e+01
 1.00000000e+00]","[ 0.51593213  0.05132863  0.53592016  0.07956717  0.3970357  -0.3474654
  0.050224   -0.39590996  0.00116893]",1587.0555188320968,206.29846392657237,2.4548656141978765e-07,0.0012550263386699402,84.62297865780906,184.9502177794882
492,"[4.54140000e+01 1.18588693e+03 1.13516576e+02 1.15385900e+03
 1.95926476e+01 2.62752596e+01 9.62652001e-05 4.59235430e+02
 1.00000000e+00]","[-0.46183522 -0.18102458 -0.50158622 -0.36771954 -0.35795019 -0.07209771
 -0.11797942  0.38083412 -0.27359048]",-551.171984839784,194.12361633004332,2.4548656141978765e-07,0.0012550263386699402,84.73129324927996,173.10274302948983
493,"[2.45648417e+01 9.56372806e+03 5.62729574e+02 2.55042230e+02
 1.97715948e+02 8.78572081e+00 4.05617853e-06 4.34578792e+01
 1.00000000e+00]","[ 0.55228139  0.0784363   0.50222906 -0.05332522 -0.50439323 -0.07619164
 -0.31810647 -0.2432063   0.11487679]",921.8787399992666,168.6177872422387,2.4548656141978765e-07,0.0012550263386699402,85.3629833248156,176.11579497145203
494,"[2.46410000e+01 4.93994030e+02 5.50644011e+01 3.78836749e+03
 4.64887615e+02 4.01602543e+00 2.05519117e-05 5.73709747e+01
 1.00000000e+00]","[ 0.57457981 -0.39626621  0.0060647   0.41066297  0.48838899  0.24784781
 -0.1539919  -0.01284972 -0.14254585]",1601.6428938143072,181.79304622017617,2.4548656141978765e-07,0.0012550263386699402,85.3675003814106,183.65901729289124
495,"[2.19969833e+01 1.00667680e+04 2.20570729e+01 1.11778259e+02
 2.97438815e+02 9.41172395e+00 5.22848886e+03 6.94105814e+01
 1.00000000e+00]","[ 0.22119495  0.1124359  -0.31808813 -0.47220273 -0.49414639  0.37760679
  0.02485569 -0.44328158  0.1743318 ]",1032.872839605529,183.58129433030433,2.4548656141978765e-07,0.0012550263386699402,85.07191196937106,199.13135989496158
496,"[3.09210000e+01 2.45773596e+03 7.46694923e+02 2.44032259e+02
 4.31513959e+01 3.71733133e+01 8.32439585e-06 7.50272660e+01
 1.00000000e+00]","[-0.43200943 -0.06464534  0.20553861 -0.27519065 -0.67591202 -0.22088238
 -0.02886291 -0.42904628  0.02555298]",-155.46218450025322,173.49996521115622,2.4548656141978765e-07,0.0012550263386699402,85.63648090393829,180.45933456044673
497,"[2.79186021e+01 1.75437584e+03 6.25236869e+01 1.88462551e+03
 1.59194138e+03 6.11682663e+00 5.38049601e+03 5.83782383e+01
 1.00000000e+00]","[-0.36189846 -0.36779949 -0.26900338  0.06624612  0.71585716  0.23956218
  0.09981503 -0.25309885  0.11462152]",1116.1293454967615,204.07362475580499,2.4548656141978765e-07,0.0012550263386699402,84.97015559882686,195.87266222371318
498,"[3.09210000e+01 4.39453367e+03 3.54355817e+02 3.68289436e+02
 1.96506266e+03 7.12421033e+00 3.99696693e+03 4.92799171e+01
 1.00000000e+00]","[-0.05250211 -0.09078993  0.22899619 -0.61747671  0.48049923  0.46362487
  0.05416468 -0.32583699 -0.01878533]",601.0656412782249,182.9116172765108,2.4548656141978765e-07,0.0012550263386699402,84.88650718223,257.63969023589834
499,"[1.59600000e+01 1.01879007e+04 1.85000035e+00 8.94206450e+02
 2.01666013e+02 1.43631241e+00 6.02196077e+03 3.93778399e+01
 1.00000000e+00]","[ 0.33859158  0.15197024 -0.0348287   0.11113166 -0.46189852  0.59737828
  0.02181329 -0.4892802   0.19650832]",1672.969149874374,173.1044778072271,2.4548656141978765e-07,0.0012550263386699402,85.18067561439047,194.0424853888482
500,"[3.09488016e-01 8.74330804e+03 2.31884120e+02 1.90168812e+02
 3.79954647e+02 2.36466664e-01 1.23840446e+04 4.21913738e+01
 1.00000000e+00]","[ 0.05633707  0.25366433  0.50552313 -0.32256746 -0.74072424 -0.09442885
  0.09321116  0.08045387  0.01125997]",3150.0362389259126,179.4423894347192,2.4548656141978765e-07,0.0012550263386699402,84.20367688278634,175.823347456865
501,"[3.85660000e+01 3.95815297e+02 2.29038372e+02 1.58578806e+03
 8.52897460e+02 2.02835304e+01 5.87034258e-06 9.62354730e+01
 1.00000000e+00]","[-0.5072253  -0.38593522 -0.26348277 -0.29810652  0.15178818  0.51706888
 -0.02696484 -0.35885192 -0.12483651]",-600.1135159210994,164.14631465720225,2.4548656141978765e-07,0.0012550263386699402,84.46518588824317,163.535778474306
502,"[3.14030000e+01 3.91064733e+03 4.26831814e+01 6.96044377e+02
 6.44446655e+01 9.15894959e+00 1.62691191e+04 6.75417094e+01
 1.00000000e+00]","[-0.14257866 -0.06111109 -0.44168491 -0.34680174 -0.61301028  0.49386373
  0.03875594  0.17670586  0.09038687]",103.86521109463493,184.10772519728044,2.4548656141978765e-07,0.0012550263386699402,84.52885231924876,170.69480500128805
503,"[8.94543768e+01 1.05831235e+03 1.09660328e+03 8.17798288e+02
 1.94628148e+02 1.47119542e+01 5.00513641e-06 5.44982875e+01
 1.00000000e+00]","[ 0.4494017  -0.12642633  0.40054973 -0.15201501 -0.14508049  0.52202846
 -0.16342438 -0.35480381  0.39032102]",181.82636925116492,170.7005823393652,2.4548656141978765e-07,0.0012550263386699402,84.27834679280285,178.02137046243877
504,"[2.35737413e+01 6.18527558e+03 7.97060900e-07 1.99486790e+02
 9.53993134e+02 6.06861865e+00 2.25996313e+03 4.01615985e+02
 1.00000000e+00]","[-0.28237792 -0.02763127 -0.36664024 -0.36887903  0.19381759  0.3574204
  0.02143411  0.57555208 -0.38983099]",215.12084843342424,185.0168609725461,2.4548656141978765e-07,0.0012550263386699402,85.05605365572148,183.85765015172137
505,"[2.73834670e+01 8.31781835e+02 4.59340013e+02 2.06490856e+03
 1.87045313e+02 4.94042516e+00 7.92550754e+03 5.57141092e+01
 1.00000000e+00]","[-0.18020342 -0.4569802   0.48468189  0.13111181  0.4389753   0.54452246
  0.08237628 -0.08202242  0.06222084]",841.4899896249105,192.33315342795618,2.4548656141978765e-07,0.0012550263386699402,84.32371454152573,199.58542444660588
506,"[1.14034000e+02 5.02355708e+03 5.07261689e-08 1.23347086e+02
 1.50560329e+02 1.88410298e+01 7.11751966e+03 1.00150520e+02
 1.00000000e+00]","[ 0.16189959 -0.05849478 -0.7110538  -0.62778646 -0.21029431  0.15678375
  0.01479869 -0.00519545 -0.04003385]",-276.76382411722614,179.65877420629565,2.4548656141978765e-07,0.0012550263386699402,85.12566555407719,179.03115641649867
507,"[1.35739716e+01 1.59140507e+03 1.09660328e+03 1.35765299e+03
 4.13165674e+02 5.09475800e-01 4.73279017e-06 2.37599720e+02
 1.00000000e+00]","[-0.27373136 -0.03206931  0.60117315  0.03667986  0.12623913  0.00081242
 -0.3434501   0.65365115 -0.01154819]",861.7499538616169,176.67276493051827,2.4548656141978765e-07,0.0012550263386699402,84.63086486051121,178.66926121583302
508,"[7.65037062e+01 5.42498783e+03 4.25848695e+02 6.32256123e-08
 1.68400569e+03 1.70817783e+01 5.83608586e-05 4.86277908e+01
 1.00000000e+00]","[ 0.36779777 -0.00899216  0.1537125  -0.5189012   0.11817743  0.69821556
 -0.03698624 -0.25094144  0.07712002]",243.6264019230583,189.50814568950253,2.4548656141978765e-07,0.0012550263386699402,84.35030266339807,177.2247435593192
509,"[2.10171998e+01 5.20283646e+03 2.78399995e+01 8.14037409e+02
 2.70530603e+03 6.16634677e+00 1.22847169e+03 5.42179213e+01
 1.00000000e+00]","[-0.51536769 -0.03911186 -0.54788826 -0.28026419  0.47963432  0.26344248
  0.04926457  0.12026007 -0.19441282]",908.3051173970325,171.99830534269722,2.4548656141978765e-07,0.0012550263386699402,84.57562320704328,183.8944350561669
510,"[1.68693480e+00 8.98645733e+03 6.82860080e+01 2.92535585e+02
 9.91171327e+02 9.59688562e-01 9.60773748e+03 5.69265707e+01
 1.00000000e+00]","[ 0.29336096  0.21389275  0.06894128 -0.31213628  0.71976719 -0.09002788
  0.08951622 -0.34788761 -0.33286411]",3389.26737561386,174.06943198523368,2.4548656141978765e-07,0.0012550263386699402,84.80175354644928,184.90772680406644
511,"[2.42508033e+01 4.74649280e+02 5.33314670e+01 4.00293349e+03
 2.00191599e+02 6.35386121e+00 5.84723992e-03 5.80336637e+01
 1.00000000e+00]","[-0.29122638 -0.45577992 -0.26681632  0.5480654  -0.26860486  0.39916469
  0.00649134 -0.28417456 -0.15364532]",1888.3600445605969,161.1075522477679,2.4548656141978765e-07,0.0012550263386699402,84.04724291053833,163.7729445184964
512,"[2.97052473e+01 2.47789805e+03 6.67038345e+02 8.45095154e+02
 1.86430279e+03 1.00757232e+01 2.84321433e+02 4.37391016e+01
 1.00000000e+00]","[ 0.33693382 -0.13165461  0.57252464 -0.21763392  0.39928506 -0.16013017
  0.02319891 -0.46252093  0.30734287]",611.2043867722123,174.31586997389866,2.4548656141978765e-07,0.0012550263386699402,84.02264326541197,163.9357573938405
513,"[2.46410000e+01 5.51715262e+02 5.04446849e+01 3.87669498e+03
 2.59887455e+02 3.46890393e+00 1.71636962e+03 5.22052241e+01
 1.00000000e+00]","[ 0.48561862 -0.49538995 -0.29311202  0.46744639  0.40871975 -0.10806513
  0.06602498 -0.11939145  0.13038039]",1749.0801400943808,172.58703204167364,2.4548656141978765e-07,0.0012550263386699402,83.5078157915606,179.81134660740486
514,"[1.94678388e+01 1.09739631e+03 6.23981037e+01 4.29749626e+03
 2.64552077e+02 6.25993127e-01 4.99155579e-04 4.17253596e+01
 1.00000000e+00]","[ 0.5503426  -0.12075988  0.28676254  0.58061314 -0.033294    0.48669194
  0.03875198 -0.15297805  0.01772514]",2376.400107624516,166.1086779205857,2.4548656141978765e-07,0.0012550263386699402,83.42111702276091,193.2015684022424
515,"[3.14030000e+01 8.66425276e+03 1.12361250e-08 1.02401203e+02
 4.42744409e+02 7.35525930e+00 4.37850887e-05 4.51523212e+02
 1.00000000e+00]","[ 0.31778646  0.0596244  -0.36719544 -0.29766797 -0.2233287   0.33420081
 -0.02426412  0.6443465  -0.30770269]",690.3090561974974,183.7763174948185,2.4548656141978765e-07,0.0012550263386699402,83.22823762907501,172.44777208226105
516,"[3.02318137e+01 1.73139473e+03 3.60177872e+02 8.79351807e+02
 3.22598766e+02 1.07665951e+01 1.09295333e+04 8.10984352e+01
 1.00000000e+00]","[-0.20109668 -0.37770602  0.13331689 -0.37714585  0.42561019  0.29175549
  0.07008911 -0.53753077  0.31107684]",-80.46184877284061,169.59287117150748,2.4548656141978765e-07,0.0012550263386699402,83.22394909949882,191.29158357752124
517,"[1.00226000e+02 1.93957758e+03 7.48211587e+02 5.23069018e+02
 1.06072184e+03 1.55937235e+01 2.30543536e+02 5.45994768e+01
 1.00000000e+00]","[ 0.06835649 -0.27341541  0.47604114 -0.68883181  0.4311215  -0.00983427
  0.03118708  0.15697498 -0.08882979]",-54.767850446932265,189.73863642258056,2.4548656141978765e-07,0.0012550263386699402,83.06096397708353,177.6356367886595
518,"[1.58927510e+01 1.87255265e+03 7.99373204e-09 3.28977245e+03
 3.97503702e+02 6.90033741e-02 8.49920421e+03 3.94004401e+01
 1.00000000e+00]","[-0.01074282 -0.12727699 -0.47678138  0.53785598  0.57020509 -0.11788954
  0.09244994 -0.34152014 -0.05348667]",2529.8120890152977,184.4223514941923,2.4548656141978765e-07,0.0012550263386699402,83.3861006915155,185.91805489277922
519,"[2.44479281e+01 1.35228949e+03 2.15730726e-09 2.90923754e+03
 3.06172118e+02 4.47809801e+00 1.44827792e-05 5.10798170e+02
 1.00000000e+00]","[-0.1174138  -0.1166703  -0.59674091  0.14941741  0.20714173 -0.31742444
 -0.00775417  0.65984738 -0.122687  ]",672.9739108276677,170.70996169881346,2.4548656141978765e-07,0.0012550263386699402,82.76547014277321,175.37028938080084
520,"[2.97138981e+01 2.25915624e+03 3.72319941e+02 7.01660507e+02
 3.71740480e+01 1.23400240e+01 6.33725917e+03 3.84767960e+02
 1.00000000e+00]","[-0.16553296 -0.10189406  0.17899964 -0.28721227 -0.32244456  0.35155904
  0.02966077  0.78106367  0.09581345]",110.95018538144583,185.16965601028426,2.4548656141978765e-07,0.0012550263386699402,83.03364781739872,172.0281492895242
521,"[3.14030000e+01 5.55343520e+03 8.83850961e-09 1.14632995e+03
 2.80987566e+03 5.14846862e-02 5.76217544e-06 6.36696088e+01
 1.00000000e+00]","[ 0.50799954  0.01496498 -0.23232753  0.04102239  0.21512312  0.32657933
 -0.28465952  0.61673353  0.26782512]",790.1059865480461,178.8690527948388,2.4548656141978765e-07,0.0012550263386699402,82.59696195911366,192.84681084891463
522,"[5.49575435e-01 1.01879007e+04 3.88257644e+02 5.36840226e+02
 3.58718802e+02 3.56994805e-02 3.96011728e+03 4.38166983e+01
 1.00000000e+00]","[ 0.30631798  0.22522571  0.83100416  0.20001794 -0.23282857  0.09425386
  0.03665639  0.05211944 -0.24023847]",2788.457361004787,171.57911910292933,2.4548656141978765e-07,0.0012550263386699402,83.13698461834284,173.74536040272596
523,"[2.48430210e+01 2.56634903e+03 9.36521887e+01 1.32247696e+03
 2.33478448e+02 5.48304219e+00 1.63084098e+04 5.62020797e+01
 1.00000000e+00]","[ 0.44941624 -0.50142338  0.02388449 -0.0886756   0.50683368  0.36510309
  0.2294599   0.21814183 -0.21851191]",2483.807115230227,171.51354230595507,2.4548656141978765e-07,0.0012550263386699402,83.40573929247229,177.22130670429215
524,"[3.74152526e+01 7.70254378e+02 6.31791025e+02 1.36679416e+03
 8.68320806e+02 9.98391533e+00 2.12688376e+03 7.43502716e+01
 1.00000000e+00]","[-2.83989123e-01 -5.51676637e-01  3.19134188e-01 -2.60501350e-01
  5.06416063e-01  2.74257256e-01  6.16073695e-02  3.31399637e-01
 -1.54930929e-04]",8.15849951783962,190.58608820797497,2.4548656141978765e-07,0.0012550263386699402,83.02559471729666,180.7372231861775
525,"[2.44452844e-08 1.01879007e+04 8.70180923e+01 4.95296739e+02
 5.01199622e+02 1.69493043e+00 1.44787602e+02 4.03248166e+02
 1.00000000e+00]","[-0.02854227  0.17795258  0.24658702 -0.04079266 -0.16980796 -0.07376061
  0.02144987  0.90162446 -0.23955561]",2095.428081251877,173.44754012781482,2.4548656141978765e-07,0.0012550263386699402,82.57016475601165,177.10295965445954
526,"[2.44559903e+01 9.59876615e+03 1.86897462e+01 5.62265286e+02
 5.78471005e+02 4.74805850e-01 3.96659812e-05 4.87549468e+02
 1.00000000e+00]","[ 0.63068564  0.08932626  0.03645223  0.02617268  0.0123922   0.36534184
 -0.10752291  0.66711632  0.04482278]",1220.8822296072808,179.8792695493505,2.4548656141978765e-07,0.0012550263386699402,82.56869257171935,178.7015445983684
527,"[2.08580000e+01 1.01151576e+03 9.42747283e+01 2.51403961e+03
 8.23503948e+01 6.87904020e+00 1.00538484e+04 6.79989256e+01
 1.00000000e+00]","[-0.01875541 -0.35459739  0.44167342  0.26158906 -0.67571183 -0.11456528
  0.07875225 -0.32516404  0.16958604]",1053.6005654822159,189.72446946375635,2.4548656141978765e-07,0.0012550263386699402,82.50281794774406,185.60612696392013
528,"[8.54639741e-11 8.56249965e+03 2.36727623e+01 5.08584120e+02
 2.15191695e+03 2.58494331e+00 1.55675674e+03 5.91354148e+01
 1.00000000e+00]","[-0.04124729  0.23237697 -0.00096485 -0.17952126  0.83084853  0.29502454
  0.0913249  -0.35385599  0.03417218]",3808.3623100945547,175.61784358377645,2.4548656141978765e-07,0.0012550263386699402,82.69113319813506,178.2776465622162
529,"[3.14030000e+01 4.12320946e+03 1.26413911e+02 7.42072796e+02
 2.07874810e+03 4.21826652e+00 5.70751534e+03 5.09561001e+01
 1.00000000e+00]","[ 0.38455502 -0.13960777 -0.11745197 -0.43191961  0.48323353  0.57958687
  0.05785032 -0.15228091  0.19054101]",430.65886807166834,172.27148834345604,2.4548656141978765e-07,0.0012550263386699402,82.54958996578209,183.56993375272026
530,"[3.85660000e+01 3.03858320e+03 5.48978466e+01 1.08390003e+03
 2.52720230e+03 1.02065387e+01 2.46453055e-06 6.70576815e+01
 1.00000000e+00]","[ 0.15518132 -0.17344572 -0.52437466 -0.33077271  0.42510211  0.5141351
 -0.28854411  0.12648645 -0.13096843]",179.56136975592528,181.69590076534547,2.4548656141978765e-07,0.0012550263386699402,82.1910235290475,159.00172373355753
531,"[9.03558750e-10 2.69311277e+03 2.22659997e+01 2.85200017e+03
 2.12501062e+02 5.15923508e-10 1.16075155e+04 4.10361009e+01
 1.00000000e+00]","[ 0.17836279  0.06680438  0.32109684  0.58268059  0.31466352  0.45935494
  0.10178507  0.42326445 -0.14687056]",3114.426748031795,179.0753173507951,2.4548656141978765e-07,0.0012550263386699402,82.43260787498092,173.71827223247692
532,"[7.81016722e+00 3.39844881e+03 8.75224335e+01 1.20452285e+03
 3.78662448e+02 2.55025064e+00 1.72341137e+04 4.63181680e+01
 1.00000000e+00]","[ 0.17268891 -0.13831078  0.30504972  0.08551554  0.52314708  0.65484163
  0.17820053  0.33670408 -0.05527145]",2947.445373361941,178.6349728258192,2.4548656141978765e-07,0.0012550263386699402,82.49984021568054,176.58106756637244
533,"[6.78774825e+00 5.56465413e+03 5.83688253e+01 7.27796976e+02
 2.22783575e+02 1.15828828e+00 1.85085348e+04 4.07924155e+01
 1.00000000e+00]","[ 0.28098815  0.17902634 -0.22301223  0.03057026  0.02449644  0.56692616
  0.66087559  0.18813294 -0.21016741]",13252.776025302177,176.687350587732,2.4548656141978765e-07,0.0012550263386699402,82.72068492437744,169.2478669217835
534,"[1.90119769e+01 3.27533290e+03 3.27175729e+01 1.85265919e+03
 2.65670804e+03 5.21217744e+00 1.48248353e-05 4.11574668e+01
 1.00000000e+00]","[ 0.17884303 -0.05526276 -0.43076007  0.28284259  0.68116857  0.35880148
 -0.13010232 -0.27908241  0.10892338]",2132.472482195762,183.02567941048437,2.4548656141978765e-07,0.0012550263386699402,80.10159494917868,165.16149797108028
535,"[6.24722769e+00 3.69415192e+03 3.63573979e+01 1.35343331e+03
 1.28689503e+02 3.80141076e+00 1.77975381e+04 4.74178643e+01
 1.00000000e+00]","[ 0.60321866 -0.14966496 -0.28752674  0.54657678 -0.19502835 -0.10425677
  0.38958483 -0.10650576 -0.14242364]",7083.148508253406,174.86802476132925,2.4548656141978765e-07,0.0012550263386699402,80.6162536447743,207.26974080153522
536,"[1.91621595e+01 1.71394794e+03 3.84154935e+02 2.14129081e+03
 1.87665020e+03 5.22094171e+00 2.46159354e-05 4.54809953e+01
 1.00000000e+00]","[-0.32828861 -0.12935228  0.6866741   0.26287251  0.44550503 -0.24903524
 -0.04814973 -0.17671922 -0.2020642 ]",1425.1994157572303,173.07206331246084,2.4548656141978765e-07,0.0012550263386699402,80.28445096491984,188.7198111649097
537,"[1.84690294e+01 3.09132456e+03 2.68352989e-08 2.77302625e+03
 1.98588395e+03 1.29021469e-01 9.17529781e-05 5.85283314e+01
 1.00000000e+00]","[ 0.44479834  0.02639687 -0.11995709  0.19638131  0.21090319  0.59061905
 -0.00910542  0.59458787  0.03966932]",1088.1321675911724,209.46716864458335,2.4548656141978765e-07,0.0012550263386699402,80.69983079134805,162.5179225821928
538,"[1.14034000e+02 4.28630153e+03 2.32056288e+02 2.01443315e+01
 1.22688222e+03 1.33704389e+01 5.44970573e-06 1.13884473e+02
 1.00000000e+00]","[ 0.39962098 -0.10039667 -0.4588912  -0.6365529   0.15813598 -0.13029637
 -0.1099861   0.40017763 -0.01482023]",-266.240258341574,197.53434033543925,2.4548656141978765e-07,0.0012550263386699402,80.34836809700582,160.0981205230703
539,"[3.14030000e+01 4.03621151e+03 3.74301553e+02 2.50845519e+02
 2.14187651e+02 8.79027866e+00 6.64810366e+03 3.82079245e+02
 1.00000000e+00]","[ 0.14704917 -0.08628586  0.24540387 -0.47582433  0.01316693 -0.0537188
  0.03366168  0.81355285  0.13505192]",165.957513206764,181.64545556389857,2.4548656141978765e-07,0.0012550263386699402,79.84998765403567,175.11836731972198
540,"[3.20122796e-08 2.45871109e+03 9.86936484e+00 2.77539181e+03
 1.11555271e+02 2.79773152e+00 1.20337410e+04 4.22465160e+01
 1.00000000e+00]","[-0.39896455  0.03039444 -0.30734217  0.30735949 -0.55372597  0.44549684
  0.05449094 -0.21245061  0.31271391]",1511.2835322800936,161.12343884615598,2.4548656141978765e-07,0.0012550263386699402,80.78251843292976,188.03678595929
541,"[1.54780000e+01 3.98779268e+03 4.22061079e+01 3.83223346e+03
 2.26738086e+02 2.45046279e+00 8.22198974e-01 3.90458494e+01
 1.00000000e+00]","[ 0.54477898  0.11334191  0.36709588  0.3949479  -0.30439372  0.42226601
  0.02778005 -0.35078246  0.06958496]",1907.855266421711,194.0463602703096,2.4548656141978765e-07,0.0012550263386699402,80.05921627082908,188.63222606753584
542,"[1.75543801e+01 2.16664998e+03 5.97909884e+01 1.93538164e+03
 1.80771309e+02 4.51470588e+00 1.48523759e+04 4.84551935e+01
 1.00000000e+00]","[-0.21688575 -0.50503755 -0.38199458  0.43722015  0.40138356  0.17277088
  0.24558628  0.29618902 -0.14770661]",3460.383681898691,176.61116011562763,2.4548656141978765e-07,0.0012550263386699402,80.35694429915522,184.11550627724063
543,"[1.96930872e-09 7.48016491e+03 2.78399999e+01 1.58763818e+03
 1.98902398e+03 4.38523373e+00 2.78948389e+02 4.34243001e+01
 1.00000000e+00]","[ 0.00361398  0.21639483  0.25603301  0.61273952  0.59565481  0.13415386
  0.06071682 -0.26259739  0.25828619]",3789.7576867426383,182.59066375408338,2.4548656141978765e-07,0.0012550263386699402,79.70025845689901,167.84992498699728
544,"[2.95659261e+01 3.05031726e+03 3.30703548e+02 7.53819489e+02
 4.90840757e+02 6.80264104e+00 6.68775499e-06 7.08353149e+02
 1.00000000e+00]","[-0.06926853 -0.07057768  0.18448402 -0.14754497  0.20717568 -0.26303107
 -0.3583632   0.83131181 -0.05297326]",421.1652635821255,189.14249639802176,2.4548656141978765e-07,0.0012550263386699402,80.05256450633294,197.50801437468363
545,"[1.10143711e+02 3.46625680e+03 3.68146610e+02 1.64521921e+02
 1.48893582e+03 1.77969057e+01 2.95850314e+02 6.52765980e+01
 1.00000000e+00]","[ 0.09811262 -0.11017815 -0.17869886 -0.5405811   0.18207499  0.65959974
  0.01491942 -0.3597393   0.2370979 ]",-261.81884581060456,191.54862516466596,2.4548656141978765e-07,0.0012550263386699402,79.51051028351506,170.30153724977527
546,"[1.71261736e+01 7.41283271e+03 3.79842202e+01 1.57670459e+03
 1.80896478e+02 3.17950116e+00 8.95448848e-05 4.48683015e+02
 1.00000000e+00]","[ 0.46462888  0.07509191  0.10827297  0.17102539 -0.53132404  0.27244521
  0.01099985  0.59255907 -0.17242276]",1008.8205968787444,190.23032944149327,2.4548656141978765e-07,0.0012550263386699402,79.61926597205472,164.0382821566263
547,"[3.09207048e+01 2.32800551e+03 9.16545343e+02 1.20196307e+03
 1.18984797e+03 3.00715194e-01 2.40475518e+03 5.15631674e+01
 1.00000000e+00]","[ 0.76144706 -0.02387481  0.52075728  0.06453661  0.24440107  0.16959812
  0.03063129  0.23283985  0.02504324]",899.37495493467,179.6871701826973,2.4548656141978765e-07,0.0012550263386699402,80.29127111456839,175.01483286606071
548,"[1.14034000e+02 9.85076232e+02 1.04023022e+02 9.96325716e+02
 2.55599662e+00 2.88740698e+01 4.58416111e+03 8.83378633e+01
 1.00000000e+00]","[-0.1230554  -0.24209687 -0.50681953 -0.35593495 -0.2176524   0.29159101
  0.00651889 -0.58215997 -0.26709574]",-673.8115587177562,165.84318763572685,2.4548656141978765e-07,0.0012550263386699402,79.89012631473183,176.87710100313154
549,"[3.85660000e+01 4.30280146e+03 2.94097232e-09 7.97093670e+02
 2.51242761e+02 8.84720637e+00 1.48950065e-06 7.97606381e+02
 1.00000000e+00]","[ 0.46527319 -0.01589439 -0.40702665 -0.17459506 -0.23436719  0.33059197
 -0.26456758  0.59311379 -0.03339298]",227.4644077107253,174.3959803269892,2.4548656141978765e-07,0.0012550263386699402,79.6677506866142,172.9748839188939
550,"[2.08580000e+01 6.93735089e+02 5.52688711e+02 2.65286564e+03
 1.20966035e+02 7.17272239e+00 3.83459744e+03 6.23042310e+01
 1.00000000e+00]","[ 0.03903699 -0.21496186  0.48542346  0.20515273 -0.67726398 -0.05968679
  0.03624408 -0.44164474 -0.1262189 ]",693.2031890284417,172.09382284736637,2.4548656141978765e-07,0.0012550263386699402,80.18453857332608,168.17062362055373
551,"[2.00716989e+01 1.12885091e+03 2.99092822e+02 2.71403348e+03
 1.26779706e+03 1.88778860e+00 1.53353021e+03 5.14128228e+01
 1.00000000e+00]","[ 0.06350064 -0.21320658  0.63942974  0.28013213  0.42546758  0.17758528
  0.04653756  0.43432416 -0.24454816]",1345.3267774222509,187.919639932132,2.4548656141978765e-07,0.0012550263386699402,80.0252114045193,162.8076393735772
552,"[9.81469317e-10 3.40938772e+03 6.53693867e+02 9.74834690e+02
 1.73545747e+02 8.52750436e-01 1.32902633e+04 4.08609697e+01
 1.00000000e+00]","[-0.53457252  0.04635836  0.56002219  0.1644202  -0.22071286  0.36805117
  0.04087037  0.38335832  0.19650562]",1205.4681047108713,171.5120004690084,2.4548656141978765e-07,0.0012550263386699402,79.83751330353701,167.98980533153957
553,"[1.80938219e-08 1.01879007e+04 8.90302783e+01 4.89146533e+02
 1.68779647e+03 5.24910488e+00 2.27142739e-05 4.09015522e+01
 1.00000000e+00]","[ 0.33584998  0.19615141  0.49520233  0.03750459  0.43243781  0.2211053
 -0.24752433 -0.45729576 -0.30954767]",2772.818229439004,163.9499525468559,2.4548656141978765e-07,0.0012550263386699402,79.72474382317164,181.54929405731036
554,"[1.86440001e+01 2.90467260e+03 8.49722613e+01 1.39618190e+03
 9.81408874e+01 5.34559735e+00 1.70480380e+04 5.29739364e+01
 1.00000000e+00]","[-0.17934926 -0.3916666  -0.36589436  0.02623892 -0.10391812  0.70258056
  0.24153625 -0.27039416 -0.20974454]",2961.279093305896,156.5283925973904,2.4548656141978765e-07,0.0012550263386699402,79.76437570133305,157.48097346789018
555,"[3.74505083e+01 1.77621950e+02 3.25849635e+02 1.80253861e+03
 5.83309286e+02 1.64741960e+01 3.98964754e+02 1.02412294e+02
 1.00000000e+00]","[ 0.10139829 -0.71201711  0.09777978 -0.15335456  0.38024033 -0.42590167
  0.05244227  0.32583521  0.12156397]",-98.0434243774361,174.0836461263017,2.4548656141978765e-07,0.0012550263386699402,78.40987061386335,168.38510371327845
556,"[3.90520585e+01 3.94014676e+03 3.09544654e+02 2.20590833e+02
 1.59231350e+02 1.91529717e+01 1.44388000e-05 5.27920923e+02
 1.00000000e+00]","[-0.13430525 -0.0506603  -0.27983013 -0.41348258 -0.57181561 -0.11616562
 -0.1797598   0.56419223  0.19755729]",-177.91373899466845,164.51344495605704,2.4548656141978765e-07,0.0012550263386699402,78.76864622936303,159.8815205442652
557,"[3.56938630e-01 5.84289188e+03 1.68129604e-07 2.36992219e+03
 5.30192647e+02 2.22579218e+00 8.71932670e+03 4.07231692e+01
 1.00000000e+00]","[ 0.64242212  0.15533169  0.03486284  0.52855235  0.4287378   0.06917481
  0.07249096 -0.25889791 -0.1473043 ]",3009.292981657326,183.79900506480226,2.4548656141978765e-07,0.0012550263386699402,78.67547383365344,177.32224987385894
558,"[3.47830000e+01 1.39483483e+02 1.79284743e+02 1.99850441e+03
 6.51708324e+02 1.76391774e+01 4.21566545e-06 1.00287452e+02
 1.00000000e+00]","[-0.15248511 -0.67503256 -0.00857792 -0.08200699  0.32057419  0.05080113
 -0.04579495 -0.63448845 -0.0652631 ]",-118.76853221765865,158.674002735211,2.4548656141978765e-07,0.0012550263386699402,79.13371780478427,206.6125511703974
559,"[2.09191629e+01 2.21551078e+03 6.44120728e+01 3.05455143e+03
 9.29741544e+01 8.41397033e+00 9.22863771e-05 4.36178811e+02
 1.00000000e+00]","[ 0.48584704  0.0208092   0.17585303  0.15785011 -0.53323959  0.47423235
  0.00164026  0.41736947  0.15568537]",686.3709496329311,191.51544136889095,2.4548656141978765e-07,0.0012550263386699402,79.02309983810943,189.29278864818377
560,"[1.67396369e-08 7.67010672e+03 1.21255653e+02 1.99462175e+03
 1.29854666e+03 4.78151480e+00 2.82425634e-05 4.07500976e+01
 1.00000000e+00]","[ 0.19035346  0.12025492  0.63539534  0.36595147  0.28860474  0.37431553
 -0.25188381 -0.07523254  0.34517591]",2103.1840548908385,188.2597379138615,2.4548656141978765e-07,0.0012550263386699402,78.6647475897256,169.0395561735304
561,"[2.63008127e+01 1.94524985e+03 8.28841187e+02 1.30817470e+03
 1.39779697e+03 3.42269840e-01 1.42583437e+03 6.00580308e+01
 1.00000000e+00]","[ 0.30699923 -0.06318268  0.46185884  0.07750298  0.27258294 -0.25161557
  0.03364901  0.73689086 -0.02620824]",842.5006860579094,177.44463505923318,2.4548656141978765e-07,0.0012550263386699402,78.67804053757855,169.70598777011185
562,"[2.40710707e-08 3.68411968e+03 4.21108297e+01 3.65306484e+03
 3.31999273e+02 8.71840532e-02 3.81926631e+03 3.90458494e+01
 1.00000000e+00]","[ 0.34917131  0.14746158  0.60266196  0.58009708  0.26128835 -0.09797461
  0.05346205  0.17386651 -0.21368677]",2985.2768142375967,167.20183355345716,2.4548656141978765e-07,0.0012550263386699402,78.35587124588855,167.02153447703404
563,"[1.07074000e+02 1.89812798e+03 8.75958120e+01 6.91186627e+02
 2.39910075e+02 2.64996866e+01 3.08783203e-05 3.55031855e+02
 1.00000000e+00]","[-0.37778305 -0.14277566 -0.51573783 -0.41258012  0.05939718  0.42771149
 -0.11072793  0.3476134  -0.28482683]",-493.09035191937096,164.9457617769154,2.4548656141978765e-07,0.0012550263386699402,78.85934881768186,212.70511120696983
564,"[3.14030000e+01 2.93613289e+03 5.10184433e+02 1.91714846e+02
 9.81209340e+01 2.74869178e+01 2.90412047e+02 3.02637554e+02
 1.00000000e+00]","[-0.50443768 -0.09163298  0.1825287  -0.49064742 -0.44943967 -0.11156093
  0.00708687  0.4828503  -0.12432983]",-184.93205666779116,169.34316485185911,2.4548656141978765e-07,0.0012550263386699402,78.6184470771249,180.52244799665948
565,"[4.00292532e+01 7.43642921e+03 1.12788504e+01 1.91048051e+02
 1.08901955e+02 1.99842412e+01 7.95517319e+03 6.52297803e+01
 1.00000000e+00]","[ 0.06482797  0.02756326 -0.26459457 -0.25249359 -0.74768141 -0.00251859
  0.01153956 -0.52064689  0.17616506]",132.8839396972877,169.4466678050506,2.4548656141978765e-07,0.0012550263386699402,78.99767948404723,168.68849678180823
566,"[3.14030000e+01 1.21086245e+03 5.52855798e+01 2.37456190e+03
 1.49362703e+03 6.36709539e+00 3.26657894e+03 5.86216247e+01
 1.00000000e+00]","[ 0.41111547 -0.46297661 -0.14655701  0.19128907  0.668286    0.26777983
  0.08374224 -0.05082287 -0.17509517]",1168.7057708273744,166.823830372962,2.4548656141978765e-07,0.0012550263386699402,78.35772286746837,168.7524769566853
567,"[7.10291308e+01 6.42881626e+02 7.70740451e+02 7.67810257e+02
 1.90381130e+02 1.87475486e+01 2.46029977e-05 9.82287258e+01
 1.00000000e+00]","[-0.14943297 -0.33146915  0.13377676 -0.3914576   0.22363658  0.58995916
  0.0057233   0.53970822 -0.08532218]",-314.6015271303761,173.39427626371403,2.4548656141978765e-07,0.0012550263386699402,78.56578702768894,167.0433480144224
568,"[3.68654518e+01 1.39203571e+03 9.66357554e+02 8.29905867e+02
 8.77740141e+02 1.23434747e+01 3.32141029e-07 5.84684345e+01
 1.00000000e+00]","[-0.13957885 -0.32665762  0.63770938 -0.44161621  0.44234628  0.05665786
  0.00645894 -0.25537264 -0.089315  ]",163.83457033137245,169.66966357623642,2.4548656141978765e-07,0.0012550263386699402,78.43205863705045,174.3021166925548
569,"[2.76200000e+01 2.03721001e+03 2.68385536e+02 1.38133637e+03
 1.13510428e+02 6.31239464e+00 1.42859432e+04 5.87148412e+01
 1.00000000e+00]","[-0.10325837 -0.39334844  0.71973079 -0.01920763  0.04662652  0.51332348
  0.13928715 -0.17605442 -0.01273878]",1350.47927430733,169.52959196321626,2.4548656141978765e-07,0.0012550263386699402,78.32706345566285,170.4387106522331
570,"[3.14030000e+01 4.56004073e+01 5.68369799e+01 2.30498456e+03
 3.67219982e+01 3.36727048e+01 2.37559288e-06 8.45878588e+01
 1.00000000e+00]","[-1.43521735e-01 -3.53019720e-01 -1.17187157e-01  5.40576722e-04
 -4.98745082e-01  5.45261978e-01 -6.54647166e-02 -5.35684627e-01
  6.11926230e-02]",-71.22509262519253,164.91660130017203,2.4548656141978765e-07,0.0012550263386699402,78.62813129974693,165.26318125149996
571,"[2.28758615e+01 3.09317075e+03 1.09010738e+03 7.89806340e+02
 1.10166816e+03 4.79325746e+00 4.27092785e-06 3.97917694e+01
 1.00000000e+00]","[ 0.49652762  0.02960749  0.76835375  0.06000122  0.28992472 -0.03514485
 -0.05041474 -0.11004992 -0.24222294]",1302.5280392491563,164.39562174917546,2.4548656141978765e-07,0.0012550263386699402,78.923429425659,181.87632571926622
572,"[2.94030000e+01 7.54916425e+03 4.37124604e+02 1.03027330e-08
 1.79405043e+03 8.19056300e+00 5.67976919e-05 5.20334857e+01
 1.00000000e+00]","[ 0.1952191   0.03288225  0.47464431 -0.66975925  0.24797857 -0.16522655
 -0.00258454 -0.26475259  0.35784046]",891.5668487493479,181.19632646683783,2.4548656141978765e-07,0.0012550263386699402,78.77537518581657,160.96125994818613
573,"[2.54880040e+00 8.88751813e+03 2.91187774e+02 3.48079106e+01
 3.37795066e+02 2.28247298e+00 1.01471249e+04 5.53928155e+01
 1.00000000e+00]","[-0.14103107  0.09868703  0.26504746 -0.31953775 -0.41444612  0.6680291
  0.03465841  0.39833571 -0.14182937]",1177.912668501688,165.59327164915112,2.4548656141978765e-07,0.0012550263386699402,78.06173817601774,169.7120114656853
574,"[1.20717554e+01 8.28815740e+03 2.79050373e+02 1.33753601e+02
 4.97279667e+02 2.38125478e+00 3.54759364e+03 4.27815350e+02
 1.00000000e+00]","[ 0.28448804  0.07084856  0.19854432 -0.16433489 -0.11473627  0.54984094
  0.02415581  0.72414872 -0.08459842]",963.7273944804924,179.9110582003393,2.4548656141978765e-07,0.0012550263386699402,78.07742836634421,165.06370481370868
575,"[2.57211083e+01 1.97217419e+02 7.63578890e+02 1.89103889e+03
 9.47754183e+01 1.46178982e+01 2.48350003e-07 8.85573548e+01
 1.00000000e+00]","[ 0.04678709 -0.26424934  0.39143279  0.1038865  -0.73718878 -0.1005091
 -0.22702273  0.30865743  0.2522164 ]",400.6815772687752,165.95293693591026,2.4548656141978765e-07,0.0012550263386699402,78.133586717039,158.09242459678717
576,"[2.12116103e+01 1.91568404e+03 6.27373151e-09 1.97999826e+03
 8.46201489e+00 9.81584005e+00 8.02477172e+03 3.63965399e+02
 1.00000000e+00]","[ 0.00798252 -0.03451512 -0.34650623  0.07474425 -0.40127592  0.59348539
  0.02168658  0.45938368 -0.38515032]",425.31711671297006,173.2859312610563,2.4548656141978765e-07,0.0012550263386699402,78.00484762494143,167.57354147690683
577,"[1.41088956e+00 1.01879007e+04 2.87865934e+02 2.42755256e-07
 6.19465060e+02 1.38427870e+00 6.85461288e+03 4.69844077e+01
 1.00000000e+00]","[ 0.55540969  0.33201878  0.53445764 -0.33714811  0.1716689   0.3722512
  0.04178082  0.074396    0.08153659]",3934.0366484438373,162.90878298824737,2.4548656141978765e-07,0.0012550263386699402,78.35272736522391,161.37073973510684
578,"[3.14030000e+01 4.27084581e+03 1.02166815e+03 7.19279907e+01
 8.19459095e+02 1.01292989e+01 9.39290440e-08 6.11063361e+01
 1.00000000e+00]","[ 0.08563544 -0.06180297  0.65659211 -0.57596395  0.32350906  0.2445223
 -0.22950255 -0.04956929  0.08013418]",632.7600073865967,160.62783319808057,2.4548656141978765e-07,0.0012550263386699402,77.84544729547146,170.40733620991955
579,"[1.43782201e+01 1.01879007e+04 3.67606016e+02 2.18853762e+02
 1.24888457e+03 6.73299591e+00 1.40665750e-04 4.04898828e+01
 1.00000000e+00]","[ 0.58598289  0.18518889  0.51827177  0.02995639  0.20788103  0.38713734
 -0.01269496 -0.12263967 -0.38017709]",2349.0674068659087,157.71686787698536,2.4548656141978765e-07,0.0012550263386699402,78.64997111850623,175.3283963420671
580,"[1.10240227e+02 1.97968399e+03 6.87515580e+02 3.48774608e+02
 2.70731229e+02 1.70891058e+01 5.11598058e+03 6.02094044e+01
 1.00000000e+00]","[ 0.15501494 -0.17946239  0.18027738 -0.62051435  0.10050383 -0.45934074
  0.02898976 -0.54224101 -0.10131619]",-295.74457077527495,158.77217635872074,2.4548656141978765e-07,0.0012550263386699402,78.2485205500703,155.075436807399
581,"[6.45683765e+00 5.18839137e+03 6.48786144e+01 7.19160880e+02
 5.21716803e+02 1.88344376e-01 1.75604631e+04 4.05457308e+01
 1.00000000e+00]","[ 0.04813627 -0.02856111  0.10491862 -0.15726377  0.88857498  0.03143496
  0.22500169 -0.32879033  0.10883406]",4147.335770565046,168.27871006797523,2.4548656141978765e-07,0.0012550263386699402,78.33262306120342,176.02720323617586
582,"[2.76200000e+01 1.62867455e+03 1.41814624e+02 1.49305661e+03
 6.00579549e+02 8.33645039e+00 1.08936702e+04 7.35114468e+01
 1.00000000e+00]","[ 0.32637731 -0.47643952  0.24851566 -0.07327492  0.59636157  0.16754999
  0.10401614 -0.24532098 -0.38030531]",633.1518019615033,173.71726018793925,2.4548656141978765e-07,0.0012550263386699402,78.01934204488826,170.56238942364007
583,"[3.14030000e+01 4.91816221e+02 5.48247226e+01 2.92820585e+03
 9.98871748e+02 9.10693137e+00 5.01316754e-07 8.16687975e+01
 1.00000000e+00]","[ 0.44627092 -0.23351802 -0.24788816  0.12248147  0.24372985  0.43787088
 -0.00460978  0.60549681  0.22820728]",541.3477976500159,171.11123368031633,2.4548656141978765e-07,0.0012550263386699402,77.9910939219169,163.40934312603918
584,"[1.14034000e+02 5.30135078e+03 7.32359430e+01 4.55966411e+01
 2.84465532e+01 3.64403648e+01 2.11328649e-05 1.01432050e+02
 1.00000000e+00]","[ 0.23077832 -0.02108988 -0.36975673 -0.47214053 -0.60429235  0.25687121
 -0.01360106 -0.37075033  0.13366752]",-179.39761510958743,177.09842480264322,2.4548656141978765e-07,0.0012550263386699402,78.00834404537102,179.94369381279012
585,"[2.19061138e+01 3.18865691e+02 8.01669274e+01 3.44322445e+03
 7.82010258e+01 2.45417118e+01 3.32944166e-06 6.67384767e+01
 1.00000000e+00]","[ 0.18326757 -0.13418299  0.12675371  0.07819523 -0.37829198  0.68139465
 -0.14939319 -0.53437292 -0.10464561]",192.00541110579218,155.6118837552694,2.4548656141978765e-07,0.0012550263386699402,77.50732343105564,167.46481521763053
586,"[1.14034000e+02 5.01515324e+02 5.77377156e+01 1.52428421e+03
 6.76673868e+02 2.10752735e+01 1.30033472e-03 9.76177826e+01
 1.00000000e+00]","[-1.36488911e-02 -4.18296117e-01 -7.51662890e-01 -4.08586071e-01
  1.37837585e-01  1.12142589e-01 -4.12232742e-04  1.92924551e-01
 -1.55264858e-01]",-763.2268160502782,173.02255808553184,2.4548656141978765e-07,0.0012550263386699402,76.78966271774382,184.05090584617017
587,"[3.05960108e+01 2.82650027e+03 1.14898328e+03 8.16354927e+02
 3.07476087e+02 2.30864842e+00 5.11344471e+03 3.90458494e+01
 1.00000000e+00]","[ 0.58313338  0.01578544  0.68212273  0.01771814 -0.05598828  0.12849168
  0.02151857 -0.35185229 -0.22403806]",939.8242026275085,167.04692343572628,2.4548656141978765e-07,0.0012550263386699402,77.72915589774779,156.4466466664809
588,"[3.09995465e-09 3.33696399e+03 5.75336888e+02 1.41307992e+03
 1.04440200e+02 7.04188942e+00 1.04129272e-05 4.91173423e+02
 1.00000000e+00]","[-0.2667921   0.04545491  0.41402704  0.10618424 -0.62200174 -0.20647398
 -0.04785365  0.54567018  0.12041076]",741.6563787559749,182.89681951822524,2.4548656141978765e-07,0.0012550263386699402,77.32982114293833,150.51114769198966
589,"[3.14030000e+01 2.05091523e+03 5.08231501e+01 1.14820544e+03
 1.83648338e+01 1.12128355e+01 1.43758815e+04 8.27207673e+01
 1.00000000e+00]","[-0.0547344  -0.21586562 -0.54789492 -0.30977618 -0.25488798  0.6899083
  0.061872   -0.0867571  -0.04426922]",57.32510160954102,167.0698829844576,2.4548656141978765e-07,0.0012550263386699402,77.39013057251783,161.6239558646971
590,"[2.05058697e+01 1.00106004e+03 6.43817504e+01 3.16548374e+03
 8.59826781e+02 2.75395127e+00 4.16275910e+03 4.44574374e+01
 1.00000000e+00]","[-0.22286743 -0.31224853 -0.02690342  0.37336765  0.49149396  0.53040031
  0.06714094 -0.32629121  0.28078301]",1552.334157691812,176.97657179025146,2.4548656141978765e-07,0.0012550263386699402,77.22064626948043,186.49612912658813
591,"[3.01907073e-08 8.14562896e+03 6.00863648e-08 1.07616036e+03
 4.31746998e+02 1.64829377e-01 1.29035762e+04 4.12311609e+01
 1.00000000e+00]","[-0.0353154   0.34660999 -0.4337231   0.75616203 -0.27542072  0.03136352
  0.13455708  0.15061901 -0.03294945]",5260.645870397713,151.60558433003916,2.4548656141978765e-07,0.0012550263386699402,77.7273273867305,161.72193292300835
592,"[2.19979975e-08 1.01879007e+04 7.73868569e-08 5.99490791e+02
 1.69738831e+03 5.04247585e+00 3.51718589e+02 4.20722372e+01
 1.00000000e+00]","[ 0.31994424  0.22730774 -0.03876912  0.06125647  0.47729824  0.4546737
  0.04294437 -0.62943263 -0.09022219]",3153.4969802655246,159.96041567879683,2.4548656141978765e-07,0.0012550263386699402,77.74035748390382,178.0675984676044
593,"[4.82000009e-01 5.49723550e+03 1.36719407e-09 3.40781498e+03
 4.75187529e+02 4.48228567e+00 1.79720714e-05 3.90458493e+01
 1.00000000e+00]","[ 0.54503971  0.12748498 -0.41698779  0.42724284  0.20062     0.4634388
  0.01735993 -0.16082684  0.22152537]",2248.393538057379,161.43069036703582,2.4548656141978765e-07,0.0012550263386699402,77.04616431313643,170.0479251290826
594,"[8.53788150e+00 6.47608609e+03 5.13227197e+01 8.44521379e+02
 2.77758501e+03 2.92092537e+00 1.27726293e+02 5.73053919e+01
 1.00000000e+00]","[-0.00281306  0.11630552 -0.20899564 -0.04900376  0.80968531  0.16310305
  0.02363807 -0.27632978 -0.42576372]",2937.2740361512865,156.52554445367832,2.4548656141978765e-07,0.0012550263386699402,77.21916640524347,160.96691817411568
595,"[3.14030000e+01 1.68302115e+03 4.10979056e+01 2.36077086e+03
 1.28434483e+02 4.44803118e+00 1.29037937e+04 4.65036413e+01
 1.00000000e+00]","[ 0.52978351 -0.17085764 -0.48831293  0.15962702  0.01122358  0.62157235
  0.06613743 -0.1866767   0.02250106]",934.8252957674238,158.31626170787672,2.4548656141978765e-07,0.0012550263386699402,77.23649452156134,169.21024160460684
596,"[3.06832683e+01 6.25077239e+03 6.76789800e-09 5.26561079e+02
 2.58402197e+02 3.80952308e+00 1.18209739e+04 2.97196248e+02
 1.00000000e+00]","[ 0.14139428  0.02311849 -0.42312863 -0.21162757 -0.23073601  0.42885003
  0.02869658  0.6970152   0.17844885]",525.9733371009396,167.54114355567515,2.4548656141978765e-07,0.0012550263386699402,76.911010770252,168.4358154174497
597,"[2.92225154e+01 2.29951147e+03 6.83653930e+02 7.02767342e+02
 3.44768523e+02 3.97389846e+00 1.08183052e+04 5.49705774e+01
 1.00000000e+00]","[-0.32320093 -0.22772111  0.5758842  -0.46259521  0.44707351 -0.12820463
  0.07357484 -0.05847478  0.27000668]",482.1547135766697,165.66257068354764,2.4548656141978765e-07,0.0012550263386699402,77.00291150808818,172.98301104538564
598,"[2.95997027e+01 3.77572051e+03 1.93108299e+02 6.76076318e+02
 1.81952464e+02 5.14448795e+00 1.69524719e+04 5.52065064e+01
 1.00000000e+00]","[-0.05407298 -0.25263924  0.11421595 -0.87994777  0.22086519  0.09768303
  0.16096377  0.20326684  0.14263949]",1252.4361098302588,164.11388649782293,2.4548656141978765e-07,0.0012550263386699402,76.4946377974506,165.747964202581
599,"[3.98139852e-08 3.03999243e+03 1.08946537e+03 1.09798688e+03
 1.01366577e+03 1.06293952e+00 8.32416281e-04 6.14733021e+01
 1.00000000e+00]","[-0.28641748  0.03767915  0.63927955  0.10797564  0.22632574 -0.28140443
 -0.00132561  0.59822979  0.08897078]",1195.5567658797593,193.88990596931558,2.4548656141978765e-07,0.0012550263386699402,76.17315081052604,200.6426398887504
600,"[1.92610000e+01 5.47567851e+03 3.70213046e+01 6.98814878e+02
 2.06732121e+02 1.68037573e+00 1.84361597e+04 4.23534155e+01
 1.00000000e+00]","[ 0.74283461  0.00840077 -0.20478935 -0.17942861 -0.02835873  0.51537083
  0.08570383 -0.31409978 -0.03972067]",1489.0485729754253,155.64708817627525,2.4548656141978765e-07,0.0012550263386699402,76.5653208478429,171.61315486792728
601,"[2.00727714e+01 7.97535813e+02 6.59968416e+01 3.21537949e+03
 1.85038368e+02 4.33529219e+00 6.72763182e+03 5.82454151e+01
 1.00000000e+00]","[-4.62577689e-01 -2.57450863e-01  3.14221328e-01  2.23142212e-01
  1.39639002e-01  1.27365302e-01  4.90221940e-02  7.30129519e-01
 -4.30179298e-04]",922.3332833923295,153.6234422630838,2.4548656141978765e-07,0.0012550263386699402,75.68938954012539,163.10810074000642
602,"[4.14182845e+01 1.17010979e+03 1.13225640e+02 1.17436392e+03
 5.57907397e+02 1.56885368e+01 7.01860656e+03 9.73283347e+01
 1.00000000e+00]","[-0.15945633 -0.43880584 -0.44050774 -0.45095072  0.27033794  0.36557959
  0.04318607 -0.38798596 -0.15965688]",-677.7691263451592,194.30129373614773,2.4548656141978765e-07,0.0012550263386699402,75.95084179562505,167.03424935972384
603,"[4.54869511e-09 4.21893838e+03 8.95752416e+02 1.16243403e+03
 5.97529329e+02 2.92616560e+00 5.88474554e+03 3.90458493e+01
 1.00000000e+00]","[-0.40150479  0.07967672  0.78547245  0.20642651  0.26022055  0.25596519
  0.0362942  -0.09737874 -0.1698053 ]",1645.5457531380202,199.81006510124598,2.4548656141978765e-07,0.0012550263386699402,75.75740150560054,156.226818880853
604,"[9.70938535e+00 4.45869779e+03 5.96419146e+01 1.45128529e+03
 2.79923333e+03 3.12513247e+00 5.67566386e+02 4.54088917e+01
 1.00000000e+00]","[ 0.06905959  0.01602351  0.3605353   0.30045653  0.81302745 -0.1420792
  0.08495338 -0.02338488 -0.29283123]",2851.9371898095956,163.17003904227795,2.4548656141978765e-07,0.0012550263386699402,75.91336134825222,166.47299410110088
605,"[5.96296409e+00 7.85733607e+03 3.96839727e+02 2.31380903e+02
 4.58304107e+02 2.36292103e-01 1.25452043e+04 3.92321655e+01
 1.00000000e+00]","[ 0.55909954  0.09290559  0.73380215  0.07583003  0.24408027  0.23955192
  0.05021731 -0.1214377   0.01820103]",1779.2317828542364,178.65524399492529,2.4548656141978765e-07,0.0012550263386699402,75.6371420467893,157.92269504996068
606,"[5.98111042e+00 3.70399354e+03 3.06773922e+01 1.70359740e+03
 1.78120999e+03 8.25271873e-02 7.99254768e+03 3.91249744e+01
 1.00000000e+00]","[-0.02598021 -0.00891505 -0.04617687  0.42635997  0.88314942 -0.03312955
  0.13344598 -0.11007026 -0.06600509]",3327.025120286964,167.05192052588518,2.4548656141978765e-07,0.0012550263386699402,75.57692159098282,162.16001002417636
607,"[6.54967834e+00 3.05940294e+03 5.82773117e+01 1.69142383e+03
 3.01524821e+02 1.41267332e+00 1.64425012e+04 3.99652696e+01
 1.00000000e+00]","[ 0.42547122 -0.11079326  0.32373494  0.47345872  0.45719222 -0.20663841
  0.18628018 -0.33067646  0.28628697]",3671.056972773694,166.32387163986823,2.4548656141978765e-07,0.0012550263386699402,75.53245967587121,159.57662389118332
608,"[2.76200000e+01 2.08567394e+03 1.03663963e+03 9.21209263e+02
 2.34733323e+02 1.98687100e+00 7.27592106e+03 4.68573932e+01
 1.00000000e+00]","[ 0.09131668 -0.08536002  0.93472273 -0.01856833  0.02618094 -0.30911432
  0.0576132   0.07169448 -0.07501381]",1204.3592124558415,160.22866124790767,2.4548656141978765e-07,0.0012550263386699402,75.57492866836334,161.73192612650791
609,"[6.20748611e+00 8.96347585e+03 3.82514763e+01 4.93439385e+02
 2.94753450e+02 6.50201659e-02 1.26176169e+04 3.93772759e+01
 1.00000000e+00]","[ 0.30280356  0.26405844 -0.02146875  0.07111792 -0.87244668  0.01014703
  0.09425334 -0.22299781  0.1148329 ]",3326.462593172926,161.94706958537927,2.4548656141978765e-07,0.0012550263386699402,75.89121745788131,171.4458771873455
610,"[3.08969167e+01 2.74598584e+03 5.19057100e+01 1.87922910e+03
 2.55462143e+03 6.46827702e+00 4.43742387e+02 4.19017564e+01
 1.00000000e+00]","[ 0.76949356 -0.08401839  0.00669201  0.19119633  0.51399019  0.29127432
  0.04981327 -0.07975395 -0.07969353]",1486.3278669112624,172.41974511083936,2.4548656141978765e-07,0.0012550263386699402,75.25865649905401,153.90383709987827
611,"[1.84135947e+01 1.57313555e+03 6.75058438e+01 3.55301131e+03
 2.65477866e+02 5.14185671e-01 7.19995005e+03 3.91556021e+01
 1.00000000e+00]","[ 0.52908845 -0.04435082  0.33729314  0.29664723  0.08406269  0.70328788
  0.04508876  0.09814092  0.054655  ]",1367.945418960182,167.00736317787027,2.4548656141978765e-07,0.0012550263386699402,75.38210048274426,162.21583539576568
612,"[3.80840000e+01 1.70246056e+03 6.54728923e+02 7.86840482e+02
 9.79201799e+01 8.28701412e+00 9.82656826e+03 6.88428749e+01
 1.00000000e+00]","[-0.13671263 -0.33850585  0.50260224 -0.59155835 -0.33401467  0.2175612
  0.06679787 -0.31700843  0.01783737]",-114.20924191413597,158.30331171025742,2.4548656141978765e-07,0.0012550263386699402,75.59236956562165,171.29566561710175
613,"[3.64214268e+01 1.05890345e+03 1.09660328e+03 7.60444843e+02
 1.75714693e+02 1.74751435e+01 1.53987327e-06 6.93834691e+01
 1.00000000e+00]","[-0.36467512 -0.13551236  0.46205459 -0.27112774 -0.40145942  0.50934281
 -0.03399801  0.32315282 -0.18830929]",104.32806538675742,160.12672518986903,2.4548656141978765e-07,0.0012550263386699402,74.98748135518679,174.5954969480149
614,"[4.52110000e+01 4.56414641e+03 2.87746362e+02 1.03332241e+02
 6.23576779e+02 9.57659203e+00 1.07672017e+04 5.64412505e+01
 1.00000000e+00]","[-0.00858186 -0.0787282  -0.34605822 -0.48868485  0.1560396   0.6091155
  0.02515231 -0.48457231  0.06592441]",-163.11691375586105,151.96860093510773,2.4548656141978765e-07,0.0012550263386699402,75.18921141809332,166.360173299964
615,"[6.36150788e+00 7.75257903e+03 2.92792246e+01 1.43503976e+03
 6.50228069e+01 6.37332340e+00 7.04789885e+03 5.05476335e+01
 1.00000000e+00]","[ 0.29446712  0.06522364  0.11165003  0.14069918 -0.91843942  0.14925125
  0.02113586 -0.03619221  0.09596611]",801.1642857800454,165.35610220111005,2.4548656141978765e-07,0.0012550263386699402,75.67464524285221,172.4347938232157
616,"[2.76200000e+01 6.35464738e+02 8.04263921e+02 2.15287862e+03
 3.20523746e+02 1.79583391e+00 2.98947868e+03 5.27682211e+01
 1.00000000e+00]","[ 0.45877033 -0.34167944  0.58153456  0.17523025  0.36339571  0.09965395
  0.05712401 -0.39798872 -0.01585347]",906.9126423790183,152.9755717516482,2.4548656141978765e-07,0.0012550263386699402,75.49011991247048,192.13884775365682
617,"[2.65267343e+01 2.38382770e+03 5.28069565e+01 2.04005344e+03
 1.13061866e+03 1.11612890e+00 9.87724464e+03 4.02461856e+01
 1.00000000e+00]","[ 0.5949126  -0.13984945  0.07184866  0.20824873  0.51023416  0.00085922
  0.08231437  0.50336467  0.23979175]",1521.4554658486388,174.4125285367163,2.4548656141978765e-07,0.0012550263386699402,74.24057692814002,157.78890273113575
618,"[3.14030000e+01 5.18471073e+03 3.58929275e+02 4.43929516e+01
 1.48817762e+02 8.12890033e+00 1.25020321e+04 7.52180809e+01
 1.00000000e+00]","[-0.02215243 -0.01050065  0.22686238 -0.53008679 -0.46957424  0.43416998
  0.03030775  0.37683893 -0.33913241]",343.3197165931652,154.21417882240758,2.4548656141978765e-07,0.0012550263386699402,75.22515123480011,163.35444040180096
619,"[1.07004081e+01 6.76141383e+03 3.17843998e+02 1.78835428e+02
 1.27597070e+03 3.59669140e-07 9.41227870e+03 5.10200833e+01
 1.00000000e+00]","[ 0.29770702  0.0517573   0.43882904 -0.39280193  0.47013716 -0.23725309
  0.05829682  0.43173279 -0.30776245]",1592.6768436433822,166.49219887153822,2.4548656141978765e-07,0.0012550263386699402,75.33493251283639,178.61863877249448
620,"[2.96352388e+01 3.83669583e+03 7.88135977e+02 3.64230130e+02
 1.58872661e+03 5.58189991e+00 2.86272718e+02 6.70985620e+01
 1.00000000e+00]","[-0.00727533 -0.05583426  0.4266464  -0.29088126  0.24557821  0.50262762
  0.01720805  0.63954877  0.0890428 ]",456.76325877229493,175.24242834641848,2.4548656141978765e-07,0.0012550263386699402,74.92276532442986,174.6483917228693
621,"[3.14030000e+01 8.69680331e+02 5.50528144e+01 2.09447913e+03
 1.60764697e+03 1.48541537e+01 7.34055893e-07 7.40497883e+01
 1.00000000e+00]","[-0.24912087 -0.45681025 -0.35285439  0.04758886  0.47730289  0.31722552
 -0.37537437 -0.36068799 -0.0551403 ]",420.42887919515573,172.73813738475297,2.4548656141978765e-07,0.0012550263386699402,74.66978239352291,164.2432801753115
622,"[5.31658131e+00 3.31271604e+03 4.01503072e-08 1.95513938e+03
 4.36168311e+02 2.45596517e-01 1.51206543e+04 4.13055017e+01
 1.00000000e+00]","[ 0.13516294  0.02119875 -0.13503979  0.24492487  0.2468915   0.31497838
  0.05696026  0.75064728 -0.41973212]",1549.432511643595,158.5527713005481,2.4548656141978765e-07,0.0012550263386699402,75.73309865069541,157.57670334774843
623,"[3.14030000e+01 6.80121862e+02 5.44803196e+01 2.07370191e+03
 8.50116174e+01 1.19238539e+01 8.77128090e+03 8.64695520e+01
 1.00000000e+00]","[-0.28682369 -0.49741424 -0.28017319 -0.0260924   0.36466633  0.52660993
  0.06544928 -0.01150738 -0.42002124]",193.25786359254968,159.92915633995105,2.4548656141978765e-07,0.0012550263386699402,74.89771683527935,149.57668894774474
624,"[3.14030000e+01 2.86577072e+03 8.14984484e+01 1.40535107e+03
 2.57648792e+03 7.45459756e+00 7.68691483e+02 5.32630138e+01
 1.00000000e+00]","[ 0.47353546 -0.14821211 -0.13379215 -0.0980218   0.57111741  0.47236466
  0.05832622  0.36831286  0.19475355]",981.1151128759685,166.76741924940393,2.4548656141978765e-07,0.0012550263386699402,74.74602387985692,155.90472137177267
625,"[1.51287983e+01 3.47733682e+03 9.24989090e+01 1.05193157e+03
 2.03560351e+02 5.16915502e+00 1.76144291e+04 5.49141485e+01
 1.00000000e+00]","[ 0.33814816 -0.49025943  0.03941494 -0.38613043  0.45557322  0.14899783
  0.43571205 -0.2374204  -0.13671326]",5652.933133424672,164.9802450533016,2.4548656141978765e-07,0.0012550263386699402,74.98515100176319,163.7792119142193
626,"[2.10144693e-08 5.10511025e+03 1.12253456e+03 8.27263051e+02
 4.86170239e+02 4.64491806e+00 8.69559033e+02 4.73919752e+01
 1.00000000e+00]","[ 0.35726227  0.06508628  0.59449314  0.1301531   0.11170146  0.61767851
  0.02101468  0.3126252  -0.07473577]",1197.4722603452976,218.49420704158774,2.4548656141978765e-07,0.0012550263386699402,73.84829686751854,173.37351154681392
627,"[1.00226000e+02 6.30914308e+02 2.67949818e+02 1.23871428e+03
 6.43976668e+00 1.58004307e+01 5.75965585e+03 9.66889488e+01
 1.00000000e+00]","[ 0.30927987 -0.64914649 -0.23657738 -0.49907046 -0.06350966  0.0201809
  0.05873234  0.17380502 -0.37392005]",-705.5354689644815,156.8689646398143,2.4548656141978765e-07,0.0012550263386699402,74.89787542067045,158.15899893582355
628,"[6.68972061e-09 5.77773156e+03 1.14273360e+01 9.02470626e+02
 1.14038316e+03 4.12436988e-09 1.36838006e+04 4.08609697e+01
 1.00000000e+00]","[-0.301982    0.09877017 -0.14281694  0.29477802  0.71153212  0.05167905
  0.11612449 -0.41496105  0.31166378]",3218.8636152711365,153.20502951886056,2.4548656141978765e-07,0.0012550263386699402,74.02255146519505,155.06553799163748
629,"[1.07074000e+02 1.36914687e+03 5.77853985e+02 3.64276837e+02
 6.38285661e+01 3.00358767e+01 9.13485051e-08 9.29485251e+01
 1.00000000e+00]","[-0.75185907 -0.17943814 -0.08797663 -0.49264706 -0.19552106  0.27512661
 -0.1270961   0.13112838  0.06926524]",-548.4379923585958,161.17747914076762,2.4548656141978765e-07,0.0012550263386699402,74.17524966250969,190.06754678830032
630,"[3.47830000e+01 1.49942982e+03 8.86184679e+02 9.11519266e+02
 1.18975942e+02 1.37456475e+01 7.28519298e-07 3.00620523e+02
 1.00000000e+00]","[-1.68350418e-01 -5.57762518e-02  4.52832596e-01 -8.80954257e-02
 -6.43983759e-01  4.95505934e-02  5.55349005e-04  5.72965559e-01
  1.01335080e-01]",327.913395656727,155.2907177377947,2.4548656141978765e-07,0.0012550263386699402,74.80222305012695,146.27869705634154
631,"[3.14030000e+01 3.02211728e+03 9.46977546e+01 6.91999084e+02
 3.02654328e+02 9.15619276e+00 1.46071276e+04 7.60069730e+01
 1.00000000e+00]","[-0.14344908 -0.21521985 -0.58910835 -0.63790086  0.11788416  0.14948979
  0.05372292 -0.29108119  0.23511346]",-352.2430462131646,160.49114041900742,2.4548656141978765e-07,0.0012550263386699402,74.5612828880132,147.86373372758527
632,"[3.85660000e+01 1.82397376e+03 5.72348385e+01 1.48687182e+03
 2.14305746e+03 1.55417615e+01 2.05045150e+02 6.38683443e+01
 1.00000000e+00]","[-0.01285622 -0.25090594 -0.44991539 -0.2342831   0.34901589  0.49160664
  0.01650191 -0.34446694  0.44401524]",-94.81278351919825,147.85310450464073,2.4548656141978765e-07,0.0012550263386699402,74.28494749214174,170.25800376721963
633,"[2.47860667e+01 5.60687148e+02 5.44354061e+01 3.17415760e+03
 1.89365363e+02 6.33038550e+00 5.41305542e+03 5.63840841e+01
 1.00000000e+00]","[ 0.1163305  -0.57666445 -0.18314716  0.2673332   0.3812002   0.61777218
  0.07810399 -0.03714372 -0.12033063]",1014.8064700710589,159.0349354420033,2.4548656141978765e-07,0.0012550263386699402,74.32345961174964,161.18090645496034
634,"[6.82325616e+00 4.13416408e+03 3.67256498e+01 1.10749383e+03
 4.57105021e+02 1.10657132e+00 1.74423247e+04 4.13015524e+01
 1.00000000e+00]","[ 0.24598214 -0.07770319 -0.22552482  0.16265186  0.80426707 -0.07590359
  0.25500591 -0.30167518 -0.21793377]",4655.062886981857,153.57432897777653,2.4548656141978765e-07,0.0012550263386699402,73.84152588105822,161.35133016929058
635,"[1.14034000e+02 1.04910549e+03 2.63380344e-09 2.91117456e+03
 8.27775624e-09 2.27902381e+01 3.31367805e-06 7.13474223e+01
 1.00000000e+00]","[ 0.5001545  -0.02833307 -0.39070296  0.09264414 -0.73433367 -0.05044611
 -0.15437006 -0.07913222  0.12620698]",290.3441570132322,155.40252762451118,2.4548656141978765e-07,0.0012550263386699402,74.65553349806497,164.80195893670958
636,"[1.54780000e+01 5.36514727e+03 1.39316012e+02 1.50218862e+03
 4.15859575e+02 1.71674224e-01 9.51294697e-06 7.59699926e+02
 1.00000000e+00]","[ 0.49180461  0.0562016   0.38036887  0.16268399  0.00163751  0.44919262
 -0.19314836  0.58120154  0.08333566]",1048.8957220932414,184.78555594627812,2.4548656141978765e-07,0.0012550263386699402,74.4506865820409,146.7859667375351
637,"[1.14034000e+02 3.70918985e+03 9.09719736e+01 8.66076290e+01
 4.27526579e+02 3.49412364e+01 2.57527235e-04 1.00444253e+02
 1.00000000e+00]","[ 0.25344486 -0.09780754 -0.56067419 -0.5337209  -0.04557193 -0.42859708
 -0.0237868  -0.3636578   0.09165575]",-502.009955506388,162.7862941401837,2.4548656141978765e-07,0.0012550263386699402,74.06665040647617,164.05983890167636
638,"[3.74267182e+01 4.70322721e+02 1.09660328e+03 1.30507999e+03
 2.43343032e+02 8.36937818e+00 8.27753024e-07 6.66925186e+01
 1.00000000e+00]","[-0.03546649 -0.24827164  0.58347034 -0.12405337  0.2128133   0.67711731
 -0.14959866  0.23437691  0.01366711]",432.9392693965109,152.99689795004207,2.4548656141978765e-07,0.0012550263386699402,74.82102367269387,154.16601571962485
639,"[2.24084040e+01 5.08545909e+03 1.23458687e+02 8.29820320e+02
 2.76419905e+03 4.54800291e+00 1.00199776e+03 5.01286903e+01
 1.00000000e+00]","[-0.19712351 -0.03541036  0.39389277 -0.23902589  0.77552535 -0.20057205
  0.07839234 -0.30604698 -0.07826046]",1871.7089719290032,165.783701606264,2.4548656141978765e-07,0.0012550263386699402,73.94525359843898,178.3370776941254
640,"[1.81620000e+01 2.96260467e+03 1.23001550e+02 1.15077452e+03
 4.74377368e+01 7.20466328e+00 1.69799959e+04 6.07433043e+01
 1.00000000e+00]","[-0.10947614 -0.21168279  0.48607544 -0.06226883 -0.46612937 -0.20728851
  0.15065374  0.50576306  0.40536489]",1924.631302128604,152.74614697726497,2.4548656141978765e-07,0.0012550263386699402,73.90712591760463,171.81347704750186
641,"[4.52109990e+01 3.55850996e+03 1.02075301e+01 4.43305866e+02
 4.35002787e-07 3.62694803e+01 4.90404953e+03 9.45411492e+01
 1.00000000e+00]","[-0.39173686 -0.05833389 -0.44790503 -0.34650651 -0.40248356  0.19236564
  0.00309793 -0.5628111  -0.08179377]",-414.5941068599121,213.4409548715901,2.4548656141978765e-07,0.0012550263386699402,73.48048682676966,154.03366727121315
642,"[1.14034000e+02 1.84968944e+03 9.82971369e+02 7.11283352e+02
 1.32845368e+02 1.46025059e+01 3.93840327e-04 1.49486629e+02
 1.00000000e+00]","[ 0.63822297 -0.01111288  0.32425489 -0.02115444 -0.53760608  0.3180814
  0.00093837  0.30623709 -0.05459937]",334.8602787686599,152.22693065903576,2.4548656141978765e-07,0.0012550263386699402,73.7792992958574,154.46343587889862
643,"[2.27197846e+01 1.76625402e+03 3.98260780e+01 3.59145135e+03
 3.97654459e+02 2.77007992e-01 8.30726647e-04 3.37200158e+02
 1.00000000e+00]","[ 0.37593544 -0.00776969 -0.02045833  0.2957432   0.05509444  0.25603476
  0.0235266   0.8065987   0.22579954]",1350.3409911591352,179.64074389205598,2.4548656141978765e-07,0.0012550263386699402,74.13694506264343,168.23022289608957
644,"[3.47830000e+01 5.43142632e+02 7.11694922e+02 1.51698296e+03
 1.06258200e+02 9.78622780e+00 4.81447524e+03 7.60488083e+01
 1.00000000e+00]","[ 0.0631352  -0.73984672  0.57581298 -0.04112966 -0.22208739 -0.12794156
  0.09312703 -0.20224275  0.01104156]",355.90174296817435,177.396656246671,2.4548656141978765e-07,0.0012550263386699402,73.8002166213024,158.15554541353185
645,"[3.02303480e+01 4.08349083e+03 1.28325063e+02 8.57401275e+02
 2.74322073e+03 8.18264393e+00 6.71944465e-08 5.14163268e+01
 1.00000000e+00]","[ 0.06924631 -0.15015068  0.18091891 -0.38678217  0.82521102 -0.06228463
 -0.32411904 -0.01393494  0.01508911]",1343.0682549971343,145.13775990483714,2.4548656141978765e-07,0.0012550263386699402,74.01921384759491,147.17364057438124
646,"[2.94352735e+01 2.61418709e+03 2.06066564e+02 9.54065170e+02
 4.13675639e+01 8.88717022e+00 1.55824499e+04 6.60276759e+01
 1.00000000e+00]","[-0.11482135 -0.4630085   0.20690175 -0.69192271 -0.26377939 -0.1334648
  0.16880455 -0.35868651 -0.07956385]",763.2532271034647,177.47319684182196,2.4548656141978765e-07,0.0012550263386699402,73.97191054005582,158.4351768279423
647,"[3.14030000e+01 3.03436431e+02 5.42828845e+01 2.04629723e+03
 3.26271550e+01 1.61984087e+01 5.69904241e+03 1.01617392e+02
 1.00000000e+00]","[-0.33835181 -0.42676292 -0.46953426 -0.04915649 -0.11243177  0.22247447
  0.0411573   0.64340112  0.05213404]",33.728326879438136,150.5647098855239,2.4548656141978765e-07,0.0012550263386699402,73.46968442891145,151.04404028162418
648,"[3.73044462e+01 1.44797907e+03 4.21111979e+02 9.99699604e+02
 2.46246236e+01 1.17502041e+01 1.08055894e+04 8.26267647e+01
 1.00000000e+00]","[ 0.3902612  -0.36902439  0.30851024 -0.23643321 -0.15405394  0.29134505
  0.06338701 -0.63931421  0.19769381]",5.711179616686533,161.52501543150655,2.4548656141978765e-07,0.0012550263386699402,73.62504182646526,155.53773338151478
649,"[2.44159483e+01 1.79280287e+03 9.39385283e+01 2.15012614e+03
 1.71620262e+03 5.59354302e+00 4.24568770e+03 4.57895980e+01
 1.00000000e+00]","[-0.04254818 -0.18171398  0.25864824  0.12724303  0.45880309  0.71416087
  0.06333082 -0.38849266 -0.08134261]",1013.4757745948483,161.0109007127428,2.4548656141978765e-07,0.0012550263386699402,73.47831027102377,153.38168885902314
650,"[9.13399127e+00 4.66688856e+03 3.24433740e+02 4.78096763e+02
 1.53645502e+02 3.86084603e+00 1.68462302e+04 4.79211776e+01
 1.00000000e+00]","[-0.22488387 -0.07901351  0.84112456 -0.35335449 -0.00267311 -0.05368691
  0.13540565 -0.19071212  0.2307357 ]",2004.6985302871567,150.24430522270086,2.4548656141978765e-07,0.0012550263386699402,73.2063809165305,165.57131096710293
651,"[2.09995795e+01 1.27006546e+02 6.42788535e+01 3.32973560e+03
 1.25520122e+02 1.34460764e+01 6.92585957e+02 9.19445803e+01
 1.00000000e+00]","[ 0.24238882 -0.42630858  0.07717716  0.22508936 -0.35114714 -0.14048869
  0.04092477  0.71958176  0.20093027]",754.1364522529874,145.59475190272178,2.4548656141978765e-07,0.0012550263386699402,73.72026590541488,170.82319664969387
652,"[1.81620000e+01 3.74303483e+03 3.09615532e+02 6.80520388e+02
 4.66038175e+02 2.00485615e+00 1.57804869e+04 4.65220229e+01
 1.00000000e+00]","[ 0.12358786 -0.15795627  0.56127137 -0.22672376  0.63370469  0.3589051
  0.1111535   0.08853982  0.20677943]",1484.9293732360052,157.60952442707526,2.4548656141978765e-07,0.0012550263386699402,73.78725085303182,166.05452304867936
653,"[9.64950579e-11 9.15528748e+03 8.54071905e+01 2.96719397e+02
 2.02182843e+03 3.07976807e+00 4.77972687e-07 6.07325315e+01
 1.00000000e+00]","[-0.19648419  0.18471659  0.28073743 -0.30898991  0.62378316  0.46825239
 -0.07902395  0.34352547  0.14270675]",2907.057710887635,148.97341116506823,2.4548656141978765e-07,0.0012550263386699402,73.44017864359375,169.80854432859655
654,"[3.74635029e+01 1.45441562e+03 3.56414070e+02 1.27582368e+03
 7.04248917e+01 1.23272167e+01 2.21437500e-06 6.14087238e+02
 1.00000000e+00]","[-0.07125652 -0.15089317  0.2042296  -0.12365353 -0.18062935 -0.30574819
 -0.03815051  0.88639558  0.04350103]",220.77718900432347,143.67405505610498,2.4548656141978765e-07,0.0012550263386699402,72.75723494651297,156.09976365644025
655,"[2.76200000e+01 7.56011813e+02 3.97597402e+02 2.01150018e+03
 1.15069389e+03 9.38151795e+00 1.94903793e+03 5.74353966e+01
 1.00000000e+00]","[ 0.05128403 -0.54278348  0.39675881  0.06274749  0.56815762 -0.02757546
  0.07078156 -0.42448959 -0.18065522]",641.9439702915313,153.8571765097165,2.4548656141978765e-07,0.0012550263386699402,73.41483945847965,144.6879691187595
656,"[3.40369120e+01 3.36042106e+02 2.11324989e+02 2.13449399e+03
 3.10470719e+01 1.63786859e+01 5.17191471e+03 9.53762629e+01
 1.00000000e+00]","[ 0.39298326 -0.2724378   0.20963768  0.08487384 -0.50745269  0.42567279
  0.03083253 -0.29701316 -0.43853991]",269.2034431358458,147.19916726112922,2.4548656141978765e-07,0.0012550263386699402,73.4087545332009,161.92053650629094
657,"[1.03253251e+01 6.66875346e+03 8.19010579e+01 5.68504271e+02
 1.79712194e+03 2.32714367e-08 8.13337187e+03 4.75887044e+01
 1.00000000e+00]","[ 0.33462052  0.07774531  0.01222668 -0.29591078  0.62861567 -0.1311504
  0.07843396  0.60470464  0.100471  ]",2151.203303439753,168.05793642044864,2.4548656141978765e-07,0.0012550263386699402,73.32154194898686,150.16146725950705
658,"[9.54946112e+00 5.72309475e+03 1.23059507e+02 1.13179004e+03
 8.91244290e+02 1.06136578e-09 2.01651447e-06 7.08586852e+02
 1.00000000e+00]","[ 0.33144361  0.04978372  0.39476724  0.13990276  0.23148821  0.19204857
 -0.07685223  0.72579232 -0.29850051]",1215.303425419853,173.405532688324,2.4548656141978765e-07,0.0012550263386699402,73.37391639296287,160.68461656036243
659,"[7.11507323e+00 3.61070693e+03 4.12490010e+02 2.80440723e+03
 1.04389592e+03 5.02364801e+00 2.27829611e-06 3.90458493e+01
 1.00000000e+00]","[ 0.33636104  0.05703092  0.46033121  0.21419082  0.16782019  0.69153056
 -0.28729798  0.01257879  0.19170215]",1178.2191268602942,157.8172123374659,2.4548656141978765e-07,0.0012550263386699402,72.78773701360394,162.7718643317482
660,"[5.36422762e-02 1.01879007e+04 2.96900000e+01 1.10474963e+03
 4.58254312e+02 5.14846578e-02 5.01772844e-06 3.22754648e+02
 1.00000000e+00]","[ 0.18875927  0.13642296  0.11466888  0.22218457 -0.10255343  0.33863916
 -0.08117664  0.86117735  0.09916661]",1869.806607461689,147.8951668614386,2.4548656141978765e-07,0.0012550263386699402,73.62891079432073,171.92812790641028
661,"[2.31609065e+01 6.17492302e+03 8.06034612e+02 4.42053941e-09
 1.06703439e+03 5.33334987e+00 1.32067257e+03 6.14295357e+01
 1.00000000e+00]","[-0.01684288  0.01818336  0.55869328 -0.58821476  0.23639211 -0.46655015
  0.02706023  0.25443756 -0.04722166]",863.287597933589,154.8406214580832,2.4548656141978765e-07,0.0012550263386699402,73.46405687467187,156.16702613736425
662,"[1.05803194e-06 8.42992328e+03 7.54313558e+02 6.50490597e+02
 2.74258636e+02 2.41759477e+00 3.28630985e+02 5.00009507e+01
 1.00000000e+00]","[-0.11092807  0.12104091  0.84104878  0.20084707 -0.38281974 -0.09265322
  0.03010239  0.25334712 -0.07151905]",1702.7022350557027,151.52734423810557,2.4548656141978765e-07,0.0012550263386699402,72.95942276789484,158.69335328455804
663,"[2.08579999e+01 6.33517056e+02 7.74494991e+01 3.53291570e+03
 2.15015681e+02 5.37271133e+00 1.71556752e+03 1.84572324e+02
 1.00000000e+00]","[ 0.33223205 -0.13758751  0.28728353  0.18268594  0.04757857  0.63591694
  0.0251905   0.58948552  0.00193402]",753.0970502357392,160.06588276361242,2.4548656141978765e-07,0.0012550263386699402,73.30497523776229,151.13236583072444
664,"[3.64099615e+01 1.91206877e+02 6.67724691e+02 1.29941773e+03
 6.59239642e+01 2.35008460e+01 2.47010547e+02 8.91973678e+01
 1.00000000e+00]","[-0.43316272 -0.25016326  0.08580489 -0.15274118 -0.32179752  0.38925686
  0.00327952 -0.64775629  0.21076657]",-273.6085398681038,155.65818713423812,2.4548656141978765e-07,0.0012550263386699402,72.90766442613435,162.27355512467284
665,"[1.81620001e+01 3.09717232e+03 4.32953417e+02 8.02270556e+02
 1.71835945e+02 4.56315405e+00 1.52347421e+04 4.97729831e+01
 1.00000000e+00]","[-0.1946742  -0.1793592   0.74436614 -0.21048888  0.18168847 -0.12169786
  0.11723863  0.42791296 -0.29473758]",1432.134111044332,157.38560896106787,2.4548656141978765e-07,0.0012550263386699402,72.9522879065004,190.32289215648825
666,"[9.76117312e-08 3.51486699e+03 4.63348156e+02 3.19464301e+03
 2.48140013e+02 1.98024484e-01 2.02864554e-03 5.12231832e+01
 1.00000000e+00]","[ 0.02084775  0.09905109  0.69737888  0.33845422 -0.06799769  0.00183209
  0.01717885  0.57168197 -0.23900472]",1764.6928629539284,173.75511201660197,2.4548656141978765e-07,0.0012550263386699402,72.80194137552687,160.2539700714584
667,"[3.64410176e-08 6.00770380e+03 1.09660328e+03 1.32359210e+02
 4.73623830e+02 7.38174533e+00 4.46452782e+02 3.90458490e+01
 1.00000000e+00]","[-0.00817912  0.0639931   0.76665429 -0.2043022  -0.09290328 -0.02097097
  0.01999989 -0.53412605  0.26754131]",1142.31104239257,161.35107130506572,2.4548656141978765e-07,0.0012550263386699402,72.94118613600044,144.79244730531352
668,"[2.76200000e+01 1.64980186e+03 6.26012391e+02 9.78732656e+02
 2.30724066e+02 5.98696040e+00 1.05507443e+04 6.42898455e+01
 1.00000000e+00]","[-0.22412723 -0.46679536  0.49200693 -0.2078275   0.5651277  -0.12927723
  0.10256718  0.28477873 -0.13749589]",558.230152359618,165.9832966656964,2.4548656141978765e-07,0.0012550263386699402,72.97487368099344,169.0152226679021
669,"[1.91601704e-01 8.61726890e+03 3.74602933e+01 4.33034357e+02
 4.42720585e+02 1.05327295e-10 1.44767279e+04 4.09097719e+01
 1.00000000e+00]","[ 0.38028452  0.7417997  -0.23946428 -0.33313881 -0.01741425  0.06758028
  0.35206998  0.06172037 -0.06449233]",11330.701441797031,145.01239481567245,2.4548656141978765e-07,0.0012550263386699402,72.9832558011345,151.53525982435326
670,"[2.76200011e+01 3.16889399e+03 9.90106974e+01 1.73642350e+03
 5.63803996e+02 1.34778287e+00 3.27578590e+02 7.76493847e+02
 1.00000000e+00]","[ 7.28275842e-01 -1.09885002e-02  2.52893729e-01  9.96680078e-02
  1.96247598e-01  1.78833665e-02  1.58363427e-02  5.97093405e-01
 -5.85075787e-04]",762.8943426436485,157.92621364736885,2.4548656141978765e-07,0.0012550263386699402,72.92767062328927,143.58203074146758
671,"[1.84775034e+01 1.34291807e+03 1.74240327e+02 2.15508923e+03
 7.12024801e+01 7.62534950e+00 3.64530646e+03 4.95762760e+02
 1.00000000e+00]","[-0.32247228 -0.08579296  0.34727749  0.13573986 -0.245855    0.16480137
  0.03210862  0.76922983  0.26320061]",714.285484963483,152.62228650311636,2.4548656141978765e-07,0.0012550263386699402,72.45698250987579,141.72908287649852
672,"[5.94300001e+00 4.99436246e+03 7.19853660e+01 7.92681276e+02
 1.06752394e+03 1.18459079e-09 1.44173326e+04 4.00457875e+01
 1.00000000e+00]","[-0.05065983 -0.06180129  0.05121753 -0.07158222  0.94577831 -0.17542938
  0.1491679   0.13853617  0.13838903]",2803.9163166869503,154.74375721798924,2.4548656141978765e-07,0.0012550263386699402,72.54379764455824,165.07130842530955
673,"[1.92085700e+01 7.93235886e+02 1.09660328e+03 2.01336650e+03
 2.08296183e+02 5.47078745e+00 1.17695121e-04 5.45440739e+01
 1.00000000e+00]","[-0.14083766 -0.10018279  0.60598908  0.20212352 -0.13519822  0.63074955
 -0.01419206  0.37079543  0.09075931]",984.9093471664313,156.84806549431505,2.4548656141978765e-07,0.0012550263386699402,72.67905577248894,158.19189410827357
674,"[3.74635029e+01 1.87868247e+03 5.10943460e+02 8.90633946e+02
 9.27264993e+02 7.81034868e+00 7.24866572e+03 6.59174174e+01
 1.00000000e+00]","[ 0.57196064 -0.35356752  0.30658337 -0.38718894  0.54028628  0.06028922
  0.06929242 -0.03715803 -0.04707643]",170.2302637953187,146.99638396791357,2.4548656141978765e-07,0.0012550263386699402,72.52603963566895,156.300710585351
675,"[2.76200000e+01 1.68090939e+03 7.66626873e+01 1.45415490e+03
 1.42274793e+02 9.06156236e+00 1.37324425e+04 7.80423598e+01
 1.00000000e+00]","[-0.14059977 -0.47537203 -0.07977372 -0.13280473  0.4894782  -0.10374417
  0.10522714  0.67937702 -0.08529094]",564.485818158343,169.05126507168643,2.4548656141978765e-07,0.0012550263386699402,72.25780826406186,160.48445904489336
676,"[3.67891815e+01 2.37970309e+03 4.93876288e+02 8.20937612e+02
 1.99715133e+03 1.39018349e+01 1.40941799e-08 4.89260219e+01
 1.00000000e+00]","[-0.14300201 -0.214141    0.31661911 -0.40534621  0.41782287  0.5030579
 -0.30047969 -0.38101044  0.07772155]",131.63911216901124,162.50455983154617,2.4548656141978765e-07,0.0012550263386699402,72.4310805560403,155.68233239540837
677,"[4.23170998e+01 6.11544556e+03 3.35177540e+02 3.12687252e+01
 8.24498511e+02 1.33818284e+00 1.11630803e+04 5.39182697e+01
 1.00000000e+00]","[ 0.64281734 -0.0089862   0.26769055 -0.51445525  0.20588109  0.34174988
  0.0332181   0.29435861  0.05875576]",602.8374215947197,161.72510784227723,2.4548656141978765e-07,0.0012550263386699402,72.41408860327691,164.57559102023345
678,"[4.52110000e+01 4.53003009e+03 2.87526082e+02 1.79163095e+02
 1.76553891e+03 5.50436056e+00 2.87984889e+03 9.04971832e+01
 1.00000000e+00]","[ 0.56453894 -0.07868183 -0.19940262 -0.5536614   0.2744539  -0.010538
  0.02986667  0.50066735  0.04250652]",128.42717354551678,141.53937389882907,2.4548656141978765e-07,0.0012550263386699402,72.35276737838718,158.01241381467776
679,"[3.14030000e+01 7.38692733e+03 1.64667716e+02 6.61943466e+01
 1.93032280e+02 6.77513958e+00 1.11794834e+04 6.44076597e+01
 1.00000000e+00]","[ 0.17947281  0.05883252 -0.19184852 -0.49524552 -0.69671281  0.43032895
  0.02893553 -0.073537   -0.07360414]",562.9556588176151,158.57353397852864,2.4548656141978765e-07,0.0012550263386699402,72.04530450677032,144.7233264862664
680,"[3.09210000e+01 2.31592707e+03 1.09660328e+03 3.58311678e+02
 4.96070302e+02 1.59037365e+01 4.66206922e-07 5.70862907e+01
 1.00000000e+00]","[-0.4763186  -0.13106192  0.36826738 -0.47953503  0.14288036  0.48061438
 -0.0874635  -0.32898267  0.15193489]",-26.344074626131768,148.31485194927845,2.4548656141978765e-07,0.0012550263386699402,71.87039414145431,153.08670147248677
681,"[7.87935638e-08 1.01879007e+04 3.03106065e+02 2.97020408e+02
 1.11074496e+02 1.31119789e+01 1.82359279e-03 6.12583784e+01
 1.00000000e+00]","[-0.28537636  0.24881074  0.17277496 -0.07122659 -0.69755995  0.52769544
 -0.00265681  0.23296406 -0.04896398]",2509.7325103313005,169.94897060728908,2.4548656141978765e-07,0.0012550263386699402,72.24966615205275,154.29749070133616
682,"[3.85660000e+01 2.33429477e+03 2.31106658e+02 9.14959732e+02
 2.09459322e+03 1.68543940e+01 6.95926084e-06 6.32346810e+01
 1.00000000e+00]","[-0.26378012 -0.20937861 -0.27396591 -0.45957052  0.28160525 -0.17326745
 -0.0846601  -0.67309505 -0.17541622]",-438.53842791592496,153.37141991885017,2.4548656141978765e-07,0.0012550263386699402,72.29322791832041,139.51054464181516
683,"[8.50316774e-08 6.11377451e+03 8.91976889e-08 1.32028617e+03
 2.22862124e+03 9.71656845e-01 3.96431313e+03 4.87730525e+01
 1.00000000e+00]","[ 0.27324353  0.17894238 -0.18496067  0.51714098  0.68590503  0.32576814
  0.08645277 -0.08711671 -0.00428535]",3644.1991227320514,147.79938473002812,2.4548656141978765e-07,0.0012550263386699402,72.04759319488146,145.73124373344194
684,"[1.89832126e+01 1.65147719e+03 6.53931881e+01 2.92082145e+03
 1.81175096e+03 3.30605561e+00 2.08852616e-06 4.59807020e+01
 1.00000000e+00]","[-0.00400955 -0.15801741  0.32359301  0.44442448  0.55385163  0.59085668
 -0.11276173  0.06075976  0.02277426]",2066.418225323909,138.34715665213776,2.4548656141978765e-07,0.0012550263386699402,72.00538530244431,162.91608803626178
685,"[3.14030000e+01 4.66450534e+03 2.78400058e+01 8.76439176e+02
 2.78304888e+03 7.22213531e+00 1.51127865e+02 5.22875680e+01
 1.00000000e+00]","[ 0.51540712 -0.05325259 -0.56451863 -0.226459    0.59221657 -0.07780696
  0.02060184  0.02659934  0.06040149]",1205.7650516467236,154.4004278567145,2.4548656141978765e-07,0.0012550263386699402,72.408559417343,164.71896621003293
686,"[8.31552154e-01 8.00611044e+03 8.72441885e+01 5.55734994e+02
 1.84656691e+03 1.90662121e+00 5.40865580e+03 5.38659737e+01
 1.00000000e+00]","[ 0.57684114  0.1426241   0.38067431 -0.03451782  0.5133882   0.44352099
  0.06293341 -0.1025123   0.16143283]",2440.2487624086366,168.59451559228864,2.4548656141978765e-07,0.0012550263386699402,72.33112201416097,157.62821886906795
687,"[9.09693961e+00 2.65654055e+03 2.57461386e+01 2.36820701e+03
 1.53114846e+02 9.24639864e-01 1.42530065e+04 3.91606326e+01
 1.00000000e+00]","[ 0.58035455 -0.01151063 -0.06369885  0.73952757  0.14587932 -0.13436332
  0.16291532  0.20327105  0.0700195 ]",4076.690708934542,148.59328082144157,2.4548656141978765e-07,0.0012550263386699402,71.85594005008494,145.4272175113939
688,"[1.00226000e+02 1.14699806e+03 4.19604663e+02 7.28584699e+02
 6.94396187e+02 1.91504118e+01 2.02555658e+03 9.30954086e+01
 1.00000000e+00]","[ 0.5346867  -0.43387651  0.06939684 -0.44576673  0.38864633  0.29076845
  0.03971129  0.28523688 -0.06170968]",-357.35273148027403,154.25579826649786,2.4548656141978765e-07,0.0012550263386699402,72.21013473242294,154.88511371030643
689,"[6.88386617e+00 8.08050308e+03 2.42524252e+02 1.58561124e+02
 4.94362512e+02 1.54031791e-09 1.35542702e+04 4.10702162e+01
 1.00000000e+00]","[-0.11375218  0.13317688  0.43081464 -0.60203474  0.57886519  0.11441766
  0.10694498  0.17369874  0.17746125]",2827.4185466453846,162.09432561249423,2.4548656141978765e-07,0.0012550263386699402,71.71424209156456,151.22322950501234
690,"[3.14030000e+01 5.75933257e+02 5.52855798e+01 2.32636199e+03
 5.01132094e+01 1.42669891e+01 2.39937511e-05 4.87879765e+02
 1.00000000e+00]","[ 0.47678601 -0.21803558  0.00434997  0.1195398  -0.30419558  0.10547441
 -0.04326254  0.75245954  0.19773745]",521.300023449188,148.99220458080998,2.4548656141978765e-07,0.0012550263386699402,71.71219506859879,144.95878070535582
691,"[1.12095128e+02 1.35079508e+03 4.49951011e+02 5.62996816e+02
 8.17042389e+02 2.24393610e+01 1.99907190e-05 8.97678577e+01
 1.00000000e+00]","[ 0.57397064 -0.25800695 -0.00244035 -0.5024374   0.2290488   0.14362005
 -0.12091398 -0.48533992 -0.16815387]",-421.5146624881496,149.34172689558318,2.4548656141978765e-07,0.0012550263386699402,72.13897289058869,149.36292071857125
692,"[3.85659997e+01 6.95318819e+03 2.02421400e-08 8.82710964e+02
 5.06432593e+02 9.64102773e-01 2.23181178e-04 7.54195814e+02
 1.00000000e+00]","[ 0.60946177  0.03152394 -0.0963194   0.01608136  0.08772659  0.44875128
  0.00351476  0.41102376 -0.48989796]",611.2543360255777,148.31359217017393,2.4548656141978765e-07,0.0012550263386699402,71.81109128806922,154.8171532121696
693,"[4.36809146e+01 5.40873331e+03 1.86787239e+02 5.05514936e-10
 3.43497735e+02 1.96689559e+01 1.64309709e-07 4.26664631e+02
 1.00000000e+00]","[-0.163403   -0.04564327 -0.30642873 -0.75474857 -0.00728116  0.37752765
 -0.16320478  0.36737283  0.05910536]",-149.51821485663592,158.2005034975514,2.4548656141978765e-07,0.0012550263386699402,71.47731809680253,159.17529080637428
694,"[3.07123480e+01 3.28419767e+03 1.25113528e+02 9.58100684e+02
 8.98010208e+02 3.15652964e+00 1.36180787e+04 4.83739403e+01
 1.00000000e+00]","[ 0.05238594 -0.25723456 -0.13927669 -0.45640855  0.74186455 -0.05225151
  0.11022016 -0.26860703  0.25688106]",856.3761655396198,156.7812806268514,2.4548656141978765e-07,0.0012550263386699402,72.05030336266837,151.58899490109445
695,"[3.14030000e+01 4.41382473e+03 7.34598338e+02 3.31246111e+01
 1.38371148e+02 1.78097138e+01 2.40512870e+02 2.24680090e+02
 1.00000000e+00]","[-0.27016395 -0.01638875  0.33343088 -0.39718555 -0.51295318 -0.29649609
  0.00998705  0.53079245 -0.15792113]",196.20427870586803,148.02848794334037,2.4548656141978765e-07,0.0012550263386699402,72.25384607621076,148.00107413984125
696,"[5.23739999e+01 2.20655366e+02 1.69033156e+02 2.78087055e+03
 5.59557307e+02 1.18513437e+01 4.03190128e+02 6.67302952e+01
 1.00000000e+00]","[ 0.4083521  -0.18139203  0.0443426   0.0302939   0.10203909  0.59895994
  0.01359114 -0.61672253 -0.21855235]",101.40306891274393,153.40905342066964,2.4548656141978765e-07,0.0012550263386699402,71.93934040973512,146.14439704069446
697,"[3.85660000e+01 1.66276448e+03 5.52855798e+01 1.65883727e+03
 2.12459664e+03 1.05019329e+01 5.53371742e-07 8.19354295e+01
 1.00000000e+00]","[-0.04159939 -0.1921631  -0.14762732 -0.09396867  0.33936781  0.66181991
 -0.12784712  0.5961426   0.07623595]",291.72483842497945,153.73167452359684,2.4548656141978765e-07,0.0012550263386699402,71.5587671662389,150.58667187723142
698,"[3.92409555e+01 3.66032296e+03 4.20671023e+02 2.37391998e+02
 1.76677829e+03 1.60086294e+01 3.55091207e+02 6.57746909e+01
 1.00000000e+00]","[-0.28032346 -0.15054725  0.09703845 -0.58366566  0.23374896 -0.27696555
  0.01768619 -0.59401784  0.25328589]",-283.77710190554257,158.49990427870367,2.4548656141978765e-07,0.0012550263386699402,71.37628470027825,166.38011470163906
699,"[1.81620000e+01 2.75480069e+03 2.49927325e+02 1.07726470e+03
 3.27478439e+02 4.50107998e+00 1.55943755e+04 4.94685161e+01
 1.00000000e+00]","[-0.26487659 -0.16695297  0.3665012  -0.05970668  0.36857978  0.70900555
  0.06973738  0.29946301  0.17606179]",788.9401452091381,160.22244151182406,2.4548656141978765e-07,0.0012550263386699402,70.99051414764892,152.54645686356525
700,"[9.76206145e-02 6.22479163e+03 1.14727104e+01 8.20693932e+02
 2.99747447e+02 9.09489231e-09 1.78555792e+04 4.10343487e+01
 1.00000000e+00]","[-0.21140978  0.31773744 -0.23173556  0.77617188  0.19283372 -0.19052184
  0.28638271 -0.20564394  0.02041476]",7775.082271839648,156.94888460808943,2.4548656141978765e-07,0.0012550263386699402,71.63431901708618,153.35844517125815
701,"[1.61740000e+01 9.57793667e+03 7.37400167e+01 8.22782285e+02
 1.70484422e+02 1.91526847e+00 5.05633807e+03 1.39430910e+02
 1.00000000e+00]","[ 0.49342995  0.07823821  0.26865765  0.10219612 -0.53455167 -0.11271964
  0.0220382   0.54865304  0.2604374 ]",958.0809826763633,159.15326583443004,2.4548656141978765e-07,0.0012550263386699402,71.28503556829801,143.39060668415647
702,"[1.10708454e+02 2.15116355e+02 5.11229856e+02 1.19341690e+03
 4.51850088e+01 2.03168403e+01 2.50508520e-05 9.63493702e+01
 1.00000000e+00]","[ 0.24533062 -0.63787952 -0.11603276 -0.43916554 -0.42713764 -0.14300309
 -0.30543445  0.1633878  -0.06091308]",-700.0093357387049,151.7699212297416,2.4548656141978765e-07,0.0012550263386699402,71.26770444252392,143.91865629711629
703,"[4.52381778e-10 8.09163764e+03 3.14665897e-10 7.63174460e+02
 1.11719417e+03 2.11630651e+00 1.05956117e+04 4.35376113e+01
 1.00000000e+00]","[ 0.23458098  0.20839336 -0.05655106  0.4395176   0.6289473  -0.18985007
  0.09401451 -0.41051332  0.31014925]",3702.505307745846,162.7336852991857,2.4548656141978765e-07,0.0012550263386699402,70.8939225096034,145.63751911898044
704,"[3.93095112e+01 1.01486116e+04 2.61978293e+02 1.85531041e-08
 1.89401653e+02 9.28389272e+00 1.93395249e-05 9.17595736e+01
 1.00000000e+00]","[ 0.52722863  0.07858141  0.0156577  -0.37183094 -0.61396897 -0.22293498
 -0.02499084  0.37938505 -0.078333  ]",738.6967387242915,152.47292491017822,2.4548656141978765e-07,0.0012550263386699402,71.13807084040751,149.3339660056979
705,"[1.14033987e+02 2.94099403e+03 3.02572213e-07 2.78521144e+03
 9.25532149e-01 2.36903882e+01 1.22219574e-04 5.19942539e+01
 1.00000000e+00]","[ 0.53182666  0.02757494 -0.19979087  0.10401823 -0.69203685  0.3097202
 -0.2366918  -0.18651645  0.00329244]",428.45916378472043,154.4287768460402,2.4548656141978765e-07,0.0012550263386699402,71.04073505396853,146.26771030853934
706,"[1.80678060e+01 2.14916994e+03 6.45378129e+01 2.12745664e+03
 9.68473941e+01 3.86306781e+00 1.45096920e+04 4.48086613e+01
 1.00000000e+00]","[ 0.56131469 -0.29069087  0.36690424  0.38023772 -0.43200124 -0.03677037
  0.16214515 -0.1521128   0.28951459]",2522.185606323031,136.34133872824123,2.4548656141978765e-07,0.0012550263386699402,71.16779592406031,151.67253405916608
707,"[1.15584233e-08 2.69018299e+03 2.02319999e+02 3.48938814e+03
 2.71524672e+02 8.84884194e-09 3.73725757e+03 1.15981600e+02
 1.00000000e+00]","[ 0.03008533  0.05113347  0.54903572  0.30656268 -0.04444596  0.14421731
  0.03069338  0.75153481 -0.11197593]",1508.0485921268103,174.82848831511797,2.4548656141978765e-07,0.0012550263386699402,71.21504167722765,144.87056050902083
708,"[2.46368954e+01 1.01879007e+04 4.75012497e+02 1.13016143e+01
 2.94711097e+02 1.28064083e+01 4.69000299e-04 4.63841093e+01
 1.00000000e+00]","[ 0.47257976  0.10112805  0.49983415 -0.26257693 -0.27311832  0.35959957
 -0.00954752 -0.48644397 -0.08388271]",1177.8523808141156,142.19178739025256,2.4548656141978765e-07,0.0012550263386699402,70.85815317766223,146.43520433566664
709,"[2.78470559e+01 6.86383955e+03 3.58046850e+02 3.42769039e+02
 2.33091012e+03 4.10364917e+00 1.72220117e-06 5.09607049e+01
 1.00000000e+00]","[ 0.48910982  0.05525362  0.51702894 -0.03659242  0.27315665  0.41416513
 -0.18255364 -0.1982026   0.41267817]",1194.165404505056,141.62321168164067,2.4548656141978765e-07,0.0012550263386699402,70.32771701768725,140.61883497746112
710,"[1.97243512e+01 1.01879007e+04 1.37868199e+02 5.53278207e+01
 1.33308695e+03 4.19221994e+00 1.57028863e+03 5.66944755e+01
 1.00000000e+00]","[ 0.61826308  0.23527651  0.07992402 -0.29426912  0.32451089  0.57517539
  0.03464358 -0.16796442 -0.06218764]",2883.734375775144,157.56502300932152,2.4548656141978765e-07,0.0012550263386699402,70.706302948581,160.15525046358832
711,"[2.04588328e+01 3.67320606e+02 2.75611563e+02 2.99479188e+03
 6.72585680e+02 6.50419188e+00 1.96995219e-05 6.76913896e+01
 1.00000000e+00]","[-0.1476092  -0.33360701  0.35820622  0.18865292  0.29568098  0.09132007
 -0.17357019  0.75548356  0.0797976 ]",788.825650909119,151.08879989051172,2.4548656141978765e-07,0.0012550263386699402,70.66053115490625,166.87295263460067
712,"[4.89725487e-08 1.01879007e+04 3.31669005e+01 1.71219750e+03
 5.09731908e+02 3.02427888e+00 1.41722636e+03 3.90458493e+01
 1.00000000e+00]","[ 0.57739069  0.23567264  0.30733101  0.50706378  0.17928635 -0.05722914
  0.04587134 -0.43990289 -0.16874497]",3418.2758332442622,139.09312957687416,2.4548656141978765e-07,0.0012550263386699402,70.3704651028139,149.09040387726466
713,"[1.12708955e+02 2.18413930e+03 1.96196733e+02 7.50116711e+02
 3.42607721e+02 1.16520471e+01 1.41996086e-06 5.62421357e+02
 1.00000000e+00]","[ 0.43948019 -0.15979359 -0.17435735 -0.35674975  0.22122392 -0.17695572
 -0.07101069  0.73353142  0.01697327]",-114.98855960884748,173.57790891285418,2.4548656141978765e-07,0.0012550263386699402,69.75186879593167,139.51282901432808
714,"[2.87737522e+01 5.56717359e+03 5.67900681e+02 8.58810501e+00
 4.45811444e-09 3.46152799e+01 1.29214523e-06 6.35192019e+01
 1.00000000e+00]","[-0.10347842  0.01084473  0.26170032 -0.21441073 -0.80082007  0.1021625
 -0.17297538 -0.16998634 -0.40515404]",196.50926950484472,147.57424587405887,2.4548656141978765e-07,0.0012550263386699402,69.70917908455462,154.08324173052074
715,"[1.11838122e+01 4.54400286e+03 2.49247417e+01 1.10852110e+03
 4.52481620e+02 5.14850338e-02 1.74534664e+04 3.91612484e+01
 1.00000000e+00]","[ 0.72455522  0.01675258  0.04557473  0.17495115  0.38935988  0.4659101
  0.10088544 -0.25129233 -0.00742171]",2206.4544132432584,150.42822149195717,2.4548656141978765e-07,0.0012550263386699402,69.61668297169878,149.93003560943959
716,"[3.14030000e+01 6.58207188e+03 1.01511267e-06 4.53608489e+02
 2.68242814e+02 2.11978443e+00 1.67576380e+04 4.19408349e+01
 1.00000000e+00]","[ 0.44196125  0.00856924 -0.37039622 -0.23607558 -0.06544593  0.73702434
  0.03037849 -0.24721517  0.04631992]",445.95298896985435,145.17419962014424,2.4548656141978765e-07,0.0012550263386699402,69.4070742276256,151.8311478961445
717,"[2.66850001e+01 3.16217633e+03 8.33481069e+01 1.13503588e+03
 1.27694041e+02 5.99442696e+00 1.73295955e+04 5.81553337e+01
 1.00000000e+00]","[ 0.66209903 -0.23020241 -0.01072192 -0.17191487  0.04346433  0.65097935
  0.16626681 -0.13772607 -0.08176584]",1976.4020215206901,141.16774869966184,2.4548656141978765e-07,0.0012550263386699402,70.15716767392055,148.98276744756959
718,"[3.09210000e+01 5.82137630e+03 3.94262512e+02 1.75819064e+02
 2.18067313e+03 9.27337159e+00 6.95376223e+02 5.12003170e+01
 1.00000000e+00]","[ 0.09344956 -0.00762776  0.51406873 -0.46692006  0.37276785  0.40518801
  0.03355822 -0.41687409 -0.17574026]",897.5281160102681,143.91240189173948,2.4548656141978765e-07,0.0012550263386699402,69.51877903670399,149.95833967713804
719,"[2.10512469e+01 3.11858192e+03 4.59132987e+02 1.00960210e+03
 9.85971087e+01 3.40010430e+00 1.49637661e+04 4.47347357e+01
 1.00000000e+00]","[ 0.65133836  0.02146393  0.39378823  0.1063432  -0.402353    0.13078047
  0.03505457  0.36825927 -0.30509738]",870.3050829480202,145.168552181368,2.4548656141978765e-07,0.0012550263386699402,69.64781112120339,140.5448671701167
720,"[2.32727479e+01 8.26459474e+03 4.42616443e+01 2.39406526e+02
 4.47938440e+02 6.74037411e-01 1.39247528e+04 4.37020334e+01
 1.00000000e+00]","[ 0.51334542  0.05223809 -0.32289567 -0.43987104  0.24241161 -0.15103138
  0.04743805 -0.57702195  0.13863965]",1068.0421127702346,149.0035488959718,2.4548656141978765e-07,0.0012550263386699402,68.65798580834607,151.83696376960665
721,"[3.10762122e+01 5.58329051e+03 9.20518451e+01 9.29843153e+01
 1.77732958e+03 1.17991063e+01 1.07219211e-04 1.10552860e+02
 1.00000000e+00]","[-0.56776528 -0.06117987 -0.49092267 -0.57586362  0.19940763  0.20301579
 -0.09523381 -0.09665842  0.04341069]",-111.7996004721842,144.70492515726602,2.4548656141978765e-07,0.0012550263386699402,69.34347499547331,191.41745894434598
722,"[3.06131484e+01 2.87247837e+03 1.18092657e+02 9.09041947e+02
 4.13795428e+02 8.24980868e+00 1.36269039e+03 7.04041376e+02
 1.00000000e+00]","[-0.2799173  -0.10772723 -0.184359   -0.35057532  0.10025886 -0.13974729
  0.02807094  0.82421449  0.20844953]",0.6029166377435576,153.3139717544648,2.4548656141978765e-07,0.0012550263386699402,69.14615287870939,155.33218281213914
723,"[3.85660000e+01 5.55201275e+02 3.76894281e+02 1.31282056e+03
 1.80161201e+01 1.93961264e+01 6.91745663e-07 3.80998196e+02
 1.00000000e+00]","[-0.26957032 -0.4211148  -0.17993195 -0.37889297 -0.20203099 -0.21341278
 -0.23591073  0.65666259 -0.02894145]",-567.054407990333,147.0409542269195,2.4548656141978765e-07,0.0012550263386699402,69.11234490519425,149.20982899626125
724,"[3.85660000e+01 2.99386693e+03 1.42516212e-09 1.32726252e+03
 3.28059639e+01 1.26341679e+01 8.14035268e-06 6.85244919e+02
 1.00000000e+00]","[ 0.45496423  0.00267904 -0.28515553 -0.02540439 -0.60996225  0.03147593
 -0.00370757  0.50493933  0.28813047]",318.5310414859657,151.32538934937782,2.4548656141978765e-07,0.0012550263386699402,69.14199775127366,146.0593823490084
725,"[3.85660000e+01 1.96267167e+03 8.77443961e+01 1.09939979e+03
 1.87706605e+03 2.19826938e+01 1.71860672e-05 7.02884517e+01
 1.00000000e+00]","[-0.31478152 -0.1240309  -0.42221554 -0.26623222  0.12949717  0.47162399
 -0.00844256 -0.49966655  0.38398792]",-366.6089857705175,141.72000335898224,2.4548656141978765e-07,0.0012550263386699402,68.94467402342387,177.98813601978213
726,"[3.14030000e+01 1.70620496e+03 3.52070098e+02 5.83028753e+02
 3.39546907e+02 2.05405325e+01 6.65954913e+03 9.38060917e+01
 1.00000000e+00]","[-0.51200991 -0.16441781 -0.30303129 -0.3892737   0.13106607  0.6576669
  0.01650412 -0.03378199 -0.12780063]",-465.6300023876939,149.17302002389033,2.4548656141978765e-07,0.0012550263386699402,68.91567825981164,166.580170628142
727,"[1.14034000e+02 3.91646298e+03 7.65864043e+02 1.34629833e+03
 8.52761334e+01 1.54021491e+01 2.81274752e-03 3.68558494e+01
 1.00000000e+00]","[ 0.59274897  0.03001672  0.26514086  0.07304024 -0.51477599  0.40346809
 -0.00560949 -0.3352407   0.17864626]",436.68792621971824,160.9997781560828,2.4548656141978765e-07,0.0012550263386699402,69.29283006777852,146.53901516597776
728,"[2.76200000e+01 4.63666099e+02 1.36637594e+02 2.22565482e+03
 6.88276275e+01 1.26465059e+01 6.90600014e+03 9.25159128e+01
 1.00000000e+00]","[-0.15102015 -0.72969374  0.29196867  0.14261987 -0.04759903 -0.32079063
  0.0881095   0.45890707  0.12499019]",658.5434901741456,140.6721590218707,2.4548656141978765e-07,0.0012550263386699402,68.50331803178737,148.55185310890897
729,"[9.59247443e-09 4.37245578e+03 9.15212445e+01 1.65182593e+03
 2.28386080e+03 5.29998214e-08 3.89320598e+03 4.31132652e+01
 1.00000000e+00]","[-0.33864182  0.07436869  0.63644464  0.33257415  0.45156544  0.35629677
  0.05586344 -0.17103954 -0.02982742]",2174.173235316661,148.21060763583046,2.4548656141978765e-07,0.0012550263386699402,69.31258493142907,153.65531823322522
730,"[2.23196457e+01 3.26125798e+03 1.00887202e+03 5.92574498e+02
 1.45743446e+02 1.58763445e+01 4.00934949e-06 2.12841329e+02
 1.00000000e+00]","[-0.07750421  0.01012427  0.39649513 -0.07484466 -0.55246992  0.52278648
 -0.11805335  0.41127024 -0.26357535]",402.00260922049176,145.38066356345007,2.4548656141978765e-07,0.0012550263386699402,68.94374104458284,144.27923421055675
731,"[7.94760677e+00 1.25459867e+03 2.02483158e+02 3.66171057e+03
 1.13370066e+02 8.17860538e+00 2.99548455e+03 4.33599062e+01
 1.00000000e+00]","[-0.20454197 -0.01606251  0.36985546  0.2144845  -0.6869215   0.28332118
  0.01877045 -0.11277473 -0.45815434]",813.8113932373413,148.66213173802896,2.4548656141978765e-07,0.0012550263386699402,69.23768087929024,151.27816521039404
732,"[6.73909463e-09 3.29773224e+03 3.54310142e+01 1.66491786e+03
 6.60489812e+01 1.06501665e+01 5.87675101e+02 7.03397548e+02
 1.00000000e+00]","[-0.43224606  0.02434217 -0.13164046  0.04861006 -0.57729689  0.16477476
  0.01742374  0.65336737 -0.07255153]",589.9105276205083,152.109074554818,2.4548656141978765e-07,0.0012550263386699402,68.68336477539734,153.49587216927063
733,"[1.98662790e+01 1.01879007e+04 9.58817627e-07 6.39240959e-06
 6.44290672e+02 4.12999395e+00 1.35076315e+02 2.72435539e+02
 1.00000000e+00]","[ 0.11177979  0.27809942 -0.32828195 -0.50747349 -0.01667933  0.39639725
  0.00889997  0.44606857  0.43405328]",2949.5218915387277,141.19947389454956,2.4548656141978765e-07,0.0012550263386699402,68.33196899488027,162.30743928956042
734,"[1.80387297e+01 1.01879007e+04 2.03361390e-08 1.79338806e+03
 3.13238637e+02 3.17693037e+00 2.46850325e-04 4.05234060e+01
 1.00000000e+00]","[ 0.69778305  0.13302941 -0.2223935   0.18781816 -0.13246303  0.44868365
  0.0054211  -0.40246927  0.17260676]",1648.5044698186387,141.00282593137672,2.4548656141978765e-07,0.0012550263386699402,69.06695718197871,141.4877335830074
735,"[3.14030000e+01 7.10119251e+03 3.17823099e+02 1.29095792e+01
 2.00826362e+03 4.61743305e+00 2.13921446e-04 8.76937464e+01
 1.00000000e+00]","[ 0.12720839  0.01036144  0.03253626 -0.37783227  0.21526301  0.5751659
 -0.01706591  0.38526879  0.56037271]",552.3430986903331,138.52796365095378,2.4548656141978765e-07,0.0012550263386699402,67.69280149387043,141.12876587720098
736,"[5.23740000e+01 6.23556724e+03 3.24873723e+02 5.93811454e+01
 1.14839403e+02 1.33241626e+01 1.51277144e-06 3.87491872e+02
 1.00000000e+00]","[ 0.50056594  0.02153208  0.00298001 -0.26933071 -0.50027423 -0.10566096
 -0.29028828  0.47453035 -0.32486507]",270.1490970787955,149.2249383802667,2.4548656141978765e-07,0.0012550263386699402,68.32921552532073,160.55921105714782
737,"[1.96844043e+01 4.56622365e+03 1.23148183e+02 6.56075310e+02
 5.65306261e+02 9.46875410e-01 1.68607199e+04 4.32851052e+01
 1.00000000e+00]","[-0.22951837 -0.11785531 -0.13086997 -0.63097379  0.45788645 -0.11974335
  0.10445118  0.52461064 -0.08973142]",1069.7184398485808,156.89800606107679,2.4548656141978765e-07,0.0012550263386699402,68.7811969857077,136.7623623138195
738,"[1.91267804e+01 3.63549386e+03 4.22132180e+00 1.36886711e+03
 9.94209287e+02 1.03023597e+00 1.36737731e+04 4.65252590e+01
 1.00000000e+00]","[ 0.21434214 -0.04544055 -0.23450519  0.06018033  0.32812675 -0.45335845
  0.05348483  0.75518631 -0.08372698]",1012.440250583281,141.72527458840682,2.4548656141978765e-07,0.0012550263386699402,68.11056048330612,148.49328618579125
739,"[2.05789877e+01 1.34732527e+03 6.53849748e+01 2.67765891e+03
 1.52591329e+02 3.41508130e+00 1.10881607e+04 4.89764961e+01
 1.00000000e+00]","[ 0.30067771 -0.52154553  0.5257495   0.45763931  0.17491061  0.02688272
  0.14721255 -0.21717161  0.22712434]",2211.963186169038,148.78907594357634,2.4548656141978765e-07,0.0012550263386699402,67.74157492380007,142.26608854053868
740,"[4.38839683e+01 9.03135796e+03 3.28142826e+01 1.59109709e+02
 1.85002538e+03 7.34189898e+00 1.20511701e-05 5.62794000e+01
 1.00000000e+00]","[ 0.68485655  0.05933717 -0.1712171  -0.29082138  0.25589818  0.3582591
 -0.10509342 -0.37414331 -0.26210098]",968.7883675424495,143.77308874223138,2.4548656141978765e-07,0.0012550263386699402,67.92500157196378,146.07928483909166
741,"[1.71120208e+00 6.33444823e+03 3.50548527e+02 3.65644429e+02
 3.89431915e+02 1.20220029e+00 6.49065912e+03 4.72192859e+02
 1.00000000e+00]","[-0.02516456  0.024435    0.44095097 -0.14359148  0.08980969  0.11569241
  0.03539311  0.87006828  0.06317759]",932.5521031653185,162.3400709268068,2.4548656141978765e-07,0.0012550263386699402,68.36210195829635,162.03225766325153
742,"[1.07074000e+02 1.51604652e+03 5.52222712e+01 1.16429173e+03
 1.12349731e+03 1.24933942e+01 3.98467185e+03 9.55107827e+01
 1.00000000e+00]","[ 0.58942298 -0.18586092 -0.31858766 -0.16389892  0.23408319  0.55667415
  0.02666249  0.35249082  0.00579674]",-17.220909832762473,150.65125872324248,2.4548656141978765e-07,0.0012550263386699402,68.21843558124083,145.48792227978697
743,"[4.11542608e+01 3.27333694e+03 3.85301467e+02 1.03225878e-07
 5.81131646e+02 3.14969715e+01 1.98322131e-05 8.96577732e+01
 1.00000000e+00]","[-0.62258305 -0.1048653  -0.34569497 -0.58321218  0.07716852 -0.13288358
 -0.08698666 -0.18458191  0.27658988]",-477.69114544560455,153.2070022465645,2.4548656141978765e-07,0.0012550263386699402,68.2943740888923,132.30605380067712
744,"[1.59753179e+01 2.20679784e+03 3.69354768e-09 2.20684682e+03
 2.12237904e+03 4.59602266e+00 1.36398083e+03 6.48076586e+01
 1.00000000e+00]","[-0.38369709 -0.08489327 -0.48927927  0.09245748  0.26551397  0.40198387
  0.03096035  0.54934138 -0.25060703]",653.5165751341782,154.74975434538203,2.4548656141978765e-07,0.0012550263386699402,68.06938811851921,143.78361503723545
745,"[3.02319191e+01 2.38817833e+03 3.33819641e+02 8.58369835e+02
 2.67434579e+02 7.42923307e+00 1.05757597e+04 2.62975476e+02
 1.00000000e+00]","[ 0.17274435 -0.11110148  0.23107735 -0.14605529  0.18022097  0.25012291
  0.04436762  0.87362257 -0.15119862]",440.5278492301096,153.78500089148315,2.4548656141978765e-07,0.0012550263386699402,67.90768176172179,140.48041551702693
746,"[1.00226000e+02 1.60073570e+03 8.38632072e+02 4.49826508e+02
 1.78432760e+02 1.72533608e+01 3.25466547e+03 6.66646506e+01
 1.00000000e+00]","[-0.23978633 -0.24426747  0.4537808  -0.69295181 -0.14841795 -0.32181592
  0.03498435  0.0794051   0.25221866]",-258.8203895749043,156.56176139939507,2.4548656141978765e-07,0.0012550263386699402,68.28274970223563,168.83747781481452
747,"[4.36166208e-09 8.85225397e+03 2.37112309e+01 5.42339168e+02
 4.01703080e+02 2.77742190e-09 1.35627744e+04 4.02856031e+01
 1.00000000e+00]","[-0.34710558  0.28520322  0.47782733  0.35657107 -0.52798992 -0.12591286
  0.10789387 -0.36513938  0.05585418]",3965.994719355421,136.11409350017493,2.4548656141978765e-07,0.0012550263386699402,67.78071824390065,135.99153662164485
748,"[2.92584269e+01 3.75563728e+03 5.55623347e+02 4.92793631e+02
 5.29143455e+02 7.96220353e-01 1.28197338e+04 4.24785335e+01
 1.00000000e+00]","[ 0.16651297 -0.1035974   0.65677723 -0.34376455  0.39697378  0.43526055
  0.06426641 -0.10083665  0.22510548]",841.5361253874855,167.05852466359545,2.4548656141978765e-07,0.0012550263386699402,68.21344366367083,139.858830256994
749,"[3.14030000e+01 3.52006361e+03 2.98448755e+01 9.36332189e+02
 8.05517108e+01 6.83991403e+00 1.72976717e+04 6.00900241e+01
 1.00000000e+00]","[ 0.17928534 -0.22105772 -0.78732645 -0.41267654 -0.11247507  0.05183572
  0.11606877 -0.31468119 -0.03117048]",797.6664242462124,136.0257775713062,2.4548656141978765e-07,0.0012550263386699402,67.6897315752613,139.12430168894826
750,"[3.14030001e+01 6.61049814e+03 9.15045824e+00 2.52620791e+02
 8.99031176e+02 2.46543823e+00 1.18653810e+04 6.19866881e+01
 1.00000000e+00]","[ 0.17047047 -0.0211343  -0.67624628 -0.56898265  0.24345329 -0.14385261
  0.03907187 -0.3284429   0.00885659]",377.49006218351354,136.5483316431886,2.4548656141978765e-07,0.0012550263386699402,67.56715246013417,146.17217035453473
751,"[5.36421908e-02 1.01879007e+04 9.38067379e+01 3.59251073e+02
 4.26062611e+02 3.06933730e-01 9.37909231e+03 4.60587065e+01
 1.00000000e+00]","[ 0.1704312   0.28794665  0.41054338 -0.25398765 -0.41910729  0.652024
  0.07289157 -0.20713788 -0.07732295]",3376.52053218889,153.6226922240371,2.4548656141978765e-07,0.0012550263386699402,67.54582849377111,138.31090933633908
752,"[1.94928814e+01 2.98856057e+03 9.33267123e+01 1.73909298e+03
 4.99637370e+02 1.61499642e+00 5.04901333e+03 5.96066206e+02
 1.00000000e+00]","[ 0.18245491 -0.0404932   0.21476398  0.11129825  0.28359742  0.20001038
  0.0398088   0.8370809  -0.28954934]",937.8215757024946,161.29776942865408,2.4548656141978765e-07,0.0012550263386699402,68.18146567832582,143.88023494916393
753,"[6.48717145e+00 1.95612668e+03 4.10466462e+02 2.41819963e+03
 1.52293200e+02 3.78344833e-01 1.02012687e+04 3.91610000e+01
 1.00000000e+00]","[ 0.19112615 -0.04918577  0.80215436  0.32920993 -0.01299056  0.11391997
  0.07066814 -0.37806218 -0.21942937]",1734.3237369161452,142.29012250184542,2.4548656141978765e-07,0.0012550263386699402,67.43734472096207,166.28161169964915
754,"[2.03655806e+01 8.50241909e+02 3.32604379e+02 2.77189121e+03
 3.38118152e+02 1.99432401e+00 6.16915762e+03 4.76613133e+01
 1.00000000e+00]","[-0.21385691 -0.36334412  0.64184547  0.28858794  0.44009966  0.19109276
  0.07683666 -0.29491728 -0.06255752]",1309.2148355545812,159.80812337011707,2.4548656141978765e-07,0.0012550263386699402,67.35281844756177,133.6065475604314
755,"[1.67235509e+01 2.37032757e+03 6.69349724e+01 2.63950185e+03
 2.11333609e+03 2.67933980e+00 2.27159745e+02 4.56494722e+01
 1.00000000e+00]","[ 0.69325168 -0.01830083  0.4001406   0.27844348  0.39535253  0.2567389
  0.04329783 -0.17899972  0.15902774]",1567.9741442985126,148.69237912841663,2.4548656141978765e-07,0.0012550263386699402,67.81348830440419,141.25608620662655
756,"[3.14030000e+01 5.83034541e+03 6.51398147e+01 2.21494075e-08
 8.24662426e+02 1.39685020e+01 6.69059532e+03 8.36472343e+01
 1.00000000e+00]","[-0.46025568 -0.05062391 -0.41238845 -0.56368126  0.09774119  0.08116176
  0.01279337 -0.49193281 -0.19874356]",-210.48633709381096,137.76162995201003,2.4548656141978765e-07,0.0012550263386699402,67.69272865063755,145.82904937181365
757,"[1.30408235e-10 9.51105710e+03 5.88605915e+00 4.42262410e+02
 5.01943675e+02 4.08309939e-02 1.21314648e+04 4.61539387e+01
 1.00000000e+00]","[ 0.10087756  0.80230936 -0.4142962   0.10982293  0.26366711  0.08727017
  0.26290812  0.12326531 -0.03113762]",11004.410285439502,136.43904134844524,2.4548656141978765e-07,0.0012550263386699402,67.65597659259117,146.64398028789606
758,"[3.14030000e+01 3.73185205e+03 3.59438252e+02 1.52358241e+02
 7.41184371e+01 1.55619114e+01 1.06789212e+04 8.39820452e+01
 1.00000000e+00]","[-0.60496156 -0.10431003 -0.23828797 -0.63533786 -0.12070262  0.09005758
  0.02291411 -0.27412078 -0.2536904 ]",-376.83777769563454,147.68774290016484,2.4548656141978765e-07,0.0012550263386699402,67.0262697973275,151.0318733962803
759,"[1.59600000e+01 2.47892932e+03 5.37512400e+01 2.38672814e+03
 1.74908440e+03 8.89117595e-01 4.87714556e+03 3.93076142e+01
 1.00000000e+00]","[-0.03926329 -0.12021902 -0.17072119  0.48205441  0.79961059  0.21397782
  0.11068813 -0.15516168  0.03151168]",2775.2665086920024,163.26880582378135,2.4548656141978765e-07,0.0012550263386699402,67.3862663800877,157.75870463128967
760,"[2.32133399e+01 8.53703932e+03 6.91740176e+01 3.28385936e+02
 4.26971157e+02 3.43827230e-09 1.41713809e+04 3.90458493e+01
 1.00000000e+00]","[ 0.81759875  0.06990905  0.15451046 -0.01977283 -0.08327729  0.52308793
  0.02970162 -0.13150771 -0.0603987 ]",1000.1511913804761,142.18308387433217,2.4548656141978765e-07,0.0012550263386699402,67.49996387303567,140.5611994397915
761,"[1.54256749e-08 1.00034191e+04 2.94173989e-08 7.93188464e+02
 1.17678828e+03 3.67856043e+00 4.57423085e+03 4.07616279e+01
 1.00000000e+00]","[ 0.19804981  0.30335855 -0.25814829  0.43017245  0.69397452 -0.20492773
  0.09061905  0.11703507 -0.26749946]",4610.753314896633,146.98206890891106,2.4548656141978765e-07,0.0012550263386699402,67.23689197594547,154.49521834166626
762,"[3.78912951e+01 4.00358916e+02 5.27507451e+02 1.29146419e+03
 4.18350214e+01 1.60242022e+01 3.92364185e+03 9.89290873e+01
 1.00000000e+00]","[ 0.02995488 -0.7365749   0.27014112 -0.44671701 -0.11209104 -0.2587614
  0.06988309  0.31185743 -0.04865435]",-432.0133278324567,146.6782418792934,2.4548656141978765e-07,0.0012550263386699402,67.20370958651864,138.50290786741797
763,"[8.52750618e+00 4.19949904e+03 8.52403285e+01 9.53069715e+02
 1.28561579e+02 4.33946806e+00 1.82430161e+04 5.08966713e+01
 1.00000000e+00]","[-0.1158441  -0.47450431  0.2115551  -0.32578371  0.07308522  0.17890215
  0.7179734  -0.12298959 -0.20633844]",10815.576684786383,139.20242463929208,2.4548656141978765e-07,0.0012550263386699402,67.11495301348651,145.3944273678569
764,"[7.16718100e+01 7.70529862e+02 6.64934275e+02 7.39461907e+02
 7.68950989e+01 2.03761886e+01 1.94707180e+03 9.68238993e+01
 1.00000000e+00]","[-0.28405708 -0.46785631  0.19107342 -0.5750057  -0.33692715 -0.32687248
  0.03358881  0.31615272 -0.10878957]",-615.6659676694923,143.39500684592736,2.4548656141978765e-07,0.0012550263386699402,66.78188289172857,167.63446690234946
765,"[2.76200000e+01 3.17779261e+03 1.60922456e+02 1.14401694e+03
 2.63848529e+03 9.59958533e+00 8.90275991e+01 4.80330700e+01
 1.00000000e+00]","[-0.3282705  -0.17890179  0.40387287 -0.18891334  0.66530879  0.3904723
  0.01798608 -0.07378958  0.24608593]",1028.7513579726954,139.65782640173904,2.4548656141978765e-07,0.0012550263386699402,66.87356525201825,135.3137937789379
766,"[2.13016212e+01 1.63727442e+03 2.60797147e-08 2.90848543e+03
 2.77043868e+02 2.23368596e+00 7.32659643e+03 2.32612182e+02
 1.00000000e+00]","[ 0.06121493 -0.07572521 -0.27324162  0.15976074  0.12813523  0.70638748
  0.03305029  0.59785403 -0.12810261]",760.1458886637213,139.01642509619057,2.4548656141978765e-07,0.0012550263386699402,66.87458721744636,139.18916403930723
767,"[1.11714430e+02 6.94579134e+02 3.55103155e+02 8.63861579e+02
 8.94218039e+01 3.14337341e+01 2.50772062e-05 8.81131412e+01
 1.00000000e+00]","[-0.47912294 -0.23757217 -0.33252823 -0.29207069  0.01533093 -0.27970358
 -0.02554806 -0.57949951  0.32121464]",-647.0896046709319,134.8979574335458,2.4548656141978765e-07,0.0012550263386699402,66.66722919112149,138.9347586977774
768,"[1.14034000e+02 1.01879007e+04 1.67712734e+01 3.60735953e-08
 5.35847107e+02 1.54756831e+01 3.23992074e-06 4.68063027e+01
 1.00000000e+00]","[ 0.7185616   0.12090583 -0.17344987 -0.33650868 -0.10282349  0.3348463
 -0.13723013 -0.4276832  -0.0358932 ]",1240.8382443706714,146.50589864793892,2.4548656141978765e-07,0.0012550263386699402,66.0902892991557,149.8474683930276
769,"[8.56856848e+01 3.67290890e+02 4.74267198e+02 1.14572734e+03
 7.32907183e+01 2.09419634e+01 1.10560685e-04 1.80387370e+02
 1.00000000e+00]","[-0.38711078 -0.40424755 -0.21172184 -0.37052959  0.12424489  0.47771009
 -0.05153397  0.43064941  0.26991197]",-609.5210924138528,142.71246154794005,2.4548656141978765e-07,0.0012550263386699402,66.01192470528927,145.22161928860123
770,"[9.12073533e+00 6.05332728e+03 8.67114955e+01 5.43685260e+02
 2.53230705e+02 9.41448270e-01 1.79785632e+04 4.11332588e+01
 1.00000000e+00]","[ 0.11724144  0.05416255  0.00273688 -0.88543768  0.28547639 -0.1616628
  0.25489846 -0.15078496 -0.06302794]",4496.35289302752,144.93924962687652,2.4548656141978765e-07,0.0012550263386699402,66.46688408780028,133.70038206776803
771,"[2.76200000e+01 1.67928517e+03 1.67891701e+02 1.21480685e+03
 1.08422676e+02 1.02465337e+01 1.34180654e+04 8.32052697e+01
 1.00000000e+00]","[-0.04144228 -0.42352937  0.27868491 -0.202582    0.25265228  0.6947971
  0.09696028  0.37965157 -0.00937415]",455.43111227092055,137.2834484532276,2.4548656141978765e-07,0.0012550263386699402,65.99211117085126,137.17813712918294
772,"[1.60403780e-08 7.89712948e+03 3.92642410e+01 1.44429764e+03
 5.95212812e+02 3.20860180e-01 1.66766363e-04 5.30207218e+02
 1.00000000e+00]","[ 0.06401213  0.1111633   0.25409878  0.29507117  0.26021801  0.08471862
 -0.00096889  0.86824969  0.05623924]",1929.3393604431303,143.82668818766706,2.4548656141978765e-07,0.0012550263386699402,66.42938074771867,148.58768206493778
773,"[3.07997673e+01 5.13447188e+03 1.21877467e+02 7.60494578e+02
 2.80667149e+03 5.56912605e+00 9.99939187e+01 5.13755152e+01
 1.00000000e+00]","[ 0.69861546 -0.02026998  0.15575145 -0.24751533  0.55888084  0.28225422
  0.0040924  -0.12245167 -0.13775638]",1312.3373231762837,137.90765347520664,2.4548656141978765e-07,0.0012550263386699402,65.6778359189152,142.4831368277096
774,"[1.14034000e+02 5.63703164e+03 8.11487261e-07 2.63087897e-07
 1.05958465e+03 2.34863251e+01 6.96850632e-05 9.20022252e+01
 1.00000000e+00]","[ 0.39889792 -0.02201623 -0.3392379  -0.41555695  0.07241872  0.70569805
 -0.19334861 -0.0393204  -0.10218521]",10.970013613394997,134.08859312093128,2.4548656141978765e-07,0.0012550263386699402,66.4942358751966,146.2625372006661
775,"[3.14030000e+01 4.28648065e+03 3.05210080e+02 4.19011220e+02
 5.24642765e+02 1.21991967e+00 1.52309968e+04 4.41014037e+01
 1.00000000e+00]","[ 0.7823012  -0.10431493  0.00245943 -0.48682689  0.26588131 -0.05169539
  0.06880821  0.24872998  0.01225976]",572.6161953756722,140.85115932007136,2.4548656141978765e-07,0.0012550263386699402,66.15539479355813,142.619446277659
776,"[3.01014703e+01 2.45045842e+03 1.30691879e+02 1.15710501e+03
 1.99988723e+02 7.48359071e+00 1.58460128e+04 6.33606921e+01
 1.00000000e+00]","[ 0.545812   -0.48280473  0.30366951 -0.32336201  0.30088966  0.03230875
  0.16196896 -0.38505314  0.07830958]",1101.5198549505485,148.20877423937281,2.4548656141978765e-07,0.0012550263386699402,66.28475717531238,138.52115978343272
777,"[1.14034000e+02 3.93362002e+03 4.27854297e+02 5.29441628e-08
 1.22954273e+03 1.36020072e+01 1.76358802e-05 9.94624808e+01
 1.00000000e+00]","[ 0.50087129 -0.05567937  0.12962742 -0.48555265  0.1396671   0.58114624
 -0.07414446  0.3470672   0.10135195]",107.80947858128232,135.42555180860518,2.4548656141978765e-07,0.0012550263386699402,65.78392522989449,155.67181285842616
778,"[8.37792606e+01 6.28228829e+03 1.71377788e+01 1.19532537e-09
 2.75654464e+02 2.42180841e+01 1.82733405e+02 3.13960043e+02
 1.00000000e+00]","[ 0.32736722 -0.00813676 -0.37683995 -0.56527152 -0.20127591  0.48822467
  0.00115297  0.33248772  0.20444931]",30.995199655023615,149.84965447595025,2.4548656141978765e-07,0.0012550263386699402,65.95298780189341,169.24844325448177
779,"[3.80840000e+01 1.97923318e+03 7.76662197e+02 7.39166879e+02
 2.47581159e+02 9.55627177e+00 7.48896962e-06 4.30761659e+02
 1.00000000e+00]","[ 0.25424018 -0.12344943  0.41303454 -0.31204985 -0.00495418  0.06101962
 -0.07394713  0.78891321  0.14335046]",194.81214020369438,133.5292827017505,2.4548656141978765e-07,0.0012550263386699402,66.1583219127473,162.05246400622116
780,"[3.53479273e+01 3.82572028e+03 1.68461039e+02 7.15040329e+02
 2.55466911e+03 6.82964089e+00 1.15799232e-06 7.52839492e+01
 1.00000000e+00]","[ 0.154403   -0.18103217 -0.1131036  -0.5117238   0.51809616  0.02114235
 -0.07421132  0.62377397 -0.072536  ]",298.51895632520655,143.8928150027628,2.4548656141978765e-07,0.0012550263386699402,66.57989930945172,139.3019643451645
781,"[3.14030000e+01 3.34510683e+03 6.35156779e+01 1.09758925e+03
 2.62532684e+03 1.00344933e+01 6.33036413e+02 4.91579015e+01
 1.00000000e+00]","[-0.15019632 -0.21443452 -0.45573514 -0.35640819  0.68593104 -0.03451474
  0.0658329  -0.32039822  0.13437239]",684.3466277390926,152.73187093003264,2.4548656141978765e-07,0.0012550263386699402,66.34028402087498,147.41462068774513
782,"[2.76200000e+01 2.64401950e+02 3.23660045e+02 2.03312346e+03
 8.70885369e+01 1.38351365e+01 4.61774214e+03 9.42253713e+01
 1.00000000e+00]","[-0.12471413 -0.54851549  0.36878204  0.06930606 -0.23162254  0.16863533
  0.05990952  0.62307467 -0.26244152]",429.04976409417986,142.88493943598428,2.4548656141978765e-07,0.0012550263386699402,66.84914351024779,143.79841295315146
783,"[2.92862300e-01 3.91443229e+03 8.22195037e+01 1.53363094e+03
 2.20133452e+02 2.12611885e+00 7.73974644e+03 5.51448866e+02
 1.00000000e+00]","[-0.02455781  0.03369031  0.26239598  0.155979   -0.1666449   0.09760093
  0.04402677  0.92998019 -0.03134971]",1209.7441129162169,147.617643484253,2.4548656141978765e-07,0.0012550263386699402,65.73374364510114,147.57538632896672
784,"[1.14034000e+02 4.04453924e+03 5.87057796e+01 4.57899631e+02
 6.02613571e+02 7.77929148e+00 1.80725336e-05 5.65594510e+02
 1.00000000e+00]","[ 0.55009327 -0.03896767 -0.23914741 -0.29213078  0.09639336  0.4850461
 -0.14121662  0.50289217  0.1895863 ]",103.80106803129969,142.5453347660967,2.4548656141978765e-07,0.0012550263386699402,66.04878558289919,145.03572497034838
785,"[2.53837910e+01 8.00715043e+03 2.33816255e+02 8.00064746e+01
 1.86938415e+03 4.87268460e+00 2.17827379e+03 6.04863358e+01
 1.00000000e+00]","[ 0.4285189   0.06684087 -0.08254017 -0.52766417  0.43521495  0.51875661
  0.04523577  0.2345987  -0.10515797]",1413.2989863706314,151.85299616653197,2.4548656141978765e-07,0.0012550263386699402,65.53158612620486,149.01710963958317
786,"[2.76200000e+01 2.51862817e+03 1.29902171e+02 1.42764033e+03
 1.11544367e+03 3.63407138e+00 1.10900174e+04 4.52653350e+01
 1.00000000e+00]","[ 0.71054523 -0.19602177  0.353633    0.02884632  0.52209533  0.13586094
  0.0775926  -0.18323594  0.0132208 ]",1048.123090837344,139.10965361829722,2.4548656141978765e-07,0.0012550263386699402,66.19720973242168,177.54073660680683
787,"[3.16948890e+00 8.42872830e+03 3.04727162e+02 8.32734714e-07
 9.87768228e+02 8.84624738e-01 8.21190198e+03 6.06737520e+01
 1.00000000e+00]","[-0.0177623   0.07697811  0.37410584 -0.64873395  0.3369003   0.34967848
  0.04193376  0.39094201 -0.20634195]",1463.7297322481272,169.77743913579752,2.4548656141978765e-07,0.0012550263386699402,66.4519830194239,148.8115847771415
788,"[1.12894683e+02 1.17368436e+03 7.54533059e+01 1.05650774e+03
 1.01746199e+03 2.25431950e+01 1.99262033e-04 9.93250431e+01
 1.00000000e+00]","[-0.06181981 -0.26700492 -0.61229054 -0.37614374  0.19253757 -0.15434075
 -0.2935345   0.45761588 -0.22811463]",-526.3118812859749,136.83029247684806,2.4548656141978765e-07,0.0012550263386699402,65.89609591175838,138.59801877622067
789,"[1.03168013e+01 5.76587219e+03 3.09197299e+02 5.14527686e+02
 2.57689937e+03 4.46381415e+00 3.87990033e+02 5.52238691e+01
 1.00000000e+00]","[-0.0893849   0.02491952  0.40257353 -0.12913287  0.46487137  0.69746416
  0.03500486 -0.17155505 -0.28183416]",1405.658658737537,151.19044900157633,2.4548656141978765e-07,0.0012550263386699402,65.76402804558465,148.1508581813198
790,"[2.76200000e+01 3.09100041e+03 1.33527295e+02 1.05051825e+03
 2.28266096e+02 1.11900094e+01 3.55115528e-07 8.11523174e+02
 1.00000000e+00]","[-0.14406904 -0.03891664  0.06860999 -0.08871347 -0.02067301  0.71909503
 -0.15379443  0.65113263 -0.00085785]",323.4317347589503,152.81906772137847,2.4548656141978765e-07,0.0012550263386699402,65.8544304388004,136.3800563813404
791,"[3.35161150e+01 5.80227623e+03 2.83609152e+02 1.70461358e+02
 6.32073139e+02 4.90012443e+00 8.22134600e+02 5.90582184e+02
 1.00000000e+00]","[ 0.42129429 -0.00436308 -0.08379774 -0.35571309  0.15680105  0.40229682
  0.0242175   0.68809244  0.16867493]",431.93808131148415,170.75899125137784,2.4548656141978765e-07,0.0012550263386699402,66.23148246768976,139.83573026195904
792,"[2.07487497e+01 7.03404862e+02 6.50865051e+01 2.95475503e+03
 7.48512933e+02 6.32314002e+00 3.84962452e+03 6.56068831e+01
 1.00000000e+00]","[-0.04793266 -0.31212833  0.12006913  0.1693671   0.30715729  0.53765798
  0.05098179  0.68313541  0.06694565]",762.162996707875,147.81784177726695,2.4548656141978765e-07,0.0012550263386699402,66.11963737447007,148.87040344801096
793,"[2.46410000e+01 4.23848322e+02 4.15566812e-08 3.20178411e+03
 7.43211271e+01 1.53385041e+01 2.79084538e-05 1.96564113e+02
 1.00000000e+00]","[ 0.10925602 -0.1747942  -0.52190121  0.13522583 -0.47656352  0.48647936
 -0.02409551  0.44846866 -0.03692601]",421.72889977193967,144.20699316333616,2.4548656141978765e-07,0.0012550263386699402,65.60368314476955,130.61311018636184
794,"[1.67002354e-07 4.72840376e+03 8.92246649e-01 2.23012282e+03
 1.75156255e+02 1.70182515e+00 6.01184798e+03 3.54400075e+02
 1.00000000e+00]","[-0.25122435  0.07901777 -0.19832625  0.22852108 -0.46744924 -0.33387789
  0.03083283  0.68350216  0.20243081]",1228.434126214381,135.60331113338407,2.4548656141978765e-07,0.0012550263386699402,65.91510328551003,152.85291782817603
795,"[1.11274307e+02 2.78909594e+03 4.49315244e+02 2.10150612e-08
 4.74750409e+02 2.82006581e+01 1.24172815e-05 8.68211076e+01
 1.00000000e+00]","[-0.01791288 -0.15021793 -0.08124152 -0.87525792  0.15567537 -0.24137265
 -0.12157207  0.31495616  0.08924326]",-362.9343622591509,138.85452317374268,2.4548656141978765e-07,0.0012550263386699402,66.13757288202554,145.6026153290088
796,"[3.80840000e+01 6.20046310e+02 1.05768270e+03 1.04210619e+03
 1.77399235e+02 1.39171564e+01 3.30397046e-01 6.72561840e+01
 1.00000000e+00]","[ 0.16418999 -0.30916737  0.49830045 -0.29249201 -0.26020827  0.52967936
  0.02064807 -0.4257711  -0.11673189]",-30.743808514918275,137.79232733858328,2.4548656141978765e-07,0.0012550263386699402,65.43231996914903,137.28029233599398
797,"[3.80840000e+01 1.28343083e+03 3.65731130e+02 8.25999723e+02
 3.51423073e+02 1.46646721e+01 7.43050270e+03 9.74588129e+01
 1.00000000e+00]","[-0.23576425 -0.5301716  -0.00845776 -0.65919481  0.44992826  0.03089898
  0.06625792  0.14002214 -0.03657126]",-572.4976206085806,137.01641942665708,2.4548656141978765e-07,0.0012550263386699402,65.55705335919704,157.5278198495613
798,"[2.76200000e+01 1.42841474e+03 5.41938011e+02 1.57504445e+03
 1.72951287e+03 9.31748088e+00 9.34206091e-07 4.78709279e+01
 1.00000000e+00]","[ 0.08741956 -0.3058521   0.62693378 -0.04755182  0.62175925 -0.06744013
 -0.0797419   0.02669913 -0.32450087]",906.0597685850764,137.28415676700615,2.4548656141978765e-07,0.0012550263386699402,65.39293131562337,139.25822660080763
799,"[1.71753585e+01 5.39233485e+03 2.52773801e+02 2.97761339e+02
 9.60461282e+02 1.11074904e+00 1.26914000e+04 4.89229946e+01
 1.00000000e+00]","[-0.36482499 -0.06826246 -0.26502203 -0.64680653  0.48332717 -0.13485688
  0.06524461  0.34289269  0.00487972]",674.9482607747077,149.5366099617737,2.4548656141978765e-07,0.0012550263386699402,65.2735081175973,144.22978392143358
