iteration,batch_directions,batch_sources,batch_points,batch_support_values,batch_size_applied,best_gap,ci_lower,ci_upper,mean_gap,max_gap,wall_time_seconds,implied_threshold_for_tolerance
0,"[[ 0.0465176   0.09996014  0.48004118 -0.04514522 -0.06915632  0.45819581
  -0.03159276  0.01636732  0.46767214  0.08580741  0.04958545  0.52003159
  -0.20100439]
 [-0.20686173  0.18927899  0.4423708  -0.32665988  0.2211341   0.32492964
  -0.21566108 -0.08137176  0.45312654  0.01474779  0.34141227  0.22665818
  -0.19466649]
 [-0.01816151 -0.0357125   0.07169363 -0.19937587  0.23615101  0.54648784
  -0.08051179 -0.41871976  0.43584827  0.1033183  -0.13272199  0.37429102
  -0.24275943]
 [ 0.06184268  0.10305127  0.08758558 -0.18427381  0.25394947  0.28408797
  -0.03146751 -0.19088303  0.5021743   0.19820898 -0.29916867  0.54519414
  -0.28827181]]","['bbo_main', 'random_fill', 'random_fill', 'random_fill']","[[0.11554047 0.17586373 0.28725446 0.21681667 0.33055022 0.44800972
  0.12330499 0.19420324 0.27164243 0.06567014 0.10045014 0.14524118
  0.11752478]
 [0.1156121  0.17601899 0.29486597 0.21761317 0.33194925 0.4409761
  0.12211568 0.19270183 0.27422985 0.06568224 0.10044059 0.13202742
  0.09784567]
 [0.11548132 0.1753078  0.23405456 0.219694   0.3355895  0.50057585
  0.12129639 0.19068309 0.26665531 0.0642441  0.09787011 0.13164502
  0.09592578]
 [0.11550561 0.17545163 0.23469585 0.21806102 0.33296471 0.44148081
  0.12299556 0.19388516 0.27705595 0.06422647 0.09765363 0.17417131
  0.0812974 ]]",[0.52232179 0.41382996 0.36367638 0.36885974],4,0.6808672021175809,2.4548656141978765e-07,0.0012550263386699402,0.17527898761151892,0.5573972206477038,56.14987712899165,0.3606559282130401
1,"[[-7.83863147e-02 -8.43331398e-02  7.94696484e-01  1.51345971e-01
   1.13248964e-01 -2.19757070e-01  2.15652614e-01 -1.45802107e-01
  -3.46782928e-01 -5.80916251e-02  2.76949291e-02 -7.86467640e-02
  -2.69865230e-01]
 [-2.98796375e-01 -2.83337596e-01  5.99935211e-01  3.19000107e-02
  -2.99241431e-01 -2.37102558e-01 -2.86763497e-01 -9.47395324e-02
  -2.49564268e-01  2.27864969e-01  5.15312163e-02  1.95726629e-02
  -3.39537040e-01]
 [-1.46217851e-01 -4.84285096e-01 -1.04647415e-01 -8.12753718e-02
  -1.93265703e-01 -4.34099993e-01  4.98037935e-02  3.09370695e-01
   5.32272006e-01 -8.27372550e-02 -5.51481192e-04 -1.98844634e-01
  -2.69903693e-01]
 [ 6.54943362e-02  4.14260276e-02 -2.63010291e-01 -2.68361858e-01
   2.07572480e-01  5.36811782e-01  2.50399260e-01  2.77301872e-01
   5.95065246e-01 -6.35469719e-02 -6.23412170e-02 -7.15471329e-02
   1.21680937e-01]]","['bbo_main', 'random_fill', 'random_fill', 'random_fill']","[[0.11865924 0.18014493 0.33472529 0.21732469 0.33066716 0.43714266
  0.12212243 0.19055603 0.25200726 0.06268651 0.0952108  0.12759251
  0.16650337]
 [0.117318   0.17806016 0.29797041 0.21408788 0.32479052 0.43118936
  0.12212086 0.19161056 0.2562466  0.06569235 0.10051669 0.13348625
  0.08382738]
 [0.11328543 0.17086611 0.23098684 0.21371269 0.32409464 0.43051262
  0.1237888  0.19648337 0.31159651 0.06547281 0.10020456 0.13257057
  0.09069564]
 [0.113349   0.17074509 0.22857679 0.2194396  0.33519318 0.48167771
  0.12384902 0.19638482 0.5699041  0.06145739 0.09295168 0.12409243
  1.00000001]]",[ 0.07097312 -0.22216385 -0.21388282  0.75133892],4,0.2512055835417004,2.4548656141978765e-07,0.0012550263386699402,0.10751192051575524,0.20254862362061932,31.151266301996657,0.1561925332032401
2,"[[ 0.13959045 -0.03341399 -0.09409093  0.18980721 -0.13106098 -0.33319495
   0.14136242  0.06293351 -0.28493986 -0.01905483 -0.06783677  0.78374246
  -0.28630478]
 [ 0.15174899  0.1950905  -0.08934095 -0.09906064 -0.47774509 -0.21975213
   0.2952284  -0.35605926 -0.3040877  -0.34807037  0.10756981  0.42807802
  -0.14900801]
 [ 0.02889841 -0.29859915 -0.33180102  0.12833703  0.06196273  0.04597694
   0.06421347 -0.05525708  0.56783629 -0.17938687 -0.26476685  0.55993063
  -0.17908001]
 [-0.06488904 -0.07132251 -0.21174318 -0.22695558 -0.20929454 -0.31060943
   0.44318224 -0.01382874 -0.35402974 -0.32775083  0.31995336  0.37678473
  -0.28351331]]","['bbo_main', 'random_fill', 'random_fill', 'random_fill']","[[0.11684739 0.17739721 0.23740403 0.21366017 0.32422165 0.43091421
  0.12228606 0.19193918 0.25640317 0.06624064 0.10163778 0.19558956
  0.10347041]
 [0.12011921 0.18186452 0.24193489 0.20712216 0.31152022 0.41806629
  0.12225293 0.19042386 0.25326108 0.06697529 0.10350037 0.20136056
  0.15765981]
 [0.11036701 0.16480182 0.22281906 0.21860498 0.33371016 0.44257302
  0.12371206 0.19601843 0.30496596 0.06492889 0.09951093 0.18893447
  0.20647276]
 [0.11638984 0.17704666 0.2357088  0.21330646 0.32337836 0.43000477
  0.12340974 0.19316869 0.25626378 0.06629883 0.10180442 0.14821631
  0.02591086]]",[-0.08565398 -0.28731891  0.1502328  -0.29910606],4,0.23539667392845504,2.4548656141978765e-07,0.0012550263386699402,0.10062205464164126,0.19172662487146747,31.36310800400679,0.14463085961111882
3,"[[-0.1591758  -0.19058447 -0.12596519  0.18281533  0.32329001  0.55554028
   0.07376375 -0.19038262 -0.23820797  0.0695892   0.13319974  0.59304121
   0.05655211]
 [ 0.19611488 -0.06409282  0.38202554 -0.22394703  0.26452666 -0.38624422
   0.1231855  -0.30982293 -0.43083877 -0.21953321 -0.12864942  0.40851387
  -0.11730426]
 [-0.01373506 -0.04456453  0.5857503   0.23968844  0.32705026 -0.29616958
   0.03093136 -0.16366655 -0.03591099 -0.11947181 -0.26529128  0.53430264
  -0.05854673]
 [ 0.08325301  0.27440613  0.49934987  0.14501881  0.44454457 -0.04308894
  -0.03762901 -0.21766179  0.58148657 -0.05753336 -0.02292014 -0.21994354
  -0.09371829]]","['bbo_main', 'random_fill', 'random_fill', 'random_fill']","[[0.11101832 0.16631179 0.22415892 0.22094113 0.34265902 0.50422723
  0.12104956 0.18647462 0.24578342 0.06533806 0.10048593 0.42002715
  1.00000013]
 [0.11996972 0.1819079  0.36083765 0.21330504 0.32380962 0.4195514
  0.11822767 0.18111403 0.23729572 0.06605507 0.1019119  0.3455591
  1.00000047]
 [0.11799381 0.17911113 0.57514039 0.21730023 0.33074127 0.43093507
  0.12208811 0.1904515  0.25196536 0.0640796  0.09798611 0.14751141
  1.00000007]
 [0.11847552 0.1797023  0.30516632 0.21915899 0.33418842 0.44150797
  0.12235421 0.19256595 0.54523025 0.06072304 0.09161118 0.12255866
  1.00000011]]",[ 0.59214112 -0.12198036  0.31008544  0.51713745],4,0.20315095234138147,2.4548656141978765e-07,0.0012550263386699402,0.09429443294048936,0.18726097270646297,31.40911599699757,0.1360002232033033
4,"[[ 0.26665301 -0.16615361  0.59990924  0.119137    0.06142786  0.58632269
   0.14236588 -0.06266508 -0.35095357 -0.13946553 -0.09982075 -0.04867096
   0.02257662]
 [-0.23575692  0.13025113  0.36180028  0.03637894  0.19403402  0.50496621
   0.45086719  0.11391488 -0.44399651 -0.11935824 -0.15626147 -0.22473744
   0.00535707]
 [ 0.16503382 -0.21759106  0.35055026  0.07389411  0.20891433  0.36363072
   0.26633724  0.14714157 -0.4333071   0.50859103 -0.26399783 -0.04517915
  -0.10226235]
 [ 0.30117626  0.29661231  0.47292624  0.20141442  0.16380873  0.42641713
   0.16017193  0.21232458 -0.16883212  0.06564166 -0.12181113 -0.06791155
   0.4747866 ]]","['bbo_main', 'random_fill', 'random_fill', 'random_fill']","[[0.11832868 0.17933907 0.54436258 0.22053031 0.3394087  0.49503106
  0.12141289 0.18746252 0.24348807 0.06098198 0.09223282 0.12351949
  1.        ]
 [0.11762789 0.17818248 0.25053354 0.22136357 0.34207296 0.77635617
  0.12152149 0.18753049 0.24450116 0.06026607 0.0907873  0.12192529
  1.        ]
 [0.11724778 0.17718642 0.32127173 0.22092646 0.34207537 0.71559879
  0.12128553 0.18716913 0.24192667 0.06170741 0.0929456  0.12417705
  1.00000007]
 [0.11906657 0.18060188 0.5743286  0.22056799 0.33869087 0.46466754
  0.12146133 0.1881754  0.24789444 0.06055356 0.09132056 0.12240572
  1.0000001 ]]",[0.58463128 0.47675137 0.29540937 1.13597341],4,0.1914752378082939,2.4548656141978765e-07,0.0012550263386699402,0.08820088477037286,0.1572174145960668,31.45133985299617,0.12103028444044209
5,"[[ 0.17172944 -0.22801517  0.31632632  0.08280798 -0.3889254  -0.55885613
   0.16213263  0.20634055  0.38200347  0.02440618  0.225568    0.28537278
   0.01764011]
 [-0.10929106 -0.32747643 -0.49256193  0.21457166  0.16822645  0.54560121
  -0.11640533  0.004523   -0.14269862 -0.13731766  0.42100336  0.01668345
  -0.18937717]
 [ 0.24005643  0.07354311 -0.6702537   0.19222933 -0.05555712  0.37738936
   0.19380807  0.29935888  0.12922317 -0.0359234  -0.14780284 -0.31889934
  -0.19119091]
 [-0.09194791  0.30582158 -0.14748867 -0.5313116  -0.25173369  0.43033066
  -0.04932029  0.31710075  0.02921776 -0.16934221 -0.19523792  0.39531542
  -0.13605707]]","['bbo_main', 'random_fill', 'random_fill', 'random_fill']","[[0.11986514 0.18104085 0.3033016  0.20284794 0.30364255 0.39901159
  0.12509669 0.19798794 0.51177046 0.06691773 0.1021189  0.14800318
  1.00000014]
 [0.10990807 0.16386398 0.22096338 0.22122872 0.34249506 0.53838442
  0.12130077 0.18777794 0.24948225 0.06461161 0.09919625 0.13180578
  0.20648641]
 [0.1114016  0.16674971 0.22001982 0.21982497 0.33551815 0.49916985
  0.12371917 0.19633768 0.27163759 0.06149693 0.0929558  0.12410461
  0.12086765]
 [0.11584864 0.17582325 0.23385232 0.21386567 0.32515321 0.52938339
  0.12357773 0.19511251 0.25859828 0.06530256 0.10002234 0.15018558
  0.22325709]]",[0.09213708 0.17143092 0.14275572 0.10269594],4,0.15741172339527504,2.4548656141978765e-07,0.0012550263386699402,0.08475052959681745,0.13663487050811582,31.50440163600433,0.11191117666740452
6,"[[-0.0012378  -0.27370679 -0.34101271  0.37399925  0.21894858 -0.51817764
  -0.02881844 -0.21657368 -0.44379391  0.04322997 -0.18043574 -0.26557865
  -0.05315834]
 [ 0.40476619  0.39753467 -0.06632774  0.31847377  0.29450719 -0.18910343
   0.47971436  0.2549593   0.10595991  0.09019993  0.30332649  0.19964724
  -0.05874853]
 [ 0.19234629  0.0605961  -0.1528569   0.56131356 -0.21906672  0.54555795
  -0.13738754 -0.28835934  0.3373538  -0.08556067  0.09943527  0.14616289
  -0.14444215]
 [ 0.25943222  0.18722066  0.26752051 -0.21010719  0.57285805 -0.39541929
   0.08744746  0.27458031  0.30612485  0.04279697  0.03306181 -0.31387606
  -0.13860614]]","['bbo_main', 'random_fill', 'random_fill', 'random_fill']","[[0.1106755  0.16622992 0.22764922 0.22375735 0.34127623 0.44376766
  0.11881131 0.18280712 0.24460581 0.06236478 0.09449203 0.13823942
  0.17116387]
 [0.11880704 0.17976378 0.24045285 0.21705672 0.3308469  0.42689766
  0.12396041 0.19491991 0.26856989 0.06600756 0.10124711 0.45254338
  1.00000015]
 [0.11501706 0.17462726 0.23273484 0.22075834 0.33690026 0.78256678
  0.12129519 0.19092334 0.26846906 0.06328545 0.09669881 0.12813507
  1.00000008]
 [0.11911448 0.1800243  0.29508953 0.21702137 0.33089357 0.42834722
  0.12359905 0.19550609 0.27953323 0.0611308  0.09220824 0.12416733
  0.12531228]]",[-0.40654566  0.39532374  0.3715133   0.21751463],4,0.13977555527615848,2.4548656141978765e-07,0.0012550263386699402,0.08072629022385587,0.12542905310042884,31.55659588400158,0.10646314834227971
7,"[[-0.21678489 -0.14107591  0.34422211  0.21032399 -0.4714512   0.3623154
   0.23113275 -0.05625857 -0.27525534 -0.02687161  0.42013137  0.32515454
   0.03908163]
 [ 0.04499754 -0.16606714  0.36016257  0.24131162 -0.36080879  0.44589153
  -0.20164551  0.17428932  0.42704436  0.25860407 -0.06035501 -0.33124865
  -0.14070283]
 [ 0.05897826 -0.06579782 -0.31464323  0.23441111  0.34336256  0.24951496
  -0.19409218  0.11707836  0.25583489  0.45379722  0.49491141  0.29192568
   0.07188385]
 [ 0.24258369 -0.17322361 -0.20267559 -0.27536366 -0.48713962 -0.64936815
  -0.10707109  0.10028646 -0.15910943  0.19746141  0.06747171  0.20680194
   0.04595977]]","['bbo_main', 'random_fill', 'random_fill', 'random_fill']","[[0.1152738  0.17598091 0.30784654 0.21589597 0.3290706  0.70413792
  0.12193043 0.18807205 0.24275293 0.06717699 0.10470208 0.15090916
  1.00000002]
 [0.11552128 0.17573099 0.24260853 0.21917305 0.33429113 0.5371379
  0.12359665 0.19563807 0.27855945 0.06107283 0.09210755 0.12030659
  0.23741861]
 [0.10775985 0.16080601 0.21325575 0.22175996 0.33851289 0.4662208
  0.12212106 0.19339785 0.27834328 0.06787258 0.10422286 0.42222039
  1.00000001]
 [0.12125396 0.18349196 0.24412133 0.20020732 0.30007815 0.39411795
  0.1246047  0.19451303 0.2590214  0.06854668 0.10597487 0.40986414
  1.00000008]]",[ 0.28265501  0.30028243  0.56089222 -0.39272694],4,0.13920590640653474,2.4548656141978765e-07,0.0012550263386699402,0.075238477859314,0.12377384540111125,31.450812844006578,0.10012608381640664
8,"[[ 0.17236013 -0.29955847 -0.32037817  0.29098276  0.22914639 -0.50109879
   0.19060539 -0.3533314   0.13967727  0.27798538  0.06983995 -0.32865627
   0.13705413]
 [ 0.30301818 -0.17541625 -0.37853714  0.16735113 -0.31644313  0.38630942
   0.09307584 -0.02277715 -0.44918353 -0.24915503  0.15363508  0.37835332
  -0.13023125]
 [-0.30414305  0.10813294 -0.07492671  0.1905378  -0.09548722 -0.49558887
  -0.34737341 -0.36120657  0.35750706 -0.11477858  0.29122293 -0.32999172
  -0.11545669]
 [ 0.07742091 -0.09022499 -0.33520733  0.44276174  0.08724984 -0.4274779
   0.15106345 -0.27420148 -0.36127283 -0.31006191  0.32985709  0.03915658
   0.22827975]]","['bbo_main', 'random_fill', 'random_fill', 'random_fill']","[[0.10997505 0.16459483 0.21944805 0.21849369 0.33223118 0.42624674
  0.12368036 0.19467017 0.5678919  0.06459791 0.09839646 0.12773173
  1.00000006]
 [0.11116441 0.16618181 0.21958273 0.21917327 0.33701395 0.5131246
  0.12115311 0.18719551 0.24208874 0.06606626 0.10237866 0.17899459
  0.26581636]
 [0.11863527 0.17954611 0.2405432  0.20843567 0.31305361 0.40868453
  0.12331311 0.19435902 0.34692365 0.06587069 0.10086821 0.1329137
  0.23111753]
 [0.10797556 0.16172212 0.21502218 0.22622781 0.34191715 0.43424543
  0.11318626 0.16629529 0.21698216 0.06826777 0.12104217 0.22278545
  1.00000065]]",[-0.02052484 -0.01968418 -0.2651493   0.01493103],4,0.12493556614135291,2.4548656141978765e-07,0.0012550263386699402,0.07248955005897208,0.1207192247952717,31.848711717000697,0.09613471884336403
9,"[[ 0.09935234 -0.13310976  0.29248607  0.37238448 -0.2459914  -0.33705744
   0.05799993  0.50512542  0.10786585  0.19216578  0.40835893  0.30450317
  -0.086692  ]
 [-0.24784903 -0.49836826  0.36337101 -0.13350291 -0.11151291 -0.50176202
   0.16342075 -0.34275026  0.21145212 -0.15221563  0.23320199 -0.00698183
  -0.09818642]
 [ 0.43713031 -0.22896722 -0.05781733 -0.06971062 -0.4540329   0.35525629
   0.2009416  -0.05902438  0.32540629 -0.1572874   0.31781795  0.36614163
  -0.0798615 ]
 [-0.21278856  0.09305132  0.06193425 -0.32223381  0.42084427 -0.15906948
  -0.1247074  -0.24024502  0.47018093 -0.08682373  0.43303728  0.38285462
  -0.00141019]]","['bbo_main', 'random_fill', 'random_fill', 'random_fill']","[[0.11893454 0.17991624 0.35077121 0.2068016  0.31115672 0.40655407
  0.12479981 0.1974384  0.26412684 0.06725304 0.10259631 0.35894895
  1.00000033]
 [0.11656347 0.17737121 0.56889269 0.20699387 0.31149899 0.40668639
  0.12367263 0.19438131 0.26676572 0.06695604 0.10226218 0.13435362
  1.00000012]
 [0.11784413 0.17755471 0.23541375 0.21083818 0.3193864  0.46690522
  0.12342395 0.19490779 0.27440954 0.06691314 0.10247136 0.43247496
  1.        ]
 [0.11515336 0.17517876 0.23591385 0.21598134 0.32915817 0.43545878
  0.12209927 0.19294656 0.58583883 0.06672757 0.10226339 0.15035855
  1.00000015]]",[ 0.16678798 -0.25247131  0.20652898  0.31458279],4,0.12358416251123822,2.4548656141978765e-07,0.0012550263386699402,0.06964371988848586,0.11680951784456914,31.201051191004808,0.09289812480517157
10,"[[-0.25306209  0.2671011   0.47361423  0.13589968  0.13276394  0.4699936
  -0.09593402 -0.0468095  -0.18288384 -0.03918235 -0.29288211  0.48521192
  -0.12542097]
 [-0.19235528  0.0574111   0.23233761  0.46924631  0.33700433 -0.52310371
   0.01665113 -0.42543673  0.17580496  0.16310259 -0.15722772  0.17791666
  -0.05623823]
 [ 0.04618558  0.50923755  0.09057131  0.15641951 -0.35234766 -0.3476702
  -0.23077162 -0.03029854 -0.47057982 -0.25681922 -0.1329736  -0.27186311
   0.16638445]
 [ 0.30670794  0.32421293  0.37721514 -0.28156155  0.30803884  0.4365221
   0.14881465  0.07315286  0.28866699  0.17675461  0.36598183 -0.10760926
   0.07885535]]","['bbo_main', 'random_fill', 'random_fill', 'random_fill']","[[0.11790935 0.17897684 0.3153124  0.22051365 0.33932503 0.47364326
  0.12104025 0.18685294 0.24590892 0.06210319 0.09414964 0.37992087
  1.00000006]
 [0.11574365 0.1771849  0.5641118  0.21892467 0.33219764 0.42624392
  0.12001223 0.1867457  0.26531363 0.06515344 0.10017036 0.13661652
  1.00000005]
 [0.13531718 0.2056724  0.38619842 0.20504566 0.30531895 0.40029995
  0.11638287 0.1756835  0.2304076  0.06122729 0.09263686 0.12202207
  1.0000003 ]
 [0.11860737 0.17975527 0.28842687 0.21818108 0.33313094 0.74231334
  0.12340656 0.19328982 0.26399011 0.06257926 0.09477457 0.12566589
  1.00000002]]",[ 0.42851205  0.04282329 -0.10415072  0.78846695],4,0.11338686544388882,2.4548656141978765e-07,0.0012550263386699402,0.06808971552411908,0.11014946233289906,31.792522812989773,0.09111261346448465
11,"[[-0.14243623  0.37636596  0.06277351 -0.22101858  0.41794136  0.33998912
   0.26855953 -0.20019058 -0.42869191 -0.1327783  -0.0524989  -0.33949484
  -0.25175995]
 [ 0.41326041  0.3177279  -0.36483308 -0.18473738 -0.00794424  0.28710828
   0.19228934 -0.27227793  0.29957116  0.4737429  -0.02986459 -0.21003004
  -0.09082551]
 [-0.34183374  0.25757556 -0.39903241 -0.15188445 -0.49613906  0.09643022
   0.28191961 -0.31811123 -0.35291019  0.10787727 -0.17491776 -0.16522976
   0.06559258]
 [ 0.19829292  0.34465804  0.25526458 -0.19860075 -0.36079236  0.37689535
  -0.44317951 -0.03135223 -0.20358096  0.06782619  0.15895392 -0.37795437
  -0.23133259]]","['bbo_main', 'random_fill', 'random_fill', 'random_fill']","[[0.11863249 0.17953067 0.23831197 0.22024902 0.33967907 0.46159956
  0.12146481 0.1876052  0.24866483 0.06149903 0.09296099 0.12423366
  0.03216221]
 [0.11787331 0.17733176 0.23017975 0.21776195 0.33336098 0.53184181
  0.12358264 0.19369103 0.51611822 0.06222783 0.09365234 0.12362994
  1.00000026]
 [0.1183803  0.18004496 0.23302481 0.20823396 0.3153671  0.68408429
  0.11663639 0.17571305 0.23000221 0.06763689 0.10325629 0.13237468
  1.0000008 ]
 [0.11968565 0.1811442  0.24405554 0.21714206 0.33101854 0.45779226
  0.12208956 0.19120045 0.254671   0.06296678 0.09512158 0.12616024
  0.02716943]]",[ 0.14100019  0.16642908 -0.2804315   0.01192504],4,0.12266994720003668,2.4548656141978765e-07,0.0012550263386699402,0.06591596450429289,0.10858455692843982,31.635741659003543,0.0888369198193183
12,"[[-0.1098674  -0.38034467 -0.41422562 -0.26145635  0.40614877 -0.34237719
  -0.06875305  0.33012683 -0.34410484  0.09983238  0.24983826  0.1215324
  -0.04325742]
 [-0.01240779 -0.24664205 -0.3213339   0.33483151  0.28265264  0.5094312
   0.20261904  0.3034853   0.29517214  0.24552224  0.02868774  0.28580447
  -0.14546728]
 [ 0.44228917  0.39779603  0.26081451  0.24483272 -0.12086444 -0.35801746
   0.00223398  0.33836361  0.26881429 -0.35299176 -0.22738416 -0.08633431
  -0.06978695]
 [ 0.34815443 -0.36094012 -0.44823882 -0.24125987 -0.19886196 -0.49257737
  -0.02381042  0.08005483 -0.02230484 -0.35359994  0.25817286 -0.07736937
  -0.04541395]]","['bbo_main', 'random_fill', 'random_fill', 'random_fill']","[[0.10724899 0.16007842 0.21225854 0.21902365 0.33532643 0.43318698
  0.12313755 0.19058946 0.24697896 0.06839269 0.10827478 0.20554614
  0.31997362]
 [0.10933141 0.16324142 0.22085935 0.22122061 0.33742582 0.77500793
  0.12363039 0.19590784 0.27135957 0.06447269 0.09866686 0.13105766
  1.00000016]
 [0.12186667 0.18452809 0.36863861 0.20839462 0.31266879 0.40769046
  0.125053   0.19703285 0.46538561 0.06005994 0.09110764 0.12296097
  1.00000011]
 [0.11525571 0.1709424  0.22470819 0.20365713 0.30475705 0.40065552
  0.12712581 0.20124658 0.29293178 0.06737207 0.10297767 0.1353978
  0.3015519 ]]",[-0.21549289  0.52692317  0.16045275 -0.44424582],4,0.11940257684001634,2.4548656141978765e-07,0.0012550263386699402,0.06314930438580817,0.10679918914781084,31.539852140995208,0.08533870432852553
13,"[[-0.22300889  0.05716241 -0.17919417 -0.39686903  0.43782    -0.43988724
   0.21399804  0.06294949 -0.39293446 -0.1589843  -0.32991839 -0.16685864
   0.07795851]
 [-0.12444451 -0.39365057  0.36561853  0.18948827  0.44009314  0.0255256
   0.30055284  0.27643435  0.25676376 -0.39983615 -0.092864    0.23020692
  -0.10711241]
 [ 0.14454359 -0.18883135 -0.3508069  -0.1575416   0.38086576  0.17318341
   0.36776258 -0.04319605 -0.53919356  0.18090679  0.26904315  0.13424597
   0.26369574]
 [ 0.25653671 -0.07553109  0.22390716 -0.04068069  0.75626556  0.00093501
   0.22122388  0.37805444  0.157261    0.00386408 -0.25103406  0.13857719
   0.07696305]]","['bbo_main', 'random_fill', 'random_fill', 'random_fill']","[[0.11342162 0.1710705  0.23410457 0.2161148  0.33125794 0.42743428
  0.1263944  0.18576892 0.23609538 0.05563378 0.08420469 0.14600699
  1.00000083]
 [0.11371932 0.17242146 0.57328795 0.2202631  0.33589634 0.44244638
  0.12386318 0.19609148 0.27366372 0.06127481 0.09294508 0.12508227
  1.0000001 ]
 [0.10774449 0.1605958  0.21280236 0.22339244 0.34968442 0.72757635
  0.11722049 0.17784322 0.23176494 0.06739014 0.10354726 0.15191322
  1.00000001]
 [0.11741343 0.17720274 0.57108942 0.22120749 0.33766321 0.44445889
  0.12378446 0.19589938 0.27332714 0.05944279 0.08972644 0.12178976
  1.00000016]]",[-0.22328353  0.37868782  0.36918961  0.60736137],4,0.111784280961407,2.4548656141978765e-07,0.0012550263386699402,0.061488227603443205,0.10009853678856201,31.49473370400665,0.08336336695289093
14,"[[ 2.47561388e-01  4.14093180e-02 -4.22642554e-01  4.39887969e-01
  -2.17724807e-01 -4.32821453e-01 -2.92341042e-01  2.84517966e-01
  -2.54320332e-01  1.15543051e-01  1.10547636e-01 -2.60570731e-01
   7.46411465e-02]
 [-8.19649374e-02  1.39151691e-01  7.27215405e-02  3.81373506e-01
  -2.09727668e-01 -6.45737217e-01  3.35310325e-01  1.31069935e-01
  -3.91797258e-01  7.99261291e-02 -3.67505224e-04 -2.62572243e-01
  -6.14182237e-02]
 [-1.24113684e-01  5.65846646e-01 -2.23114366e-01  2.57209371e-01
   3.08322524e-01 -2.59037274e-01 -2.98909480e-01  4.23831480e-01
  -1.94966143e-01  1.20369575e-01  1.32413143e-01 -2.04878774e-01
   7.29685741e-02]
 [-1.54038181e-01  5.12134836e-01 -3.70687981e-01  3.61171793e-01
  -2.56800268e-01 -3.96061250e-01 -2.09677640e-01  9.94412022e-03
   7.31366834e-02  1.83228620e-01 -4.58622783e-02 -3.70785482e-01
   2.74607223e-02]]","['bbo_main', 'random_fill', 'random_fill', 'random_fill']","[[0.11664433 0.16913447 0.22093844 0.20447176 0.29710251 0.38664943
  0.12409066 0.20064743 0.29574879 0.07128757 0.1077258  0.14071237
  1.00000009]
 [0.12193918 0.18531804 0.30415321 0.20338158 0.30343009 0.39748589
  0.12505168 0.19463376 0.25213886 0.06645228 0.10141513 0.13116378
  0.26567667]
 [0.11944532 0.18781932 0.24876323 0.24651528 0.36282758 0.4592999
  0.11790831 0.19097185 0.27172549 0.05909209 0.08909968 0.12127786
  1.00000023]
 [0.1226018  0.18635703 0.24135316 0.20449549 0.30024543 0.38578053
  0.12531038 0.19913484 0.4550205  0.06283984 0.09439735 0.12203978
  1.00000007]]",[-0.19587238 -0.28166261  0.15199853 -0.17057092],4,0.11848607747542095,2.4548656141978765e-07,0.0012550263386699402,0.06005030471465027,0.104915407230257,31.806200011997134,0.08130482982366469
15,"[[-0.26300813  0.53886205 -0.09314464 -0.50180067  0.3671254   0.22810783
   0.23886638 -0.08697928  0.24453795  0.05825638  0.0115323   0.2461957
  -0.06782226]
 [-0.22575474 -0.10287845 -0.37055826  0.14460642 -0.48876325 -0.01917655
   0.450519    0.47283891 -0.14198008  0.28317723 -0.0493076   0.10494341
  -0.02516101]
 [-0.31524845 -0.19931487 -0.34861397 -0.17210692 -0.28646916 -0.09525919
  -0.12107828  0.40324468 -0.34715591 -0.34238734 -0.1154822  -0.43592013
  -0.01501926]
 [ 0.49945113  0.4641311  -0.01592149  0.23269463  0.34089474  0.14633751
  -0.19379384  0.34919057  0.17943701 -0.19980857  0.03883737 -0.28516606
   0.16931474]]","['bbo_main', 'random_fill', 'random_fill', 'random_fill']","[[0.11543613 0.17535753 0.23351519 0.21743754 0.33696139 0.46331871
  0.12363749 0.19083463 0.28555025 0.06539799 0.0997625  0.43251634
  1.00000004]
 [0.1082557  0.16210006 0.2144508  0.20353505 0.30471858 0.41567059
  0.14564965 0.22251214 0.28459442 0.06780789 0.10317628 0.2659805
  1.00000059]
 [0.10831535 0.16182669 0.21385122 0.21087222 0.31644581 0.45073414
  0.13238985 0.20799281 0.26837966 0.05920631 0.0894703  0.11742763
  0.5755496 ]
 [0.11994775 0.18094138 0.23937743 0.22248909 0.3389855  0.4656716
  0.12253783 0.19400712 0.56531256 0.05855339 0.08850095 0.1164506
  1.00000001]]",[ 0.28904939 -0.10076651 -0.42659758  0.64883397],4,0.10826796901039926,2.4548656141978765e-07,0.0012550263386699402,0.05962823811500056,0.0938800100761148,31.724728487999528,0.08071678426074874
16,"[[ 4.63054237e-01  2.19427291e-01  3.10404354e-01  3.04796624e-01
   3.00738292e-01  3.22926214e-01  3.31191661e-01 -2.21669519e-01
   2.43549260e-01 -5.96017475e-02 -3.52899681e-01  1.98413703e-03
  -8.49688712e-02]
 [ 9.99782913e-02  3.26782783e-01 -2.02382279e-01 -1.33721854e-01
   1.38770514e-01 -4.89711023e-01  3.25372770e-01 -1.55317050e-01
  -4.81637273e-01 -4.23000239e-01  1.39891917e-01 -6.95601679e-02
  -4.84518104e-04]
 [ 1.22387865e-01  4.21928829e-01  2.65375288e-01 -4.10840950e-01
  -1.93268855e-01 -1.14022511e-01  2.80569503e-01 -3.74583406e-01
   2.58258502e-01  3.22042655e-01  4.02916940e-02  3.55440093e-01
   5.19435440e-03]
 [ 1.67040578e-01 -4.12619046e-02  2.13216046e-01 -2.72019551e-01
   4.24379457e-01  3.46691199e-01 -3.48108014e-01  3.88484862e-01
  -7.57804448e-02  2.49083136e-01  3.25055199e-01  2.79914262e-01
   1.63550705e-01]]","['bbo_main', 'random_fill', 'random_fill', 'random_fill']","[[0.11909598 0.18023759 0.31319031 0.22150489 0.34132279 0.71739271
  0.12258343 0.18934977 0.25916539 0.05927414 0.08947728 0.12049584
  1.00000008]
 [0.1342282  0.1987114  0.25634601 0.20274056 0.30329366 0.39692119
  0.11664648 0.16983009 0.21987037 0.06654912 0.10666868 0.18342673
  1.00000021]
 [0.12117629 0.18366469 0.25263214 0.20573316 0.30952648 0.41495307
  0.12333383 0.19298249 0.27224631 0.06713201 0.10268823 0.44613982
  1.00000002]
 [0.11513327 0.17449815 0.23730953 0.21914744 0.33906747 0.77421765
  0.12101689 0.18758096 0.2472026  0.06614942 0.10108284 0.1490075
  1.00000016]]",[ 0.5356462  -0.27371743  0.18985962  0.68193188],4,0.10226409167768347,0.0002078592656904649,0.003204185101432733,0.05798164244862671,0.09311434280953715,31.655308211993542,0.07859028051436456
17,"[[ 0.30668529  0.32972091  0.32401946  0.44131403 -0.21250498  0.24324602
   0.05272569 -0.26398218 -0.54294889 -0.05768778  0.10539147 -0.00280935
  -0.10701095]
 [-0.17099916 -0.28516712  0.10671947 -0.23589407 -0.42519327 -0.09782442
   0.23284184 -0.21588026 -0.3800256  -0.17751323 -0.27246973 -0.51858327
   0.11012102]
 [-0.30457351  0.44181941  0.0782165  -0.05476012  0.40989868 -0.20315741
   0.0640856  -0.44454043 -0.27843395  0.18123063  0.38174378 -0.16846196
   0.08615871]
 [-0.32081501 -0.41994777  0.03000292 -0.10140912  0.47790996 -0.39387764
   0.38593421 -0.04913539 -0.09768399 -0.04893857  0.33393532 -0.21336619
   0.07526962]]","['bbo_main', 'random_fill', 'random_fill', 'random_fill']","[[0.12052541 0.182725   0.34815289 0.22051347 0.33735427 0.46269834
  0.11479784 0.17429705 0.22900573 0.06445958 0.09934629 0.13101855
  0.33164291]
 [0.12146849 0.18454526 0.5268193  0.2053656  0.30779356 0.41649275
  0.12406846 0.19078226 0.24581673 0.06003476 0.09021317 0.11633298
  1.00000011]
 [0.12019404 0.18876101 0.43526303 0.22120784 0.33821882 0.43415687
  0.11182717 0.16352925 0.21264511 0.06858384 0.10456019 0.13399835
  1.0000001 ]
 [0.09973602 0.15085153 0.31665277 0.22556038 0.34337878 0.43017115
  0.13157938 0.19963756 0.25630913 0.06669583 0.10515583 0.13274648
  1.00000014]]",[ 0.15479299 -0.32839388  0.11034832 -0.01931892],4,0.10202903711511671,2.4548656141978765e-07,0.0012550263386699402,0.0574747657191263,0.09442757691320075,31.528960035007913,0.07772769969387727
18,"[[-0.22619801 -0.06930236 -0.09578177 -0.4753849  -0.29755141 -0.33788636
   0.44599078  0.28625678  0.27054895 -0.09432418 -0.24835714 -0.27642639
  -0.07159144]
 [ 0.25726602 -0.18785425  0.00314762  0.38017377  0.33432813 -0.51463429
  -0.12170771  0.38960596  0.00929282  0.29458519 -0.34695669 -0.00378544
   0.05910655]
 [ 0.38411348  0.00676786 -0.31159918  0.21574017 -0.03034281 -0.35088141
   0.41231328 -0.35471653  0.1078938   0.38613764  0.28792148  0.08362457
   0.195636  ]
 [ 0.22602358 -0.04650601 -0.32111865  0.33050219  0.48912149 -0.26442565
   0.44486622  0.18862385 -0.01709017  0.18485616 -0.38109106 -0.10757137
  -0.02213856]]","['bbo_main', 'random_fill', 'random_fill', 'random_fill']","[[0.11866744 0.17934717 0.24033431 0.20354037 0.30457157 0.40071208
  0.12904592 0.20457264 0.54519722 0.06360213 0.09598364 0.12602354
  1.00000043]
 [0.11140285 0.16588357 0.24504583 0.2218471  0.32766757 0.40627875
  0.13128209 0.21991955 0.32598355 0.05940483 0.08926126 0.12708318
  1.00000066]
 [0.11925915 0.17958096 0.23390623 0.20311242 0.30384069 0.39772775
  0.12411598 0.19044076 0.49638032 0.07190329 0.11330692 0.16203791
  1.00000002]
 [0.1056569  0.15539886 0.20444699 0.23056565 0.34803244 0.44509488
  0.14134674 0.21631359 0.31291714 0.05829718 0.08824362 0.12057017
  0.83724471]]",[-0.25772104  0.10096224  0.17593725  0.12371726],4,0.09913890875527764,2.4548656141978765e-07,0.0012550263386699402,0.056619791525644586,0.09366619599846504,32.122913848012104,0.07666751723847369
19,"[[-0.14961126  0.73139141  0.12643164  0.35357351 -0.25295482  0.12914522
   0.24083866 -0.22245907  0.14482253  0.08533224  0.2693866   0.11100799
  -0.01951612]
 [-0.38342116  0.10846832 -0.0365554   0.39788619 -0.46173113  0.18833309
   0.31520951  0.36831839  0.25463309  0.03895588 -0.11188607  0.17783599
   0.295623  ]
 [-0.26881501  0.44354552  0.17200143  0.31507877 -0.07894252 -0.0381
   0.45057648 -0.29839745  0.14487419  0.41828074  0.22084274  0.05315
   0.23422055]
 [ 0.36025033 -0.35720516  0.3709407  -0.05560583  0.27451268  0.21123872
   0.1809405  -0.41264816 -0.20763925 -0.02593272  0.06453974  0.45930353
  -0.14151508]]","['bbo_main', 'random_fill', 'random_fill', 'random_fill']","[[0.12159174 0.18755966 0.30190472 0.21050948 0.31758453 0.44143982
  0.12305224 0.18926985 0.50642291 0.06695965 0.10335934 0.13816704
  1.00000017]
 [0.11096661 0.16713903 0.22560811 0.21536451 0.32646344 0.45015297
  0.12520862 0.19939887 0.5803378  0.06552475 0.10043721 0.13868925
  1.00000006]
 [0.11885384 0.18169911 0.57224774 0.21313732 0.32270084 0.42891937
  0.12318449 0.19040919 0.2692106  0.06751488 0.10342115 0.1356975
  1.00000007]
 [0.1176919  0.1777948  0.2585329  0.21905384 0.3374418  0.45015958
  0.1190161  0.18245433 0.24193461 0.06587818 0.10132586 0.2048116
  0.20609713]]",[0.29851559 0.55935051 0.50260892 0.21607847],4,0.10397008445163791,2.4548656141978765e-07,0.0012550263386699402,0.056136997827767945,0.09149041799545254,31.512774009999703,0.07553395966044756
20,"[[ 0.00182252  0.43069139  0.04522914 -0.17143017  0.40460323 -0.08028985
  -0.29649793  0.53635587 -0.19124699  0.13681564  0.42439168  0.03346669
   0.02839914]
 [-0.200063    0.25219749  0.04202446 -0.44914519  0.37402602 -0.2940704
  -0.17867551  0.01761801 -0.41304066  0.37394354 -0.08381605 -0.33411859
  -0.07189475]
 [-0.43342404 -0.03478744 -0.26894656 -0.11698753  0.24976212 -0.29449952
  -0.16092803  0.63748117  0.08861482 -0.31781024  0.11804116  0.13873456
  -0.03856187]
 [-0.2371183  -0.40653828 -0.001246   -0.42219355  0.49897885 -0.13928776
   0.00499232  0.4616133  -0.08166241  0.12430748 -0.26871979 -0.15406151
  -0.02633395]]","['bbo_main', 'random_fill', 'random_fill', 'random_fill']","[[0.1227578  0.19266787 0.33918478 0.21671404 0.33048677 0.42735288
  0.12036712 0.18638517 0.24023483 0.07688167 0.12263429 0.16540284
  1.00000198]
 [0.12025281 0.18243215 0.2746758  0.2171755  0.33377467 0.43417771
  0.11880496 0.18252491 0.23823297 0.0631577  0.09461149 0.12336686
  0.14558226]
 [0.10733243 0.16106668 0.21520709 0.2146699  0.32553988 0.42131338
  0.12649193 0.20539052 0.28554239 0.06599137 0.10111638 0.40416672
  1.00000033]
 [0.10584895 0.15924264 0.23682691 0.22263678 0.33924822 0.43693089
  0.12935977 0.20709017 0.27703761 0.05971963 0.08997772 0.11851831
  0.29790974]]",[ 0.27563201 -0.21929786 -0.03353256 -0.04495091],4,0.09887521174960068,0.0002078592656904649,0.003204185101432733,0.05461452634101135,0.08914495890508461,31.81561600600253,0.0746145212176533
21,"[[ 0.5002509   0.06729183 -0.36830148  0.33094532 -0.42299131  0.11494043
  -0.20181032  0.30539483 -0.21518526  0.32097452 -0.07946663 -0.12422568
   0.05336105]
 [ 0.29087652  0.43764827 -0.31822309  0.1870806   0.36957187  0.14652001
   0.24730752  0.50396964 -0.21506844  0.22528925  0.01972731  0.12820683
  -0.02358017]
 [-0.23101756  0.27854534  0.29228275 -0.51042383 -0.30247749  0.31019059
  -0.12233299  0.2262625   0.30732212 -0.11152647 -0.28560885  0.27991985
  -0.04897135]
 [-0.34029853 -0.15138684  0.2013898  -0.45928596  0.23628817  0.39757415
  -0.32793975  0.38792264 -0.03737083  0.01103782  0.27781122  0.20674442
  -0.12810539]]","['bbo_main', 'random_fill', 'random_fill', 'random_fill']","[[0.11947879 0.17951953 0.23181526 0.20861687 0.3138729  0.74248348
  0.12273287 0.19331132 0.25049866 0.06633685 0.10130476 0.13044257
  1.00000005]
 [0.1172129  0.17630651 0.22855466 0.22260873 0.345749   0.75558335
  0.12289073 0.18913809 0.24400019 0.06384217 0.09787956 0.1471018
  1.00000002]
 [0.11959439 0.18094492 0.30046125 0.20752295 0.31270806 0.68504244
  0.12379753 0.19649082 0.28348155 0.06479886 0.09875097 0.13570492
  1.00000003]
 [0.112611   0.17009824 0.2313832  0.21835088 0.33746802 0.53443753
  0.12303963 0.19081179 0.25078395 0.06597117 0.10063448 0.13640698
  0.18806118]]",[0.03885104 0.40348438 0.19259285 0.2315529 ],4,0.09854349493742423,2.4548656141978765e-07,0.0012550263386699402,0.053164293542226466,0.09219744489545811,31.428692970002885,0.07334897204494148
22,"[[-0.11762772 -0.25942882 -0.08305753  0.3932491  -0.30592312 -0.27798075
   0.05439167 -0.20569915 -0.56700859  0.0609255  -0.45742385  0.08190629
  -0.00531683]
 [ 0.07149784 -0.51788533  0.21425168  0.32253598  0.33559074  0.22485089
  -0.02400626 -0.19559264  0.36554872 -0.0816818   0.44875071  0.0482575
   0.1753111 ]
 [-0.04171835 -0.12947327  0.12422043  0.13660228  0.66625077  0.12918015
   0.26565548  0.27197398 -0.07158799  0.23959339  0.50625194  0.08173369
   0.12955236]
 [ 0.26645987 -0.21587074 -0.43143825  0.16020476 -0.3585512  -0.10176514
  -0.29515994 -0.39801139 -0.32966009  0.07989156  0.26606466 -0.31488354
  -0.03385827]]","['bbo_main', 'random_fill', 'random_fill', 'random_fill']","[[0.11399938 0.17210363 0.2335577  0.21899249 0.33030736 0.42675959
  0.11469836 0.17051568 0.2214788  0.06514912 0.10044628 0.33481494
  1.00000002]
 [0.11020458 0.16482511 0.22848248 0.22199026 0.3384729  0.46026374
  0.12244113 0.19355662 0.57912375 0.06470442 0.09921271 0.13047426
  1.        ]
 [0.106014   0.15877854 0.29512768 0.22881874 0.35635359 0.66786615
  0.12199614 0.18640832 0.24301755 0.06591958 0.10186619 0.13509675
  1.0000002 ]
 [0.11407222 0.16901399 0.22220393 0.21765712 0.33146454 0.46355224
  0.11381544 0.17332399 0.22916551 0.06886593 0.106587   0.13696914
  0.31519565]]",[-0.38530521  0.65189496  0.64030186 -0.43117341],4,0.09850821099358859,0.0015668550208154987,0.006859658346015931,0.052037056175352946,0.08804709480991324,31.48942547100887,0.07194253047663501
23,"[[ 0.31200435 -0.22039634 -0.46743121  0.22219451 -0.16864215 -0.31504558
   0.36157542 -0.47493925 -0.03038815 -0.18408633 -0.2332241   0.11129132
  -0.02505953]
 [-0.18825164 -0.47240223 -0.36014333  0.4929503  -0.22050334 -0.04187756
   0.21738493 -0.26771359  0.04229756  0.32518891  0.217352   -0.2082476
  -0.03530075]
 [-0.08122359 -0.48488142  0.12908242  0.2089149   0.08819658 -0.27749166
   0.33898641  0.1159611  -0.56050034  0.20089794  0.34377247 -0.1031789
  -0.03872974]
 [-0.32762813  0.39861729  0.21708276 -0.11616515 -0.17430576 -0.46772434
  -0.23695846  0.176247    0.1914884   0.33349119 -0.15148434  0.32375353
  -0.24725672]]","['bbo_main', 'random_fill', 'random_fill', 'random_fill']","[[0.11304668 0.1677701  0.22053156 0.21002584 0.31578796 0.41263959
  0.12420704 0.1919053  0.26074187 0.06561525 0.10294026 0.41743804
  1.00000012]
 [0.10501006 0.15534527 0.20424147 0.22453576 0.34149132 0.45123084
  0.12251678 0.19280727 0.28027268 0.06776711 0.10353981 0.13253793
  0.29647467]
 [0.10953188 0.16475325 0.53444503 0.21797693 0.33192559 0.42845244
  0.12032623 0.18499297 0.23904303 0.06840706 0.10698879 0.14077406
  1.00000008]
 [0.11967995 0.18110811 0.24084029 0.20928102 0.31554244 0.42109932
  0.12341189 0.19437802 0.26538092 0.06663297 0.10174151 0.14409537
  0.04166337]]",[-0.31022297 -0.15687519 -0.13834832 -0.09201433],4,0.09525134002860294,0.0004226422228750862,0.003997683835657477,0.05112995081790508,0.0891795188651677,31.513935599999968,0.07069215600558734
24,"[[ 0.20316012 -0.33395654 -0.233719   -0.00374541  0.52637297  0.13140925
  -0.13377454 -0.19954267 -0.3983767   0.0128563  -0.34761275 -0.39940039
  -0.03586116]
 [ 0.28031901 -0.39747558  0.3977633   0.25013424  0.04945471  0.34129377
  -0.00721802 -0.23182925  0.4087753   0.15593356  0.08138504  0.39908037
  -0.11236697]
 [-0.31695267  0.46386439 -0.27249045 -0.19948112 -0.13939631  0.09536726
   0.0532893  -0.36380811 -0.47427219  0.226566    0.16001296  0.29366924
   0.13598784]
 [-0.20638775 -0.20476666 -0.12578038 -0.14204455 -0.3607325   0.17683912
   0.316131   -0.54790832 -0.45650742 -0.16637551 -0.21503852  0.08881317
  -0.16651077]]","['bbo_main', 'random_fill', 'random_fill', 'random_fill']","[[0.10741184 0.16052565 0.21316814 0.23791098 0.36856945 0.63789455
  0.11322065 0.17115895 0.22547338 0.05897934 0.08899021 0.11678883
  1.00000035]
 [0.11519445 0.17493381 0.31094618 0.21921446 0.33437956 0.4488646
  0.12122563 0.19136743 0.51515835 0.06558292 0.10049667 0.15035619
  1.00000054]
 [0.11859488 0.17937054 0.23567361 0.21676849 0.33206477 0.44967581
  0.11482236 0.17428379 0.22933528 0.0677027  0.10533703 0.4377635
  1.00000006]
 [0.11633341 0.1769015  0.23493901 0.21727358 0.33305915 0.45425583
  0.12179092 0.1883123  0.24800107 0.06441838 0.09833632 0.13340245
  0.02479807]]",[-0.05647451  0.44239374  0.06543591 -0.36249693],4,0.09525350328514742,5.395411025929977e-05,0.0023346635863319577,0.04980416622858503,0.08480379980187869,31.529890675999923,0.06812030300273841
25,"[[ 0.43921235 -0.24403906 -0.49149026 -0.2931975   0.38178668 -0.05681127
  -0.1715314  -0.30252518  0.05456981 -0.23717723  0.2568965  -0.063265
   0.14438745]
 [ 0.2054083  -0.40809424  0.0388284  -0.20879659  0.22651041  0.15608675
  -0.11525291  0.26089011  0.17564456 -0.24664231  0.70174952  0.03177102
  -0.06325122]
 [ 0.26917402  0.30525824 -0.43735276 -0.59600752  0.29755371 -0.0037088
   0.21620857 -0.04009382 -0.05967085 -0.16355511 -0.12988356 -0.31794556
   0.05181434]
 [ 0.30111468  0.27912819  0.02672523 -0.09399143  0.29231587  0.25445348
  -0.30310856 -0.25152215 -0.55809052  0.00784482  0.44523457 -0.05049962
  -0.06499881]]","['bbo_main', 'random_fill', 'random_fill', 'random_fill']","[[0.10659971 0.15336255 0.1970145  0.22979956 0.35941898 0.47510919
  0.11313339 0.17108966 0.36077361 0.0652033  0.10255631 0.13521298
  1.00000004]
 [0.1097252  0.16278195 0.22113652 0.2178343  0.33353646 0.45984379
  0.12364302 0.19672511 0.32134411 0.0668435  0.10284116 0.13446908
  0.16747064]
 [0.1222553  0.17746094 0.22137383 0.21522515 0.35124419 0.51814163
  0.12625922 0.1919102  0.25207951 0.05585926 0.08308296 0.10667601
  1.00000123]
 [0.1194239  0.18012863 0.24067821 0.22135556 0.34438914 0.75132767
  0.11362774 0.17147523 0.22573013 0.06556389 0.1007148  0.13258304
  1.00000003]]",[ 0.05065323  0.20941396 -0.03289039  0.13382691],4,0.0906753129596655,5.395411025929977e-05,0.0023346635863319577,0.048620000373456616,0.08604902074181889,31.452877600007923,0.06696732436598134
26,"[[ 0.26663672 -0.29986295  0.13328868 -0.29545195 -0.37944969  0.19165271
   0.38187282 -0.22341376 -0.46544763 -0.23990373  0.27385658 -0.05424685
  -0.07307885]
 [-0.0719571   0.25981911  0.01840689  0.2940405   0.44458523 -0.37381246
   0.44138468  0.34541241 -0.22909301  0.26078653 -0.09649426 -0.2431884
  -0.00711827]
 [-0.11390476 -0.35897218  0.23111974  0.13983619 -0.15983795  0.30787928
   0.27506956 -0.24495317 -0.4277333  -0.12872276  0.54989911  0.13595535
  -0.09377012]
 [ 0.14350244  0.38931035 -0.1101838  -0.37282736  0.38528017 -0.28069957
  -0.35796992 -0.47606336  0.10489368  0.28129873 -0.04355599  0.03440885
   0.03846031]]","['bbo_main', 'random_fill', 'random_fill', 'random_fill']","[[0.12009381 0.18160441 0.24992741 0.20802983 0.31606051 0.50721408
  0.12096632 0.18545144 0.24020286 0.06704494 0.10357711 0.13579459
  0.23648181]
 [0.11732783 0.18202921 0.31512123 0.22391429 0.33862478 0.42728433
  0.14533329 0.21503687 0.27151485 0.05813589 0.08566499 0.11222219
  1.00000042]
 [0.11515373 0.17510772 0.25582926 0.21947227 0.33690254 0.7472419
  0.11584751 0.17627466 0.23109774 0.0667351  0.10414152 0.13870783
  1.00000017]
 [0.12226358 0.18509924 0.24145423 0.21385765 0.32756057 0.42237803
  0.11367635 0.17289559 0.51213635 0.06779788 0.10315902 0.13821401
  1.        ]]",[-0.19271326  0.15002334  0.05365631 -0.02057664],4,0.09148789925221668,0.0002078592656904649,0.003204185101432733,0.04783533004550267,0.08681256561892664,31.945449598002597,0.0669978055177162
27,"[[-0.1881294  -0.02950909 -0.40887907 -0.22641137 -0.22741914 -0.04355156
  -0.19567933 -0.49168331  0.19797327  0.26788066  0.5012026   0.20227896
  -0.09251471]
 [ 0.22696947 -0.46795226 -0.01072746  0.49174128 -0.44980696 -0.00894584
  -0.1567266  -0.17880952  0.0314545  -0.24431766 -0.07776971 -0.39695943
   0.06582678]
 [-0.23205422  0.30111549 -0.21607272  0.33988113  0.3526165   0.15926812
   0.23050917 -0.43639803 -0.13917309  0.33076889  0.20968573  0.32946374
  -0.13674644]
 [-0.35358165 -0.23155242  0.11207614  0.43220977 -0.38286297  0.12487646
  -0.08637196  0.41736372 -0.42192894  0.02042019  0.10858916 -0.21289528
   0.20642032]]","['bbo_main', 'random_fill', 'random_fill', 'random_fill']","[[0.11134254 0.16669402 0.2200269  0.21319195 0.32381882 0.43235978
  0.12171489 0.19039887 0.27866471 0.06842135 0.10615019 0.18765529
  0.17914342]
 [0.11115644 0.16579359 0.22576235 0.22307764 0.33152021 0.44432573
  0.12091303 0.19137232 0.41585678 0.05648802 0.0846654  0.10714424
  1.00000038]
 [0.11483968 0.17444915 0.23284853 0.2201816  0.33984964 0.45795111
  0.11974217 0.1840472  0.24467597 0.06617512 0.1016238  0.19480287
  0.13903603]
 [0.10804956 0.16385925 0.30270364 0.22206252 0.33673439 0.70349973
  0.12329109 0.19214433 0.24705343 0.06339904 0.09685891 0.12531943
  1.00000037]]",[-0.22591986 -0.13535415  0.24477432  0.16954364],4,0.09270425548868083,0.000675460545317257,0.004748549255124749,0.04722538463757422,0.08625763711192645,31.620348202995956,0.06596044710856598
28,"[[-2.37356912e-01  1.72063000e-01 -4.01765026e-01 -1.91167852e-02
   4.70804020e-01 -5.05558246e-01  3.37009299e-01 -2.54129651e-01
  -6.05110239e-02  1.68797628e-01  2.20701770e-01 -1.26527406e-01
   2.02061793e-04]
 [ 3.18223294e-01 -1.26058961e-01 -7.56162524e-02  4.32223763e-01
   6.97482739e-02  7.66636023e-02 -2.03666197e-01  5.89666211e-01
  -2.96158129e-01  2.67034327e-01  3.60183299e-01  3.55788728e-02
  -1.90984585e-02]
 [ 5.46065351e-01  5.67109869e-01 -1.34389693e-01 -2.29630260e-01
  -2.28208101e-01 -2.02675526e-01 -4.36037951e-02  3.55907004e-01
   4.31777936e-02  7.73105660e-02  2.48266481e-01  3.71856263e-02
   1.29694755e-01]
 [ 2.11665047e-01 -2.18329169e-01  5.85678355e-02  4.25977077e-01
  -5.98199893e-02  7.65772862e-02  5.01393704e-02  6.54261813e-01
  -2.19007415e-01 -3.44489603e-01 -2.20376155e-01  2.40310648e-01
  -9.83689020e-02]]","['bbo_main', 'random_fill', 'random_fill', 'random_fill']","[[0.10405985 0.15356019 0.20294575 0.22238617 0.33663835 0.42509797
  0.11974354 0.18064103 0.29034887 0.07897982 0.12236841 0.15905068
  1.00000002]
 [0.10728461 0.16022219 0.21312621 0.22579086 0.34309498 0.69238435
  0.1211545  0.18764529 0.24204498 0.07167077 0.11321042 0.15214467
  1.00000032]
 [0.14050566 0.20448401 0.2597507  0.19676009 0.29332157 0.38450575
  0.12627253 0.20273715 0.29162434 0.06737773 0.10255058 0.14851606
  1.00000013]
 [0.11561891 0.17545335 0.23522469 0.2194863  0.33441424 0.44931974
  0.12378685 0.19538431 0.25864154 0.06091988 0.09261911 0.1863375
  0.10558354]]",[-0.14319075  0.2329495   0.21285964  0.17823177],4,0.08972725708230113,0.0018928073353613854,0.007533425909306678,0.04625464702985649,0.07603200226002041,31.813622211004258,0.0648543840028524
29,"[[-0.32760954 -0.47491565  0.17172915 -0.07539511 -0.07497325 -0.33223934
   0.31964035  0.22429499  0.35824918  0.00780054 -0.33730466  0.33560675
  -0.09305902]
 [-0.26404594 -0.16642768 -0.44203383  0.25039949 -0.4288636  -0.39411191
   0.26329158 -0.14162349  0.23543403  0.31553286 -0.0113031   0.23957423
  -0.05784607]
 [-0.34292124  0.30440659 -0.03296118 -0.26381334 -0.23216821  0.03650425
   0.43510816 -0.03773689 -0.35367301 -0.42318622 -0.22861088  0.06858226
   0.33457776]
 [-0.26282118  0.21154064 -0.1364754  -0.18282466  0.47237621 -0.26843817
   0.41995839 -0.12488745 -0.40592835  0.32193238 -0.26825988  0.08049815
   0.01016549]]","['bbo_main', 'random_fill', 'random_fill', 'random_fill']","[[0.11118558 0.16688137 0.22910651 0.2114646  0.31976185 0.41626479
  0.12520867 0.19870988 0.5375987  0.06638612 0.10146084 0.18605586
  1.00000003]
 [0.11049259 0.16551473 0.21969921 0.20817995 0.31284176 0.40959126
  0.1262124  0.1995035  0.32618678 0.06803898 0.10353714 0.37477508
  1.        ]
 [0.12251346 0.18868442 0.25020807 0.20355821 0.30512455 0.42958807
  0.12625556 0.19223608 0.24615471 0.05983648 0.09117913 0.36551081
  1.00000004]
 [0.1154029  0.17688768 0.23201875 0.22218496 0.34362954 0.44171796
  0.11503388 0.17043249 0.22180674 0.06617164 0.10048427 0.37691196
  1.00000007]]",[-0.0416894  -0.26328854  0.17241833 -0.04960865],4,0.08528612167852076,0.0015668550208154987,0.006859658346015931,0.045249511660294374,0.07762809254821865,31.58683365500474,0.0638424366255046
30,"[[-0.36852783 -0.23707449  0.21663452  0.39539199  0.57228022  0.17417829
  -0.19800901 -0.21013373 -0.13690377 -0.2587379  -0.09502255 -0.25300388
  -0.06915864]
 [-0.17177107  0.45029036  0.27797051  0.05404681 -0.46391962  0.10588332
  -0.27746554  0.41970009 -0.28066805  0.04014216  0.08881258 -0.33657585
  -0.08012315]
 [ 0.10416807  0.18499538 -0.6546008   0.43884776 -0.35610339  0.17729742
   0.19343814  0.07813457  0.21949849 -0.19751684 -0.17931195 -0.09426266
  -0.0619526 ]
 [-0.09900445 -0.21584541 -0.02593719  0.13030153  0.2444121   0.21691062
   0.17637423  0.59368078  0.21325826  0.43393992 -0.04088741 -0.44490229
  -0.04703884]]","['bbo_main', 'random_fill', 'random_fill', 'random_fill']","[[0.10979436 0.16631604 0.34213392 0.22885624 0.35621549 0.48248087
  0.11806582 0.18032258 0.23970319 0.05921375 0.08934842 0.11741715
  0.47794617]
 [0.12167666 0.18450749 0.57367025 0.20752045 0.3118727  0.42041173
  0.12359946 0.19337497 0.24982998 0.06283841 0.09503142 0.12317846
  1.00000005]
 [0.10984713 0.1636672  0.21579599 0.22049107 0.33612576 0.4751338
  0.12507599 0.19892369 0.56003003 0.05964213 0.09050555 0.12176095
  1.00000014]
 [0.1077124  0.16149885 0.2194963  0.22310843 0.33991969 0.73277034
  0.12629142 0.20247316 0.29599199 0.06016987 0.0903517  0.11814158
  1.00000007]]",[ 0.19194886 -0.00118261  0.02299036  0.34829888],4,0.08447797537256688,0.0018928073353613854,0.007533425909306678,0.0447669297370166,0.08219518116108429,31.4503977909917,0.06307061607818892
31,"[[-0.35680603  0.29732068  0.0534589  -0.08683465  0.44920852 -0.33814133
  -0.05305668  0.41390904  0.06858553 -0.32918008  0.410637    0.04300334
  -0.00962647]
 [ 0.325174   -0.25134829  0.11662156 -0.36288084 -0.33446471  0.17398347
   0.4783736  -0.50638888  0.16533898  0.1624896   0.06611435 -0.0160245
  -0.00521363]
 [ 0.3849849   0.38961489 -0.07229364 -0.04162714 -0.41773585  0.11762667
   0.37707322 -0.10675939 -0.27270259 -0.18486913 -0.42927341  0.23272107
  -0.06425396]
 [ 0.31579516 -0.45889215 -0.01518542 -0.20656732  0.41642101 -0.00227226
   0.45824637  0.00650913 -0.24560191  0.08705137 -0.29232963 -0.33163111
   0.00360355]]","['bbo_main', 'random_fill', 'random_fill', 'random_fill']","[[0.11549591 0.17732757 0.26312657 0.21329668 0.32273678 0.41021011
  0.1265726  0.2058399  0.504098   0.06532396 0.10153625 0.1390523
  1.        ]
 [0.12038098 0.18191154 0.24472968 0.20509931 0.30847951 0.73239878
  0.12368351 0.19217981 0.27400546 0.0670751  0.10280961 0.13411678
  1.00000004]
 [0.12238013 0.18487359 0.24427635 0.20849767 0.3137644  0.43110321
  0.12366798 0.19154206 0.24784109 0.06242815 0.09467837 0.43878493
  1.0000002 ]
 [0.10668065 0.15764496 0.21649532 0.23274305 0.37415942 0.52034665
  0.1236709  0.18786162 0.24184375 0.05681364 0.08420618 0.10796949
  1.00000003]]",[ 0.14292729 -0.01072807 -0.04328354  0.01123252],4,0.0859742362291413,0.0009545559495169254,0.005471167122258511,0.0439741513985233,0.07662026347137432,32.00996239199594,0.062385673182960455
32,"[[ 0.20993152  0.1080174   0.03585239 -0.37825805 -0.28296831 -0.58524155
  -0.19301919  0.05693682  0.27339801 -0.18276376 -0.28638235  0.36641765
  -0.11132703]
 [-0.38797404  0.2105104  -0.33572514 -0.04595757 -0.42664143 -0.01372238
   0.24684947 -0.28464107 -0.038058    0.25222542 -0.44186601 -0.3143411
   0.08396229]
 [ 0.09590536 -0.30651195  0.1044917  -0.14319518 -0.42673694 -0.27750771
  -0.27749799  0.04100058 -0.34950675  0.43032298  0.43733826  0.14145643
   0.0949767 ]
 [ 0.01661713 -0.06294231 -0.05298455  0.42721039  0.54817843  0.12181818
   0.51043104 -0.16774143  0.1310401  -0.30806309  0.26466057 -0.01421812
   0.15526757]]","['bbo_main', 'random_fill', 'random_fill', 'random_fill']","[[0.12134738 0.18377296 0.24493194 0.20236022 0.30263734 0.39804774
  0.12477771 0.19641097 0.27719356 0.06680178 0.10193842 0.42604636
  1.00000013]
 [0.11288172 0.17041222 0.22173474 0.20495685 0.30738847 0.46026764
  0.13391109 0.20211747 0.26919125 0.06019291 0.08769831 0.11051325
  1.00000021]
 [0.12047415 0.18218056 0.26774155 0.20046152 0.30042024 0.39627035
  0.12063522 0.18564509 0.2410577  0.07528141 0.11791632 0.34176345
  1.00000074]
 [0.10585847 0.15879383 0.21605901 0.23649854 0.36479013 0.51371724
  0.12202063 0.18645585 0.4379692  0.06024089 0.09242479 0.12372885
  1.00000005]]",[-0.27476427 -0.23830871 -0.16601296  0.5917111 ],4,0.08353870658392834,0.0015668550208154987,0.006859658346015931,0.043270952340694675,0.07582009662470976,31.896398829005193,0.06170375097545777
33,"[[ 0.59321701  0.04009572 -0.14728189  0.2554022   0.42777025  0.2288104
   0.01078817  0.24261538  0.24160362  0.25866318 -0.33802812  0.14014629
  -0.07784948]
 [-0.10050652  0.2546749   0.2729825  -0.09164582 -0.26731239 -0.30853184
  -0.45738431  0.11442719 -0.37761399  0.05829688 -0.470132    0.27790657
  -0.09450887]
 [-0.36581341 -0.16448721 -0.33409085  0.14144155 -0.5078988   0.02722901
  -0.37485499 -0.04912743 -0.23238129 -0.01187868  0.38167037  0.05803817
   0.32044789]
 [-0.2358077  -0.56534641  0.04908376 -0.11004644  0.4479517  -0.2262417
  -0.35319977 -0.28951955  0.02760408 -0.20764847 -0.23060813 -0.14576903
   0.17757383]]","['bbo_main', 'random_fill', 'random_fill', 'random_fill']","[[0.11704683 0.1760147  0.23359812 0.22258054 0.3396908  0.51513104
  0.12263209 0.19472453 0.28930686 0.05999298 0.09055128 0.12229192
  0.20627466]
 [0.12161953 0.18455759 0.33812564 0.2066441  0.31051011 0.40717751
  0.12197713 0.19017108 0.24842288 0.06635604 0.10146407 0.16277759
  0.32080505]
 [0.10727289 0.16111165 0.21330869 0.21183723 0.31771629 0.44127056
  0.11499007 0.17414168 0.22853551 0.08063584 0.1329605  0.23130002
  1.0000012 ]
 [0.10425763 0.15735367 0.38333909 0.23461699 0.36093198 0.45791469
  0.11312646 0.17139416 0.24790133 0.05911864 0.08979366 0.1188614
  1.00000014]]",[ 0.46656456 -0.25724023  0.02249771 -0.01793704],4,0.0798096539244032,0.0032839908114535928,0.01013920583390629,0.042938861265458456,0.07465682110284313,31.64323157898616,0.06119684419412719
34,"[[ 0.36347962 -0.12750127 -0.06193955 -0.27599857  0.61690558 -0.35880318
  -0.13299113 -0.45700474 -0.07390062  0.06518075 -0.15926033  0.01937587
  -0.01769111]
 [-0.38434638 -0.27223256 -0.43191088 -0.41775999  0.1929473   0.13932487
  -0.03123844  0.17541499 -0.23954428  0.35800166  0.31979278  0.19501661
  -0.0535256 ]
 [-0.27041288 -0.42899153 -0.07578763  0.45252156 -0.46800687 -0.43678923
   0.10612033 -0.12024297 -0.28298038 -0.11587385 -0.05574432  0.0117881
  -0.00611739]
 [ 0.39124084 -0.62585882  0.00424867 -0.18901483 -0.14486983  0.11939655
  -0.25184128 -0.14757953 -0.20630402 -0.18067573 -0.42749985  0.1163941
   0.16592578]]","['bbo_main', 'random_fill', 'random_fill', 'random_fill']","[[0.12130915 0.18230019 0.24193094 0.22381208 0.34455398 0.43664858
  0.11166613 0.16896799 0.22647826 0.0623218  0.09448533 0.17307423
  0.41026952]
 [0.1066682  0.15933743 0.21160533 0.21942088 0.34216367 0.47648293
  0.12282954 0.18849874 0.24339999 0.06842437 0.10577741 0.41346165
  1.00000007]
 [0.1097561  0.16686361 0.22811813 0.20735239 0.30085068 0.38310006
  0.12597497 0.19246982 0.2484311  0.07097249 0.11314335 0.21408384
  1.00000004]
 [0.11373962 0.16774612 0.22598518 0.22132982 0.34268852 0.69751256
  0.11605929 0.17703596 0.2318921  0.06096492 0.09209516 0.18153414
  1.00000012]]",[-0.12371754 -0.0786762  -0.43105428 -0.03425084],4,0.08464740435075793,0.0036481066926209622,0.010774069897874302,0.04217550594008749,0.07121309772114222,31.79538272600621,0.05901234809857503
35,"[[-0.09389906 -0.41687045  0.14095393  0.34914537 -0.55300909  0.15158446
  -0.19586353  0.36692283  0.11215379 -0.21346173  0.28449605  0.18642636
   0.00159147]
 [-0.33095147 -0.28951363  0.12022968  0.34891166 -0.35251296 -0.04732934
  -0.37555681  0.50630464  0.16885413  0.04318295  0.33911291  0.02986834
  -0.01730694]
 [ 0.33979106  0.41840533 -0.09808     0.40836957 -0.05074318  0.02415377
   0.20041432 -0.09959469 -0.28910175 -0.1618089  -0.35770671 -0.46086542
   0.17244529]
 [ 0.02054194 -0.0848234   0.06939084  0.53084396 -0.40038526  0.04073184
   0.41872531 -0.19782805  0.02652173 -0.39874511 -0.354178    0.0654715
   0.1997717 ]]","['bbo_main', 'random_fill', 'random_fill', 'random_fill']","[[0.11018495 0.16518782 0.2300013  0.21151878 0.31941082 0.44307188
  0.12506978 0.20029303 0.27277908 0.06684978 0.10207329 0.43758184
  1.00000003]
 [0.10945257 0.16411132 0.23700868 0.21059662 0.31723013 0.422914
  0.12493199 0.20305587 0.56214136 0.06737239 0.10268985 0.13483542
  1.00000007]
 [0.13679961 0.20113758 0.25572919 0.22547799 0.34303285 0.50076717
  0.11365881 0.17009994 0.22251476 0.05581953 0.08303668 0.10650127
  1.00000076]
 [0.11972475 0.18247228 0.53533175 0.2138231  0.31946338 0.4264152
  0.12614907 0.19458725 0.25666118 0.05688428 0.0876806  0.13854737
  1.00000012]]",[0.09511445 0.06165729 0.21846179 0.20333538],4,0.08179089002288537,0.0036481066926209622,0.010774069897874302,0.04183977516120592,0.07768929885864626,31.648194010995212,0.05956582138990926
36,"[[-0.10086004  0.27584821  0.24131968 -0.17104476 -0.37552067 -0.16420606
  -0.13249047 -0.63779565  0.18113894  0.03805869 -0.38959067 -0.20316079
  -0.08131501]
 [ 0.53994309  0.36295853  0.11779476 -0.0681508  -0.46489245 -0.06219541
   0.34686495  0.13791701  0.16452341  0.16917392 -0.2227853  -0.28885325
  -0.10057591]
 [-0.01361691  0.03041528 -0.41952051 -0.51516868 -0.16725232  0.21207375
  -0.10789484  0.37547008  0.17826789  0.32649132  0.38144642 -0.20533749
   0.07671174]
 [ 0.24798596 -0.29256401 -0.10552774 -0.35908107  0.53322355 -0.14473356
   0.40199868  0.21692317  0.091881   -0.17118114 -0.32163606  0.23236986
  -0.06090627]]","['bbo_main', 'random_fill', 'random_fill', 'random_fill']","[[0.12197392 0.18502725 0.34635924 0.20742809 0.31190183 0.418171
  0.12243953 0.19163363 0.27042405 0.06228637 0.09369436 0.1239499
  0.27895187]
 [0.12178401 0.18436174 0.26497794 0.20703852 0.31135941 0.41824326
  0.12505789 0.19635904 0.2930099  0.06245997 0.0942146  0.12442033
  0.1375042 ]
 [0.11017285 0.16354016 0.21593021 0.21219447 0.32362824 0.74029911
  0.12507721 0.20025117 0.28231348 0.06707719 0.10217172 0.13106091
  1.00000002]
 [0.11033993 0.16440079 0.22378708 0.21963954 0.33568359 0.44301601
  0.12507747 0.19794113 0.27128553 0.06113048 0.09256061 0.44877937
  0.99999995]]",[-0.27040833  0.03748841  0.12913499  0.11294226],4,0.08334325435676282,0.002573531490308808,0.008851453729749386,0.041461810437726815,0.07058430655693462,31.560370888997568,0.058857680133625995
37,"[[ 0.19608287 -0.43245152  0.26932344 -0.12668001 -0.15887112 -0.07139975
   0.42780795  0.52324186  0.08463987  0.04089841 -0.06948299 -0.42499408
  -0.06730651]
 [-0.14831216  0.13369535 -0.1860422  -0.25972959 -0.13916096  0.05488644
   0.58332332 -0.28103103 -0.30044692 -0.47375911 -0.14347576 -0.28444853
  -0.01492503]
 [-0.43659642 -0.10886754  0.24521805 -0.16882111 -0.16562095 -0.16172889
   0.36378112  0.56107146  0.13790398  0.27020191 -0.12850424 -0.27835151
   0.14884576]
 [-0.18738661 -0.03583482  0.09990295 -0.07596074 -0.26453044 -0.2099164
   0.28418823 -0.5086408  -0.1126742   0.51220444  0.46645094  0.01708543
  -0.03761086]]","['bbo_main', 'random_fill', 'random_fill', 'random_fill']","[[0.11845707 0.17871513 0.56568312 0.20954463 0.31597698 0.42301591
  0.12630989 0.20029747 0.2684525  0.0607765  0.09115812 0.11909705
  1.00000014]
 [0.12108489 0.18341522 0.23691238 0.21548088 0.3321735  0.64668093
  0.12102036 0.17795096 0.2282035  0.0567612  0.08669185 0.11332497
  1.00000004]
 [0.11581759 0.17612991 0.54776076 0.20761337 0.31271728 0.41295268
  0.12747409 0.20299136 0.27628096 0.06330449 0.09523267 0.12330277
  1.00000008]
 [0.12123224 0.18374562 0.33012825 0.20243313 0.30257902 0.39787078
  0.11621905 0.17552402 0.23584239 0.07920485 0.12333863 0.16192602
  0.75354414]]",[ 0.05113737 -0.23867888  0.22870904 -0.18555725],4,0.08024769412241416,0.002573531490308808,0.008851453729749386,0.040620316043026676,0.07233902428393324,31.487403924998944,0.057873800525639535
38,"[[-0.09555776 -0.39159879 -0.03539677 -0.24352114  0.65923801 -0.04088465
   0.21642699 -0.44532667  0.14269646 -0.1702507  -0.16036258 -0.1323948
  -0.05430204]
 [ 0.29654117  0.33437902  0.14319596 -0.28475869  0.41989239  0.0454012
   0.3323655  -0.22276262 -0.16274457  0.26388435  0.42945543 -0.27803722
  -0.04840561]
 [-0.19871424 -0.08752142 -0.05258522 -0.09659162  0.65539092  0.13640354
  -0.09888946 -0.37125233  0.3817748   0.02889129 -0.03333061 -0.43765376
  -0.07595029]
 [-0.11633392 -0.08126569  0.04001855  0.3592994   0.66349874  0.02115002
   0.2466362   0.1239176  -0.48131552 -0.14340655  0.21415041  0.17777946
  -0.05104771]]","['bbo_main', 'random_fill', 'random_fill', 'random_fill']","[[0.10796116 0.16168868 0.22124919 0.22502741 0.35176899 0.46674758
  0.12257899 0.18746446 0.31371377 0.05989125 0.09053721 0.12152891
  0.25117408]
 [0.12111336 0.18281485 0.33674914 0.21852406 0.34021602 0.4541375
  0.11520702 0.173586   0.22883757 0.06614568 0.1004366  0.12854427
  0.31235132]
 [0.11199168 0.16845109 0.2278427  0.22233369 0.34531619 0.46085151
  0.12260766 0.18889832 0.56977084 0.06030575 0.09099609 0.11924832
  1.        ]
 [0.10859849 0.16367357 0.22360409 0.22859306 0.3557763  0.47384679
  0.11796084 0.17994015 0.23426964 0.0642595  0.09939799 0.39826395
  1.00000044]]",[0.00992057 0.21862004 0.22456492 0.28168579],4,0.07990000916908156,0.0036481066926209622,0.010774069897874302,0.04012144098690924,0.07856764154437457,31.38983147899853,0.05707685550706215
39,"[[ 0.43831977 -0.0995579  -0.48222816 -0.44460136 -0.37260787 -0.00890342
  -0.14694694  0.22966787  0.09398532  0.12235679 -0.34438477  0.07155334
   0.08347357]
 [ 0.1742922   0.11724099 -0.08229154  0.64858507 -0.39921044 -0.25894952
  -0.0864438   0.28372738  0.04832779  0.26296944 -0.01239703 -0.37598158
  -0.03225464]
 [ 0.06412959  0.28239707 -0.2048159  -0.0552481  -0.33702532 -0.11037148
  -0.09237917  0.62205569 -0.34285871  0.11787439  0.45282196 -0.11464951
  -0.01560639]
 [ 0.18977516  0.10608831 -0.31584045 -0.32131317 -0.25335777 -0.10451014
  -0.35962655 -0.12767645 -0.65181202  0.25649466  0.18095611  0.05915948
  -0.04576981]]","['bbo_main', 'random_fill', 'random_fill', 'random_fill']","[[0.11509569 0.16676883 0.21567026 0.20073923 0.30263927 0.41220758
  0.12948842 0.20833034 0.47947854 0.06698999 0.1022456  0.15290752
  1.00000001]
 [0.12148987 0.18382451 0.24481469 0.20599386 0.30645316 0.40235055
  0.12661736 0.20302584 0.31276849 0.06139746 0.0927685  0.12068333
  0.29600079]
 [0.1214509  0.18375328 0.23834777 0.19710892 0.2957858  0.42076564
  0.12591285 0.19458019 0.2500871  0.07834925 0.12299529 0.16138598
  0.69729568]
 [0.12145112 0.18350567 0.23783824 0.20852015 0.31436727 0.42520459
  0.11419747 0.17352518 0.22792742 0.06964668 0.10919717 0.1933454
  0.35924737]]",[-0.1345592  -0.04849531 -0.08694646 -0.4028585 ],4,0.07919636080206452,0.006708289504504065,0.015704276850168678,0.03976376921260369,0.07446838095592358,31.70421331700345,0.056350020661177114
40,"[[-0.26703973 -0.41159954  0.26516796 -0.11139729 -0.4045627   0.21227445
  -0.11851766 -0.45960914 -0.394642    0.02035092 -0.20079519  0.20917655
  -0.04799762]
 [ 0.25423298  0.39484774 -0.2973234   0.24224029 -0.20919046  0.09796908
  -0.57106497  0.30566043  0.17693218 -0.1236359  -0.24383764  0.22062547
  -0.06894906]
 [ 0.293411    0.34629083  0.2401033  -0.12164775 -0.063908    0.11409081
   0.61755585  0.02867191 -0.48391762  0.13359672 -0.02968964  0.20476511
   0.16556586]
 [-0.19107872 -0.47140944  0.16086185 -0.26960485  0.31702585 -0.47486271
  -0.24497253 -0.21268236  0.10006361  0.20285494  0.34146047  0.18375443
   0.09964761]]","['bbo_main', 'random_fill', 'random_fill', 'random_fill']","[[0.11640065 0.17722875 0.54539716 0.2176953  0.33393334 0.45824961
  0.11475094 0.17411045 0.22863832 0.06680627 0.10266238 0.14087578
  1.00000023]
 [0.11875314 0.17919344 0.23235545 0.2172248  0.32996553 0.43934765
  0.12225716 0.19489294 0.27464829 0.06124244 0.09304577 0.19537097
  0.16517562]
 [0.12139725 0.18409578 0.56309209 0.21069454 0.32107337 0.4310352
  0.12213864 0.18766456 0.24204097 0.06633528 0.10191446 0.15052287
  1.00000038]
 [0.11069857 0.1658933  0.31050197 0.21236793 0.32202426 0.41635543
  0.12169135 0.18989119 0.26561949 0.0685577  0.10743747 0.37138978
  1.0000003 ]]",[-0.24311928  0.0983015   0.40350209 -0.02741858],4,0.0791800119824895,0.006314533720347517,0.015099318939894302,0.03936818218974842,0.0759512899453667,31.207766595005523,0.05531676217776818
41,"[[ 0.33523505 -0.34906616 -0.09456174  0.46639925  0.07019058 -0.50211388
  -0.14204444 -0.30411102  0.10479142  0.18027253  0.34249959  0.0874399
  -0.03411411]
 [ 0.21962823  0.13813919 -0.14007316  0.53815905 -0.62025311 -0.01829962
   0.24133636 -0.29948039 -0.07468625  0.20970266 -0.19811807 -0.03938416
  -0.01047275]
 [-0.38082295  0.08064199 -0.08870196  0.18401027 -0.25353716 -0.53359099
  -0.27273283 -0.44818149  0.0544326  -0.18297868 -0.37461094  0.07523296
  -0.00742869]
 [-0.20842761 -0.12304991  0.16525321  0.47620645  0.52484667  0.1184526
  -0.39885043  0.35829164  0.11441862 -0.28806347 -0.07682125  0.08696616
   0.02913799]]","['bbo_main', 'random_fill', 'random_fill', 'random_fill']","[[0.11326149 0.16840536 0.22869328 0.2116347  0.31828155 0.40786976
  0.12049573 0.18622585 0.34393122 0.07147254 0.11388907 0.16524646
  0.53951923]
 [0.13696258 0.20208294 0.25644032 0.20459771 0.29769194 0.42565407
  0.11674505 0.17602092 0.23228894 0.06722078 0.10179857 0.13533644
  0.99999995]
 [0.1225816  0.186969   0.24824327 0.20476816 0.29843271 0.3791397
  0.1202811  0.1871575  0.27688737 0.06580473 0.10023275 0.27297035
  1.00000005]
 [0.10780314 0.16285908 0.49891659 0.22984702 0.35467198 0.47939585
  0.12188166 0.18977385 0.2601284  0.05961209 0.09038538 0.12136984
  1.00000019]]",[-0.1159641  -0.12401493 -0.43200877  0.4570502 ],4,0.07959745579165972,0.006314533720347517,0.015099318939894302,0.03855951040685093,0.07370310717739004,31.942337871994823,0.05567010318822102
42,"[[-0.20425291 -0.39016456 -0.48460487 -0.08018839 -0.48254427  0.15519267
  -0.07683742 -0.44985017  0.02643823  0.12986476 -0.22973627  0.16298389
  -0.05168231]
 [-0.29535958 -0.06568147 -0.42562429  0.4246666  -0.19304435  0.20993601
  -0.33432764 -0.22680604  0.15099623  0.22173393  0.44024088  0.1770001
  -0.07272433]
 [ 0.19173945  0.06740925  0.14707032 -0.27572979 -0.51826805  0.19399573
  -0.48078583 -0.04237707 -0.51196988  0.0811561  -0.21358125 -0.06812279
   0.05377078]
 [-0.31069336 -0.26138428 -0.0385969  -0.3899986  -0.26215063  0.18641651
  -0.3264248  -0.40946263 -0.01185     0.18302448 -0.51455697  0.04189315
  -0.06091067]]","['bbo_main', 'random_fill', 'random_fill', 'random_fill']","[[0.10878833 0.16210339 0.21407215 0.21461323 0.32668505 0.49749992
  0.12188917 0.19105226 0.25558563 0.06764257 0.10455199 0.1999868
  0.35942982]
 [0.10739159 0.16070015 0.2131995  0.22117162 0.33772405 0.54151891
  0.12055766 0.18945235 0.26567515 0.06817424 0.10592143 0.14886804
  0.33385906]
 [0.12280379 0.18617649 0.2764551  0.20857123 0.31484581 0.688207
  0.11493547 0.17515941 0.22989122 0.06713564 0.10237161 0.13377572
  1.        ]
 [0.11145595 0.16724571 0.22545287 0.21883955 0.33781442 0.53391292
  0.1200844  0.18565627 0.2481648  0.06338485 0.09503051 0.1283341
  0.21207727]]",[-0.37661873  0.03005448 -0.16255797 -0.32441867],4,0.07867831910834328,0.007904028017353142,0.017504600027769775,0.037920596937074155,0.07352682689509575,31.5149671780091,0.05436817595636839
43,"[[-0.20341663  0.68007977  0.12410349  0.2148961   0.06774941  0.10826817
   0.31013328  0.47724317  0.03220907 -0.04848205 -0.21884373 -0.20299308
  -0.04229419]
 [-0.48855776  0.12393791  0.09582706 -0.26044817  0.17549379 -0.35679737
   0.231244   -0.16214039  0.11598467  0.52566758  0.05200296 -0.37145973
  -0.02456473]
 [ 0.26086138  0.03444482  0.05453552 -0.34968713  0.36893403  0.11303897
   0.51670376  0.13740524 -0.32251821 -0.4332521  -0.26848742  0.08187105
   0.0155832 ]
 [ 0.16792194  0.47857434  0.31103939 -0.2044926   0.36762369  0.24711491
  -0.05542851 -0.42700147  0.09762372 -0.2141064   0.23426006  0.33240559
  -0.04298116]]","['bbo_main', 'random_fill', 'random_fill', 'random_fill']","[[0.12002899 0.18318929 0.32447716 0.21971897 0.33450499 0.45833348
  0.12606007 0.19841505 0.26323708 0.05814944 0.0879707  0.1159864
  0.27910813]
 [0.11737403 0.17928422 0.31160148 0.20450339 0.30731159 0.40186181
  0.12519455 0.19634051 0.50847558 0.06716287 0.10171107 0.12981933
  1.00000014]
 [0.11919209 0.17955856 0.23913138 0.22028926 0.34622118 0.74815664
  0.12381726 0.18870434 0.24276178 0.05739836 0.08729358 0.13472284
  1.00000003]
 [0.1200436  0.18148508 0.31681202 0.21970706 0.33855594 0.46175122
  0.11591515 0.17644051 0.23630465 0.06503028 0.100111   0.3808399
  1.00000008]]",[ 0.34478452 -0.12408015  0.17550857  0.43363573],4,0.0797449966992737,0.010761931731628042,0.021637207314271274,0.03745847865428059,0.06834335512535598,31.377411623005173,0.05440348509508587
44,"[[ 0.07873015 -0.27575515 -0.42722658 -0.09803583 -0.13337242 -0.17951357
   0.44949124 -0.23645123 -0.48405339  0.14921935  0.25749409 -0.30084853
   0.06538395]
 [-0.2422784   0.19305433 -0.20170685  0.45316351  0.59853851 -0.35451595
  -0.05817662 -0.32088941  0.10750918 -0.16105452 -0.12624491 -0.11138652
  -0.04315582]
 [ 0.34398005  0.02710583  0.18593732  0.57278438  0.24549227  0.02902963
  -0.28625803 -0.21131109 -0.39142907  0.15386867 -0.37342798  0.06259624
   0.10160771]
 [ 0.00516334  0.00844923  0.13403941 -0.34594224  0.02968625  0.32210426
   0.31195366  0.46780714  0.21575463  0.49484326 -0.06925047  0.36411022
  -0.1125901 ]]","['bbo_main', 'random_fill', 'random_fill', 'random_fill']","[[0.1090648  0.15848259 0.20748314 0.21535431 0.32886707 0.46776968
  0.11781035 0.17191073 0.22277184 0.07563926 0.11514067 0.14652193
  1.00000134]
 [0.11070858 0.16853448 0.22358976 0.22870332 0.35022935 0.4471203
  0.11956593 0.18459333 0.31031455 0.05923694 0.08950086 0.12166629
  0.30702389]
 [0.11973234 0.18140538 0.5236386  0.22684031 0.34946907 0.45975113
  0.11270746 0.17048291 0.22470693 0.06019225 0.09075364 0.12318246
  1.00000013]
 [0.11506141 0.17486802 0.23403879 0.21538989 0.32841725 0.45560404
  0.12382765 0.19583857 0.26625733 0.06641881 0.10135649 0.20176942
  0.16140606]]",[-0.30599249  0.03489932  0.30098066  0.38426196],4,0.075668703578814,0.008711798638339738,0.018694152883190075,0.036801900426581644,0.06445771225678629,37.765508930999204,0.051898216643764594
45,"[[ 0.35814026  0.09677958  0.03842477 -0.4219501   0.48237088 -0.0476749
   0.35719165 -0.27038269  0.07325408 -0.14842337  0.0847544  -0.45364306
   0.08266005]
 [-0.16227805 -0.18985968  0.04433782  0.5780589  -0.29017956 -0.0431722
   0.41073855  0.09397132 -0.45189235 -0.19062249  0.1639621  -0.26538109
   0.00648815]
 [-0.37224387 -0.32736992  0.09312698 -0.3694363   0.3868324   0.02348458
   0.37769777 -0.09380667 -0.2312437   0.34660137  0.34844361  0.11099149
  -0.01110258]
 [-0.17212182 -0.36676991  0.17787162 -0.1127035  -0.01113379  0.18660782
   0.42206873  0.6181402  -0.0373428  -0.42199487 -0.10105143 -0.0431419
   0.06914474]]","['bbo_main', 'random_fill', 'random_fill', 'random_fill']","[[0.12158063 0.18239919 0.24450602 0.21931847 0.34553586 0.46072231
  0.12370513 0.18854341 0.5007192  0.05670563 0.08474089 0.10768336
  1.00000006]
 [0.10666017 0.16277058 0.3943649  0.2323375  0.34874963 0.45627063
  0.12293983 0.18256738 0.22901896 0.05887987 0.0909046  0.11684965
  1.00000002]
 [0.10616784 0.15907688 0.25967785 0.22065613 0.34553646 0.45994467
  0.12120873 0.18485646 0.23943264 0.07181251 0.10949043 0.37095815
  1.00000005]
 [0.10959716 0.16374726 0.29605683 0.22006059 0.33585171 0.69553713
  0.12779339 0.20294141 0.26800409 0.05955292 0.08992312 0.12072051
  1.00000029]]",[ 0.18522388 -0.0740005   0.06171801  0.27408482],4,0.07556221014213754,0.010348751469102262,0.021051761164099687,0.036327960017137416,0.06899761428103597,36.796405022003455,0.052637085041170206
46,"[[-0.48644976  0.49020651  0.01618406 -0.34319597  0.33412771  0.06319759
  -0.10500316 -0.39690808 -0.02665603  0.15322011 -0.19572079 -0.22175634
   0.09566824]
 [-0.42435022  0.22281763  0.10312299 -0.22461462 -0.35363579  0.11725649
  -0.16714986  0.26931772 -0.29468819 -0.26022385  0.53963917  0.14372029
  -0.05908567]
 [ 0.34510837  0.28329876  0.04463502  0.41221874  0.19610352 -0.36898721
   0.18019931 -0.17539363  0.06285054 -0.22675546  0.5497069   0.03081337
   0.17996447]
 [ 0.40064506 -0.28588244  0.07590833 -0.29795297  0.61322318  0.08879293
   0.13216687  0.33915281  0.07257938  0.08483513 -0.00385861 -0.36640084
   0.00824205]]","['bbo_main', 'random_fill', 'random_fill', 'random_fill']","[[0.11879504 0.18390294 0.24794826 0.22541505 0.35236933 0.68906517
  0.11237957 0.16991807 0.2296039  0.05936118 0.08827655 0.11456866
  1.00000011]
 [0.1194161  0.18097285 0.24479159 0.20645192 0.31075078 0.4356245
  0.12198513 0.18844963 0.24343391 0.06760343 0.10797859 0.20158301
  0.22758413]
 [0.13416822 0.19636351 0.26540839 0.2101708  0.31131502 0.39337008
  0.12020391 0.18434657 0.31047443 0.06758907 0.11639146 0.15993888
  1.00000002]
 [0.11173742 0.16519433 0.26358965 0.22365481 0.35262571 0.67153165
  0.12621379 0.19520484 0.27411138 0.05853801 0.0872796  0.11210466
  1.00000007]]",[ 0.09701479 -0.07546359  0.35870507  0.30135294],4,0.07318175722577835,0.015388958966391782,0.02799484351959068,0.035957509624890006,0.07173183740028413,31.769459754999843,0.05264808285080125
47,"[[ 0.45364871 -0.45019941  0.09108095 -0.26164275 -0.07047228  0.00735626
   0.17656013  0.52602682 -0.17295006 -0.10952859 -0.38267362  0.11121793
  -0.03399621]
 [ 0.13666718  0.01120821 -0.33476813  0.12219131  0.57099806 -0.18521312
   0.05593976 -0.23545941 -0.02117618 -0.21376909  0.61757874  0.08465586
  -0.02381602]
 [-0.14389081 -0.65716724 -0.03848702  0.29761819  0.44308181 -0.14787803
   0.23497838 -0.26683078  0.07787004  0.23014005 -0.17564033  0.14511428
  -0.042779  ]
 [ 0.57532886 -0.13416964 -0.2118048   0.16298518  0.33561317 -0.04900366
   0.16428605 -0.21410695  0.00235139  0.5462742   0.30131226  0.01955412
  -0.04591342]]","['bbo_main', 'random_fill', 'random_fill', 'random_fill']","[[0.1185624  0.17704457 0.27357397 0.20835504 0.31490484 0.42200377
  0.12859045 0.20288664 0.26289    0.06038707 0.09081752 0.18616402
  0.33013048]
 [0.10612617 0.15832667 0.20941769 0.22951759 0.34847641 0.44702775
  0.11322846 0.17119694 0.23754312 0.06888842 0.12092454 0.28641124
  1.00000005]
 [0.10490347 0.15795376 0.21783613 0.22839207 0.35072467 0.45033814
  0.12185198 0.18804123 0.2632995  0.06424264 0.09897596 0.40343452
  1.00000002]
 [0.11612899 0.17302028 0.2250659  0.22000496 0.34128083 0.45206157
  0.11966713 0.18418158 0.25482151 0.06855635 0.10526201 0.14732976
  0.11996625]]",[-0.02252965  0.11177953  0.04162397  0.17153589],4,0.07659683207736476,0.019260727467279994,0.033110344384400275,0.03537743881696266,0.06343643863958262,31.56526807299815,0.0506421457853006
48,"[[-0.22981543  0.30187158 -0.2063732  -0.44359455  0.22390698  0.04449856
  -0.22791254  0.57826777 -0.17865735  0.19052797 -0.10818857 -0.3128437
   0.02109274]
 [ 0.37078428 -0.3306441  -0.00651071  0.04973079 -0.22552348 -0.5066214
   0.3759231  -0.04897422  0.08228339  0.12629358 -0.23429284 -0.46997804
  -0.03069347]
 [-0.20697227  0.26674142  0.05632288 -0.43640532 -0.24268143 -0.24018922
  -0.01777894  0.18158838 -0.67832464  0.28323766 -0.0441774   0.00419897
  -0.01403176]
 [-0.12507763 -0.06714113 -0.0212937  -0.21157381 -0.12685673 -0.12780768
  -0.30768469  0.62519418 -0.22847032 -0.4627455  -0.20627111 -0.32820006
   0.00840028]]","['bbo_main', 'random_fill', 'random_fill', 'random_fill']","[[0.11520778 0.17443279 0.2254932  0.21684947 0.340753   0.66501673
  0.12649252 0.20110222 0.25881121 0.05909731 0.08655586 0.1097829
  1.0000003 ]
 [0.12169487 0.18360524 0.24475305 0.20259789 0.30105459 0.38912969
  0.13096022 0.20619361 0.34998647 0.06156434 0.09275014 0.1205266
  0.58786562]
 [0.12407721 0.19438759 0.37787337 0.19989428 0.29955955 0.39519076
  0.1160193  0.17250419 0.22278065 0.07218769 0.10885701 0.14253305
  1.00000017]
 [0.11946914 0.18058923 0.27179335 0.20399481 0.30559551 0.40240164
  0.13263423 0.22068457 0.28926095 0.05558194 0.08338434 0.10678134
  1.00000135]]",[ 0.01920641 -0.29285305 -0.327051   -0.20470397],4,0.06940304535274917,0.014962973439029201,0.027422235885236176,0.0349850758177252,0.06372956454571607,31.561439112003427,0.05075109361435626
49,"[[ 0.38378767  0.1119094  -0.49751022 -0.1934961   0.48915692 -0.1557749
  -0.10558002  0.26069407  0.01245457  0.36356678  0.14770754 -0.24157476
  -0.00809327]
 [ 0.45858177 -0.47528655  0.06475593 -0.24189342  0.00886177 -0.23971955
  -0.18663199 -0.16704218 -0.37993171  0.04958382  0.01979242 -0.48299807
  -0.01831865]
 [ 0.130893    0.45251187 -0.27110586  0.13573223  0.32996933 -0.01387535
   0.2006505  -0.32026222 -0.20483168  0.3221102   0.44284726 -0.23152355
   0.19710342]
 [-0.40727432 -0.04791948 -0.56179893  0.04822787  0.11863969  0.10418291
   0.19118945  0.46745034  0.10873575 -0.45447158 -0.05124196  0.10964929
   0.02963315]]","['bbo_main', 'random_fill', 'random_fill', 'random_fill']","[[0.10664737 0.15264375 0.19560339 0.22296924 0.35078113 0.45433312
  0.12606546 0.20469971 0.33254619 0.07033439 0.10467681 0.13056731
  1.00000032]
 [0.12360891 0.1861322  0.4738825  0.20995655 0.3195069  0.41703589
  0.11469683 0.17286309 0.22709236 0.06219478 0.09240981 0.11782478
  1.00000016]
 [0.1186083  0.17833158 0.23039598 0.2329044  0.36111217 0.50964533
  0.11061943 0.16172255 0.21080044 0.07529327 0.11127194 0.1396501
  1.00000066]
 [0.10364238 0.15197391 0.1976395  0.2259064  0.34305943 0.51034344
  0.13066554 0.21032616 0.31013033 0.05916127 0.09059721 0.23118188
  1.00000001]]",[ 0.06396066 -0.35589804  0.3429816   0.12471121],4,0.06951359452644505,0.020129300106202428,0.03423892964021248,0.03468403187556856,0.06618283678280618,31.966720570009784,0.0504195286437209
50,"[[ 0.25554879  0.31947814 -0.36864534  0.0528673  -0.48110698  0.10037595
  -0.04715195 -0.18501063 -0.01729512 -0.38611026  0.51464603  0.0256184
  -0.03233577]
 [ 0.17643816  0.14492883  0.23557706 -0.44650671  0.29965426 -0.2379728
  -0.36843861 -0.24599063  0.40799711 -0.20749274  0.22280392  0.27476129
  -0.12517209]
 [-0.16068725 -0.24211147  0.18516054 -0.24824313 -0.20661088  0.26438213
   0.51423381 -0.43181269  0.39433676 -0.18291519 -0.00634044 -0.18271883
  -0.18379927]
 [-0.13015957 -0.44674966  0.21010131  0.50004307  0.02117113  0.33390139
   0.46447035  0.26216896 -0.04021904 -0.11900001 -0.15059397  0.21703369
  -0.0855759 ]]","['bbo_main', 'random_fill', 'random_fill', 'random_fill']","[[0.12106041 0.18255554 0.23494562 0.20308796 0.30396199 0.50088222
  0.12195062 0.18810499 0.24872825 0.06734399 0.11074541 0.14951476
  0.37726992]
 [0.11951795 0.18084074 0.24462183 0.21023017 0.31792513 0.42360785
  0.12223266 0.19238521 0.34893082 0.06648445 0.10185979 0.144737
  0.23294719]
 [0.11584855 0.17624644 0.23608288 0.21737287 0.33147527 0.44885621
  0.12360244 0.19429258 0.31390554 0.062029   0.0936769  0.12480217
  0.08684164]
 [0.10989498 0.16501771 0.23074908 0.22180668 0.33778735 0.77120913
  0.12393568 0.19524499 0.25826126 0.06324347 0.09670044 0.1392886
  1.00000021]]",[-0.10480718  0.07502708  0.03139032  0.35695776],4,0.07033132253014464,0.01796310943855214,0.03141221776693267,0.03438519218059838,0.06431623439007389,31.572869362003985,0.04959847327861262
51,"[[ 0.20720072  0.22811901  0.0818067  -0.41212703  0.61639163  0.07376319
   0.44804946 -0.17609015  0.11282712  0.18258452  0.25336257  0.03018529
  -0.01349226]
 [-0.4579585   0.2821048   0.27501775 -0.07527343  0.341144    0.25866328
   0.27701563 -0.13704959  0.2616789  -0.06485019  0.51868661  0.03546219
  -0.08723022]
 [-0.22743634  0.2651368  -0.22214998  0.11711063 -0.27318181  0.05263371
  -0.33809221  0.41468797 -0.01463321 -0.06415982  0.58613753 -0.0652997
   0.31478047]
 [ 0.10447853  0.1442448  -0.49503865  0.45122147  0.23436682 -0.40205546
  -0.34388478 -0.21668905 -0.02188768  0.02041654 -0.36525779  0.04846205
   0.03418453]]","['bbo_main', 'random_fill', 'random_fill', 'random_fill']","[[0.11882976 0.17885369 0.24506453 0.21887107 0.34501153 0.46856837
  0.12214423 0.18651472 0.53994378 0.06599034 0.10035387 0.13154174
  1.00000003]
 [0.11480833 0.17516401 0.31608688 0.22015532 0.33988865 0.46438259
  0.12242582 0.18896743 0.27261309 0.06523898 0.0997229  0.13085389
  0.2257215 ]
 [0.11016031 0.16533333 0.21721503 0.20404868 0.30468936 0.54485671
  0.12438049 0.19947274 0.26559653 0.07957818 0.12495563 0.157314
  1.00000001]
 [0.1092442  0.15875442 0.20470808 0.24097919 0.36015177 0.45005968
  0.1124095  0.17480848 0.24581346 0.06034579 0.09141887 0.19629086
  1.00000029]]",[ 0.35324873  0.41506236  0.34928942 -0.12520906],4,0.07609993820384958,0.0227501891161872,0.03760949398578193,0.033858989656948994,0.06608431478846838,31.814234887002385,0.04875015742692218
52,"[[ 0.06020709  0.36954563 -0.31231858 -0.0382366   0.15122643  0.03879928
  -0.19619267  0.5668816   0.02858272 -0.35776417  0.49736974  0.01489879
  -0.01320123]
 [-0.06050141  0.44908193 -0.02460079  0.21345848  0.37575926  0.05554239
   0.41599231 -0.25604743 -0.52676387  0.1331478  -0.25360737  0.06795677
   0.0382373 ]
 [ 0.28867688  0.38623378 -0.00708806  0.64785926 -0.11240008 -0.13450288
  -0.17880745  0.17670256  0.05738746  0.19350113 -0.30518338  0.04384688
   0.3435129 ]
 [ 0.47006544  0.47021529 -0.58432615 -0.25500811  0.24187787  0.00559369
  -0.20854586 -0.12209697 -0.16713781  0.01227119  0.064683   -0.03955415
  -0.0264685 ]]","['bbo_main', 'random_fill', 'random_fill', 'random_fill']","[[0.11478237 0.16885292 0.21299149 0.21789641 0.33454687 0.4763406
  0.12973011 0.22034473 0.30342955 0.06548455 0.10673589 0.14027165
  1.00000066]
 [0.11789795 0.17911755 0.23771366 0.24148382 0.37057573 0.5057754
  0.11167182 0.16311659 0.20979995 0.05972965 0.09027819 0.18616572
  1.00000033]
 [0.13738495 0.20128733 0.26221272 0.22133933 0.3291537  0.41911291
  0.12079749 0.19167178 0.36343582 0.05860528 0.08914005 0.13696555
  1.00000081]
 [0.12059334 0.17966855 0.22913814 0.21960742 0.34427343 0.48425212
  0.11370429 0.17166196 0.22652223 0.06615419 0.10135065 0.13774961
  0.26945356]]",[ 0.19020869  0.21646372  0.53235406 -0.05048808],4,0.07053011933264863,0.018394922761836643,0.031978987117613863,0.03356803055502888,0.06521535883492599,31.86094817200501,0.04881176926851369
53,"[[ 0.37723521 -0.25680607  0.09138406  0.02329409 -0.35941346 -0.2895663
  -0.30649263 -0.52458233  0.07445825 -0.3737967  -0.23237003  0.01500861
  -0.03479162]
 [ 0.39671848 -0.39369692  0.24618903 -0.22587732 -0.18915337 -0.55183193
  -0.22538391 -0.03816353  0.28199988  0.28521412 -0.0473238   0.10344956
  -0.09809877]
 [ 0.29718484  0.04626909 -0.46076546 -0.40203097 -0.08123099  0.04493082
   0.20427279 -0.31245005  0.09325008  0.60212188 -0.08172049  0.09828626
  -0.00722578]
 [-0.10680135  0.35971837 -0.28920045  0.40566935 -0.15632601 -0.01724712
   0.10516492  0.32049566  0.05051241  0.57667038  0.33287221 -0.14182438
   0.08037991]]","['bbo_main', 'random_fill', 'random_fill', 'random_fill']","[[0.12374781 0.18746839 0.36555463 0.20432628 0.30485938 0.39995795
  0.11702912 0.17999497 0.25916969 0.06517777 0.09981678 0.13234578
  0.54107099]
 [0.12046081 0.18201283 0.30973366 0.2031366  0.30395299 0.39940375
  0.12416265 0.19564823 0.29124183 0.06714546 0.10237093 0.13475281
  0.27000358]
 [0.11424479 0.1677074  0.21778128 0.20630656 0.31583946 0.43457162
  0.12327146 0.19004477 0.3044246  0.07177328 0.10864948 0.36359162
  1.00000001]
 [0.10770133 0.16269566 0.21268886 0.2104263  0.31555816 0.42532836
  0.13940863 0.21923974 0.32950159 0.07942646 0.11515944 0.14302259
  1.00000001]]",[-0.36406993 -0.22295863 -0.09066974  0.2600124 ],4,0.06548933855257766,0.026718597558973767,0.04262822266499984,0.0334393098519398,0.06286294226447833,31.659474047992262,0.048583003379919165
54,"[[ 0.38789745 -0.03322206  0.26619768 -0.29016157 -0.18209781  0.26703238
   0.13089334  0.54734367  0.16710547  0.31415484  0.36046487 -0.11165467
  -0.05633535]
 [-0.1611703   0.30956294  0.05428426 -0.20187358 -0.47791919  0.10763588
   0.20447763 -0.1090415   0.14666974 -0.2865974  -0.26398811 -0.60436253
  -0.04698865]
 [ 0.20501454  0.64426614 -0.0017467  -0.19328813 -0.17442764 -0.21797042
  -0.54249818 -0.12105437  0.12305789  0.20401756  0.10699385 -0.22236277
  -0.03119295]
 [ 0.1987898   0.24602434  0.22586519 -0.42522339 -0.40583417  0.0788952
   0.60094199  0.22225428  0.16317949 -0.13425029  0.18202585  0.09383029
  -0.00907372]]","['bbo_main', 'random_fill', 'random_fill', 'random_fill']","[[0.11961909 0.18063612 0.32360152 0.2074762  0.31326308 0.67932142
  0.12500148 0.19824047 0.26519477 0.0667856  0.10178447 0.13100614
  1.00000003]
 [0.1219787  0.18501075 0.24569908 0.20705275 0.31005997 0.43404041
  0.12525528 0.1968902  0.35228684 0.0588448  0.08891279 0.11617616
  0.36611388]
 [0.12730423 0.19271278 0.25512715 0.20057548 0.30030196 0.39615618
  0.1218528  0.19060213 0.49534583 0.06722828 0.10232339 0.1312064
  1.00000021]
 [0.12146717 0.18379526 0.54806974 0.20106268 0.30122341 0.40713025
  0.12643054 0.19845264 0.276339   0.06658637 0.10167537 0.13372766
  1.00000006]]",[ 0.34658645 -0.16425293 -0.09161483  0.19575125],4,0.07117051835595184,0.0227501891161872,0.03760949398578193,0.03308807684330989,0.06124405292862181,31.465123096000752,0.048041399182407074
55,"[[ 0.0760886  -0.11789226  0.13858968  0.24794372  0.46325002  0.09773839
  -0.10674658 -0.42275732 -0.03870772  0.1878294   0.65143569  0.14834652
  -0.04694113]
 [ 0.41922816 -0.25656221  0.03697652  0.0467995  -0.34757114  0.05944896
  -0.38350275 -0.19991039 -0.2503878   0.36779788  0.4531012  -0.00163993
   0.20053679]
 [ 0.50829848  0.11698862  0.10587189 -0.23944476 -0.55315961  0.10002671
   0.12692646 -0.29875549 -0.25192639  0.00364032  0.39932269  0.12252907
   0.00977018]
 [ 0.23015309 -0.27879246  0.05337978 -0.23673874  0.21472414 -0.29682511
   0.30595726  0.17439337  0.08674977  0.10242901  0.63975193 -0.03263678
   0.35186684]]","['bbo_main', 'random_fill', 'random_fill', 'random_fill']","[[0.11410359 0.17282132 0.30683011 0.22547581 0.34963759 0.47049873
  0.11250213 0.17012108 0.22953686 0.06862512 0.10709829 0.16922503
  0.46968529]
 [0.12074622 0.18137564 0.24250407 0.20455444 0.30609037 0.49391658
  0.11296524 0.17094172 0.22483773 0.08420033 0.1320123  0.17253167
  1.0000009 ]
 [0.12571775 0.18898394 0.32038057 0.20154025 0.30157706 0.4262305
  0.11654371 0.17621395 0.23046    0.06962256 0.11234407 0.28870935
  1.00000003]
 [0.11341913 0.16810846 0.23885126 0.20160196 0.30232493 0.39556014
  0.12972629 0.20207098 0.43794168 0.07373212 0.11744094 0.15371263
  1.00000006]]",[ 0.28759175  0.10284627 -0.05816406  0.43422094],4,0.0683542500373831,0.02362845767386259,0.038728370878609045,0.032942371509725205,0.06418611631018424,31.778296971999225,0.047454347371852834
56,"[[-0.32561266  0.60665261 -0.01241948  0.45086197 -0.28045304 -0.18684665
  -0.04720565  0.38614944 -0.11004803 -0.19389113 -0.08119565  0.02082101
   0.02970391]
 [-0.36692142  0.39850577  0.16535739  0.26136362  0.20391884  0.20204642
   0.07964896  0.6583178   0.02949818 -0.07237796 -0.2144475   0.18747616
  -0.03914241]
 [-0.39194489  0.19085269 -0.15059334  0.1083025  -0.19039403 -0.08943392
  -0.38197491  0.59484953 -0.40620739  0.01484397 -0.19641358  0.03744517
   0.16230322]
 [ 0.2623184   0.38566213  0.09086761  0.18830063 -0.04347328 -0.61645305
   0.49593114 -0.11911905 -0.0339757   0.17736646 -0.2461976  -0.02782862
   0.05193736]]","['bbo_main', 'random_fill', 'random_fill', 'random_fill']","[[0.12215746 0.20781535 0.28643791 0.20548414 0.30097907 0.39050261
  0.12646239 0.19633499 0.25338464 0.05964706 0.09080077 0.1487582
  1.00000004]
 [0.11538992 0.1765338  0.24237074 0.2211414  0.33672375 0.76021216
  0.12488505 0.19752678 0.26165736 0.05952921 0.0897603  0.13989099
  1.0000001 ]
 [0.11397361 0.17565778 0.23036154 0.2071046  0.30763094 0.40517095
  0.1228836  0.19351084 0.24869183 0.06594921 0.10040529 0.37473932
  1.00000002]
 [0.13315318 0.19976348 0.38530318 0.20181354 0.29621082 0.37812977
  0.12605779 0.19435914 0.25635459 0.06419143 0.09692834 0.12925169
  1.00000001]]",[0.07383265 0.4593764  0.00652961 0.00552305],4,0.07300070133301595,0.024068399160635752,0.03928700120824358,0.03264292579842002,0.06237687911115258,31.720925795991207,0.04722889219879145
57,"[[-0.26694631  0.34140752 -0.11929138 -0.30088386 -0.16602709 -0.14382438
   0.45693644 -0.37990843 -0.02667333 -0.22960251  0.43460128 -0.16057439
   0.19482321]
 [ 0.27056743  0.43545016 -0.09319461 -0.01720363 -0.43407518  0.11051383
  -0.44028994  0.24200077 -0.41818714 -0.13503147 -0.2598822  -0.11614236
  -0.03161111]
 [-0.19438257  0.35513533 -0.30763577  0.60046164 -0.16200287 -0.26085594
  -0.26265151 -0.1676287  -0.17255208 -0.35830342 -0.15454552  0.08238559
  -0.02640362]
 [-0.20247238 -0.41938857  0.1948153   0.27570496 -0.10857161 -0.03059557
   0.34976745 -0.28177038 -0.3975402  -0.13656651 -0.49490464  0.17280486
  -0.05670533]]","['bbo_main', 'random_fill', 'random_fill', 'random_fill']","[[0.12285512 0.1939057  0.25477208 0.19683261 0.29365134 0.38636695
  0.12149604 0.18311469 0.2696219  0.06984431 0.11716895 0.15112396
  1.00000218]
 [0.12463732 0.18877837 0.24868106 0.20932876 0.31421019 0.69947629
  0.11947243 0.18463953 0.23934435 0.06041204 0.09093    0.12178766
  1.00000008]
 [0.11967286 0.18167495 0.23598382 0.22426256 0.33793243 0.4327197
  0.11377067 0.17398461 0.23016008 0.0597446  0.09321763 0.19369774
  0.3748245 ]
 [0.11199458 0.1688729  0.5418403  0.22248731 0.34126136 0.4496702
  0.11934428 0.18278299 0.23727461 0.0609395  0.09239352 0.14170589
  1.00000043]]",[ 0.02366599 -0.15549439 -0.19281599 -0.16776119],4,0.06838183391668462,0.028939761796717287,0.04539989621753072,0.03256091968947399,0.06387069615832512,31.943180881993612,0.047289215546218066
58,"[[-0.2805991  -0.0886634  -0.24753695  0.06597014 -0.51492704  0.10816405
  -0.21574027  0.46182068  0.03521925  0.38867873  0.34133565 -0.20132072
  -0.04187127]
 [ 0.45237954 -0.25119386  0.34615222 -0.33620364  0.02254251  0.37948137
  -0.15718956 -0.46251693 -0.0179481  -0.14376584  0.22609593 -0.1734259
  -0.11861173]
 [-0.45465291 -0.4772467   0.06854481 -0.27308073 -0.21871755  0.03326515
   0.28066934  0.09505634 -0.0967473   0.1592717   0.17576947 -0.52749371
   0.07501923]
 [ 0.45034822 -0.49939602 -0.10394597  0.13886838 -0.05499095  0.04860634
   0.49302413 -0.07833013  0.02421348 -0.18647693  0.41000483 -0.05830282
   0.23715565]]","['bbo_main', 'random_fill', 'random_fill', 'random_fill']","[[0.10962459 0.16390463 0.2167682  0.2081332  0.31293506 0.50279695
  0.1263805  0.20418909 0.27570732 0.06846065 0.10383123 0.13229594
  0.34429149]
 [0.11945287 0.18046909 0.30340414 0.21974397 0.33880887 0.51129633
  0.11787388 0.18049963 0.24038526 0.06244578 0.09473304 0.12552856
  0.28566763]
 [0.10656164 0.16040467 0.45200218 0.20842539 0.3144461  0.42854781
  0.13123596 0.20646474 0.2673025  0.06429718 0.0959678  0.12064444
  1.        ]
 [0.10615701 0.15347116 0.20085545 0.21930943 0.33521501 0.53799387
  0.14191174 0.2087868  0.2769834  0.0666705  0.11203389 0.14646488
  1.00000351]]",[-0.09423039  0.09197625 -0.13636701  0.31089533],4,0.06335360291028422,0.03341210851489888,0.05091320043746358,0.03214364067236333,0.05971025215088202,32.0267289350013,0.04600861909276174
59,"[[-0.18992769  0.03259803 -0.60006353 -0.0944782  -0.03859632 -0.28415117
  -0.25717214 -0.3500693  -0.13522001 -0.10618917 -0.20598616 -0.5006215
   0.01822359]
 [ 0.19910454  0.15444825  0.17817133  0.31833234 -0.06880984  0.18778302
   0.25853022  0.70653256  0.17140074  0.22936396  0.13556203  0.20524782
   0.23432769]
 [-0.23191368  0.49304245 -0.31511961  0.56468025 -0.02312686  0.05893909
  -0.37302053 -0.08295871 -0.0779957   0.31698365 -0.07946053 -0.14848434
  -0.00153983]
 [-0.02781845 -0.13713584 -0.26015217 -0.35869116  0.17184237 -0.05889811
  -0.14749487  0.20712907 -0.36219122 -0.61548131 -0.41918642  0.02610554
  -0.00519122]]","['bbo_main', 'random_fill', 'random_fill', 'random_fill']","[[0.10847791 0.15886846 0.20635452 0.22959687 0.34859851 0.44913689
  0.11448136 0.17456345 0.27396985 0.05887414 0.08705978 0.11294634
  1.00000089]
 [0.11798847 0.17846059 0.25525779 0.21660781 0.32955007 0.45879056
  0.12500076 0.19805963 0.27596086 0.06551088 0.10047858 0.42355418
  1.00000002]
 [0.11209558 0.17227801 0.22359253 0.24984312 0.37317658 0.56809659
  0.11097605 0.16974649 0.22477817 0.06063173 0.09083401 0.1188187
  1.00000002]
 [0.10854606 0.15743912 0.20300447 0.22666069 0.35675307 0.46732777
  0.1218758  0.18672048 0.23830971 0.05408486 0.08422149 0.18766508
  1.00000069]]",[-0.49212087  0.79842476  0.07422863 -0.25944215],4,0.06336301520493837,0.026718597558973767,0.04262822266499984,0.031901540662519656,0.06095309067440535,31.946901361996424,0.04512222326897418
60,"[[ 5.75673943e-01 -3.91890778e-01  1.06843138e-01 -9.32591492e-02
   3.14232817e-01  1.70543389e-01 -1.41163258e-01 -2.13956770e-01
  -3.95833676e-01  1.87800928e-01 -2.87866096e-01  1.55149610e-01
  -4.98472698e-02]
 [ 3.82187602e-01 -3.77719328e-01 -4.97589914e-01 -2.02172455e-01
   4.30543741e-01  9.81554725e-02 -2.20531322e-01  1.53474816e-01
   9.60490313e-02  1.23155601e-01 -2.88583188e-01  1.07384869e-01
   1.90776946e-01]
 [-1.39390018e-02 -4.18690364e-01 -2.44689018e-01 -3.45103625e-01
   3.46123476e-01 -2.85300745e-02 -2.21931177e-01 -4.93601867e-01
  -1.39035965e-01  4.01052409e-01 -1.46310264e-01 -1.74355394e-01
  -6.53053190e-03]
 [-3.39961728e-01  2.19953222e-01 -1.17626155e-01  6.48715213e-01
  -1.84576988e-01  8.31598452e-02 -3.43518707e-01  1.17070352e-01
  -3.66558273e-01 -3.73362291e-02 -2.82060125e-01  1.15618313e-01
  -2.38108064e-05]]","['bbo_main', 'random_fill', 'random_fill', 'random_fill']","[[0.11831453 0.17733866 0.24340677 0.22318363 0.34870667 0.73349694
  0.11353005 0.17144653 0.22546514 0.06226123 0.09441943 0.1469062
  1.        ]
 [0.10639344 0.1544253  0.1999387  0.2267317  0.35461183 0.52282616
  0.12283887 0.19033834 0.27189678 0.06130196 0.09326113 0.29630549
  1.00000007]
 [0.10443114 0.15202352 0.19915679 0.23255037 0.36714291 0.51092668
  0.11097365 0.16780344 0.2228111  0.06850581 0.10328261 0.13199128
  1.00000138]
 [0.11387079 0.17488583 0.23070463 0.2294851  0.34864801 0.48259461
  0.11290175 0.17255489 0.22700575 0.06086167 0.09210099 0.37484435
  1.00000002]]",[ 0.05397639  0.27247012 -0.23720808  0.01053972],4,0.06421458670272027,0.026718597558973767,0.04262822266499984,0.03187143485248447,0.060990827115195434,31.625052453004173,0.0457189213667869
61,"[[-0.18661133 -0.40025685 -0.42310228 -0.26697065 -0.20617591 -0.0707626
  -0.38470282  0.39935283  0.08161424 -0.15291994  0.01842994 -0.41014484
  -0.0329114 ]
 [ 0.30095825 -0.01148926  0.13827822  0.5767611  -0.2872088   0.17661685
   0.35277552  0.49643886  0.15069868  0.10024282  0.03857669 -0.18923458
  -0.05363566]
 [ 0.07638053 -0.19825733  0.02742327 -0.487715    0.21591121 -0.29044133
   0.30071278  0.33446987 -0.03982391  0.15215712  0.56287013 -0.20321649
  -0.01060866]
 [ 0.32551121  0.40816171  0.06981108  0.51542764  0.50804736 -0.02122614
  -0.08811721 -0.3083843   0.03090799 -0.17567003  0.21068999 -0.1244223
   0.06158411]]","['bbo_main', 'random_fill', 'random_fill', 'random_fill']","[[0.10770361 0.15974283 0.21115839 0.21157692 0.31981316 0.43040875
  0.13009851 0.20983144 0.35522142 0.06164799 0.0923495  0.12014639
  0.51502271]
 [0.11793761 0.17830067 0.24458183 0.21878529 0.33293024 0.75540312
  0.12605914 0.19962719 0.27949845 0.05968068 0.08996217 0.11800988
  0.99999974]
 [0.11114121 0.16544909 0.27924654 0.19858148 0.29887574 0.38917733
  0.14765672 0.22584759 0.29372779 0.07121887 0.10703126 0.13611168
  1.00000013]
 [0.11970505 0.18108681 0.31115919 0.2497317  0.37563392 0.48709667
  0.11170694 0.16932394 0.23559271 0.0590819  0.08948825 0.11773339
  1.00000007]]",[-0.33747202  0.35042848 -0.0209519   0.44445201],4,0.06543300400914548,0.030724169543767235,0.04760975232851496,0.031730756337595124,0.06621409372445725,31.983423277997645,0.04517161055850022
62,"[[ 0.36362503  0.65191664  0.16418913  0.44038521  0.34891434  0.08676382
  -0.0494397  -0.08329047  0.04535339  0.05976889 -0.18077378  0.20059829
  -0.06845057]
 [ 0.01272494  0.55160346 -0.42663755  0.29298981  0.0597061  -0.22488838
   0.28112528 -0.48357405  0.04113563 -0.09717852 -0.18074196 -0.11767504
   0.05516621]
 [-0.09636825  0.01528638  0.08431659  0.07290238 -0.23014379 -0.1750078
   0.43264434 -0.5136377   0.15232659 -0.06606768 -0.61857823  0.16718043
  -0.07280165]
 [-0.24231108  0.17295931  0.17242571 -0.16235532  0.45915207 -0.27798108
   0.01315489 -0.29086688 -0.45800841 -0.39522834 -0.32715923  0.07158992
  -0.06537906]]","['bbo_main', 'random_fill', 'random_fill', 'random_fill']","[[0.12069328 0.18249811 0.26080274 0.22227169 0.34129993 0.45164176
  0.11958316 0.18438845 0.24625299 0.06045368 0.09150735 0.18388424
  0.19437584]
 [0.12309525 0.1867794  0.23733604 0.22519511 0.34142696 0.43121444
  0.11427006 0.17063695 0.40793852 0.05797142 0.08809779 0.11730903
  1.00000051]
 [0.12034919 0.18232686 0.2434841  0.21008107 0.31580231 0.42126242
  0.12390807 0.19363553 0.27539483 0.0610044  0.09206308 0.18077711
  0.15230204]
 [0.120592   0.18286851 0.331238   0.22191142 0.34115805 0.43902664
  0.11487854 0.17385565 0.22891429 0.05994884 0.09099489 0.12480256
  0.31413131]]",[ 0.46238869 -0.02107714 -0.16511423 -0.1608728 ],4,0.06913061589895036,0.030724169543767235,0.04760975232851496,0.03138614231045573,0.05652225487514393,31.547979110997403,0.044391285379317885
63,"[[-0.31563668 -0.51578675  0.12504868 -0.36986078 -0.46632643  0.1163375
  -0.16598012 -0.14965298  0.03258398 -0.16987109  0.31663904 -0.26190378
  -0.04681257]
 [ 0.6451238  -0.19519071  0.15116869 -0.19030862 -0.12178462  0.02228555
   0.4027657  -0.03861214  0.10756936 -0.41819727  0.31479254  0.13595633
  -0.05973845]
 [-0.12505035  0.54648635  0.12241858 -0.13645532  0.2141819   0.16699604
  -0.43161504 -0.40596562 -0.36187683 -0.26470183 -0.13045653 -0.07849984
  -0.05517687]
 [ 0.52986871 -0.5407643  -0.03875704 -0.23171607 -0.15006059 -0.00068907
  -0.14462303  0.05900785 -0.09002366  0.34410895 -0.27221726 -0.33294369
   0.11503609]]","['bbo_main', 'random_fill', 'random_fill', 'random_fill']","[[0.1112584  0.16684553 0.32309618 0.20746671 0.31226391 0.4364877
  0.12380186 0.19531447 0.26214165 0.0674504  0.10284127 0.13115483
  0.31325376]
 [0.12134794 0.18296501 0.30774206 0.20620077 0.31056066 0.41644515
  0.12497489 0.19468579 0.26544187 0.06601177 0.10238985 0.14212974
  0.165868  ]
 [0.12082347 0.18280232 0.25442981 0.22268954 0.34534596 0.54383396
  0.11330418 0.17107417 0.22535413 0.05981816 0.09022911 0.12139931
  0.37310414]
 [0.12044719 0.16971069 0.22364501 0.20314796 0.30773754 0.48488786
  0.1280656  0.20154182 0.26031143 0.06273151 0.09067722 0.11293578
  1.00000022]]",[-0.32148691  0.10672189 -0.00729126 -0.0859316 ],4,0.06599043259045262,0.029385265064608663,0.045952959402343674,0.031230984278042363,0.060347778126771334,31.618406367997522,0.04416613629232463
64,"[[-0.3287806  -0.25018073  0.13060791  0.59624402  0.32968568 -0.18546498
  -0.21756847  0.39088224  0.13479843  0.04574322 -0.27665762  0.12368927
  -0.03783071]
 [ 0.20826779  0.48626041 -0.00104589  0.37357418  0.11778307 -0.21756819
   0.16541582 -0.44816348  0.06561111  0.24774814  0.05364392 -0.47062625
  -0.03382619]
 [-0.46446836  0.51571894 -0.37590925 -0.10359858 -0.08058574 -0.33296744
  -0.07037053 -0.34071055 -0.19539602  0.24744607  0.15379392  0.05320557
   0.04441904]
 [ 0.14429449  0.20323933 -0.00725354  0.0250411  -0.0866069  -0.51620486
   0.61578073  0.181028   -0.08248319  0.13539145 -0.47194849  0.05436875
  -0.02103069]]","['bbo_main', 'random_fill', 'random_fill', 'random_fill']","[[0.10583088 0.15993915 0.3116428  0.22795721 0.34479375 0.44051439
  0.12370663 0.20012858 0.45695736 0.0599108  0.09058771 0.1390602
  1.0000002 ]
 [0.12283459 0.18829021 0.25104252 0.22189833 0.33714319 0.43368335
  0.1149032  0.17489854 0.29038536 0.0598692  0.0900271  0.11620645
  0.32924083]
 [0.11924372 0.18247849 0.23615842 0.2028235  0.30263956 0.39337005
  0.11521735 0.17394504 0.22951651 0.08134044 0.12701934 0.22763489
  1.00000004]
 [0.12223667 0.18501615 0.24632729 0.20027856 0.29586778 0.37886638
  0.14633088 0.22075784 0.2857873  0.06208116 0.09370176 0.18061541
  1.00000017]]",[ 0.20374332  0.05863884 -0.24245831 -0.10325734],4,0.06266474496594951,0.032963225264318066,0.05036351982077756,0.031097702200259245,0.06020031990066009,31.509866027001408,0.04431527876146754
65,"[[-0.00250196  0.13302559 -0.35313585  0.32034648  0.27900616  0.17876728
  -0.01092834 -0.56356003  0.1678346  -0.05026596 -0.52445575  0.14237352
  -0.03782134]
 [ 0.64608536 -0.39779701 -0.02679207  0.10039565  0.09965879 -0.14360304
   0.46648063  0.05672438 -0.32410945 -0.03740596 -0.0881877   0.03306587
   0.21643023]
 [ 0.56459225 -0.20893926 -0.29079322 -0.19077356  0.0524468  -0.15422235
   0.57188006 -0.12463309 -0.01023816 -0.00576777  0.34884238 -0.16000889
   0.0087963 ]
 [ 0.52653972  0.18631047  0.09513709  0.51886716 -0.14129798  0.08213121
   0.09579975  0.07225994 -0.23334083  0.24742858 -0.17282199 -0.47126755
   0.03210926]]","['bbo_main', 'random_fill', 'random_fill', 'random_fill']","[[0.10961312 0.16510073 0.21737748 0.22793216 0.35458543 0.72970586
  0.11833105 0.18066452 0.26307454 0.05937161 0.08957437 0.13023865
  1.0000004 ]
 [0.11857902 0.16769523 0.22408935 0.2213483  0.34014675 0.43553411
  0.12649062 0.1868904  0.23385076 0.06077793 0.09385867 0.26375217
  1.00000097]
 [0.11470645 0.16358862 0.21103953 0.20081788 0.30350111 0.40245092
  0.14933369 0.22099491 0.31886032 0.06779468 0.10595122 0.13581132
  1.00000012]
 [0.13188276 0.19498062 0.43976943 0.22336754 0.33924434 0.46516119
  0.11572082 0.17720539 0.23209112 0.05801733 0.08554747 0.10931935
  1.00000153]]",[ 0.11912447  0.20589111 -0.03701891  0.20367047],4,0.0656690142100178,0.036112412103017945,0.05420427535647621,0.030775123684437466,0.05669083973742173,31.59297920600511,0.043729331180888786
66,"[[-3.67013314e-01 -1.53220151e-01  2.03670517e-01  2.61904697e-01
   4.05135060e-01  1.19016107e-01 -2.62793919e-01 -4.37263535e-01
   1.83219944e-01  3.66320270e-01  2.28414055e-01 -2.70659731e-01
   1.01748688e-04]
 [-1.40307721e-02 -4.32686140e-01 -1.75130559e-01 -3.65927187e-01
  -2.25593829e-01  4.85617005e-02 -4.43421197e-01 -5.40338957e-01
   4.32455493e-02 -2.12628579e-01 -2.05914545e-01 -1.28589586e-01
  -1.24856253e-02]
 [ 5.23344320e-01 -2.96094959e-01  2.68896126e-02  3.93035312e-01
   3.26811333e-01  1.13900358e-01 -2.64380315e-01  5.50384878e-02
   9.19975009e-02 -2.07141619e-01 -1.70545741e-01 -4.56684161e-01
  -3.89371623e-02]
 [-4.78026838e-01 -3.45530860e-01 -1.21623795e-01 -1.90996959e-01
   1.07037873e-01 -3.99194691e-01  2.76350158e-01 -3.01007016e-01
  -1.96220186e-02  4.53791909e-01 -2.27502062e-01  6.83394072e-02
  -1.72875013e-02]]","['bbo_main', 'random_fill', 'random_fill', 'random_fill']","[[0.11080821 0.1682875  0.51096765 0.22615142 0.35137762 0.46581289
  0.11512328 0.17455636 0.25514652 0.06467852 0.09857087 0.12667374
  1.0000001 ]
 [0.11063252 0.1637896  0.21544604 0.21914041 0.33961961 0.63783938
  0.11343835 0.17167097 0.27486948 0.0622251  0.09390262 0.12247354
  1.00000011]
 [0.11547847 0.1746688  0.23321017 0.22850131 0.35394649 0.55079269
  0.12000869 0.18586742 0.26471037 0.05718792 0.08584077 0.11166424
  0.43282463]
 [0.10706376 0.16189392 0.21780377 0.20753351 0.31052875 0.40044628
  0.12606977 0.19553333 0.26554107 0.07235995 0.10931085 0.33372098
  1.00000009]]",[ 0.24683206 -0.42795969  0.19172626 -0.31560603],4,0.060225016703167655,0.03206651175839469,0.0492631048458944,0.030617964684048246,0.05967179949562801,31.43866376799997,0.043511424926033215
67,"[[ 0.28934415 -0.00136027  0.08208147 -0.18656444 -0.43167254 -0.00940464
   0.47910288  0.31862896  0.32683285  0.24064406  0.33814296  0.26292731
  -0.09507964]
 [ 0.50876389 -0.15759402  0.18963032  0.32963921 -0.37574919  0.07578039
  -0.03933974 -0.03996951 -0.26959724  0.50115592 -0.27680235  0.1409416
  -0.0360896 ]
 [-0.01798738 -0.33047572  0.08830471  0.05662095 -0.62327105  0.13396626
  -0.24405017 -0.06614108 -0.23901779  0.24087851  0.53978694  0.03333789
  -0.03842384]
 [ 0.40523928  0.29585821  0.2031874   0.1263782  -0.46499254  0.20490604
  -0.26419122  0.42225111  0.20336146 -0.1564757  -0.24946214 -0.23792996
  -0.0035185 ]]","['bbo_main', 'random_fill', 'random_fill', 'random_fill']","[[0.1195081  0.18045827 0.24020811 0.20344515 0.30529153 0.41207352
  0.12531112 0.19865943 0.56784221 0.06706052 0.10228024 0.15013717
  1.00000033]
 [0.12114588 0.18336951 0.56613013 0.21064452 0.31763776 0.42578173
  0.11887074 0.18367879 0.23877031 0.0669678  0.10222523 0.14306145
  1.00000002]
 [0.11863447 0.17932391 0.25948595 0.20388754 0.30487734 0.65363242
  0.11958822 0.18379627 0.2386205  0.07234434 0.11501182 0.15326399
  1.00000005]
 [0.12143048 0.18346121 0.32463144 0.20949227 0.31525817 0.65248202
  0.12502476 0.19880693 0.2876795  0.05963356 0.08975485 0.11770167
  1.00000001]]",[ 0.18447673  0.03539174 -0.18157734  0.22920203],4,0.06055843475509204,0.04336530014421307,0.06292836591752388,0.030270237051614163,0.05714916962213612,31.469509659000323,0.04345952872428058
68,"[[-0.08200362  0.31387319  0.1202296  -0.17841721 -0.36810489  0.17904745
   0.4437126   0.22356447 -0.46594796  0.41562501 -0.19429538  0.06493578
  -0.04723373]
 [-0.16122469 -0.324782    0.11279416 -0.43603191  0.26864784 -0.14759321
  -0.18646668 -0.65940907  0.14408322 -0.1090978  -0.23234601 -0.11992098
  -0.03321646]
 [-0.29457251  0.14941415  0.23822056  0.01064503 -0.31050583 -0.2547934
  -0.44324368  0.23848706  0.28872203  0.46929038 -0.16807998  0.27224077
  -0.11578304]
 [ 0.1438243   0.36289782 -0.0011388   0.27944755 -0.30451403  0.03356897
  -0.41497082  0.56631678  0.02704879  0.11450402  0.16092608 -0.37583739
   0.04198357]]","['bbo_main', 'random_fill', 'random_fill', 'random_fill']","[[0.12141224 0.18444776 0.25817107 0.20582843 0.30999064 0.72856153
  0.12359206 0.19087774 0.24559353 0.06707359 0.10212449 0.13585405
  1.0000002 ]
 [0.11632966 0.17678868 0.30144091 0.22061956 0.34044754 0.4410127
  0.11506246 0.17512009 0.49154214 0.06116085 0.09185762 0.12377172
  1.00000004]
 [0.11882298 0.17984126 0.25575791 0.20659707 0.31106365 0.41647012
  0.12342126 0.19613717 0.28907653 0.06704634 0.10221785 0.16858361
  0.1468017 ]
 [0.13398887 0.19618444 0.25671387 0.20453833 0.30567647 0.46555064
  0.12545821 0.21404168 0.29404228 0.0604055  0.08862848 0.11141352
  1.00000034]]",[ 0.01129367 -0.25418204 -0.02899118  0.16827334],4,0.06694603054213902,0.04564543096193057,0.06564103398915161,0.02965205296904874,0.058186578677602435,31.95983526999771,0.04177890938095494
69,"[[ 0.18953235  0.1352445   0.10053499  0.66487816 -0.03915311 -0.46668522
  -0.40334214 -0.00350215 -0.2620874  -0.12469814  0.16392298 -0.02014033
  -0.0086685 ]
 [-0.08093909 -0.19846389  0.11985424 -0.21439677 -0.21393475  0.10341245
  -0.39064902  0.57533576  0.11312893 -0.14002652 -0.29654626 -0.43821488
   0.2031558 ]
 [-0.46868178 -0.18787009 -0.01221373 -0.07049013  0.12067169 -0.39076209
  -0.37190256 -0.09819644 -0.14932032  0.50761903  0.14104916 -0.34764993
   0.06312281]
 [ 0.52353888 -0.04303899 -0.04072124  0.29872849  0.3237127  -0.48397565
   0.23938011 -0.25771867 -0.19379448 -0.33619327  0.11420781  0.08238074
  -0.00120156]]","['bbo_main', 'random_fill', 'random_fill', 'random_fill']","[[0.12315847 0.18700989 0.50287177 0.21404282 0.3201114  0.40825767
  0.11376    0.17346981 0.22932155 0.06570442 0.10254889 0.13663084
  1.00000001]
 [0.1180789  0.17796005 0.49601337 0.21017305 0.31656259 0.44036648
  0.12639803 0.20587944 0.2902982  0.05860126 0.08741937 0.11223752
  1.00000018]
 [0.10796821 0.16477339 0.28785843 0.21252339 0.31799871 0.4077077
  0.11388143 0.17534758 0.23258473 0.08149962 0.11835031 0.14578747
  1.00000061]
 [0.12251515 0.18462138 0.24562617 0.22012762 0.33369395 0.42066139
  0.11450205 0.17275315 0.22842234 0.06289161 0.10342015 0.3689552
  1.00000004]]",[-0.0709554   0.1690844  -0.24479574 -0.02513547],4,0.0636495013907124,0.04382084801939801,0.06347137804172286,0.02978721685440007,0.05526830300400007,31.57100782499765,0.04228734821884664
70,"[[-0.05676761  0.3088734  -0.14012684 -0.15632403  0.09252983  0.03230545
   0.67162763 -0.02948699 -0.3313296   0.22172575  0.45666349 -0.16674672
  -0.02134809]
 [-0.27054875  0.43174821 -0.17782289 -0.17992351  0.64315998 -0.12614935
  -0.24596682 -0.00806018  0.06078942 -0.26861619 -0.21445488  0.06360967
   0.24573002]
 [-0.3022033   0.59523774 -0.43547331 -0.12171021 -0.15600178  0.13800938
  -0.10519649 -0.12636173 -0.44465193 -0.25525989 -0.04063789  0.11669783
  -0.03681458]
 [ 0.37985752 -0.01229289  0.12857245 -0.38969207  0.13446296 -0.25069253
   0.52691611 -0.23333809  0.1759973   0.18725394 -0.43098366  0.14926317
   0.00930515]]","['bbo_main', 'random_fill', 'random_fill', 'random_fill']","[[0.11880442 0.17957674 0.23230469 0.21595946 0.33652229 0.49180975
  0.1229108  0.18244573 0.23171832 0.07137324 0.10829352 0.13716109
  0.39880542]
 [0.11356453 0.17397035 0.22753947 0.22945775 0.35727041 0.461
  0.11799229 0.1814332  0.28068045 0.05795343 0.08780241 0.34190611
  1.00000003]
 [0.11699548 0.17809344 0.230623   0.21964866 0.33919811 0.73763308
  0.11428433 0.17229953 0.22618507 0.06529652 0.10105366 0.15207828
  1.00000007]
 [0.12173646 0.18377416 0.25431386 0.20600053 0.31082931 0.40615744
  0.12506043 0.19539991 0.5524122  0.06336264 0.09522482 0.14637049
  1.00000003]]",[ 0.06372641  0.35392676 -0.18183692  0.05588138],4,0.06334510878896073,0.041091312213344805,0.06020955202418361,0.02984004426613271,0.05914149323695661,31.344538504999946,0.04221227210455708
71,"[[ 0.42080596 -0.15845139 -0.33097051  0.31783703 -0.05909055 -0.08029109
  -0.39922743  0.43611326 -0.02210511  0.36045307 -0.30821866 -0.04221237
   0.0232874 ]
 [-0.39069224  0.35260578  0.12863824 -0.32973286  0.17877742 -0.30746958
  -0.19533638 -0.2673741   0.16388185  0.52952243  0.13785038  0.1795906
  -0.05573402]
 [ 0.38539034 -0.27271853  0.04018673  0.31245889  0.34879268 -0.1173389
   0.11272354 -0.17600193 -0.02122349  0.70374895  0.0143054  -0.04245164
   0.03202365]
 [ 0.20033421  0.37656487 -0.15205338  0.06815379 -0.69320943  0.09930004
   0.29488656  0.11127007  0.07321224 -0.08638308 -0.42043363 -0.10317711
  -0.01813779]]","['bbo_main', 'random_fill', 'random_fill', 'random_fill']","[[0.10703258 0.15425945 0.19854158 0.2260452  0.34256389 0.45000404
  0.12274892 0.21739491 0.31568814 0.05980119 0.08890363 0.11996009
  1.00000321]
 [0.12048408 0.18301983 0.25368015 0.20589469 0.30971772 0.40489761
  0.12170356 0.19040025 0.27568279 0.06845996 0.10506785 0.20917075
  0.28214111]
 [0.10934251 0.16256294 0.28940874 0.24145258 0.36500515 0.46278092
  0.1124276  0.17021413 0.23022709 0.07649991 0.11224481 0.14421172
  1.00000022]
 [0.12254493 0.18556708 0.23940979 0.20253633 0.30284388 0.66716807
  0.12904239 0.20237272 0.28355434 0.06014187 0.09096964 0.11966228
  1.0000003 ]]",[ 0.02156103 -0.04384563  0.21706202 -0.06445148],4,0.061152212045828616,0.05297884028167474,0.07428456545877937,0.02952529308183942,0.05627562193352515,31.600048520005657,0.04255205320171083
72,"[[ 0.30980011  0.0311991  -0.23558924 -0.1431476   0.15996676 -0.56678287
  -0.30267697  0.36227061 -0.28941422 -0.23388077 -0.2994752  -0.17045289
  -0.01307918]
 [ 0.24927252  0.42518591 -0.00702631 -0.19835199 -0.24632013 -0.12320256
  -0.40041025 -0.42562691 -0.17272065  0.01868533 -0.50329328  0.12624719
  -0.03039929]
 [ 0.18445381  0.36207831 -0.42772684 -0.35495891 -0.14042248  0.14724073
  -0.45594776 -0.29293948  0.01088332 -0.2446965  -0.32730294  0.1535739
   0.01108284]
 [-0.16033989 -0.01109289  0.13704807 -0.39184805  0.12517505  0.09557115
  -0.17089848 -0.30964227  0.16632739  0.62701127  0.45397033 -0.15461668
   0.03391804]]","['bbo_main', 'random_fill', 'random_fill', 'random_fill']","[[0.12506113 0.18856382 0.25100983 0.20419621 0.30152318 0.39176755
  0.12551704 0.19763459 0.25665493 0.05865591 0.08897506 0.14974295
  0.61628417]
 [0.12591121 0.19196171 0.25625679 0.20818563 0.31266907 0.41879605
  0.11470402 0.17416581 0.23153532 0.06461217 0.09780936 0.36262421
  1.00000053]
 [0.12052829 0.1811084  0.23340777 0.21787984 0.33637418 0.50473066
  0.11520526 0.17534592 0.23632195 0.06163936 0.09325115 0.38546244
  1.00000001]
 [0.1155635  0.17585511 0.2973475  0.21712027 0.33575911 0.45129395
  0.11794377 0.18074253 0.51068647 0.06866825 0.10463198 0.13306016
  1.00000002]]",[-0.33217431 -0.25139015 -0.13892927  0.13307141],4,0.0618114270325657,0.05804941961538191,0.08019812230838554,0.029175878740860972,0.051471565008957915,31.32889761000115,0.041473967568841835
73,"[[-0.30519569  0.04395075 -0.01511595 -0.17232035 -0.04714158 -0.22339015
   0.40214838 -0.44652737  0.02209389 -0.57474773  0.36070271  0.01967393
  -0.0211903 ]
 [-0.34551723  0.56963184 -0.33329393 -0.162806   -0.36224887 -0.03650779
  -0.16586798 -0.1384486  -0.02889917  0.26585632 -0.21828389 -0.3458572
  -0.02301538]
 [-0.06232827 -0.60250653  0.09862728 -0.07089007 -0.19703491 -0.60208647
   0.0225944   0.14185573 -0.12935496  0.41247357 -0.01464396  0.09541227
  -0.01409964]
 [-0.42083209 -0.15537829  0.06072213  0.29693408 -0.13393031 -0.19663114
   0.30471774  0.4244746  -0.30621039  0.39881524 -0.04953701  0.01781013
   0.34882472]]","['bbo_main', 'random_fill', 'random_fill', 'random_fill']","[[0.11702903 0.17823729 0.23912888 0.20281626 0.30365625 0.397928
  0.12413097 0.1894521  0.28805777 0.06685757 0.11384799 0.17649371
  0.40435597]
 [0.12252774 0.18664581 0.23980037 0.20304748 0.30405825 0.41453311
  0.12382514 0.19406986 0.27710955 0.06317987 0.09397238 0.12171458
  0.27290535]
 [0.11165374 0.16743186 0.40237383 0.2014329  0.29923507 0.38552584
  0.12668188 0.19912572 0.26289379 0.0724581  0.10918508 0.17330453
  1.00000004]
 [0.10636738 0.16164448 0.39038403 0.20668668 0.30781069 0.40208308
  0.14033841 0.2136527  0.27121779 0.06991404 0.10532876 0.13800321
  1.00000003]]",[-0.20042437 -0.28178418 -0.34568547  0.31926293],4,0.06399940761623185,0.05804941961538191,0.08019812230838554,0.02894517139293248,0.059508367191278,31.764248664010665,0.04074133667141383
74,"[[-0.30038578 -0.46761644  0.21846469 -0.27071444  0.25695567  0.277417
  -0.28788169  0.25558947  0.28884234  0.31914451 -0.07437441  0.29673737
   0.00584117]
 [ 0.58851851  0.02255696 -0.42486748 -0.15709781  0.02491464 -0.06125164
   0.14240026  0.24200191 -0.48940521  0.1113418  -0.33573681 -0.00620694
   0.00758912]
 [-0.32268182 -0.14858463  0.05686025 -0.08808129  0.29518263  0.0603016
   0.55555932  0.46915681 -0.0677518  -0.04362285 -0.47811425  0.08428069
   0.03308445]
 [-0.16072248 -0.0034022  -0.01183312  0.56289762 -0.04086011 -0.48138546
   0.26234214 -0.31063259 -0.23852492 -0.29725384 -0.33524649  0.02587091
  -0.0114868 ]]","['bbo_main', 'random_fill', 'random_fill', 'random_fill']","[[0.10943514 0.16334328 0.22647115 0.21879394 0.33454996 0.46665111
  0.1232586  0.19673837 0.28277677 0.06606037 0.10059719 0.43075874
  1.        ]
 [0.13274832 0.18739218 0.23181433 0.21266701 0.33020471 0.44662037
  0.12083574 0.17828978 0.22484047 0.06028164 0.09116094 0.17608315
  1.00000034]
 [0.10479156 0.15856445 0.22330562 0.22400463 0.34178289 0.46595194
  0.15044125 0.22531041 0.28772807 0.05712427 0.08686786 0.18422804
  1.00000069]
 [0.12072088 0.18589001 0.260681   0.22404247 0.32731035 0.40736712
  0.11563183 0.17245303 0.22637011 0.05853427 0.09019058 0.19552036
  1.00000031]]",[ 0.34015457 -0.13575996  0.23895556 -0.2377747 ],4,0.062481553126932154,0.05620307676559841,0.07805023464615847,0.028939415420158328,0.055761103894806235,31.861624348995974,0.04112288651280416
75,"[[-5.89875237e-01 -2.67538642e-01  1.28261156e-01 -2.05612429e-01
   1.70925773e-01  8.57026415e-02  3.70763078e-01 -4.67157151e-01
   9.17866369e-02  3.07170106e-02 -3.24287247e-01  1.20802405e-01
  -1.89076019e-02]
 [ 3.60641883e-01 -3.33033311e-01  7.16716421e-02  2.53350894e-01
   1.55583532e-01  7.62161048e-02  4.75659764e-01 -4.56078193e-01
  -1.40815704e-02 -3.10899002e-01 -3.31251373e-01  1.36198162e-01
  -1.71521276e-02]
 [ 4.05662133e-01 -2.59450525e-01 -1.55535507e-01  3.11912482e-01
   2.90180198e-01 -1.50260680e-02  1.57652975e-01 -3.47856657e-01
   1.23449769e-01 -1.94201814e-01  6.01502881e-01 -5.12380251e-05
  -3.99251325e-02]
 [ 3.80528594e-01 -1.74723920e-01  1.23454899e-01  7.70894605e-02
   3.47491790e-01 -1.37642164e-01 -5.53996849e-01  3.99073996e-01
  -5.15561988e-03  4.29805747e-01  9.02986353e-02  5.74702528e-02
  -3.74291017e-02]]","['bbo_main', 'random_fill', 'random_fill', 'random_fill']","[[0.10698644 0.16120278 0.51124513 0.22401903 0.34961909 0.46879113
  0.12289477 0.18759106 0.25390751 0.06124958 0.09250357 0.14248153
  1.00000001]
 [0.11776015 0.17694765 0.23949828 0.22443801 0.349353   0.4680182
  0.11701931 0.17733747 0.23683038 0.05871269 0.08912216 0.4134887
  1.00000019]
 [0.10799085 0.16103896 0.21401224 0.22575475 0.34686667 0.4565944
  0.11983504 0.18441853 0.33167132 0.0650413  0.10481138 0.13976412
  0.3431803 ]
 [0.11741892 0.17634592 0.56802858 0.21836997 0.3336549  0.42974307
  0.12062991 0.19253117 0.25746376 0.06746044 0.10254218 0.13509841
  1.00000012]]",[-0.03536543  0.11042608  0.16533881  0.17488846],4,0.059420596297098394,0.057587575710727555,0.07966140866717095,0.028798799457404038,0.05865233328473761,31.446324210002786,0.04072380667643988
76,"[[-2.13626415e-01 -7.14384730e-02  8.66459938e-02  6.76582445e-01
  -6.54734528e-02 -7.48523477e-02  4.96341530e-01  5.99282922e-02
   1.46605436e-02  3.71072487e-01  2.84440449e-01  7.30529392e-02
  -4.27176813e-04]
 [-4.42984953e-01  2.13452068e-01 -2.10731131e-01  6.43106706e-01
   5.65579043e-02 -7.86673846e-02  3.37157169e-01  3.98038367e-02
  -1.71060731e-01  2.35218366e-02  3.39009250e-01  5.32332355e-02
   1.67290004e-01]
 [-1.27075405e-01 -4.20602692e-02  1.72361059e-01 -6.64627597e-01
   3.38252146e-01  1.88663490e-01 -2.87890707e-01 -1.42852489e-01
  -2.70000062e-02 -2.41630102e-01 -2.38590884e-01 -3.70834157e-01
  -6.15677707e-02]
 [-2.80107621e-01 -2.22120505e-01 -4.38863519e-01 -4.27736112e-01
  -1.12544214e-01  1.19181853e-01  4.12472259e-01 -1.56801087e-01
   5.21109789e-02 -1.90253750e-01  1.55343913e-02 -4.85686955e-01
   2.68209567e-03]]","['bbo_main', 'random_fill', 'random_fill', 'random_fill']","[[0.1059166  0.16072779 0.48216508 0.22277973 0.33731394 0.43319691
  0.12584719 0.19494634 0.25770737 0.07129453 0.10931514 0.15781405
  1.00000001]
 [0.10168957 0.15506948 0.20699084 0.24628795 0.36426723 0.46371188
  0.12159528 0.18615951 0.24070956 0.06557088 0.11156172 0.19652608
  1.00000001]
 [0.11841108 0.17848723 0.31177066 0.22060189 0.34546412 0.51171769
  0.11928793 0.18194995 0.24163086 0.05902156 0.08900115 0.11693538
  0.34565637]
 [0.10755727 0.16107181 0.21293917 0.21979216 0.3354204  0.7376308
  0.12637163 0.1996718  0.27604017 0.06012961 0.09058138 0.11787337
  1.00000004]]",[ 0.25046169  0.31129132 -0.06903801 -0.23260612],4,0.0629781742155377,0.06639001148531251,0.08983155822915087,0.02850187065796842,0.051872046405574135,31.820423946002848,0.04113913066557362
77,"[[-0.12183626 -0.27891139 -0.17112524  0.05657737 -0.53219772  0.05242051
   0.12281785  0.39771726 -0.60990324 -0.08406461 -0.17869757  0.06342573
  -0.02508976]
 [-0.28440901 -0.29633486  0.0370594  -0.00816073 -0.40513993  0.06697115
   0.49928954 -0.01475229 -0.33799723  0.45867453 -0.28948985  0.0202408
   0.05373531]
 [-0.36622845  0.29483082 -0.49110953  0.21688683 -0.45037328  0.0413797
  -0.2974338  -0.29363491  0.05664826  0.19767356  0.26304396  0.00270446
   0.00174407]
 [ 0.56491712  0.34747478  0.23779344 -0.24614207 -0.15021867 -0.08115421
  -0.41593331  0.2025673   0.26335753 -0.0029956  -0.26844251  0.23459203
  -0.05789331]]","['bbo_main', 'random_fill', 'random_fill', 'random_fill']","[[0.11135828 0.16697472 0.22018768 0.20511151 0.30673742 0.44527701
  0.12628311 0.19377105 0.24784629 0.06736663 0.10501968 0.20033017
  0.43336858]
 [0.11079797 0.16734912 0.24884338 0.2048857  0.30658145 0.66082636
  0.12645594 0.19324272 0.24735915 0.06887262 0.10438106 0.14415267
  1.00000006]
 [0.10822914 0.16270311 0.2134447  0.21158779 0.31676989 0.44302838
  0.11399249 0.173977   0.31863298 0.08247221 0.12936891 0.16938741
  1.00000003]
 [0.12185011 0.18433419 0.3110761  0.20604233 0.31004324 0.41550356
  0.12360278 0.19475509 0.52091128 0.06583756 0.10054721 0.14634102
  1.00000008]]",[-0.30730022 -0.11879884 -0.18933962  0.15032388],4,0.05991164423315165,0.07337626516616143,0.09782365173610881,0.028278126502516102,0.05882256311740744,31.661142733995803,0.040201197703159525
78,"[[-0.30372604 -0.40769408 -0.02629701  0.44199719 -0.28096483 -0.10865418
   0.00454163 -0.42093776 -0.09889894  0.30376626  0.09833263 -0.40554857
  -0.03650898]
 [-0.14943602 -0.10232744  0.11031832  0.61420164  0.01711584  0.12261212
   0.01619881  0.48838969  0.11096683  0.0837022   0.54223886  0.09264297
  -0.04177568]
 [-0.38978767  0.10811159 -0.44560212  0.28858868 -0.01052514  0.05826706
   0.35578373 -0.60839722  0.07297316 -0.09230163  0.1683453   0.10887478
  -0.01609923]
 [-0.42080375 -0.46084098 -0.11619557 -0.34463862 -0.28354135 -0.36033006
  -0.36665821  0.23909919  0.04477933  0.15127024  0.09970696  0.04331673
   0.19931583]]","['bbo_main', 'random_fill', 'random_fill', 'random_fill']","[[0.10833671 0.16374586 0.23364443 0.22463666 0.34078648 0.44777091
  0.11579164 0.17855394 0.24394091 0.06624448 0.10116324 0.12952366
  0.22022048]
 [0.10690567 0.1607393  0.26759959 0.22261641 0.33790391 0.47867495
  0.12474433 0.20006675 0.27984292 0.06681451 0.10211326 0.13561441
  0.27194341]
 [0.10609776 0.15917518 0.21054519 0.22798688 0.35045827 0.47001175
  0.11527206 0.17400552 0.25232322 0.06563081 0.1033685  0.37483242
  1.00000017]
 [0.10870273 0.16320552 0.21898696 0.19986427 0.29698834 0.38549153
  0.12934989 0.21379269 0.30966176 0.07368939 0.11018926 0.19362639
  1.00000009]]",[-0.28017685  0.39125369 -0.03885969 -0.19099957],4,0.05996646681586204,0.06964650901897107,0.09356495694002617,0.028126867787344155,0.05337604930947698,31.330472197994823,0.03957866754846773
79,"[[-0.23962029  0.57358864  0.09175197 -0.46221878  0.29190951  0.0779017
  -0.19822236 -0.11700919  0.05631265 -0.32465269 -0.37058613 -0.03346583
  -0.01503192]
 [ 0.10932318 -0.53677091  0.03298573 -0.33556885 -0.00986014 -0.05417612
  -0.28556006  0.10695405 -0.2135563   0.57301221 -0.33959422  0.02709341
   0.0144001 ]
 [-0.25007962 -0.43745211 -0.0911189  -0.19656475  0.07203757 -0.10506899
   0.3675099  -0.2506758  -0.00510188  0.41049646  0.0815239  -0.46866951
   0.30032325]
 [-0.15878216  0.50850954 -0.04296071 -0.20974523  0.30466496 -0.04563801
  -0.02916498  0.06249505 -0.00982345 -0.31005765  0.681343   -0.09859084
   0.0229588 ]]","['bbo_main', 'random_fill', 'random_fill', 'random_fill']","[[0.12188626 0.18700704 0.51708384 0.2198467  0.34116576 0.46585743
  0.11641288 0.17600046 0.24044967 0.05691235 0.08675009 0.11751557
  1.        ]
 [0.1106548  0.16136215 0.37920486 0.20635834 0.31778091 0.41903345
  0.11861731 0.18298589 0.23748728 0.07784447 0.11297119 0.16136242
  1.00000022]
 [0.10050073 0.14925597 0.19966488 0.22174359 0.34334743 0.44372916
  0.13124599 0.19847617 0.30674305 0.06641479 0.0962993  0.11859152
  1.00000104]
 [0.12076005 0.18841496 0.24943594 0.2162576  0.3309971  0.43815407
  0.12049467 0.18472681 0.25445987 0.06818697 0.13030517 0.17100099
  1.00000017]]",[ 0.06004674 -0.19709618  0.10267912  0.18067896],4,0.05481608423169377,0.07290959433200023,0.09729176630442149,0.027867212064099405,0.05019625735169431,31.675647432013648,0.03929757377117632
80,"[[-3.69540707e-01  4.08034339e-01 -4.51332699e-01  3.46431278e-01
  -2.23464945e-01 -2.41250286e-03  3.40699605e-01 -6.85915469e-03
  -1.85768582e-01  1.35662771e-01 -3.90875674e-01 -3.82379587e-02
  -2.41869894e-03]
 [ 1.00037224e-01 -3.22517566e-01 -5.43809967e-04 -6.00378981e-01
  -1.21160282e-01 -1.49820235e-01 -4.12828706e-02  4.74559789e-01
  -3.15591582e-01 -1.31097460e-01  3.80106442e-01 -5.28968372e-03
  -1.37511078e-02]
 [ 3.36983211e-01 -8.01362517e-02 -1.94186531e-01 -1.44795875e-01
   1.44670516e-01 -3.13908087e-01  4.33435776e-01 -2.75581610e-01
  -2.29419804e-01  4.69328931e-01 -1.19994465e-01 -3.82098465e-01
   6.90333327e-02]
 [ 6.55554224e-02  1.67764628e-01  2.60561302e-01 -2.13981449e-01
  -3.36799915e-01  2.82462456e-01 -3.28961309e-01 -3.39531568e-01
  -1.76830522e-01  1.34057578e-01 -6.70151488e-03 -6.18569227e-01
  -7.24399506e-02]]","['bbo_main', 'random_fill', 'random_fill', 'random_fill']","[[0.10345452 0.15406311 0.19887005 0.23301935 0.35061414 0.50949737
  0.13267508 0.19987363 0.25417588 0.05832293 0.08599757 0.11589809
  1.00000005]
 [0.11391653 0.16832832 0.24672238 0.19740327 0.29777652 0.39401837
  0.12714404 0.19466428 0.24916096 0.07289568 0.13054463 0.18321231
  1.00000052]
 [0.13439026 0.19789326 0.28563184 0.20279489 0.30675353 0.40470605
  0.11948541 0.1751118  0.23289733 0.06471517 0.09318431 0.11936539
  1.00000057]
 [0.1208275  0.18312782 0.32107716 0.21863088 0.33551679 0.69758474
  0.11609835 0.17717307 0.23659752 0.06065393 0.09095501 0.11854305
  1.00000005]]",[-0.09991714 -0.22281247 -0.14534765 -0.11887076],4,0.05594830056793694,0.07337626516616143,0.09782365173610881,0.027819135146923336,0.050736066546676756,31.717475573997945,0.03952693888691443
81,"[[-0.10743325  0.04505292 -0.00184904 -0.38577158 -0.15026726  0.0256202
   0.23046615  0.28284545  0.01392797  0.66488995 -0.12976895 -0.47117027
  -0.01176107]
 [ 0.42866973 -0.38684374 -0.01592994  0.47721916 -0.39288142 -0.02350938
  -0.06778151 -0.0673724   0.03887804  0.50480214 -0.03817501  0.01941134
   0.12802178]
 [ 0.76174264 -0.32381007 -0.32329732 -0.03669443 -0.26747115  0.06872677
  -0.15665423 -0.18476795  0.08088467 -0.16362452 -0.0780504   0.05193358
   0.17882772]
 [ 0.41210198  0.38097836  0.06105812  0.1124736   0.17982312 -0.28219176
   0.10841049 -0.41577086 -0.10650619  0.5591008  -0.20686005  0.07279629
  -0.00588301]]","['bbo_main', 'random_fill', 'random_fill', 'random_fill']","[[0.11663873 0.17715253 0.23634441 0.19880487 0.3000801  0.44593957
  0.14950802 0.22951492 0.30547062 0.06322937 0.09148552 0.11406508
  1.00000093]
 [0.11347363 0.16557163 0.22287724 0.20656467 0.30520025 0.40936696
  0.12073298 0.19047021 0.35088423 0.0841814  0.12421978 0.16536695
  1.00000015]
 [0.11596899 0.16593916 0.21345698 0.2101446  0.31915223 0.46524836
  0.12221493 0.19296564 0.498801   0.06620084 0.10164151 0.14130145
  1.00000002]
 [0.13938067 0.20763669 0.30425257 0.20793243 0.31251653 0.40253446
  0.1135301  0.17139757 0.22711386 0.06837209 0.10383265 0.19246596
  1.0000001 ]]",[-0.04705526  0.11169753  0.05744232  0.06284649],4,0.05329544141407205,0.08461198976870556,0.11055327020899905,0.02760578795870596,0.05563440753402077,32.12202503999288,0.03908906529759665
82,"[[-0.24384475 -0.33178609 -0.23270719 -0.46420058 -0.03125574 -0.0036376
  -0.16855397 -0.25722604  0.09211631 -0.51479357  0.42610965  0.0688806
   0.07379214]
 [-0.15931332 -0.45622827  0.10495453 -0.29953995 -0.29641703  0.06137173
   0.51586179 -0.11159359  0.153232   -0.26457259 -0.44890754  0.02326548
  -0.0011717 ]
 [ 0.27101229  0.57677131  0.03349846  0.10655543  0.1576434  -0.04231013
   0.45833718  0.41264153  0.09523187  0.28149278 -0.16389283 -0.04711885
   0.23882015]
 [-0.13491778 -0.19424522  0.50773577  0.08660419 -0.32943375  0.00509299
   0.33872548  0.25314771  0.51957531 -0.22795049  0.21991645 -0.07819733
  -0.12247793]]","['bbo_main', 'random_fill', 'random_fill', 'random_fill']","[[0.10868368 0.16126943 0.21346594 0.21069904 0.32069623 0.42988191
  0.12216945 0.18849951 0.48570392 0.06745701 0.11599274 0.16557713
  1.00000178]
 [0.11150503 0.16692036 0.23992668 0.21064253 0.31746147 0.4283787
  0.12989531 0.20438171 0.5461186  0.06054181 0.0910702  0.12224026
  1.00000001]
 [0.12314151 0.18584236 0.24725425 0.2141602  0.32438084 0.43026365
  0.14529571 0.21970346 0.40437245 0.05941774 0.08940427 0.12053199
  1.00000019]
 [0.11822094 0.17869218 0.32927489 0.2093755  0.31550082 0.42251648
  0.12493857 0.19781924 0.52107625 0.06546857 0.1002647  0.13161987
  1.00000039]]",[-0.16351927 -0.12698747  0.63557211  0.27036416],4,0.05745142381243756,0.07758184876266852,0.10260507334465767,0.027533889311184247,0.052387545291066304,31.594496545003494,0.03869518998527349
83,"[[-0.3959833   0.03817443 -0.1714233   0.13218019 -0.3838989  -0.11894778
  -0.15762847 -0.3122426  -0.34250726 -0.15792912  0.18861216 -0.57394185
   0.06145444]
 [ 0.45896722 -0.20935439  0.01508204  0.31117333  0.16051421  0.00989953
   0.08838965  0.76570089 -0.01326103 -0.14563759  0.05464658  0.06009867
  -0.02249143]
 [-0.12321872 -0.34102428 -0.01325879  0.42953538 -0.15131872  0.09416407
  -0.12079898 -0.17871736 -0.65699912  0.10690878  0.30304064 -0.26421698
  -0.02872384]
 [ 0.1128164   0.41792674 -0.35810811 -0.1706583   0.26360045 -0.47353289
  -0.13350841  0.46353315 -0.06651058 -0.32543706 -0.0964388   0.08932249
  -0.03501522]]","['bbo_main', 'random_fill', 'random_fill', 'random_fill']","[[0.12177224 0.18694674 0.2457615  0.21426449 0.31728247 0.45599839
  0.11302943 0.16774941 0.21956634 0.06183495 0.09301601 0.11755789
  1.00000008]
 [0.1095944  0.1621953  0.22079169 0.22225344 0.33879614 0.4462683
  0.14760181 0.23282307 0.30290151 0.05869342 0.08987991 0.16674027
  1.00000016]
 [0.10729503 0.16108634 0.22080306 0.23257549 0.35750567 0.60593881
  0.11144662 0.16299757 0.21056283 0.06653839 0.10249442 0.13150504
  1.00000009]
 [0.12104145 0.18248903 0.23723841 0.20647825 0.31044134 0.40010714
  0.12641733 0.20166324 0.26899857 0.06260402 0.09545761 0.18743055
  0.31944623]]",[-0.37457207  0.31882832 -0.17445185 -0.10321776],4,0.05146594350706368,0.07945408820429338,0.10472705780495604,0.027358104934501307,0.047623876664646625,31.60227778699482,0.03844265594396662
84,"[[ 0.37099219 -0.05495294 -0.02089057 -0.53004139  0.40743197  0.00160246
  -0.53100108  0.26836239  0.03674249 -0.12161246 -0.19594711  0.05685575
  -0.01460593]
 [-0.51305492  0.29537934 -0.02243049  0.11420289  0.39234663 -0.12758538
  -0.04687163 -0.11353785 -0.42067864  0.12405748  0.09138752 -0.49993521
  -0.00555916]
 [ 0.32160006  0.58141195  0.11289921 -0.24330554  0.06765996  0.16817839
  -0.53478156 -0.0984125  -0.18507801  0.3329287  -0.04922045  0.08799864
  -0.05281802]
 [ 0.25348035  0.28106016 -0.1831618   0.28507806 -0.17105272  0.02252397
   0.14790532 -0.00530649 -0.67288216 -0.31030927  0.37455768  0.00978363
   0.02851729]]","['bbo_main', 'random_fill', 'random_fill', 'random_fill']","[[0.12076401 0.18032478 0.23833604 0.21829642 0.34511634 0.46060251
  0.12087412 0.18999778 0.26693015 0.05857944 0.08871526 0.39025
  1.00000007]
 [0.11311933 0.17516098 0.27804527 0.24015442 0.36929236 0.47724257
  0.11156666 0.16328534 0.21187322 0.05990766 0.0879324  0.11184534
  1.00000044]
 [0.12222266 0.1852604  0.25370641 0.21758189 0.33468836 0.5349166
  0.11386322 0.1732225  0.22803096 0.06694082 0.1019679  0.13772048
  0.34156688]
 [0.12497849 0.18667567 0.2392399  0.22257674 0.33851909 0.49394526
  0.1104134  0.16169322 0.20516119 0.06635998 0.11532255 0.1610717
  1.0000002 ]]",[ 0.03524373 -0.060012    0.12653343 -0.01288079],4,0.06151590557286793,0.08273486175580144,0.108436175242308,0.027278213025343317,0.05463810845964604,31.868637496008887,0.03833159973869185
85,"[[-0.38796625 -0.16991026  0.09858923  0.47118698 -0.4866218   0.11390567
  -0.28934544 -0.25533874  0.01736944  0.12963852 -0.17990809 -0.37304692
  -0.03928077]
 [-0.23197648 -0.27762766 -0.53301977 -0.20061718 -0.11711822 -0.33720707
  -0.32117692  0.00699395 -0.28010983  0.19914761  0.34641158 -0.27500502
  -0.01932958]
 [ 0.13344638  0.46178787  0.08747884 -0.30974057 -0.3436844   0.09191853
  -0.23519754  0.57482151 -0.23535205  0.21787643  0.09970522  0.04264142
   0.19602673]
 [ 0.08515669 -0.58054896 -0.40416677 -0.4222711  -0.04751289 -0.14058647
   0.23120688  0.07677918  0.06632266 -0.37039112  0.29031789  0.08225884
  -0.00588364]]","['bbo_main', 'random_fill', 'random_fill', 'random_fill']","[[0.11137325 0.16862889 0.29091029 0.22288559 0.33814002 0.51067299
  0.11882088 0.1864182  0.24942449 0.06011677 0.09029838 0.1178429
  0.33197505]
 [0.10764847 0.15860591 0.2088544  0.20719361 0.31078245 0.41833864
  0.12187221 0.18971813 0.26605314 0.07950517 0.12014745 0.15526984
  0.76166041]
 [0.12546025 0.19150991 0.3335188  0.19902646 0.29856612 0.5949396
  0.1244447  0.19371896 0.24914231 0.06771925 0.10289315 0.13445219
  1.00000122]
 [0.10815298 0.15633415 0.20349306 0.20487434 0.30867684 0.40764487
  0.13287548 0.20944982 0.29347579 0.06759755 0.1075408  0.2782841
  1.00000014]]",[-0.18763802 -0.51166904  0.27500408 -0.23282442],4,0.05850493150085506,0.0926080548697075,0.1195326496569333,0.02700449491953428,0.04699280526397026,31.344576285002404,0.03736943252108904
86,"[[-0.12907583 -0.32663335  0.1081253   0.03719308  0.04043635 -0.46912893
  -0.06903692  0.20512245 -0.5179482  -0.3985249   0.3880064   0.12808639
  -0.03114132]
 [ 0.19592244  0.06643206 -0.10935346  0.01562283 -0.39017682  0.127268
  -0.28100353 -0.63141335  0.20482098  0.40907363  0.20804685  0.20567193
  -0.06356665]
 [ 0.34588737 -0.29439656 -0.02138262 -0.39628305 -0.49501787  0.0106439
   0.01194819 -0.39828614  0.03130149 -0.22005345  0.36463226 -0.10091894
   0.19929853]
 [-0.2033362  -0.41504919 -0.07608421 -0.40646     0.01587574 -0.01916724
   0.53174673  0.05925963 -0.024759    0.11800445  0.55798569  0.03244593
  -0.03956611]]","['bbo_main', 'random_fill', 'random_fill', 'random_fill']","[[0.11494012 0.17411865 0.33463512 0.20728607 0.31163543 0.40546339
  0.12187643 0.1869072  0.24201844 0.06743922 0.11203069 0.33017986
  1.00000022]
 [0.12001632 0.18154219 0.23976371 0.21164744 0.31990034 0.436953
  0.11479921 0.17539061 0.27481857 0.06848051 0.10718038 0.19937375
  0.31749398]
 [0.1229823  0.18491835 0.24420879 0.19674715 0.29649553 0.41320479
  0.11627992 0.17548371 0.33088901 0.0714344  0.12229118 0.15930815
  1.0000002 ]
 [0.10932549 0.16243519 0.21949712 0.21207857 0.32309855 0.43152932
  0.12688847 0.19489704 0.25809572 0.07020333 0.11381354 0.15919209
  0.26621664]]",[-0.27311552 -0.07212459 -0.08351595 -0.05663747],4,0.05562478970266416,0.0926080548697075,0.1195326496569333,0.02693763212704926,0.05374056777733817,31.875498268011142,0.038276736752863194
87,"[[-0.32541799 -0.21798638 -0.45633952  0.49369883 -0.06324003 -0.44886499
  -0.2280403   0.10853904  0.00805605 -0.30904861  0.15081364 -0.04893092
   0.06799748]
 [-0.3100281   0.40729931  0.08155581  0.27132746  0.18361386 -0.10567549
  -0.34809722  0.16536767 -0.05524213  0.47999474  0.10737024 -0.46831816
   0.00484762]
 [-0.65752999  0.22921477  0.09015818 -0.16338075 -0.25170232 -0.55378556
   0.00770082 -0.01871954 -0.03849942 -0.00982505 -0.23384576 -0.1042885
   0.2066694 ]
 [-0.12963776 -0.05222931 -0.36161919  0.27663925 -0.20431247 -0.54524077
   0.18360249  0.27671415  0.08686918 -0.40032183  0.1249081  -0.03571824
   0.37306181]]","['bbo_main', 'random_fill', 'random_fill', 'random_fill']","[[0.10224004 0.15129559 0.19973283 0.22389794 0.3297488  0.41362574
  0.12848754 0.20738291 0.3280824  0.06478792 0.10087838 0.13991279
  1.0000002 ]
 [0.11920175 0.18585683 0.5203108  0.22385348 0.33922874 0.43621388
  0.11889609 0.18547572 0.24686799 0.0605985  0.08850815 0.11207121
  1.00000003]
 [0.1220809  0.18702521 0.44665642 0.2002663  0.29521887 0.37823156
  0.12630914 0.19772604 0.26256056 0.0647877  0.09781093 0.12904077
  1.00000136]
 [0.10997195 0.16439777 0.21873846 0.20436983 0.30064479 0.38512617
  0.14142266 0.22167847 0.37411517 0.06637442 0.10169251 0.13425252
  1.0000004 ]]",[-0.2011799   0.12470493 -0.15675338  0.15738581],4,0.05289283793492308,0.0930792893098509,0.12005997063777474,0.026797371488629967,0.04987357177328787,31.691722022995236,0.03797392338184086
88,"[[-9.00979373e-02 -3.87683553e-01 -8.11607590e-02  2.48542951e-01
   3.78898420e-01 -5.85490360e-01 -2.17227688e-01  4.47778781e-02
   1.97187117e-03 -2.93114601e-01 -1.32813200e-02 -3.89320131e-01
   8.00354655e-04]
 [ 1.88330467e-01 -4.16696933e-01  5.68279421e-03  2.91570908e-01
  -6.69039857e-01  2.08896859e-02  8.27957158e-02 -1.15456993e-01
   3.17605147e-02  8.14707741e-02  1.67306981e-01 -4.49029531e-01
  -1.86518966e-02]
 [-1.33196688e-01  7.68678400e-01  1.19849872e-01  2.54745503e-01
   2.13533084e-01 -1.96155383e-01  1.10830825e-01  1.18566108e-01
  -3.94232609e-01 -1.07907487e-01  1.64150190e-01  8.13430624e-02
  -3.30580786e-02]
 [-1.57045733e-01  7.21231464e-02  1.85570417e-02 -2.58403281e-01
  -4.08513897e-01  1.22088860e-01  7.45132595e-03  1.68771786e-01
   5.70766043e-02  3.88412327e-01  7.05498962e-01  2.02086174e-01
   2.40285372e-04]]","['bbo_main', 'random_fill', 'random_fill', 'random_fill']","[[0.10499626 0.15849572 0.21935182 0.23319987 0.34456644 0.42561169
  0.12344685 0.20141193 0.34010957 0.05715527 0.08531308 0.11192476
  1.00000006]
 [0.1146685  0.17046949 0.23094624 0.20378363 0.30445174 0.42193022
  0.12715379 0.19990479 0.32133242 0.06506048 0.09850154 0.12408115
  0.37042023]
 [0.12204576 0.19175717 0.51488442 0.21944223 0.33339362 0.43023001
  0.1147639  0.17314269 0.22715807 0.0646682  0.10005653 0.13808222
  1.0000001 ]
 [0.11881504 0.17978818 0.23879151 0.20275914 0.3037247  0.42711235
  0.1233866  0.19292844 0.25799081 0.0714728  0.11132507 0.4164176
  1.00000023]]",[-0.22717151 -0.22677665  0.16686807  0.1133137 ],4,0.057388066221777834,0.0977966894717253,0.12532812393438422,0.026712394941887964,0.04695164587894343,31.571519260003697,0.03735687712537561
89,"[[-0.23490886 -0.24901665 -0.00637068 -0.32585671 -0.04132297  0.0276348
  -0.22512188  0.1021204  -0.18743507 -0.48820269  0.49588775 -0.39010946
   0.20357265]
 [-0.44666094  0.27606974 -0.25236285 -0.19811694 -0.47317462  0.11065682
   0.01850004  0.19658519  0.23590732  0.43880917 -0.23358424  0.19550727
  -0.07228134]
 [ 0.4365921   0.06601473  0.01940734  0.51341335 -0.07212664 -0.05935453
   0.01207424  0.13107747 -0.08852538 -0.16658968  0.61231812 -0.31470102
   0.07381125]
 [-0.39635348  0.59348345  0.01359503  0.42060207 -0.17171422 -0.02321571
  -0.30741986  0.12844473 -0.16106457 -0.34572577  0.15847049  0.03296231
  -0.02988498]]","['bbo_main', 'random_fill', 'random_fill', 'random_fill']","[[0.10724501 0.16045218 0.2230764  0.2118787  0.33031145 0.65671096
  0.12224345 0.18705983 0.24106916 0.06486883 0.10137453 0.12598509
  1.00000007]
 [0.11558353 0.175691   0.22905526 0.20683132 0.31146214 0.42084261
  0.12507688 0.19856069 0.35947841 0.06697723 0.10215281 0.15006976
  0.29997219]
 [0.13792347 0.20032244 0.31271944 0.22932233 0.34267676 0.43948963
  0.11884831 0.18502572 0.24135654 0.06385403 0.10053563 0.12602811
  1.00000169]
 [0.12061411 0.18748059 0.25076906 0.22190952 0.33519104 0.44267758
  0.11454653 0.17510153 0.23035528 0.06279853 0.09908907 0.15007832
  0.22925369]]",[-0.01168861 -0.0633745   0.235839    0.03463371],4,0.05345084214950385,0.10157698181196832,0.12953627345868832,0.02662376995599932,0.04921283854637295,31.674859706996358,0.03715376739077478
90,"[[ 0.55655853 -0.09141203 -0.0018504  -0.16331769  0.3826335   0.05815826
   0.22594889 -0.12370892 -0.09495902 -0.38512893  0.52589393  0.07178268
  -0.00202344]
 [ 0.2920823   0.30394447 -0.18062981  0.38023493 -0.00314171  0.03775727
   0.37965488 -0.28060825  0.07136813  0.39252686 -0.16359486 -0.40303593
   0.26909787]
 [-0.05013674  0.30263773 -0.14984639  0.0562661   0.10357997  0.07177012
   0.66503246  0.07149217 -0.08938314 -0.09895983  0.62421626  0.0930903
   0.03039227]
 [ 0.29594055 -0.47180069 -0.0704879  -0.66945451  0.13208506  0.01100197
   0.2786017  -0.15893646 -0.11298084  0.14257575  0.27712445 -0.06823466
   0.04113101]]","['bbo_main', 'random_fill', 'random_fill', 'random_fill']","[[0.11997377 0.17877376 0.23643702 0.22143112 0.34510456 0.47999563
  0.11440531 0.17253913 0.22713265 0.06510472 0.10900704 0.37235815
  1.00000001]
 [0.12079657 0.18257315 0.235563   0.22454031 0.34320692 0.46410521
  0.12208586 0.18781502 0.51575261 0.05834276 0.08586522 0.10965401
  1.00000003]
 [0.1143958  0.1735015  0.22623492 0.21747424 0.33248316 0.46443434
  0.12570571 0.19147744 0.24629001 0.06764821 0.11459746 0.39395522
  1.00000005]
 [0.11082305 0.15925107 0.20801836 0.2027394  0.31953414 0.48970792
  0.12429725 0.188103   0.24241761 0.08206953 0.12306333 0.1548904
  1.00000058]]",[ 0.21368819  0.41426181  0.30005789 -0.0914203 ],4,0.05429756657567439,0.113898947637199,0.14317673910803297,0.026212164551390197,0.04980757309169653,31.729287284993916,0.036721374042414434
91,"[[ 0.36014124  0.00081977 -0.52939575 -0.07505803 -0.29828167 -0.49922794
   0.18553793  0.20598778  0.14631604 -0.33961855 -0.16948372  0.03653963
  -0.05039101]
 [ 0.06307572  0.62506086 -0.09495131 -0.13702394 -0.07847888  0.09302409
   0.68053497  0.22215431 -0.1173642   0.1393773   0.103575    0.07175171
  -0.03405555]
 [ 0.03001837  0.07470587  0.01175759  0.17648653  0.47221866 -0.4000265
   0.26656356  0.05832727  0.0655373   0.65573771 -0.26106615 -0.04165763
  -0.02417339]
 [ 0.03271601 -0.52316624  0.12096997  0.27667794 -0.29286279 -0.00302353
   0.0656113  -0.69054618  0.01075562 -0.20749372  0.1400658   0.03718674
  -0.05417661]]","['bbo_main', 'random_fill', 'random_fill', 'random_fill']","[[0.11762227 0.17595949 0.23004425 0.20242641 0.30313759 0.39798773
  0.12887164 0.20494512 0.35296569 0.06590846 0.10066902 0.13531066
  0.41722572]
 [0.12229255 0.185409   0.24219907 0.20602814 0.30996358 0.49985892
  0.12687007 0.19594325 0.25314769 0.06663862 0.10181769 0.14352119
  0.28580482]
 [0.11728976 0.17804913 0.23951715 0.21934405 0.33413293 0.42239334
  0.12603377 0.19785326 0.32218698 0.06260979 0.0938617  0.12582709
  0.25467078]
 [0.11284934 0.16957237 0.30454733 0.22012402 0.33547473 0.44240106
  0.11499447 0.17457473 0.23828595 0.06658172 0.10481091 0.14017755
  0.24328816]]",[-0.32133469  0.21510803  0.11856994 -0.2044104 ],4,0.04927036790138112,0.11674976315120604,0.14631725309080948,0.026166195805191448,0.04842272836887479,31.733782306997455,0.036708924042814034
92,"[[-0.39852653  0.32357209 -0.50351097 -0.54322235  0.10260127 -0.14052123
  -0.33785538 -0.02019207 -0.00988117 -0.02845533 -0.1960934  -0.0378318
   0.04738626]
 [-0.2635365   0.47870871 -0.06608607 -0.28722154  0.32311639  0.00691266
  -0.51347303  0.45739698  0.0401422   0.16288713  0.01651037 -0.09372524
   0.00193223]
 [ 0.0037705   0.31002957  0.00247946  0.18927953  0.3189152   0.03380541
   0.18565426  0.52578137 -0.52903264 -0.22572617  0.14474824 -0.30468169
   0.0982877 ]
 [-0.0011761   0.51330357  0.07411921  0.44760687 -0.37341836  0.04740944
  -0.55361449  0.25819378  0.00194211  0.06748652 -0.03341703  0.0765296
   0.06556563]]","['bbo_main', 'random_fill', 'random_fill', 'random_fill']","[[0.10997307 0.15966785 0.2035543  0.20303936 0.30791251 0.40644637
  0.12347091 0.20791576 0.31683186 0.06768452 0.1024122  0.13566433
  1.00000065]
 [0.11896616 0.18420112 0.23932237 0.21829431 0.33479171 0.44501333
  0.11993247 0.21471839 0.36604412 0.06086702 0.09098539 0.11850957
  1.        ]
 [0.11731505 0.17842507 0.23803505 0.24363901 0.37182341 0.53846869
  0.12041241 0.18131137 0.22900239 0.0565509  0.08565366 0.11000572
  1.00000031]
 [0.12449333 0.19165137 0.33605929 0.20570987 0.3061026  0.41608489
  0.12043159 0.1892057  0.2504479  0.06606421 0.10094045 0.33228944
  1.00000007]]",[-0.2592713   0.14312979  0.30018843  0.19538293],4,0.053936402477813755,0.10962769608540651,0.13846099586249278,0.02586097156418626,0.0521734747150695,31.840577477007173,0.036480583546297296
93,"[[ 0.06158535 -0.11133386 -0.32195451  0.30206045  0.32462654  0.07752438
   0.77172222  0.00649064  0.01571661  0.27907603 -0.02001027  0.05783919
   0.00713011]
 [-0.09741434 -0.20520336 -0.01571812 -0.27477128 -0.33693286  0.09613108
   0.17665598  0.58183523  0.04138004 -0.413396    0.45366093  0.0413187
   0.00521352]
 [ 0.31041824  0.41778138  0.099305    0.44556809  0.03942832 -0.03009869
  -0.13541172 -0.31415008  0.06902394 -0.20872822  0.55705749 -0.20242825
  -0.03997103]
 [ 0.11274997  0.00608919  0.1521086   0.15955291 -0.1655066   0.19172394
   0.0011537  -0.49032462  0.20466    -0.15513965  0.6599521   0.21440027
   0.29432612]]","['bbo_main', 'random_fill', 'random_fill', 'random_fill']","[[0.10346987 0.15138129 0.19697119 0.23208638 0.35950517 0.55316222
  0.13699618 0.20300911 0.26295738 0.06402224 0.09880566 0.14178891
  1.00000003]
 [0.10947379 0.16351382 0.22159528 0.20063457 0.3015389  0.51839058
  0.14744923 0.22835292 0.30396008 0.06649807 0.10274557 0.13457555
  1.00000001]
 [0.12237033 0.18619856 0.31543081 0.22137675 0.336075   0.44342676
  0.11390764 0.1737672  0.24751657 0.06427812 0.10048639 0.12873237
  0.27329978]
 [0.11871649 0.17972745 0.24205638 0.21787591 0.33229002 0.45620709
  0.11578237 0.17638449 0.26715482 0.06765791 0.10832138 0.41659379
  1.00000004]]",[0.29818966 0.04679056 0.19829091 0.53148917],4,0.05477336005084055,0.12531729127656413,0.15572371189779188,0.02563581670932845,0.05025806840604649,31.47802786300599,0.035826931214954116
94,"[[-0.49765598 -0.34305359  0.0347262  -0.3816952  -0.05649655  0.00888968
  -0.32178454 -0.21272045 -0.40816284 -0.40485728  0.05748386  0.04234778
  -0.0092417 ]
 [ 0.45838194  0.32367129 -0.04834164  0.09259681  0.20872032 -0.06266557
   0.35914864 -0.389134    0.08453953 -0.51006407  0.17943306  0.08671473
   0.19819106]
 [-0.42610003 -0.34741514 -0.35748393  0.15357955  0.39861239  0.11687129
   0.16496604 -0.42814292  0.11527196  0.12629665  0.36487834  0.02497524
  -0.01705048]
 [ 0.35366068  0.0995459   0.00313971  0.30919254 -0.37629967  0.08130737
  -0.49167526 -0.33480322  0.07616652 -0.41645236  0.27854707  0.05530712
   0.08644951]]","['bbo_main', 'random_fill', 'random_fill', 'random_fill']","[[0.10679012 0.16066787 0.3098304  0.22332946 0.3445632  0.46288274
  0.11198271 0.1636143  0.21117138 0.06768846 0.10964278 0.19956698
  1.00000036]
 [0.13069087 0.19266189 0.25239131 0.2208331  0.33803275 0.43863322
  0.11543522 0.1737931  0.27997572 0.05941141 0.09444337 0.31594646
  1.00000004]
 [0.10218055 0.15191004 0.20092646 0.23268206 0.36128923 0.62214987
  0.1174763  0.17939139 0.2830766  0.06634159 0.10261894 0.13484686
  1.00000001]
 [0.12292287 0.18564844 0.24449876 0.21165839 0.31710833 0.68196565
  0.11293689 0.17265281 0.25479412 0.06605774 0.10706312 0.14395237
  1.00000003]]",[-0.37702142  0.38330952  0.09166281  0.06708255],4,0.053910425113733396,0.12484074506643845,0.15520170333458075,0.02576446053912929,0.04515792947259273,31.75719948099868,0.0359569186499428
95,"[[ 0.58304475  0.05177426 -0.25823055 -0.01813989  0.34463579 -0.21844784
   0.35580823 -0.38828385  0.12696406 -0.35505455 -0.04615286 -0.02482355
  -0.03973847]
 [ 0.2098624   0.16578963  0.31434101  0.43675651 -0.52046893  0.26106668
   0.01245404  0.29266351  0.02691223 -0.2464813  -0.30795608  0.22317629
  -0.089064  ]
 [-0.21357784 -0.18287293  0.10610885  0.5313453   0.19590005  0.14270735
   0.04836116 -0.22219316  0.06095742  0.56148297 -0.44264329 -0.01090727
  -0.04328142]
 [ 0.5238357   0.08311308 -0.1329462   0.1063381   0.62172149 -0.08205075
  -0.22193989 -0.04825071 -0.12136435  0.2027591   0.23317994 -0.36618024
  -0.02343279]]","['bbo_main', 'random_fill', 'random_fill', 'random_fill']","[[0.11964304 0.17954368 0.23284868 0.22072531 0.34000934 0.43833113
  0.12265603 0.18861715 0.34301856 0.05907394 0.09005272 0.12239763
  0.27753877]
 [0.12005598 0.18183359 0.57716188 0.21594827 0.32753503 0.45138256
  0.12359661 0.193537   0.25537689 0.06050443 0.09191851 0.126609
  1.00000009]
 [0.1066991  0.16104485 0.2339814  0.22990025 0.35612562 0.73466238
  0.12025062 0.18465608 0.25099884 0.06060462 0.09101527 0.12198474
  1.0000002 ]
 [0.11930226 0.17923452 0.23770927 0.24085094 0.3695915  0.49391928
  0.11156318 0.16932492 0.23094172 0.06011209 0.0904892  0.11886051
  0.64628001]]",[0.01110539 0.23947826 0.19856696 0.1743187 ],4,0.04982374125080618,0.12293522026473866,0.15311300897991176,0.025607746226899826,0.046985353094736726,31.637444312000298,0.036293512002345325
96,"[[ 0.34185352  0.44599766 -0.29939544 -0.12224952  0.18488391  0.0155903
   0.4218598  -0.34897606  0.04072149 -0.47936831 -0.11239795  0.0358066
   0.00984638]
 [-0.32134763  0.40130306 -0.075147   -0.12155363 -0.51259802 -0.03092778
   0.01351494 -0.37077837 -0.19887456  0.43835229 -0.27312219  0.05221099
   0.06979358]
 [ 0.60236801 -0.31481788 -0.0822088  -0.16965591  0.47082517 -0.3055171
   0.01554704  0.13315333 -0.03750033 -0.00181084  0.40958139 -0.01444312
  -0.01172327]
 [-0.50480324 -0.26573232  0.13916187  0.22029918  0.26537165 -0.62488178
   0.10348184 -0.13072001  0.13281186 -0.27829879 -0.11771018 -0.08755304
  -0.03682759]]","['bbo_main', 'random_fill', 'random_fill', 'random_fill']","[[0.13822189 0.19952695 0.24807709 0.22046392 0.34571714 0.46301644
  0.11703892 0.17435202 0.29795134 0.05547808 0.08635321 0.14723596
  1.00000005]
 [0.12388768 0.1931414  0.25463234 0.19990427 0.29938422 0.41276302
  0.11551791 0.17374708 0.22759847 0.07238839 0.10867228 0.29002043
  1.00000007]
 [0.11428746 0.16190799 0.21315525 0.21507576 0.33054852 0.42191369
  0.12307714 0.18835915 0.2540313  0.0780378  0.13303696 0.21202976
  0.99999996]
 [0.10910669 0.1646694  0.49227231 0.21877314 0.33060259 0.41877108
  0.12509316 0.19746811 0.30956961 0.06050703 0.09206354 0.12426154
  1.00000027]]",[ 0.08563194 -0.19310366  0.04761858 -0.20322075],4,0.05276502731348015,0.13104086626279463,0.1619827937287829,0.02544352426361589,0.04706821149871923,31.735547820004285,0.03524091140793367
97,"[[-0.34496111  0.29683196 -0.2377782   0.46115859  0.41604577  0.156707
   0.28125052 -0.06785321  0.12679104 -0.2791618   0.17834161 -0.33911836
  -0.03893028]
 [ 0.17873747 -0.2213565   0.09139194  0.38543105 -0.15864402  0.0815456
   0.37206298 -0.56471817  0.18123255 -0.42124785 -0.21373536  0.12106093
  -0.04853875]
 [ 0.19620886  0.16003637 -0.01352615  0.60394783 -0.2137578   0.22117299
  -0.3486468  -0.15416538  0.2485735  -0.1793317  -0.40631132  0.25584937
  -0.0807876 ]
 [-0.50448396 -0.08261912 -0.09901892  0.20193961  0.03764827 -0.59463646
   0.35080768 -0.0177316  -0.12273512 -0.2136516  -0.24441447 -0.27532502
   0.11594004]]","['bbo_main', 'random_fill', 'random_fill', 'random_fill']","[[0.10756856 0.16259445 0.21543737 0.23005006 0.35640912 0.72870296
  0.12249213 0.18850798 0.26873925 0.05916956 0.08940064 0.11737049
  1.00000005]
 [0.11810717 0.17850424 0.23843868 0.22149988 0.33890324 0.44867465
  0.1212059  0.18724539 0.57406258 0.05934579 0.09038424 0.13305651
  1.00000005]
 [0.11826899 0.17879516 0.23718207 0.2214309  0.3372816  0.46172723
  0.12123449 0.19171115 0.28174256 0.05949402 0.09003251 0.18833875
  0.20948292]
 [0.10930112 0.165876   0.26483662 0.20954706 0.30557738 0.39075465
  0.14392739 0.219525   0.28854773 0.05927286 0.09060458 0.12033484
  1.00000073]]",[ 0.3049219   0.03822966  0.19459156 -0.21442219],4,0.05282229082913009,0.13247317499288153,0.16354614907677142,0.025275723182058143,0.04745913461129877,31.55910966999363,0.035357743545364556
98,"[[-3.94259702e-01  6.98465636e-01  2.50506117e-02  5.88100596e-02
   2.75557181e-01  3.22361723e-02 -1.27755898e-01  6.51483243e-02
  -2.27976499e-01  4.33491046e-01 -1.04074101e-01  6.38870069e-02
  -1.67732627e-02]
 [-3.47526000e-01 -3.71830703e-01  1.86316972e-01  3.00243893e-01
  -2.11487891e-01 -2.51106950e-01 -2.14101080e-01 -1.97903381e-01
   3.11212351e-01  1.53474186e-02  4.29585263e-01  3.60117998e-01
  -1.09559152e-01]
 [-2.57207292e-01  5.46717819e-02  3.02639971e-02 -1.21256404e-01
   6.59792704e-01  2.71413489e-02 -1.20792348e-01  5.27728292e-01
  -1.07411243e-01 -4.16075896e-01  2.33395091e-02 -2.95100405e-05
  -2.97374124e-02]
 [-1.88225282e-01 -1.11256765e-02 -4.28212316e-02  4.71651684e-02
  -6.58455388e-02 -6.62296316e-01 -4.13844319e-01 -5.32503617e-02
  -1.98285328e-01  4.02429292e-01 -2.41560869e-01 -2.88913316e-01
  -1.50173592e-02]]","['bbo_main', 'random_fill', 'random_fill', 'random_fill']","[[0.11859947 0.20520418 0.28623087 0.2248103  0.34183288 0.45457209
  0.11198381 0.16935334 0.22281108 0.06653513 0.1007344  0.19544063
  1.0000003 ]
 [0.1109708  0.16680187 0.22913943 0.21346108 0.32346019 0.42858816
  0.12327236 0.19408343 0.27724047 0.06742943 0.10431653 0.45359533
  0.99999991]
 [0.10982178 0.16691869 0.23530622 0.22836795 0.35590692 0.47461484
  0.1238695  0.19185183 0.24797868 0.05880175 0.08904982 0.1214822
  0.26462555]
 [0.12414384 0.18921065 0.31030295 0.20256057 0.29566875 0.37814849
  0.11859122 0.18312369 0.24356457 0.06927543 0.10486856 0.1344185
  0.82064617]]",[ 0.18581081 -0.04871916  0.23740246 -0.45485858],4,0.05210145388045448,0.14251440922971959,0.17447456213460308,0.02525285751363878,0.04728792707787275,31.550981364009203,0.03550228120459678
99,"[[ 2.99012323e-01 -3.15887406e-01  4.94829741e-02  5.50210528e-01
  -4.72335208e-01 -1.84116266e-01 -2.18143217e-01  3.06140756e-01
   2.90403420e-02 -2.24407722e-01 -2.32422012e-01  4.04778075e-02
   2.14009661e-02]
 [-2.01928146e-01  6.29386591e-01  5.64353614e-02  5.34557902e-01
   3.07324635e-01  4.72305131e-03  7.80140272e-02 -3.29923530e-01
   2.99613298e-02 -7.71559485e-02 -2.20609038e-01  9.29160695e-02
  -2.45257871e-02]
 [-8.75613842e-02  1.18832933e-01 -3.81309961e-01  3.56772669e-01
  -2.34608520e-01 -1.69984761e-01  4.05681058e-01  5.02423419e-01
   1.97289777e-01 -3.00427653e-01 -2.34983189e-01  1.23980914e-01
  -6.94040885e-02]
 [ 4.70622376e-01 -1.42826003e-01 -3.29535164e-02 -2.68638454e-04
  -3.31468673e-01 -6.16407883e-03 -2.06041186e-01  2.68203652e-01
  -6.72155710e-01 -1.21283240e-01  2.38053738e-01 -9.73636520e-02
  -9.02627251e-03]]","['bbo_main', 'random_fill', 'random_fill', 'random_fill']","[[0.12024393 0.18087148 0.39854067 0.20703502 0.30048083 0.3859709
  0.13003049 0.21104185 0.28902575 0.05922033 0.09060014 0.13899509
  1.00000103]
 [0.11799327 0.18625013 0.25439892 0.24491584 0.36529035 0.4722273
  0.11242401 0.17037939 0.23645202 0.05882293 0.08891978 0.21803744
  1.0000007 ]
 [0.11045992 0.16551085 0.21941148 0.21466631 0.32392772 0.43037366
  0.12902096 0.20525847 0.33088538 0.06126776 0.09330085 0.13556563
  0.26233315]
 [0.13532191 0.19837196 0.25900051 0.20458153 0.30629634 0.44820793
  0.11424849 0.16741472 0.21340032 0.06815489 0.10876948 0.14009762
  1.00000023]]",[-0.06322109  0.28439027  0.03278446 -0.20464418],4,0.05258659068977218,0.15114104840132148,0.18382190483541164,0.024957367181965166,0.04885821065021434,31.569458056997973,0.03468943569568733
100,"[[-0.20839154 -0.27307386  0.03091264  0.40014841 -0.0983975  -0.06698089
  -0.28113156  0.6293733  -0.13004362  0.32148175 -0.06719553 -0.32481509
   0.03651228]
 [ 0.64987653 -0.28390258  0.06770581 -0.46595071 -0.25001757  0.22843686
   0.05832988  0.20105737 -0.05715576 -0.17723619 -0.19571867 -0.19864534
  -0.06634637]
 [-0.24492629 -0.33805412 -0.06644802 -0.10339883 -0.03283801 -0.01039918
  -0.36163017  0.59920839 -0.21495023  0.3664961   0.326743   -0.1793748
  -0.01228874]
 [-0.12951299  0.60871477  0.07409071  0.01558857 -0.3821322   0.07226552
   0.20234948  0.55919727  0.03092968 -0.18893248 -0.21373887 -0.01989677
   0.13904587]]","['bbo_main', 'random_fill', 'random_fill', 'random_fill']","[[0.10171092 0.15528175 0.29366422 0.22789043 0.34381823 0.44003426
  0.13090104 0.2186569  0.28743785 0.0597612  0.08707209 0.10999915
  1.00000008]
 [0.12068343 0.18188526 0.24200761 0.21032097 0.31823471 0.75710466
  0.12393689 0.19519602 0.25884474 0.0605119  0.0908897  0.12157742
  1.00000006]
 [0.10286016 0.15201395 0.20217867 0.21302583 0.32178541 0.45482751
  0.12551519 0.20662118 0.27043748 0.0821289  0.11964762 0.14800699
  1.00000017]
 [0.12144442 0.18509881 0.32836818 0.20153986 0.30169824 0.42499899
  0.14782152 0.22735551 0.29606007 0.05906191 0.08985619 0.12062599
  1.00000035]]",[ 0.05094522 -0.04876642 -0.07669478  0.31232527],4,0.0522732035435242,0.14059981381662068,0.17239493917339177,0.025049573631275315,0.04505409758207917,32.2590811830014,0.034909052709702126
101,"[[-0.55169376  0.14121743 -0.02214995 -0.1286861  -0.06882858 -0.00162079
   0.12966466  0.40184332 -0.55118169 -0.37437608  0.12593479 -0.10662072
   0.06651063]
 [ 0.19678263  0.38992417 -0.04479548  0.30311086 -0.30874816 -0.4163712
   0.01786234  0.44908946 -0.47345561  0.1310775  -0.00325582  0.0568588
  -0.00877763]
 [ 0.08757594 -0.20183283 -0.46957694  0.33346184 -0.14443023  0.31392342
   0.26981023  0.4331091   0.18910065 -0.16855673 -0.24143271  0.32998779
  -0.09356005]
 [-0.50725913 -0.06180958  0.26268912 -0.12859951 -0.22349352 -0.25739548
   0.59005824 -0.13129049  0.14790594 -0.22505512  0.2095217   0.21817779
  -0.08769141]]","['bbo_main', 'random_fill', 'random_fill', 'random_fill']","[[0.10693745 0.17560465 0.24711726 0.21989527 0.33156914 0.48097024
  0.12569863 0.18554439 0.22906405 0.05891952 0.0921125  0.12088058
  1.00000075]
 [0.13619393 0.2023634  0.26559736 0.20047914 0.29327337 0.37641576
  0.12345458 0.19052901 0.24575969 0.06801266 0.10419602 0.20162057
  1.00000006]
 [0.10942505 0.16301052 0.21548695 0.22026834 0.33608152 0.50131574
  0.12499208 0.19871448 0.26951761 0.06326639 0.09688601 0.40388888
  1.00000013]
 [0.11665645 0.17767044 0.34856112 0.20618175 0.31005174 0.4073304
  0.12505964 0.19544941 0.26675527 0.06690369 0.10288194 0.15124837
  0.32891105]]",[-0.08380343 -0.11002406  0.23419799 -0.08100615],4,0.04862648861472191,0.1573820843374151,0.19056207728707414,0.024868217920706193,0.04387320098709835,31.489990489004413,0.03445001644358414
102,"[[-0.00651289 -0.51734773  0.22230201 -0.26171464 -0.44412019  0.0180865
  -0.22126381 -0.0833016   0.26621573  0.37425361 -0.36603253  0.08920356
  -0.08975415]
 [ 0.10021359  0.32969288  0.24477451  0.44474577  0.32048189  0.25766047
   0.44593224  0.34288097  0.25130492  0.07109294 -0.02568579  0.25859271
  -0.04782972]
 [-0.14202635 -0.48351573  0.06320878 -0.35114092  0.0325286  -0.30227325
   0.62233088 -0.00392802 -0.07580183 -0.21714123 -0.20894321 -0.20344071
  -0.0326459 ]
 [ 0.2075474  -0.48069841  0.33888832 -0.47354719  0.02327866 -0.05598521
   0.11865024  0.43065411  0.30955949 -0.11422568  0.00554452  0.25048762
  -0.10906153]]","['bbo_main', 'random_fill', 'random_fill', 'random_fill']","[[0.11727166 0.17754096 0.29363035 0.20683863 0.31164208 0.41771657
  0.12367987 0.1962923  0.29443985 0.06680771 0.10181902 0.13400342
  0.17036289]
 [0.11784905 0.17871659 0.29358635 0.22108359 0.33687084 0.47510022
  0.12399073 0.19522314 0.2762304  0.0611418  0.09282684 0.37511637
  1.        ]
 [0.1107831  0.16571177 0.30431803 0.20890313 0.3146266  0.40947115
  0.13529205 0.20967988 0.27569757 0.06100109 0.09162868 0.12095808
  0.49159349]
 [0.11792403 0.17778338 0.33230449 0.20700776 0.3117422  0.41758807
  0.12497674 0.19876274 0.2803948  0.06618521 0.10125581 0.13469605
  0.24082796]]",[-0.19325984  0.71407854 -0.27408798  0.12518036],4,0.04818937454992439,0.15114104840132148,0.18382190483541164,0.024975370880026476,0.046434176225140344,31.502567349001765,0.03467575068197093
103,"[[-0.21984188  0.33336188  0.05662561 -0.36608997 -0.10652048  0.05047541
   0.43243379 -0.57030311  0.03365449  0.0684659  -0.16761404 -0.35212589
   0.13879759]
 [-0.35394037  0.05916107 -0.35579129 -0.28064685 -0.42617694  0.06537442
  -0.25547992  0.3813124  -0.12103832  0.14816311 -0.43599951  0.04353494
   0.20177441]
 [-0.34160121  0.26098599  0.19078146 -0.13805204 -0.58734844  0.17450771
  -0.21059736 -0.42602862  0.17624914  0.24425094  0.01229666  0.21174029
   0.15082704]
 [-0.02437905 -0.2003905  -0.64809966 -0.53785254  0.17608433 -0.02972496
  -0.28668056 -0.03484708  0.04709658  0.17336818  0.31379288 -0.06173147
  -0.00949173]]","['bbo_main', 'random_fill', 'random_fill', 'random_fill']","[[0.12361215 0.20085833 0.39151277 0.20641549 0.31249295 0.43702053
  0.1182041  0.17680229 0.24381976 0.05994033 0.08777883 0.11132973
  1.00000048]
 [0.11017673 0.16438754 0.21605663 0.20247975 0.30436793 0.61988297
  0.13087407 0.20972361 0.27413468 0.06460272 0.09684875 0.14749574
  1.00000272]
 [0.12136244 0.1841005  0.28674501 0.20354188 0.30472361 0.42352177
  0.12192497 0.19045879 0.26647326 0.06769969 0.10436303 0.40016173
  1.        ]
 [0.10357409 0.14970847 0.19284861 0.21713101 0.33956633 0.45313054
  0.121585   0.18832965 0.32375354 0.07884924 0.1191125  0.15354357
  1.00000056]]",[ 0.02263494 -0.0632615   0.12164938 -0.22206647],4,0.051960064568733894,0.14874299871055266,0.18122718191018306,0.02497586116187653,0.050070488304917976,31.937926675993367,0.034105301184986336
104,"[[ 0.26888673 -0.31148187 -0.18504266 -0.14677229  0.05360422  0.04985698
  -0.45286416 -0.09236512  0.02752441  0.5337414   0.28205201 -0.43670584
  -0.00410924]
 [ 0.0294005  -0.08875217 -0.35884728  0.5281259  -0.41679175  0.01168429
  -0.14855233 -0.38819174  0.04719708  0.06082272 -0.46133463 -0.13313516
  -0.02182306]
 [-0.46830992  0.07459159  0.32074999 -0.33869373 -0.00656649 -0.12892494
   0.19295407  0.32916351 -0.36244638  0.1499791  -0.44209784  0.19069856
  -0.09800881]
 [ 0.03452208 -0.09863037  0.08880099  0.38264692  0.46120828  0.13346241
  -0.40146081 -0.60917115  0.19204162  0.11628699  0.14195013  0.01741006
   0.03368718]]","['bbo_main', 'random_fill', 'random_fill', 'random_fill']","[[0.10830272 0.15713446 0.20483577 0.22251378 0.34852134 0.58575599
  0.11264864 0.17247992 0.25037851 0.07708969 0.1116424  0.13600827
  1.00000008]
 [0.10864302 0.16314085 0.21495349 0.22869117 0.34640294 0.46653324
  0.11463415 0.17760974 0.30054077 0.05959756 0.08979837 0.11837946
  0.42012203]
 [0.11956971 0.18142321 0.39131676 0.20869007 0.31443467 0.42080873
  0.12362344 0.19252088 0.24875272 0.06446358 0.09800058 0.13190835
  0.38045231]
 [0.11379588 0.17290835 0.23232784 0.22840548 0.3551534  0.48002062
  0.11277804 0.17077041 0.49339698 0.06442582 0.09879283 0.13002261
  1.00000001]]",[-0.09342342 -0.24109165 -0.09267331  0.32568325],4,0.04669592018891409,0.16603749146168495,0.1998806501188369,0.024713627166738632,0.04241325036002855,31.731555210004444,0.03406401995011321
105,"[[ 0.70034098 -0.21554756 -0.3748636  -0.35516137  0.05372391 -0.02354552
   0.23258819 -0.04021835 -0.03972725  0.00529519 -0.36242721 -0.06477713
  -0.00938955]
 [-0.55351308  0.4011732   0.09200353 -0.24817031 -0.05216304  0.03572106
   0.16181572 -0.44547317 -0.12816074  0.03929236  0.17892077 -0.42880969
  -0.01196137]
 [-0.38499803 -0.08370661 -0.00664075 -0.37879795  0.27479441  0.03214349
   0.44853023  0.26131375 -0.15842595  0.40386428  0.3674056  -0.01848344
   0.17802997]
 [-0.37649097 -0.19893034  0.0196645  -0.34638866 -0.30697569  0.20439638
  -0.23987333 -0.40651719  0.16527723  0.31600573  0.43879774  0.1312383
   0.05058601]]","['bbo_main', 'random_fill', 'random_fill', 'random_fill']","[[0.11642332 0.16389228 0.20740829 0.20733765 0.32197493 0.46028742
  0.14253803 0.21368883 0.28062847 0.05809802 0.08775275 0.11944984
  1.00000027]
 [0.12049547 0.18978963 0.51620758 0.21659177 0.33044908 0.44425275
  0.11506103 0.17321756 0.22819563 0.06196733 0.09272143 0.11838698
  1.00000005]
 [0.10362794 0.15621262 0.21365607 0.21786699 0.34145009 0.47618467
  0.14013865 0.2060982  0.26035807 0.07900048 0.11745579 0.1508509
  1.00000075]
 [0.11082609 0.16636785 0.22463915 0.21261427 0.32261304 0.74245275
  0.12155806 0.18930925 0.26770543 0.06853231 0.10743158 0.14308296
  1.00000001]]",[-0.13393231 -0.12967712  0.29798232 -0.01503917],4,0.04889086373938714,0.1679630347404055,0.20194932448143452,0.024564383688168764,0.04814175696604946,31.861852091999026,0.03355578006350787
106,"[[ 0.6412253  -0.44578828  0.01108242 -0.27579863  0.07492546 -0.00455027
  -0.01027389 -0.08756982 -0.06932732 -0.38677009  0.36197083 -0.12251479
  -0.008748  ]
 [-0.04165348  0.13605087 -0.51325671  0.47376009  0.44682967  0.01216879
  -0.3464599  -0.12902271 -0.31384504  0.19623778 -0.02944405  0.09883406
   0.0880047 ]
 [ 0.11104637 -0.12580489 -0.09896229  0.70986867 -0.32500304 -0.30549136
  -0.30111908 -0.00514995 -0.12981296 -0.33587234  0.1962497   0.00600876
  -0.01648981]
 [-0.14216878 -0.10002159  0.01651629  0.01697145  0.33713178  0.02432065
   0.59233605  0.19805321  0.04569263  0.52095456 -0.36866948 -0.22007622
   0.08398991]]","['bbo_main', 'random_fill', 'random_fill', 'random_fill']","[[0.12967138 0.17766014 0.28949139 0.21111996 0.33149682 0.44674739
  0.11579616 0.17402455 0.22859055 0.06620055 0.10974323 0.14061741
  0.96693641]
 [0.10535669 0.15752737 0.20705501 0.24900608 0.37787493 0.49860172
  0.11149201 0.16895867 0.22310721 0.06474061 0.09997269 0.19479917
  1.00000002]
 [0.11933029 0.18133789 0.23921196 0.2153175  0.31341905 0.39914814
  0.11724952 0.18058214 0.23706628 0.06533503 0.10842608 0.19018864
  0.63128132]
 [0.10479048 0.1585125  0.21665142 0.22547598 0.34657341 0.45910121
  0.1517904  0.22439637 0.31245645 0.05905137 0.08654808 0.11188255
  1.00000011]]",[-0.0721074   0.19022348 -0.18112916  0.31151186],4,0.04762311362643189,0.1751904223742865,0.2097002526322405,0.024461328741697777,0.04325222669550108,32.146131919987965,0.03388468807353184
107,"[[-0.16170563  0.37315302  0.01582617 -0.00445772 -0.27827369  0.07426665
   0.23136966  0.35584886  0.07846655  0.40165057  0.60091291 -0.08759183
   0.18702091]
 [-0.21445009 -0.12590149 -0.5227552   0.42561306  0.21949539  0.02487458
   0.24712856  0.53411387  0.14013518  0.02396778 -0.22227155  0.12982211
  -0.04607191]
 [ 0.41896565 -0.04759724 -0.04134369  0.23143626  0.23461301  0.10382961
   0.66032849 -0.01296496  0.11067099  0.40807093  0.27658146 -0.09787512
  -0.00760275]
 [ 0.45895918  0.47426819  0.21248812  0.22443919  0.24215507  0.25262801
  -0.17340626 -0.35938885  0.21146858  0.14300116  0.13771503 -0.31718405
  -0.04972424]]","['bbo_main', 'random_fill', 'random_fill', 'random_fill']","[[0.11935494 0.18134185 0.2410717  0.19955134 0.29890704 0.48498194
  0.1304671  0.20725807 0.37038356 0.0774487  0.11428191 0.14290352
  1.00000001]
 [0.10442208 0.15515884 0.20486956 0.22608999 0.34313361 0.45242171
  0.12905602 0.20674074 0.31197332 0.06054981 0.09241906 0.16616105
  0.4735828 ]
 [0.11604523 0.17397297 0.23168907 0.22006772 0.34200662 0.49421098
  0.12590991 0.19253377 0.52989677 0.06552081 0.09992607 0.12825849
  1.00000003]
 [0.12072387 0.18247555 0.25340993 0.22165307 0.34108046 0.75542366
  0.11803411 0.18147688 0.26022898 0.06048463 0.09109927 0.11911963
  1.0000001 ]]",[0.41141953 0.20046881 0.38675271 0.4220091 ],4,0.04859046058693106,0.16363163093613028,0.19729373853032883,0.0243620928105572,0.04196504060458245,31.638664126992808,0.03336363194569997
108,"[[ 0.32245006  0.29657648  0.01661726 -0.28155124 -0.44318774  0.04153029
   0.15226707 -0.54116089  0.04033821 -0.37194588 -0.25659858  0.08692611
  -0.03115637]
 [-0.07830002 -0.40884084  0.02883834  0.11502535  0.59174519 -0.48952762
   0.29844808  0.24493558 -0.08649053  0.08973501 -0.2349408   0.05491975
  -0.00671516]
 [-0.29984388  0.13828507 -0.00599403  0.08987277 -0.51598881 -0.0829773
  -0.42218211 -0.38256343  0.00466096  0.38525946 -0.07208303 -0.34668417
   0.10631646]
 [ 0.16419655  0.37167673  0.08844458 -0.4852395   0.46743342 -0.31514297
   0.21844683 -0.0775452  -0.0348515  -0.27987393 -0.36126341 -0.0982067
  -0.01936174]]","['bbo_main', 'random_fill', 'random_fill', 'random_fill']","[[0.13504278 0.20022805 0.26161137 0.20143241 0.30133727 0.41228935
  0.11853366 0.1807776  0.25316936 0.06258917 0.09507214 0.19664119
  0.69978389]
 [0.10284085 0.15590106 0.22263969 0.22719613 0.34354825 0.42867939
  0.1432834  0.21769476 0.27764047 0.05934737 0.09049761 0.19625969
  1.00000001]
 [0.12327303 0.20011995 0.27339288 0.20271604 0.30133028 0.39709392
  0.1136192  0.17262835 0.27651399 0.06865347 0.10101017 0.12494204
  1.00000074]
 [0.125682   0.19145563 0.51051811 0.21019762 0.31861216 0.41034113
  0.12397644 0.19044124 0.25162618 0.05751965 0.08742218 0.11656298
  1.0000001 ]]",[-0.18781851  0.01440325 -0.21169305 -0.02037841],4,0.052490836027907356,0.1751904223742865,0.2097002526322405,0.0245726377347087,0.04644389253322058,31.668250143004116,0.033849044358733565
109,"[[-0.43560109  0.20791914  0.06444615  0.43864859 -0.21300911  0.09108564
  -0.40025662  0.41836416 -0.22742442  0.2141228  -0.28123522  0.06549467
  -0.02447004]
 [ 0.34784183  0.27557435 -0.46097978  0.2125822   0.13670787 -0.21755611
   0.06066686  0.45024334 -0.21798843  0.47318435 -0.00791044  0.01929019
   0.0330906 ]
 [-0.34161102 -0.05330521  0.03155785 -0.49297361  0.12083463 -0.16742374
  -0.26602424 -0.3988206   0.06065591  0.27397536  0.4325947  -0.31149036
  -0.03281829]
 [-0.23284457 -0.08142645 -0.24782078 -0.21123701 -0.24635254  0.23220215
   0.20523364  0.44502789  0.40864833 -0.40341157 -0.28623276  0.22469225
  -0.12723479]]","['bbo_main', 'random_fill', 'random_fill', 'random_fill']","[[0.11347334 0.17566443 0.24610264 0.22499585 0.34047141 0.75289408
  0.12065109 0.18983793 0.24620446 0.06069344 0.09118013 0.13892022
  1.00000002]
 [0.1136906  0.16153054 0.2057938  0.21328311 0.324964   0.42151526
  0.13376268 0.20778452 0.26611087 0.07839209 0.11416534 0.21631632
  1.00000012]
 [0.11737032 0.17860192 0.24573806 0.21082962 0.32155096 0.41908607
  0.11558075 0.17623494 0.29495164 0.069687   0.10634584 0.13466174
  0.30433256]
 [0.11053215 0.16535268 0.22322466 0.21784016 0.33201206 0.44965986
  0.12507336 0.19899027 0.34837496 0.06189644 0.09385004 0.12781256
  0.21894459]]",[ 0.04482206  0.10436902 -0.24708354  0.08770022],4,0.0503813705638008,0.1689260880328445,0.20298337999351063,0.024405544377908855,0.045535503492206725,31.454842948005535,0.03312367683420955
110,"[[ 0.29321038  0.03801496  0.04868651  0.36486745 -0.25419666 -0.02158389
   0.2252026   0.6984584  -0.25161436  0.30393881 -0.11779641  0.0586566
  -0.02089426]
 [ 0.16459271  0.44032727 -0.05284651  0.64944947  0.01841263 -0.27182453
   0.24023731  0.16376023 -0.24412914  0.1942809   0.29969664 -0.09083283
  -0.01649246]
 [-0.52143761  0.0111691  -0.0362772  -0.47442984 -0.09121502  0.07937558
  -0.16141774  0.11616227  0.10145447  0.29036578  0.5912733   0.0556062
   0.01033853]
 [ 0.31474211  0.3848891  -0.32375335 -0.01062671 -0.24932115  0.22232126
  -0.35976517  0.2011307   0.19334529  0.4806912  -0.23328586  0.20827704
   0.01217642]]","['bbo_main', 'random_fill', 'random_fill', 'random_fill']","[[0.12099167 0.18302521 0.27456203 0.20272301 0.30240768 0.40874876
  0.14713882 0.22100269 0.2784449  0.06660463 0.10164075 0.18356669
  0.83332922]
 [0.13458523 0.20258941 0.29847616 0.21847052 0.32277328 0.41126917
  0.12139797 0.18642033 0.2426574  0.06843986 0.10500554 0.13891631
  0.87818341]
 [0.10891797 0.16323058 0.22135629 0.20377582 0.30703315 0.43101538
  0.1242479  0.19219303 0.38981153 0.08086596 0.12825172 0.17041197
  1.00000006]
 [0.11877877 0.17902857 0.23164813 0.21136436 0.3206975  0.74266442
  0.12222025 0.19449824 0.27323847 0.06691456 0.10191299 0.15348182
  1.00000002]]",[0.1631377  0.1497372  0.00747267 0.21471317],4,0.04897197910368681,0.17422617896788423,0.20866738729960368,0.024224745370859332,0.043826162938343405,31.730894363994594,0.03321279891387968
111,"[[-0.23229877 -0.2093999   0.14860869 -0.11802091  0.17204025  0.03082433
   0.7560556   0.27661148  0.15212588 -0.00215955  0.03881837 -0.40034324
  -0.05064583]
 [-0.44695322 -0.22174241 -0.46160408 -0.15878895 -0.47926628 -0.14722407
  -0.30362151  0.19291402  0.05378231  0.10544799 -0.34206173  0.02894222
  -0.01192633]
 [-0.05882181  0.32663298 -0.13954128 -0.59937791  0.33835011 -0.1092456
   0.08183858  0.23678838 -0.3385067   0.15801678 -0.23140988 -0.35872253
  -0.01245318]
 [-0.01992462  0.15049634  0.0196109   0.60587717  0.26927179 -0.49076253
  -0.1313093   0.20672851 -0.05077819  0.45218036  0.14063811 -0.02588383
   0.09302477]]","['bbo_main', 'random_fill', 'random_fill', 'random_fill']","[[0.10934987 0.16376833 0.31225537 0.21994095 0.33551695 0.44313934
  0.12986258 0.20475704 0.29546567 0.05985651 0.09002229 0.11769237
  0.3565945 ]
 [0.10665469 0.15595338 0.20231792 0.20386707 0.30622504 0.40509147
  0.13084831 0.21539014 0.37835399 0.06745483 0.10296006 0.15054342
  1.00000053]
 [0.12237105 0.18389905 0.24388611 0.21290961 0.33724174 0.46836319
  0.12390601 0.18849676 0.24352754 0.05759288 0.08497684 0.11102281
  0.38681399]
 [0.11664189 0.17887403 0.31873923 0.22745866 0.33356281 0.41219778
  0.11951231 0.19010277 0.25451862 0.07805256 0.1143831  0.1470966
  1.00000187]]",[ 0.17009055 -0.42791914 -0.12870578  0.20746702],4,0.050471127632460616,0.19402770769703073,0.2298065859944907,0.024082789846284782,0.04722934192778788,31.844708650998655,0.03322468391552301
112,"[[-0.25626668 -0.0816712  -0.18755418  0.37753229 -0.45573383 -0.03884819
   0.12347096  0.09746892 -0.17369815 -0.62758313  0.29566059 -0.0486806
   0.04675056]
 [-0.00385141  0.19669578 -0.0887932  -0.42039055  0.56310653  0.01281586
   0.26166973 -0.22592089 -0.49930957 -0.25199805  0.14228951  0.07847605
  -0.02647875]
 [-0.21744287 -0.28667807  0.02400457  0.25142074  0.43371522  0.42778501
  -0.21888919 -0.2190079  -0.20134581 -0.22247193 -0.29802353  0.38783056
  -0.10244691]
 [ 0.20724411 -0.58878857  0.03863425 -0.49721651  0.08272567 -0.07474366
   0.03274565 -0.43923642 -0.01991163  0.28819303  0.12092454 -0.23903096
  -0.00444304]]","['bbo_main', 'random_fill', 'random_fill', 'random_fill']","[[0.10561218 0.16019324 0.2124739  0.21151536 0.31156046 0.42932806
  0.1271419  0.19454026 0.24988162 0.06278957 0.12285692 0.17582796
  1.00000162]
 [0.1188306  0.17893684 0.23427205 0.22482815 0.35230937 0.47228511
  0.11267324 0.1641447  0.21171781 0.06388888 0.10038157 0.19875942
  0.58609446]
 [0.10944722 0.1644957  0.22250662 0.22444468 0.34773036 0.76337956
  0.12008382 0.18516675 0.24451577 0.06312831 0.0965142  0.14821228
  1.00000002]
 [0.11145427 0.16457632 0.39987801 0.20732883 0.32283741 0.42601174
  0.11567422 0.1735712  0.23444212 0.07572078 0.11192091 0.13830607
  1.00000024]]",[-0.13244631  0.00881042  0.26434999 -0.24584085],4,0.04495005481144522,0.19693133632833562,0.23289428305577917,0.02401013036631604,0.04154737904042571,31.61128093401203,0.03304027013268796
113,"[[-0.19683959 -0.14501774  0.13406265 -0.48920118  0.09728358  0.13267482
  -0.11877208  0.28831305  0.017738   -0.06418659  0.73310824  0.12674426
   0.02625189]
 [-0.32353761 -0.30344545  0.37698952 -0.2714005   0.11495265  0.28872462
  -0.29516118  0.03992644  0.17072729 -0.15013154  0.44074026  0.39180529
   0.05219229]
 [-0.39419359  0.48635635 -0.06412969  0.29702046  0.02902046 -0.12099406
   0.65316138 -0.12612403 -0.04878828  0.02214411  0.03196268 -0.04175177
   0.22823421]
 [-0.18998629 -0.09320206  0.24516342 -0.46641589 -0.30850811  0.35214148
   0.51853416 -0.03013574 -0.18065473 -0.18592501  0.19093612  0.27664465
  -0.09170543]]","['bbo_main', 'random_fill', 'random_fill', 'random_fill']","[[0.11035979 0.1647271  0.47808332 0.21414748 0.32729283 0.46494232
  0.12327177 0.18998302 0.24965427 0.06844675 0.11546376 0.16591252
  1.00000001]
 [0.1133765  0.17194242 0.31099771 0.21758595 0.3318564  0.45353753
  0.12196776 0.19198773 0.25499487 0.06689468 0.10283146 0.39916485
  1.0000001 ]
 [0.11444366 0.1918568  0.2609439  0.21948604 0.33077155 0.42688077
  0.14493548 0.21122594 0.280643   0.05958386 0.09085802 0.13201136
  1.00000272]
 [0.11650249 0.17729451 0.2425019  0.21143973 0.32198159 0.75716789
  0.12341413 0.19061023 0.25016956 0.06682309 0.10309056 0.15088661
  1.00000012]]",[0.17934287 0.39749444 0.33588464 0.05982405],4,0.05141769789228198,0.1954793427306007,0.231350613814979,0.0238969025126847,0.04393645464851759,32.02862429099332,0.03280545573057603
114,"[[-0.55604477  0.1639321   0.0086804   0.19295745 -0.05029681 -0.18048663
   0.60556237 -0.02855016 -0.43335583 -0.00566039 -0.18978906 -0.00639157
  -0.01078942]
 [ 0.01757597  0.32280207  0.30832551 -0.53063653 -0.45320736  0.31031391
   0.11095643 -0.04520926  0.24497215  0.30941295 -0.03919469  0.18951013
  -0.09800646]
 [-0.40164732  0.06197863 -0.03288271 -0.01374647 -0.58127139  0.22487408
  -0.01849022 -0.44922236 -0.1073309  -0.41298656  0.08494639  0.22044313
  -0.07135514]
 [-0.25172295  0.11689307 -0.51430592  0.49324479  0.36143085 -0.13873185
  -0.34680377  0.19645256  0.0995962  -0.25833181 -0.0059079  -0.17172355
   0.01570702]]","['bbo_main', 'random_fill', 'random_fill', 'random_fill']","[[0.11332813 0.18408899 0.30689974 0.21905478 0.32808664 0.42134317
  0.12484041 0.18368575 0.2303238  0.06030823 0.09175291 0.12700687
  0.75163475]
 [0.12104288 0.18341235 0.31997695 0.20595406 0.31028883 0.44804777
  0.12342105 0.19385304 0.26890818 0.06699059 0.10202956 0.13320429
  0.24978063]
 [0.11676385 0.17797329 0.23667695 0.20928139 0.31518404 0.49601513
  0.12079741 0.18624189 0.24580662 0.06696052 0.10516894 0.18477618
  0.29732763]
 [0.10426133 0.1550382  0.20298048 0.23619667 0.35459043 0.45401815
  0.12157732 0.19772413 0.43922731 0.05901796 0.09015504 0.119075
  1.00000008]]",[-0.13658798  0.13741153 -0.22967685  0.08906529],4,0.04869287045636761,0.1891915500236833,0.22465720070441245,0.023825862593661682,0.04658124740409922,31.699989919012296,0.03259229070450627
115,"[[-0.33755468 -0.14734864  0.09111734  0.3003516  -0.37904556 -0.26967178
  -0.45581301 -0.279903   -0.00819915 -0.0196344   0.33342275  0.06346672
   0.38427943]
 [-0.36872798 -0.49850582 -0.08989627 -0.3520764   0.07524958 -0.50395408
  -0.1180648   0.17734742 -0.06644392 -0.34330011 -0.23488686 -0.01083547
   0.03016398]
 [-0.2785865  -0.26541201 -0.00410155 -0.01226876  0.12926418 -0.54805255
  -0.35072388 -0.16632887 -0.06174659 -0.28766722 -0.52992445  0.01939499
   0.12757025]
 [ 0.57450273  0.45489528  0.02242451  0.2757764   0.11363009 -0.02319075
  -0.2429386   0.03271195 -0.03046885  0.40124451  0.37417198  0.08077244
   0.0668447 ]]","['bbo_main', 'random_fill', 'random_fill', 'random_fill']","[[0.11737612 0.17966219 0.42931384 0.20558379 0.30584214 0.39805278
  0.11448755 0.17357136 0.23422964 0.07243173 0.11826356 0.16491815
  1.00000007]
 [0.10735421 0.16192628 0.2212691  0.20434636 0.30355688 0.3885194
  0.13481568 0.2189015  0.29183668 0.06283002 0.09488174 0.17464106
  1.00000018]
 [0.11345797 0.17158055 0.24259733 0.21624004 0.31577381 0.39406661
  0.12246496 0.19148601 0.2543046  0.05878551 0.08978014 0.1948416
  1.00000604]
 [0.1380918  0.20196051 0.26381058 0.21779262 0.33122341 0.43729382
  0.11316872 0.17254748 0.23344717 0.07506345 0.11388046 0.21447392
  1.00000009]]",[ 0.14156715 -0.3971664  -0.27958725  0.39261507],4,0.04583305731320686,0.20468124716055824,0.24112124044686828,0.023863641142483436,0.04294046164691673,31.79223053000169,0.032698931835611705
116,"[[-0.17007872  0.26324839 -0.33528571 -0.43387876  0.41508457 -0.11218735
   0.1956481   0.56263258 -0.15582959  0.18083936 -0.06497311  0.0018559
  -0.01344425]
 [-0.31607502 -0.07246746 -0.09228385 -0.15316629  0.40039985 -0.00195142
  -0.23586541  0.52609785  0.02636127  0.49121474  0.06234105  0.04165
   0.35003653]
 [ 0.18457287  0.41717866 -0.32341945 -0.23501521  0.12494494 -0.29789721
   0.41130447  0.12362118 -0.25936468 -0.33710432 -0.08353341 -0.39273068
   0.03362163]
 [-0.37451272 -0.00877692  0.15893765 -0.49292432 -0.30944371  0.08909255
  -0.47598139 -0.23886532 -0.25952485  0.19687176 -0.24890957  0.18222439
  -0.05335238]]","['bbo_main', 'random_fill', 'random_fill', 'random_fill']","[[0.10740102 0.15818471 0.20718867 0.21332855 0.32800768 0.42769911
  0.15153301 0.23003459 0.29221066 0.0637015  0.09561089 0.16510275
  0.99999995]
 [0.1008994  0.1524182  0.20415727 0.22365291 0.3421544  0.45181358
  0.12554882 0.2121039  0.28898629 0.07676213 0.11241195 0.20691032
  1.00000038]
 [0.13202549 0.19637507 0.25442815 0.20309221 0.30459752 0.40928575
  0.13907065 0.20751495 0.2855253  0.05586944 0.08344903 0.10988714
  1.00000087]
 [0.12083881 0.18325706 0.32173029 0.20905446 0.31618211 0.43174251
  0.11489281 0.17529577 0.23042769 0.06786714 0.10406166 0.35969315
  1.00000073]]",[ 0.05522441  0.53304513 -0.13413269 -0.31486161],4,0.045368157732565695,0.20371196839610445,0.2400934107054271,0.023687734133249812,0.04348179233528027,32.0477696559974,0.033191343180432875
117,"[[ 0.387144    0.39382872 -0.43607913  0.38881639 -0.32711483 -0.04936937
  -0.26038456  0.06244504  0.03705709 -0.24496264 -0.33292917  0.00300125
   0.01742276]
 [ 0.43901385 -0.01561103 -0.10738058 -0.37632973  0.12970902 -0.23689142
   0.16390925  0.37395813  0.07142658 -0.36823758  0.02151108 -0.52237656
   0.01322549]
 [ 0.09220215 -0.29183382 -0.05955249  0.41068484 -0.1204228  -0.36923653
  -0.11633901 -0.05485917 -0.20082929  0.44073109 -0.51738676 -0.25330709
   0.01765913]
 [ 0.52393889 -0.07795206  0.29498241  0.38935384  0.09701074 -0.07284386
   0.16584571 -0.06737061  0.29616518  0.53915679  0.02553256 -0.21407944
  -0.09567551]]","['bbo_main', 'random_fill', 'random_fill', 'random_fill']","[[0.13717853 0.19762385 0.24448195 0.20886072 0.30992994 0.40804568
  0.12157288 0.19584773 0.34901785 0.05636548 0.08715042 0.12009215
  1.00000004]
 [0.12126959 0.18207205 0.2381685  0.2034223  0.30581156 0.40126631
  0.14346118 0.2234057  0.36901575 0.05681607 0.08488463 0.108036
  1.00000009]
 [0.11540171 0.17306065 0.27877864 0.22244662 0.32357969 0.41132561
  0.11861868 0.18311022 0.24003517 0.0599684  0.08754656 0.11481682
  1.00000242]
 [0.11876748 0.17959357 0.33670732 0.21772717 0.33185737 0.43911839
  0.12347665 0.19418235 0.28410284 0.06209766 0.09372449 0.12222842
  0.23762848]]",[-0.04752641 -0.03601117 -0.25829557  0.31103835],4,0.04615167400224819,0.21050008692945962,0.24728505158955427,0.0236789181754215,0.04057692971459571,31.9017042619962,0.03224736633948766
118,"[[-0.43094068 -0.14298692 -0.51506651 -0.39439258  0.34422425  0.12993756
   0.27671544 -0.09948009  0.05314648  0.11378584 -0.36450171  0.0183318
  -0.04684775]
 [ 0.37782042  0.01469705  0.01406805 -0.56097034  0.15379817  0.06978004
  -0.24417546  0.31719252 -0.4464653   0.11436569 -0.36922902  0.06756275
   0.00941484]
 [ 0.38448201  0.62148827 -0.08338345  0.36713693 -0.16498888  0.06184563
   0.28336047  0.1585988  -0.23398916 -0.31391314 -0.11536224  0.04628788
   0.13764902]
 [-0.39865107  0.71930544  0.02546573  0.16885924 -0.12093324  0.09452112
  -0.22402656  0.05163569  0.07683431 -0.29640863  0.35089512  0.02090827
  -0.02785141]]","['bbo_main', 'random_fill', 'random_fill', 'random_fill']","[[0.10584446 0.15866089 0.21035214 0.22411215 0.35068729 0.54366529
  0.12469792 0.19081444 0.25969576 0.06101767 0.09261871 0.12412452
  0.34433403]
 [0.12294371 0.18421791 0.24338713 0.21415985 0.33746322 0.67904152
  0.11590957 0.17455859 0.22713619 0.06156688 0.09198641 0.17338067
  1.00000004]
 [0.14116074 0.2100496  0.26450129 0.21673041 0.32774246 0.51802512
  0.12319425 0.18941252 0.24363012 0.05683347 0.08757084 0.12961874
  1.00000128]
 [0.12045246 0.18927006 0.25409451 0.21505025 0.32494953 0.71754253
  0.12098592 0.18751025 0.26615387 0.06470066 0.10135368 0.1328303
  1.        ]]",[-0.08502208 -0.04840649  0.34394356  0.15377457],4,0.04618400391064369,0.20419658873066146,0.2406073446245766,0.023672865902705786,0.03846223040425987,31.97619135500281,0.032757230999017284
119,"[[ 0.29934395 -0.53567644  0.05028247  0.18443101  0.08860869  0.05300555
   0.55274219  0.23820893 -0.36358179 -0.19032323  0.20761212  0.04680472
  -0.01625394]
 [ 0.30264786  0.29522867  0.15816563  0.05298534  0.16663874 -0.18992948
   0.20450121  0.36375746  0.04585065  0.27715466  0.67770723  0.13093367
  -0.00953284]
 [ 0.02423706  0.06799123 -0.07569786 -0.03688886 -0.04718286 -0.52421652
  -0.23846064 -0.29550128 -0.2498879   0.2204762   0.59550389 -0.3166655
   0.02301088]
 [ 0.44389308 -0.41587762  0.0169567   0.29858248  0.27162103 -0.09782121
  -0.42841643 -0.21452409  0.08913815  0.17030986  0.20948342  0.07759703
   0.37523573]]","['bbo_main', 'random_fill', 'random_fill', 'random_fill']","[[0.10490318 0.15287882 0.30225452 0.22675426 0.34912389 0.52626225
  0.13315182 0.19809634 0.24906857 0.06334109 0.10331019 0.15350908
  0.99232823]
 [0.12096287 0.18282299 0.54041355 0.20606953 0.30990883 0.40509094
  0.12449277 0.19421773 0.25785214 0.06909609 0.10755121 0.15608706
  1.00000004]
 [0.12314966 0.18705226 0.28409008 0.20120425 0.2970297  0.38719214
  0.11517309 0.17406158 0.23006555 0.08076335 0.1232352  0.15596829
  1.00000044]
 [0.11091833 0.16408264 0.2246705  0.22723791 0.34849178 0.44566321
  0.11216699 0.17116297 0.46849469 0.06760718 0.1053844  0.15660684
  1.00000198]]",[ 0.09603642  0.37255386 -0.30178744  0.48168603],4,0.049263903999829176,0.215838701142428,0.2529305338694058,0.023580015894880176,0.040167481107098724,31.832634733989835,0.03238385632600704
120,"[[-0.01773149  0.29673424  0.15911938 -0.2132394   0.12362444 -0.02863034
   0.40066501  0.46801693  0.13761685  0.47757659 -0.42500657  0.12866969
  -0.03106612]
 [ 0.09874524  0.38329185  0.14911778  0.20362532  0.17750707 -0.06803953
  -0.23787252 -0.36885788  0.14087493  0.61948942 -0.3674671   0.10159942
   0.04350113]
 [-0.09864544  0.14101811  0.08983326  0.29895373 -0.44323981 -0.55995937
  -0.39774401  0.21705865  0.08078747  0.33201341  0.10191291 -0.17139299
  -0.03297774]
 [-0.43571324  0.23141539 -0.08373282 -0.55659521 -0.19851058  0.17293758
   0.45606655  0.24399873  0.17140677 -0.16671068  0.09229971 -0.17380838
   0.08392984]]","['bbo_main', 'random_fill', 'random_fill', 'random_fill']","[[0.12036948 0.18207582 0.53985329 0.20771412 0.31331635 0.41928319
  0.12840209 0.20404252 0.28420052 0.06265443 0.09382311 0.12925698
  1.00000004]
 [0.12143497 0.18416858 0.54600161 0.22011613 0.33643352 0.44045809
  0.11413758 0.17460314 0.25942919 0.064923   0.09828494 0.13146927
  1.00000007]
 [0.12209194 0.18520838 0.37416649 0.20040075 0.29323257 0.37553085
  0.12480201 0.20077702 0.28408236 0.06842125 0.10380643 0.13326653
  0.8418528 ]
 [0.11570013 0.17576405 0.2338571  0.20674416 0.31179253 0.70451654
  0.12860468 0.20359275 0.29882742 0.06361795 0.09582451 0.12386053
  1.00000047]]",[ 0.28189598  0.24452607 -0.23307323  0.13574175],4,0.048469920291522084,0.21292618228729782,0.24985172738490677,0.0234335477110216,0.04251463403824238,31.567381239990937,0.03197988508254823
121,"[[-0.63137611 -0.01526542  0.02741375 -0.29199701 -0.46099241 -0.06685374
  -0.17199615 -0.15343097 -0.07565885 -0.10744185 -0.32428986 -0.34968588
  -0.01726583]
 [ 0.38666935  0.34053254 -0.06992664 -0.58763905 -0.08529855  0.1061192
  -0.3738558   0.23083526  0.09646097  0.18343388  0.35830923  0.00352817
  -0.03706953]
 [-0.07587308  0.72659962 -0.30507441  0.06739528  0.31467961  0.01208637
   0.08111947  0.3211482  -0.03469575  0.36043727  0.14970038 -0.03454487
   0.07124256]
 [ 0.07815314 -0.01125576  0.53937636  0.04480318 -0.26953115 -0.27209721
  -0.168005   -0.1195952   0.02078015 -0.37745486  0.28190479  0.51265185
  -0.16258037]]","['bbo_main', 'random_fill', 'random_fill', 'random_fill']","[[0.11856598 0.18252405 0.32997072 0.20317561 0.30465652 0.41199425
  0.12475869 0.19397192 0.25574726 0.0608267  0.08992855 0.1155248
  0.49977657]
 [0.12236691 0.18417937 0.24254093 0.19997751 0.30068179 0.49806632
  0.12314782 0.19590893 0.27636574 0.06822745 0.10370588 0.13491945
  0.34634963]
 [0.11914348 0.18255816 0.23176083 0.22996254 0.35622723 0.4989329
  0.12470318 0.19294601 0.25554027 0.0751594  0.10942059 0.14084298
  1.00000006]
 [0.1198871  0.18148855 0.56211791 0.20720283 0.31160179 0.41056136
  0.12228074 0.19113222 0.25341623 0.06660871 0.1028016  0.15703406
  1.00000006]]",[-0.45120822  0.06591928  0.3595904   0.00772988],4,0.047443391332203655,0.22020990654655287,0.2575463163882453,0.023377977026381697,0.04520746887314442,31.609979872009717,0.032151562900460395
122,"[[-0.01724066 -0.13355236 -0.0214368   0.4455008  -0.20934449  0.00940542
   0.51544375 -0.36717561 -0.03177154 -0.16023409  0.37849471 -0.41041436
  -0.01181853]
 [-0.35156211 -0.39711364 -0.09186316  0.21682881 -0.07057337 -0.11318187
   0.53506371  0.50041798  0.11683399  0.19230905  0.2256976   0.07546603
   0.03849326]
 [ 0.57741851 -0.09283499 -0.22671107 -0.05064392  0.06392376 -0.24780404
   0.4424093  -0.46403677  0.02941571  0.15744012 -0.31182691 -0.04655521
   0.04900533]
 [ 0.10241635  0.55681672 -0.06725719 -0.26349033  0.12574894  0.05440076
   0.27601418 -0.09708994  0.04181259  0.54665927  0.03557969 -0.36698684
   0.25417104]]","['bbo_main', 'random_fill', 'random_fill', 'random_fill']","[[0.10709331 0.16232246 0.22176216 0.23866307 0.35689384 0.49059661
  0.11870768 0.17821612 0.23951103 0.05973706 0.09181432 0.11619017
  0.62096557]
 [0.10488208 0.15801881 0.21256293 0.20904977 0.3140831  0.41036654
  0.14860357 0.2274068  0.37961018 0.06717882 0.10252506 0.14513026
  1.00000001]
 [0.13770466 0.19907216 0.25156225 0.20501884 0.30905152 0.3990248
  0.11947573 0.17867965 0.32010913 0.0611424  0.09164309 0.12404841
  1.00000157]
 [0.13716395 0.20634075 0.26152144 0.21058643 0.32458746 0.5305306
  0.12388898 0.18886397 0.26755272 0.06287297 0.09102335 0.11384905
  1.00000021]]",[-0.03375849  0.18073199 -0.08186749  0.40258699],4,0.04947015739682516,0.2348009620458891,0.2729118866184429,0.02325836538712233,0.04298807806966429,31.873401456992724,0.03166738557564343
123,"[[ 6.49860200e-01 -1.74109130e-02  2.61960002e-02  1.42718654e-01
   4.01775268e-01  3.88325339e-05  4.68346198e-01  5.65630791e-02
   3.45272158e-02  2.72939371e-01 -2.05190153e-01  4.16946036e-02
   2.29833323e-01]
 [ 1.19163088e-01  1.95151017e-01 -3.04177483e-01 -2.85329653e-01
  -2.16950995e-01 -5.37203946e-01 -2.73740863e-01 -1.54227406e-01
  -5.89176166e-03  4.49500110e-01  1.43736544e-01 -3.41128018e-01
  -1.70217568e-02]
 [-3.67912154e-01  1.18759852e-01  1.98142927e-01  6.72555655e-02
   3.24520062e-01  1.57634541e-01 -3.72106672e-01  4.81250231e-01
   1.17936195e-01  5.18189480e-01  5.82751307e-02 -1.30232442e-01
  -6.11553077e-02]
 [ 2.69277854e-01 -3.28705593e-01  1.56904330e-01 -1.51702591e-02
  -6.67363305e-02  1.92916084e-01  3.93761670e-01  5.11868693e-01
   2.47766069e-01 -4.23401951e-01  1.80198173e-01  2.46003630e-01
   4.70998586e-02]]","['bbo_main', 'random_fill', 'random_fill', 'random_fill']","[[0.13244656 0.19211071 0.25024617 0.22725637 0.35375062 0.46742477
  0.13544138 0.20132585 0.26980273 0.05879155 0.08857134 0.13240025
  1.00000016]
 [0.12373798 0.18780425 0.2443091  0.19803937 0.2906111  0.3740822
  0.12197353 0.19210985 0.30574911 0.0743483  0.11070791 0.14046828
  0.88596001]
 [0.11435333 0.17428541 0.33632508 0.22095757 0.33702268 0.46056152
  0.12239089 0.19497817 0.26421991 0.0636048  0.09632893 0.12467083
  0.25315669]
 [0.11095549 0.16577084 0.22609247 0.21788888 0.33229285 0.45531567
  0.12602408 0.20004699 0.5318805  0.06462958 0.09951513 0.18914909
  1.00000007]]",[ 0.5812254  -0.42191651  0.32840499  0.44122179],4,0.04919248361209094,0.22555637221534502,0.2631839469366136,0.023237117058218827,0.04225049019414462,31.806506291992264,0.03121825540832812
124,"[[-0.11329353 -0.28396343 -0.74960475  0.14037227  0.18000349 -0.20777387
  -0.40410873  0.04252366  0.14297629 -0.20787248 -0.03491696  0.1337636
  -0.03833071]
 [ 0.18370629  0.08006418  0.17425278  0.31719126  0.09962906 -0.47147859
   0.03730121  0.05102216  0.1643854  -0.22135139 -0.68433003  0.21378472
  -0.05122745]
 [ 0.29300393 -0.28947822 -0.12727849 -0.41298291 -0.22017281 -0.44911397
  -0.24890571 -0.02403413  0.06880273 -0.3343572   0.4357188  -0.15653867
   0.00121289]
 [ 0.04903971  0.0588094  -0.31474312  0.38061029  0.12846527 -0.04526892
   0.53279228 -0.11873816  0.0891126  -0.42771554  0.48730475  0.07228397
  -0.01084572]]","['bbo_main', 'random_fill', 'random_fill', 'random_fill']","[[0.10556777 0.15397179 0.1997379  0.22442071 0.34113246 0.43963855
  0.12252785 0.19783049 0.46086481 0.06500288 0.09991167 0.18466394
  1.00000026]
 [0.12059936 0.18257743 0.27365855 0.21090992 0.31703862 0.41209621
  0.12386844 0.19523769 0.27643722 0.05988132 0.09057862 0.40834565
  1.00000004]
 [0.12156019 0.18294073 0.23938006 0.1982918  0.2935038  0.37811838
  0.12509828 0.19862618 0.42157053 0.06842018 0.10726772 0.13750379
  1.00000006]
 [0.10620292 0.15834382 0.2092884  0.22562737 0.34259756 0.45046351
  0.12595164 0.19244658 0.49133261 0.06346418 0.10906864 0.15816537
  1.        ]]",[-0.20968459  0.0095033  -0.36749488  0.17277557],4,0.04658529503218295,0.23431410170483133,0.27240019278405647,0.023314713280971244,0.041816308095018684,31.42344631899323,0.03251123533871049
125,"[[ 0.10223276 -0.46366057 -0.12257058 -0.00933871  0.26648393 -0.3032731
  -0.35319454  0.2311954  -0.5052126   0.27092931  0.02153469 -0.2984673
  -0.00903844]
 [ 0.42740325  0.46841596  0.09394543 -0.18712116 -0.52458403 -0.02575286
   0.35395065 -0.04595703 -0.02676124  0.18268843  0.18189949 -0.28833522
  -0.02263415]
 [-0.43518718  0.2619913   0.07117746  0.2023892  -0.27390974  0.06041642
   0.42978255 -0.2347678   0.08415404  0.18062101 -0.33888673 -0.47080484
   0.03510198]
 [-0.15450803 -0.4196654   0.03638979  0.17813717 -0.39476952 -0.06381249
   0.18529831  0.40540486 -0.13108893 -0.34161284  0.51896008  0.06606444
  -0.02792626]]","['bbo_main', 'random_fill', 'random_fill', 'random_fill']","[[0.10513517 0.15445388 0.24674387 0.23201169 0.35627653 0.45595993
  0.11087993 0.16585825 0.21775514 0.06880911 0.10444013 0.1343202
  0.94713902]
 [0.13713574 0.20441756 0.41819231 0.19767499 0.29680316 0.40319932
  0.12502209 0.19259466 0.25384154 0.06489761 0.09836824 0.12561198
  1.00000044]
 [0.11774609 0.18299824 0.30760083 0.21471811 0.32286639 0.44625833
  0.12609838 0.19473136 0.46814267 0.05794018 0.08544718 0.10913372
  1.00000001]
 [0.1091712  0.16344842 0.23670065 0.2047268  0.30570024 0.41189308
  0.13045133 0.20169198 0.26091501 0.06765777 0.11352359 0.20984197
  0.54162719]]",[-0.27520308 -0.00991483  0.01368224 -0.08106841],4,0.04313368190325795,0.24162046606824103,0.28007214094975763,0.02317936381687588,0.046658702855611786,31.598780304004322,0.03180652509820017
126,"[[ 3.55548065e-01  2.23721299e-01 -1.77382810e-02  2.49679277e-01
   3.68882547e-01 -3.15555888e-01 -3.70160330e-01  1.49557998e-01
  -1.63519065e-01 -3.25683520e-01 -4.65516550e-01 -1.09696259e-01
   6.55490789e-02]
 [-4.09906756e-01 -4.60846638e-01  6.16086164e-02 -4.64019708e-01
  -2.49669042e-01 -2.67280054e-02 -2.69652415e-01  2.92731346e-01
   1.00076000e-01  1.46963406e-02  3.85556625e-01  1.35267921e-01
  -4.30270283e-02]
 [-2.62736236e-01  2.25455958e-01 -2.72694358e-03 -1.33576765e-01
  -5.85806334e-01  7.40409542e-02  3.52475102e-02  4.16910947e-01
   4.93928492e-02  5.64659503e-01 -8.75971428e-02  8.92953257e-02
   4.06684334e-02]
 [ 4.38072410e-01  1.15222870e-01 -3.92170319e-01  4.41365308e-01
  -5.40681737e-02  2.41700348e-04  1.82901889e-01  3.35926288e-01
   1.17434676e-01  2.78891954e-01  4.51537168e-01  3.10474028e-03
  -3.90548777e-02]]","['bbo_main', 'random_fill', 'random_fill', 'random_fill']","[[0.1384725  0.2017611  0.30066456 0.22565924 0.3415423  0.43535489
  0.11256028 0.17325495 0.22987081 0.05499964 0.08234282 0.11040182
  1.00000019]
 [0.10971161 0.16417237 0.22638025 0.20596749 0.30983508 0.41563081
  0.12600396 0.20276353 0.28395058 0.06933321 0.10559635 0.21074817
  0.35908839]
 [0.11777036 0.17980975 0.23881635 0.19819163 0.29762378 0.42246542
  0.12862343 0.20790354 0.28252219 0.06980008 0.10522795 0.35733458
  1.00000017]
 [0.11015001 0.16321973 0.21540107 0.21759526 0.33283081 0.44178707
  0.12586814 0.20061964 0.34406252 0.06785698 0.10329378 0.13562368
  0.25952937]]",[ 0.07784329 -0.18213714  0.0473393   0.24740738],4,0.04366935378327637,0.24990980129140067,0.28875822634345405,0.023054482737448246,0.04437399110704898,31.671042008005315,0.031848663084830864
127,"[[-0.44960594  0.17651551  0.03194332  0.55930851 -0.43628721 -0.20510585
   0.03892555 -0.37117606 -0.00776455 -0.1283583  -0.25399973 -0.00288363
  -0.0093949 ]
 [-0.18196719 -0.58366554  0.01592384 -0.43720717 -0.29424857 -0.09488234
  -0.48430523  0.24334416 -0.00641389  0.19206401 -0.05414994 -0.0741131
  -0.01054966]
 [-0.40189817  0.04411706 -0.00359661  0.19977398 -0.45587093  0.0908618
   0.6924468  -0.05096423  0.06040433  0.30251449 -0.02562421  0.00939111
   0.05046171]
 [ 0.02444253 -0.25064505 -0.11408098  0.12757873  0.02858078 -0.52896138
   0.36025373 -0.25342294  0.08656384 -0.47101178 -0.42419827  0.09277129
   0.12153107]]","['bbo_main', 'random_fill', 'random_fill', 'random_fill']","[[0.12156412 0.19761477 0.3416398  0.21157959 0.30681576 0.39513703
  0.11586334 0.17538967 0.24120363 0.06047652 0.09205589 0.12465615
  1.00000032]
 [0.10808702 0.16110009 0.27391518 0.19900871 0.30041909 0.39604634
  0.12498444 0.21711854 0.30292373 0.07062085 0.10668591 0.13646397
  1.00000022]
 [0.10933066 0.16452023 0.22326163 0.20394398 0.30472827 0.59650735
  0.14239875 0.2160279  0.2949464  0.06768508 0.10290789 0.13417078
  1.00000001]
 [0.11559501 0.17291087 0.22955185 0.20933188 0.31238116 0.40053384
  0.12833765 0.20084605 0.31969879 0.05943045 0.09079588 0.3199007
  1.00000012]]",[-0.20878966 -0.34483456  0.09351145 -0.13522359],4,0.0461274296411158,0.2396713820580065,0.2780270083066104,0.023110770612078873,0.04024711254730484,31.564435924010468,0.03155764000154122
128,"[[-0.46450214 -0.24478317  0.18354264  0.59881946 -0.21914444  0.19039783
  -0.26771148 -0.24707477 -0.00664576 -0.28920467 -0.12287897  0.11705675
  -0.05069799]
 [-0.3194824   0.15489183  0.05302331  0.61392823 -0.17845488  0.06911593
   0.65762727 -0.13989594  0.0230222   0.00484552 -0.02050216  0.05870004
  -0.03365986]
 [-0.44368331 -0.03217776  0.24378726 -0.11458158  0.27816893  0.39104003
   0.15864421 -0.17863389  0.3671456  -0.42636667 -0.210836    0.25766759
  -0.12145535]
 [-0.50581924  0.32703709  0.05795525  0.31240101 -0.01083388 -0.03849319
   0.15204722  0.10179374 -0.22717607  0.24024766  0.59411807 -0.11077562
   0.16305089]]","['bbo_main', 'random_fill', 'random_fill', 'random_fill']","[[0.10876249 0.16444363 0.30077065 0.225568   0.34474486 0.70696886
  0.11920983 0.18427755 0.2441219  0.06169197 0.09415394 0.12600114
  1.00000008]
 [0.1127867  0.17376178 0.24238145 0.22333329 0.33811561 0.49451512
  0.12592413 0.19479204 0.25951919 0.06121099 0.09395549 0.1365162
  0.16466994]
 [0.11467977 0.1744752  0.23441885 0.22030784 0.34071675 0.54398616
  0.12343127 0.19084638 0.27264858 0.06092533 0.0921724  0.12520072
  0.23851676]
 [0.11264143 0.17644226 0.36151031 0.22149781 0.33548258 0.43895031
  0.11431352 0.17274495 0.2264082  0.08102535 0.12700166 0.15968516
  1.0000003 ]]",[0.01413532 0.17706016 0.32637956 0.29415607],4,0.045270796485955396,0.25234957857989526,0.2913112197778318,0.022986788726735027,0.0431606102025783,31.76582782100013,0.031558947195280684
129,"[[-0.19364732 -0.01986644 -0.43926503  0.04045824  0.5317704   0.1374557
  -0.14928052  0.04263496 -0.11328029  0.42006111 -0.47621912  0.15354553
  -0.04576597]
 [ 0.49557668  0.61400814 -0.28160913 -0.0342628   0.0632708  -0.05124155
  -0.13466826 -0.38233306  0.12299288  0.27833159 -0.1604974   0.07634701
  -0.0423452 ]
 [-0.17896812  0.27995961 -0.01211104  0.22413568  0.37864303 -0.01334368
  -0.06287117 -0.4114981   0.05257184  0.57153899  0.30244955  0.01989515
   0.31793917]
 [ 0.39652198 -0.35389839 -0.07628922  0.19637659 -0.1522348   0.04783821
   0.39810807 -0.53499741 -0.11526507  0.41003042  0.1229384  -0.08010926
  -0.00489084]]","['bbo_main', 'random_fill', 'random_fill', 'random_fill']","[[0.10595328 0.1590043  0.21108665 0.22866233 0.356124   0.50987627
  0.12040743 0.18496081 0.24400504 0.061708   0.09354638 0.3659717
  1.00000026]
 [0.12253384 0.18487351 0.23869631 0.21654791 0.33133918 0.44010669
  0.11493016 0.17543699 0.30058192 0.06659186 0.10125837 0.14317292
  0.2402864 ]
 [0.1120756  0.17195797 0.23095035 0.23505972 0.36134224 0.47308093
  0.11041909 0.16706429 0.28384226 0.07953617 0.11749967 0.15143049
  1.00000554]
 [0.11262564 0.16424539 0.21521993 0.22270481 0.34266861 0.55781584
  0.11335588 0.1653378  0.21425215 0.07847334 0.11696974 0.14675922
  1.00000002]]",[ 0.10638371  0.0554679   0.54966134 -0.04974803],4,0.04485914597332588,0.25674313207432137,0.29590465353419926,0.02286054850532279,0.04455839905518625,31.8346292310016,0.031121291808049872
130,"[[-0.39331635 -0.0591013  -0.07711511 -0.61487448  0.20303938 -0.33174673
   0.15930255 -0.27397906  0.0096167  -0.27840963 -0.32886397 -0.13833309
   0.03431113]
 [-0.19122848  0.00120763 -0.26144275 -0.19758304 -0.34107786  0.03678153
  -0.05576661 -0.57023794 -0.43858838  0.05018878 -0.45068677  0.03746825
   0.10329332]
 [ 0.59386483 -0.20627897  0.11157532 -0.45298313  0.17303108 -0.33723831
  -0.26981768 -0.20778672  0.09644491 -0.08078413  0.02981858 -0.2818932
   0.17692885]
 [-0.48496032  0.10473472  0.14668118  0.23014192 -0.20388949  0.02866239
  -0.31513136  0.11185599  0.02125528  0.26850639  0.6604277   0.12702581
  -0.01742692]]","['bbo_main', 'random_fill', 'random_fill', 'random_fill']","[[0.11406822 0.1717608  0.22843773 0.20396721 0.30639741 0.39434752
  0.1320036  0.20234824 0.34556554 0.05825673 0.08834479 0.11745938
  1.00000002]
 [0.12103601 0.18290324 0.23553162 0.21279261 0.32396467 0.50191684
  0.11176778 0.16296395 0.210735   0.06533811 0.09822692 0.19691457
  1.00000144]
 [0.12347762 0.1860039  0.52433173 0.20265341 0.30408698 0.39623688
  0.12241747 0.19222013 0.27661456 0.06366297 0.09580372 0.1244537
  1.00000077]
 [0.11438091 0.17466078 0.51541353 0.21236428 0.32092725 0.42737377
  0.12139344 0.18746202 0.24831561 0.07172307 0.11545767 0.16427252
  1.00000012]]",[-0.32495669 -0.3404887   0.01392146  0.12105545],4,0.043427513330399514,0.2611391658158348,0.3004956069815677,0.022917186577714143,0.03820486101890935,31.556494192991522,0.03125696079427831
131,"[[-0.3105823   0.23946119  0.00323505  0.10771646 -0.43260029 -0.24642715
   0.40677866  0.01353009  0.08607601  0.37025845  0.52310345  0.03669035
  -0.03973132]
 [-0.14327752  0.26449551  0.10826819 -0.02775112 -0.70273185  0.0867712
  -0.04873439 -0.33914188 -0.45123263 -0.20988245 -0.09973523 -0.1430186
  -0.01431905]
 [-0.2964706  -0.03620707  0.01378833  0.18093696  0.37475245 -0.59335371
  -0.27769516  0.16839029 -0.00368073  0.00516186 -0.52880828  0.00852017
  -0.01170578]
 [-0.14720721  0.20644794 -0.09312499 -0.64832585  0.29625383  0.04555261
   0.10092883  0.44152367 -0.08161273  0.38190927  0.23488515  0.0562613
  -0.02979538]]","['bbo_main', 'random_fill', 'random_fill', 'random_fill']","[[0.12027434 0.18289005 0.24390344 0.19999976 0.29947988 0.39451414
  0.12592187 0.19465035 0.31416585 0.07175953 0.11184608 0.15134225
  0.39568449]
 [0.12397245 0.19141897 0.47482644 0.20417495 0.30473822 0.43116559
  0.11513498 0.17354655 0.22706551 0.06701944 0.10266577 0.13129562
  1.00000017]
 [0.10892863 0.16620038 0.28935861 0.2249912  0.33240725 0.41026944
  0.12485627 0.20318482 0.27821906 0.0578448  0.08772222 0.12587121
  0.76928599]
 [0.11528544 0.17412801 0.22707703 0.21104536 0.32662782 0.44596428
  0.12574955 0.19739149 0.25751381 0.06937241 0.10453652 0.17901047
  0.21533149]]",[-0.0421953  -0.32245666 -0.16798121  0.11161627],4,0.04589401266487236,0.2645599943746923,0.30406465730663074,0.02275738676016799,0.04034962458845637,31.24032031999377,0.03131926884144312
132,"[[-0.27988999 -0.41510025 -0.08637499  0.017572   -0.46785991 -0.02760884
  -0.41373581 -0.27394263  0.15067686 -0.39980439 -0.26729446  0.14734165
  -0.00199372]
 [ 0.28327136 -0.2462115   0.01086249 -0.28565135  0.04551209 -0.17245226
   0.46516582  0.0438598  -0.35344426  0.58456072 -0.20981674 -0.12869365
   0.00944959]
 [ 0.33772954  0.34153379  0.09692176 -0.39573238 -0.09588746 -0.56167979
  -0.35230444  0.29502074 -0.08165727  0.09483449  0.22143331  0.04194318
  -0.03174588]
 [-0.2014617  -0.26136206 -0.6237817   0.11481711  0.14268728  0.29920768
  -0.13526118 -0.26965175  0.09195133 -0.3673989   0.0470696   0.26606224
  -0.26736168]]","['bbo_main', 'random_fill', 'random_fill', 'random_fill']","[[0.11073042 0.16623391 0.22490092 0.20977043 0.314793   0.42273001
  0.12360585 0.19546032 0.52008017 0.06566387 0.10073635 0.19297654
  1.        ]
 [0.12245199 0.18397202 0.31563334 0.19877598 0.3016707  0.39645863
  0.12689085 0.18768422 0.234672   0.07724863 0.11121255 0.13935987
  1.00000035]
 [0.13384507 0.19714976 0.3939253  0.19814445 0.29360493 0.37816374
  0.12321785 0.19496952 0.25846794 0.06828493 0.10420503 0.1383238
  1.00000015]
 [0.11127671 0.16647526 0.22315449 0.22075066 0.3367979  0.46085473
  0.12243793 0.19292252 0.25873348 0.06456947 0.09901473 0.13267906
  0.03987481]]",[-0.32774616 -0.12095074 -0.17164531 -0.03304837],4,0.043996627584060755,0.2792370482931751,0.31934422680621366,0.02267883529629165,0.041793109448347576,31.80608590799966,0.0315377314471601
133,"[[-0.07576846  0.55168228 -0.29054369 -0.0909331   0.09984614 -0.11334197
   0.60394648  0.00489568  0.06831171 -0.01831852  0.37107019 -0.25739915
  -0.02609423]
 [ 0.24092425  0.37893479  0.01771024  0.35532603  0.30410904 -0.36392328
   0.34643526  0.16517878  0.07737001 -0.25635195 -0.10568328 -0.46550747
   0.00109748]
 [ 0.26702704  0.2051023  -0.03358197  0.0503211   0.34696173 -0.08615078
   0.73581268  0.03232101  0.0255302   0.43155364  0.14394809  0.06732806
  -0.02357627]
 [ 0.02863082  0.34132323 -0.17345096 -0.32112084  0.28528706 -0.17890195
   0.5231097   0.18469548 -0.36497185 -0.28983034 -0.33147646  0.0343785
   0.00771354]]","['bbo_main', 'random_fill', 'random_fill', 'random_fill']","[[0.11978376 0.18105689 0.23373517 0.20594694 0.3102464  0.4090481
  0.13443254 0.20675642 0.33172433 0.06654372 0.10154312 0.12950269
  0.4229857 ]
 [0.12371269 0.18666979 0.24827056 0.21950897 0.33353364 0.42179259
  0.12863802 0.20143599 0.44823435 0.05589427 0.0836365  0.10655273
  1.00000006]
 [0.11883508 0.17942777 0.2393922  0.21681501 0.3343588  0.4314445
  0.141909   0.2088069  0.27650968 0.06768025 0.10319609 0.19747517
  0.71632226]
 [0.12294471 0.18546908 0.23982867 0.21047667 0.32315848 0.41945041
  0.1417439  0.2035298  0.25195144 0.05626684 0.08606362 0.18492201
  1.00000009]]",[ 0.08573916  0.1717121   0.30894136 -0.03619116],4,0.04492626952169895,0.28070618355868304,0.32087075385191616,0.022652868614888442,0.04126369966196933,31.89318034000462,0.031035556030913264
134,"[[-0.09457795 -0.14927126 -0.09020289 -0.42341604  0.05709769  0.30073606
  -0.48418799 -0.17484781  0.30209026  0.53728099 -0.00990524  0.18775208
  -0.0858193 ]
 [-0.35332723 -0.06406093  0.04095615 -0.10057705  0.79505164  0.11212958
   0.03068841  0.12438142  0.09089272  0.33079351  0.24232982  0.14680044
   0.01450172]
 [-0.57303777 -0.00280383  0.00263292  0.08616344 -0.54761656  0.02808142
  -0.33914562  0.37871545 -0.09942961 -0.14080469 -0.25489177 -0.0250186
   0.09880902]
 [ 0.35980313  0.22056563 -0.32283051  0.28562896  0.08959718 -0.14943685
  -0.2892362  -0.42847341  0.05432398  0.26240988  0.50537442 -0.01729191
   0.10474084]]","['bbo_main', 'random_fill', 'random_fill', 'random_fill']","[[0.11066924 0.16536985 0.22309084 0.21725422 0.33245764 0.5312719
  0.12183604 0.19338035 0.51344923 0.06729286 0.10225323 0.13451057
  1.00000035]
 [0.10550335 0.15845167 0.21668335 0.22742819 0.35484775 0.48100681
  0.12155214 0.18668722 0.25881522 0.06582919 0.10068415 0.39456923
  1.00000004]
 [0.10825471 0.16458668 0.22463805 0.20288027 0.30146161 0.49386024
  0.13074195 0.22225921 0.29496986 0.06206233 0.09352953 0.12459082
  1.00000004]
 [0.11811752 0.17549134 0.22422023 0.22135578 0.33767395 0.43456934
  0.11062446 0.16782277 0.28223151 0.08189826 0.13051199 0.17216559
  1.00000011]]",[ 0.06837296  0.44370445 -0.12202321  0.13800072],4,0.04318020669281286,0.2821755742590995,0.322397025457516,0.02237521536373756,0.03850946274514694,32.148020574997645,0.030918328657800837
135,"[[ 0.4510707  -0.38254509  0.06355895 -0.13596081 -0.44062188  0.03932521
  -0.10782143  0.42637543  0.09270612  0.11084592  0.46069382  0.07306198
  -0.0097837 ]
 [-0.40474615  0.36451756 -0.40922396  0.35230383  0.18800121 -0.07078958
  -0.31033285 -0.11192336  0.08358085  0.49686971  0.08606635  0.03228567
   0.01487541]
 [-0.20395191 -0.37282624  0.02646344  0.01144352 -0.47615393  0.11189304
   0.18218815  0.12112708  0.0485803  -0.48516976 -0.53390658 -0.07957195
  -0.04825306]
 [ 0.57810668 -0.20696176 -0.12375833  0.23549428  0.13984124 -0.23360103
  -0.30935317  0.26721309 -0.30318782  0.38956429 -0.25765102 -0.02863788
  -0.00843945]]","['bbo_main', 'random_fill', 'random_fill', 'random_fill']","[[0.11688885 0.17417347 0.23913186 0.19950481 0.29992022 0.40583936
  0.12721769 0.20651185 0.49649504 0.07156682 0.10758321 0.15438744
  1.00000008]
 [0.10564775 0.15887465 0.20876584 0.22820081 0.34931693 0.45673504
  0.11391203 0.1753918  0.45151848 0.07147423 0.10799161 0.14280023
  1.00000003]
 [0.11063093 0.16570394 0.22494968 0.21673579 0.32849914 0.49897462
  0.12642474 0.20052148 0.27534079 0.05901894 0.08925666 0.12021455
  0.2067809 ]
 [0.13400919 0.18802467 0.24035804 0.22650017 0.34169774 0.43496447
  0.11086714 0.17184845 0.22712621 0.06206964 0.09259415 0.17114018
  1.00000306]]",[ 0.03733325  0.09050689 -0.21162801 -0.06193011],4,0.047814426255775845,0.2826654277350579,0.32290572608242374,0.022454442664870775,0.04056494863165801,31.582052765996195,0.030989323051114175
136,"[[-0.34408336 -0.01869134  0.09847169 -0.27960243 -0.29125889 -0.32371544
  -0.18516482  0.65930506 -0.07712523 -0.21875316 -0.25804257  0.11494777
  -0.03450044]
 [ 0.1223403   0.00616888 -0.36471612 -0.45062143 -0.15238625  0.10012583
  -0.32345705  0.35030442  0.07498187  0.45178517 -0.41811287  0.04488914
  -0.04203974]
 [ 0.36013911  0.32125955 -0.0480835  -0.1779955  -0.30358826 -0.39259526
  -0.06021927 -0.08946735 -0.07832587 -0.03859395 -0.38280071 -0.51051339
   0.24573426]
 [-0.38677563  0.04991856  0.02536195 -0.18834283  0.49996542 -0.23536565
   0.13978494  0.09451187 -0.49087404 -0.31334303 -0.3711888   0.03215445
  -0.00235625]]","['bbo_main', 'random_fill', 'random_fill', 'random_fill']","[[0.1175653  0.17935331 0.33573335 0.20014998 0.29996155 0.39408226
  0.13001708 0.20888625 0.27746303 0.0642391  0.09708969 0.29058292
  1.00000013]
 [0.11267825 0.16743252 0.21969524 0.20785297 0.31528409 0.48777288
  0.12513306 0.20208848 0.28064256 0.06705469 0.10155538 0.13313466
  0.2434365 ]
 [0.14010225 0.20550627 0.29759851 0.20126715 0.29978111 0.392659
  0.12436043 0.1928766  0.25873773 0.05924705 0.0870428  0.11212098
  1.00000145]
 [0.11322223 0.17461977 0.26236142 0.23335881 0.35984884 0.45612151
  0.11352109 0.16571043 0.21129142 0.0568616  0.0867588  0.17745432
  1.00000024]]",[-0.22960238 -0.12324231 -0.07094534 -0.11867437],4,0.044548856666017156,0.29099722307968856,0.33154935036868066,0.02230327045277901,0.03790265145072769,31.79012024900294,0.030568927385427963
137,"[[-0.08380729 -0.61352341  0.23954222  0.09641841 -0.03642752  0.19292441
  -0.2742861   0.52174135  0.21787159 -0.19087855  0.01902727 -0.27263225
  -0.07281246]
 [ 0.06074097 -0.09646841  0.0386976  -0.5618875   0.05522689  0.11026838
  -0.20058334 -0.31100363  0.08518465  0.30373833 -0.62555399  0.09760808
   0.13139529]
 [-0.22493499 -0.35071267  0.03392488  0.34455239 -0.12041648 -0.20376203
  -0.39881479  0.39484111 -0.1086384   0.53875947 -0.08598291 -0.16107138
  -0.01283218]
 [-0.00536929 -0.75232146  0.20712695 -0.00209553 -0.06224743  0.17538716
  -0.28497392 -0.17800366  0.1905903   0.39546693 -0.18757564  0.11751154
   0.04283046]]","['bbo_main', 'random_fill', 'random_fill', 'random_fill']","[[0.10953341 0.16353238 0.53328864 0.22037369 0.33642996 0.45736156
  0.12482623 0.20014447 0.28139973 0.05992764 0.09025254 0.11826224
  1.00000019]
 [0.12017959 0.1809476  0.23948346 0.21676027 0.33758108 0.74679602
  0.11612752 0.17643992 0.24949204 0.06162355 0.09201295 0.13585784
  1.00000008]
 [0.10402273 0.15840446 0.34058775 0.21407966 0.31658485 0.40327966
  0.124254   0.20307223 0.26773861 0.07561492 0.11119151 0.13982773
  0.92876821]
 [0.10924991 0.16312046 0.54491901 0.2195824  0.33562611 0.45646644
  0.12112869 0.1923907  0.27370356 0.06623793 0.10089495 0.1320478
  1.0000001 ]]",[ 0.13218181  0.02720887 -0.11565431  0.09728571],4,0.043920874394624915,0.30473747394417056,0.345768613872929,0.02220078027576473,0.041388608567945254,31.42993590599508,0.03044707802164683
138,"[[ 0.09634818  0.30844349  0.12884517 -0.29497388 -0.24516735  0.11737696
  -0.48724798 -0.29670847  0.1837218   0.11239521  0.07273756 -0.5811272
  -0.05702734]
 [ 0.02944296 -0.42670255  0.20188782  0.35404318 -0.12121509  0.01285998
  -0.2670622  -0.53618036  0.02726024  0.45943592  0.16059411  0.19158245
  -0.05444187]
 [-0.32589876  0.24318459 -0.12287813 -0.23239509  0.56996131 -0.04733238
   0.5975486  -0.03068979 -0.042984    0.16991106 -0.22071258  0.02250466
  -0.02245908]
 [ 0.30736041 -0.20371128  0.07493022  0.28142083  0.43935998 -0.46556874
  -0.1217249  -0.26440303 -0.00997743 -0.13748372 -0.42634146  0.01019389
   0.28953313]]","['bbo_main', 'random_fill', 'random_fill', 'random_fill']","[[0.12222224 0.18513548 0.25682426 0.20874339 0.31443647 0.43797591
  0.12208825 0.19206381 0.35096462 0.06111576 0.09144782 0.11866615
  0.3342683 ]
 [0.11370401 0.17208784 0.53091086 0.21951137 0.33562456 0.44279176
  0.11409311 0.17352423 0.23426282 0.06859937 0.10665991 0.15691851
  1.00000017]
 [0.10977655 0.16708387 0.2194375  0.22610255 0.35327516 0.46860236
  0.12622653 0.19225955 0.25246554 0.05976657 0.08969698 0.13900272
  0.24541286]
 [0.12047016 0.1825064  0.50267104 0.22602249 0.34224779 0.43015769
  0.11368111 0.17417546 0.23681242 0.05819411 0.08824788 0.12081315
  1.00000009]]",[-0.11178094 -0.01302733  0.15116841  0.23411095],4,0.04259161885966005,0.30522858749316056,0.3462760544018263,0.022161030763543497,0.03948191907377547,31.59687796900107,0.030492197266541815
139,"[[ 0.29430045 -0.02899799  0.17399648 -0.01363666 -0.10239761  0.32961721
  -0.45197504  0.24676845 -0.39174902 -0.35984227  0.30925306  0.32997376
  -0.10150297]
 [-0.37487931 -0.20253633 -0.03766228 -0.12488707 -0.48691246 -0.01899966
   0.20199749 -0.09286155  0.03699655  0.37984036 -0.60383284  0.06374609
  -0.0152716 ]
 [-0.03012252  0.06373729  0.02147178  0.24743816  0.23510381 -0.63731776
   0.18232892 -0.4024687  -0.02553164  0.23399928  0.0394031  -0.468422
   0.01707605]
 [ 0.42984893 -0.3694983   0.07383845 -0.21759604 -0.27854948 -0.5591642
   0.13130344  0.21336816  0.1288692   0.35227827 -0.09562285  0.1439194
  -0.04812492]]","['bbo_main', 'random_fill', 'random_fill', 'random_fill']","[[0.11796816 0.17828293 0.23908727 0.21894827 0.3358081  0.51557076
  0.11878909 0.18283678 0.23768664 0.06586041 0.10213654 0.18663473
  0.29452984]
 [0.11063756 0.16630304 0.22560098 0.20236821 0.30342578 0.41105908
  0.13115568 0.20674168 0.28812737 0.06429388 0.09601522 0.35183278
  1.00000018]
 [0.124421   0.19155387 0.35211124 0.21215032 0.31038596 0.38987334
  0.11850612 0.17968182 0.24564786 0.06194608 0.09180501 0.11740023
  1.00000027]
 [0.12073561 0.18243718 0.24487731 0.19940426 0.29926798 0.39271521
  0.12689943 0.20199203 0.28507514 0.06787356 0.10329492 0.20391715
  0.3853421 ]]",[ 0.14160863 -0.27292462 -0.18376956 -0.22243909],4,0.0430153679986193,0.32981754489100484,0.37161480038678013,0.022034728220674215,0.04193267994436187,31.544824120996054,0.030643159605945325
140,"[[-2.17916002e-01 -4.02248695e-01  1.79710344e-01 -4.95417458e-01
  -2.33120790e-01  1.91464697e-02 -2.09943721e-01 -5.35164250e-01
   1.96891641e-01 -2.19545793e-01  1.62488894e-01  1.20054415e-01
  -1.71205579e-03]
 [-3.77429658e-02  6.87665804e-01  6.92149551e-02 -4.36449448e-01
   2.12375580e-04  8.30303898e-02  4.87321970e-01 -1.11369151e-03
   9.23748628e-02 -6.18169598e-02 -1.28349323e-01  9.45894391e-02
   2.19679730e-01]
 [-7.22742665e-01  2.32079678e-01  6.01428440e-03 -1.10928111e-01
   4.35601519e-01 -3.46648323e-01 -1.31928233e-01 -2.19945432e-01
   1.71691645e-02  1.81290536e-02  1.37744562e-01 -5.37900101e-02
   1.15133309e-01]
 [-5.65140799e-01  1.68207887e-01  4.44765852e-02 -2.74774059e-01
  -1.66983749e-01  5.01450664e-02  2.32953929e-01 -1.68805272e-01
  -6.55118633e-01  1.55135637e-01  2.13383837e-02  8.67018293e-02
  -2.14978750e-02]]","['bbo_main', 'random_fill', 'random_fill', 'random_fill']","[[0.11661349 0.17727738 0.31238424 0.2067798  0.31140722 0.41757943
  0.12205742 0.19041329 0.51786714 0.06752263 0.1051659  0.139647
  1.00000002]
 [0.12514869 0.19499575 0.26480872 0.2023386  0.30491068 0.42590468
  0.12671206 0.19426102 0.28791202 0.06315788 0.09486193 0.32868042
  1.00000003]
 [0.1036833  0.17489262 0.250204   0.2267765  0.34243584 0.42758871
  0.11281558 0.17060222 0.28266351 0.06901103 0.1054082  0.13547319
  1.00000079]
 [0.11779232 0.18042719 0.2509733  0.21342761 0.32612699 0.45099875
  0.11441612 0.16670947 0.21458523 0.06924034 0.10822586 0.33311539
  1.00000017]]",[-0.21587221  0.41763316  0.01900741 -0.23717614],4,0.04362477460494196,0.3096498021924772,0.350841826384078,0.02205506024139506,0.04202627359786382,31.730408716990496,0.03015397555846487
141,"[[-0.16075107  0.00452745 -0.37463713 -0.13016287  0.32063463 -0.21305993
  -0.09598532 -0.28551366 -0.26243194 -0.26550201  0.03055362 -0.66093968
  -0.02782608]
 [-0.46034409  0.19543899  0.07737364  0.38039234  0.35162998  0.07449523
  -0.13365501  0.21770581  0.07694653  0.20084486 -0.23692491 -0.54146771
   0.09575555]
 [-0.19016574 -0.00968362  0.00343008  0.37388984 -0.29636342  0.02739104
  -0.48497604  0.56820791 -0.07782535 -0.30349483  0.08388456 -0.26848611
   0.00264554]
 [ 0.09196044 -0.5945277   0.03407091  0.31768094 -0.14460794 -0.20818454
  -0.08175622 -0.39946085 -0.05935391 -0.51288656 -0.00930458  0.0677946
   0.1850259 ]]","['bbo_main', 'random_fill', 'random_fill', 'random_fill']","[[0.10996972 0.16523931 0.21934128 0.22876225 0.35446848 0.48252767
  0.11462816 0.17302695 0.23327624 0.0590404  0.08904923 0.11740165
  0.40192213]
 [0.10738463 0.1633958  0.29122946 0.24786221 0.37412941 0.49918091
  0.1215134  0.18856275 0.27371524 0.056705   0.08403456 0.10753607
  1.00000012]
 [0.10833051 0.16480439 0.22467941 0.21600444 0.32192032 0.49665974
  0.12545949 0.22100584 0.29749851 0.05642637 0.08625427 0.11033667
  1.00000003]
 [0.10832638 0.16251054 0.24232688 0.22532637 0.34094828 0.43592405
  0.11449062 0.17411816 0.23491346 0.06317558 0.10368278 0.371946
  1.00000184]]",[-0.34138902  0.34293916 -0.01775404 -0.06285476],4,0.03881354354007527,0.32391032842821343,0.36553936812286975,0.02188827839102831,0.039162975362225794,31.99433071099338,0.030190999178829003
142,"[[ 0.57337008 -0.43788108  0.05434666  0.42629245 -0.3039514   0.11899736
  -0.19441035  0.00374062  0.01045834 -0.34769569 -0.05888341  0.15538169
  -0.04312183]
 [ 0.49595178  0.50824384  0.19773298  0.38441908 -0.09316507  0.00192524
   0.05742638 -0.1703817   0.17570003  0.0782115  -0.44292074  0.18009425
  -0.04724683]
 [ 0.30969557  0.1099705   0.25539317 -0.00184331  0.03558805  0.24675611
   0.19661403 -0.68570393  0.00111864  0.41252624 -0.25705981  0.11567975
  -0.07825173]
 [ 0.29515517  0.26866349 -0.50922401  0.28140888  0.36830613 -0.34582376
   0.27456058  0.26143432  0.21503916 -0.1150721  -0.00304625  0.20527968
   0.03994939]]","['bbo_main', 'random_fill', 'random_fill', 'random_fill']","[[0.11710621 0.17523354 0.2340793  0.22044244 0.33534383 0.46043248
  0.12141832 0.19179546 0.25524309 0.06089936 0.09339122 0.45205658
  1.00000037]
 [0.12212773 0.18508366 0.56136303 0.21733741 0.33027524 0.43647851
  0.12223541 0.1907009  0.27059924 0.05986542 0.09028182 0.13401202
  1.00000021]
 [0.12019686 0.18189926 0.33860519 0.21989871 0.34018555 0.48713727
  0.11480938 0.17333455 0.23295684 0.06526634 0.09945924 0.13088299
  0.36407555]
 [0.11081937 0.16541184 0.21854868 0.21908388 0.33407235 0.43147272
  0.12499943 0.19855841 0.5380166  0.06446034 0.09923372 0.18301124
  1.00000002]]",[0.03019786 0.28291025 0.16759636 0.27306086],4,0.04504413512017113,0.3130899992936898,0.35439150778954653,0.021852334804752894,0.0374594719266097,31.507963791998918,0.030049805179323687
143,"[[ 0.25836572  0.31960687 -0.07237451  0.43613486  0.12723363  0.06533044
   0.26169386 -0.02355446 -0.62664899 -0.24865116 -0.08528062 -0.28947686
  -0.02379024]
 [-0.2513868   0.26821853 -0.1701973  -0.4238269   0.20622327 -0.07183343
   0.05655655 -0.46693523  0.01700421  0.34372881 -0.48384804 -0.18381433
   0.03188452]
 [ 0.2312261  -0.08575165  0.00192362  0.26744074  0.66196061 -0.36838659
   0.07535344  0.25298816  0.00875507 -0.4339883   0.13866914 -0.12670648
   0.01910646]
 [ 0.19414645  0.29831295 -0.62752748 -0.01268412 -0.09483385  0.05198005
  -0.33430388  0.21639345 -0.05261496 -0.17575069  0.2229944  -0.4657693
   0.09359557]]","['bbo_main', 'random_fill', 'random_fill', 'random_fill']","[[0.12052823 0.18226115 0.23904797 0.23865926 0.36418394 0.55851598
  0.11225953 0.16425849 0.21052394 0.056942   0.08692311 0.11444775
  1.00000015]
 [0.12151101 0.1840795  0.23571438 0.22019523 0.34730923 0.45461909
  0.11386862 0.16623127 0.33118874 0.05849038 0.08556789 0.10917334
  1.00000098]
 [0.10958136 0.16375838 0.24150807 0.2478327  0.36627579 0.45308741
  0.12449533 0.19934029 0.29662848 0.05618149 0.08742584 0.11662066
  1.00000028]
 [0.11322856 0.16222252 0.20720353 0.22134915 0.33767266 0.65358628
  0.12354851 0.20059516 0.26817225 0.05868251 0.08813565 0.11077262
  1.00000006]]",[ 0.07409568 -0.15067666  0.20806939 -0.02117066],4,0.04210859767784146,0.33277251579132866,0.37465115383162484,0.021733084409038633,0.03800519806665152,31.708820415005903,0.029363269586192453
144,"[[ 0.08625807 -0.31792047  0.01529076  0.34287017  0.0066334   0.07140139
   0.13884573 -0.02779606  0.11621652  0.2424267   0.81569353  0.10416397
  -0.00404953]
 [ 0.51827677 -0.33289942 -0.28029005  0.42359135 -0.52773647  0.02158975
  -0.03235211  0.07783546 -0.0283387  -0.26919178  0.04902249  0.02859825
   0.00312078]
 [-0.18590326 -0.39932585  0.10151918 -0.12784082  0.13828111 -0.33267733
  -0.12544934 -0.63394923  0.04743334  0.05795242  0.46408185  0.09844169
  -0.03511792]
 [ 0.25556545 -0.22995361  0.03284694  0.20711874 -0.014594   -0.16586243
  -0.22654818  0.40162692  0.19095038  0.02014644 -0.55363101 -0.50049431
  -0.06007641]]","['bbo_main', 'random_fill', 'random_fill', 'random_fill']","[[0.10654889 0.15931926 0.21753168 0.22073084 0.33725104 0.44981445
  0.12174917 0.18653729 0.41562036 0.07581785 0.12481534 0.18930739
  1.        ]
 [0.11418658 0.16182775 0.20644237 0.20683774 0.30457473 0.45762851
  0.13115087 0.20855116 0.27607776 0.0650693  0.10271704 0.21251647
  1.00000005]
 [0.11018414 0.16498104 0.34656968 0.21606106 0.32821427 0.42270627
  0.11438962 0.17269533 0.23934706 0.07211243 0.11864871 0.17862303
  0.71827816]
 [0.11780449 0.17767727 0.23859564 0.21802361 0.33126578 0.43400173
  0.12389137 0.19834413 0.35078107 0.05838233 0.08819949 0.11598392
  0.25287581]]",[ 0.26778471 -0.1149126  -0.23491752 -0.03689612],4,0.038960246427416745,0.32046614443354987,0.3619936736701833,0.021907153441262425,0.04143498477285326,31.63298634700186,0.029815010568512157
145,"[[ 0.52062321 -0.39704981  0.1927731  -0.28075687 -0.19430869  0.1641803
  -0.13141996 -0.14869562  0.11858899  0.51595712  0.18979988  0.1720006
   0.07308293]
 [-0.39771213  0.38478289 -0.34453807 -0.06424669 -0.16512034  0.06888805
   0.54789415 -0.30691647  0.0173712   0.27947613 -0.00414799 -0.2569378
  -0.00970305]
 [-0.20227552  0.40600838 -0.40015361 -0.34790267  0.07862753 -0.00686694
  -0.10781056 -0.49178827 -0.08437517 -0.31431053 -0.38021694  0.05317222
  -0.00847854]
 [-0.14428151  0.11986492  0.2010686  -0.64491361  0.27758488  0.16205491
   0.22635    -0.15281414 -0.09174909  0.40232191 -0.3386145   0.20342998
  -0.06516986]]","['bbo_main', 'random_fill', 'random_fill', 'random_fill']","[[0.11940808 0.17990769 0.55622827 0.20684608 0.31197393 0.43463508
  0.12187675 0.19089358 0.25473675 0.06831146 0.10502085 0.1495483
  1.        ]
 [0.11074517 0.16653705 0.21779657 0.21413937 0.32972286 0.73845861
  0.1262616  0.19261437 0.26591739 0.06440591 0.09644818 0.12383236
  1.00000008]
 [0.12018626 0.18104731 0.23149542 0.22197977 0.34619211 0.46532381
  0.11324602 0.17092316 0.22590968 0.0577293  0.08808636 0.3585941
  1.00000137]
 [0.11801543 0.17881798 0.31876058 0.21620034 0.33737085 0.46101761
  0.12200615 0.18699523 0.24631715 0.06414084 0.09643857 0.1522781
  0.24453036]]",[ 0.19041691 -0.08157367 -0.25301667  0.08206086],4,0.04047696832818565,0.3278480676442084,0.3695900613968291,0.021714085747456955,0.040433471597106176,31.458304169995245,0.02971647979136917
146,"[[-0.25423869 -0.03350473 -0.35074107 -0.27677251 -0.51075168  0.1194447
   0.19853234 -0.46653024  0.12184835 -0.42045371  0.02175113  0.10054225
  -0.01441296]
 [ 0.62536392 -0.12059204  0.2000362  -0.03971014  0.02106666 -0.05557372
  -0.16379798 -0.41652029 -0.31477438 -0.43142822 -0.13150616  0.20834953
  -0.05493962]
 [ 0.07511132 -0.10790408  0.3269853   0.18231513 -0.36612571  0.2621117
   0.13764723  0.09364718  0.12518399  0.60567092  0.28018922  0.37239636
  -0.11133881]
 [-0.06925812  0.22426004 -0.01173543  0.13665535  0.01078951 -0.14872958
   0.7083844  -0.02131213  0.10957556 -0.5403196  -0.31212237  0.00522584
  -0.01410733]]","['bbo_main', 'random_fill', 'random_fill', 'random_fill']","[[0.11134077 0.16639181 0.21853164 0.20602526 0.30998718 0.51302334
  0.12504251 0.19363808 0.45466563 0.06716454 0.10576121 0.15024199
  1.00000015]
 [0.12158941 0.18360523 0.345848   0.21925588 0.33519123 0.44325546
  0.11435884 0.17367833 0.22853507 0.06205756 0.09538107 0.34539575
  1.00000016]
 [0.11768347 0.17831829 0.28222286 0.21306963 0.32339519 0.44601292
  0.12325405 0.19282398 0.25516295 0.06741109 0.10305233 0.42996689
  1.0000001 ]
 [0.11980866 0.18128507 0.24208073 0.21109369 0.31709254 0.41267654
  0.13012518 0.20348163 0.538732   0.05718768 0.08722237 0.11958975
  1.00000005]]",[-0.29995998 -0.0885027   0.30467623  0.07567532],4,0.04486712204896609,0.35150805843874455,0.39386066511613127,0.021662859187298652,0.03681716360821245,31.29507703600393,0.03008223334888091
147,"[[-0.56500365  0.27734265  0.20421807 -0.42487002 -0.20747609  0.12221376
   0.45183608  0.22813748  0.08284988 -0.19811194  0.09746877  0.08863415
  -0.0630768 ]
 [-0.12401572 -0.01962809  0.04800468 -0.37407837  0.53319789 -0.45708466
   0.21754089 -0.19339895 -0.14982151  0.42346348  0.00932694  0.05305551
   0.24366475]
 [ 0.19664993  0.15498021  0.01497469 -0.38405004  0.27793635 -0.01886183
  -0.21334195 -0.17781462  0.02218375  0.58770501  0.18013153 -0.26933512
   0.42892422]
 [ 0.09325431 -0.22746829 -0.43820698 -0.25288264 -0.14069174 -0.34855692
   0.21775423 -0.22362196 -0.36660878 -0.43440047 -0.3358703  -0.09228688
  -0.0211081 ]]","['bbo_main', 'random_fill', 'random_fill', 'random_fill']","[[0.11688702 0.17823832 0.35394052 0.20620007 0.31057068 0.41967195
  0.12610777 0.19877275 0.26538212 0.06634058 0.10138714 0.13276337
  0.29533265]
 [0.12012324 0.18229423 0.37716851 0.20638151 0.31150563 0.39941718
  0.11564814 0.17427795 0.22970435 0.07849452 0.11796858 0.20029058
  1.00000031]
 [0.13386762 0.19484254 0.25423422 0.21449981 0.34019817 0.45524047
  0.11183389 0.16906753 0.2560249  0.0775669  0.11075905 0.13397214
  1.00000105]
 [0.11580526 0.17166079 0.2249402  0.20691632 0.30969326 0.40782692
  0.12666808 0.19440176 0.25078819 0.06090785 0.09282135 0.1598421
  0.47286571]]",[ 0.06911039  0.15162398  0.47405396 -0.55506425],4,0.04122391879836822,0.3564443207196135,0.39890994327770024,0.02154486805633259,0.03887366887459218,31.95625399200071,0.029582228811290467
148,"[[-4.62950734e-01 -1.51445466e-01  1.90582278e-01  8.79095894e-02
   4.01823912e-01 -4.17899617e-02 -1.75473200e-01 -1.10790942e-02
  -2.41959509e-01  9.37343949e-03  2.96230074e-02  5.82776472e-01
  -3.54161738e-01]
 [-5.52478331e-01  2.38264926e-01 -1.66371965e-03 -3.12772146e-01
   3.11716868e-01  3.80095684e-02  2.47072379e-01  1.68420732e-01
   4.59824330e-02 -5.32884157e-01  2.01733725e-01  1.68483807e-02
   1.58384425e-01]
 [ 3.05689172e-01 -1.28901522e-03 -5.68887311e-04  5.20675316e-01
   4.02470386e-01 -3.84647761e-01  6.49574921e-02  3.49328621e-01
  -3.32572775e-01 -1.95626902e-01 -3.90391482e-02  3.60121937e-02
   2.18100020e-01]
 [ 2.05337538e-02  3.29264817e-01 -2.96460121e-02 -7.21346453e-02
  -5.95679325e-02 -6.04901398e-02  3.76238893e-01  6.06329473e-01
  -4.23852691e-01 -1.42265459e-01  4.08137707e-01  2.75300983e-02
   3.81754199e-02]]","['bbo_main', 'random_fill', 'random_fill', 'random_fill']","[[0.1155132  0.17579914 0.23592094 0.21802466 0.33254997 0.44028624
  0.12208701 0.19143712 0.25514959 0.06572408 0.10064013 0.1742875
  0.0575429 ]
 [0.10402549 0.15795731 0.21622153 0.22323083 0.35015369 0.47749033
  0.14637847 0.2167276  0.35097228 0.05681926 0.08790128 0.11929069
  1.00000071]
 [0.11813944 0.17950199 0.249317   0.24704499 0.36236864 0.44727503
  0.11982403 0.18655305 0.24223195 0.05807346 0.08908961 0.18670072
  1.0000016 ]
 [0.12132766 0.18359636 0.24397509 0.19898483 0.29850553 0.396643
  0.14636783 0.21411243 0.26692408 0.06747837 0.11452416 0.18713751
  1.00000006]]",[0.09876356 0.27393677 0.34054746 0.15180678],4,0.04092701380996058,0.34657421686475853,0.3888089662216473,0.021618714822548832,0.039569126502756014,31.950357011999586,0.02997465240039493
149,"[[ 0.13832926 -0.6340817   0.1734702   0.25940478  0.01221478 -0.39897458
   0.36093867 -0.03289307  0.18555139 -0.35760886 -0.00571708  0.16840022
  -0.00541548]
 [-0.00675175  0.37465754  0.05939708  0.08830746 -0.1682794   0.05797229
   0.20192434  0.35194871 -0.62647991  0.0786567  -0.46756555 -0.05755691
   0.17704677]
 [ 0.23354837 -0.06481438 -0.41095762  0.47297365  0.03679873 -0.40006771
   0.34684594 -0.03785944 -0.3302333  -0.17071617  0.1950351  -0.29799016
   0.02203171]
 [ 0.3050394  -0.00707314  0.01494632 -0.32947989 -0.14783002  0.06276136
   0.49040889  0.44130215 -0.21528961 -0.14615231 -0.3817571  -0.34015481
   0.0890252 ]]","['bbo_main', 'random_fill', 'random_fill', 'random_fill']","[[0.11033279 0.1650772  0.31133325 0.21295875 0.3213208  0.41549551
  0.12609184 0.1991526  0.49558943 0.06515382 0.1000767  0.14985248
  1.00000008]
 [0.12485778 0.19562019 0.38402061 0.21979746 0.33409478 0.49909928
  0.1168218  0.17161163 0.21739255 0.05815993 0.08796464 0.11677293
  1.00000009]
 [0.10729248 0.1574153  0.20809795 0.23839368 0.35156155 0.4472428
  0.1181441  0.17786897 0.2498852  0.05913515 0.09213908 0.14142737
  1.00000418]
 [0.12161367 0.18323406 0.24354154 0.20339198 0.30555591 0.49441392
  0.14766666 0.22220059 0.281234   0.05663476 0.08413222 0.10863388
  1.00000004]]",[-0.01514194  0.16894641 -0.18441445  0.07989254],4,0.04205053420457246,0.36335911818963573,0.4059749023861221,0.021378291066709378,0.03694800522805289,32.05516295999405,0.028855024804573304
150,"[[-0.18233676  0.36523265 -0.22092538  0.75722534 -0.22272617 -0.13220188
  -0.29166956 -0.01192034  0.03081813 -0.0214078   0.20988823 -0.11551647
  -0.00758205]
 [ 0.26042469 -0.17927546 -0.32135841  0.49127506  0.31644785 -0.21419585
  -0.14413458 -0.4522844  -0.19245176 -0.28871343 -0.2412966  -0.07044386
  -0.02196142]
 [ 0.4464775   0.46343669  0.24508175 -0.11739762 -0.00893551 -0.36409899
  -0.07817877 -0.0067735  -0.33835529 -0.2289907  -0.21382979  0.18881606
  -0.35346226]
 [ 0.08906561  0.48498302  0.25280392 -0.19365515 -0.36958637 -0.58929565
   0.1925608   0.2041072  -0.14968018 -0.08440995 -0.03093625  0.24554782
  -0.04542923]]","['bbo_main', 'random_fill', 'random_fill', 'random_fill']","[[0.11394376 0.17598207 0.2285316  0.24353369 0.35049502 0.43839548
  0.11210739 0.17665524 0.29420116 0.06460536 0.09979925 0.12917276
  1.00000018]
 [0.10689823 0.15958903 0.21137039 0.25180423 0.37874893 0.48252995
  0.11137617 0.16872795 0.2285903  0.05879845 0.08986055 0.14845428
  1.00000053]
 [0.1196333  0.18107202 0.24546834 0.21625331 0.32929722 0.43561197
  0.12231762 0.19201703 0.25685272 0.06353964 0.09639165 0.13328143
  0.01278573]
 [0.12257527 0.18599093 0.52353797 0.20052968 0.30024647 0.39425132
  0.12504126 0.19485355 0.25653421 0.06667453 0.10195437 0.16189195
  1.00000003]]",[ 0.01272122 -0.13593046 -0.10173287 -0.13766718],4,0.04121612358118811,0.3505210958323436,0.3928505196309685,0.021467615165548917,0.03737630437731532,31.561438360004104,0.02928682275919614
151,"[[-0.03440742 -0.53413978  0.06755161 -0.26510357 -0.3674045   0.01076544
   0.19555055 -0.6136547   0.02484619 -0.09200446  0.25884223  0.11106889
  -0.0183273 ]
 [-0.11937915  0.3566265  -0.60149453  0.02448512  0.30883619  0.01173654
  -0.35554314 -0.34550121  0.09408689 -0.06668608  0.261381   -0.26993718
  -0.01964519]
 [-0.14255395 -0.20744487 -0.07388647 -0.73779756  0.19394729  0.0083748
  -0.18350468 -0.03175996  0.00490726 -0.00200943 -0.35463266 -0.32691872
   0.28601381]
 [-0.52984494 -0.09895594 -0.01295729 -0.32868115 -0.00142337  0.06484274
  -0.40432068 -0.16327522 -0.26214594  0.27673691  0.28754583 -0.42203115
  -0.02890586]]","['bbo_main', 'random_fill', 'random_fill', 'random_fill']","[[0.11162409 0.16692472 0.24040514 0.20741367 0.31253662 0.41930925
  0.12091236 0.18460655 0.25491093 0.06910407 0.11298955 0.39491547
  1.00000013]
 [0.10724603 0.16023024 0.20983468 0.22970676 0.35744927 0.47870719
  0.11284714 0.17094658 0.45168805 0.06448294 0.09931277 0.12775569
  1.00000012]
 [0.11054495 0.16381421 0.21673314 0.21132291 0.3453511  0.5073549
  0.12419824 0.19373963 0.26948482 0.05686714 0.08406912 0.10722752
  1.00000064]
 [0.10902209 0.16394626 0.22366807 0.22059652 0.34379626 0.53537767
  0.11361483 0.17156385 0.22615985 0.0688068  0.10376291 0.13087656
  0.42221982]]",[-0.27694402 -0.04939817  0.04297039 -0.26696278],4,0.04648865484465503,0.3742346204810549,0.4170675889154271,0.021204490391353057,0.03932405286332182,31.702946596997208,0.029019867952669184
152,"[[-0.30909726  0.17071837  0.01596417 -0.42852159  0.38333836 -0.0436561
   0.30210901  0.25400172 -0.46528271  0.24649936 -0.3087076  -0.11922414
   0.00478609]
 [ 0.11881954 -0.15243105  0.1040215  -0.30276855 -0.22773569  0.11208491
  -0.43790447  0.24147283 -0.13845437  0.19745408 -0.35536008 -0.60101305
  -0.00248955]
 [ 0.52622737  0.3778549   0.07034859  0.11848255  0.17762739  0.04510039
   0.66219608  0.05249095  0.10614267 -0.25379195  0.02496056  0.09222694
   0.04090778]
 [-0.23619046 -0.25462279 -0.34794935  0.01119258 -0.16041443 -0.30594858
   0.06637102  0.39419686 -0.50796533  0.28082482 -0.17305307 -0.3187043
   0.10316259]]","['bbo_main', 'random_fill', 'random_fill', 'random_fill']","[[0.11502795 0.17779326 0.30335432 0.22138244 0.35755882 0.46778794
  0.12459103 0.18357995 0.22778638 0.05881243 0.08627574 0.11199415
  1.00000005]
 [0.12134489 0.18339086 0.347882   0.21024635 0.31677357 0.62477935
  0.12261979 0.1936711  0.25153811 0.05940791 0.08714998 0.11082533
  1.00000002]
 [0.12459958 0.1871301  0.25147231 0.21877423 0.33333255 0.44007191
  0.12621414 0.19598515 0.53314782 0.0589543  0.08933663 0.13717672
  1.00000013]
 [0.10480462 0.15550337 0.20713947 0.20830585 0.31211182 0.44001876
  0.13690489 0.21019593 0.26715277 0.06513609 0.09673759 0.12939611
  1.00000064]]",[-0.02100082 -0.17320969  0.45022642 -0.29906607],4,0.03923604094005177,0.3791817850158527,0.4221059647211986,0.021136748324296097,0.035672224292560784,31.752462717995513,0.02906510489591546
153,"[[-3.17676815e-01 -1.38473122e-01 -8.63857041e-02 -6.48183165e-01
   3.33287967e-01  5.44501950e-03 -1.66782008e-01 -3.88626960e-01
   4.56789269e-02  3.45393455e-01  1.96279559e-01  6.11606631e-04
   4.93540198e-02]
 [ 3.01175978e-01 -1.86530778e-02  1.70599707e-01 -4.30112379e-01
  -4.58061756e-02  1.44808808e-01 -2.05604178e-01 -4.20412470e-02
  -3.89966269e-01  3.00463957e-01  5.51641960e-01  2.72244765e-01
  -8.34115572e-02]
 [ 4.19641051e-01 -1.48890393e-01  5.76128751e-02  9.35159016e-02
   1.53933321e-01  3.51615292e-02 -2.46636157e-01  2.13382615e-01
   1.72738359e-02  4.41893636e-01  2.24268894e-01 -6.41319749e-01
  -3.49186098e-02]
 [-1.58245913e-01 -1.24375587e-01 -2.68637390e-01  1.92883905e-01
  -3.65641461e-01 -6.06347819e-01  7.74878283e-02  5.61489699e-02
  -1.37352145e-01 -2.70986582e-01  1.58420361e-01 -4.71277390e-01
  -1.05613212e-02]]","['bbo_main', 'random_fill', 'random_fill', 'random_fill']","[[0.1053443  0.15790833 0.21042381 0.21765756 0.34440183 0.46184811
  0.11321602 0.17070926 0.31939738 0.0827202  0.12246057 0.15658513
  1.0000025 ]
 [0.1201126  0.18153829 0.2501803  0.21355951 0.32596363 0.44324153
  0.11568546 0.17618903 0.23124635 0.06840008 0.10693798 0.20806766
  0.26522186]
 [0.11915017 0.17930394 0.28975292 0.22141886 0.33817946 0.45483356
  0.12149412 0.19367929 0.2618002  0.06011098 0.08828614 0.11215833
  0.19622412]
 [0.11513561 0.17150596 0.22805921 0.20160685 0.29452134 0.38038114
  0.13721756 0.21505588 0.32040737 0.06368288 0.09596762 0.12517855
  1.0000002 ]]",[-0.06586877  0.02556411  0.1122196  -0.4931718 ],4,0.043522736373355415,0.3722564090503117,0.41505158420446775,0.02123849243294979,0.03802802423785204,31.546622537993244,0.029234921716081497
154,"[[ 0.29931161 -0.02444928  0.04901343  0.34380495  0.74541691  0.10718033
  -0.25182884 -0.12791298  0.03067767  0.10296369 -0.34160493  0.11786575
  -0.01297088]
 [-0.10174915 -0.04081689  0.01763892 -0.42235784  0.77943038 -0.13874667
   0.17393177  0.20679106 -0.04307012 -0.14781595  0.29187142 -0.02355188
   0.00764473]
 [ 0.38985802  0.23691978  0.29033451 -0.20960104  0.41088897 -0.3757501
   0.02741185 -0.4462346   0.24820862 -0.16001029 -0.04023997  0.23542578
  -0.09748355]
 [-0.34148455  0.09440392 -0.23911278 -0.03172809 -0.24003695 -0.21562047
   0.01744242  0.32652332 -0.10125874 -0.13051965  0.33672707  0.65200836
  -0.19868125]]","['bbo_main', 'random_fill', 'random_fill', 'random_fill']","[[0.11472286 0.17364397 0.23210268 0.25031571 0.37975324 0.51746631
  0.11248185 0.17067373 0.2304141  0.05889455 0.08898404 0.18374783
  1.00000024]
 [0.10518969 0.15758029 0.24015403 0.22755766 0.37359564 0.47939775
  0.12566733 0.19197346 0.25199009 0.06355722 0.09911296 0.13192989
  1.00000055]
 [0.12068426 0.18261176 0.33472527 0.21173526 0.32052732 0.41590325
  0.12213877 0.19064373 0.27006569 0.06544477 0.10055256 0.13944572
  0.2452667 ]
 [0.11575214 0.17591944 0.23525944 0.21060114 0.31835183 0.42523043
  0.12337994 0.19466263 0.26182764 0.06701566 0.10264293 0.46703358
  1.00000003]]",[ 0.40732935  0.19044105  0.09825231 -0.08311424],4,0.040746203049498664,0.37720263935452986,0.4200908942485912,0.021136256617304144,0.037610313284804714,31.390711468004156,0.028816842615539184
155,"[[-0.13686762 -0.24454253  0.02996605  0.45574092  0.18270647 -0.16540741
  -0.26649795  0.10980824 -0.11167511 -0.07090007  0.69352849 -0.26497105
  -0.01893709]
 [ 0.13376888  0.32648069  0.06285904 -0.15109619 -0.06077919 -0.16224129
   0.09084271  0.54227841 -0.49849251 -0.02896537 -0.07567845 -0.51064768
  -0.02404671]
 [ 0.41060723  0.11314858  0.12136918 -0.33171507 -0.02666737 -0.13569976
   0.53358163 -0.10808198 -0.4422796  -0.38031513 -0.07834918  0.17120127
  -0.05116428]
 [-0.02669492  0.02951037  0.54522256  0.40262386 -0.00296111  0.02692977
  -0.04473691 -0.23653942  0.06979847 -0.30911512 -0.19816836 -0.45931901
  -0.3601222 ]]","['bbo_main', 'random_fill', 'random_fill', 'random_fill']","[[0.10432677 0.15754913 0.27838137 0.24531143 0.36387765 0.4595733
  0.11220815 0.17202345 0.22840971 0.06842444 0.1097284  0.13890284
  0.95708207]
 [0.13185901 0.19853645 0.35930873 0.20500051 0.3063637  0.40397933
  0.12608128 0.19418398 0.2487071  0.05903669 0.08686699 0.11057749
  0.79644513]
 [0.12233555 0.18521829 0.266596   0.20631774 0.31113155 0.41737853
  0.12330888 0.18898457 0.24367599 0.06565512 0.10209152 0.428976
  1.00000024]
 [0.11825957 0.17898243 0.29008553 0.21902763 0.33381132 0.44191432
  0.12230641 0.19191251 0.26081439 0.06116096 0.09247835 0.12367476
  0.06854421]]",[ 0.03759756 -0.10122    -0.10292321  0.10799947],4,0.0417892532427091,0.39899356007156767,0.442236350853365,0.020982158319382854,0.03721967061135206,31.355429136005114,0.028754885771102127
156,"[[ 0.07795697  0.73739785 -0.21363819  0.16673868  0.0681659  -0.1517926
  -0.29000393  0.31375442  0.04520229  0.39557651  0.07189508  0.05030425
  -0.01639868]
 [ 0.251236    0.03490815  0.09868445  0.14226515  0.06823315  0.09587038
  -0.02017147 -0.34147594  0.1603768  -0.44010779  0.74094575  0.0779116
  -0.01838209]
 [ 0.17826849 -0.29185809  0.01854434 -0.29247338  0.09171063 -0.05695939
   0.49857982  0.01630964 -0.03268716 -0.32388301 -0.61366     0.05045372
   0.22706553]
 [ 0.34431709 -0.11915346  0.063272    0.61101913  0.32118218 -0.15880265
   0.45436413 -0.17897959 -0.1597522  -0.01986201 -0.28715315 -0.11719235
  -0.03061852]]","['bbo_main', 'random_fill', 'random_fill', 'random_fill']","[[0.13637585 0.20241624 0.25453983 0.20240613 0.30241794 0.39647702
  0.1215847  0.19833446 0.27857073 0.0727335  0.10815832 0.2038206
  1.00000007]
 [0.11889681 0.17951519 0.24295051 0.21902002 0.33412448 0.45370897
  0.11575175 0.17620026 0.52403854 0.06628239 0.10948031 0.14713912
  1.00000002]
 [0.1110557  0.16447716 0.23104364 0.20948685 0.31719686 0.41699885
  0.15164853 0.22611264 0.29150417 0.05592391 0.08553849 0.18668609
  1.00000019]
 [0.11723486 0.17794427 0.30948468 0.23224829 0.35458724 0.45222453
  0.11836081 0.1797281  0.23518182 0.05833046 0.08823857 0.11777251
  0.44397589]]",[0.16965695 0.22413759 0.15579579 0.15287377],4,0.04476968597446643,0.405440258918799,0.44877085434013997,0.02082071997553586,0.03861192125948218,31.740252486008103,0.028447312516328482
157,"[[ 0.14047336 -0.51348077  0.01058474 -0.44478394 -0.32502903 -0.03204859
  -0.36211359 -0.39290752 -0.03091033 -0.19632936 -0.27896282  0.01225268
   0.09494916]
 [ 0.10512778 -0.02923715 -0.09010059 -0.31106307 -0.48829757 -0.01039493
   0.50130555 -0.10033927 -0.38991955 -0.47641512  0.04352248  0.01737267
   0.04574456]
 [ 0.09036997  0.42302383 -0.09010191 -0.32029044  0.02651229  0.05593247
   0.16323615  0.04665898 -0.05441418  0.68476981  0.16498824 -0.41196007
  -0.0268799 ]
 [-0.2492353   0.30568288 -0.52904851 -0.13271963  0.16774327 -0.40502361
  -0.04456668 -0.50091473 -0.02375668 -0.11061224  0.11848934 -0.27338961
  -0.01637621]]","['bbo_main', 'random_fill', 'random_fill', 'random_fill']","[[0.11872296 0.17504667 0.32218061 0.20009707 0.30224622 0.4090121
  0.11548321 0.17490024 0.23578346 0.068592   0.10495935 0.17236308
  1.00000224]
 [0.12438668 0.18844813 0.24302013 0.1965152  0.29549673 0.41334405
  0.12522122 0.18478356 0.23136546 0.06597805 0.11060637 0.20700545
  1.00000013]
 [0.12217608 0.18493392 0.23970486 0.2054489  0.31269263 0.49612031
  0.12352092 0.19083841 0.25102906 0.06795294 0.10231331 0.12814133
  0.27015748]
 [0.11189393 0.16768972 0.21880522 0.2162053  0.32834734 0.42275979
  0.11498567 0.17446324 0.28014263 0.06782466 0.10412307 0.13404976
  0.4699605 ]]",[-0.33365341 -0.24730423  0.05668031 -0.37591068],4,0.04360810558775968,0.4133798995903204,0.45680807805021034,0.020772032336255165,0.037260588499678005,31.84923014100059,0.028429072222517116
158,"[[-2.23654097e-01  2.38216962e-01 -2.59290553e-01 -3.70469508e-01
   3.97478981e-01  4.67530977e-02  7.94881093e-02 -1.63014979e-01
  -2.67571943e-03 -9.41653157e-02  6.96288811e-01  3.66550048e-02
  -2.54691737e-02]
 [ 5.44523402e-01  9.44994002e-02  3.24185020e-02  6.75391312e-03
   1.27423030e-01  2.01184581e-02  6.96881089e-01 -3.22999285e-01
  -9.92509381e-03 -1.00907136e-01  2.32342839e-01 -1.50300880e-01
  -2.75512926e-04]
 [ 2.98063427e-01  1.51074408e-01 -5.72990289e-01 -2.56953045e-01
  -5.25832387e-01 -8.82641202e-02 -1.39464095e-02 -4.14076794e-02
  -8.49986638e-02  1.51348568e-01  3.58882892e-01 -2.20894696e-01
  -8.37057691e-03]
 [-4.28840426e-01  1.41233535e-01 -4.65738641e-02 -2.33228927e-01
  -1.43005008e-01  1.56988363e-01  3.22785304e-01  6.27550236e-01
  -2.95529220e-02 -2.81249780e-01  1.94389044e-02 -3.38134981e-01
  -4.23171448e-02]]","['bbo_main', 'random_fill', 'random_fill', 'random_fill']","[[0.10735649 0.16016294 0.2110698  0.22085166 0.34079573 0.46929529
  0.11860546 0.18064096 0.24096711 0.07211452 0.1232475  0.16941596
  0.53952508]
 [0.14113025 0.20326802 0.33629935 0.21885499 0.33988561 0.45781693
  0.1227969  0.1814982  0.23767705 0.05875221 0.09041213 0.11606894
  1.00000007]
 [0.11678611 0.16856552 0.21456335 0.19730396 0.29735847 0.40763092
  0.12566006 0.19573439 0.28508862 0.08185896 0.12280459 0.15385146
  1.0000001 ]
 [0.110569   0.16616893 0.22468451 0.21622571 0.32844725 0.7313612
  0.12947181 0.20556666 0.2720217  0.05956333 0.08971926 0.11767417
  1.00000013]]",[ 0.08582538  0.1829071  -0.32568827  0.04864419],4,0.04233034578784489,0.4108981426775118,0.4542970648470485,0.020894191522006226,0.03719842997309891,31.91693550698983,0.028939462580104144
159,"[[-0.25666804 -0.13997928  0.10264957  0.54863279  0.45414968 -0.00897197
  -0.59843096 -0.06886282  0.10166386 -0.09038718  0.10804224  0.05070999
  -0.03237746]
 [ 0.47010944  0.0815047  -0.05198639  0.57256535  0.2967809   0.09014633
  -0.51531113  0.09178941  0.08601251  0.06533758  0.0941743   0.02465486
   0.22472316]
 [-0.36523626 -0.09065621  0.0392569  -0.49529174  0.4165667   0.21278156
   0.47960056  0.24389535  0.12596247 -0.27584579  0.07234373  0.0432946
  -0.06448245]
 [-0.3567222   0.21977555 -0.34619193  0.14036234 -0.00457991 -0.21659134
   0.00419761 -0.34868914  0.22266192  0.46159162 -0.43455036  0.24364654
  -0.07429817]]","['bbo_main', 'random_fill', 'random_fill', 'random_fill']","[[0.10510277 0.15831017 0.30420407 0.25041913 0.37679496 0.48649892
  0.11219753 0.17164517 0.25813668 0.06347952 0.0979858  0.13041655
  1.00000011]
 [0.11699293 0.17640462 0.23389053 0.2489487  0.37446075 0.57357548
  0.11192459 0.1717315  0.25411427 0.06069755 0.09252153 0.12398476
  1.00000005]
 [0.10919508 0.16304088 0.22142149 0.2197987  0.34226433 0.76563618
  0.12609853 0.19437005 0.27102219 0.06283496 0.0955764  0.1268576
  1.00000006]
 [0.11088202 0.16652884 0.22062476 0.21559222 0.32754077 0.42858754
  0.12322751 0.19379063 0.27757442 0.06670044 0.10171458 0.44845069
  1.00000045]]",[ 0.21259991  0.58299922  0.22326724 -0.12709771],4,0.04153562432442043,0.41536570931082584,0.4588164844204531,0.020779938823340813,0.03825129762360069,31.8845725729916,0.02819998519975407
160,"[[ 0.27533203  0.29646709 -0.64169829 -0.40972794 -0.08677011  0.04035674
  -0.22124804  0.16700258 -0.29489023 -0.28172258  0.05606909 -0.0317162
   0.01304047]
 [-0.35061916 -0.38989288  0.13801323  0.48439771 -0.45640263  0.09558099
   0.14890838  0.31470501  0.13128641  0.25770912 -0.21243927  0.05483275
  -0.03036001]
 [ 0.02924857  0.42545676  0.07719644 -0.32796399  0.00550751  0.01417942
   0.6092054   0.16440403 -0.52031315 -0.10921296  0.13731417  0.0684706
  -0.00484294]
 [-0.52538856 -0.08236289  0.00345603  0.0802219  -0.17584731 -0.11595206
  -0.07842173  0.22762091  0.06423649  0.56785589  0.02889916 -0.5278368
   0.048722  ]]","['bbo_main', 'random_fill', 'random_fill', 'random_fill']","[[0.11935507 0.17152848 0.2148052  0.20442672 0.31619704 0.60779344
  0.12203831 0.18677378 0.23990809 0.06682111 0.10551844 0.13932923
  1.00000002]
 [0.10719458 0.16164623 0.52140449 0.21552787 0.32509346 0.43954791
  0.12634583 0.2020267  0.28621006 0.06584908 0.10082502 0.13212406
  1.00000002]
 [0.12414042 0.19286541 0.44898547 0.20363213 0.30744761 0.4151985
  0.12459542 0.18426364 0.23150159 0.06679124 0.10364749 0.15473916
  1.00000002]
 [0.10693173 0.16184639 0.22355816 0.21047285 0.31592776 0.41271259
  0.13144893 0.21132907 0.46599553 0.06513809 0.09458342 0.11739759
  1.0000001 ]]",[-0.21163533  0.06179533  0.05957796 -0.06105756],4,0.03846073874502376,0.4307678566229207,0.4743695117573592,0.020776608765441525,0.039401196008357814,31.494852345989784,0.028183104111981827
161,"[[ 0.28914306  0.63813628  0.0387634   0.37276194  0.26391624  0.05393985
   0.21472192  0.10472877  0.05078432 -0.05141597 -0.11275409 -0.46998012
   0.01649088]
 [ 0.42883588  0.04331152  0.12463023 -0.06533855  0.13836968  0.07675012
  -0.38909001  0.41820044  0.1345957   0.2628585   0.56093773  0.07276423
   0.18959516]
 [-0.31303297 -0.17267502 -0.11567742  0.35965846 -0.07973695 -0.28291953
   0.46981968 -0.58064906  0.04162789 -0.13244284  0.01939932 -0.01432363
   0.25557277]
 [-0.18596543 -0.03663182  0.15675409 -0.41310567  0.66356044  0.20657678
  -0.14585628 -0.33749125  0.11961734 -0.12918385  0.29089048 -0.18086764
  -0.04856802]]","['bbo_main', 'random_fill', 'random_fill', 'random_fill']","[[0.13884928 0.20700009 0.26937321 0.22501131 0.34217298 0.4864201
  0.12250723 0.18878974 0.26384825 0.0561316  0.08338894 0.10667228
  1.00000011]
 [0.11925346 0.17971111 0.3178972  0.21548022 0.32911532 0.43656248
  0.12178652 0.19452959 0.51634183 0.06826459 0.10396388 0.13586982
  1.00000004]
 [0.10547456 0.16035861 0.21559724 0.22685681 0.33805547 0.4219564
  0.11713519 0.1757577  0.37514251 0.06558539 0.10675653 0.14454294
  1.00000098]
 [0.1149489  0.17447282 0.24165952 0.22312945 0.34982685 0.7555474
  0.11676549 0.17718964 0.25049674 0.06309228 0.09604587 0.12433866
  1.00000004]]",[0.39664607 0.54271661 0.06509167 0.20801139],4,0.03901047939438801,0.41635874870739215,0.459820553068606,0.02075417938662901,0.04013858605630538,31.591218578003463,0.028222417866153038
162,"[[-0.19247844  0.12133085 -0.14433183 -0.48356677  0.31324938 -0.59437638
  -0.32753    -0.14709853 -0.30557177  0.10541155  0.05576847 -0.07168812
  -0.02247281]
 [ 0.67530232  0.11132854 -0.03463636  0.16466679 -0.22068716 -0.00940379
  -0.00574506  0.58711237  0.04629443 -0.00080249 -0.15161861 -0.28949653
  -0.0281503 ]
 [ 0.09730888 -0.27450554 -0.33874881 -0.31490746  0.13418145 -0.08674109
  -0.01237386  0.04838397 -0.21555753  0.69019549 -0.24463432 -0.30059298
  -0.01415909]
 [-0.51280474  0.13413436 -0.08293984  0.44621141 -0.09814242  0.09126002
  -0.28029286 -0.11272363  0.06213055  0.49202041  0.19492302  0.08193333
   0.33641085]]","['bbo_main', 'random_fill', 'random_fill', 'random_fill']","[[0.1230892  0.18696201 0.24900456 0.20224589 0.30276455 0.39538244
  0.11573924 0.17570299 0.23183198 0.07019097 0.10854774 0.17473826
  0.54411766]
 [0.13104166 0.19250114 0.25143261 0.20554227 0.30727448 0.41465267
  0.13061088 0.21111441 0.29497725 0.05890705 0.08903407 0.11658531
  0.5944404 ]
 [0.10701716 0.15594148 0.20433529 0.21948841 0.34598808 0.48789501
  0.12349686 0.18831613 0.24402352 0.06748585 0.09780951 0.12439792
  0.54032629]
 [0.10555497 0.16028882 0.21370565 0.22597882 0.34198651 0.6462842
  0.11426761 0.17667651 0.25111912 0.07571568 0.11472693 0.16342243
  1.00000002]]",[-0.42080868  0.13617215 -0.23403588  0.44897263],4,0.03784695623395229,0.44220904652682397,0.4858950642837761,0.020464985092512614,0.03510168357202742,31.234954033992835,0.027865556997720975
163,"[[-0.44382687 -0.10927618  0.04220151 -0.20885562  0.0223922   0.0431118
   0.50588229 -0.49868172  0.03706274 -0.38477293  0.28308126 -0.08245969
   0.04853805]
 [ 0.58798331 -0.22055088 -0.59229596  0.08708084  0.34493196  0.02254011
  -0.13441093 -0.26267552  0.01935962 -0.14432974  0.12491793  0.05910295
  -0.01951921]
 [-0.10114787 -0.20759891 -0.41027786  0.36174313  0.09602632 -0.05663788
  -0.43551052 -0.08462494 -0.55422687 -0.31064158 -0.14485159  0.09890737
  -0.06161022]
 [ 0.28247329  0.3963937   0.0074493  -0.19847074  0.05681541 -0.00752637
  -0.10311865  0.63966136  0.06386707 -0.26162542  0.45806772  0.00421419
   0.13483077]]","['bbo_main', 'random_fill', 'random_fill', 'random_fill']","[[0.10502018 0.15860988 0.29571784 0.2218974  0.34784621 0.62747871
  0.11831176 0.17643095 0.25415812 0.06467522 0.10297589 0.1313658
  1.00000013]
 [0.10565774 0.15231363 0.19596763 0.24088699 0.37163405 0.49026522
  0.112225   0.16992435 0.23615544 0.06444723 0.10088028 0.19726528
  1.00000008]
 [0.10842626 0.16204952 0.21485501 0.2276361  0.35133176 0.46720071
  0.11390711 0.17211891 0.22661707 0.06450687 0.0997064  0.18471306
  0.36430362]
 [0.13362986 0.19542011 0.25603691 0.19989103 0.30027045 0.40630833
  0.12996783 0.21672388 0.3579953  0.0659118  0.10233806 0.13463753
  1.00000014]]",[-0.03970739  0.01296947 -0.27156407  0.40457054],4,0.040422942293357654,0.41983509175411315,0.46333408817509325,0.020691533041700936,0.03820131712623255,31.990516177000245,0.028235131763028054
164,"[[-1.79366796e-01 -5.24196789e-01  9.92746657e-03 -4.02803928e-02
  -2.46252244e-01 -3.30649041e-01 -4.26298989e-01 -1.69913167e-01
   6.74560208e-03 -5.15440854e-01  1.93399208e-01 -8.40848581e-02
   2.35722912e-02]
 [-5.49052499e-02 -1.07545964e-01 -2.79240702e-01  2.66286022e-01
   3.39449698e-04 -4.10765934e-01 -3.54035686e-01 -4.12054274e-01
  -3.82676453e-01  3.18162367e-01  6.09476550e-02 -3.26528571e-01
   1.21131416e-01]
 [-5.39970167e-02 -1.87055959e-03  1.68467942e-01  2.52356044e-01
  -1.22812422e-01 -2.57467634e-01 -2.14673900e-01 -6.45229646e-01
  -3.05819950e-01  3.64007180e-01 -2.41968711e-01  2.16353224e-01
  -1.72778777e-01]
 [ 2.18244089e-01 -3.44131697e-01  9.49209967e-02 -1.30292563e-01
   4.22365266e-01 -2.14239412e-01 -2.86367145e-01  2.59055861e-01
   1.76293455e-01  4.56552841e-01  3.70999633e-01 -2.39031461e-01
  -1.59083209e-02]]","['bbo_main', 'random_fill', 'random_fill', 'random_fill']","[[0.11131103 0.16755335 0.2914963  0.20444944 0.29991267 0.38339557
  0.12225029 0.19044038 0.26535407 0.06805577 0.11772866 0.15580296
  1.00000004]
 [0.10999284 0.16736621 0.25282053 0.22552756 0.34052777 0.43782521
  0.10901543 0.16015407 0.21431373 0.0725651  0.10893751 0.14163537
  1.00000177]
 [0.11923516 0.1804874  0.24776559 0.21766175 0.33099967 0.43718
  0.11732573 0.18108511 0.24304468 0.06621388 0.10142973 0.14448655
  0.07144732]
 [0.11053175 0.16492618 0.22885667 0.21729982 0.33246598 0.42947935
  0.12333353 0.19739916 0.57708207 0.0673103  0.10220054 0.13075305
  1.        ]]",[-0.39828346 -0.29629951 -0.26119882  0.1482272 ],4,0.0412749455267013,0.43424871886729555,0.4778785276479342,0.020552693971470512,0.033800055660331285,31.559198783012107,0.028115566576769405
165,"[[-0.07821356  0.06299221 -0.00982187 -0.43505988 -0.18996153 -0.00466222
  -0.4842746   0.21240714 -0.11403821 -0.40453803  0.49353047 -0.25403958
  -0.00557527]
 [ 0.13507244 -0.48300692  0.30838895 -0.2600191   0.45897927  0.21637816
  -0.26315452  0.25958781 -0.22014144 -0.19799181  0.16247187  0.27759833
  -0.02252796]
 [ 0.04082654  0.400508   -0.15934265 -0.23831528 -0.01737897 -0.34807279
  -0.29646278 -0.37745306 -0.2746275  -0.21763219  0.48260489  0.20054138
   0.08953349]
 [ 0.13287431  0.23421786  0.19151627  0.10880844 -0.20087137  0.3849699
   0.1519087  -0.63614089  0.00688999  0.24515801 -0.13388759  0.39307997
   0.17343117]]","['bbo_main', 'random_fill', 'random_fill', 'random_fill']","[[0.12389154 0.19349052 0.26167172 0.19289005 0.29200736 0.43203401
  0.12117001 0.19230109 0.24956311 0.06784462 0.10794467 0.13465036
  1.00000018]
 [0.11194269 0.16819939 0.54259645 0.22093158 0.3430191  0.46660483
  0.12122125 0.18700926 0.2423993  0.06467129 0.09935238 0.14872
  1.00000013]
 [0.12209212 0.1847978  0.24574256 0.20906956 0.31466952 0.41020311
  0.11483681 0.17453523 0.23264574 0.0685244  0.10919256 0.39893912
  1.00000001]
 [0.11936104 0.18060954 0.2398877  0.21883042 0.33656202 0.50786306
  0.11609085 0.17661904 0.2361376  0.06610988 0.10152265 0.40483851
  1.00000015]]",[-0.20172154  0.28754229 -0.11472689  0.49790876],4,0.04146968062741169,0.45166926848959954,0.4954073686521384,0.020346690618450503,0.03296126751605727,31.402227940998273,0.02801800674782029
166,"[[-0.0771977  -0.16934169 -0.47844345 -0.05731198 -0.45658106 -0.27835227
  -0.56926006 -0.26650794  0.03596496  0.06061794  0.19975096  0.08132557
  -0.02567219]
 [ 0.10203258  0.49512906 -0.36775425 -0.13033228 -0.43582023 -0.03904718
  -0.06820586  0.36058736 -0.1237802  -0.1382382  -0.47618431  0.06261623
  -0.03104848]
 [ 0.1298669   0.00437599  0.07314722 -0.39172331  0.18885654 -0.19489942
  -0.40460637 -0.60246144  0.05173511 -0.38925718  0.1901971   0.01577266
   0.18269565]
 [ 0.2535287  -0.37272906 -0.02785315  0.26819824 -0.20407828  0.01380616
   0.38522048 -0.22645045 -0.22475553  0.35429227 -0.53033082  0.01911567
   0.1578693 ]]","['bbo_main', 'random_fill', 'random_fill', 'random_fill']","[[0.11098948 0.16568315 0.21798855 0.20356934 0.30445499 0.40080811
  0.12127018 0.18737362 0.26348124 0.07499776 0.12084794 0.23481722
  0.74342233]
 [0.12275538 0.18554309 0.23899608 0.2025679  0.30309093 0.41358666
  0.12652916 0.1997042  0.26111743 0.06145726 0.09281741 0.1810657
  0.31181979]
 [0.12315674 0.1857812  0.48709985 0.20851804 0.31620118 0.40845496
  0.11276591 0.17049763 0.24834729 0.06710987 0.10707146 0.14144276
  1.00000006]
 [0.1111819  0.16253817 0.21732793 0.23268227 0.35414402 0.48906148
  0.11660981 0.16978377 0.21801448 0.05993524 0.08780212 0.19065659
  1.00000105]]",[-0.48395925 -0.17812089 -0.0054629   0.05209311],4,0.039035523065586275,0.4491789660875462,0.49290490096881556,0.020292345935330105,0.036649794944315695,32.36304660899623,0.0274750707940305
167,"[[ 0.44707932  0.12551466  0.12651732  0.0695325  -0.11096773  0.15115985
   0.1742651   0.39635279 -0.54564371 -0.25393848 -0.11417638 -0.40326248
  -0.05503708]
 [ 0.22154423  0.14893303  0.10831022 -0.31981451 -0.60250087 -0.02203679
   0.08299323 -0.44741131  0.05980183  0.4781383   0.10335503 -0.02366477
   0.02705976]
 [-0.31557773  0.28258591 -0.4466055  -0.61402723 -0.2681      0.11092641
  -0.12096403 -0.09475458  0.20842448 -0.00787699  0.116302   -0.27499899
  -0.06019608]
 [-0.15658534 -0.35337345  0.03043685  0.37477886  0.08533666  0.04392308
   0.11491647  0.24133544  0.03440651 -0.49356779  0.61800611  0.04200098
  -0.0085938 ]]","['bbo_main', 'random_fill', 'random_fill', 'random_fill']","[[0.12116072 0.18323742 0.27550521 0.21901983 0.33564313 0.5094804
  0.12232826 0.18889    0.24335973 0.05887214 0.08895628 0.11697411
  0.24186605]
 [0.12363713 0.18783451 0.50116301 0.19873963 0.2980905  0.40403211
  0.12067465 0.18567939 0.25131863 0.07115236 0.10819934 0.14064114
  1.00000038]
 [0.11609545 0.17621352 0.22917299 0.20680286 0.31203285 0.4322485
  0.12394886 0.19656862 0.57453661 0.06691784 0.1017668  0.13021884
  1.00000016]
 [0.10072397 0.15258859 0.21051171 0.2358723  0.35433975 0.51814604
  0.12517432 0.19243119 0.25881774 0.06386862 0.11790199 0.16842925
  1.00000002]]",[ 0.04482748 -0.13151166 -0.25045161  0.18766248],4,0.03857470621303517,0.4471871200801769,0.490902530907027,0.020390519768680462,0.034083647806986875,31.822064875988872,0.027335799185675462
168,"[[-0.59372393  0.16146586  0.16134194 -0.24464897  0.51276997  0.15531646
  -0.12937402 -0.0297312   0.2439485   0.34911933 -0.03202457  0.20512925
  -0.07974799]
 [ 0.28185961 -0.46898235  0.08079958  0.62201186 -0.27617146  0.02587419
  -0.1284269  -0.07562001 -0.20964758  0.21326647  0.32592244 -0.10907743
  -0.02175683]
 [ 0.51791468 -0.14333382 -0.09472957  0.2268109  -0.22212844 -0.13757506
  -0.34786293  0.04538299  0.08080034  0.48394956 -0.40310895 -0.23604609
  -0.02272216]
 [ 0.29489588  0.25449949  0.10816433  0.26704754 -0.11846221  0.01179796
  -0.38268302 -0.06786602 -0.29182461  0.6073138   0.3792625  -0.04669319
   0.00399781]]","['bbo_main', 'random_fill', 'random_fill', 'random_fill']","[[0.11311067 0.1715875  0.23390109 0.22026509 0.34147313 0.45833314
  0.12119252 0.18780327 0.31991743 0.06561113 0.09984599 0.146479
  0.1943313 ]
 [0.10827711 0.16237901 0.47692988 0.22596169 0.34282616 0.45231915
  0.11259924 0.17165639 0.22597999 0.06992166 0.10880257 0.13885694
  1.        ]
 [0.12222857 0.18405072 0.24066972 0.20856258 0.31376828 0.41101971
  0.12249689 0.1949807  0.55022967 0.06100521 0.0908393  0.11824795
  1.00000044]
 [0.12209313 0.1850785  0.50236905 0.21629329 0.32825087 0.43689227
  0.11265257 0.17147774 0.22572998 0.07310209 0.11067845 0.14256868
  1.00000002]]",[ 0.28172207 -0.01087021 -0.11184732  0.12456688],4,0.03858971288066332,0.4805968486105335,0.524395921468535,0.020191466444391744,0.03845904935011055,31.522012456000084,0.027976739148805274
169,"[[-4.31278358e-01 -3.28689423e-01  6.21336797e-02 -5.31984595e-01
  -6.03306585e-02  1.98320846e-02  6.09326238e-03  2.11774562e-02
  -1.76663883e-01 -4.41541126e-01 -4.33608131e-01 -1.35414021e-02
   1.43962349e-02]
 [ 9.60222737e-02 -9.64336114e-02  9.85876993e-04 -1.29932748e-01
   1.13531063e-01  1.85311756e-01  4.06523456e-01 -3.96379246e-01
   1.11911061e-01  6.44388187e-01  3.79225273e-01  1.39920901e-01
  -6.19623171e-02]
 [-1.24053274e-01 -4.58844159e-01  6.43004506e-02  2.15887332e-02
   1.51484988e-01  6.68847661e-02  2.95169652e-01  5.28323986e-01
  -4.37999446e-04  3.82234501e-01  4.77958025e-01 -1.43370732e-02
  -3.23533363e-02]
 [ 5.14491014e-01  3.02559262e-01  4.81461825e-02  3.40809080e-01
   8.37846115e-02  9.12261846e-02 -1.83638768e-01 -2.82577985e-01
  -4.06816795e-01  1.05760655e-01  4.03431279e-01 -2.38058324e-01
  -1.60819337e-02]]","['bbo_main', 'random_fill', 'random_fill', 'random_fill']","[[0.11084794 0.16577825 0.49807502 0.21149855 0.32527805 0.43908838
  0.12549882 0.19266315 0.2472349  0.05877631 0.08877347 0.12001323
  1.00000016]
 [0.1113709  0.16688493 0.22501942 0.21837894 0.33816268 0.53752381
  0.12200399 0.18747326 0.25769571 0.06840597 0.10538249 0.14574851
  0.25553897]
 [0.10483147 0.15736172 0.2698941  0.22017614 0.33628077 0.45956993
  0.12921947 0.20512845 0.27237323 0.07070686 0.10619802 0.13731889
  0.40138518]
 [0.13418891 0.19674855 0.26153334 0.22547573 0.34614399 0.54305383
  0.11032424 0.16154537 0.20937128 0.06487459 0.09980806 0.12824282
  1.00000016]]",[-0.28528545  0.19717864  0.2278047   0.1459763 ],4,0.03620834025166558,0.4766024574610411,0.5204018804915245,0.020156290397609838,0.03678046570321364,31.79778528600582,0.02762576236688262
170,"[[-0.40001882 -0.17033736 -0.48227271  0.14681759  0.33441462 -0.01882469
  -0.17015762  0.11658379 -0.05565494 -0.08751214  0.1430386  -0.60827076
  -0.02975988]
 [-0.05785593  0.16437554 -0.41452999  0.25899321 -0.21917332 -0.0699293
   0.04073597 -0.26359454 -0.02914394  0.25578936  0.72055526  0.1412991
  -0.03477564]
 [-0.04833274 -0.14551582  0.11977901 -0.3107354  -0.22399481  0.18525986
   0.42150352  0.31926366  0.1230146  -0.18223838  0.66981947  0.02267684
  -0.06309059]
 [ 0.09315283 -0.30182939 -0.60901377  0.04329072 -0.03514843 -0.0575357
  -0.05975192  0.2706315  -0.48263358  0.23432726  0.38665282  0.09305607
  -0.00937873]]","['bbo_main', 'random_fill', 'random_fill', 'random_fill']","[[0.10362104 0.15445081 0.20388677 0.23450645 0.364163   0.49906809
  0.12221494 0.18899049 0.25478441 0.0591995  0.0894502  0.11676059
  0.56673229]
 [0.10958565 0.16368508 0.21653367 0.21322524 0.32304369 0.43138521
  0.12055582 0.18453505 0.25053301 0.07426389 0.12214669 0.37287897
  1.00000019]
 [0.11566363 0.17558202 0.23746804 0.20698538 0.31203921 0.51020588
  0.12610814 0.19984991 0.2763821  0.06705571 0.10271554 0.13398939
  0.2530074 ]
 [0.10534727 0.15328047 0.19835527 0.22100903 0.33735825 0.44855845
  0.11958844 0.183078   0.23625653 0.07773263 0.12588402 0.26016567
  1.00000031]]",[-0.11248821 -0.04105102  0.15222689 -0.1752551 ],4,0.03878718093984715,0.47111245678177427,0.5149077869965085,0.020234621384390115,0.03596224302544627,31.142337021999992,0.027684329516932643
171,"[[ 0.04000765 -0.5429641   0.19203339 -0.45382721 -0.05054047 -0.15278812
  -0.50197987 -0.10554076  0.18291783  0.14337298 -0.27908075  0.19526944
  -0.0412463 ]
 [-0.21275723 -0.02019235  0.09366832  0.68635153 -0.31136287 -0.18837071
  -0.05758002  0.0844018   0.08770243 -0.22950414  0.51291909  0.08899711
  -0.01531737]
 [-0.34345087  0.50526976 -0.0363308  -0.58352526 -0.1266201   0.08099818
   0.02415559  0.02994858  0.02218682 -0.40987867 -0.29282671  0.07630788
  -0.02802472]
 [-0.63193143  0.17521964 -0.00276103  0.02686702 -0.21257431 -0.00179469
   0.06898288 -0.51111786 -0.16331462  0.40669988  0.20385898 -0.15413788
   0.02543008]]","['bbo_main', 'random_fill', 'random_fill', 'random_fill']","[[0.11673929 0.17557108 0.3275603  0.2069802  0.31188188 0.40745011
  0.12225559 0.19416722 0.27748259 0.06728174 0.10241903 0.36635289
  1.00000002]
 [0.11463224 0.17537    0.47871543 0.20788933 0.31043043 0.4044417
  0.12330873 0.19035727 0.27737098 0.06792928 0.11494216 0.16587925
  1.00000001]
 [0.12248233 0.18664202 0.24611486 0.20244123 0.30385053 0.48327549
  0.12537294 0.19657091 0.26024893 0.06056146 0.09091297 0.16260863
  0.40737393]
 [0.11491427 0.1822156  0.26174328 0.21239833 0.31849521 0.43560674
  0.11328705 0.16563544 0.21524513 0.08195066 0.12065587 0.1499138
  1.00000024]]",[-0.21945671  0.06285804 -0.10992561 -0.15594028],4,0.03830936447165176,0.4756040785314651,0.5194031513894666,0.02015122125693917,0.039138808387771375,31.572782471004757,0.027467192897379394
172,"[[ 0.27944732  0.36323955 -0.23917105  0.3188178   0.08770593  0.17088967
  -0.19536436 -0.51930501  0.17772557  0.23756843  0.4075694   0.17050086
  -0.05629932]
 [ 0.50055483 -0.36389763  0.09157485 -0.14505122 -0.07728458  0.01005313
   0.68212853 -0.10769097  0.13482614  0.26188791 -0.09808537  0.08373591
  -0.03508721]
 [-0.08666146 -0.35211293  0.08201212  0.2351824   0.29172714 -0.21639553
  -0.00488905 -0.03718608  0.04739582 -0.14804477 -0.60105662 -0.53607762
  -0.01786545]
 [ 0.28003058 -0.17227904  0.38761644 -0.38652134  0.03531245  0.39727062
  -0.41242625 -0.25055005  0.39345303 -0.10137751 -0.16422228 -0.06781143
  -0.0605464 ]]","['bbo_main', 'random_fill', 'random_fill', 'random_fill']","[[0.11878617 0.17887059 0.23151776 0.22048369 0.33910112 0.49591301
  0.1137654  0.17311477 0.26793863 0.06811313 0.10577568 0.18549731
  0.38615753]
 [0.11900646 0.17860065 0.2464405  0.20635498 0.31149517 0.41772046
  0.12628086 0.19786006 0.57574279 0.06684208 0.10191514 0.14046821
  1.00000004]
 [0.10779487 0.16238717 0.45762776 0.22826988 0.34627917 0.44276578
  0.12300585 0.19435446 0.27374745 0.05626816 0.08354723 0.10716428
  1.00000023]
 [0.1185357  0.17925962 0.31191723 0.21863828 0.33381844 0.70553457
  0.12222157 0.19292606 0.28163921 0.06080969 0.09174745 0.12263611
  1.00000003]]",[ 0.2322507   0.09397922 -0.09881253  0.25275547],4,0.04439982171347143,0.4756040785314651,0.5194031513894666,0.020106435867218813,0.040000422730405494,31.325135077000596,0.027500040441525958
173,"[[-0.17420466 -0.3220929  -0.02389089 -0.69962098 -0.04665677  0.05147417
  -0.29455359  0.1919185   0.04782966  0.08730261  0.10264502 -0.47637603
   0.0082517 ]
 [-0.22776193 -0.56726525 -0.00860635  0.09083382  0.36654549  0.13837867
   0.11826128  0.64803262  0.11112499 -0.07305162 -0.06723129  0.08001838
  -0.04433109]
 [ 0.63160911 -0.3302247  -0.40336418  0.19707518  0.13608333 -0.35821294
  -0.2330092  -0.07302955  0.02910975  0.02401226 -0.28616106  0.02125227
  -0.01595995]
 [-0.52447811  0.2101297  -0.23269707  0.14079025 -0.54150937  0.01891719
  -0.00509132 -0.5069756  -0.01721167  0.0007919  -0.22078911  0.04838123
   0.06908338]]","['bbo_main', 'random_fill', 'random_fill', 'random_fill']","[[0.1102154  0.16323195 0.22148882 0.20183419 0.30612425 0.52856688
  0.13026037 0.21425475 0.32991349 0.0634809  0.09289252 0.11637951
  1.00000002]
 [0.10436549 0.15704346 0.21475016 0.22523751 0.34265922 0.54538191
  0.12776759 0.20630184 0.28634505 0.06055502 0.09235128 0.12385001
  0.46294384]
 [0.11333061 0.16179491 0.20748754 0.22295784 0.33914337 0.42931604
  0.12141308 0.19365672 0.3174717  0.06015167 0.09157849 0.1386899
  0.53828723]
 [0.1168254  0.18019221 0.23365801 0.2067215  0.30757449 0.42711716
  0.11523023 0.17456342 0.23682581 0.06836907 0.1056453  0.35139555
  1.00000012]]",[-0.21893138  0.26619991 -0.19283329 -0.2374995 ],4,0.03997718679857465,0.48309405438554726,0.5268914857726938,0.02006280871559158,0.03612835622150934,31.547990706996643,0.027614424356598444
174,"[[-0.18030531 -0.54533541 -0.18709637 -0.04161225 -0.26894694 -0.11511954
   0.1113854  -0.43493361 -0.24918827 -0.39032476 -0.35954857 -0.04957447
  -0.00476809]
 [ 0.02304673 -0.01060771  0.14894377  0.31407687 -0.14858503  0.15027619
   0.063495   -0.34802052 -0.58545948  0.22171522  0.54513216  0.13597835
   0.03373167]
 [-0.07294642 -0.33862132  0.18604475  0.06734152 -0.40861356  0.17477612
   0.20778094  0.42174157 -0.15600076  0.42689386  0.29041278 -0.35826175
  -0.05523242]
 [-0.23042743  0.17868271 -0.00543993  0.3094322  -0.50817844 -0.00743793
   0.31881358 -0.33658107 -0.16973832 -0.25269848  0.4946676  -0.09165921
   0.01425434]]","['bbo_main', 'random_fill', 'random_fill', 'random_fill']","[[0.10649429 0.15639739 0.20538712 0.22959031 0.34953332 0.45163959
  0.11626097 0.1724111  0.22458227 0.05942484 0.09141935 0.16269258
  1.00000067]
 [0.1188984  0.17991298 0.32479926 0.2207145  0.33638573 0.58027768
  0.11285241 0.16539735 0.21382331 0.06902369 0.11245786 0.16249503
  1.00000007]
 [0.11391106 0.17227221 0.53066211 0.20873734 0.31472153 0.46461798
  0.12510003 0.19676728 0.254905   0.0670703  0.10212386 0.13001349
  1.00000024]
 [0.12160445 0.18487099 0.25407637 0.20318449 0.3028129  0.41853588
  0.1160735  0.17091774 0.22107229 0.07094026 0.1285081  0.17144054
  1.00000019]]",[-0.48536898  0.11260443  0.02443543 -0.10435789],4,0.03926147062750607,0.47959811950847553,0.523397542538959,0.020050418295483957,0.03544122233301952,31.46096615199349,0.027574507502581613
175,"[[-0.06830728 -0.12318633 -0.70613722 -0.29460784 -0.15331983  0.05313134
   0.56030447 -0.10320061 -0.04894441  0.04430733 -0.18186274  0.04401502
   0.06666511]
 [ 0.34376576  0.07809233  0.06159319 -0.07373391 -0.42421178  0.08634503
  -0.49913119  0.18107542  0.09169876 -0.24906021 -0.56713205  0.0700717
  -0.01328436]
 [-0.29832094 -0.06475868  0.04344714  0.09974344  0.14224241 -0.10382229
  -0.19889986  0.69794064  0.06318936  0.5397408  -0.18431041  0.07987151
   0.04021748]
 [-0.46283641  0.27905514  0.07767403  0.47062673  0.30976339 -0.03123418
   0.05936465 -0.42189509  0.11980701  0.42685055 -0.03237547  0.04669324
  -0.04643081]]","['bbo_main', 'random_fill', 'random_fill', 'random_fill']","[[0.10538905 0.15283307 0.19709057 0.20959722 0.32012916 0.51873864
  0.14274639 0.21526216 0.27839614 0.0670875  0.10196572 0.14983966
  1.00000023]
 [0.12319694 0.18629231 0.24998999 0.20533234 0.30698274 0.47916628
  0.12373104 0.1973428  0.48593554 0.05899236 0.08918249 0.12534772
  1.00000002]
 [0.1058761  0.15999511 0.22174084 0.21799198 0.33196111 0.42758288
  0.12920419 0.21562019 0.29704043 0.06722568 0.10197455 0.32303912
  1.00000027]
 [0.11387567 0.17525661 0.24345373 0.22654425 0.34750726 0.45512089
  0.11498923 0.17548498 0.29892316 0.06491162 0.09903374 0.13342347
  0.25670254]]",[-0.14663928 -0.08293179  0.21932723  0.20257346],4,0.03752752548657602,0.4940882625469913,0.5378654659634011,0.019953733761438754,0.04275647985281168,31.480589622995467,0.02724245583903917
176,"[[-0.1885211  -0.06926062 -0.23994161 -0.41858979 -0.37280281 -0.21708148
   0.57129702 -0.02861328 -0.3025397  -0.25440458  0.14327568 -0.19131745
  -0.01363124]
 [ 0.01317587 -0.24780688  0.07376494  0.07791519 -0.01385851  0.08853
  -0.01093775 -0.23765966 -0.37517772  0.45985704  0.3453801  -0.61088861
   0.13257307]
 [-0.6425895   0.05799718 -0.01559291 -0.49664989 -0.12959487 -0.13841952
   0.13033172 -0.38916273  0.03752554  0.26558165 -0.24503798 -0.01585097
  -0.01361557]
 [-0.13354177 -0.58769328 -0.00099502 -0.36220874  0.21978247 -0.22015066
   0.07421496 -0.09812932  0.0063093  -0.14852352  0.54371929 -0.27538719
  -0.01055251]]","['bbo_main', 'random_fill', 'random_fill', 'random_fill']","[[0.11247389 0.16931629 0.22962514 0.19675092 0.29601733 0.40321213
  0.14718805 0.21548825 0.27181579 0.06709186 0.10605387 0.15178391
  0.98961512]
 [0.11226732 0.16908176 0.31931115 0.22312126 0.34692646 0.63858052
  0.11291746 0.16957596 0.22249427 0.06732087 0.10138793 0.12645851
  1.00000055]
 [0.11278112 0.17273309 0.23476797 0.20033935 0.30056681 0.39638138
  0.12508263 0.19202446 0.34580152 0.06973239 0.10549523 0.13804015
  0.59805891]
 [0.10365027 0.15176363 0.21338471 0.21145009 0.31970891 0.41064033
  0.12824468 0.19922681 0.30802617 0.0729659  0.11605898 0.14557643
  0.89946221]]",[-0.41698611  0.04852885 -0.32254382 -0.20537383],4,0.03569923046679885,0.509097469092973,0.5528128799198231,0.01982440619215332,0.03579980317840209,31.657029679001425,0.02684668078049321
177,"[[-0.22281478  0.03084682 -0.22996833 -0.37076498 -0.10399971 -0.02525114
  -0.38867385  0.1742665  -0.38039881  0.32942981 -0.55717233 -0.04987759
  -0.00204384]
 [-0.52638508 -0.57115399  0.02971553  0.23052994  0.01153441 -0.11011824
   0.38764119  0.0898354   0.07005163 -0.38581729  0.10934388  0.07649235
  -0.02258899]
 [ 0.48705248 -0.24585556 -0.00284721 -0.27120999 -0.17679972 -0.3263982
   0.09025733 -0.06378912 -0.39370844 -0.30359304 -0.4750537   0.07499638
   0.01694251]
 [ 0.4434006  -0.50185719  0.08674194 -0.01516625  0.17408729  0.12980168
  -0.06334406  0.36008497 -0.27134051  0.35509532 -0.23181648 -0.32849332
  -0.03984312]]","['bbo_main', 'random_fill', 'random_fill', 'random_fill']","[[0.11507733 0.17180067 0.2235552  0.2099737  0.32573515 0.47434681
  0.11473036 0.17354204 0.22471918 0.06601201 0.0951321  0.12592339
  1.0000004 ]
 [0.10165492 0.15393712 0.21474878 0.22405387 0.33986743 0.43556125
  0.13079935 0.20629629 0.30032545 0.0628144  0.09835927 0.32675403
  1.00000071]
 [0.12441914 0.18850287 0.25791773 0.20178274 0.30214151 0.39677082
  0.12274104 0.18904917 0.24405291 0.06159789 0.09347476 0.34810055
  1.00000004]
 [0.11178069 0.16585961 0.24030247 0.22294867 0.34645174 0.54964722
  0.1225067  0.18878354 0.2438894  0.0599403  0.09010491 0.11792897
  0.31490476]]",[-0.33487337 -0.04824251 -0.34125362  0.05859879],4,0.039499838132568854,0.48359356120491837,0.5273905329691797,0.019949456554056673,0.03326401581606367,31.309743303005234,0.027330222278807825
178,"[[-0.34343176 -0.25853628  0.27216144  0.00451937  0.189309   -0.13044716
  -0.26303861 -0.38217627  0.14022348 -0.42732026 -0.35975414  0.35853464
  -0.11306461]
 [ 0.15912793  0.35284352 -0.40325721 -0.67575818  0.46302273 -0.01886369
   0.10437636 -0.03164067  0.00739841  0.04419249  0.00485754 -0.00774659
   0.04670657]
 [-0.08100091  0.2351333  -0.27831485 -0.15422445 -0.47959576 -0.35887657
   0.4568303   0.2495313   0.09744955 -0.32160153 -0.12922326  0.12449609
   0.24903953]
 [ 0.2023907  -0.19321451 -0.04031363  0.3425284   0.54093029 -0.06892494
   0.05438126 -0.6413394   0.10171178  0.05354945 -0.16339506 -0.22518104
  -0.02254348]]","['bbo_main', 'random_fill', 'random_fill', 'random_fill']","[[0.11517579 0.17574947 0.25093266 0.22037196 0.33566584 0.44185258
  0.12124365 0.19054649 0.25791576 0.06174374 0.0937379  0.19480979
  0.15014666]
 [0.12034173 0.17480952 0.21846297 0.2091139  0.35386777 0.47454254
  0.12385173 0.18857407 0.27867172 0.06663494 0.10079236 0.13330784
  1.0000009 ]
 [0.1197854  0.1812896  0.23665201 0.19912277 0.29821098 0.39184875
  0.13561705 0.21244231 0.29488927 0.06451637 0.09812799 0.31907757
  1.00000014]
 [0.10708453 0.16093565 0.22057992 0.25011291 0.37883907 0.4920813
  0.11246528 0.17036423 0.31941031 0.05908395 0.0893609  0.11731201
  1.00000003]]",[-0.08558178  0.06445074  0.05174137  0.10731042],4,0.04131245061669734,0.47111245678177427,0.5149077869965085,0.019955022505110057,0.03330148685580042,31.645410527999047,0.027336360435664786
179,"[[-0.32279351 -0.69356147  0.28327608 -0.06316985  0.15488374  0.30617525
  -0.37474071  0.04625356 -0.02162631 -0.01165261  0.14105917  0.20289448
  -0.09258231]
 [-0.03433141 -0.34941668  0.09317385  0.16971415  0.32321419 -0.55699979
  -0.16666396 -0.10932565 -0.12834593  0.41862059 -0.39169347  0.19894083
  -0.0091006 ]
 [-0.02328399  0.23883633  0.24836757  0.18429856  0.04081316  0.28091281
  -0.27500756 -0.64815446  0.2722862   0.29521068 -0.25061211  0.1903262
   0.10065759]
 [ 0.02246188 -0.62180205  0.07753685 -0.05237054  0.30279268 -0.43677273
  -0.26515188  0.30563725 -0.21657229 -0.27822598 -0.16299875 -0.07869036
   0.02924952]]","['bbo_main', 'random_fill', 'random_fill', 'random_fill']","[[0.10817918 0.1617908  0.29126955 0.22180664 0.34358136 0.72015527
  0.12101551 0.18744644 0.24722357 0.06549066 0.10028543 0.13437888
  1.00000008]
 [0.11137308 0.16755892 0.23829394 0.21744733 0.33008584 0.42423853
  0.12109272 0.19014193 0.25258665 0.06661613 0.10174913 0.44697625
  1.00000003]
 [0.11940877 0.18091254 0.28395602 0.22124822 0.34046196 0.71899761
  0.11462429 0.17451865 0.25763355 0.06472445 0.09880252 0.13109603
  1.00000045]
 [0.10871997 0.16285541 0.51132424 0.22098183 0.33581283 0.42454996
  0.12395665 0.1959961  0.25454583 0.05960254 0.09067794 0.12305481
  1.00000011]]",[ 0.10111524 -0.13841118  0.41306769 -0.19438669],4,0.03711043377756207,0.49058895551452003,0.5343748948828642,0.01983906941722268,0.03193859513831092,31.509448953001993,0.026922978354481153
180,"[[ 0.57964271  0.54654553  0.12752315 -0.00450296  0.28294059 -0.14925571
   0.16619641  0.14652844  0.12904633  0.28208904 -0.17417862 -0.26600206
  -0.01652063]
 [-0.1456164  -0.02427331 -0.05203248 -0.47323126  0.49847036 -0.19456759
  -0.12956318 -0.31119167  0.11987485 -0.5638329  -0.02861193  0.13598918
  -0.00247675]
 [ 0.54806346  0.37457501 -0.46727942  0.15287109  0.21819141  0.03397075
  -0.0164665   0.29383884 -0.02253073 -0.34577223 -0.19389426 -0.15665402
   0.00499335]
 [-0.04211118  0.35156486 -0.13981536 -0.30927969 -0.0623708  -0.02244934
  -0.17690616 -0.59559939  0.01547864 -0.04083541  0.59962283  0.05263733
   0.06908462]]","['bbo_main', 'random_fill', 'random_fill', 'random_fill']","[[0.13463503 0.1978964  0.3862237  0.21525681 0.32721024 0.42379944
  0.12362727 0.1931714  0.35234749 0.05933811 0.08931686 0.1169956
  1.00000027]
 [0.11393719 0.17185086 0.23177181 0.22077464 0.34028849 0.43780962
  0.12030884 0.18540985 0.26900897 0.06076655 0.09337573 0.43207233
  1.        ]
 [0.13157441 0.18632234 0.23001023 0.22598347 0.34568083 0.51177853
  0.12474834 0.2005266  0.26756001 0.05555684 0.083037   0.10877031
  1.00000002]
 [0.12102098 0.18266353 0.23640665 0.2027702  0.30423813 0.41257926
  0.1134614  0.17122657 0.24204808 0.08036162 0.13422811 0.23085837
  1.00000044]]",[ 0.31166985 -0.07455109  0.16526386 -0.02474879],4,0.036481844208982483,0.5055935524617328,0.5493269184305429,0.019708732742340977,0.034951495644562444,31.783776215001126,0.02683680612817424
181,"[[ 0.37191722  0.23548806  0.15998474 -0.37077727  0.05241457  0.11963309
  -0.16528621  0.40332456  0.21201088 -0.33960601  0.51815616 -0.06384042
  -0.05709816]
 [-0.49172673 -0.22108364 -0.00320303  0.31190494  0.02289118 -0.27674223
  -0.14056407  0.45746978 -0.41845218 -0.35241495 -0.07741658  0.01930926
  -0.01483473]
 [-0.1100427  -0.00402369  0.04552813 -0.05608916 -0.10232317  0.20185475
  -0.42210448 -0.13353495  0.20001249 -0.69886406  0.40269514  0.20796458
  -0.04009804]
 [-0.28738358 -0.11891388 -0.06472696  0.41419179 -0.01587903 -0.07955681
   0.14221293  0.24134654 -0.31981734  0.49367949  0.40767403 -0.35976027
   0.02904336]]","['bbo_main', 'random_fill', 'random_fill', 'random_fill']","[[0.12101087 0.1822774  0.25042455 0.20851309 0.31538075 0.42940798
  0.12380578 0.19687177 0.57897169 0.06589421 0.10091003 0.13205831
  1.00000019]
 [0.10390993 0.15872009 0.22213701 0.2271947  0.34213031 0.43147782
  0.12500621 0.19522572 0.25085858 0.05899075 0.09148146 0.17528167
  0.49749697]
 [0.11508513 0.1748947  0.23341419 0.21918824 0.33401009 0.4779898
  0.12088177 0.19010155 0.27455475 0.06451353 0.1018994  0.42843814
  1.00000007]
 [0.09998394 0.15352936 0.23307828 0.23390841 0.35240327 0.46289066
  0.12090978 0.18632566 0.24118661 0.08167934 0.11884903 0.14682751
  1.00000009]]",[ 0.2646527  -0.19271135  0.07072693  0.04240813],4,0.036669288276749146,0.5171104741311386,0.5607767391670402,0.019682904611015444,0.04000045839127034,31.624019955008407,0.02702458910829375
182,"[[ 0.33324356 -0.19741723  0.0132019   0.36518129 -0.3014407  -0.09769791
  -0.31142262 -0.21679324 -0.43130188 -0.20983754 -0.49068097 -0.02709752
   0.02221662]
 [ 0.23512487 -0.18020818 -0.04545081 -0.63589661 -0.00284423  0.10803501
   0.50662466 -0.43098366  0.07464383  0.01099051 -0.11893755 -0.17341954
  -0.04246114]
 [-0.62428288  0.10105065 -0.05555446  0.17467917 -0.55219256 -0.03633763
  -0.18337426  0.14583873  0.05512416 -0.43494319  0.0412817  -0.0173338
   0.1054018 ]
 [-0.01160248  0.0394765  -0.24681757 -0.05288001  0.48099793 -0.453018
  -0.29755563  0.11464565  0.02696043  0.1717343   0.44951473 -0.40483327
  -0.01230828]]","['bbo_main', 'random_fill', 'random_fill', 'random_fill']","[[0.12573268 0.19050692 0.31643116 0.22482269 0.33929433 0.43722875
  0.1098002  0.161574   0.20856826 0.05749702 0.08781083 0.12048779
  1.00000003]
 [0.11977875 0.17948126 0.23757663 0.20917912 0.3227312  0.49848607
  0.12420705 0.19057329 0.26806451 0.06226583 0.09325581 0.12143178
  0.19377591]
 [0.10919263 0.16530113 0.22488687 0.20454035 0.3045236  0.41125608
  0.12972056 0.20879659 0.51249591 0.06533001 0.10138819 0.13374835
  1.00000004]
 [0.10734333 0.15864471 0.21122158 0.22019564 0.33460647 0.4229335
  0.12080162 0.19802539 0.35341667 0.0700042  0.10591016 0.13174431
  0.61308341]]",[-0.2498034  -0.13395148 -0.09755938 -0.0943757 ],4,0.0397208373244648,0.5301436777628499,0.573705940036177,0.01960081411463127,0.03718068344752845,31.75284206001379,0.026733848122288267
183,"[[ 0.47611035  0.22128928  0.15446495  0.38702913 -0.2475513   0.14617886
  -0.02596914 -0.01970947 -0.24663829 -0.08525277  0.60124676  0.18551666
  -0.05453134]
 [ 0.3779231  -0.06474902  0.04234552 -0.34104784  0.38420925  0.04416739
   0.04166767 -0.35240123 -0.11113786  0.44193798  0.10423768 -0.48931117
   0.03785356]
 [-0.4010248   0.21424799 -0.1502934  -0.04501106  0.36814298 -0.39341807
  -0.43123185  0.32224502 -0.0717612   0.41399391  0.08524005  0.06386401
  -0.02584387]
 [ 0.08980008 -0.38119728 -0.31127796 -0.2229038   0.07586923 -0.13787841
   0.53283409  0.21839355  0.12442768  0.12117169 -0.55631888 -0.0430919
   0.04644965]]","['bbo_main', 'random_fill', 'random_fill', 'random_fill']","[[0.12103281 0.1828108  0.27305113 0.21724394 0.33103719 0.4558695
  0.11470954 0.17439238 0.22920038 0.06759169 0.10749555 0.40456913
  1.00000002]
 [0.12365017 0.18367285 0.31780834 0.22380804 0.3575318  0.52055316
  0.11174951 0.16520359 0.21605457 0.06160106 0.08995894 0.11226192
  1.00000001]
 [0.10885042 0.163789   0.21952167 0.21655994 0.32916714 0.41886502
  0.12142882 0.19531225 0.26136058 0.07172764 0.10745126 0.1984328
  0.34114539]
 [0.10917944 0.16178862 0.21389701 0.21064606 0.31858944 0.41758386
  0.14251249 0.21994461 0.45174144 0.06011725 0.09040368 0.12273449
  1.00000011]]",[ 0.22547167  0.07427469 -0.06037996 -0.02047779],4,0.04025681908797321,0.5251291337530134,0.5687349438471954,0.01960904714355244,0.036436789712348594,31.427716299003805,0.026824490259995504
184,"[[ 0.21232321  0.25768256 -0.19504554 -0.61136601  0.07277613  0.1126516
   0.44154166  0.39443786  0.08522153 -0.29148719 -0.06311574  0.09669338
   0.05118291]
 [-0.36435149  0.33167177  0.04398778  0.08327085 -0.03758542 -0.21065444
  -0.15081179  0.36322987 -0.06016324  0.6536597  -0.34070407 -0.03055544
  -0.00112219]
 [-0.18804589 -0.17586509  0.31237919 -0.332185    0.16713645  0.21331764
   0.584355    0.17740384  0.33158032  0.18896154  0.13896333  0.33338634
  -0.05737111]
 [-0.34745298 -0.46051208 -0.23137338  0.50548923  0.19143345  0.01124792
  -0.22715484  0.36754797  0.01294528  0.01735679 -0.13118722  0.07146962
   0.33451623]]","['bbo_main', 'random_fill', 'random_fill', 'random_fill']","[[0.11997586 0.17987816 0.23235375 0.20156799 0.30421569 0.57201092
  0.1425665  0.21921766 0.29667397 0.06134534 0.09233683 0.13944103
  1.00000065]
 [0.11997259 0.18886391 0.41575864 0.20209707 0.29859326 0.38408234
  0.12706429 0.20366662 0.26675523 0.06825735 0.10075983 0.13269443
  1.00000013]
 [0.11323365 0.17135115 0.29987995 0.21670091 0.33096617 0.43743689
  0.12413407 0.19575416 0.28333299 0.06646329 0.10145281 0.39869327
  1.00000035]
 [0.1001609  0.14786987 0.19564828 0.24561319 0.36491768 0.47420025
  0.12232644 0.19894482 0.27110555 0.06089812 0.09324057 0.18712528
  1.0000009 ]]",[0.20550781 0.00579154 0.42231172 0.43674076],4,0.03538055665782064,0.5191146080767103,0.5627668212952763,0.01959027219802741,0.03492119128209812,31.707359629988787,0.026792791252535475
185,"[[-0.38089476  0.4756901  -0.37198317  0.13909049  0.0219923  -0.01747012
   0.09116346  0.33051597  0.05877767 -0.19496094 -0.4478933  -0.31983098
   0.09063756]
 [-0.04810801 -0.36377952  0.07392622 -0.13500439  0.40768984 -0.3973821
   0.26271157 -0.05582281 -0.55278835  0.35177849  0.12056795  0.02008306
  -0.03374434]
 [-0.17993232  0.42952032 -0.02776863 -0.14584683  0.35787127 -0.09132788
  -0.48798825  0.19163182 -0.11378978  0.13951631  0.53222279 -0.18347974
  -0.02208004]
 [ 0.04417848  0.08802589 -0.18134682  0.39349593  0.24471136 -0.03701549
   0.20487824  0.34965312 -0.45460434 -0.60264979 -0.03815779  0.07494773
  -0.01275741]]","['bbo_main', 'random_fill', 'random_fill', 'random_fill']","[[0.10652158 0.16069367 0.2114822  0.22401894 0.34062783 0.45144106
  0.14124292 0.22172543 0.37403701 0.05555633 0.08254459 0.10617569
  1.0000033 ]
 [0.11135656 0.16697737 0.31020763 0.21911998 0.33702531 0.43284214
  0.11467465 0.17262759 0.2266257  0.07029479 0.10883785 0.14481043
  0.42114299]
 [0.11998259 0.18264364 0.25359699 0.21956996 0.33815068 0.44816292
  0.11308658 0.17230992 0.23371571 0.0714716  0.10821085 0.13686442
  0.25687213]
 [0.10679284 0.15991788 0.2125278  0.2439963  0.37125124 0.48542207
  0.12093346 0.18518132 0.2379182  0.05667355 0.0883714  0.24747033
  1.00000002]]",[ 0.10498454 -0.18559035  0.08590025  0.09877721],4,0.036706196077950476,0.5276361281165913,0.5712207195819823,0.019526704740356192,0.03249433579468794,31.25482455000747,0.026170631742262473
186,"[[ 0.06376736  0.23157569 -0.55432585 -0.19608324 -0.075396    0.15361956
  -0.0228848   0.24452792 -0.29239534  0.08143527  0.00717795 -0.6425185
  -0.04439832]
 [ 0.11852367  0.26059932  0.10285044  0.40270693 -0.1581823  -0.24131476
   0.55807365  0.25290935  0.04950713 -0.49639781  0.04597483 -0.18469783
  -0.0391988 ]
 [ 0.18966391  0.32651384  0.03903349 -0.22460653 -0.24460683 -0.41622652
   0.00260345  0.64504753  0.09021309 -0.38396503  0.02519637 -0.00403184
   0.00747256]
 [ 0.4499271   0.52147061  0.06682401  0.16312992  0.36962628  0.0040913
  -0.19612981  0.3652605  -0.0348349   0.01886464  0.41689391  0.09450576
  -0.04163545]]","['bbo_main', 'random_fill', 'random_fill', 'random_fill']","[[0.1118731  0.16736355 0.21976261 0.2203905  0.34072617 0.76039373
  0.12386138 0.1915548  0.24697279 0.05992706 0.09017065 0.1173168
  1.00000018]
 [0.12138585 0.18390825 0.31983949 0.20744911 0.30908012 0.40414033
  0.13006476 0.20436688 0.27583056 0.05897823 0.09013698 0.11931072
  0.3686685 ]
 [0.12196976 0.18422103 0.24909082 0.19819041 0.29395379 0.38143813
  0.14155728 0.22268497 0.36619227 0.0624152  0.094128   0.12646628
  1.00000002]
 [0.12192851 0.18416827 0.24876035 0.21873836 0.33286787 0.43954005
  0.12075638 0.18921334 0.25167769 0.06600922 0.10213275 0.18670194
  0.17126863]]",[-0.17047871  0.10864142 -0.01976041  0.41903661],4,0.03626897404052548,0.5381715783677634,0.581654903768072,0.01960836182458638,0.03516328246575001,31.53543468398857,0.02683461777557883
187,"[[ 0.23473975  0.3440762  -0.66779941  0.15236438 -0.02079509 -0.272776
  -0.30010593 -0.22731501 -0.09063902  0.32648347 -0.08969929 -0.12228208
   0.05438047]
 [-0.19655162  0.45657096 -0.07498213  0.31869883  0.02072098 -0.01361686
  -0.05820162  0.58153801 -0.30997972  0.03870031 -0.13692564 -0.43261045
  -0.00670235]
 [-0.28395685  0.36581134  0.04097752  0.35062401 -0.30452255  0.0700213
  -0.38625676 -0.41291833 -0.08547889 -0.24047865 -0.39399171 -0.14893953
   0.03243977]
 [ 0.1670792  -0.15608095  0.06159711  0.20057289 -0.38759818  0.08494739
   0.18684416  0.37924545 -0.68068112 -0.01382809 -0.32185428 -0.01750383
   0.00993799]]","['bbo_main', 'random_fill', 'random_fill', 'random_fill']","[[0.11755976 0.16859173 0.21338784 0.21298904 0.32065734 0.41902962
  0.11135971 0.17115524 0.27210241 0.07773849 0.11435176 0.14688032
  1.00000001]
 [0.11819277 0.19165626 0.25515513 0.23558206 0.35136724 0.49393897
  0.12493548 0.19461505 0.24954388 0.05486838 0.08166587 0.1046229
  1.00000086]
 [0.12111969 0.19140707 0.26661206 0.22544269 0.34156603 0.64328663
  0.11153064 0.16942357 0.22418182 0.05699933 0.08645115 0.11430818
  1.00000009]
 [0.12185292 0.18485707 0.27242655 0.21144667 0.31814691 0.6878365
  0.12253432 0.18707076 0.23743727 0.06003339 0.09039661 0.12197206
  1.00000001]]",[-0.19085955  0.08830514 -0.09792773 -0.10408585],4,0.035804396565453755,0.5416855835248746,0.5851307767663683,0.019430593838897635,0.03451417012911201,31.338263894998818,0.026443996534044806
188,"[[-0.06308957  0.07413005  0.41733173  0.07828525  0.01106665 -0.18057834
  -0.63540611 -0.2507597   0.4033815  -0.32165028 -0.00438162 -0.17076804
  -0.12458439]
 [-0.12774972 -0.1651092   0.13068566  0.29479316  0.42480768 -0.12434202
   0.56974633 -0.14800112  0.15188282 -0.45604104  0.19618563  0.1428719
   0.14162096]
 [ 0.47232316 -0.1785756   0.15005506  0.28545839  0.33209476  0.02933583
  -0.4822751   0.19651745  0.20829298  0.43543418 -0.0465726   0.1414581
  -0.05911326]
 [ 0.10882914  0.65193    -0.59258175 -0.17478373  0.08161036 -0.01501786
   0.13826363  0.26542644 -0.14973092 -0.13489676  0.07415979  0.06833331
   0.18493673]]","['bbo_main', 'random_fill', 'random_fill', 'random_fill']","[[0.11948941 0.18093291 0.57392561 0.21595182 0.32805638 0.43345391
  0.12217964 0.19260571 0.27907419 0.06091429 0.09228092 0.12352127
  1.00000034]
 [0.10822392 0.16296667 0.29513997 0.22463972 0.34421685 0.44093338
  0.12401758 0.19136235 0.48471666 0.0631475  0.09897612 0.156951
  1.00000001]
 [0.11709304 0.1763921  0.24432264 0.22098455 0.33723858 0.44397389
  0.12091274 0.19184597 0.5804627  0.06468775 0.09886116 0.1373448
  1.00000002]
 [0.12088758 0.17820781 0.22421626 0.21175628 0.32390624 0.43533926
  0.12503374 0.19524455 0.25219148 0.06599337 0.10165573 0.40583611
  1.00000054]]",[0.00862191 0.42608089 0.33274217 0.22200858],4,0.03811196732273742,0.5326517835461851,0.5761906043554965,0.01941632953662581,0.0356159404054901,31.219043609991786,0.02640523775443896
189,"[[-0.12834602  0.1102726  -0.13296859 -0.04872245  0.20273503 -0.09216548
   0.0963476   0.66855948 -0.65478386 -0.12251028  0.01551025 -0.03787015
  -0.00606086]
 [-0.39548248  0.48882681 -0.49479976  0.11056849 -0.44242405 -0.00427464
   0.1829934   0.08956831  0.02575133 -0.18192484  0.25859702  0.09831174
   0.00509755]
 [ 0.55646586  0.3861704  -0.05909019 -0.03498242  0.03683455  0.16938511
   0.60199556  0.15437649  0.10914432  0.18738804 -0.21915929  0.15376654
  -0.03901539]
 [-0.17911645  0.06017455  0.19685463  0.65632618  0.05039329  0.24493731
  -0.44449437 -0.01265521  0.22845023 -0.34193752 -0.19718122 -0.15168056
  -0.05927185]]","['bbo_main', 'random_fill', 'random_fill', 'random_fill']","[[0.10573853 0.15897105 0.21179518 0.22894989 0.3570168  0.4675552
  0.12574272 0.18689331 0.23096734 0.05873572 0.0905186  0.1719348
  0.79020511]
 [0.11345833 0.17161708 0.22295004 0.20395066 0.30482161 0.41466351
  0.12860809 0.20130294 0.27562588 0.06733479 0.10598265 0.40074631
  1.00000003]
 [0.12114262 0.18233463 0.24049708 0.21691189 0.33136275 0.75461863
  0.12503384 0.19623052 0.26597942 0.06079807 0.09165309 0.1404021
  1.00000001]
 [0.11537069 0.17604749 0.24303535 0.22387169 0.34033515 0.76328922
  0.12093012 0.1920983  0.27401982 0.05874954 0.08886898 0.1170546
  1.00000019]]",[-0.03733237 -0.07706273  0.3645249   0.28059024],4,0.03651297023610699,0.5517316638596704,0.5950557769062866,0.01926487934419324,0.03518977850036818,31.297541321997414,0.02637335926000209
190,"[[-0.18317526 -0.17550563  0.07294336 -0.34195379 -0.29253702  0.09163338
  -0.0567304  -0.54399824  0.08633051 -0.49537032 -0.10316056 -0.39565215
  -0.01539559]
 [ 0.16219521  0.22864166  0.17693691  0.12658749 -0.2068652   0.167052
  -0.51367764 -0.58524963  0.24439523 -0.05818835 -0.34547047  0.09782468
  -0.0704896 ]
 [ 0.66367531 -0.14478467  0.04964989  0.53885121 -0.01125045 -0.03146212
  -0.31424222  0.13243682 -0.25792369  0.204778   -0.13281242 -0.04406925
  -0.01739915]
 [-0.00265103  0.01448754  0.33703846 -0.17023249  0.48945496  0.22580573
  -0.00714628  0.11172688 -0.67179113 -0.11767771  0.28254387 -0.03669623
  -0.08827052]]","['bbo_main', 'random_fill', 'random_fill', 'random_fill']","[[0.12123965 0.18387808 0.25753662 0.21125791 0.32121925 0.67503013
  0.11751712 0.17877321 0.26470039 0.05869978 0.08909683 0.11450294
  1.00000002]
 [0.12077433 0.1830176  0.25136628 0.2202826  0.33565164 0.45918818
  0.11497874 0.17687307 0.54178894 0.06131816 0.09254759 0.12400225
  1.00000001]
 [0.13355269 0.19504135 0.34507039 0.23358154 0.35199502 0.45970784
  0.11087285 0.16984474 0.22344712 0.05983495 0.09022214 0.11950451
  0.94332108]
 [0.11838655 0.17875439 0.54723181 0.22109114 0.34458622 0.46928279
  0.11574153 0.17490826 0.22903922 0.06455278 0.09881767 0.13020583
  1.00000001]]",[-0.32008355  0.01700326  0.0935828   0.21582695],4,0.03678507893174532,0.5467074978524052,0.5900944026702362,0.01937850760304898,0.03757554077028906,31.461753495008452,0.02667974844829825
191,"[[-0.02302565  0.25054389 -0.43981817 -0.55870363  0.26560763 -0.06445425
  -0.31731804  0.12833847  0.01393455 -0.34744575 -0.01270697 -0.34323188
  -0.0190326 ]
 [-0.52833089 -0.29855481  0.04490959 -0.63057039  0.03709599  0.06248861
   0.21746429  0.19866517 -0.1065253   0.35630697 -0.01578472  0.02666987
  -0.02816676]
 [-0.56947301 -0.21622976  0.33055717 -0.28700183  0.20783163  0.06071563
  -0.05788098 -0.01909625 -0.01499575 -0.14975456  0.47340919  0.35770153
  -0.10951663]
 [-0.20942814  0.21735775 -0.06384181 -0.08066218  0.26999938 -0.01000644
   0.50185057  0.39511096 -0.30925576 -0.42435245  0.25555142 -0.27624536
  -0.00383164]]","['bbo_main', 'random_fill', 'random_fill', 'random_fill']","[[0.11212218 0.16673546 0.21635399 0.21916979 0.33605171 0.44582871
  0.12395672 0.19942437 0.29371268 0.05777822 0.08784056 0.11506801
  0.25872059]
 [0.10855191 0.16217643 0.22672464 0.20779188 0.31887429 0.50408431
  0.12811567 0.19924781 0.25819719 0.06859089 0.10350427 0.13739072
  0.35771504]
 [0.11279936 0.17116521 0.3149423  0.21729858 0.33141415 0.43853954
  0.12199554 0.19037285 0.25226033 0.06711048 0.10384895 0.17058538
  0.23812146]
 [0.11048736 0.16838542 0.22691559 0.22352102 0.34826424 0.48887421
  0.15001917 0.21812831 0.27260916 0.05570504 0.08610106 0.11220172
  1.00000016]]",[-0.19314941 -0.1269529   0.09557257  0.11078753],4,0.0369956164032654,0.5587692979087877,0.6019978992197291,0.019262560242246842,0.03464905472092633,31.662670150995837,0.02639327338468872
192,"[[-0.26128572  0.0337068   0.31472197  0.29504525 -0.06153651  0.01518053
  -0.2705681  -0.27335858  0.37036704 -0.31207581 -0.44864467  0.38073347
  -0.10835005]
 [ 0.55092714  0.17483477 -0.02298893  0.25282548 -0.10664338  0.0617971
   0.25148501  0.34914089 -0.36173909  0.4937563   0.1566083   0.04093875
  -0.01656849]
 [-0.24969595  0.03938716 -0.0458667  -0.62072771  0.3355179  -0.19136274
   0.33780701 -0.27783063  0.00322835  0.30608929  0.24317318 -0.22938825
   0.05239572]
 [-0.10176575 -0.2042955   0.0580177   0.56158366 -0.05094623  0.0495012
   0.13709815  0.19746424  0.05054749  0.50412972  0.11903874 -0.40873153
   0.35832582]]","['bbo_main', 'random_fill', 'random_fill', 'random_fill']","[[0.11589232 0.17688126 0.25112583 0.21951457 0.33407948 0.44057358
  0.12229575 0.19262669 0.28453956 0.06096227 0.09261923 0.43677668
  1.0000006 ]
 [0.13484262 0.19732202 0.25575346 0.20735658 0.3120257  0.5285886
  0.12254075 0.18782782 0.23985614 0.07674673 0.1149229  0.156364
  1.00000004]
 [0.11160773 0.167451   0.22319381 0.19897144 0.30729555 0.40243564
  0.12559096 0.19040285 0.29919991 0.08287796 0.12043153 0.1467665
  1.00000161]
 [0.10388525 0.15765939 0.32213277 0.2443866  0.36244208 0.48638072
  0.12500159 0.19966381 0.2800148  0.06025739 0.08794148 0.11130713
  1.00000001]]",[ 0.1226187   0.21007761 -0.06505011  0.5431583 ],4,0.03848932610638915,0.5789015239524069,0.6218078343771305,0.019114660158013094,0.03778922759033976,31.494889167996007,0.026267313552796934
193,"[[ 0.31099558  0.36568871  0.04228212  0.58085195  0.21289148 -0.00818521
   0.01331677  0.37012151  0.04994314  0.39232171  0.18571532 -0.23788903
  -0.0181025 ]
 [ 0.00070682  0.22969527 -0.49345951  0.36630529 -0.27292825  0.0775244
   0.29069271  0.08973228  0.1345344   0.28465164 -0.49704314  0.1250451
   0.1862512 ]
 [-0.22246786 -0.05130085  0.16458852  0.07222119 -0.35725093 -0.56082513
   0.20564794  0.33269583  0.14216622 -0.25983042  0.12270782 -0.46470083
  -0.04139088]
 [ 0.08861659  0.32146518 -0.20841685  0.02639141 -0.01641502 -0.58248668
  -0.05729903  0.0112757  -0.0617101  -0.31773446  0.32296778 -0.54082951
   0.01160044]]","['bbo_main', 'random_fill', 'random_fill', 'random_fill']","[[0.12905307 0.19018738 0.25629068 0.24253756 0.35917243 0.46635919
  0.12217538 0.19593005 0.28238579 0.06023709 0.0907118  0.11669908
  1.00000012]
 [0.10964979 0.16364135 0.21535747 0.21958838 0.33469717 0.45379785
  0.12612026 0.20004554 0.53905007 0.0603444  0.09095242 0.16464172
  1.00000102]
 [0.12047047 0.18259499 0.48525806 0.20113844 0.30095131 0.39215369
  0.12989051 0.20684839 0.29278878 0.06208748 0.09355785 0.122212
  1.00000016]
 [0.13458597 0.199481   0.25892541 0.20014267 0.29281251 0.37633052
  0.12542766 0.19624006 0.30619204 0.06131163 0.09360286 0.12209612
  1.00000012]]",[ 0.41690984  0.26160588 -0.23489936 -0.2641958 ],4,0.04204535706495088,0.5834363771220619,0.6262599675165819,0.01908751834197994,0.03251179249966579,31.581496047991095,0.025739536032331062
194,"[[-0.08155649  0.03742405 -0.48155421  0.03983869  0.00801068  0.04997448
  -0.667084    0.28834826 -0.25296642 -0.32507488  0.23869047 -0.02646449
  -0.02048908]
 [ 0.07253754  0.16360264 -0.32122745  0.0399339   0.8632995   0.03566087
   0.00092779  0.29012716  0.1004458   0.10263807  0.03936951  0.09433052
  -0.03723175]
 [ 0.19269319 -0.31736954  0.191228   -0.0448107  -0.13145212  0.08040466
  -0.47705703 -0.33405888  0.17403589  0.47862328  0.41348621 -0.16837981
  -0.0442166 ]
 [-0.22538103  0.31187347 -0.15579408  0.48778863  0.45355869  0.19019016
   0.25447748  0.29868558  0.18797794  0.07378276 -0.35196224  0.16532459
  -0.04335782]]","['bbo_main', 'random_fill', 'random_fill', 'random_fill']","[[0.10669182 0.15564117 0.20104655 0.23041366 0.35212591 0.54411999
  0.11356265 0.17457529 0.22915123 0.06451053 0.10343017 0.13788451
  0.68058687]
 [0.10573079 0.15839609 0.21020993 0.23278839 0.36154867 0.477507
  0.12217764 0.1886793  0.28239708 0.06321573 0.09729135 0.17214279
  0.47744282]
 [0.11844816 0.17882506 0.55183555 0.21588678 0.3286934  0.43631902
  0.11475535 0.17755096 0.2593462  0.06838037 0.10439826 0.13272601
  1.00000019]
 [0.11152679 0.17000482 0.22285614 0.2271484  0.34499158 0.73439773
  0.12318511 0.19583309 0.28462588 0.05922316 0.08943203 0.13417544
  1.        ]]",[-0.15776075  0.39650841 -0.00579355  0.49517523],4,0.03489157098216525,0.5658113940443992,0.6089355594748076,0.019194035688685922,0.03690415920183543,31.320063930004835,0.026380972802110103
195,"[[-0.12349334  0.36212976  0.08468604 -0.34928369  0.12038916  0.07823304
  -0.43712577  0.01997822  0.01433311  0.19607684  0.68344482 -0.07780656
  -0.02337367]
 [ 0.1499354   0.37643654  0.07928931  0.4284306   0.03266086  0.17203128
  -0.20577406  0.58478297  0.18293362  0.38556097 -0.16760476  0.13428217
  -0.05248545]
 [-0.14411842  0.22604405 -0.15389255  0.44820706 -0.34816841  0.0050675
  -0.01553778  0.3789736  -0.21523332  0.18598047  0.53042729 -0.27538629
  -0.01863635]
 [ 0.25303233  0.56357602 -0.15079654 -0.3041124   0.48969061 -0.1471329
   0.04725038 -0.2627039  -0.25270365  0.00739848  0.27680163 -0.1690946
   0.03627466]]","['bbo_main', 'random_fill', 'random_fill', 'random_fill']","[[0.12071192 0.18327477 0.45798383 0.21258506 0.32370839 0.45067544
  0.11404518 0.17356062 0.23348134 0.07573551 0.11848912 0.14931218
  1.00000008]
 [0.11847653 0.17931014 0.23842893 0.21997329 0.33527795 0.50394008
  0.1234646  0.19687482 0.53794379 0.06135352 0.09266249 0.12873539
  1.00000004]
 [0.11559581 0.17736444 0.23096716 0.20797565 0.31059949 0.44766106
  0.12460037 0.19544563 0.25285949 0.07148511 0.10805776 0.13598908
  0.25740624]
 [0.13942628 0.20334754 0.26350268 0.22019587 0.34351484 0.47356017
  0.11136546 0.16286823 0.21243443 0.06619036 0.10069583 0.1324855
  1.00000025]]",[0.10802464 0.45711229 0.02130622 0.09274883],4,0.03630801423105781,0.577390325827636,0.6203233704022977,0.019102525949576232,0.038149595027030136,31.280278477992397,0.02629180080464441
196,"[[-0.13709138  0.03008944 -0.05087564  0.57519573 -0.17837992  0.04712948
  -0.42292797  0.25586574  0.0285129   0.40104171  0.17581806 -0.41931243
   0.01019054]
 [-0.34051665 -0.06860795 -0.4528016   0.41114278  0.14420921 -0.05782465
   0.11889407 -0.15236782 -0.4013401   0.52205109 -0.0799863  -0.05493156
  -0.02748538]
 [ 0.41756058 -0.52616366  0.05371788 -0.29212731 -0.5909952   0.05930315
  -0.02844294  0.20170278  0.01458176 -0.17837701 -0.11019764  0.01006743
   0.14835743]
 [-0.26455855  0.22506741 -0.33772896 -0.31744552 -0.25832348  0.10969869
   0.53282696  0.23272244 -0.21714985 -0.18014125 -0.40203873  0.07321528
  -0.03303419]]","['bbo_main', 'random_fill', 'random_fill', 'random_fill']","[[0.10493721 0.15943466 0.21273592 0.24592576 0.36328085 0.56532924
  0.11878851 0.1962009  0.27241493 0.06086784 0.08911109 0.11145027
  1.00000038]
 [0.10375009 0.15593074 0.2070287  0.23670953 0.36379639 0.48788528
  0.11283541 0.1703989  0.22485632 0.06688395 0.10230114 0.14801834
  0.64327216]
 [0.11540151 0.16999158 0.28666334 0.19850867 0.29875549 0.579851
  0.13120064 0.21001954 0.27870021 0.06576352 0.10028637 0.13133499
  1.00000003]
 [0.11508743 0.17403272 0.22660251 0.2090803  0.31510256 0.70466816
  0.12927305 0.20171281 0.25975453 0.06070378 0.09116574 0.13897724
  1.00000022]]",[ 0.09415074 -0.12006625 -0.05643185 -0.14930607],4,0.03592493935681866,0.5753757202588834,0.6183437598408255,0.01896711077451395,0.03440293220757269,31.623931321999407,0.025937530279314003
197,"[[-0.30815995  0.10621126 -0.23987637 -0.06662679 -0.15602982 -0.31218447
  -0.05382667 -0.17394066 -0.44002407 -0.08843215  0.22157231 -0.65266232
  -0.01777314]
 [ 0.6819823   0.13823824 -0.02230045  0.31201655  0.00192968 -0.47092377
  -0.13732671  0.30485543  0.00502469 -0.2639533  -0.11687832  0.01450048
  -0.02833577]
 [-0.05279467 -0.14096766  0.01397592  0.44374533  0.02613146 -0.57210055
   0.39912926 -0.46642436 -0.10160447  0.24775155  0.05183639 -0.0223315
   0.0225355 ]
 [-0.27173584 -0.31061557  0.11229264 -0.13569327  0.37342873  0.12544232
   0.03452676  0.521148   -0.35537745  0.15343836 -0.46500344  0.06235048
   0.02703558]]","['bbo_main', 'random_fill', 'random_fill', 'random_fill']","[[0.12230021 0.18720508 0.2647905  0.20910148 0.3126882  0.4202751
  0.11584785 0.1747761  0.23036404 0.06293005 0.0947451  0.12311433
  0.46570315]
 [0.13522049 0.19819655 0.25899218 0.20514836 0.30297415 0.38895754
  0.12510788 0.19921646 0.27352512 0.05998427 0.09129259 0.15855004
  0.70816465]
 [0.12087162 0.18453486 0.3138709  0.20688186 0.30045592 0.37988482
  0.11672245 0.17575759 0.23642514 0.07512977 0.11650645 0.1541325
  1.00000014]
 [0.10661958 0.16040983 0.28921416 0.22608463 0.35312464 0.69645925
  0.12315282 0.18871821 0.24296342 0.05949471 0.08964192 0.12204588
  1.00000005]]",[-0.48644886 -0.00407891 -0.16135213  0.16058128],4,0.03532906854134327,0.5678242455495002,0.6109169240869072,0.01904516511668392,0.035836779329281046,31.52573320499505,0.02617472093689857
198,"[[ 0.10404919 -0.3446571  -0.07011321  0.34675043  0.08576742 -0.49254399
  -0.49956774 -0.14227547  0.03013893  0.39861001 -0.10290443 -0.23459733
  -0.00664342]
 [-0.20805333 -0.41209995 -0.27806181 -0.52957957 -0.24993525  0.07791209
   0.46883577  0.02245893  0.14472486 -0.30196958 -0.04918438  0.15427669
  -0.04374852]
 [ 0.24059327 -0.10242045  0.11424476  0.17765302  0.19289002 -0.45129263
   0.52046669 -0.39998292 -0.07459749 -0.41364898 -0.17919239  0.07569858
  -0.02754092]
 [ 0.40419861  0.01470494  0.0610801  -0.05960608 -0.19716992  0.06924556
   0.24129028 -0.46885913 -0.33663338  0.38735372 -0.47944251  0.11112739
  -0.04270153]]","['bbo_main', 'random_fill', 'random_fill', 'random_fill']","[[0.11213857 0.16807287 0.22908699 0.22162415 0.32576236 0.40448068
  0.11218432 0.17769787 0.33683667 0.07144111 0.1071479  0.13607881
  1.00000002]
 [0.1095199  0.16250404 0.21483198 0.20721063 0.31329507 0.43108576
  0.12968391 0.20533374 0.30613548 0.06694083 0.1022063  0.38017854
  1.00000006]
 [0.12149126 0.18416641 0.53751238 0.21148755 0.31727326 0.40632604
  0.12390067 0.19040509 0.25127168 0.05948657 0.09153043 0.13985529
  1.00000005]
 [0.12243457 0.18487105 0.24820944 0.21599115 0.33227439 0.45078134
  0.11477454 0.17292764 0.22720739 0.0638106  0.09582263 0.19150478
  0.27545378]]",[-0.24904787 -0.20456109 -0.10120519 -0.12138259],4,0.03607310200767211,0.568327515845523,0.6114122078205889,0.01906336262946186,0.03430239202860069,31.42908993799938,0.02600547029523287
199,"[[-0.41509051 -0.44266054  0.11621571 -0.21591195  0.19627972  0.12474322
  -0.4961907  -0.17529412  0.12400332 -0.38545793  0.26625602  0.06746126
  -0.03478065]
 [ 0.22478877 -0.47030083  0.26644298  0.02064163 -0.37717671  0.29142247
   0.51865291 -0.04652735  0.13775957  0.2002941  -0.26663348  0.14604499
  -0.08364366]
 [-0.45795843 -0.02575433 -0.02468614  0.54497084 -0.64291695  0.13679228
  -0.1723465  -0.10134848  0.09993165 -0.06508963  0.00085073  0.06479005
  -0.03946573]
 [-0.46491508 -0.53309968  0.07707648 -0.07089022 -0.27610552  0.09430121
  -0.06665209  0.09087638 -0.16004874 -0.4694635   0.37007954  0.08846816
  -0.00821248]]","['bbo_main', 'random_fill', 'random_fill', 'random_fill']","[[0.10639772 0.15930786 0.27534479 0.22494355 0.35008181 0.68472842
  0.11823059 0.1818212  0.27161633 0.06469064 0.10146587 0.13301963
  1.00000028]
 [0.11553642 0.1754637  0.29608033 0.21583328 0.3287148  0.73380261
  0.12387232 0.19512402 0.25956919 0.06355337 0.09623241 0.12743903
  1.00000009]
 [0.11032605 0.16630915 0.22454761 0.21364915 0.32150971 0.75285208
  0.12330246 0.19526137 0.27440494 0.06619776 0.10131358 0.13298924
  1.00000004]
 [0.10587665 0.15922553 0.23161658 0.21480474 0.3256194  0.65982427
  0.12355596 0.19005346 0.24480827 0.06723033 0.11427743 0.18180536
  1.00000013]]",[-0.0577058   0.12962227 -0.09632868 -0.17070927],4,0.040082122605733274,0.6026045871607509,0.6450368109720215,0.018990817131125035,0.035029251125897665,31.300897913999506,0.026192287042471757
200,"[[ 0.45797087  0.20294805 -0.20920459  0.00859819 -0.18157618 -0.04658417
   0.18786619 -0.52127554  0.02622336  0.41614687  0.40675595 -0.1529608
  -0.0189496 ]
 [-0.03336091 -0.0369359  -0.01390085  0.0611474   0.03968889  0.01051128
   0.62066866 -0.59542853 -0.00475799  0.31933874 -0.23257908  0.02406737
   0.30897896]
 [-0.2567417   0.17822268  0.31206606 -0.11773356 -0.30761599  0.24352164
   0.11433365  0.61475098  0.24820046 -0.29332291 -0.06638779  0.29395303
  -0.08772172]
 [-0.12320154 -0.16123091 -0.35439053 -0.08708243 -0.21895082  0.33197167
  -0.06207893  0.22570324 -0.40107281 -0.07993728 -0.25179575  0.59612857
  -0.16337023]]","['bbo_main', 'random_fill', 'random_fill', 'random_fill']","[[0.13267211 0.19490003 0.24729181 0.20308808 0.30428049 0.41267139
  0.11426729 0.17237449 0.25649403 0.07980772 0.12134718 0.15290021
  0.90404898]
 [0.10770033 0.16285666 0.22126534 0.23214707 0.35940448 0.47887052
  0.11386325 0.16518984 0.22074041 0.06469532 0.09724142 0.27490416
  1.00000107]
 [0.11863452 0.17953004 0.55435166 0.20905171 0.31494919 0.42852817
  0.12499821 0.19912303 0.27425756 0.0652567  0.10017921 0.14832502
  1.00000004]
 [0.11099392 0.16637257 0.22433999 0.2181484  0.33317452 0.45239804
  0.12213364 0.19125302 0.25248455 0.06589958 0.10099664 0.46287635
  1.00000041]]",[-0.0437581   0.30571031  0.29225264 -0.04558041],4,0.042028445930132885,0.5809167807934759,0.6237867936715072,0.019038804541513434,0.03809428441938584,31.096438595996005,0.02608168398813515
201,"[[ 3.96271798e-01 -2.53967343e-01 -1.27272088e-01  4.89485887e-01
  -2.67825317e-01 -9.35387158e-02 -3.16078075e-01  2.05765800e-01
  -3.76105216e-02  4.44917679e-01 -3.17009377e-01  3.99850079e-03
  -8.52069685e-03]
 [-5.70824725e-02  2.89201611e-01 -1.45330490e-02 -9.98953257e-04
   2.78836151e-01  1.29759241e-01  4.03586234e-01 -4.29926784e-01
   7.49643456e-02  4.47864034e-01 -2.53905410e-01 -4.44954077e-01
  -4.39537318e-02]
 [ 1.31192051e-01  2.04872160e-01 -2.68178074e-01 -3.75530836e-01
  -5.47665577e-01 -3.21743097e-01 -6.70827076e-02  1.84160410e-01
  -8.12129125e-02 -3.05644335e-01  4.31261940e-01 -9.72910451e-04
  -1.61521912e-05]
 [ 6.44547746e-01  3.52533506e-01 -1.88099509e-01  5.29990999e-01
  -1.23262547e-01  5.94577554e-02  7.42326105e-02  1.03059248e-01
  -2.24411492e-01 -7.57860088e-02  2.15810719e-01  8.04007919e-02
   1.81279700e-03]]","['bbo_main', 'random_fill', 'random_fill', 'random_fill']","[[0.11331371 0.16295154 0.21170845 0.21843579 0.31830727 0.40759565
  0.12152871 0.20106714 0.27166553 0.07030333 0.10551802 0.18003598
  0.85268087]
 [0.11860565 0.17932773 0.23777237 0.22330279 0.34840725 0.54152292
  0.11931656 0.18177496 0.25258304 0.05896671 0.08853286 0.11567147
  0.2877348 ]
 [0.12243504 0.18508225 0.2401735  0.19707    0.28911456 0.3758965
  0.12637148 0.19400482 0.25766901 0.06928637 0.12098089 0.19739109
  1.00000108]
 [0.13448184 0.19616998 0.24883493 0.22211016 0.33701451 0.46803956
  0.11413925 0.17364023 0.22787799 0.0643309  0.10206314 0.29811719
  1.00000006]]",[-0.05585527  0.13758298 -0.32660074  0.23119667],4,0.03881037042753889,0.5940250976138779,0.6366408818103643,0.018843482757897607,0.031987333877597585,31.31351019399881,0.025878213960663032
202,"[[ 0.52529547  0.22354018  0.31474167 -0.33176211 -0.10305843  0.31776348
  -0.23384257 -0.2139023   0.29616874 -0.25950092  0.13365362  0.27897982
  -0.04674557]
 [-0.29106135 -0.12205426  0.08166066 -0.33209513  0.65393847  0.07050769
  -0.31624355 -0.37766805  0.09068279 -0.29305863 -0.10845322 -0.04467562
   0.01776715]
 [-0.07230975  0.1456835  -0.01873747 -0.69071837  0.18298067  0.01558291
  -0.10821656  0.04640386 -0.31032116  0.5245865   0.0736029  -0.26742988
   0.00945579]
 [-0.03329501 -0.1499514  -0.11774715  0.37835547 -0.27077628 -0.05312994
  -0.37871296 -0.19428186 -0.12178191  0.73327456  0.09485544  0.00542558
  -0.02297463]]","['bbo_main', 'random_fill', 'random_fill', 'random_fill']","[[0.12053046 0.18216839 0.31769749 0.21279225 0.32275585 0.69387822
  0.12192967 0.19116052 0.27091943 0.06538261 0.10035473 0.13424133
  1.00000001]
 [0.10797514 0.16255961 0.28725344 0.23371145 0.36460911 0.49133865
  0.11268289 0.17038689 0.3684612  0.0594625  0.08969652 0.11931642
  1.00000009]
 [0.12262472 0.18425008 0.24319067 0.20230076 0.31914779 0.49642464
  0.11529613 0.16938471 0.21839854 0.07951907 0.11420897 0.13994664
  1.00000005]
 [0.10873884 0.16367363 0.21722504 0.21890182 0.33013334 0.43828988
  0.1127202  0.17203027 0.22724704 0.08525455 0.12822606 0.18695359
  0.84371435]]",[ 0.31864557  0.08636038 -0.1104207  -0.13107437],4,0.03848222477556851,0.6046242981555312,0.6470113161541959,0.018825063610797898,0.03186390053621101,31.357199713995215,0.02587803173343939
203,"[[-0.4846662   0.58188477 -0.21573656  0.02388912  0.06694191 -0.13484281
  -0.0795578  -0.21755397 -0.11631339 -0.40298497  0.02191889 -0.35565027
  -0.0134022 ]
 [ 0.62814163 -0.17091151 -0.18616579 -0.01293291  0.25439668 -0.1040795
   0.43837831  0.18477681  0.05739926 -0.2360725  -0.41920803  0.06386633
  -0.02636258]
 [-0.07796413  0.14176225 -0.6167015  -0.1729441  -0.2975346   0.23467036
   0.16133947  0.24094632 -0.18327115  0.39244248  0.33508045  0.18979517
   0.00339887]
 [-0.67903984 -0.01513953 -0.43288689  0.04940528 -0.26204304 -0.019772
  -0.18586312 -0.08526019 -0.03928103  0.18076027 -0.45103544  0.01330713
  -0.01202232]]","['bbo_main', 'random_fill', 'random_fill', 'random_fill']","[[0.12121401 0.19340475 0.25280403 0.22401896 0.34007578 0.44765419
  0.1138478  0.17200227 0.24944506 0.05645257 0.08507332 0.11225211
  0.5576608 ]
 [0.11345539 0.16691658 0.21977236 0.22008008 0.3362549  0.43406657
  0.13507923 0.20973576 0.29339798 0.05694683 0.08712389 0.17538452
  0.49231452]
 [0.10994532 0.16357409 0.21572566 0.21485246 0.32821624 0.74811152
  0.12332853 0.19225143 0.25355206 0.06827511 0.10603468 0.15451607
  1.        ]
 [0.09979598 0.14763183 0.19253462 0.22618221 0.34324671 0.45939092
  0.12408869 0.19639733 0.2618677  0.06188486 0.09342173 0.18289359
  0.82830011]]",[-0.17676639  0.10240923  0.03712567 -0.32976943],4,0.03475115635195081,0.5849484157955323,0.6277435909496882,0.01885701411209771,0.03299668660323464,31.23427609700593,0.025389912266257725
204,"[[-0.3322886  -0.44589935 -0.03444007  0.40369245  0.21658241 -0.01928951
  -0.18955563 -0.05171156 -0.32945646 -0.32217906 -0.4200156  -0.22021644
   0.05890341]
 [-0.34413517  0.0692888   0.0411542   0.26950908  0.15074387 -0.07588426
   0.72375357 -0.25787438  0.03481933 -0.28364725  0.31730692  0.03247589
  -0.01530263]
 [-0.08296624  0.14170015  0.08246234 -0.50518711 -0.084334    0.02724809
   0.53669293 -0.32944726 -0.11826867 -0.51817567  0.13539927  0.06784939
  -0.03411925]
 [ 0.46967453  0.27874338 -0.18537492 -0.33842489  0.06420936 -0.07226427
   0.01445395 -0.12397427 -0.65733493 -0.24749339 -0.18378053 -0.01384806
  -0.02408222]]","['bbo_main', 'random_fill', 'random_fill', 'random_fill']","[[0.10430782 0.15804689 0.2232138  0.2520696  0.38152952 0.50646576
  0.11331826 0.17147736 0.22620498 0.05744484 0.08746949 0.11616543
  1.00000014]
 [0.10403995 0.15845031 0.28306047 0.22654066 0.34291716 0.43848167
  0.14146995 0.20707378 0.28274937 0.06295995 0.10787146 0.15003136
  0.88336912]
 [0.12194207 0.18473456 0.31618694 0.20297947 0.30663783 0.41510354
  0.12419762 0.19005898 0.24734048 0.06549636 0.10439607 0.14826847
  0.26262133]
 [0.13599107 0.19874787 0.25297897 0.21671805 0.33396266 0.4458621
  0.11364286 0.16584612 0.21391372 0.06076345 0.09181045 0.15650456
  0.81941346]]",[-0.06499546  0.13285769 -0.11887351 -0.22508706],4,0.03588139219629794,0.6106857543850286,0.6529325084805042,0.018691861129044342,0.03487372002648942,31.287764002001495,0.025206012653885668
205,"[[-0.202287    0.56974953 -0.4530484   0.10273655 -0.13785828  0.08011856
   0.12257001 -0.50282733  0.09626343  0.23109385 -0.22966252  0.0989359
  -0.01307555]
 [-0.0468677  -0.20658109  0.16441768 -0.32379552 -0.08523035  0.12478506
  -0.11886504  0.02448437 -0.61745107 -0.23643167 -0.5849409   0.06040581
  -0.05231239]
 [-0.51677762  0.15115628 -0.24422408  0.17777174  0.21988202 -0.2103
  -0.09701803 -0.46980982  0.06193943  0.34294388 -0.41479913  0.05065363
   0.00808757]
 [-0.25318065 -0.12218319 -0.03605385  0.02081918 -0.08359031  0.01513622
  -0.1471511   0.22383085  0.18128126 -0.38162367 -0.01905964 -0.81207061
  -0.04411246]]","['bbo_main', 'random_fill', 'random_fill', 'random_fill']","[[0.1163694  0.17705764 0.22853038 0.21946457 0.33744196 0.46473013
  0.11471814 0.17423814 0.2689583  0.06628765 0.10104286 0.4054992
  1.00000024]
 [0.11975419 0.18097927 0.36786011 0.22047489 0.3419141  0.4674887
  0.11528962 0.17386315 0.22766776 0.05972004 0.08988796 0.12169763
  0.43160712]
 [0.10578951 0.16043463 0.21383849 0.23189855 0.35501898 0.45255075
  0.11243468 0.17049026 0.42046893 0.06264006 0.09403195 0.1467395
  1.00000001]
 [0.11079401 0.16633938 0.22596014 0.22064008 0.33626633 0.44571415
  0.12510539 0.19982708 0.57001513 0.05836398 0.08826463 0.11448995
  1.00000008]]",[-0.04143952 -0.25665811 -0.12549205 -0.10468077],4,0.036282375737139924,0.6132123956581648,0.6553986374504451,0.01869474643926683,0.03302742256147173,31.369873524992727,0.0254799531194852
206,"[[ 0.78178696 -0.06964186  0.01701378 -0.06612681  0.13153224 -0.2194044
  -0.31656923 -0.0296167   0.05938559  0.44812471 -0.05838123  0.06167522
   0.03478637]
 [-0.21436238 -0.26247923  0.0539024  -0.36045282  0.30398092 -0.36272961
  -0.47946914 -0.06655617  0.03531063 -0.07452256  0.07107614 -0.48902487
   0.20742849]
 [ 0.54280936  0.15431292  0.09388918 -0.63277232  0.28728118  0.05677669
   0.17014301  0.18793477 -0.01293521  0.06929347 -0.32913846 -0.04038226
   0.08588121]
 [ 0.27851117  0.08934392 -0.45651372 -0.33946311  0.00692171  0.00875418
  -0.15247196 -0.29657281  0.20462395 -0.42112968  0.49541817  0.10597445
  -0.05992184]]","['bbo_main', 'random_fill', 'random_fill', 'random_fill']","[[0.13898443 0.20093104 0.26205066 0.20306801 0.3038421  0.39583295
  0.11441466 0.17795287 0.2874247  0.07138271 0.10707157 0.21188163
  1.00000022]
 [0.11110978 0.16695154 0.46076225 0.21587582 0.32747024 0.41695194
  0.122212   0.1955795  0.2780021  0.0598505  0.08824527 0.11101034
  1.00000399]
 [0.1305257  0.19148863 0.4992     0.20968707 0.32584479 0.44090162
  0.12502364 0.19172139 0.25189367 0.05983868 0.08986998 0.1204606
  1.00000142]
 [0.11202333 0.1668337  0.21948219 0.21355316 0.32581769 0.43458168
  0.12202375 0.19076947 0.56965888 0.06722428 0.10549008 0.14595648
  1.00000033]]",[ 0.08798073 -0.07915508  0.2428554  -0.09964413],4,0.03597534576249621,0.6116963375813621,0.6539190333805689,0.018771392801013795,0.0332159819222457,31.46355092000158,0.025319787374625896
207,"[[-0.01103103  0.52376365 -0.0324404  -0.58220985  0.26479456  0.06007954
   0.05558409 -0.47562218  0.01505032 -0.14172517  0.23196888  0.0810292
   0.04254029]
 [-0.35295175  0.11608067  0.06810455  0.57354629  0.05873474  0.046485
  -0.5267664  -0.24420176  0.07705803  0.40491057 -0.06907262  0.10239792
  -0.021953  ]
 [-0.07837411  0.41240258 -0.07668585 -0.03332296  0.42716244 -0.15178503
  -0.23041591  0.54367233 -0.04402343 -0.34992201 -0.3162745   0.05504758
   0.18753575]
 [ 0.66259718 -0.14658818 -0.04283993 -0.26072952  0.19341413  0.03718183
  -0.12014167  0.07031544 -0.2883569   0.50097516  0.08576783  0.03127125
   0.26273964]]","['bbo_main', 'random_fill', 'random_fill', 'random_fill']","[[0.12224914 0.1850016  0.2439182  0.21408869 0.33489473 0.46347468
  0.11401468 0.17149826 0.23281909 0.06706121 0.10397832 0.39924347
  1.00000031]
 [0.11217835 0.17276132 0.23809306 0.23137339 0.35278609 0.46361239
  0.11179985 0.17098017 0.24937867 0.06573219 0.10009377 0.37142317
  1.00000025]
 [0.1188643  0.17996445 0.23551845 0.22178646 0.33778584 0.4324773
  0.12598157 0.20978579 0.27847674 0.05570917 0.08535113 0.31977708
  1.0000016 ]
 [0.13036506 0.18923762 0.245578   0.21701708 0.34193063 0.52141829
  0.11297963 0.16579112 0.21369822 0.07699102 0.11329544 0.15664244
  1.00000003]]",[0.09729407 0.12600354 0.34951407 0.32944623],4,0.03532617546574254,0.6228192403969377,0.6647643197013435,0.01860368332266392,0.03578940857275763,31.449231463004253,0.025208705780629864
208,"[[-0.31902215  0.42689161  0.1199276  -0.01552522 -0.30980139  0.07007813
  -0.29053899 -0.53050438 -0.0433769  -0.29760805 -0.31536616  0.11450633
   0.17779057]
 [-0.0292692  -0.13982917 -0.52635664  0.11112897  0.21549163  0.00768177
   0.13304536 -0.23170243  0.06609094 -0.02384532 -0.08190849 -0.73636223
   0.13576627]
 [-0.01414703  0.20882434 -0.54095312 -0.42975488  0.04596269 -0.28092862
   0.23487912  0.46945062  0.07460934  0.2778611   0.15773573  0.12008191
   0.01461501]
 [-0.20533426  0.12206928  0.09325128  0.40338661  0.05141178  0.09031767
   0.2452304   0.7803418  -0.02221947  0.21323246 -0.19321819 -0.09139008
  -0.00120304]]","['bbo_main', 'random_fill', 'random_fill', 'random_fill']","[[0.12267111 0.18991834 0.51181174 0.21479117 0.32373677 0.43175084
  0.11435838 0.17338398 0.23280192 0.0606551  0.09253485 0.14477838
  1.00000003]
 [0.10434834 0.15238447 0.19739148 0.23631969 0.36761806 0.4884261
  0.1223689  0.18702402 0.32389083 0.05773502 0.08578173 0.10833198
  1.0000039 ]
 [0.11018946 0.16373596 0.21563104 0.20142681 0.30299511 0.40018231
  0.14083856 0.2204708  0.30092131 0.06821276 0.10363973 0.28012155
  1.00000003]
 [0.10763567 0.16280668 0.31508769 0.22367788 0.33968641 0.46844174
  0.1472477  0.22663763 0.29444219 0.05873355 0.08856182 0.11655158
  1.00000006]]",[ 0.04177766  0.02291746 -0.0264878   0.36713537],4,0.03193910676767485,0.6223133940938412,0.6642716119496339,0.01863245248691952,0.03252155754121318,31.273259442998096,0.025600526424997827
209,"[[ 0.15737479 -0.00593109  0.01545912  0.29224891 -0.15914423 -0.03392612
  -0.59422541  0.43776818 -0.10533145 -0.40136895  0.26368841 -0.07311165
   0.26694242]
 [ 0.30332827  0.27140097  0.02661612  0.4467362  -0.48467125  0.01235105
   0.17035922  0.0619002   0.04875093 -0.43971121  0.41154389  0.02451636
  -0.02114563]
 [ 0.13150321 -0.51080655  0.11198787  0.2746268  -0.21309559 -0.03277029
   0.26547634 -0.59877204  0.12157834  0.36496493 -0.08039536 -0.02022945
   0.05898992]
 [-0.02478142 -0.15745667 -0.0231583  -0.01320333  0.13640604 -0.09527915
  -0.32054479  0.40712005  0.03931112 -0.57111103  0.57947972  0.01754508
   0.1178324 ]]","['bbo_main', 'random_fill', 'random_fill', 'random_fill']","[[0.1213616  0.18308328 0.30509136 0.21503986 0.31949745 0.41583518
  0.11462469 0.20967442 0.28038781 0.06132671 0.09658359 0.12462262
  1.00000477]
 [0.133525   0.19619688 0.25830511 0.20197983 0.30138833 0.40754989
  0.12507599 0.19166568 0.31187541 0.06565737 0.1087058  0.14786033
  0.59867862]
 [0.11109694 0.16660418 0.30767489 0.21857013 0.33351295 0.43960836
  0.11787577 0.18049083 0.49340009 0.06763659 0.10351853 0.13570424
  1.00000012]
 [0.10648406 0.15946996 0.21955748 0.2170791  0.33133575 0.42696704
  0.12390823 0.19835322 0.31468491 0.06564978 0.12675756 0.18015106
  1.00000045]]",[ 0.27344903  0.10502482 -0.00567367  0.17917535],4,0.03627971880146147,0.6132123956581648,0.6553986374504451,0.018667009579405643,0.043975205914594154,31.72701789099665,0.025355116623895557
210,"[[ 1.06845398e-01  1.58294091e-01  3.32258483e-02  1.27378737e-01
   5.59704933e-01 -6.85601738e-01 -7.97895103e-02 -3.00961503e-01
  -5.79895000e-02 -2.40895562e-01  5.62121715e-02  3.03983600e-02
  -2.13745559e-02]
 [ 1.36378353e-01 -2.92073537e-01  6.24543387e-02 -3.99299262e-01
   5.05118350e-01 -3.21997092e-02 -1.87789725e-01  6.62535807e-01
  -2.82768853e-02 -9.51514454e-03  3.57624640e-02 -1.35794812e-02
   1.67369883e-04]
 [-2.09000672e-01  4.63408014e-01 -5.17785048e-02  1.08820805e-01
   3.03912898e-01 -3.97337753e-01 -1.86962520e-01 -2.50640730e-01
  -1.06079741e-02  4.45102467e-01 -4.17831643e-01 -7.30631185e-02
   2.97054608e-02]
 [-1.03270066e-01  1.10905675e-01  7.21996949e-02  7.17112137e-01
  -1.34997012e-01 -1.30091266e-02  6.74901234e-02 -4.60259319e-01
   8.34557517e-02 -3.50666316e-01 -9.00031381e-02 -2.91046936e-01
  -6.70911305e-03]]","['bbo_main', 'random_fill', 'random_fill', 'random_fill']","[[0.1229548  0.18684876 0.3055516  0.22059402 0.32779356 0.40733884
  0.11375428 0.17332044 0.23418292 0.06453368 0.10164544 0.1507798
  0.61570731]
 [0.1072781  0.15988187 0.4188172  0.22138904 0.3395633  0.44378616
  0.12991086 0.21682701 0.2891978  0.06058039 0.09161338 0.12331798
  1.        ]
 [0.12279019 0.20348849 0.27558526 0.22215246 0.33306558 0.41682104
  0.11224968 0.17071795 0.27675735 0.06062282 0.08888427 0.11910013
  1.00000021]
 [0.1182345  0.1807692  0.31673273 0.23090393 0.34872404 0.45641692
  0.11322143 0.17276549 0.41738333 0.05687916 0.0868323  0.11397667
  1.00000001]]",[-0.10806765  0.17519427 -0.04171827  0.03859096],4,0.037796578244907744,0.631928758244763,0.6736287748953276,0.018611888052990216,0.03271687002482371,31.755005019003875,0.02561054577648955
211,"[[ 0.13943641 -0.06675029 -0.52062726 -0.03319518 -0.32079991  0.06879402
   0.17098468 -0.15476329 -0.60070732 -0.13005203 -0.40598419 -0.01567266
  -0.01682198]
 [-0.53287764 -0.47424832 -0.00150661  0.18828416 -0.31774948 -0.13875566
  -0.35694371 -0.17978531 -0.0155534  -0.33496005 -0.25149041 -0.00570181
  -0.00269239]
 [ 0.26264093  0.15687828 -0.40565423  0.16023295  0.03537207 -0.32830298
  -0.14046412 -0.02559597 -0.0750479   0.30819634 -0.60457308 -0.34728291
  -0.00533334]
 [ 0.0963026  -0.2278418   0.13529892  0.38770242  0.20300799  0.14441212
  -0.05024086 -0.1963184  -0.16694917  0.74479278  0.2488366   0.14942081
   0.01510806]]","['bbo_main', 'random_fill', 'random_fill', 'random_fill']","[[0.11381411 0.1660616  0.21434105 0.22427957 0.34671614 0.61238718
  0.11516991 0.16824411 0.21661104 0.06087138 0.09262963 0.1309073
  1.00000014]
 [0.10130042 0.15570316 0.27196576 0.22590533 0.33459484 0.42904039
  0.1186272  0.18644059 0.25658961 0.05974908 0.0914592  0.13302437
  1.00000019]
 [0.12560106 0.18436773 0.23390472 0.21393956 0.31514873 0.40592086
  0.12357129 0.19372698 0.30229226 0.05650143 0.08332576 0.10890781
  1.00000031]
 [0.11208758 0.16994702 0.29133486 0.22453703 0.34865514 0.50628556
  0.11324239 0.17103788 0.22526174 0.0717582  0.10820914 0.30156832
  1.00000003]]",[-0.38421137 -0.37786605 -0.24193106  0.30610317],4,0.03407763962160287,0.6182675179664445,0.6603290556496558,0.01864322174637255,0.03803593136571076,31.490397467001458,0.025416315221821945
212,"[[ 0.15618879 -0.51885924 -0.00514781 -0.39336095  0.10413779 -0.10050226
  -0.24635902  0.26109941 -0.30322267 -0.40008902 -0.31150014 -0.22951769
   0.00968726]
 [ 0.48976349  0.08342132  0.13849985  0.60983316  0.26841569  0.12549829
   0.242127    0.22501296 -0.37577382  0.04614387 -0.00648894  0.14682366
  -0.01030973]
 [ 0.1183039   0.53322054  0.05102043 -0.0895562  -0.08861767  0.05256653
  -0.33315281 -0.44819431  0.08736605 -0.02977741  0.59881889  0.03736098
  -0.00848328]
 [ 0.21965893 -0.47238268 -0.10538779  0.36940917 -0.3369138  -0.0855133
   0.02111412 -0.32727295  0.01433638 -0.57564644 -0.14399336  0.0183186
  -0.00374185]]","['bbo_main', 'random_fill', 'random_fill', 'random_fill']","[[0.11165738 0.16246387 0.28166465 0.22185597 0.34472736 0.44562476
  0.12457377 0.19227102 0.24537218 0.05322976 0.08095185 0.10460428
  1.00000108]
 [0.11936111 0.17999664 0.32067282 0.22574299 0.34925459 0.47530253
  0.11827943 0.18047712 0.23445159 0.06113016 0.09341206 0.34195029
  1.00000004]
 [0.13074683 0.19385868 0.25816213 0.20773145 0.31256624 0.43340009
  0.11304553 0.17100197 0.37498181 0.07130086 0.11669715 0.15530199
  1.00000009]
 [0.10868049 0.15839054 0.20722978 0.22938523 0.34283362 0.44091323
  0.11587788 0.17627411 0.26067894 0.05674116 0.0912268  0.19374667
  1.00000067]]",[-0.28018768  0.4322069   0.09202204 -0.23875759],4,0.03311128621918491,0.6324350821462258,0.6741210050549304,0.018631100457982677,0.03374324267380785,31.377900733001297,0.02575879395774311
213,"[[ 0.60395267  0.10614076  0.06589551 -0.3312171  -0.00723692  0.04728873
  -0.10069358  0.2035224   0.02969697  0.61296754  0.28108404 -0.00446975
  -0.02097227]
 [ 0.0838515   0.26427677 -0.22418385  0.66402915  0.16424216  0.07167497
   0.26228426  0.45435472  0.07850664 -0.27984793 -0.11908767  0.04144542
   0.15560148]
 [-0.16978648 -0.03379125  0.08164858  0.34801434  0.14313757  0.08543416
   0.40693428 -0.14022142 -0.59013668 -0.46644319  0.20115799  0.06642797
   0.13600569]
 [-0.08312539  0.3200285  -0.16379007  0.04317226  0.46248071 -0.35881064
   0.36972572 -0.19847234 -0.1431713  -0.06501743 -0.53624603 -0.17597116
  -0.00284651]]","['bbo_main', 'random_fill', 'random_fill', 'random_fill']","[[0.13490973 0.19682158 0.34948967 0.19802869 0.29787483 0.42030736
  0.12274869 0.19311508 0.25873555 0.07887666 0.11610839 0.14785501
  0.99999956]
 [0.10631263 0.15973778 0.21141976 0.24406848 0.36198663 0.48822645
  0.13211889 0.20964323 0.32437548 0.05700986 0.08719494 0.11886791
  1.00000032]
 [0.11232713 0.17159392 0.31608352 0.23481046 0.36077582 0.54385474
  0.11213789 0.16367171 0.21005461 0.0626547  0.10004006 0.14701408
  1.00000015]
 [0.12045704 0.18538557 0.24818094 0.23304381 0.35448676 0.45051122
  0.1159703  0.17236808 0.25227733 0.0526544  0.07916442 0.10900647
  1.00000006]]",[ 0.17150811  0.54980909  0.21615162 -0.07433338],4,0.037228858357267275,0.631928758244763,0.6736287748953276,0.018591438638009057,0.033146228839455616,31.67152760400495,0.02535730750168655
214,"[[ 2.74820024e-01 -4.75380157e-01  5.66583845e-02 -1.84760278e-01
   3.89771925e-01  6.20019079e-02 -5.77575208e-01  2.09045381e-01
   5.29137591e-02  2.48271778e-01  2.50306535e-01  2.63811202e-02
   1.71341380e-02]
 [-3.67306581e-01 -4.12086078e-01 -2.96685616e-01 -2.84136876e-01
  -1.19530279e-03  4.40271133e-02  6.25253955e-01 -2.23085952e-01
   2.30236982e-02  1.60656517e-01 -2.31951419e-01  5.36731404e-02
  -2.90220785e-02]
 [ 1.40836823e-01  2.82180935e-01 -3.79972151e-01  1.57823677e-01
   4.77894501e-01  1.20935586e-01  3.12412965e-02 -2.98813987e-01
  -1.61245577e-01 -3.32656352e-01  5.09083882e-01  1.86490329e-02
  -4.24594320e-02]
 [-7.10174038e-04 -7.12636044e-01 -4.81796254e-01  1.31891191e-02
  -3.77959576e-01  1.25358783e-01  1.14321833e-01 -9.77129496e-02
   1.28376290e-01  1.53500423e-01 -1.16809936e-01  1.09193816e-01
   1.14243212e-01]]","['bbo_main', 'random_fill', 'random_fill', 'random_fill']","[[0.10594519 0.15652708 0.26874611 0.22518759 0.35243543 0.62557993
  0.11762152 0.18473175 0.26305275 0.07296258 0.10890235 0.13979806
  1.00000001]
 [0.10458204 0.15404582 0.20310162 0.2195766  0.34340848 0.46811973
  0.12656563 0.19342267 0.2589     0.06675785 0.10185567 0.18794095
  0.39903231]
 [0.1148796  0.17291227 0.22485891 0.22868644 0.35623326 0.55187931
  0.11290857 0.17058826 0.2250894  0.06405013 0.10075576 0.13605517
  0.46139042]
 [0.10551421 0.15380485 0.19988674 0.2178191  0.33192496 0.53845918
  0.12510552 0.19949054 0.4203235  0.06725251 0.10257116 0.15080681
  1.00000095]]",[ 0.15528041 -0.1767887   0.18179956 -0.08324578],4,0.040157783022709975,0.6309161864987776,0.672644238520218,0.018513173057938807,0.03276744585590832,31.280624949999037,0.025046581157410708
215,"[[ 0.36808552  0.04933955  0.10927154  0.06157118 -0.58691524  0.12693455
  -0.18648856 -0.4904532   0.12059109  0.37279539 -0.12405812 -0.19207875
   0.06811679]
 [ 0.41630159  0.43423866 -0.45365689 -0.10970487 -0.39391786 -0.0472437
   0.28312605  0.0809384   0.05053236  0.31671349 -0.23957939 -0.02513659
   0.12362974]
 [ 0.36951853 -0.26942536 -0.15793303  0.23801492 -0.41814953  0.22648126
   0.22526473 -0.14696914  0.21123131 -0.30164184 -0.5080029   0.12161855
  -0.04817354]
 [ 0.23652891  0.26138261 -0.0007516  -0.07613981  0.40544302 -0.66075427
   0.35864935 -0.09249521  0.05689187  0.34195864 -0.09374813  0.05248395
  -0.00739825]]","['bbo_main', 'random_fill', 'random_fill', 'random_fill']","[[0.12352571 0.18716496 0.29149239 0.20473973 0.30652357 0.64803018
  0.11685848 0.18005134 0.26328338 0.06743392 0.10250801 0.1305002
  1.00000013]
 [0.12475632 0.18490989 0.23367081 0.19749757 0.29658957 0.40035254
  0.14363439 0.21833746 0.36634128 0.06321589 0.09502456 0.12726766
  1.00000005]
 [0.11223944 0.16737233 0.22358378 0.21997026 0.33555816 0.76780215
  0.12386893 0.19614902 0.27885219 0.05945737 0.09003924 0.12217493
  1.        ]
 [0.13446345 0.19858546 0.26031844 0.20135362 0.29425654 0.37261946
  0.12649625 0.19668505 0.30111507 0.06758796 0.10276613 0.18092916
  1.00000011]]",[-0.0213627   0.06334909  0.00799239  0.00116111],4,0.03578850851986824,0.6248428750342966,0.6667349012863596,0.018568784236106927,0.031950817481980115,31.752993160000187,0.025036148121945878
216,"[[ 0.08031504  0.13878818  0.20602619  0.2740564  -0.56759112  0.19629764
  -0.45294634  0.05909946  0.16682813  0.45756364  0.08620362  0.19688343
  -0.06322809]
 [-0.00424518 -0.3888797   0.05465383 -0.10614972  0.02018112 -0.61422215
   0.53922895 -0.34629256  0.0528966   0.05239772 -0.18896429 -0.06660855
  -0.02120062]
 [ 0.03226346 -0.41687187  0.22831318  0.01016876  0.5906524   0.15092256
   0.26703073  0.35924894  0.18537738  0.33540608 -0.06793809  0.22135489
  -0.02139916]
 [-0.23685246  0.0135811   0.25471819  0.00884449  0.0593623  -0.23584522
   0.36917255 -0.24265588  0.11464146 -0.26007462  0.02737816 -0.73239752
  -0.08063883]]","['bbo_main', 'random_fill', 'random_fill', 'random_fill']","[[0.12030717 0.18202176 0.32781861 0.20723318 0.31195666 0.43664266
  0.12176703 0.19243918 0.26353332 0.06761762 0.10303002 0.14682425
  0.25634361]
 [0.11653806 0.174565   0.37378934 0.20147871 0.29468002 0.37531313
  0.12960243 0.20162822 0.29067068 0.06728434 0.10292322 0.13543698
  1.0000005 ]
 [0.1077243  0.16118716 0.52286668 0.22256233 0.33929301 0.44626337
  0.1248948  0.19833769 0.2748169  0.06442863 0.0986248  0.15365135
  1.0000002 ]
 [0.11942793 0.18103138 0.40076381 0.21389369 0.32375272 0.42053747
  0.1236501  0.19387098 0.26300507 0.0595005  0.08962675 0.11722049
  0.43720885]]",[ 0.12060979 -0.32462269  0.50874702 -0.10719081],4,0.038659024224410574,0.6263608635737882,0.6682125749170069,0.018509133076252827,0.032077825190759746,31.418239892009296,0.02500830954955363
217,"[[ 1.98087716e-02 -4.04790045e-01  3.35292159e-02  1.84953683e-01
   1.33412072e-01  3.24638420e-02 -5.77480623e-01  2.20746039e-01
  -5.08355343e-01 -6.14495169e-02 -3.65111955e-01 -5.51143687e-02
  -2.84545438e-02]
 [ 6.01366588e-01 -2.00329248e-01 -6.76457517e-01 -1.05063840e-01
   5.58421223e-02  1.45807898e-02  4.28841511e-02  1.27989715e-01
   6.54163891e-02 -1.24787060e-01  1.26181528e-01 -2.66478560e-01
   3.54705660e-02]
 [ 1.62335642e-01 -3.95163133e-01  3.25321694e-01  9.15642297e-02
  -1.24621642e-01 -2.58277458e-01  5.71029123e-02 -2.06032227e-01
   3.52518728e-01 -1.59859000e-01  1.31373027e-01 -6.29986301e-01
  -1.06589118e-01]
 [ 5.19449456e-02 -2.56995824e-01 -3.79697152e-04  6.89450470e-02
  -5.46122387e-02 -2.11510623e-01  7.38275861e-02  2.22093373e-01
  -2.60041363e-01 -6.35623744e-01 -5.27535507e-01 -2.69678679e-01
  -3.66978312e-02]]","['bbo_main', 'random_fill', 'random_fill', 'random_fill']","[[0.1078577  0.16216741 0.27553817 0.23352842 0.36017654 0.4801308
  0.11232851 0.17023441 0.22379549 0.06007693 0.09035772 0.12184321
  0.53319567]
 [0.10833776 0.15556587 0.19966425 0.22152477 0.33795336 0.45437631
  0.12857917 0.20703234 0.47344052 0.05970034 0.09092458 0.11879504
  1.00000004]
 [0.11947977 0.18063487 0.33874412 0.21102347 0.3182901  0.41934047
  0.12379506 0.19515536 0.50536578 0.0608567  0.09163001 0.11962182
  1.0000004 ]
 [0.1187611  0.17907262 0.26951055 0.21698843 0.32893423 0.42631485
  0.12512101 0.19612822 0.25489449 0.05664176 0.08642253 0.11467144
  0.20938783]]",[-0.14706405 -0.02803491 -0.10506181 -0.26681716],4,0.033437790595900546,0.6263608635737882,0.6682125749170069,0.01852091256965877,0.03176897391656745,31.506938306003576,0.0255737335251795
218,"[[-0.33531721 -0.26648027 -0.35637305  0.09412362  0.47624714  0.13907686
  -0.02838691  0.25549795  0.14942735  0.14014438 -0.43010755 -0.37365147
  -0.04328959]
 [ 0.07496168 -0.17222623 -0.66847798 -0.25294966  0.36939981  0.05025627
   0.31450568  0.16915798 -0.35040054  0.01683998  0.03586527 -0.25101553
   0.00176924]
 [-0.31225534 -0.39778059  0.03380201  0.03487852 -0.26689482 -0.17614539
  -0.19434429 -0.00770405 -0.47609428  0.30297042 -0.52916955  0.03477139
  -0.04618134]
 [-0.04162962 -0.17820734 -0.00906144 -0.13131341  0.05834287 -0.0399835
  -0.53704468  0.42873883 -0.20357278 -0.54192819  0.36493538  0.01812547
   0.05755735]]","['bbo_main', 'random_fill', 'random_fill', 'random_fill']","[[0.10445521 0.15728949 0.20940281 0.22859372 0.35524524 0.5109064
  0.12398362 0.19243962 0.47072044 0.05895768 0.0890673  0.11690415
  1.00000263]
 [0.10266877 0.14893142 0.19189787 0.23215105 0.36469861 0.5639262
  0.12420747 0.18899629 0.24238569 0.06036369 0.09094267 0.11896943
  1.00000003]
 [0.11110205 0.16738096 0.27194802 0.21532811 0.32633169 0.43034281
  0.12001798 0.18581025 0.24076408 0.06682447 0.10186053 0.14525011
  0.19821007]
 [0.10841099 0.16144119 0.22241798 0.21213929 0.32139102 0.42233385
  0.12003271 0.18656665 0.24045474 0.06522084 0.13150282 0.21032598
  1.00000004]]",[ 0.10916004 -0.0796089  -0.42461094 -0.02070076],4,0.034169190882239825,0.6527091442779812,0.6937891056725685,0.018328060582131264,0.030082813998281728,31.62221545900684,0.0252393550338601
219,"[[ 0.18591833  0.49702595  0.1078972   0.16413888  0.44650604 -0.26294037
   0.15667636  0.2582711  -0.20852834 -0.15480795 -0.47893583  0.15039319
  -0.02474399]
 [ 0.17002743  0.53355263  0.17057926 -0.02930335 -0.1121268   0.13440775
   0.36169498 -0.42721667  0.12756178  0.44467966 -0.27111245  0.15033241
  -0.0486547 ]
 [ 0.65114138 -0.23689787 -0.00141087 -0.20192289  0.53104031 -0.13499862
   0.21720265 -0.04694916 -0.00693469 -0.189511   -0.24515954 -0.18242913
  -0.01279483]
 [-0.13508019 -0.42004899 -0.05633027 -0.39136346  0.26400338 -0.55116438
  -0.0375809  -0.04812088  0.0888687   0.23809905 -0.45379754  0.03512499
  -0.003324  ]]","['bbo_main', 'random_fill', 'random_fill', 'random_fill']","[[0.12165325 0.18485915 0.26597859 0.22103777 0.33635042 0.4319204
  0.12263639 0.19047536 0.2472459  0.05857646 0.08872274 0.41060832
  1.00000025]
 [0.12204888 0.18611875 0.5560523  0.21143462 0.32097163 0.44300629
  0.12093004 0.1864353  0.25508767 0.06633942 0.1008939  0.1413179
  1.00000001]
 [0.13342136 0.19219973 0.27242826 0.22300159 0.35632127 0.4631048
  0.12253286 0.18716667 0.25305931 0.05504481 0.08234625 0.10787338
  0.91946574]
 [0.1107865  0.16575258 0.22672007 0.20362645 0.30467597 0.39294791
  0.12886154 0.20506774 0.48658115 0.06720986 0.10238215 0.14903332
  1.        ]]",[ 0.2183886   0.20363212  0.07664246 -0.31321214],4,0.034707814969041184,0.6547388532774578,0.69575361298377,0.018312110676983687,0.033937674992308126,31.351455801006523,0.024904495213963873
220,"[[-0.13878378  0.01002779  0.00997451  0.0036748   0.1895696  -0.25333976
  -0.27536126 -0.35654092  0.03612707 -0.60830026  0.51801491 -0.09624368
   0.16889619]
 [ 0.26907914  0.13261769 -0.48584014 -0.13711    -0.41223679 -0.27557081
   0.41791196  0.10645568 -0.28149455  0.12218141  0.33188841  0.12869882
  -0.04926182]
 [ 0.05084149 -0.54278069  0.33980015 -0.00930861  0.11192291  0.59975663
   0.0628673   0.1427929  -0.09580778  0.11555189 -0.1246906  -0.12045599
  -0.37160174]
 [-0.32989944  0.15497279 -0.63978684 -0.300244   -0.07861802  0.14428112
   0.13466188  0.4227946   0.16526281  0.33198702 -0.02466272  0.0725463
  -0.01976872]]","['bbo_main', 'random_fill', 'random_fill', 'random_fill']","[[0.1153382  0.17566232 0.23760393 0.2229673  0.33740792 0.42509644
  0.11062128 0.1681305  0.32570942 0.06349903 0.11986886 0.16249424
  1.00000087]
 [0.11986403 0.18048428 0.23434298 0.20266255 0.30343325 0.40023195
  0.12503091 0.19227667 0.24859835 0.06862854 0.10940168 0.20545654
  0.34933579]
 [0.11610654 0.17656258 0.23643629 0.21918746 0.33429344 0.46340243
  0.12343473 0.19381147 0.25938432 0.0622226  0.0942054  0.12550243
  0.02130693]
 [0.1074002  0.16018304 0.21132075 0.21479568 0.32800755 0.47235622
  0.12628186 0.20263053 0.5361732  0.06701877 0.10204784 0.13384374
  1.00000019]]",[ 0.04329761 -0.26416141  0.28670488  0.03302585],4,0.03107110008796493,0.654231386127071,0.6952625260558294,0.01831272706176466,0.03133386422876516,31.451683934006724,0.024767773839990348
221,"[[ 0.07318297  0.26901225  0.15434774  0.23340868  0.67923364  0.2018103
  -0.48704791  0.02489782 -0.04539716 -0.26076635  0.12035956  0.12242376
  -0.06722005]
 [-0.00797654  0.01733456  0.05555615  0.07148555 -0.6495281   0.07763229
   0.63465517 -0.04168806  0.09380928  0.23508365  0.29609515  0.08145022
  -0.02509249]
 [ 0.1310215  -0.18410393  0.00498481 -0.29854412  0.5910027  -0.55134071
   0.13461373 -0.37640956  0.07580902 -0.13332167  0.13583648  0.06787389
   0.01182363]
 [-0.295234    0.29118587  0.13535546 -0.26483806  0.39875436  0.13717249
  -0.1115274   0.06297632 -0.25256246 -0.41391302 -0.53924927  0.13809895
  -0.01971768]]","['bbo_main', 'random_fill', 'random_fill', 'random_fill']","[[0.11814868 0.17827224 0.24548168 0.22588461 0.35279558 0.55109779
  0.11489476 0.17412532 0.23334469 0.06181247 0.09440406 0.12863771
  0.36154702]
 [0.11962248 0.1814427  0.24137955 0.19942886 0.29881127 0.42165898
  0.12952721 0.19992259 0.49362072 0.06996992 0.108942   0.15721987
  1.00000024]
 [0.11925488 0.17997112 0.24095199 0.21286191 0.32277357 0.41078177
  0.11696862 0.1780196  0.49165309 0.06722606 0.10764896 0.16739021
  1.        ]
 [0.11878997 0.17965627 0.31142946 0.22362582 0.34992374 0.51071394
  0.11595871 0.17541868 0.22955194 0.05836887 0.0882732  0.30634102
  1.0000001 ]]",[ 0.42253652  0.0251015  -0.10072261  0.10072635],4,0.03368057169544347,0.6679424511153345,0.7085124213451226,0.0181849704455116,0.03729674844785383,31.528510974007077,0.02469370265631962
222,"[[ 0.03743    -0.22951117  0.27662116  0.1531485   0.42866834  0.25985345
  -0.06906175  0.55335367  0.30482876 -0.15585109 -0.3078938   0.24968306
  -0.09669215]
 [ 0.26820479  0.27933597 -0.00722643 -0.24613954 -0.06691423 -0.05392896
   0.57938212 -0.18252441  0.03003424  0.63906243  0.02367113 -0.05369165
   0.01643497]
 [ 0.50672615  0.03677436  0.1348361   0.30741157  0.44848036 -0.06097969
  -0.16391869 -0.17055857  0.13247833 -0.49344617  0.30063672 -0.00205771
   0.13020982]
 [ 0.25181028 -0.35391208  0.0826013   0.03774332  0.08370451 -0.02210347
   0.61158536  0.1187348   0.07250501 -0.46822194  0.42589626 -0.03867046
  -0.00942796]]","['bbo_main', 'random_fill', 'random_fill', 'random_fill']","[[0.11457352 0.17395846 0.29400686 0.22119799 0.33753898 0.46121117
  0.12371625 0.19703902 0.29220826 0.06002959 0.09073831 0.12540476
  0.20483689]
 [0.13499013 0.20016148 0.26187878 0.19729726 0.29652297 0.39247028
  0.13003807 0.19655803 0.28560181 0.07726243 0.11359592 0.14328946
  1.00000102]
 [0.12041555 0.18130152 0.52840295 0.22524815 0.34556919 0.44977223
  0.11568201 0.17683451 0.26549185 0.06011866 0.09344113 0.12549132
  1.00000022]
 [0.10910615 0.16216529 0.38372808 0.21618391 0.3286932  0.43556416
  0.14586517 0.21844554 0.2993746  0.06317475 0.09974346 0.12927049
  1.00000005]]",[0.50788089 0.109504   0.45015762 0.16314925],4,0.03498637985044095,0.6760769572947476,0.7163547806877283,0.018183863768460956,0.032463829951730874,31.40700314899732,0.024784369208412788
223,"[[-0.19764729  0.10929258  0.07942095  0.49866814  0.39402193 -0.09056988
   0.25381095  0.48758883  0.06859408 -0.27526942  0.01143032 -0.3842918
  -0.01023677]
 [-0.00613733 -0.25434512 -0.00491235 -0.47073796  0.17084799 -0.01918925
   0.53093433  0.14676556 -0.41155026  0.17590784 -0.42428621 -0.00853781
  -0.0159691 ]
 [ 0.55044933  0.15895843 -0.45221718 -0.56783458  0.15472004 -0.18609885
   0.08685362 -0.2614745  -0.03334302  0.06492202  0.00202607  0.03390786
   0.06194548]
 [ 0.42924904  0.29852172 -0.22296354  0.49965719  0.00867076 -0.21660814
  -0.2609762  -0.42653776  0.03203235  0.11331497  0.27996582 -0.19458523
  -0.010586  ]]","['bbo_main', 'random_fill', 'random_fill', 'random_fill']","[[0.10719141 0.1628529  0.30042362 0.23064757 0.34780409 0.44455156
  0.13977049 0.21901115 0.2994268  0.05613309 0.08398938 0.10720517
  1.0000001 ]
 [0.11067505 0.16480239 0.23768867 0.21783469 0.34369203 0.46183048
  0.12649558 0.18976978 0.2411514  0.06074893 0.09091849 0.12512853
  0.30454587]
 [0.13391434 0.1899823  0.23435425 0.19915306 0.30512219 0.40327607
  0.11863003 0.17980471 0.24372769 0.0695091  0.10838053 0.20381923
  1.00000154]
 [0.13535768 0.19837645 0.25239187 0.22437283 0.33618858 0.42370508
  0.10905758 0.16682191 0.28862353 0.06611743 0.10237458 0.13150356
  1.0000002 ]]",[ 0.32914355 -0.134504   -0.11424197 -0.00609896],4,0.03171961365898879,0.6537239455981737,0.6947714125068394,0.018177152228071678,0.03594886656252541,31.02654276000976,0.02486339629015949
224,"[[ 0.23508513  0.34204415  0.11576084 -0.39822021  0.36124676  0.12094527
   0.00427111  0.40537218 -0.09984579 -0.47071835  0.32266041  0.09589039
  -0.0379394 ]
 [-0.26707092 -0.11485055  0.10571117  0.47893987 -0.00502831 -0.4402002
  -0.19619717 -0.24158658  0.12429172  0.29259011  0.1265131  -0.51540481
  -0.0394997 ]
 [ 0.03110545 -0.46601198  0.05885984  0.54887452 -0.25720134  0.0673152
  -0.16675504  0.25870761 -0.11823983  0.4932366  -0.23209992  0.02041855
  -0.01290545]
 [-0.37607402  0.27302487  0.1965948   0.07351115  0.27714915  0.19363829
   0.06773697 -0.42696953  0.16929155  0.02020261  0.59483289  0.22781522
  -0.0630866 ]]","['bbo_main', 'random_fill', 'random_fill', 'random_fill']","[[0.12114527 0.18229897 0.31650389 0.21746917 0.33754375 0.50482876
  0.12343415 0.19007897 0.24501248 0.0631549  0.09829649 0.13613025
  0.36732311]
 [0.11600847 0.17729415 0.30926593 0.21480609 0.32332995 0.41764858
  0.12123787 0.19127906 0.32156478 0.06231833 0.09389518 0.12131689
  0.37102787]
 [0.10484898 0.15828055 0.28197069 0.22740744 0.34427055 0.69453714
  0.12160837 0.19307953 0.25170129 0.06583794 0.10053486 0.13206218
  1.00000005]
 [0.11524323 0.17591012 0.25606556 0.21960924 0.33864777 0.46303838
  0.11816955 0.18112663 0.25377729 0.06731244 0.10481864 0.42696384
  1.00000013]]",[ 0.27808737 -0.17834679  0.02796354  0.32621359],4,0.0388965459307955,0.692367754004672,0.7320177154642024,0.017967933188899343,0.03210575126720924,31.36267964799481,0.024284092814019553
225,"[[-0.24057492  0.34067809 -0.02288015  0.02579081  0.37630817 -0.11351808
   0.06351415 -0.09499623  0.03532584  0.73471696  0.0167242  -0.34052173
  -0.00541066]
 [ 0.56551242  0.44951932 -0.50765698  0.02980031  0.13931098  0.07828409
  -0.11171161  0.19388941  0.07849474  0.3178176   0.110685   -0.14641119
   0.05530847]
 [ 0.11314543  0.27915868 -0.33653103  0.41962602  0.53174601 -0.41316585
   0.16344374  0.04678132  0.03586697 -0.1386738  -0.33880835  0.02784617
   0.03852074]
 [-0.03012933 -0.53025293 -0.04189378 -0.18901471  0.0341428   0.06802708
   0.35887787 -0.04185608  0.0479221   0.71673112 -0.0096273  -0.13187856
   0.10304889]]","['bbo_main', 'random_fill', 'random_fill', 'random_fill']","[[0.11574064 0.18405244 0.248913   0.2305394  0.35261136 0.45013166
  0.11381264 0.17254108 0.31441622 0.07324076 0.10285474 0.12469115
  1.00000007]
 [0.12011338 0.17524302 0.22111643 0.21845938 0.33447592 0.53697744
  0.1231665  0.19633161 0.45809979 0.06533388 0.10002291 0.1283455
  1.00000004]
 [0.10863303 0.16372399 0.21508294 0.24726647 0.36513572 0.45197729
  0.12241844 0.1941547  0.31812058 0.05656284 0.08650295 0.1349175
  1.00000013]
 [0.1046193  0.15357646 0.20780557 0.21859527 0.34064298 0.66823025
  0.12599784 0.19369554 0.27288602 0.07271553 0.10821104 0.13632479
  1.00000005]]",[0.12630709 0.25821101 0.14241889 0.10881236],4,0.038339832392737985,0.6770942739175763,0.7173345722649421,0.018046667585970216,0.03250476396569352,31.61488082401047,0.024604751361634702
226,"[[ 0.26585341 -0.53889615  0.07252097  0.09996174 -0.06727306  0.08564847
  -0.30521379 -0.33752289  0.05891892  0.20247087 -0.44980143 -0.39690953
  -0.01995945]
 [ 0.27347804 -0.24562626  0.10649657 -0.34858213  0.27240497 -0.31397202
  -0.55800994 -0.10802241  0.10657573 -0.12774131 -0.04961453 -0.4536675
  -0.0157357 ]
 [ 0.17267656  0.07495209  0.10156785 -0.00970436  0.15485986 -0.13656538
  -0.08412549  0.49078761 -0.79904017  0.0699035  -0.05741758  0.12551403
  -0.03422414]
 [ 0.03611828 -0.30054187  0.37750163  0.27162411  0.42414346 -0.04123933
  -0.2155534   0.36878157 -0.29762916 -0.12248301  0.24269282  0.39100917
  -0.11246451]]","['bbo_main', 'random_fill', 'random_fill', 'random_fill']","[[0.11252059 0.16706027 0.27582589 0.22751309 0.35063377 0.65141734
  0.11436132 0.17440515 0.25249794 0.05892289 0.08667844 0.11053225
  1.00000002]
 [0.12182088 0.18360462 0.4169458  0.20966937 0.31658541 0.40937707
  0.12192496 0.1928511  0.3974534  0.0595844  0.08962341 0.11557577
  1.00000002]
 [0.12069076 0.18279488 0.27195986 0.21826645 0.33381931 0.43175117
  0.1144984  0.17325209 0.22579391 0.06650213 0.10233408 0.39954382
  1.00000008]
 [0.114851   0.17516154 0.33325187 0.22000774 0.3363623  0.44411251
  0.12108628 0.18780137 0.24504754 0.06526656 0.10104766 0.3857556
  1.00000012]]",[-0.15494584 -0.20949537 -0.03754497  0.28654113],4,0.03925596088435243,0.6888016109407358,0.728593979711107,0.018039734058896882,0.03184943875197088,31.338625054006116,0.024492148662861257
227,"[[ 0.09066274  0.40567284 -0.52708889  0.21618246 -0.45539335  0.02521268
  -0.20377075 -0.05951522 -0.07738197 -0.26694315 -0.16994877 -0.37854913
  -0.01184313]
 [ 0.12458307  0.23248677 -0.11809066  0.18982749  0.01752551 -0.46431059
  -0.13925785 -0.60193232 -0.10194187 -0.38644336 -0.2560038  -0.2358847
   0.04395664]
 [ 0.08046174  0.28887233 -0.13276036 -0.08246729 -0.49975171  0.06404355
   0.19239511 -0.38657822  0.05831133  0.65944342 -0.0438981   0.06750847
  -0.02429608]
 [-0.05831392 -0.59078311 -0.44148071  0.18439975 -0.15738331 -0.38362811
   0.06615778 -0.26493001  0.07268528 -0.18377259 -0.30022752  0.16010752
  -0.13166257]]","['bbo_main', 'random_fill', 'random_fill', 'random_fill']","[[0.12428808 0.18523139 0.23305108 0.20847414 0.31182258 0.50555023
  0.12291114 0.19162636 0.24823861 0.05678393 0.08468143 0.10786796
  0.79542306]
 [0.13727929 0.20346512 0.26641511 0.21176663 0.31396484 0.40661795
  0.11357599 0.1716782  0.25666334 0.05747344 0.08783591 0.11734036
  1.0000019 ]
 [0.12256921 0.18596079 0.23969739 0.20001007 0.29966192 0.43887128
  0.11877236 0.18184324 0.26015779 0.07800304 0.11631619 0.2066596
  0.66124438]
 [0.11029079 0.16510618 0.21893137 0.21735975 0.33039468 0.43654454
  0.12378337 0.19551216 0.26649555 0.06546267 0.10042235 0.16527363
  0.08806411]]",[-0.25607697 -0.28388939 -0.09444233 -0.43156619],4,0.03534279068047419,0.6882922790332893,0.7281047575044345,0.018030757150069764,0.030690234535143635,31.548033447994385,0.024349401045525576
228,"[[-0.42816259 -0.03324663 -0.08562405 -0.17167433 -0.23329874 -0.01151472
  -0.66052243  0.45977265 -0.09413997 -0.2273952  -0.12468145  0.01911385
   0.00667283]
 [ 0.04322627  0.50307804 -0.27699481  0.08060515 -0.06483976  0.59610666
  -0.28646498 -0.08948038 -0.28326056  0.11786074 -0.03081724 -0.27905498
  -0.19812951]
 [ 0.74378493 -0.03402262  0.00567938 -0.10520466 -0.2746393   0.14034689
  -0.40093345 -0.33758239 -0.00468185  0.15518334  0.15048333  0.1249429
  -0.04830029]
 [-0.39939386 -0.47260571  0.15319967 -0.23422187 -0.35648476  0.19023718
   0.52245178  0.06741272  0.19872926 -0.12710687  0.1583229   0.12812589
  -0.02990973]]","['bbo_main', 'random_fill', 'random_fill', 'random_fill']","[[0.10881207 0.16403361 0.21780916 0.20309258 0.30450933 0.41571869
  0.12279041 0.22019273 0.29838505 0.06341871 0.09595317 0.17867607
  1.00000066]
 [0.11782319 0.17800281 0.23657616 0.22043432 0.33916828 0.53531056
  0.12109976 0.18756353 0.2485519  0.06144323 0.09288596 0.12400323
  0.17453438]
 [0.122352   0.18441056 0.24350284 0.21138463 0.3205468  0.51717783
  0.11435343 0.17397376 0.23379163 0.0677528  0.10568249 0.15443549
  0.34325056]
 [0.10971665 0.16428257 0.2287174  0.21002065 0.31706656 0.50277184
  0.1275956  0.20211812 0.50483065 0.06694001 0.10215583 0.1346434
  1.0000002 ]]",[-0.20564069  0.15730681 -0.02811581  0.02262261],4,0.034212729479922516,0.692367754004672,0.7320177154642024,0.017992447259351223,0.0298085551526234,31.337797214990132,0.024559886408912324
229,"[[ 0.11916594 -0.16394256 -0.02213851 -0.13489071 -0.34478774  0.43768032
  -0.0960775   0.2603251  -0.1631147   0.18801955  0.16421867  0.52745402
  -0.43088366]
 [-0.60049346  0.04206361  0.01219619 -0.48392913  0.10841867 -0.05427871
  -0.11699747  0.33052902 -0.1892128  -0.12570098 -0.39375734  0.01334121
   0.24256634]
 [-0.08721138 -0.15916308 -0.35935757 -0.25157042  0.04444035 -0.2834856
  -0.15500721 -0.3795442  -0.30840879 -0.58125218  0.23229872  0.18179282
  -0.06507133]
 [-0.10910246 -0.36376006 -0.38031328  0.13920097  0.58664381 -0.13301453
  -0.41242039  0.10449917  0.31890845  0.09067678  0.10829223 -0.01031942
  -0.16476382]]","['bbo_main', 'random_fill', 'random_fill', 'random_fill']","[[0.11607181 0.17638914 0.23422803 0.21747613 0.33168691 0.44979887
  0.12324457 0.19285098 0.25535543 0.06577089 0.1007127  0.13763548
  0.00946001]
 [0.10662717 0.17022708 0.29312221 0.20673476 0.31376857 0.41100344
  0.13329234 0.20828676 0.26690401 0.05761662 0.0874222  0.13907137
  1.00000053]
 [0.11237067 0.16822026 0.22208651 0.21829882 0.33338119 0.43116471
  0.11690816 0.17836176 0.2348598  0.06724988 0.10705023 0.20626002
  0.30760826]
 [0.10969184 0.16365678 0.22176909 0.21991447 0.33565137 0.44431154
  0.12343458 0.19583839 0.30964029 0.06442036 0.09875163 0.13133371
  0.10042456]]",[ 0.12703573  0.06387563 -0.43370587  0.0795178 ],4,0.03153412680747324,0.6821825567777826,0.7222318304393216,0.018016355895443217,0.03393620801925004,31.43734198900347,0.02435057443420302
230,"[[-2.52393560e-01 -3.35253548e-01 -3.93198227e-02 -7.23817968e-01
   2.39862639e-01 -3.04404930e-03  6.58912888e-02  1.72197716e-02
   4.45779344e-02 -4.43772366e-01  1.93024127e-01  5.45026090e-03
  -7.30691351e-03]
 [-2.48253037e-01  2.95391569e-01  3.00049153e-02 -2.97833074e-01
  -4.02186494e-01 -2.38282801e-02  5.03311034e-01  1.81098766e-01
  -3.49010853e-01  3.32944618e-01 -2.83482442e-01  6.76900328e-03
  -2.89399032e-04]
 [-2.29950741e-01 -4.48838737e-01 -9.25737440e-02 -3.42320134e-01
   5.37556949e-01 -4.13354835e-01 -1.82278642e-01  3.25439932e-01
   8.59412692e-02  2.40839612e-02  9.79346586e-02  4.91909441e-02
  -3.11486983e-02]
 [-4.83519963e-01  2.53185225e-01 -1.04699536e-01 -2.32435681e-01
   5.31674527e-01 -1.12212870e-01 -3.35722755e-01 -3.14055039e-01
  -1.67977535e-01 -2.21766625e-01  2.04437028e-01 -1.05998585e-01
  -8.96629869e-03]]","['bbo_main', 'random_fill', 'random_fill', 'random_fill']","[[0.1056625  0.15801243 0.21539343 0.21056719 0.33298096 0.44849504
  0.12722762 0.1943978  0.48569285 0.06586613 0.10406226 0.13836186
  1.00000004]
 [0.12236691 0.19370556 0.33444999 0.19620692 0.29465477 0.40158092
  0.14190009 0.20887155 0.26229501 0.06414793 0.09638588 0.13092037
  1.00000002]
 [0.10603016 0.1587255  0.21443752 0.21697586 0.3317097  0.42401347
  0.12518796 0.20272138 0.33117886 0.06706442 0.10236727 0.14555745
  0.35521587]
 [0.10967513 0.16834473 0.23241222 0.23427643 0.37304785 0.49314368
  0.10888945 0.1619456  0.21777265 0.06392396 0.09927579 0.13181571
  1.00000032]]",[-0.14433384 -0.13730262 -0.10735297 -0.08700894],4,0.03548052412810902,0.7163501199879381,0.7549673938858541,0.017762577209285355,0.03241538001712564,31.56642966499203,0.02427980204464733
231,"[[-0.29255221  0.35059214  0.11810346 -0.26856305  0.09166579  0.08691776
   0.30088885  0.48045801  0.08710501  0.4411932   0.15930746 -0.37391096
  -0.02579746]
 [ 0.02047392 -0.48212951  0.18860943  0.03394985  0.45775316 -0.30436802
   0.23277139 -0.03009526  0.2151891  -0.33291775 -0.39321103  0.23469359
  -0.07939258]
 [-0.50808414 -0.23044175 -0.17238372  0.11569095  0.57221836 -0.21731379
  -0.11351342  0.20296251 -0.01274288  0.44274626  0.12038939 -0.07883473
  -0.00363298]
 [ 0.4976258  -0.41951561  0.15643304  0.32148493  0.14153749  0.14038122
  -0.08209668 -0.31510842  0.1575446   0.26793447  0.18198809 -0.41575455
  -0.01406191]]","['bbo_main', 'random_fill', 'random_fill', 'random_fill']","[[0.11845814 0.1796041  0.51919114 0.2085082  0.31525219 0.43462217
  0.12954937 0.20610621 0.28493716 0.0632287  0.09436187 0.12003972
  1.        ]
 [0.11082583 0.16615757 0.23775928 0.22006933 0.33543443 0.43153332
  0.1239563  0.19656216 0.28131641 0.06088086 0.09224011 0.19045563
  0.21591424]
 [0.09880096 0.14762202 0.19777408 0.24168717 0.36609962 0.46400879
  0.12095505 0.1913571  0.28549686 0.06976316 0.10500727 0.13742554
  1.00000022]
 [0.11758251 0.1768164  0.33168384 0.22359156 0.34624145 0.47112618
  0.11828289 0.18200251 0.46938094 0.06079583 0.09157598 0.11837182
  1.00000001]]",[0.23537927 0.05116845 0.06883641 0.19981269],4,0.033599298892138085,0.7000143776272447,0.7393494037044936,0.01790264972183614,0.03328508177068025,31.04782757499197,0.024414048710134417
232,"[[ 0.55736969 -0.00750448 -0.01856116  0.09552321 -0.15913534 -0.04915257
  -0.20967126 -0.4363979  -0.11949197 -0.13524013 -0.18673656 -0.59091109
  -0.03245967]
 [ 0.44590365 -0.00333087 -0.2897572  -0.22444732  0.18502584 -0.09232387
  -0.46562308  0.4137933  -0.23200495  0.08791551  0.29142464 -0.28357885
   0.0955734 ]
 [ 0.12538228 -0.60930641  0.06069269  0.13936842  0.54146556  0.17864434
   0.03389044 -0.10759055  0.20701691 -0.17191546 -0.34231951  0.21560947
   0.12654552]
 [-0.29561888  0.23497089 -0.1751879  -0.03604231  0.19764636 -0.14426563
  -0.57164372  0.34462494 -0.17262091  0.33833144 -0.05966072 -0.41492308
  -0.00143693]]","['bbo_main', 'random_fill', 'random_fill', 'random_fill']","[[0.12348829 0.18652554 0.26026827 0.22157147 0.33863877 0.45059589
  0.11443709 0.17372832 0.23455209 0.05837705 0.08708863 0.11299696
  0.3061632 ]
 [0.12763373 0.17499838 0.22202317 0.21218683 0.33224723 0.47183168
  0.11711185 0.1923197  0.25059491 0.06915637 0.10452463 0.13302013
  1.00000032]
 [0.10745014 0.16059081 0.21879345 0.22664811 0.35200796 0.4774778
  0.12223206 0.18843507 0.27680149 0.06012542 0.09163186 0.39480469
  1.00000003]
 [0.1079595  0.16476253 0.22003008 0.23113199 0.34896911 0.47078243
  0.11298466 0.20275426 0.27187434 0.06024757 0.08759588 0.11325667
  1.00000049]]",[-0.22097675  0.02358894  0.44752553 -0.11393898],4,0.034163322030095256,0.7240186457880471,0.7622771805158042,0.017647106745414882,0.032353694725399874,31.426398834999418,0.024123790590486915
233,"[[ 0.32519968  0.22963262 -0.49198348  0.32682989 -0.04934303 -0.46508363
   0.08885767  0.10542919  0.068456   -0.42420285  0.2549923   0.07163005
   0.01066629]
 [-0.37237265  0.35588517  0.06696299  0.27002148  0.40354323 -0.11502262
  -0.13070434  0.4535785  -0.03372417  0.21588001 -0.44544617  0.06750062
   0.0876023 ]
 [ 0.14249572 -0.4180758   0.22531357 -0.08356371  0.38971842  0.12776434
   0.06913922 -0.53837714  0.1938431   0.42988066 -0.15624646  0.17603959
  -0.08092418]
 [ 0.01909052  0.11688698 -0.25843526  0.36472528  0.22798515  0.15375656
   0.00561473  0.11038866 -0.52570743 -0.30518611 -0.5358083   0.18356485
  -0.08961434]]","['bbo_main', 'random_fill', 'random_fill', 'random_fill']","[[0.11962867 0.17909668 0.22998715 0.20394506 0.29783592 0.37842794
  0.12997403 0.20511289 0.32359822 0.06619159 0.10536409 0.23166193
  1.00000001]
 [0.1127175  0.17484465 0.35341964 0.22936379 0.34632693 0.44167907
  0.12280524 0.19859015 0.2653288  0.05821503 0.0878789  0.27376051
  1.00000013]
 [0.11234883 0.16901144 0.311609   0.22075802 0.34299734 0.45522996
  0.12014261 0.18510165 0.26378504 0.0655007  0.09995742 0.1335513
  0.21454028]
 [0.11526334 0.17480975 0.23198215 0.22335679 0.34590043 0.46916883
  0.11984893 0.18463206 0.23947894 0.05949331 0.08986836 0.17613553
  0.18271762]]",[-0.07578673  0.3393862   0.16741983  0.03995064],4,0.03444481840557377,0.7091993165061964,0.74813843927902,0.01778876132900513,0.03423512850735699,31.418555312993703,0.023952995548516598
234,"[[ 0.44034731  0.26246346 -0.29463367 -0.11494076 -0.37750896  0.01819407
  -0.28845866 -0.22683466  0.03350301  0.49821781 -0.31794636 -0.09509461
  -0.01428599]
 [-0.15730476  0.26714367 -0.3566386  -0.11437106 -0.31471254  0.10801261
   0.44528274  0.55641822  0.16231339  0.23334516 -0.22271483  0.11459621
  -0.03871932]
 [-0.22200998 -0.08606067 -0.3492901   0.17469576 -0.16022507 -0.22735454
   0.63731564  0.18638817 -0.38996232  0.15223288  0.30999173  0.02299669
   0.02529494]
 [-0.38478419  0.02874268  0.10909145  0.04064036  0.44747038 -0.05888475
  -0.1532361  -0.28689227  0.17511481 -0.52560177 -0.26682074 -0.3821426
  -0.06267437]]","['bbo_main', 'random_fill', 'random_fill', 'random_fill']","[[0.13964073 0.2033511  0.25499191 0.20016422 0.30071856 0.4207928
  0.1154326  0.17707512 0.30107401 0.06639785 0.09899728 0.12750568
  0.90621944]
 [0.11081982 0.1657672  0.2182632  0.20354694 0.30489578 0.42920858
  0.13567524 0.21431305 0.48522279 0.06686759 0.10191006 0.14514615
  1.        ]
 [0.10686215 0.15905881 0.21026425 0.20587934 0.30756646 0.40522694
  0.13726678 0.20424148 0.25848353 0.07572627 0.12291276 0.20200821
  1.00000035]
 [0.11516909 0.17555763 0.24399391 0.22351905 0.34517602 0.45522277
  0.1211453  0.18791336 0.31410097 0.05836965 0.0882763  0.11644716
  0.19570877]]",[-0.17598559  0.10537553 -0.11197812 -0.00438682],4,0.03314669460195607,0.7219729916933896,0.7603286179419935,0.01771193687488506,0.034568877220423816,31.368008065997856,0.02405251006157369
235,"[[-0.48251869  0.3467652   0.01747503 -0.05298033 -0.09779365 -0.23989043
   0.24292876 -0.19168915 -0.00432911 -0.37340043  0.3919512  -0.43318928
   0.01489529]
 [ 0.17608648 -0.2949057  -0.51257826 -0.2728697  -0.40791382  0.08703387
  -0.49094532 -0.04528459  0.00853521  0.03883006  0.34355018 -0.08582449
  -0.02846151]
 [-0.05257226  0.40482223  0.09504834 -0.11895295  0.10003398  0.01989131
  -0.43088889  0.1934591   0.10050905  0.59318088 -0.32254139 -0.32388934
   0.07598774]
 [-0.44214333 -0.35724867  0.03453756  0.00942008 -0.15242918 -0.3538193
  -0.18510936  0.24782236 -0.60791338 -0.18878406 -0.0741188  -0.10798617
   0.09562547]]","['bbo_main', 'random_fill', 'random_fill', 'random_fill']","[[0.12164337 0.20611817 0.32402493 0.20167004 0.29984266 0.38849591
  0.12548279 0.19219669 0.26272058 0.06038032 0.09263104 0.11729574
  1.0000004 ]
 [0.11070789 0.16026291 0.20771991 0.2077031  0.31459573 0.52325911
  0.12197534 0.19392169 0.26867398 0.07089775 0.10910098 0.14143263
  0.57622765]
 [0.12111761 0.18380826 0.35139627 0.21739279 0.3314667  0.43906893
  0.12214043 0.19468005 0.46832615 0.06007569 0.08779662 0.11206526
  1.00000019]
 [0.110806   0.16802345 0.39647473 0.20679422 0.30801797 0.39845088
  0.12230268 0.18629217 0.23667453 0.06821438 0.10494577 0.13520222
  1.00000187]]",[-0.14441308 -0.32837932  0.19658736 -0.34128771],4,0.03298325350578479,0.7235071831620552,0.7617900889732443,0.01767720217334139,0.029256605368544353,31.367362819990376,0.023917085274638317
236,"[[-0.59960941  0.11977718  0.0402671  -0.0370001   0.08843667 -0.1874451
  -0.14923437 -0.56227743 -0.07557856  0.22846384 -0.4259476   0.03920072
   0.02953181]
 [ 0.05963071 -0.14854833  0.21257947 -0.05821993 -0.26807592 -0.44168556
  -0.5093215  -0.10177537  0.21345565  0.02462053 -0.33190818 -0.41082048
  -0.25293189]
 [ 0.34914766  0.28756396  0.10465464  0.00116151 -0.23091935 -0.23085295
  -0.42460814 -0.04098603  0.40768141 -0.50666559  0.07864427 -0.0646399
  -0.25016551]
 [-0.1493074  -0.36229405  0.00849081 -0.12777965 -0.15756788 -0.19263167
   0.05808304  0.25588058 -0.55248468  0.21045691  0.57984316 -0.11515464
  -0.01604262]]","['bbo_main', 'random_fill', 'random_fill', 'random_fill']","[[0.11442749 0.18189995 0.40216858 0.22553905 0.34183978 0.43614039
  0.11098111 0.16486486 0.21738737 0.0621886  0.09296082 0.15736825
  1.00000012]
 [0.1191193  0.18026886 0.24184741 0.2138092  0.32420499 0.43018299
  0.12360183 0.1944612  0.26880353 0.06275833 0.09482114 0.12664024
  0.01862656]
 [0.11954534 0.18083833 0.24068539 0.21498346 0.3265935  0.43239015
  0.12360069 0.19439966 0.27955438 0.06279395 0.0953285  0.12764211
  0.02512497]
 [0.1100681  0.16462603 0.27419409 0.20323781 0.30402272 0.400492
  0.12160343 0.18619484 0.23928099 0.08501069 0.13475019 0.17461929
  1.00000026]]",[-0.20587599 -0.36966002 -0.04139027 -0.24238833],4,0.033001690872154876,0.7322065575668223,0.770066135569479,0.017593511019433603,0.028046603233784884,31.37565373000689,0.023768737962307995
237,"[[-2.69791300e-01  2.88871541e-01  8.90908118e-02  3.28433655e-01
   3.03747741e-01  1.99732777e-02 -1.45785308e-01  4.51301034e-01
   1.17534109e-01  5.30910531e-01 -3.15433455e-01  1.17970651e-01
  -3.57330342e-02]
 [ 3.18132697e-01  4.20094651e-01 -5.15626236e-01  3.78268268e-01
   6.96649099e-02 -3.45026544e-01  3.38161310e-01 -2.18810266e-01
  -1.37611484e-01 -3.15700945e-02  8.38351729e-02 -9.35661186e-03
  -1.33333969e-02]
 [ 3.57557028e-01  1.79902682e-01  1.37077849e-01  1.02673700e-01
   8.07505770e-02 -2.28153517e-01  1.21721057e-01 -1.94729173e-01
   5.44424378e-01 -2.79635589e-01 -8.36352451e-02  5.46945707e-01
  -1.35673121e-01]
 [-2.08703031e-01  2.18414780e-01 -1.64423031e-04  3.15094373e-01
  -1.25404109e-01 -4.15392400e-02 -2.22232303e-01  6.90213229e-02
  -3.76853148e-01  6.59543022e-01  8.77917663e-02 -3.61271805e-01
   1.50368530e-01]]","['bbo_main', 'random_fill', 'random_fill', 'random_fill']","[[0.11374011 0.17475282 0.24185987 0.22473805 0.34100701 0.44748927
  0.12289741 0.19725149 0.28999107 0.06088878 0.09164802 0.4124495
  1.00000017]
 [0.12296836 0.18100051 0.22816263 0.21878008 0.32640393 0.41672519
  0.11659648 0.17537598 0.23632445 0.06585005 0.10579004 0.194782
  0.65164891]
 [0.11845144 0.17901623 0.23974026 0.21249316 0.32179781 0.42781826
  0.12358576 0.19514611 0.30520613 0.06527255 0.10026999 0.43388774
  1.00000001]
 [0.11958855 0.18859055 0.29650002 0.22290742 0.33750019 0.44667745
  0.11036158 0.16247868 0.20974865 0.07673097 0.10971794 0.13314628
  1.00000033]]",[ 0.34920054 -0.07596159  0.27582159  0.09569247],4,0.03251163155315606,0.7593926553754233,0.7958034112693385,0.017478599902426332,0.031279711121721905,31.483823595001013,0.023619138313558385
238,"[[ 0.15080022  0.31178853 -0.03169756  0.3581342  -0.3957052   0.03139184
   0.04295094 -0.03599567  0.00871367  0.56511141  0.15094573 -0.4977102
  -0.01212194]
 [-0.35204082  0.38354332 -0.42382997  0.43349566 -0.29025099  0.00374553
  -0.04761521 -0.09886666 -0.04750185 -0.10587482  0.34591677 -0.23905184
   0.27356874]
 [ 0.25414828 -0.14070439  0.19826758  0.21317358  0.48720586 -0.38668593
  -0.18257955 -0.13616797  0.17618503 -0.22147773 -0.51306996  0.21556745
  -0.0477672 ]
 [ 0.0642972   0.50697472 -0.25291814  0.1160533   0.28446691 -0.2038238
  -0.40250336 -0.0170342  -0.42056412 -0.31795642  0.10748763 -0.00845198
   0.2950362 ]]","['bbo_main', 'random_fill', 'random_fill', 'random_fill']","[[0.13876036 0.20580002 0.26575692 0.20282101 0.30155884 0.4925389
  0.12327007 0.19113188 0.25814964 0.06527317 0.09391527 0.11565028
  0.99999995]
 [0.10344723 0.15407971 0.19878664 0.23924276 0.35563569 0.5124025
  0.11300423 0.17332949 0.23467755 0.06656919 0.10513605 0.13185417
  1.00000106]
 [0.11880188 0.1798795  0.32139943 0.22095441 0.33664407 0.43231016
  0.12142232 0.19112618 0.27123579 0.05917536 0.08960643 0.37294652
  1.00000006]
 [0.12982924 0.19298248 0.24687057 0.22773652 0.3471517  0.44578566
  0.10864904 0.1596204  0.20735171 0.06073684 0.09639668 0.17990958
  1.00000203]]",[0.0274823  0.17853769 0.08569563 0.22897857],4,0.03495582601557315,0.7588787595531317,0.7953187528394418,0.017452608526310448,0.02977176030663664,31.546400075007114,0.02357050187831869
239,"[[ 0.51837175  0.43402625 -0.04489058  0.27487783 -0.14850804  0.04276937
  -0.22974884  0.59485858  0.03531451  0.07220128 -0.14704486  0.08197835
  -0.00332618]
 [-0.31130854 -0.27848878 -0.31794284  0.21723124 -0.04578471 -0.09978477
   0.06253179  0.58229745 -0.07580832  0.16786514  0.53383025  0.05119986
   0.02642688]
 [ 0.56005136 -0.02704866 -0.13183878 -0.43251181 -0.15843647 -0.02700711
  -0.04227922  0.25313729 -0.40752415 -0.21809597 -0.39153843 -0.14987869
   0.00759285]
 [-0.11655307  0.23716672  0.07384056  0.33273305 -0.29116201  0.00358609
   0.28352964 -0.62758578 -0.1925518   0.41812021 -0.1866627   0.09051379
  -0.00510465]]","['bbo_main', 'random_fill', 'random_fill', 'random_fill']","[[0.13462748 0.19661975 0.25521867 0.20913503 0.31382828 0.42329647
  0.12511469 0.20485311 0.27860584 0.05990134 0.09084901 0.2913752
  1.00000004]
 [0.10249676 0.15029479 0.1970444  0.21709712 0.32932812 0.4276152
  0.1327125  0.20917191 0.27525354 0.07713806 0.11808253 0.19905894
  1.00000074]
 [0.14104668 0.20379106 0.25874639 0.20195096 0.30479936 0.44366797
  0.12295761 0.19009617 0.243717   0.05705513 0.08548459 0.11279803
  1.00000018]
 [0.12162997 0.18745433 0.29302144 0.21472499 0.32461868 0.43201394
  0.11353521 0.16860251 0.22040639 0.06862979 0.10461517 0.34440113
  1.00000001]]",[ 0.28713185  0.07483623 -0.21987725 -0.05042828],4,0.03275962897673901,0.7450176502929324,0.7822188978280531,0.0175711891616721,0.029973347623282687,31.1899952780077,0.023851073488188407
240,"[[-0.51138179 -0.01815641  0.19695507  0.06858809 -0.03454864  0.18657931
   0.17181569  0.21039837 -0.26621947  0.04732958 -0.23571182 -0.67293062
  -0.05797634]
 [-0.1598049   0.79928256 -0.08246723 -0.04990615  0.03982479 -0.06557684
   0.28088274  0.06255926 -0.02310156  0.01485204 -0.17679668 -0.45268849
  -0.02617252]
 [ 0.11011892 -0.13069379 -0.14278813  0.21102062 -0.02470998 -0.6836886
   0.38413146  0.27716479 -0.39555767  0.00965702  0.10452724 -0.21439676
   0.00240285]
 [-0.37265738 -0.33126842 -0.13633935  0.19293747 -0.10280726 -0.30046994
  -0.26549894  0.40083686 -0.46861686  0.17342477  0.33500816  0.03913182
  -0.01110712]]","['bbo_main', 'random_fill', 'random_fill', 'random_fill']","[[0.114912   0.17572994 0.53033419 0.22128393 0.34037768 0.49260151
  0.12346396 0.19085735 0.24602129 0.05865844 0.08857779 0.11477903
  1.00000009]
 [0.12269448 0.19214113 0.25600106 0.21435423 0.32429612 0.43111688
  0.12609773 0.19348448 0.27161848 0.05770641 0.08525074 0.11065219
  0.3540307 ]
 [0.11637886 0.17399918 0.26823465 0.20008198 0.29243736 0.37991591
  0.14257728 0.21432882 0.27247717 0.06749989 0.1036214  0.13778766
  1.00000017]
 [0.10556955 0.15965729 0.21521635 0.20934574 0.3128782  0.40748612
  0.12152393 0.18732931 0.24069211 0.08314067 0.13262043 0.22385165
  1.0000009 ]]",[-0.01961917  0.0544786  -0.28223759 -0.24925418],4,0.03319627190773907,0.7614486205575168,0.7977416631112867,0.017456664498757806,0.029779299210766996,31.790159145995858,0.02369648776794496
241,"[[-0.07546114 -0.32442238  0.07711569 -0.54379219 -0.40476097  0.06502058
  -0.62247812 -0.10350321  0.0135196  -0.08647702 -0.09286357  0.06634127
  -0.02149539]
 [-0.38589727 -0.04381029 -0.09115922 -0.16395127  0.02866927 -0.20877107
   0.64732933 -0.22018177 -0.02404047  0.0013237   0.08584061 -0.54206699
  -0.01632334]
 [ 0.19003314 -0.45047247  0.13671618 -0.13987105  0.01424779  0.14660514
   0.23898892  0.57986018  0.14368678  0.12008967 -0.48618662 -0.11453407
   0.15196788]
 [ 0.27265804 -0.66665097 -0.47384332 -0.04175682 -0.21657552  0.09617126
  -0.40717751 -0.00559685  0.1300423  -0.0261617  -0.07535195  0.09769966
  -0.01287088]]","['bbo_main', 'random_fill', 'random_fill', 'random_fill']","[[0.12053688 0.18180118 0.50777722 0.20028501 0.30113429 0.42536626
  0.1193297  0.18806066 0.25087361 0.06812635 0.10408414 0.14573451
  1.00000015]
 [0.10974421 0.16552827 0.22653678 0.20709631 0.30977963 0.40618757
  0.15170959 0.22513167 0.3222244  0.06039691 0.08858848 0.11185779
  1.00000011]
 [0.10959103 0.16340372 0.28199303 0.21979096 0.33579636 0.6665847
  0.12955155 0.20777462 0.29280002 0.05910923 0.08920933 0.11722704
  1.00000008]
 [0.10701159 0.15548076 0.20282656 0.2196254  0.33548475 0.46161862
  0.12238605 0.19669671 0.51307433 0.06668925 0.10191179 0.14993625
  1.00000002]]",[-0.34979936 -0.20850908  0.35331731 -0.19987452],4,0.035718928510379,0.7763731675629029,0.8117751903240104,0.01727602537883905,0.030359790835305434,31.43462163901131,0.023607681491090902
242,"[[-0.25947838 -0.19348384  0.18683042 -0.05897793  0.4691622   0.21529447
   0.22719603 -0.10958023 -0.42213908  0.40504224  0.25050897 -0.34182957
  -0.06998152]
 [ 0.18692275  0.06166402 -0.23293764  0.66693889  0.4093894   0.02682131
   0.26927919 -0.21381439  0.17535243  0.34753132 -0.02922191  0.15170502
  -0.01575572]
 [ 0.25926932  0.52978359 -0.01005494 -0.20393593 -0.31378146  0.04934308
  -0.19305884 -0.22423263 -0.51318032 -0.2416801  -0.05827797 -0.30915164
   0.03518377]
 [ 0.60724356 -0.33731883  0.11129982 -0.35382563  0.28410499  0.06934309
  -0.25148059 -0.11097322 -0.01717781  0.20835456  0.3910645   0.14113648
  -0.04745247]]","['bbo_main', 'random_fill', 'random_fill', 'random_fill']","[[0.11180557 0.16960964 0.29453969 0.22422989 0.35056708 0.52457292
  0.11568343 0.17499894 0.22955608 0.06474607 0.09868398 0.12696593
  0.42005845]
 [0.10784919 0.16178813 0.21456859 0.2275414  0.35103994 0.46248731
  0.12174304 0.18766135 0.53311757 0.06423102 0.09881009 0.14699977
  1.00000002]
 [0.13812103 0.20691592 0.27201819 0.20968659 0.31529936 0.49785412
  0.11411366 0.16930275 0.21996877 0.06062406 0.09117662 0.11913311
  1.00000028]
 [0.11857529 0.17717909 0.24668488 0.2178939  0.33846584 0.45513596
  0.11555405 0.1759282  0.23555406 0.06834849 0.10612337 0.20243375
  0.24244835]]",[ 0.14573786  0.400149   -0.16892512  0.11049673],4,0.03256681642011289,0.7676202336854991,0.8035527012081937,0.017467227735866547,0.031583481438757666,31.568165176999173,0.02338084427143472
243,"[[ 0.30162954 -0.07209024  0.02723684 -0.36517986 -0.25252808  0.1333491
   0.06174632  0.8056315   0.12434591  0.01778136 -0.13219073 -0.0408138
  -0.01997666]
 [-0.14996544  0.03396891 -0.58083336  0.093611   -0.15652232  0.11110681
   0.22518706  0.51803737  0.07500066 -0.05442483  0.06636999 -0.50971049
  -0.03890064]
 [ 0.50316812  0.26600537  0.03084234 -0.10919357  0.35509609 -0.40918983
  -0.31965595  0.00360702  0.00269501  0.19442222 -0.45523195 -0.14641692
  -0.03138009]
 [-0.13452857 -0.22688672 -0.69419032 -0.55820176 -0.27649459 -0.09268958
   0.06787924  0.03807318 -0.06153299  0.20325227 -0.01992606 -0.00541475
  -0.01769551]]","['bbo_main', 'random_fill', 'random_fill', 'random_fill']","[[0.11971827 0.18023736 0.23927738 0.20062322 0.30185379 0.60837833
  0.13621326 0.21702073 0.29946285 0.06231272 0.09353506 0.12430325
  1.00000014]
 [0.10649897 0.15719984 0.20518062 0.22076527 0.33605545 0.53067184
  0.13072605 0.20952466 0.28873476 0.05945054 0.08986592 0.11644753
  0.56153152]
 [0.13409941 0.19705863 0.286786   0.20908101 0.31440701 0.40572479
  0.1220876  0.19183323 0.26357911 0.05946378 0.089452   0.11869717
  0.49540373]
 [0.10839561 0.15645748 0.20065185 0.20206815 0.30511541 0.41318886
  0.13269968 0.21084067 0.27990043 0.07353691 0.10987584 0.17322671
  0.87299772]]",[ 0.14545093 -0.0216148  -0.04817485 -0.42864401],4,0.03345493737077729,0.7763731675629029,0.8117751903240104,0.01736693444168622,0.03488871313080315,31.370064054004615,0.023737336396936703
244,"[[-0.1644577  -0.00471572  0.07238437 -0.35847142 -0.18783856  0.05621541
  -0.52264789  0.36386484  0.0625373   0.47277088 -0.39986457 -0.08762815
  -0.01395142]
 [-0.37189051 -0.52655042 -0.39585595 -0.21428563 -0.0533552   0.07678789
   0.0183352  -0.29004613 -0.09262058  0.02325195  0.52828461 -0.00966153
   0.0178477 ]
 [-0.52069591 -0.23636022  0.19101804 -0.02408798  0.1081665  -0.19593562
  -0.24577948 -0.1503024  -0.30256272  0.49131951 -0.40753244 -0.0133399
  -0.06043725]
 [ 0.13220379  0.04992127  0.06106667  0.48334468 -0.45762572 -0.15888303
   0.32482254  0.03187584 -0.07402513  0.41917826 -0.43476246 -0.17662807
  -0.00905137]]","['bbo_main', 'random_fill', 'random_fill', 'random_fill']","[[0.12052436 0.18218691 0.50376648 0.201024   0.30235491 0.42195971
  0.1252614  0.20437981 0.28529705 0.06358596 0.09428482 0.12220312
  1.00000001]
 [0.10335161 0.15163022 0.1987563  0.22268433 0.34038965 0.53761417
  0.11569637 0.17476842 0.23381858 0.07507888 0.12641006 0.16801969
  1.00000003]
 [0.11297289 0.17132134 0.40109524 0.21988693 0.33714483 0.43444281
  0.11581984 0.17719268 0.23283193 0.06619622 0.10046615 0.13304855
  0.52155736]
 [0.12335318 0.18749326 0.46965782 0.20526472 0.30148872 0.39244972
  0.12770356 0.1980244  0.25776578 0.06086199 0.09040849 0.11733078
  1.00000075]]",[-0.0949088  -0.20702806 -0.24391428 -0.06161832],4,0.033763473521529044,0.7758579627614761,0.811291840816977,0.017252995871071687,0.028792298732768173,31.502738903989666,0.02324487954394794
245,"[[ 0.34638963  0.37353733 -0.41092806 -0.00919001 -0.20024082  0.03127126
  -0.3849017  -0.16587988  0.05183094 -0.37278077  0.45663107 -0.06804519
   0.00200029]
 [-0.14919799 -0.03462711  0.12771094  0.41991477 -0.52191539  0.03604514
   0.48451451  0.25517382  0.12590621 -0.27410145 -0.3025507   0.16030203
  -0.04606377]
 [-0.0396629  -0.21011497 -0.62844994 -0.17317854  0.04653188  0.0779923
   0.24408003  0.08017104  0.07108889  0.15482007  0.56251816 -0.33071597
   0.0162892 ]
 [ 0.19625772  0.50818355 -0.04487195 -0.45127743 -0.03058521 -0.39348606
  -0.43136295  0.20369284  0.08698881 -0.13300137 -0.29659046  0.00150401
  -0.03180402]]","['bbo_main', 'random_fill', 'random_fill', 'random_fill']","[[0.1255486  0.18702957 0.2368497  0.2063538  0.30990856 0.43585223
  0.11369842 0.17268221 0.40953116 0.06742184 0.11385225 0.14931462
  1.00000003]
 [0.11862557 0.17943629 0.25664511 0.20797476 0.31064888 0.41669071
  0.12923071 0.20436684 0.28459783 0.06000976 0.09132514 0.39675186
  1.00000004]
 [0.10282444 0.14955494 0.19357823 0.22139686 0.33833254 0.59570316
  0.12873276 0.20439766 0.30162916 0.06812775 0.10418224 0.13004065
  1.00000001]
 [0.12975457 0.19327174 0.25441647 0.19956759 0.29920167 0.39279601
  0.12494256 0.19848799 0.33927199 0.06252068 0.09420555 0.12719885
  0.56948282]]",[-0.06678579  0.07313621 -0.02160897 -0.17963304],4,0.03488851446443157,0.7568235554078752,0.7933797399909165,0.017466950432257284,0.03275740611807816,31.281614395004,0.02371245043258649
246,"[[-0.36686117  0.21692042  0.03474818  0.22075054  0.17966557  0.05630097
   0.66039321 -0.04895508 -0.36119323  0.38170503  0.13099951 -0.02853154
  -0.01790712]
 [-0.21759439 -0.00942392  0.07323534  0.46519976  0.22280411  0.14817727
  -0.03439226 -0.5982097   0.12365395 -0.39096581  0.34570253  0.10376247
  -0.04162128]
 [-0.29713635  0.55115392 -0.36489085  0.23467174 -0.09571351 -0.00501502
  -0.09919147  0.13380055  0.06201079 -0.60792701  0.0275043   0.08032369
   0.0465453 ]
 [ 0.16488294  0.51797253 -0.20561292  0.41416403 -0.27896225  0.09261581
  -0.25703582 -0.41781315  0.03291346  0.28628326 -0.26952109 -0.08890964
  -0.00942069]]","['bbo_main', 'random_fill', 'random_fill', 'random_fill']","[[0.11173636 0.17300152 0.2411671  0.23183284 0.35861994 0.55662675
  0.11563042 0.16778303 0.21555056 0.07037447 0.10527825 0.13652755
  0.83153353]
 [0.11242226 0.17131333 0.22967923 0.2293366  0.35416495 0.72007418
  0.11293186 0.17070002 0.24888619 0.06373299 0.1010791  0.13605132
  1.00000007]
 [0.11510451 0.17540038 0.22699354 0.22100938 0.3352888  0.44497734
  0.12371147 0.19762241 0.27842941 0.05807969 0.09001375 0.42763687
  1.00000041]
 [0.12275712 0.18613051 0.2397937  0.22255041 0.33810057 0.72163892
  0.11282434 0.1723163  0.24312693 0.0605633  0.09085973 0.11934355
  1.00000051]]",[0.16402374 0.19033808 0.07668316 0.011861  ],4,0.0342297841712213,0.7753427992955876,0.8108084499763167,0.017354039656259673,0.03518218298809772,31.273089060006896,0.023340762567222867
247,"[[-0.33064928  0.11009345  0.01498322 -0.4047569   0.54772776 -0.18144842
   0.40352339 -0.32755456  0.01386411  0.05239813 -0.26115866  0.03218325
   0.19816183]
 [ 0.02943959 -0.11974345  0.07476509  0.08397812  0.50310924 -0.1695321
  -0.2088713  -0.63537601  0.06838176 -0.28333098  0.39630991 -0.02850254
  -0.01167452]
 [ 0.09889366 -0.2115266  -0.00336067 -0.17462431  0.18115867 -0.15339754
  -0.38259778 -0.30365674 -0.44387783  0.25602436  0.57772583  0.03995187
   0.14864239]
 [-0.54436419  0.41475611 -0.04426281 -0.16063764  0.41782387 -0.41649303
   0.1819844  -0.1365138   0.0440309   0.25517524  0.1897632  -0.03187138
   0.00219311]]","['bbo_main', 'random_fill', 'random_fill', 'random_fill']","[[0.11244403 0.17325998 0.2354633  0.22440982 0.35958408 0.45948677
  0.118455   0.17673709 0.251384   0.0590323  0.0889592  0.27931046
  1.00000069]
 [0.11295134 0.17221299 0.44086217 0.23098524 0.35321081 0.44991826
  0.1102769  0.16699641 0.25414243 0.06427957 0.1038724  0.13785694
  1.00000015]
 [0.11424302 0.17021183 0.23118342 0.21961355 0.33570686 0.43291855
  0.11155794 0.16391685 0.21279107 0.08112089 0.12933964 0.20773075
  1.00000189]
 [0.11534662 0.185917   0.25202024 0.20674342 0.30694353 0.38811172
  0.12428079 0.19060352 0.34900095 0.07846471 0.11596855 0.14878233
  1.00000006]]",[ 0.1885782   0.0320797  -0.0039015  -0.01199975],4,0.033791604527253244,0.7887507846330808,0.8233628772695618,0.017207424868875533,0.031939174492642546,31.38099100999534,0.023010322729147603
248,"[[-2.30410378e-02 -2.70431213e-01 -4.11016194e-04 -2.86055865e-01
  -1.82499364e-01 -7.69622097e-02  4.09942598e-01 -4.00763767e-01
  -3.00696718e-01 -4.52911015e-01 -1.89527010e-01 -3.80973752e-01
   2.41274465e-03]
 [ 5.86666463e-01 -3.15910747e-01  5.47089252e-02  5.19356450e-02
  -1.86183447e-01 -1.06506726e-01  2.36765350e-01 -4.46059352e-01
   2.66180911e-02  3.95834335e-01  1.05795302e-01 -2.83053682e-01
  -2.43387052e-02]
 [ 2.98427283e-01 -3.18202453e-01 -2.62490030e-01  1.90025641e-01
   4.06738999e-01  3.44987693e-01 -9.35638257e-02  6.21388910e-02
   2.71980434e-01 -2.31288621e-01 -8.44628910e-03  5.05030055e-01
  -1.58159929e-01]
 [ 9.21323618e-02 -2.78428785e-01 -9.97521025e-02 -4.92699976e-01
  -4.31659860e-02 -8.33730990e-02  2.90643747e-01 -6.38460307e-04
  -5.26492407e-01  3.03031086e-01  4.44859720e-01  1.24190142e-02
  -3.03351897e-02]]","['bbo_main', 'random_fill', 'random_fill', 'random_fill']","[[0.12410942 0.18777999 0.32308213 0.2122739  0.32238821 0.42683609
  0.11962983 0.17307274 0.22202727 0.05678952 0.08534754 0.10914546
  1.0000002 ]
 [0.12351286 0.18637543 0.31601932 0.2067941  0.3113013  0.40828996
  0.11659976 0.17749986 0.25048841 0.06826071 0.1036972  0.13160492
  0.34778909]
 [0.11066039 0.16518497 0.22284395 0.22109759 0.33748821 0.46247642
  0.12261746 0.19397006 0.26399131 0.06430575 0.09865676 0.20266831
  0.18120849]
 [0.11250436 0.16695033 0.22513262 0.20636157 0.31220814 0.42012995
  0.12057855 0.18345396 0.23702954 0.08076646 0.12827553 0.18597665
  0.68474609]]",[-0.37432993 -0.11245941  0.3911682  -0.23554346],4,0.03271833921455436,0.7717378031909492,0.807423565987452,0.01726550923680919,0.03156777644386892,31.45730830100365,0.023357376061500512
249,"[[ 5.87937201e-01 -1.66340633e-01  1.19888477e-01  5.78841060e-01
  -1.67291871e-01  6.92551599e-02  1.88629290e-01 -2.21912393e-01
   8.09977884e-02  9.15530143e-02  3.77814816e-01  4.38851171e-02
  -2.98685154e-03]
 [ 2.95205791e-01 -1.56919644e-01  1.00821941e-04  3.42138979e-01
  -2.16320395e-01 -1.39338854e-01  5.31027266e-01 -1.55541045e-01
  -1.25447962e-01 -3.64687309e-01 -4.99407565e-01 -2.19377509e-02
   1.24365196e-02]
 [-1.95777754e-01 -2.15215555e-01  8.07264713e-02 -4.30839684e-01
   3.08669108e-01 -3.52320956e-01 -1.57842833e-01  2.60301501e-01
  -3.60367280e-01  3.07241340e-02  1.69960302e-01 -5.01050150e-01
  -1.97364594e-02]
 [ 2.91548416e-01  2.82444907e-01 -3.10197455e-01 -3.17725680e-01
   5.66891971e-01 -3.03641260e-01  7.28213898e-02 -1.03090091e-01
  -2.30526213e-01  2.93924333e-01 -1.92292335e-01  1.71670751e-01
  -5.07567387e-02]]","['bbo_main', 'random_fill', 'random_fill', 'random_fill']","[[0.11935318 0.18034169 0.55980076 0.21998041 0.33470739 0.44250065
  0.11859159 0.18241309 0.25556689 0.06685159 0.10491696 0.13839704
  1.00000001]
 [0.12338195 0.1872363  0.28257377 0.20838787 0.30899296 0.40193899
  0.14232218 0.20956584 0.2655821  0.05400834 0.08278917 0.11493791
  1.00000004]
 [0.11713734 0.17836551 0.53366671 0.2087042  0.31693498 0.41121387
  0.12349266 0.19191113 0.24811678 0.06274867 0.09345762 0.11906397
  1.0000001 ]
 [0.11970103 0.18032703 0.23423372 0.21804507 0.3367223  0.4346742
  0.116001   0.1764974  0.23258617 0.06682149 0.10197541 0.42762763
  1.00000024]]",[ 0.26070984 -0.0859416  -0.2757405  -0.03788519],4,0.035406991796390785,0.7779190311007731,0.8132249897231305,0.01718765047666946,0.03197633593199596,31.423063884998555,0.023105962717357126
250,"[[ 0.17734469  0.49342457  0.04455655 -0.3149374   0.47214789  0.05356446
   0.39343051  0.25010386  0.01892133 -0.37257107 -0.15670937 -0.13052425
  -0.0040351 ]
 [-0.5709848   0.29812168 -0.35041903  0.13659662 -0.4032662  -0.30178049
   0.07712944 -0.00777661 -0.34441725 -0.01239668  0.16718046 -0.19201801
   0.01860183]
 [-0.12863073 -0.03174192 -0.37637272  0.28588992  0.10926547  0.1703314
  -0.09389628 -0.25384373 -0.49998115  0.46846738  0.09973127  0.38849308
  -0.12056617]
 [-0.56039829  0.5396522  -0.18218636  0.27636255  0.00846129 -0.03982878
  -0.18254401  0.12221346 -0.16841798 -0.37938913 -0.15644955 -0.01922041
   0.19518746]]","['bbo_main', 'random_fill', 'random_fill', 'random_fill']","[[0.13325024 0.19589087 0.26843562 0.21907197 0.34480151 0.48582001
  0.13581976 0.20207285 0.26558859 0.05562841 0.08401842 0.11061778
  1.00000025]
 [0.11212336 0.17009975 0.22659079 0.20260355 0.29595688 0.38782068
  0.1247103  0.19022756 0.24595828 0.07441017 0.11567743 0.18337447
  1.00000034]
 [0.11099476 0.16607481 0.21991086 0.22028646 0.33996079 0.45911848
  0.11853014 0.1817609  0.23671302 0.06704591 0.10343573 0.20765644
  0.23991369]
 [0.11229679 0.18509632 0.24274542 0.24366229 0.36116357 0.47024187
  0.11280804 0.17269325 0.22766686 0.05564561 0.08602183 0.14103004
  1.00000419]]",[ 0.30870991 -0.37618876 -0.00613961  0.16447571],4,0.033297744625178816,0.786686121295012,0.8214333231855087,0.017225040413671965,0.030269200366729365,31.524488808005117,0.02320098703826884
251,"[[-5.55715623e-01  3.32714875e-01 -3.09581630e-02 -3.45150752e-01
  -2.67421377e-01  3.23230452e-02 -1.05348246e-01 -2.11777264e-02
  -8.47450560e-02 -5.17100040e-01  3.17108920e-01 -3.35366850e-02
  -5.55298488e-03]
 [ 1.23827649e-01  1.15138732e-04 -6.29699620e-01 -1.19589766e-01
   1.93728043e-03 -1.50734619e-01 -3.61621243e-01 -3.61762577e-01
  -3.25949229e-01  2.64151407e-01 -2.29314027e-01  7.91974326e-02
   2.33667693e-01]
 [ 2.24568021e-01 -1.70131511e-01 -6.80212301e-01 -1.85104940e-01
   2.29177018e-01  2.23638710e-01  5.95215498e-02  5.13501529e-01
  -1.58059423e-01 -1.03254036e-01  3.08368463e-03  1.17590206e-01
  -6.65409989e-02]
 [-1.38984955e-01 -6.32238208e-01 -8.03785793e-02 -3.46079319e-01
   1.00594036e-01  3.47598824e-02 -2.69165035e-02  1.66514687e-01
   2.53821734e-02  5.27329139e-01 -3.64040366e-01 -6.06487380e-02
   4.84134101e-03]]","['bbo_main', 'random_fill', 'random_fill', 'random_fill']","[[0.1179418  0.19420122 0.26186718 0.19777406 0.29740386 0.4877014
  0.12112602 0.18516757 0.23964183 0.06631874 0.11477082 0.15454117
  1.00000127]
 [0.11072936 0.15990901 0.20513365 0.22203903 0.34368182 0.44498818
  0.11268296 0.1703301  0.22464908 0.06936528 0.10618011 0.30117443
  1.00000429]
 [0.10757435 0.16031553 0.21193796 0.2217599  0.34358728 0.75954988
  0.12409276 0.19282985 0.25272547 0.06427185 0.09892982 0.14037642
  1.0000001 ]
 [0.10006098 0.14649816 0.19351263 0.22120357 0.33953996 0.54353209
  0.1304487  0.2105737  0.29139217 0.06468394 0.0956306  0.12401172
  1.00000006]]",[-0.18669008 -0.13250224  0.07037204 -0.11002307],4,0.032018078546696804,0.7810118895355378,0.8161234572159206,0.01716263599329097,0.028737303070749676,31.45396220299881,0.023279566607557048
252,"[[-5.34296749e-01  7.09870511e-01 -1.51044313e-02 -9.93984896e-02
   5.04734355e-03  3.69782361e-02 -6.88159332e-02  9.03266683e-02
   1.35525795e-02  3.21868481e-04 -4.27183331e-01  5.87966787e-02
  -9.42382604e-03]
 [-5.40980197e-01 -3.85933054e-01  1.37307101e-01  1.56427955e-01
   2.84190439e-01  1.87276255e-01  3.08115053e-01  1.71778912e-02
   2.42633664e-03 -1.89817877e-01 -4.49286603e-01  2.46450440e-01
  -7.33048916e-02]
 [ 1.83833311e-01 -2.41169236e-01  6.15191966e-02 -1.92677233e-01
  -2.16899529e-01 -6.44025576e-01  1.24345717e-01  2.01669612e-01
  -4.18255262e-02 -5.58365271e-01 -5.38306675e-02  8.71070726e-02
   1.58682746e-01]
 [-1.41834693e-01  1.18554901e-01 -1.53921696e-02 -2.96719190e-01
   4.69838287e-01 -3.30513251e-01 -1.25173626e-01 -6.00854660e-02
  -2.38525814e-02 -5.53226737e-01 -2.29628539e-01 -4.10994991e-01
   2.79593095e-03]]","['bbo_main', 'random_fill', 'random_fill', 'random_fill']","[[0.12008564 0.21232618 0.29516065 0.2107651  0.31728013 0.43334255
  0.12360659 0.18937485 0.24936408 0.0579857  0.08776735 0.17618397
  1.00000002]
 [0.10762479 0.16172932 0.22641209 0.22473271 0.34818677 0.47552237
  0.1229467  0.18945155 0.25025017 0.06062892 0.09178377 0.42043806
  1.00000002]
 [0.12220609 0.18472832 0.27418493 0.19879608 0.29135123 0.37188288
  0.13047045 0.20701697 0.2739131  0.06574251 0.10232102 0.24002158
  1.00000051]
 [0.12266631 0.18746994 0.29657136 0.22171601 0.34000115 0.43028749
  0.12049364 0.18640814 0.26080837 0.05116564 0.07747157 0.10032226
  1.00000011]]",[ 0.05422057  0.15291817 -0.16232714 -0.16503119],4,0.03530986088269303,0.7846221593337736,0.8195030677605142,0.017171407050556954,0.02914067405055673,31.391819879994728,0.023234253383113745
253,"[[ 0.48725832  0.14235524  0.11781458  0.3308475   0.53881075  0.1595906
  -0.31848145  0.00956194  0.15841429 -0.34010664  0.24078223 -0.01076229
  -0.05297535]
 [ 0.29316555 -0.19018777 -0.50959704 -0.3733399  -0.217128   -0.45591754
  -0.08952526  0.19157123 -0.2139128  -0.10023832 -0.34726529  0.05184139
   0.0019883 ]
 [ 0.39171035  0.08528486  0.0277315   0.55082075  0.42872762 -0.11745579
  -0.05319418  0.53541257  0.08054902  0.14954018  0.13810227 -0.00813927
   0.00534707]
 [-0.28981762 -0.47079044 -0.0126084   0.08643203 -0.63489506 -0.07127114
   0.21043153  0.43425323  0.03673111 -0.15024166  0.13955845 -0.03605744
  -0.03171114]]","['bbo_main', 'random_fill', 'random_fill', 'random_fill']","[[0.11875786 0.17887704 0.24272942 0.22567164 0.35008849 0.54353643
  0.11896934 0.18375269 0.26811106 0.0598292  0.09087758 0.12180187
  0.33466004]
 [0.11570844 0.16620916 0.21362855 0.20054164 0.29890678 0.38836488
  0.13195645 0.20817152 0.27031256 0.06748255 0.10329346 0.22215147
  1.00000024]
 [0.11652334 0.17627813 0.2369025  0.24270804 0.36002775 0.45529272
  0.12253552 0.20010815 0.38304897 0.06052424 0.09233603 0.12435736
  1.00000001]
 [0.10862232 0.16303431 0.22312944 0.20200822 0.30261752 0.4085203
  0.14415371 0.22412075 0.31735129 0.06705614 0.10235054 0.134556
  0.68990341]]",[ 0.45079847 -0.48227399  0.45942659 -0.19803886],4,0.03578226434358034,0.782043180971368,0.8170892744389281,0.017171708244724783,0.032380743887439056,31.41126545300358,0.023058678224249007
254,"[[ 0.14965755 -0.32184224 -0.00569763  0.25690516 -0.27274487 -0.01412413
  -0.18520097  0.57321663 -0.57108419 -0.20461812 -0.02401121  0.03986119
  -0.01871706]
 [ 0.31564632  0.18704391  0.09460041  0.41223379  0.39846779  0.0344978
  -0.61586134  0.00207388  0.07310422 -0.21540685  0.2353308   0.10744555
   0.16902784]
 [-0.62065679 -0.09039405  0.03334094 -0.04665189 -0.31991149  0.00166491
  -0.4440942  -0.05818998 -0.37675272 -0.09149175 -0.38252086 -0.06108758
  -0.00263419]
 [ 0.11901166  0.46889692 -0.13540041  0.09072594  0.50458862  0.00533495
   0.4580794  -0.10010231 -0.10325189 -0.11446594  0.44966511 -0.19707916
  -0.01047792]]","['bbo_main', 'random_fill', 'random_fill', 'random_fill']","[[0.11159549 0.16696512 0.22705296 0.21582473 0.32504457 0.43894578
  0.12212393 0.18965979 0.24218187 0.06449509 0.10182553 0.19337063
  0.24511227]
 [0.11955466 0.18003815 0.27978801 0.22912242 0.35251881 0.46233593
  0.11194967 0.17090045 0.24566076 0.0633298  0.09836097 0.34881933
  1.00000007]
 [0.11010943 0.16887659 0.40568521 0.22183539 0.33340485 0.44758255
  0.11296703 0.17026241 0.22192792 0.06104544 0.09171679 0.12060057
  1.00000006]
 [0.11878588 0.17910498 0.23210528 0.24905908 0.37825769 0.51912823
  0.11449082 0.17217047 0.22763233 0.06241817 0.09737312 0.12545518
  1.00000089]]",[-0.14246565  0.51412947 -0.38070123  0.29606746],4,0.03251801743837411,0.7830746432998317,0.8180549207776711,0.01717791335971745,0.030538263270970978,31.549828784001875,0.022898026029951335
255,"[[ 0.16603095 -0.24070633 -0.27329096  0.10844566  0.10737173  0.05717476
  -0.60858238  0.23188217  0.04789666 -0.39525442 -0.47921019  0.02438346
  -0.01868608]
 [-0.39499625 -0.19926714  0.00239219  0.09982375 -0.34351729 -0.35217331
  -0.14960466  0.1755687   0.03370752  0.41652604  0.49209715 -0.27789985
   0.07103455]
 [-0.3173359   0.09160996 -0.22137086  0.08333177 -0.33226514 -0.21787205
  -0.20951199 -0.61068971 -0.02282841  0.14740484 -0.2336768  -0.42803795
  -0.01342032]
 [-0.2489611  -0.12314303  0.24676715  0.2621689   0.39562737 -0.49500344
   0.10655954  0.52312494 -0.06715954  0.00660205  0.12830265  0.22804772
  -0.18341816]]","['bbo_main', 'random_fill', 'random_fill', 'random_fill']","[[0.10621462 0.15475587 0.20178689 0.23167906 0.3515456  0.56038932
  0.11975669 0.19825608 0.2802093  0.05659226 0.08672724 0.12070772
  0.78287973]
 [0.11016415 0.16582627 0.23032491 0.20164474 0.29689482 0.38240405
  0.12839816 0.20579088 0.32307162 0.08079304 0.11837181 0.14785514
  1.00000077]
 [0.12294096 0.18797929 0.24424414 0.20981769 0.31273678 0.40952419
  0.11468545 0.17379673 0.27954786 0.06218926 0.09151617 0.1161184
  0.70420309]
 [0.11549369 0.17561147 0.26263573 0.21703974 0.33026831 0.43426847
  0.12357722 0.19511654 0.26115029 0.06553828 0.10052215 0.13992476
  0.04471255]]",[-0.06895483 -0.14287931 -0.45942967  0.12176927],4,0.03700993223122287,0.7753427992955876,0.8108084499763167,0.017195210076721146,0.029443737294899172,31.54469397199864,0.023387534309508684
256,"[[-0.30194104 -0.27337066 -0.46206044 -0.25711156  0.50783421 -0.21521588
   0.03703536 -0.2324462  -0.06296598 -0.37202506 -0.18537262 -0.13282875
   0.02244396]
 [ 0.1688616  -0.04874046 -0.3210547  -0.10941119  0.04749907  0.07712095
   0.65029033 -0.46981892  0.04826734 -0.1167267  -0.43097413  0.00852896
  -0.02204015]
 [ 0.37196722 -0.2742924  -0.55062798 -0.07480179  0.19748216 -0.15545532
   0.09622803  0.23517848 -0.2457706  -0.50527106  0.06843528 -0.13336849
   0.10821602]
 [-0.02291949  0.3772606  -0.32244029 -0.12252044 -0.07602293 -0.50400488
  -0.36439916  0.03222167 -0.06799222 -0.56627817 -0.03669958  0.00499765
   0.13371239]]","['bbo_main', 'random_fill', 'random_fill', 'random_fill']","[[0.10009638 0.14734469 0.19336401 0.23632085 0.36828681 0.47468814
  0.12166483 0.18609052 0.27620412 0.05869909 0.08917641 0.12152275
  1.00000009]
 [0.11019251 0.16320496 0.213983   0.22194131 0.34762499 0.74165993
  0.12483882 0.18980225 0.26828893 0.05863891 0.08893067 0.12047917
  1.00000048]
 [0.10257154 0.1479655  0.19305224 0.22926934 0.35541847 0.47279727
  0.12964157 0.19870293 0.25479283 0.05623359 0.08815815 0.14473679
  1.00000095]
 [0.12811995 0.19306031 0.24829695 0.20065016 0.29325347 0.37314193
  0.1233815  0.19401752 0.26461498 0.06247123 0.09602814 0.19359153
  1.00000186]]",[-0.22394914 -0.06984689 -0.06607439 -0.20602688],4,0.031859746753255924,0.7970166200064894,0.8310739119671555,0.017082969188080763,0.029307446402672202,31.662883387994952,0.022891986903694123
257,"[[-0.39937681 -0.02739934 -0.11857213  0.14352974 -0.01488138 -0.18062206
  -0.18552769  0.36111098 -0.12342521 -0.33257462  0.5489395  -0.42446203
   0.0088093 ]
 [ 0.27745248  0.68479187 -0.09550742  0.03502608 -0.18036637 -0.34331232
   0.27495251 -0.27145256 -0.20527846  0.18208265  0.19093742 -0.1784718
  -0.02117435]
 [ 0.3092104  -0.27998887  0.06739476  0.1987504   0.02045372 -0.1217258
  -0.48924079 -0.28369727  0.05029957  0.50431938 -0.41509204 -0.13072077
  -0.02485488]
 [-0.36133524  0.00160354  0.06757508 -0.11388267 -0.49608245  0.03061413
   0.30959389  0.65947259 -0.1855312   0.10940422 -0.14536456 -0.07332946
  -0.03481313]]","['bbo_main', 'random_fill', 'random_fill', 'random_fill']","[[0.10176204 0.15601679 0.21690016 0.21312966 0.31560636 0.41287743
  0.13067062 0.22376031 0.31129658 0.06335253 0.0992646  0.12705517
  1.00000032]
 [0.14203361 0.21247233 0.29438482 0.20040887 0.2998348  0.39542907
  0.11617792 0.17527213 0.23589459 0.06815134 0.10394659 0.13639885
  1.00000017]
 [0.11973303 0.1807244  0.328931   0.22371261 0.33974567 0.43594607
  0.11258444 0.17458413 0.2534635  0.06100146 0.09128169 0.11974469
  0.35748477]
 [0.11567063 0.17665665 0.29928433 0.20099815 0.30102133 0.41772093
  0.14053999 0.21695451 0.2781734  0.06372945 0.09603913 0.12720498
  0.59590155]]",[-0.11287799 -0.10334525 -0.11658902 -0.08280733],4,0.029763442460662023,0.7975336244129675,0.831555461961608,0.017063538517582914,0.0289332548498501,31.373884330998408,0.023115421825106897
258,"[[-0.22493476  0.44166512 -0.2584298   0.32023645 -0.33392097  0.03900943
   0.32670897  0.10395421 -0.42719559 -0.27560313  0.23087787  0.02618912
   0.20490275]
 [-0.21108892  0.15828277 -0.08129136 -0.26216834  0.48177595 -0.51716304
  -0.38827278 -0.25394974  0.20954782 -0.20922502 -0.07975978  0.20573899
  -0.06212937]
 [-0.2881221   0.09798203 -0.05386553  0.53598634 -0.14251503 -0.24915492
   0.48165591 -0.0503823  -0.14104484  0.51648975  0.09814594 -0.06223776
  -0.01101628]
 [ 0.31580746 -0.26838183  0.37347754 -0.2407982  -0.49426522  0.37652395
   0.00756813  0.1869694  -0.00212687 -0.11653185 -0.10059944 -0.4140288
  -0.12066515]]","['bbo_main', 'random_fill', 'random_fill', 'random_fill']","[[0.12060329 0.18355698 0.23547344 0.20996529 0.31386383 0.57256012
  0.11861725 0.17347962 0.21981982 0.06663982 0.11388228 0.16563619
  1.0000001 ]
 [0.11641564 0.17703698 0.23775413 0.21125933 0.31955054 0.41376943
  0.12192076 0.1920011  0.53267076 0.06612129 0.10141632 0.1928955
  1.00000013]
 [0.10785011 0.16512195 0.25419763 0.21162441 0.30953796 0.39921906
  0.12590951 0.19262946 0.2505645  0.08498678 0.1259157  0.16201096
  1.00000014]
 [0.11982367 0.18124106 0.32128163 0.21244771 0.3220519  0.48352976
  0.12361776 0.19407264 0.2565343  0.06052837 0.09090046 0.1189222
  0.28909896]]",[ 0.15790615 -0.16014307 -0.00798838  0.01727151],4,0.030723170687190715,0.7985677734699778,0.8325184217144425,0.01705121711104059,0.030163218995434116,31.61936242900265,0.022793900717911764
259,"[[-0.28534968 -0.14237969  0.01781468 -0.09048845 -0.16316584 -0.00393871
   0.02753885  0.54460878 -0.55166454  0.25753003  0.07013656 -0.43608486
   0.00759784]
 [ 0.48842175  0.27356218 -0.67357768  0.01415807 -0.1030875   0.01577719
  -0.0458877  -0.42682844 -0.01958348  0.13896225 -0.11401412 -0.02224549
   0.06594188]
 [ 0.28141466  0.06175382 -0.39303696 -0.50167345 -0.47042201 -0.02130259
  -0.33606094  0.13444818 -0.29480664  0.24960789  0.025323    0.06362103
   0.06457609]
 [ 0.3943541  -0.18837711  0.01863934 -0.11460503 -0.24586754 -0.30965965
  -0.02039944  0.47376959 -0.0681801   0.32037521 -0.5467748  -0.08767347
  -0.01911401]]","['bbo_main', 'random_fill', 'random_fill', 'random_fill']","[[0.10968186 0.16683537 0.352111   0.21091313 0.31818243 0.43147482
  0.12783862 0.19360123 0.24098867 0.0642922  0.09295912 0.11502561
  1.00000002]
 [0.11812913 0.16675797 0.20705524 0.22140302 0.34408445 0.52299488
  0.11085225 0.16729635 0.22866774 0.06854518 0.10461259 0.13616942
  1.00000006]
 [0.12127056 0.18183155 0.23296641 0.19795235 0.29839322 0.41716251
  0.1206322  0.18576603 0.24017524 0.07444428 0.11606861 0.32649958
  1.00000004]
 [0.1219486  0.18408812 0.29903438 0.19876636 0.29282893 0.37687899
  0.14080692 0.22139175 0.29141437 0.06249934 0.09376528 0.12310412
  1.00000014]]",[-0.16495359 -0.08069815 -0.27427283 -0.17149882],4,0.034808315864452016,0.8125476908230438,0.8454994744290227,0.01711800587738613,0.03096898350112777,31.674549667004612,0.023203103752201623
260,"[[ 0.08262528 -0.03219117 -0.50272725 -0.29319703  0.20423567 -0.33761306
  -0.22717068 -0.00609405 -0.36001335 -0.44076083  0.3198063  -0.14017084
  -0.01719035]
 [ 0.25482104 -0.43899226  0.01775412 -0.42369127 -0.15683863  0.03140513
   0.1376267  -0.39281134  0.04421149  0.07381652  0.22421281 -0.5251093
   0.17401533]
 [ 0.02952785  0.30686153  0.16145523 -0.30280802 -0.6458296  -0.43702244
   0.14280942  0.14928505  0.18235496 -0.04167226 -0.27254824  0.16472128
  -0.00574669]
 [-0.35155582  0.34685296 -0.08545367 -0.4026112  -0.30290398 -0.0522045
   0.24958148  0.45780004  0.04101784 -0.41386744 -0.10537914 -0.18816981
  -0.02956578]]","['bbo_main', 'random_fill', 'random_fill', 'random_fill']","[[0.1108489  0.16166288 0.21150162 0.21798789 0.33405785 0.43370101
  0.11492216 0.17350886 0.2295337  0.06761249 0.11235284 0.18113649
  0.54719748]
 [0.11657556 0.17108626 0.23954607 0.20159813 0.30988452 0.45987071
  0.125214   0.19125951 0.41953071 0.06482045 0.09506335 0.11751478
  1.00000007]
 [0.12232373 0.18543112 0.31746748 0.19898011 0.29842585 0.39221683
  0.12636675 0.19896788 0.46443236 0.06647442 0.10144042 0.15571219
  1.00000001]
 [0.11860755 0.18056305 0.23948342 0.19991289 0.29999465 0.40724904
  0.14721599 0.22705747 0.31155848 0.06067579 0.0918614  0.12018404
  0.78360613]]",[-0.3829487  -0.0616632  -0.19069645 -0.11925625],4,0.03070687093282265,0.8084017379560389,0.8416569914867262,0.016996755173300848,0.03145128421823193,31.205169431006652,0.02300548109007239
261,"[[-0.08675579 -0.60446833  0.06015709  0.00115805 -0.12905268  0.08194559
   0.28001408  0.46252865 -0.02014438 -0.20491288 -0.19958519 -0.47490065
  -0.00099521]
 [ 0.06922432 -0.40431859 -0.01371127  0.08836939 -0.12363106 -0.16643963
   0.67842819 -0.5052287  -0.12434321 -0.09939347 -0.19397816 -0.0458458
  -0.01264999]
 [-0.51218743  0.10461887  0.09712062  0.03420892 -0.37651845  0.07247173
   0.02332507 -0.21538324 -0.21908381  0.67958899 -0.10503955  0.00806682
  -0.03502387]
 [-0.00497558 -0.80105055  0.05450709  0.13064569 -0.4053658   0.07504678
   0.19505657 -0.19626854 -0.01604806  0.0913327  -0.23462676  0.05342244
   0.15883705]]","['bbo_main', 'random_fill', 'random_fill', 'random_fill']","[[0.10605376 0.15912786 0.22597657 0.21768308 0.33000265 0.52691189
  0.14565105 0.22415097 0.29155946 0.05653852 0.08404242 0.10778861
  1.        ]
 [0.11177251 0.16771193 0.25856208 0.21471171 0.3239684  0.41947547
  0.12623751 0.18853778 0.24172885 0.06089812 0.09296585 0.12595457
  0.47739709]
 [0.11800036 0.18173028 0.34730929 0.20820633 0.31250182 0.43712424
  0.11654033 0.17770271 0.23249787 0.07156963 0.10786263 0.13943806
  0.46607654]
 [0.10711947 0.16031547 0.22771556 0.2118149  0.31909261 0.7070693
  0.12522285 0.19577006 0.25764597 0.0668338  0.10212148 0.14539078
  1.00000005]]",[-0.03290784 -0.23008158 -0.15093932 -0.03453974],4,0.03231612135536391,0.8047766576565892,0.8382921906199815,0.017017704702212484,0.03316875447346837,31.386742386996048,0.022779151280899634
262,"[[-0.16012715  0.32197547  0.11036734  0.65862339  0.20760363 -0.41846741
   0.05145659 -0.29611157  0.177473   -0.27410366 -0.01008853  0.09670992
  -0.00986001]
 [ 0.48592344 -0.6805682   0.19588452  0.18510773  0.02264831 -0.13044236
  -0.11817056 -0.10901437  0.18902136  0.17190361  0.29360124  0.17569035
  -0.0484194 ]
 [ 0.43849301  0.14245598  0.21229642 -0.0755665  -0.15619767 -0.3998682
  -0.17176697 -0.09263954  0.20628533 -0.35237992  0.53298629  0.23918439
  -0.07913937]
 [ 0.66584471 -0.11921841  0.00306173  0.11865577 -0.0011639   0.03561077
  -0.18270087  0.45155321  0.04225406  0.34385062  0.02524263 -0.09290501
   0.40064031]]","['bbo_main', 'random_fill', 'random_fill', 'random_fill']","[[0.11922044 0.18125764 0.24932376 0.22053835 0.33383583 0.42798325
  0.12141206 0.18958721 0.5674469  0.06022193 0.0922928  0.12877628
  1.        ]
 [0.1106021  0.16464514 0.52759949 0.21613726 0.32979484 0.42582434
  0.12293613 0.19345448 0.28402189 0.06761702 0.10440634 0.15261762
  1.00000011]
 [0.12179831 0.18428158 0.31631174 0.20262844 0.30297132 0.39826673
  0.12327308 0.19253053 0.27660531 0.06729434 0.10442815 0.17574902
  0.37180283]
 [0.13562791 0.1946658  0.25279527 0.21112636 0.32229841 0.44818215
  0.12605729 0.21231059 0.34217693 0.06455427 0.09680293 0.12430178
  1.00000007]]",[ 0.13821826  0.07571385 -0.01247076  0.6095395 ],4,0.03051823983638058,0.8099560905230176,0.8430983023236894,0.017037460515629013,0.031534135924906004,31.619551184005104,0.022918303304418325
263,"[[ 0.03070454  0.46666296  0.03990275  0.50675333  0.22800787 -0.48940935
   0.1341105   0.04133842 -0.06838062 -0.37792098 -0.25273748 -0.00208689
  -0.01753223]
 [-0.52691249  0.43787526 -0.42764715 -0.25219508  0.10041222 -0.01329665
   0.45221501 -0.18944229 -0.03097473  0.14747941  0.05517628 -0.05279148
   0.070405  ]
 [-0.1428577   0.42608512 -0.43841255 -0.17220299  0.22176084 -0.04301525
  -0.13638175  0.22819805 -0.33057739  0.45450178  0.32407727 -0.02148982
   0.18204404]
 [-0.37581046 -0.20212572 -0.13976988  0.27361147  0.26286092 -0.16709166
  -0.10277843  0.46518129 -0.20319464 -0.03399563 -0.36338558 -0.37329908
   0.29273754]]","['bbo_main', 'random_fill', 'random_fill', 'random_fill']","[[0.13090613 0.20303037 0.34444979 0.21960233 0.32410886 0.40321292
  0.12286436 0.18847367 0.24922001 0.05650627 0.08737891 0.12072264
  0.99999993]
 [0.10201581 0.15034568 0.19491439 0.21641848 0.34106917 0.47893441
  0.14235054 0.20772912 0.27405795 0.06926419 0.10507309 0.13682479
  1.00000082]
 [0.10890772 0.16144675 0.21166128 0.21916425 0.33963759 0.45611163
  0.11390534 0.17171709 0.22573203 0.08805605 0.13265271 0.19231224
  1.00000112]
 [0.10055415 0.15409643 0.22303849 0.24666594 0.3653468  0.47338754
  0.12508389 0.20247781 0.27098968 0.05642414 0.08371039 0.10989831
  1.00000035]]",[ 0.04636187 -0.00224976  0.18834645  0.2299614 ],4,0.03168803451812305,0.8084017379560389,0.8416569914867262,0.016929457457511406,0.029832197948280292,32.13827492400014,0.022668112602902413
264,"[[ 0.26686422 -0.13495136 -0.35300755 -0.36246619 -0.13725037  0.10352309
  -0.28660447  0.10778113 -0.32108173  0.54155135  0.36398747  0.03751764
  -0.03156217]
 [-0.49004869 -0.17093117 -0.19753046  0.09771935  0.01102627 -0.02930121
  -0.1221223  -0.53014525  0.26044753  0.12090371  0.42070169 -0.34604572
  -0.07701493]
 [ 0.34483739  0.2692098   0.08975287 -0.23615754  0.27154475 -0.18138524
  -0.32950775 -0.68421608  0.06124271 -0.21121141  0.06865712  0.09085593
   0.00967516]
 [ 0.01529683  0.11118039  0.05543047  0.52907299 -0.02107651 -0.35967664
   0.24007257  0.15717553 -0.04291448  0.43429987 -0.54720109  0.0465681
   0.01442291]]","['bbo_main', 'random_fill', 'random_fill', 'random_fill']","[[0.11064199 0.16353986 0.21525667 0.21137619 0.32196888 0.57459405
  0.11626453 0.17701358 0.23129612 0.08138415 0.12662738 0.17016187
  1.00000039]
 [0.10931186 0.16370252 0.22277911 0.2198955  0.33566767 0.44478096
  0.12118722 0.19100749 0.58151853 0.06611944 0.10099701 0.12961132
  1.00000049]
 [0.12558483 0.18957461 0.35845039 0.21634205 0.33049216 0.42501481
  0.11157818 0.16888296 0.24304958 0.06627002 0.10286029 0.27254842
  1.00000002]
 [0.12154549 0.18464018 0.43118014 0.21092068 0.30851181 0.38852915
  0.12925625 0.20257236 0.26666578 0.05985367 0.08989095 0.14073777
  1.00000013]]",[-0.15337589 -0.14938809 -0.02185556  0.06084267],4,0.033438793142248346,0.8109925778684097,0.8440589239304784,0.016981158363390213,0.029916632972166818,31.687215366997407,0.02287067668115156
265,"[[ 0.06719194 -0.46528187 -0.07684592 -0.39076762 -0.04073602  0.05054125
  -0.22794786  0.57385045 -0.23601391 -0.39688108 -0.13127976 -0.05694187
   0.03494382]
 [ 0.37519829 -0.49388271  0.05476437  0.16599579 -0.1278301   0.05383726
  -0.52270232  0.24403442  0.05838514 -0.20621571 -0.31669297 -0.26158444
   0.13449267]
 [-0.4673258   0.65967632 -0.09971668  0.02715824  0.4099204   0.04218024
   0.0283894  -0.28400351  0.06803383 -0.24627591 -0.12002823  0.06340696
   0.02769961]
 [ 0.64928895 -0.11977415 -0.18271811  0.14171005  0.19102686 -0.07907464
   0.20764828  0.07919133 -0.11146659  0.39363396  0.08228937 -0.45990251
   0.18117086]]","['bbo_main', 'random_fill', 'random_fill', 'random_fill']","[[0.10933958 0.15985572 0.2104417  0.21179631 0.32126356 0.64197403
  0.1312936  0.21056919 0.27401248 0.05900531 0.08942939 0.12070467
  1.00000002]
 [0.11218071 0.16576808 0.31151844 0.22391696 0.34064917 0.46821095
  0.12110693 0.19986894 0.42461688 0.05638507 0.08384823 0.10764399
  1.00000007]
 [0.11600581 0.17901997 0.23326529 0.23219606 0.36014389 0.48285067
  0.11307161 0.17078878 0.40845208 0.05858532 0.08861574 0.16273918
  1.00000021]
 [0.13350248 0.18647821 0.23556905 0.22716894 0.35498907 0.49833069
  0.12357217 0.18841305 0.24955637 0.05931216 0.08635242 0.10982808
  1.00000068]]",[-0.12745811  0.07452778  0.21037326  0.2557799 ],4,0.031224160867989875,0.8109925778684097,0.8440589239304784,0.016915022046426923,0.027674758112705047,31.42238621499564,0.022765207037803242
266,"[[-0.802957    0.12935466  0.04191632 -0.14183829 -0.09429242  0.03066597
  -0.21285541 -0.20065449  0.03591131 -0.11970356  0.10702963 -0.40432917
   0.17520058]
 [-0.02370167 -0.35405149 -0.20401448 -0.28366818 -0.02041035  0.26662829
   0.0469498   0.19239559 -0.03327654 -0.27910435 -0.69074507  0.27906828
  -0.0851718 ]
 [ 0.1803607   0.20670676 -0.42562459 -0.14802497 -0.1408036   0.1963655
  -0.47833208 -0.49877291  0.11925352 -0.15268201 -0.36077651  0.11875519
  -0.06259321]
 [-0.04101214  0.11121602 -0.42219641 -0.30064385 -0.32988974 -0.06147963
  -0.20857623 -0.02145199 -0.47428681 -0.55633092  0.14509013  0.07235385
  -0.0017189 ]]","['bbo_main', 'random_fill', 'random_fill', 'random_fill']","[[0.1068947  0.16826389 0.40896176 0.22501281 0.34243501 0.46703154
  0.11625858 0.17809792 0.25799619 0.05936018 0.08812083 0.10967468
  1.00000276]
 [0.11020748 0.1642481  0.22085536 0.22012367 0.33645534 0.50281433
  0.12392777 0.19629757 0.259971   0.06032934 0.09102046 0.40528011
  1.00000027]
 [0.11880025 0.17850796 0.23100355 0.22069424 0.34102369 0.5518309
  0.11500499 0.17515738 0.25234958 0.06150396 0.09302942 0.13092295
  0.33672309]
 [0.12065336 0.18161759 0.2335465  0.20381452 0.30543708 0.42366179
  0.11609905 0.17518422 0.22891128 0.06745099 0.11283894 0.34143035
  1.00000025]]",[-0.01484157 -0.05791367 -0.1730831  -0.40614618],4,0.031020118187491508,0.7990849184149029,0.8329998311784754,0.016964922940512436,0.028975898704393654,31.493238968992955,0.02278763168641218
267,"[[-0.19956702 -0.43460436 -0.00538176 -0.30086495 -0.2740804  -0.02219701
  -0.47378436 -0.36006424  0.07022937  0.37574258 -0.32333644 -0.0009923
  -0.018725  ]
 [ 0.2876149   0.05267489 -0.18497123 -0.26407467  0.27244913 -0.07621276
  -0.39435362  0.51271883 -0.16134413  0.40783206 -0.34184178 -0.045018
   0.02965823]
 [-0.15290764 -0.44263259 -0.07371154 -0.42045032  0.30352159 -0.25278359
  -0.25302903 -0.40647462  0.0504504   0.40745609  0.19619108  0.06769708
  -0.03967423]
 [ 0.20158793  0.49806254 -0.36757603 -0.21280281  0.3234088  -0.20036521
  -0.35136411  0.0422738  -0.00827304 -0.32868771 -0.05514313 -0.38688056
  -0.00970413]]","['bbo_main', 'random_fill', 'random_fill', 'random_fill']","[[0.11177075 0.16741796 0.22778737 0.20842669 0.31442042 0.42170532
  0.11601453 0.18036263 0.48731416 0.07000857 0.10567753 0.14016707
  1.00000003]
 [0.12088415 0.17584277 0.22423215 0.21670118 0.33457671 0.44457554
  0.12163459 0.21702433 0.28703175 0.06091532 0.08839444 0.13661472
  1.0000003 ]
 [0.11022553 0.16411948 0.22487018 0.21795919 0.33555535 0.43190975
  0.11537305 0.17563256 0.24940208 0.07189385 0.11118815 0.20284616
  0.36613268]
 [0.13656629 0.19841154 0.24796039 0.22080555 0.3375966  0.43666144
  0.11454762 0.179314   0.29211656 0.05396635 0.08172738 0.10507139
  0.99999994]]",[-0.3669501   0.03773055 -0.2427336  -0.09777423],4,0.03332267632869812,0.8099560905230176,0.8430983023236894,0.016825382938120588,0.028659908700330416,31.982774078991497,0.0224307520421122
268,"[[-0.31691838  0.67479833 -0.0205436   0.35200368  0.15956383  0.01654925
  -0.25199908  0.45439184 -0.12440075 -0.0778075  -0.02580036  0.04438515
   0.00247053]
 [-0.26187419 -0.21647427  0.08985897  0.37786674  0.48614709 -0.1864235
  -0.0466392   0.31206448 -0.38683179 -0.37700293  0.25769602  0.06641246
   0.02151326]
 [-0.00977038  0.16192039 -0.06154128  0.49259659 -0.19697653  0.03176193
  -0.15330259  0.60104631  0.11087058  0.05775523 -0.47685898 -0.24210172
  -0.03232624]
 [ 0.48364199 -0.34924859 -0.19253964 -0.30790022 -0.55903895 -0.17988307
  -0.31701012  0.01439721 -0.08363162 -0.1566935  -0.13671014 -0.12788757
  -0.0080395 ]]","['bbo_main', 'random_fill', 'random_fill', 'random_fill']","[[0.11799776 0.1980167  0.26935398 0.23789113 0.35437291 0.46478145
  0.11978102 0.18631806 0.24122185 0.05846423 0.08844125 0.17351612
  1.00000021]
 [0.10486186 0.15789391 0.41161428 0.23738875 0.36084623 0.45864284
  0.11753586 0.17977165 0.23303262 0.06283862 0.10088172 0.14902112
  1.00000002]
 [0.11527878 0.17568196 0.23485986 0.22054335 0.33533216 0.4444534
  0.12636991 0.20543162 0.53934148 0.05715213 0.08537714 0.11172025
  1.00000005]
 [0.12532801 0.18702364 0.24158788 0.19610678 0.28939326 0.37986903
  0.12571903 0.20162465 0.29522192 0.06523694 0.09903719 0.13181293
  1.00000099]]",[ 0.26647743  0.14916125  0.13668189 -0.45201412],4,0.030273982751386985,0.8208495609959573,0.853174476544123,0.01681694283494773,0.02888315431805949,31.24667341899476,0.022462626637435423
269,"[[ 0.21186995  0.60403885  0.1473539  -0.13955107 -0.27498514  0.15058902
  -0.37789273 -0.11440947 -0.11538783 -0.38935061  0.21012953 -0.28812044
  -0.05289747]
 [ 0.03167665 -0.52700619 -0.08523789  0.20838198  0.54158308 -0.37201866
  -0.08427039 -0.07537894  0.0042418  -0.44719205 -0.14598843  0.06898643
   0.002907  ]
 [-0.03522331  0.06951321 -0.05728458 -0.33473852 -0.18753206  0.1255681
   0.09715592  0.83925488 -0.23979084 -0.05218653 -0.19561967  0.12356034
   0.01071868]
 [ 0.43827484 -0.13868133 -0.0292614  -0.15232485  0.44337549  0.01047771
   0.42535156 -0.15381054  0.02374221 -0.3328682   0.37664908 -0.04059051
   0.32935282]]","['bbo_main', 'random_fill', 'random_fill', 'random_fill']","[[0.12297546 0.18846447 0.32772989 0.21510129 0.32585772 0.48617826
  0.11624516 0.17835505 0.2383677  0.0613356  0.09279376 0.12078853
  0.40501418]
 [0.10380392 0.15498836 0.20907358 0.23628157 0.35840508 0.44850288
  0.12010092 0.18821731 0.25913707 0.05885943 0.09015689 0.28380806
  1.00000003]
 [0.11841281 0.17855845 0.23638725 0.20326592 0.30453671 0.65103634
  0.12990339 0.20578907 0.26677839 0.06403854 0.09684951 0.18199272
  1.00000002]
 [0.11724773 0.17188101 0.22223336 0.22694577 0.37366318 0.50128659
  0.12347434 0.18732969 0.26982464 0.06198783 0.09878892 0.1276014
  1.00000027]]",[-0.01067024 -0.05992795  0.08357548  0.52826457],4,0.03079147681656129,0.8166969336124021,0.8493386676666898,0.01688895852167617,0.027371842267532726,31.48324566699739,0.022554014379329523
270,"[[-2.20213947e-01  9.15574737e-02  3.72356956e-02  5.50495895e-01
   2.46223478e-01 -3.64783773e-01 -4.72949316e-01 -8.72424526e-02
  -2.82265292e-01  1.00284693e-01  3.51707520e-01 -1.45374669e-02
  -8.06739158e-03]
 [ 5.90391294e-03  7.78876421e-02 -5.01744875e-01  1.77850622e-01
   1.01241745e-01 -3.82523890e-01  2.19550734e-01 -6.41311470e-02
  -3.97932747e-02 -4.02440696e-01 -6.73672047e-02 -5.77532374e-01
  -2.47957975e-03]
 [ 3.09763174e-01 -4.86919102e-02 -5.03465456e-01  7.45516779e-02
  -7.80324658e-02 -6.66859344e-02  5.97667764e-01 -3.58236537e-01
  -4.19910786e-03  3.04391275e-01  2.03329840e-01 -1.12024540e-01
  -3.63689817e-05]
 [-7.22080927e-01  1.42521127e-01  6.58085370e-03 -3.23210336e-01
   7.28898394e-02  6.08713199e-02 -1.29491685e-01 -6.44257104e-02
  -7.33272943e-03  5.45437232e-01  3.34056318e-02 -9.89609529e-02
   1.24003507e-01]]","['bbo_main', 'random_fill', 'random_fill', 'random_fill']","[[0.11281164 0.1741136  0.30537633 0.23150519 0.34699029 0.43357972
  0.10960043 0.16384064 0.2157932  0.07160413 0.11718637 0.157824
  1.0000001 ]
 [0.10810475 0.15790199 0.20625862 0.22289347 0.33724937 0.43423544
  0.13293222 0.20858122 0.32218606 0.05367363 0.08144261 0.10479551
  1.0000005 ]
 [0.10844969 0.15615742 0.19994381 0.20986015 0.31822513 0.42602381
  0.13011964 0.19567064 0.29300073 0.08180692 0.12402382 0.1563978
  1.0000001 ]
 [0.10569625 0.16081545 0.22076696 0.21817522 0.3403082  0.7087076
  0.12026848 0.18483426 0.2473139  0.07370882 0.10860293 0.13675263
  1.00000006]]",[-0.03181929 -0.26997374 -0.07326705  0.07048617],4,0.03127132419894334,0.8037413625068813,0.8373303768923073,0.01694428240024444,0.02925586842330205,31.419827965000877,0.022945692867246736
271,"[[-6.46627744e-02 -3.45313309e-02  7.06049531e-02 -2.15461099e-01
   4.68602548e-01  7.61908170e-02 -5.07993107e-01  2.75177195e-01
  -5.73815961e-01  8.37028772e-02 -7.39020448e-02 -2.04236695e-01
  -2.44913284e-02]
 [-9.76097897e-02  4.39133905e-03 -5.87966951e-01 -5.24430181e-01
  -3.83688842e-02  4.15229567e-02 -1.65838058e-01 -1.80123762e-01
   4.38283680e-02 -3.32359743e-01 -3.59136081e-01  2.05065463e-02
   2.54547771e-01]
 [-2.19692714e-01 -5.40743761e-01  1.42398937e-01  3.13749100e-02
  -4.44469011e-02  1.43801553e-01  9.89120031e-02  8.75140808e-02
   1.30533002e-03  2.80108849e-01  3.48344733e-01 -6.29696968e-01
  -4.05924336e-02]
 [ 7.07881957e-02 -3.24388393e-01 -1.31260586e-02  6.63126864e-02
   8.53508801e-01  1.00966095e-01  3.07822474e-01  1.80014275e-01
  -6.74544610e-02  2.18660121e-03 -6.23026001e-04  1.13129008e-01
  -4.47978709e-02]]","['bbo_main', 'random_fill', 'random_fill', 'random_fill']","[[0.11662507 0.17678786 0.33214021 0.23021514 0.35918919 0.53615132
  0.11119892 0.1660464  0.21563571 0.0598033  0.08997397 0.11798276
  0.83223298]
 [0.10809195 0.15642516 0.20042958 0.21602699 0.3368729  0.5367806
  0.12533831 0.19258794 0.35882554 0.05918832 0.09021488 0.13822663
  1.00000006]
 [0.10740285 0.16148874 0.31561353 0.22175419 0.33842971 0.68421128
  0.1241705  0.19666078 0.26074764 0.06209399 0.09342456 0.11914741
  1.00000009]
 [0.10568235 0.15852448 0.21642168 0.23023646 0.35842955 0.49752524
  0.12224071 0.18707922 0.24646551 0.06318329 0.09735986 0.18410945
  0.38525634]]",[-0.01128467 -0.06607536 -0.01151988  0.38296748],4,0.030000444737084304,0.8141032663686999,0.8469395623671478,0.01689300135921317,0.03099832612238662,31.57059766400198,0.022774407796330748
272,"[[ 0.05711063  0.39116311  0.04619686 -0.22349615  0.3252243   0.00196421
  -0.02403613 -0.45191275  0.0026824   0.67075448 -0.16599865 -0.05964154
  -0.00600922]
 [-0.17436091  0.24451979  0.0076761  -0.02630671 -0.36792826 -0.04920747
  -0.03638315 -0.42026799 -0.71275216  0.20082784  0.16375615 -0.12587203
  -0.04804765]
 [-0.17563089 -0.17420898  0.21976074  0.23293139  0.49106934 -0.02772643
  -0.06114318 -0.08816973  0.18850626 -0.08533953  0.25616485 -0.68609285
  -0.06051195]
 [ 0.03599074  0.53377304 -0.05824488  0.01007721 -0.13180712  0.029422
  -0.49811346  0.23037466  0.06346209 -0.20681966 -0.44839372 -0.37746981
   0.02294615]]","['bbo_main', 'random_fill', 'random_fill', 'random_fill']","[[0.13243697 0.19710293 0.3424265  0.22014912 0.34538718 0.45917303
  0.1105238  0.16378226 0.22004304 0.07107789 0.105689   0.13368476
  1.0000002 ]
 [0.12251343 0.18629544 0.26048929 0.21120755 0.31944988 0.43151618
  0.11398724 0.17185354 0.22566992 0.06873571 0.10595004 0.13869308
  0.29348536]
 [0.11362242 0.17374894 0.54935327 0.22426206 0.34478128 0.4531611
  0.12249701 0.19056344 0.27031767 0.05914206 0.08912941 0.11531741
  1.00000025]
 [0.13573302 0.19983317 0.25884599 0.20951568 0.31484393 0.4326793
  0.12223603 0.1967559  0.37794733 0.05563279 0.08273895 0.10624694
  1.00000004]]",[ 0.1045773  -0.35575704  0.18430573  0.01247823],4,0.03270028392781853,0.833849481250691,0.8651384213208819,0.016685302951178285,0.028794361951062608,31.437430159014184,0.022238697715760203
273,"[[-0.28683179 -0.27342209  0.04187462 -0.10946767 -0.13466407 -0.0465438
  -0.22881266 -0.6791307   0.03193699 -0.11855235  0.51340319 -0.12817325
  -0.0164592 ]
 [ 0.47501867  0.19855741  0.05724098 -0.21508436  0.62816439 -0.22856436
  -0.31485122  0.13192623 -0.03067778  0.27751792  0.19377209  0.07696425
  -0.02445362]
 [ 0.05133614  0.3793231  -0.33121927  0.13534887  0.15780621  0.05341104
  -0.11316188 -0.18518045 -0.55681033  0.47900092  0.32833413  0.05756363
  -0.0019022 ]
 [-0.31991643  0.00569575 -0.0088596  -0.48228116  0.4521273   0.03972253
  -0.07117485 -0.00078342 -0.20640022  0.21482139 -0.4030898   0.03055966
   0.44913186]]","['bbo_main', 'random_fill', 'random_fill', 'random_fill']","[[0.10881214 0.16362223 0.31623109 0.21429272 0.32300019 0.42931556
  0.11204597 0.16937993 0.24719119 0.07578633 0.12639731 0.16399253
  0.91355745]
 [0.13256999 0.19380478 0.27354678 0.21781241 0.3352491  0.43034648
  0.11376443 0.17370837 0.23459467 0.0683863  0.10459072 0.20335142
  0.61740961]
 [0.1178512  0.17722092 0.22849894 0.22439977 0.34718779 0.48695201
  0.1100322  0.16130995 0.20819227 0.07874271 0.11918438 0.20430705
  1.00000001]
 [0.10701139 0.16061256 0.21861364 0.22715898 0.37350823 0.56163631
  0.11430102 0.17216078 0.22597095 0.06004859 0.08997243 0.13370851
  1.00000166]]",[-0.26256513  0.20219338  0.03722209  0.42131242],4,0.03250716105225854,0.8281251090473171,0.8598786925672645,0.016842624285655368,0.028807027725233608,31.60837712799548,0.022635717820373193
274,"[[ 0.31971608  0.39382632 -0.17373502 -0.09011412  0.19910986 -0.28152882
   0.25404927  0.33653808 -0.36907227 -0.39978858  0.26479893 -0.20312833
  -0.01584521]
 [ 0.29240002 -0.17480341  0.4816009  -0.32266717  0.24600351  0.33575467
  -0.06459281 -0.04762098  0.46790443  0.10222813  0.16700118 -0.300528
  -0.14356853]
 [ 0.12598507 -0.32493809  0.04978229 -0.50098163  0.20650817 -0.12416832
   0.55189494 -0.04639099  0.00090804 -0.21368169  0.22784184  0.06560216
   0.39799793]
 [-0.69329605  0.07620926 -0.04358998  0.2886423  -0.21462268 -0.39060192
  -0.18969253  0.06511661 -0.04160696 -0.3358972   0.06135497 -0.26419722
  -0.03659799]]","['bbo_main', 'random_fill', 'random_fill', 'random_fill']","[[0.13863561 0.20260205 0.28646013 0.20450271 0.3048472  0.4019395
  0.12609343 0.19348164 0.24955418 0.05861488 0.09112131 0.12398094
  0.70391754]
 [0.11775045 0.17802349 0.56784358 0.21849179 0.33361639 0.44872987
  0.12349025 0.1945081  0.28059928 0.0615101  0.09279373 0.12092148
  1.00000009]
 [0.1105943  0.16393617 0.24694954 0.20099501 0.30323331 0.39885186
  0.14558283 0.21604929 0.2793219  0.06674929 0.10863962 0.2471521
  1.00000006]
 [0.1157433  0.17776464 0.25018017 0.21089666 0.31521891 0.41045566
  0.12511966 0.19741703 0.27320577 0.06182873 0.09400536 0.12369158
  0.1687458 ]]",[-0.02714029  0.39494922  0.38063696 -0.32080813],4,0.030881345613488327,0.8229271750836442,0.8550910806801827,0.01681294644066978,0.030086950279400948,31.46188030700432,0.022590954740635195
275,"[[ 0.06768149 -0.46925812  0.02847811  0.05733491 -0.36770761  0.08983776
   0.25437212 -0.40293624 -0.38160959 -0.24457381  0.35992153  0.06913843
   0.24700077]
 [-0.1512129   0.09858478  0.02414838 -0.44841841  0.32608581 -0.1084833
   0.12271064  0.45049816 -0.63755955  0.00139187  0.14291012  0.02662717
   0.04505531]
 [-0.14140721  0.07003282  0.16287388 -0.03602265  0.80946302  0.18970055
  -0.08652608 -0.12390181  0.15482722 -0.14317114  0.38724735  0.19280576
  -0.04018402]
 [-0.21823523 -0.4959244  -0.36159954  0.0014615   0.40776553 -0.41702223
  -0.11785472 -0.22048948 -0.174967    0.36116527 -0.02541107 -0.03990307
   0.0984816 ]]","['bbo_main', 'random_fill', 'random_fill', 'random_fill']","[[0.11031089 0.16449507 0.2252354  0.21787063 0.33221482 0.64339515
  0.11471275 0.17047872 0.22192662 0.06845017 0.11621708 0.16781489
  1.00000005]
 [0.1204451  0.18134204 0.31603675 0.2130786  0.33354661 0.43318041
  0.11542276 0.16756833 0.20990144 0.07171801 0.11427566 0.18246387
  1.00000016]
 [0.11272038 0.17145953 0.23547991 0.22589951 0.35307657 0.50638375
  0.11872928 0.18170311 0.25684724 0.06413216 0.09884958 0.37863819
  1.00000001]
 [0.10175475 0.15012937 0.19939256 0.22944913 0.35245292 0.44911605
  0.11333181 0.17113119 0.22725222 0.07524589 0.11385541 0.18994165
  1.000002  ]]",[ 0.04431399 -0.00430696  0.47704544 -0.18766282],4,0.029599494968000295,0.8224076891762431,0.8546120120256182,0.016791893608246188,0.02907769380263285,31.549032132010325,0.022577923357942856
276,"[[-0.41476136  0.08920947 -0.05731545  0.39186102  0.02935773  0.12224779
  -0.24689173 -0.25004495 -0.2852936  -0.09095468  0.6533536   0.0805699
  -0.02936905]
 [ 0.44380531  0.10130109 -0.16004294  0.48525397 -0.16964892 -0.01709607
   0.45723602 -0.1474151   0.03716736  0.22213191  0.41920677 -0.00732909
   0.21285845]
 [ 0.32944678 -0.4019202   0.22313249 -0.30649072  0.13657926  0.18819426
  -0.34743872  0.03878518  0.10995607 -0.25372123 -0.51340815  0.20575844
   0.16589791]
 [-0.34047779  0.14764308 -0.06222204 -0.48356946  0.16260987 -0.01836559
  -0.55924746  0.36239541 -0.18553821  0.25957997 -0.15363526 -0.16777995
   0.01174224]]","['bbo_main', 'random_fill', 'random_fill', 'random_fill']","[[0.10799248 0.16294883 0.22052844 0.2266816  0.34424017 0.65790217
  0.1122176  0.16960675 0.22373527 0.06865147 0.11571565 0.16475525
  1.00000004]
 [0.11996622 0.1793045  0.22898477 0.20928641 0.31350486 0.42092126
  0.12417042 0.18928436 0.27893179 0.08438662 0.13650898 0.17825418
  1.00000015]
 [0.11794624 0.17743176 0.55950334 0.22044214 0.33694782 0.46047718
  0.12142874 0.19226928 0.25599963 0.05964332 0.08993708 0.13832468
  1.00000001]
 [0.11507241 0.17464998 0.22850199 0.20315257 0.33345503 0.47606356
  0.12043702 0.19084834 0.24690284 0.06437911 0.09281282 0.11785453
  1.00000006]]",[ 0.05578584  0.40269466  0.2839718  -0.12995071],4,0.03187673869209774,0.8250056735032996,0.8570068005496067,0.01679469619588788,0.02923051184056058,31.581764215996373,0.0225695509121272
277,"[[-0.68114686  0.23492147  0.04686403 -0.31788909  0.16296275 -0.3687755
  -0.29696858  0.06014337 -0.29917679  0.10614366 -0.14012043  0.05053427
  -0.01675344]
 [ 0.40605303  0.18686321  0.23955227  0.08596596  0.20736396  0.24145933
  -0.08236146 -0.56616633  0.28442758  0.31034665  0.22521669  0.26764519
  -0.08501117]
 [-0.15393708  0.30024905 -0.44541823  0.05842266 -0.27576806  0.00719473
   0.54644763  0.21774484 -0.28733384 -0.07285419  0.13545396 -0.39489301
  -0.00830192]
 [-0.31945554  0.24466409  0.02725686  0.05174472 -0.27104468  0.20124845
  -0.3894865   0.57913941  0.20697065  0.19767508  0.33598926 -0.18921697
  -0.05472389]]","['bbo_main', 'random_fill', 'random_fill', 'random_fill']","[[0.11874434 0.19222535 0.37860102 0.20342147 0.30372286 0.39197722
  0.11585084 0.17499951 0.23023503 0.06887563 0.10503061 0.1746591
  1.00000009]
 [0.11968597 0.18102771 0.25651949 0.21924094 0.33770941 0.46122083
  0.11572418 0.1762145  0.50555414 0.06641847 0.10194145 0.17162866
  1.00000009]
 [0.11020852 0.16479979 0.21515857 0.20669346 0.30947442 0.46526368
  0.15245287 0.2260221  0.28329499 0.0604683  0.09091822 0.11692982
  1.00000026]
 [0.11553548 0.17583801 0.23491706 0.2108019  0.31883819 0.51556317
  0.12396302 0.19903268 0.51485449 0.0667301  0.10168985 0.13003469
  1.0000002 ]]",[-0.28579662  0.38310988 -0.12868429  0.1823351 ],4,0.032258390382495505,0.8265651358051799,0.8584430020089242,0.01677171121373859,0.03213973369898249,31.50384427398967,0.0225067724672951
278,"[[-0.04986203  0.26115224 -0.30924386  0.10162628  0.21925164 -0.21376674
  -0.41327007 -0.05298485 -0.47363303 -0.39700472  0.35712928 -0.21505398
  -0.01600119]
 [-0.38098927 -0.04649351  0.11189489  0.16892056  0.046599   -0.01185201
  -0.17860483 -0.10773837 -0.25578804 -0.41476179  0.71532138  0.12622341
  -0.0272    ]
 [ 0.60203128  0.13172047 -0.01331932  0.32148007  0.31993318  0.02491655
  -0.18574508 -0.08581824 -0.08528748  0.36800151  0.46700139 -0.10425167
  -0.01339278]
 [-0.28174649 -0.35988105 -0.05038063  0.23982002 -0.09588243  0.11390718
   0.20007916 -0.20965434  0.12735239  0.71942263 -0.30114483  0.01709255
  -0.01139611]]","['bbo_main', 'random_fill', 'random_fill', 'random_fill']","[[0.11896111 0.17926551 0.23472391 0.22859951 0.34985024 0.48085497
  0.10923242 0.16059458 0.21002948 0.06323981 0.10191798 0.13663514
  0.65809579]
 [0.11091927 0.16792091 0.31689537 0.22132588 0.33664464 0.44442707
  0.11365348 0.17177102 0.22630823 0.06820036 0.11684712 0.31522776
  1.00000011]
 [0.13189863 0.19139564 0.25010783 0.22950476 0.35497306 0.48531189
  0.11066972 0.16767677 0.22595146 0.07478859 0.11108558 0.13965265
  0.99999995]
 [0.10578073 0.15929437 0.21697923 0.22340401 0.34072706 0.48788756
  0.12255416 0.19263642 0.53862451 0.06642499 0.10102638 0.13248023
  1.00000029]]",[-0.21630815  0.00439226  0.29795845  0.03937996],4,0.028928923599635697,0.8213688823378453,0.8536537097521801,0.016753931101532487,0.02839774841415968,31.836901654998655,0.02247287635477871
279,"[[ 0.14995523  0.27831698 -0.44262436 -0.30882931  0.20167213 -0.2806417
  -0.12035259  0.36778154 -0.35517026  0.41224966 -0.0469601  -0.20308205
  -0.00620761]
 [-0.62725322  0.17154712  0.06772623  0.08822957  0.51798787 -0.18482947
  -0.12808936 -0.29108092 -0.11719629 -0.36379892  0.0610734   0.09876537
  -0.03970082]
 [-0.01748659  0.26512546  0.05402842 -0.18058438  0.49196316  0.067754
   0.33893157  0.38149334 -0.07946242  0.20043588 -0.57345135  0.0536132
   0.09291475]
 [ 0.24341771  0.16438663 -0.45581931 -0.10370767  0.53897819  0.04844013
   0.02504023 -0.20534547  0.0186555   0.48998417 -0.33826657  0.00265711
   0.06853298]]","['bbo_main', 'random_fill', 'random_fill', 'random_fill']","[[0.121461   0.1765977  0.22585331 0.19731051 0.30036469 0.40302953
  0.12253621 0.19287357 0.25011742 0.08004695 0.1148509  0.17584573
  0.92063165]
 [0.11313146 0.17359914 0.24701576 0.22688163 0.34964336 0.4489822
  0.11359788 0.17161787 0.2313343  0.06371707 0.0985776  0.19362426
  0.34049864]
 [0.11807254 0.17843789 0.24586176 0.22265359 0.34960446 0.59831799
  0.13741528 0.20451375 0.25918907 0.05658203 0.08398091 0.13456002
  1.00000004]
 [0.10739149 0.15599696 0.20133848 0.24112992 0.37568211 0.55182962
  0.11296266 0.17068367 0.24347092 0.06149776 0.09238017 0.12372684
  1.00000173]]",[-0.19253789 -0.00947997  0.39816072  0.2042862 ],4,0.03153228458308219,0.8208495609959573,0.853174476544123,0.016768766665378833,0.02981595466644278,31.55793134700798,0.022859838176470953
280,"[[ 0.19171129  0.24533806  0.04247022 -0.16849606  0.01296222 -0.29459329
  -0.23205698  0.17469372  0.05901989  0.29387315  0.71607573  0.06263554
   0.30823266]
 [ 0.20107446  0.27377159 -0.32835774 -0.36363908 -0.30096994  0.0355414
  -0.48876554 -0.17545465 -0.01437673  0.30077825 -0.42369546  0.01496143
   0.11237385]
 [ 0.2671851  -0.27890221 -0.39376666  0.30919331 -0.11672652  0.11835206
  -0.31523566 -0.50112383 -0.31921196  0.15898681 -0.04959338  0.14217458
   0.26869293]
 [ 0.52011642 -0.02027464 -0.20112289 -0.31375545  0.00625937  0.03569443
  -0.09641896 -0.35141308  0.05839973 -0.27451651  0.61143571  0.05749771
   0.01201844]]","['bbo_main', 'random_fill', 'random_fill', 'random_fill']","[[0.12083284 0.18268349 0.24388227 0.19923964 0.29858798 0.39104919
  0.12179137 0.18813819 0.27426963 0.08255127 0.13494027 0.22047087
  1.00000102]
 [0.13506609 0.19866201 0.24940302 0.19927275 0.30096765 0.51485892
  0.11494977 0.17693207 0.23998764 0.06465699 0.09587493 0.14254975
  1.00000095]
 [0.10841632 0.16169505 0.21372386 0.22672086 0.34934348 0.50212777
  0.11244148 0.16996483 0.22427028 0.06703118 0.10381781 0.35120983
  1.00000007]
 [0.12065998 0.17930301 0.23101856 0.20463962 0.31179197 0.42978181
  0.11423274 0.17215345 0.27443501 0.07181617 0.1318745  0.21852618
  1.00000014]]",[ 0.3971615  -0.14243875  0.12038928 -0.00423854],4,0.03138687353304215,0.830205878598121,0.8617921414802039,0.01676911130969013,0.028817650085033647,31.616408008994767,0.022479963861716523
281,"[[-0.44889928  0.08113989 -0.00704519  0.24991292  0.2680826   0.06453282
  -0.25155747  0.08869356 -0.04374623  0.24432221  0.59376705 -0.40993547
  -0.00238808]
 [ 0.46801817  0.23888247 -0.62154126  0.2595045  -0.12466778 -0.06557725
   0.01822733 -0.41779023  0.0724979   0.19173858  0.11698559 -0.13875376
  -0.02359719]
 [-0.30305561 -0.28139095  0.16064155 -0.21274777 -0.32847213  0.08971408
   0.30019859 -0.340889   -0.06727555 -0.37388835 -0.50760869  0.18345392
  -0.00127736]
 [ 0.28166042 -0.15627196 -0.08604674 -0.21677418 -0.2133495  -0.02431697
   0.30245346  0.66653785  0.08681042  0.49483834 -0.0624887   0.0592923
   0.01303151]]","['bbo_main', 'random_fill', 'random_fill', 'random_fill']","[[0.10372004 0.15725975 0.21550758 0.24739741 0.37606239 0.57072754
  0.11312525 0.17200242 0.23150409 0.0663627  0.10155668 0.12668753
  1.00000004]
 [0.11850191 0.17228964 0.21787756 0.21989788 0.33595005 0.44383506
  0.11420968 0.17456014 0.32845684 0.06812874 0.10422228 0.13377425
  0.50501355]
 [0.11670967 0.17784694 0.31142425 0.21259894 0.32247168 0.434551
  0.12389471 0.19181964 0.25184332 0.06062644 0.09132392 0.39039589
  1.00000001]
 [0.11062567 0.16473318 0.21880897 0.20033351 0.3011891  0.40835804
  0.15170703 0.2328002  0.35768948 0.06710503 0.10233051 0.14415545
  1.00000003]]",[ 0.16301983 -0.10498353 -0.19137506  0.14946829],4,0.03075058936995917,0.8312466125927837,0.8627485167452622,0.016732569800337542,0.02712330385082283,31.726093439996475,0.0224131364466357
282,"[[ 0.16440924 -0.07827252  0.01238713  0.39126258 -0.13505998 -0.17801405
  -0.57955863  0.47025912  0.14933126 -0.32290405  0.27765304 -0.02688092
  -0.04754459]
 [-0.01696389  0.19076822 -0.64077039 -0.16580781 -0.26020922  0.01195625
  -0.14826162 -0.16039837 -0.00519812 -0.6330899  -0.09157093 -0.01764414
  -0.01238792]
 [ 0.00778769  0.76683592 -0.17996421  0.05389474  0.29229642  0.0670463
   0.20162139  0.0034019   0.04642135  0.48565966 -0.0872933  -0.00841962
  -0.01743116]
 [ 0.2487382   0.08553311  0.03402252  0.59271598  0.02055545 -0.03224954
   0.02624139  0.42200341 -0.07315335 -0.12621379  0.61322863  0.02530707
   0.01159519]]","['bbo_main', 'random_fill', 'random_fill', 'random_fill']","[[0.1177832  0.17775486 0.23861601 0.20951771 0.31450418 0.41026324
  0.12369242 0.19976539 0.35084798 0.06462986 0.09949247 0.13166195
  0.25734483]
 [0.11197022 0.16138198 0.20580934 0.21379728 0.32283609 0.48489332
  0.12546063 0.1964898  0.27196469 0.05846475 0.09115841 0.12316701
  0.57845437]
 [0.1225631  0.18579597 0.23837071 0.22176285 0.34454668 0.71381725
  0.12197599 0.18653649 0.26408963 0.06438292 0.09769277 0.12879236
  1.00000013]
 [0.11845445 0.17867126 0.25440773 0.23579249 0.35063268 0.45690935
  0.12218207 0.18855646 0.24400673 0.06915514 0.12251281 0.16856832
  1.00000069]]",[ 0.04050163 -0.32287738  0.3027634   0.33282131],4,0.03138265699048859,0.8250056735032996,0.8570068005496067,0.016707663963225247,0.03539768610722921,31.333074238005793,0.022459475406605894
283,"[[-0.4660488  -0.11721965  0.12924889 -0.07110221 -0.6733706  -0.01584144
  -0.14661781  0.04659908  0.1582051  -0.47409252  0.12254427  0.0599859
  -0.03926978]
 [ 0.57442214 -0.44197874 -0.00525218  0.10519442 -0.10274459  0.04416544
  -0.16105518 -0.00186239 -0.18420406 -0.44354513 -0.43565047 -0.05054765
   0.04627593]
 [ 0.00774888  0.09386055 -0.30946276 -0.17913703 -0.39032246  0.45731849
   0.17396615 -0.30143807  0.46953103 -0.21578158  0.13823777  0.26038802
  -0.16346021]
 [-0.22104306  0.07602636  0.09124089  0.33867369  0.250485    0.09360954
  -0.26671236 -0.74984437 -0.31765102  0.06799061 -0.00442682  0.0535507
  -0.0949499 ]]","['bbo_main', 'random_fill', 'random_fill', 'random_fill']","[[0.11660572 0.1774675  0.29820837 0.20285843 0.30367261 0.40965746
  0.12539122 0.19925085 0.52406794 0.06685633 0.10207222 0.13428592
  1.00000002]
 [0.11722218 0.17344125 0.23331656 0.22606195 0.34888589 0.68256368
  0.11444026 0.17307871 0.22727946 0.05584489 0.08545301 0.1163182
  1.00000017]
 [0.11284359 0.16985114 0.2277817  0.21665694 0.3302763  0.50304874
  0.12358794 0.19514241 0.28324242 0.0655127  0.10026816 0.13208661
  0.14502895]
 [0.1182489  0.17907473 0.24857047 0.22312692 0.34498206 0.462016
  0.11369457 0.17165383 0.22781005 0.06480375 0.09957476 0.13333854
  0.16262183]]",[-0.23859269 -0.07468809  0.11473433 -0.02035156],4,0.02964194466050718,0.8354119209446034,0.8665716456267971,0.01671639764887096,0.027777993647802972,31.000844295995194,0.022225065317239626
284,"[[ 0.67051182  0.10221902  0.05346583 -0.53517136 -0.09028386  0.07675814
   0.24226913  0.04669022 -0.01294923  0.09761417 -0.17175293 -0.36803493
  -0.03370322]
 [ 0.29495492 -0.32270565 -0.32963    -0.18645919 -0.20842425  0.25212662
  -0.19010906  0.21562856  0.26551141 -0.06981069  0.47757483  0.39696424
  -0.12151495]
 [ 0.10009111 -0.14483591 -0.19761857 -0.37459063 -0.39170798  0.02507458
  -0.37660247  0.32663487 -0.3725553  -0.35800977 -0.34592921  0.01829991
   0.00889362]
 [ 0.2842746  -0.19688678 -0.29994536 -0.16125496 -0.58779944  0.04567801
   0.36651881  0.03610825 -0.3532118   0.2040687   0.25523273 -0.18643042
   0.12213106]]","['bbo_main', 'random_fill', 'random_fill', 'random_fill']","[[0.13290308 0.19522413 0.26021194 0.20187224 0.30376373 0.49100434
  0.12509165 0.19569504 0.25938789 0.06080869 0.09099355 0.11850883
  0.55612747]
 [0.11006876 0.16408498 0.22040701 0.21669254 0.33120861 0.45455999
  0.12337744 0.19554803 0.27453302 0.06708867 0.10273951 0.21248044
  0.22248973]
 [0.12067824 0.17932863 0.23157982 0.19980199 0.30129704 0.55030521
  0.12357739 0.19194619 0.24504972 0.06075809 0.09241028 0.15301284
  1.        ]
 [0.11573698 0.16704923 0.21404751 0.19903984 0.29989813 0.506388
  0.12584971 0.1922279  0.245963   0.07833966 0.11945529 0.15061307
  1.0000001 ]]",[-0.01075876  0.10532769 -0.35588808 -0.14271853],4,0.035774448463006855,0.8374960260924454,0.8684817592179253,0.016735319429853606,0.02871605321505523,31.773438762989827,0.022351095930128906
285,"[[ 0.45471116 -0.06325599 -0.04316708  0.02017957  0.45282119  0.10378974
  -0.07802517 -0.00750484 -0.00155656  0.74080858  0.06239665  0.10522956
  -0.0351548 ]
 [ 0.10466629  0.1891365   0.0251523   0.72009439 -0.01704671 -0.45780185
   0.22241457 -0.31673506  0.05587774  0.15320297 -0.08818667 -0.19931522
  -0.01855799]
 [-0.25106015  0.01009297  0.00837555 -0.10119764  0.35795687 -0.27202178
   0.25154017 -0.0752761  -0.22990006 -0.16407913  0.6603115  -0.37358083
   0.0117469 ]
 [-0.50278575  0.47930527 -0.30865046 -0.09202448  0.39027194 -0.21689925
   0.35490229  0.05915136  0.07286691  0.20602301 -0.1701152  -0.0878083
  -0.0228648 ]]","['bbo_main', 'random_fill', 'random_fill', 'random_fill']","[[0.11700501 0.17530535 0.23251064 0.22141538 0.34773983 0.50887052
  0.11498069 0.1744116  0.23390116 0.07143346 0.10704466 0.19307043
  0.43908777]
 [0.12308655 0.18912964 0.25465992 0.21766312 0.31849689 0.39748796
  0.12263367 0.18910162 0.34311615 0.05953855 0.09055453 0.11935965
  0.74168529]
 [0.10679167 0.16226575 0.31140287 0.22436795 0.34393912 0.43507051
  0.11479637 0.16683922 0.21652915 0.07240953 0.11476467 0.14207593
  1.00000049]
 [0.10775507 0.16293932 0.21574126 0.22236275 0.33839043 0.43427725
  0.12988283 0.20454552 0.35838404 0.06017158 0.09022918 0.1197558
  0.42683873]]",[ 0.30065915 -0.02546808 -0.05139758  0.03581982],4,0.03338398146315791,0.8364538509232285,0.8675268250071184,0.0166273311872912,0.03159116148070584,31.504038714017952,0.022235319323251478
286,"[[ 0.007039   -0.10986319  0.02811431 -0.08590799 -0.53242159  0.09386228
   0.56723429  0.08126433 -0.2542923  -0.42958923 -0.29980927 -0.13894523
  -0.02579868]
 [ 0.10402346  0.36151148  0.35785914 -0.19670043  0.21012411 -0.14855294
   0.14661513  0.31877337  0.56648961 -0.20423655 -0.32195976  0.0644562
  -0.17879048]
 [-0.10240883  0.03274187  0.03144238 -0.46538397  0.58461055 -0.14806621
  -0.36672283  0.38714768  0.02292823  0.1392219   0.32024431 -0.01300325
   0.01317374]
 [ 0.22418235 -0.23774352  0.09923398  0.18693322  0.37173469  0.12090665
  -0.35137386 -0.65203097 -0.03011747 -0.32001901 -0.15372092  0.13643581
  -0.03810161]]","['bbo_main', 'random_fill', 'random_fill', 'random_fill']","[[0.1222019  0.18529159 0.25044152 0.20530365 0.30679165 0.68604645
  0.12750271 0.19734501 0.25330376 0.05884895 0.08925208 0.11793225
  1.00000003]
 [0.11908026 0.18004912 0.24843166 0.2161169  0.32892648 0.43528
  0.12378857 0.19574538 0.34149521 0.06092994 0.09199244 0.12412238
  0.17954449]
 [0.10890168 0.16184662 0.2864764  0.21613748 0.3413917  0.43716541
  0.12189315 0.20772815 0.28531464 0.07696612 0.11312472 0.14522177
  1.00000008]
 [0.11595793 0.17529059 0.24051226 0.2295504  0.35714566 0.50882028
  0.11179083 0.16918279 0.22827737 0.05985591 0.09106279 0.33982958
  1.00000006]]",[-0.19931785  0.33616229  0.13790955  0.06402439],4,0.03016045620697358,0.8317670677126562,0.8632266162623736,0.01660352035517094,0.03152723268973118,31.740794129000278,0.022602273880015455
287,"[[-0.07556606  0.04465219  0.00102695  0.1624122   0.67428529  0.0325273
   0.31222008  0.23674049  0.07050983 -0.2615332  -0.5227097   0.09493041
  -0.03259758]
 [ 0.25078769 -0.33363328 -0.04007339  0.31403421  0.29766822 -0.55970504
  -0.14457877  0.1941974  -0.35166588 -0.24035673  0.26825608 -0.10147707
   0.03714961]
 [ 0.41640043  0.38894845  0.04744378 -0.14832162 -0.24742505  0.23035387
   0.01433564 -0.36433727  0.38082242 -0.19708939 -0.27875422  0.35894631
  -0.11590528]
 [-0.3262913  -0.61050556  0.00277694 -0.14725329 -0.34613501  0.0473653
  -0.40544054 -0.10297775 -0.16761937 -0.15469955 -0.37918442 -0.07772659
  -0.01535859]]","['bbo_main', 'random_fill', 'random_fill', 'random_fill']","[[0.10754099 0.16265445 0.22083866 0.23421222 0.36240897 0.47714383
  0.12481668 0.1916096  0.26682613 0.05692742 0.08672528 0.18319652
  0.5529273 ]
 [0.11165248 0.16621141 0.28759659 0.22980294 0.33766943 0.41809261
  0.11237201 0.17086438 0.22676328 0.06562681 0.11496011 0.15746887
  1.00000248]
 [0.12024086 0.18185555 0.24097431 0.21390482 0.32494677 0.44115095
  0.12246067 0.19212811 0.5484281  0.06295481 0.09555931 0.17693088
  1.00000009]
 [0.10701885 0.16080458 0.22602608 0.22250821 0.33839119 0.5508474
  0.11567487 0.17814511 0.23372115 0.06065682 0.09139636 0.12273747
  0.63420411]]",[ 0.33958154 -0.12688164  0.17089561 -0.42400736],4,0.032671885310754656,0.8369749077300217,0.8680043228876755,0.016678760092201244,0.02827936909099049,31.530535774014425,0.022220432271855384
288,"[[ 0.64655201  0.14880305  0.05248256 -0.20199206  0.34611705  0.03202206
  -0.14961317 -0.33281761  0.0988849  -0.35444982 -0.33693399 -0.11282425
   0.0251423 ]
 [ 0.38827949 -0.07448272 -0.55615708 -0.36673909 -0.1830661   0.11709011
   0.41897535  0.3218652  -0.07852768  0.12119514  0.15064708  0.16249903
  -0.05972374]
 [-0.27609865  0.15839271  0.04292221  0.38928856  0.10808496 -0.39449418
   0.26858597  0.09238312  0.06555579  0.19044119  0.32653182 -0.58990787
   0.04617971]
 [ 0.06573831  0.06289223 -0.07579541  0.0130695   0.30362072  0.03114929
   0.1671698  -0.04368957  0.02022145  0.49268815  0.70337201 -0.32469419
   0.13959915]]","['bbo_main', 'random_fill', 'random_fill', 'random_fill']","[[0.13334123 0.19462971 0.25570452 0.22170556 0.34532609 0.4607218
  0.11426341 0.17269991 0.41305159 0.05667354 0.08648778 0.11467671
  1.00000012]
 [0.11069681 0.16394823 0.2160326  0.21136922 0.32212653 0.44658487
  0.12625353 0.1993216  0.263575   0.06715201 0.10269053 0.19723622
  0.21901303]
 [0.11813089 0.18061474 0.26209812 0.21238844 0.31416181 0.39852538
  0.13070089 0.20692794 0.42801821 0.06055176 0.0889748  0.1112552
  1.00000011]
 [0.10643699 0.159037   0.21074122 0.22462707 0.35158604 0.48971774
  0.12090904 0.18487097 0.25622664 0.08575439 0.12556256 0.15168663
  1.00000066]]",[ 0.14733437 -0.03464239  0.07007691  0.36419641],4,0.030030062125702972,0.842710653753602,0.8732526787887707,0.01656619088519967,0.02896079548530558,31.81535403500311,0.02208787728423056
289,"[[-0.1669882  -0.07973981  0.04612952  0.30878617 -0.65237111  0.04817269
  -0.60658435 -0.15438733 -0.01365877  0.19150156  0.03487357 -0.01950912
   0.10067172]
 [-0.35441129 -0.03758293  0.05645505  0.08773431  0.20672592 -0.22217572
   0.48675687 -0.25240583  0.09353482  0.6126928  -0.21288719  0.09385587
   0.17631208]
 [-0.1681454  -0.49586667 -0.07436514  0.13721421  0.15519528 -0.38191704
  -0.61131209  0.24107025 -0.01885189  0.25314983  0.12579928 -0.03162339
   0.13585359]
 [ 0.15250522  0.5287995   0.01642253  0.19459634  0.17684808 -0.22807475
   0.69740454 -0.06275309  0.02023466  0.28767344 -0.02318028  0.03058935
   0.02707327]]","['bbo_main', 'random_fill', 'random_fill', 'random_fill']","[[0.12114246 0.18458026 0.32272543 0.2049945  0.30277968 0.54466416
  0.11301459 0.17428399 0.23487285 0.07272268 0.11082818 0.14307799
  1.00000005]
 [0.10785759 0.16360208 0.23098632 0.21799184 0.3319828  0.42650129
  0.12480481 0.19373104 0.31606171 0.06813628 0.10299092 0.39143256
  1.00000049]
 [0.1027586  0.15183499 0.20844164 0.22019433 0.32950371 0.41484697
  0.12010268 0.19862512 0.31028385 0.07852246 0.11519354 0.15105027
  1.00000056]
 [0.1347358  0.20345002 0.26873644 0.20592307 0.30936207 0.40159409
  0.1391309  0.20614356 0.27473381 0.06614748 0.10113551 0.15907226
  1.00000007]]",[-0.11104421  0.23594743 -0.0510959   0.27401123],4,0.02986349964215823,0.8463647178168983,0.8765884981397684,0.016615443999887177,0.027286195933920898,31.68364393900265,0.022345693296214886
290,"[[-0.05262622  0.0964568  -0.51235298 -0.23208367 -0.24520536  0.01406758
  -0.12820691 -0.27094506  0.01059861  0.13238229  0.29516852 -0.64546103
  -0.00213574]
 [ 0.26931446  0.66428825  0.1156413   0.31254223 -0.1190282  -0.00553524
  -0.13919966 -0.23778022 -0.41415509  0.01119715 -0.32474441  0.08894588
  -0.00090944]
 [-0.12723063 -0.31273247 -0.65480345  0.10353627 -0.37955166 -0.08037395
   0.30691486  0.01769589  0.01555057  0.28934982 -0.17046296 -0.29253019
   0.05382811]
 [ 0.5080539  -0.07181235 -0.13092414  0.22812526  0.15236562 -0.01824974
   0.06372002  0.54129898 -0.18018345  0.52916528 -0.13758518 -0.11944791
   0.03534608]]","['bbo_main', 'random_fill', 'random_fill', 'random_fill']","[[0.11244261 0.16217619 0.20656026 0.20824979 0.31592786 0.51971788
  0.12319128 0.19169852 0.27304833 0.06723382 0.09849177 0.11959406
  1.00000001]
 [0.13503093 0.20453533 0.39575076 0.22037098 0.33488305 0.44300501
  0.11311676 0.16858289 0.21994033 0.0599451  0.09053341 0.13442057
  1.00000002]
 [0.10527655 0.15324537 0.19772707 0.2081244  0.31245191 0.42232062
  0.14456648 0.22325501 0.32214811 0.06517837 0.09808797 0.12625927
  1.00000009]
 [0.11481727 0.16567182 0.21442843 0.22305025 0.33969868 0.47829262
  0.14730134 0.22499325 0.28647614 0.06057696 0.08855668 0.11519142
  1.00000018]]",[-0.32079022  0.07996071 -0.24941603  0.23328956],4,0.03166927297672706,0.8542059859975832,0.8837255526571819,0.01649076438820849,0.028017164989453378,31.58092879198375,0.022013239327648093
291,"[[ 0.15642586  0.58349395 -0.21776254 -0.48880623  0.2238555  -0.03064447
  -0.12016092  0.22185764 -0.17398995  0.43578704  0.10119484 -0.03103584
   0.05116068]
 [ 0.31540259 -0.63148052  0.09209205 -0.27357895  0.46088844  0.13645365
   0.11966543 -0.18099194  0.05351132 -0.1548849   0.31579994  0.11302617
  -0.03089018]
 [ 0.16738609 -0.13534922  0.45071019 -0.23417129 -0.29911472  0.05533485
   0.4109387   0.18416788 -0.31095296  0.06530051  0.09929412 -0.38578285
  -0.37513064]
 [ 0.09281448  0.16169341 -0.31173931  0.39760678 -0.33806204 -0.04129878
  -0.19728328  0.24378701 -0.09265601  0.21616054  0.19252898 -0.63501604
   0.00074084]]","['bbo_main', 'random_fill', 'random_fill', 'random_fill']","[[0.13862896 0.20291235 0.25505512 0.19812914 0.30527144 0.43520948
  0.12148157 0.18590948 0.24075202 0.07708989 0.11247913 0.14968184
  1.00000096]
 [0.10743227 0.16004869 0.22374238 0.22361202 0.35039461 0.7493992
  0.12178452 0.18611077 0.24684304 0.06536078 0.10131395 0.14918084
  1.        ]
 [0.11857453 0.17932139 0.25641426 0.21632161 0.32969327 0.44109126
  0.12358012 0.19340872 0.25796811 0.06333091 0.09580823 0.12705982
  0.02127565]
 [0.11895798 0.17499659 0.2224206  0.21104302 0.30985637 0.45623608
  0.12964479 0.21373852 0.28346086 0.05888657 0.08620041 0.10850552
  1.00000013]]",[ 0.11894698  0.15793767 -0.0508818  -0.10825226],4,0.02742662126580185,0.8442762881022081,0.8746827087234359,0.01653142287405475,0.027926335145852216,31.53294342101435,0.02202601766906706
292,"[[-0.2793612   0.04720538 -0.67639147  0.18418781  0.02551097 -0.53364201
  -0.23799786 -0.15037452  0.08047419 -0.15716114  0.17438138  0.03880008
  -0.02298459]
 [-0.3637032  -0.12331541 -0.27202897  0.01759264 -0.37674418 -0.22948175
  -0.16357314 -0.31494508  0.03197411  0.14840513 -0.42462981 -0.5039281
  -0.01894657]
 [ 0.06256946 -0.13814837 -0.05787578  0.25476297  0.33732017 -0.57960105
  -0.48001674 -0.27755655 -0.08579623 -0.30724727 -0.04749545 -0.21772605
   0.01216539]
 [-0.51389794  0.42111536 -0.31367266  0.0655384  -0.22671666 -0.18491255
  -0.12894421 -0.20100171 -0.19453669  0.48515366 -0.15686244 -0.12322191
   0.01598407]]","['bbo_main', 'random_fill', 'random_fill', 'random_fill']","[[0.10802562 0.15788902 0.20437497 0.21143948 0.31707325 0.40581049
  0.12464851 0.19616393 0.41265356 0.06929945 0.10968    0.15838963
  1.00000008]
 [0.11209089 0.16886295 0.22357973 0.21094387 0.31572198 0.41363221
  0.12566793 0.19664593 0.33512472 0.06049583 0.0884497  0.11227864
  0.58024853]
 [0.11953943 0.1822312  0.28898384 0.23279535 0.34271339 0.42400113
  0.10944319 0.16834865 0.2403002  0.05778083 0.08873985 0.11838923
  1.00000025]
 [0.11735839 0.18195635 0.23706831 0.2042732  0.30365166 0.40161388
  0.11375083 0.17234053 0.22983183 0.0813553  0.11792862 0.1769664
  1.00000021]]",[-0.36504681 -0.50049561 -0.26071677 -0.26663585],4,0.030766417839757698,0.8348910472621988,0.8660939646374991,0.01650681785566817,0.02677809315958235,31.779071447992465,0.022095480169343443
293,"[[-0.40206373 -0.06136837 -0.51706593 -0.05368556 -0.08216125  0.08162718
   0.28994314 -0.20118131  0.12460703  0.22201677  0.59347104  0.08687416
  -0.04256293]
 [-0.46104989  0.11849298 -0.03678581 -0.09948589 -0.11641958  0.03849898
   0.27833647 -0.6564153   0.02593765 -0.34962733 -0.3328396   0.06664327
   0.02486552]
 [-0.04138277 -0.02119485  0.11622524 -0.54032595  0.09881827  0.08212517
   0.38330479 -0.07889637  0.08512773 -0.19831987 -0.68748493 -0.02862875
  -0.05184947]
 [-0.09293452 -0.44926918 -0.47579351  0.67447341  0.08515805  0.14643108
   0.10750592  0.04011292 -0.18169726 -0.16429635 -0.07460611 -0.02675706
  -0.00876359]]","['bbo_main', 'random_fill', 'random_fill', 'random_fill']","[[0.10581071 0.15630763 0.20578856 0.21895195 0.33495402 0.45767235
  0.12315803 0.18928971 0.31853842 0.07157637 0.11690847 0.16064789
  0.51200843]
 [0.11593356 0.17734086 0.23612091 0.22194792 0.34284431 0.46639841
  0.11535477 0.17337853 0.24556193 0.05841839 0.08874147 0.39316922
  1.00000027]
 [0.11902131 0.18005157 0.30267371 0.21648163 0.32998255 0.4393751
  0.12415154 0.19492023 0.26927039 0.05891241 0.08889674 0.11993753
  0.12566512]
 [0.10409103 0.15462733 0.20458178 0.23416864 0.35989661 0.6813653
  0.12184023 0.18768811 0.24256638 0.06071975 0.09292926 0.12571129
  1.00000008]]",[-0.04570163 -0.15938733 -0.0494581   0.05939728],4,0.031144894644509747,0.8479317384816805,0.8780171418906402,0.016398031535487936,0.027905440174960855,31.271717146999435,0.022057244972577827
294,"[[-2.76630225e-01 -1.90695783e-01  4.25955312e-01 -2.78031076e-02
   1.25826409e-01  1.46433953e-01 -3.36204882e-01 -2.49856090e-01
  -6.05832119e-01 -1.26250368e-02  1.43510367e-01 -9.71935932e-02
  -3.08105749e-01]
 [-3.63835967e-02 -3.92577485e-01 -6.63852218e-01  1.76202341e-02
   2.69296696e-01 -3.91154554e-01  2.00622925e-01  6.30975847e-02
  -2.29563338e-01 -2.81519671e-01 -2.08414578e-02  3.64128481e-02
  -9.08515592e-03]
 [-2.11889309e-01 -2.28339646e-01  5.99910012e-02 -3.89442444e-01
   4.20996950e-01 -3.65794334e-01  1.11536506e-01  4.10829052e-01
   9.78045410e-02 -3.28404106e-01 -3.40053301e-01 -1.49550370e-01
  -4.26788394e-03]
 [ 4.99961453e-01  1.08275609e-01 -2.86021767e-01 -3.49066303e-01
  -6.40844826e-02 -4.18561713e-01  2.11061296e-01  4.48556493e-01
   1.61247660e-02  2.27160568e-03  3.29147105e-01  7.33452285e-05
  -3.17125391e-02]]","['bbo_main', 'random_fill', 'random_fill', 'random_fill']","[[0.11606362 0.17671289 0.28391438 0.21956954 0.3368256  0.45376393
  0.12109137 0.18747655 0.24739345 0.06369692 0.09688199 0.12876483
  0.07739522]
 [0.09979655 0.14618203 0.18995466 0.22780458 0.34576759 0.4426931
  0.12655415 0.19427914 0.25106685 0.06384037 0.10526032 0.20835988
  1.00000033]
 [0.10985853 0.16433207 0.23838747 0.21497411 0.3259945  0.41945422
  0.13125082 0.2112522  0.50547921 0.05824027 0.08817578 0.11731392
  1.00000003]
 [0.12120761 0.18204756 0.23649304 0.19840724 0.29833344 0.39199989
  0.13093374 0.20970599 0.30470549 0.06787234 0.10341555 0.13787795
  0.45080695]]",[-0.10284118 -0.30480575 -0.06646867 -0.09326336],4,0.027900165155836584,0.8515904985917515,0.8813482656535911,0.01651232613224131,0.030290402168445474,31.367696521017933,0.02181539147419949
295,"[[ 0.25270317 -0.37813681  0.00638941  0.26458792  0.3455161  -0.43346429
  -0.30398488 -0.38735857  0.07237685  0.2518786  -0.31721883  0.06274897
  -0.01155294]
 [ 0.09618605  0.07599602 -0.16452586 -0.56370077  0.36766701 -0.00685427
   0.15015467 -0.31523043  0.07332729  0.50949122  0.16746746 -0.29933344
  -0.01997034]
 [ 0.28864459 -0.46645958 -0.05774913 -0.43903459 -0.35369477  0.03910162
  -0.14930408  0.12213813  0.08083162  0.51893823  0.22337591 -0.11262431
  -0.02762984]
 [ 0.12450799  0.03823817 -0.48743745  0.4466419  -0.26172488  0.09162849
  -0.54893689 -0.14715117  0.08689566  0.05815321 -0.00472469  0.0680154
   0.36123317]]","['bbo_main', 'random_fill', 'random_fill', 'random_fill']","[[0.11201129 0.16684724 0.2279852  0.22811879 0.34507111 0.43269206
  0.11223883 0.17288265 0.45073713 0.06473085 0.09918667 0.1521962
  1.0000001 ]
 [0.1174239  0.17586038 0.22881922 0.21567382 0.34117184 0.45852797
  0.11574251 0.17434728 0.5116035  0.06840881 0.10313906 0.12918274
  1.00000018]
 [0.11394643 0.16784852 0.22587645 0.20009943 0.30151896 0.42042407
  0.12589017 0.20232541 0.35050002 0.07562435 0.11153436 0.14000238
  0.5983504 ]
 [0.10828841 0.15920961 0.2067339  0.2276114  0.34506377 0.66950001
  0.11310278 0.17764707 0.26907284 0.06578576 0.10141729 0.1494838
  1.00000003]]",[-0.12692614 -0.01884692 -0.17040001  0.30139597],4,0.03161065668863458,0.8578706812777567,0.8870507418729044,0.016425895638931255,0.02892885275073371,31.234776727011194,0.021583029337537918
296,"[[ 0.03309472 -0.04034761 -0.14149141 -0.21135758  0.01651248  0.08706611
  -0.11874002 -0.72402409  0.17268251 -0.57476979 -0.10619118  0.1090971
  -0.05534809]
 [ 0.24438376 -0.2646171  -0.09401941 -0.0465407  -0.29045498  0.02933654
   0.1170495  -0.17061463  0.02244297 -0.56019925  0.53244095 -0.32978217
   0.15696333]
 [-0.4402447   0.22298947 -0.20473153  0.10772587  0.15032259  0.06212607
  -0.12110519  0.46558652 -0.13452476 -0.19402263 -0.49971581 -0.37167134
  -0.0380719 ]
 [ 0.38620574  0.42140951 -0.57142377 -0.00483695  0.15171462  0.14994298
   0.0423896   0.02490685 -0.46252055  0.0483878   0.23698827  0.15563923
  -0.04625497]]","['bbo_main', 'random_fill', 'random_fill', 'random_fill']","[[0.11876455 0.17872738 0.23670401 0.22086503 0.34123193 0.45923181
  0.11513884 0.17480621 0.30924496 0.06087825 0.09307456 0.13500248
  0.24555499]
 [0.11603081 0.16813221 0.21803219 0.20203359 0.30424865 0.60286175
  0.12676147 0.19630955 0.29555443 0.06480577 0.10266669 0.12860847
  1.00000226]
 [0.1093737  0.1650138  0.21832567 0.22433013 0.34130196 0.5039972
  0.12496304 0.19906129 0.26176329 0.0577104  0.08712177 0.11451044
  0.262638  ]
 [0.11846168 0.17701638 0.22834666 0.21997274 0.34298548 0.5114967
  0.11432488 0.17230056 0.22625191 0.0669412  0.10384225 0.37755314
  1.00000003]]",[-0.16840731  0.0041666  -0.01422977  0.06237865],4,0.02905845879636665,0.8678363839212511,0.8960575850100888,0.01628988040332311,0.026839739729965922,31.44423053000355,0.021847435412282734
297,"[[ 0.13426661  0.03611369 -0.01691505  0.15851478 -0.21216415  0.0122747
  -0.0039668  -0.20185963  0.06519732  0.43846506  0.74933776 -0.33326061
  -0.01599575]
 [-0.56800975  0.2559391   0.02971589 -0.16681458 -0.45049866 -0.05267742
  -0.47430609  0.26719808  0.06051588  0.21380162  0.11439881  0.05739653
   0.1237343 ]
 [-0.21171642 -0.0457447  -0.05481017 -0.12375661 -0.29819472 -0.07288713
  -0.81110412  0.08863952 -0.00689009 -0.3437949  -0.06672774 -0.19611512
   0.11673949]
 [-0.52482735 -0.06582747 -0.36595482  0.47384152 -0.29535824 -0.14721204
  -0.10546279  0.10131964 -0.42579817  0.00957085  0.15817568 -0.15826724
  -0.0038197 ]]","['bbo_main', 'random_fill', 'random_fill', 'random_fill']","[[0.12010399 0.18155861 0.24092436 0.20348991 0.30411166 0.41294804
  0.11642309 0.17743145 0.34147675 0.08489869 0.12841698 0.1578129
  1.00000017]
 [0.11717947 0.17963255 0.24203956 0.1980838  0.2974356  0.39874048
  0.12331826 0.20186347 0.4355333  0.07357606 0.10951088 0.19697418
  1.00000017]
 [0.12115728 0.18413136 0.24460796 0.20500866 0.30600676 0.4036142
  0.11420991 0.19803619 0.30859275 0.05894696 0.09097804 0.1174372
  1.00000065]
 [0.10054399 0.15031248 0.19974895 0.23331228 0.35046761 0.48003201
  0.1132217  0.17183823 0.22659393 0.06988458 0.11101467 0.14701607
  1.0000002 ]]",[ 0.04226036 -0.01633173 -0.20335668 -0.29926118],4,0.02971366673312755,0.8604905341761219,0.8894236638607567,0.016336200454190562,0.0293737446066957,31.418600217002677,0.02181832215310426
298,"[[-0.28826513 -0.46005368  0.00432932  0.05459368 -0.18043285  0.29499776
  -0.25075093  0.44128897  0.33809255 -0.18405551 -0.19509554  0.35800533
  -0.10319806]
 [-0.03820009 -0.52934074  0.20049233  0.11036502  0.07685658  0.04377899
  -0.39917335 -0.52708061  0.17686003 -0.02876586 -0.36668231  0.2066947
   0.10816233]
 [ 0.27517806 -0.15917518  0.10265757  0.08352315 -0.59463029  0.11357753
  -0.3306134   0.07813339 -0.43415856  0.1364817  -0.12588785 -0.41861251
  -0.03640637]
 [ 0.20482312 -0.28432742 -0.54403191 -0.38380066  0.24553519 -0.04938964
  -0.23256766  0.41054832  0.0171318   0.38070135  0.03948334  0.03268712
  -0.02669902]]","['bbo_main', 'random_fill', 'random_fill', 'random_fill']","[[0.10928493 0.16312001 0.22121518 0.21891188 0.33422172 0.45888363
  0.12384092 0.19766009 0.28580282 0.06479569 0.09924877 0.43733964
  1.00000029]
 [0.1116883  0.16782871 0.30383302 0.22296278 0.34277551 0.45019571
  0.1155142  0.1771581  0.25355229 0.06456201 0.09881744 0.37047992
  1.00000005]
 [0.12336999 0.18716677 0.33016697 0.20923352 0.31437917 0.50201584
  0.1169502  0.17943638 0.23431365 0.0618294  0.09253558 0.12002926
  0.57435532]
 [0.10647662 0.1542756  0.19847482 0.21835468 0.33435663 0.44376417
  0.12600648 0.20509122 0.27987215 0.06898184 0.10440389 0.16141207
  0.43731161]]",[ 0.15630962  0.09047534 -0.27513635 -0.06998472],4,0.029388129200343227,0.8610147309953384,0.8898980220447078,0.01643255720177325,0.030240346830614273,31.30310384600307,0.02205521126555754
299,"[[ 0.26157403  0.08895262 -0.54896633 -0.12090296 -0.20331426 -0.26067186
  -0.0264451  -0.64174788 -0.22982569 -0.06440012 -0.04214629 -0.16436078
  -0.01003575]
 [ 0.08360627  0.1223849   0.41132901 -0.53307898  0.25205166  0.01056609
  -0.11903716  0.02609338  0.35109314 -0.28926898  0.09634927  0.46016646
  -0.1348907 ]
 [ 0.13167156  0.6302161   0.18810706 -0.24667284 -0.16739946 -0.33602218
  -0.37331461  0.27969578 -0.22657467 -0.14130743 -0.09690814  0.21539299
  -0.06035141]
 [ 0.18090056  0.20200794  0.02511817 -0.06635478 -0.29522534  0.04230031
   0.16480339  0.26797422 -0.4031849  -0.01273299  0.62993241 -0.41311014
   0.05763   ]]","['bbo_main', 'random_fill', 'random_fill', 'random_fill']","[[0.12439694 0.18345702 0.23336455 0.20579084 0.30955353 0.40982333
  0.1136962  0.16799685 0.22533865 0.06964388 0.10789487 0.17153401
  0.93524722]
 [0.11847834 0.17925388 0.30785742 0.21275486 0.32307984 0.42940307
  0.12357647 0.19489097 0.27210822 0.06567135 0.10060378 0.40855715
  1.00000005]
 [0.1230378  0.18756259 0.34999053 0.2023446  0.30223801 0.39761606
  0.12226611 0.19095238 0.24946803 0.06688061 0.10219218 0.33628151
  1.00000012]
 [0.13613001 0.20352105 0.26982909 0.19945828 0.29895019 0.49517198
  0.12218249 0.18473313 0.23343365 0.06822858 0.10527747 0.12986921
  1.00000013]]",[-0.48311682  0.26074948 -0.08990499  0.03692126],4,0.027435813549368415,0.8615390041375073,0.8903723039145934,0.016351781766525998,0.029030306974400177,31.588292180007556,0.02193107955922695
300,"[[ 2.31797737e-01  1.83906662e-01  6.44117440e-02 -1.83147404e-01
  -4.75022607e-01 -3.61965826e-02  1.97143358e-01  6.54172732e-03
   8.88101742e-02  2.46724204e-01 -5.73220443e-01 -4.58645272e-01
   3.45556910e-02]
 [-3.28633387e-01  2.47058930e-01 -8.03050241e-03 -6.28147563e-04
  -2.61789528e-01  9.75571700e-04  5.76796077e-01 -3.66752710e-01
   2.35263692e-02 -7.77834231e-02 -4.68574110e-01 -2.16704566e-02
   2.61774844e-01]
 [ 1.46390282e-01  2.13157654e-01  7.27263686e-02  5.04628874e-01
  -9.82268857e-02  7.44572217e-02  1.75503102e-01 -1.11029981e-01
  -2.39274353e-02  9.83135566e-02 -7.58571146e-01  1.95204889e-02
   1.69775054e-01]
 [ 5.04780458e-01  1.03498023e-01 -1.99457326e-01  1.57460490e-01
  -5.99843997e-02  9.99516595e-02 -2.63641392e-01  1.15385540e-01
   5.04092297e-02  2.36058652e-01 -3.11494887e-01 -6.46623207e-01
  -9.12883468e-03]]","['bbo_main', 'random_fill', 'random_fill', 'random_fill']","[[0.12516896 0.18908597 0.27435458 0.20231447 0.30335786 0.41074361
  0.12738845 0.19951559 0.46277908 0.05953068 0.08725451 0.11102257
  1.00000001]
 [0.12163063 0.19328165 0.26163992 0.20380354 0.30527633 0.41546736
  0.14189218 0.20801799 0.32943524 0.05622426 0.0837205  0.11270831
  1.00000015]
 [0.1210403  0.18511455 0.32941282 0.22503287 0.34113883 0.6505685
  0.1202799  0.18608806 0.24582263 0.05643979 0.08385448 0.11291321
  1.00000005]
 [0.12046861 0.18101866 0.23384817 0.22169049 0.33818469 0.72307732
  0.1213679  0.19376763 0.26983995 0.05710316 0.08456926 0.1081222
  1.00000013]]",[-0.09873726  0.1550701   0.31810794  0.03185346],4,0.029525905774139494,0.8615390041375073,0.8903723039145934,0.0162466429750858,0.027060572445426895,31.93121800600784,0.02183546176594582
301,"[[-0.38167596  0.12528831 -0.08303897 -0.13404336 -0.23029951 -0.20886331
  -0.4805788  -0.01670286  0.03952892 -0.68448451 -0.12464196 -0.00301841
  -0.01549802]
 [-0.47752887 -0.26909963  0.16632718 -0.36596717  0.0487143   0.1081125
  -0.45693923  0.18047209  0.06829317 -0.06697926 -0.48946638  0.17867635
  -0.04332525]
 [-0.36333536 -0.18192562  0.00453417 -0.38690738  0.49495157 -0.13831098
   0.15400622 -0.06825191  0.08756181  0.60107421  0.14135236  0.06123208
  -0.00149884]
 [-0.26844717  0.65897492  0.03587137  0.34042241 -0.06787645  0.00895015
  -0.00352966 -0.29870256 -0.06234668  0.0355939   0.24373029 -0.31838761
   0.34155797]]","['bbo_main', 'random_fill', 'random_fill', 'random_fill']","[[0.12192001 0.18556381 0.24363765 0.20444705 0.30469934 0.39892647
  0.12278546 0.19636945 0.34017548 0.05799614 0.09010672 0.12548031
  0.49334122]
 [0.10995313 0.16458103 0.29947374 0.21954953 0.33525506 0.44367637
  0.12343778 0.19657178 0.26328991 0.06104284 0.0918722  0.39135534
  1.00000012]
 [0.1056321  0.15877211 0.218843   0.21939513 0.3405452  0.43984311
  0.12302533 0.18941332 0.47744322 0.07597349 0.11257279 0.16064576
  1.00000001]
 [0.12076588 0.2100817  0.33541517 0.22373129 0.33967346 0.44973887
  0.11262689 0.17045937 0.22714387 0.05988577 0.09045995 0.11637427
  1.00000131]]",[-0.33220871 -0.08843632  0.07430094  0.43839351],4,0.029092640398740988,0.8610147309953384,0.8898980220447078,0.016349647246113146,0.0305532163006347,31.85805035699741,0.021724805902032684
302,"[[ 0.47151844  0.09996209 -0.03634595 -0.60694035  0.30370892 -0.0477484
   0.32224911  0.10661926  0.05780058  0.23722303  0.24671933 -0.25984218
  -0.01565568]
 [ 0.36968668  0.07680328  0.01402004 -0.33432877  0.42381559 -0.15519332
  -0.21232063  0.38720521  0.02294863  0.20042189  0.41221466 -0.36792343
   0.02764129]
 [-0.29153857  0.77302914  0.10722793  0.04637995 -0.12392611 -0.25458236
  -0.09726654 -0.41266839  0.11165951  0.12528208 -0.08415866  0.08113231
   0.04503183]
 [-0.05453363  0.30769492 -0.36999303  0.49913757 -0.45026365  0.04887797
   0.16328936  0.14258648  0.0532822  -0.4899328  -0.13938715 -0.00084308
   0.04351314]]","['bbo_main', 'random_fill', 'random_fill', 'random_fill']","[[0.13396255 0.19408325 0.25382917 0.19790609 0.30360473 0.4024148
  0.13676233 0.20656083 0.35980745 0.06665154 0.10075818 0.12665375
  1.00000016]
 [0.13388043 0.19400493 0.27089778 0.21142803 0.32652927 0.42067547
  0.1246965  0.21032743 0.31073811 0.06661208 0.09922106 0.12158513
  1.00000076]
 [0.12317896 0.20099623 0.37570132 0.2029591  0.30296549 0.39695259
  0.11676015 0.1769513  0.30921643 0.06733846 0.10268446 0.14018464
  1.00000004]
 [0.11113203 0.16684595 0.21781055 0.20960067 0.31121053 0.46036701
  0.14242831 0.22116181 0.3921297  0.05622128 0.0879275  0.1193527
  1.00000033]]",[0.10521331 0.16986116 0.03690872 0.03098057],4,0.03265684998268244,0.8615390041375073,0.8903723039145934,0.016317472830665068,0.02999642622523893,31.86201302698464,0.02183250295884956
303,"[[-0.56532789 -0.59513911 -0.13765782  0.08884746  0.06073874 -0.13789581
  -0.35194537  0.00583971  0.07558496  0.28835563  0.21663198  0.13008392
   0.00727248]
 [-0.39904573  0.49356017 -0.35823229  0.20772564 -0.21063729 -0.05318225
   0.30709655 -0.41671363 -0.01171556  0.08410563  0.30740925 -0.09376341
   0.00474968]
 [ 0.3868241   0.14964332 -0.03118863  0.29913663  0.1107113  -0.29224245
  -0.01079941 -0.53741841 -0.14707572 -0.17187309  0.54317017  0.06779043
  -0.01094135]
 [ 0.16790739  0.16936464  0.06792509 -0.14238992  0.48802335 -0.11322068
   0.53159881  0.25264468 -0.02857234  0.50629224  0.13714513 -0.21118176
   0.01633851]]","['bbo_main', 'random_fill', 'random_fill', 'random_fill']","[[0.10413003 0.15689432 0.21080778 0.22179221 0.3377426  0.43643642
  0.12079643 0.1926454  0.27139727 0.06905228 0.10651582 0.40289765
  1.00000015]
 [0.11426193 0.17595316 0.22607966 0.2079202  0.30919275 0.41714346
  0.11488499 0.17287497 0.25784685 0.08419864 0.13336088 0.16980831
  1.0000001 ]
 [0.12341944 0.18536037 0.24635467 0.21902647 0.33215776 0.42179432
  0.11116663 0.16292225 0.21281843 0.07043306 0.12194709 0.2223923
  1.00000033]
 [0.11883677 0.17993684 0.36749133 0.21704213 0.33432081 0.43113636
  0.14541695 0.21537792 0.27661273 0.0651482  0.09771346 0.12350434
  1.00000008]]",[-0.11942978 -0.08673666 -0.01496883  0.31928428],4,0.02841052564302278,0.8678363839212511,0.8960575850100888,0.01630282930234174,0.027626451938967053,31.725609307002742,0.021704934919882457
304,"[[-0.33652735  0.06545088 -0.00438136  0.56785717 -0.59259978  0.01242547
   0.22284546 -0.25447178 -0.16343594 -0.08699478  0.23327633  0.04525723
   0.05911188]
 [ 0.31680751 -0.09298535 -0.36682711  0.01658289  0.1352016  -0.02997097
   0.18265265 -0.52604846 -0.05809278 -0.22941522 -0.09670028 -0.60079206
   0.0239739 ]
 [-0.02411635  0.25197077 -0.0261171  -0.23224092 -0.64424772  0.05346453
   0.01720291  0.0270628  -0.53130477 -0.41739888  0.06199902  0.0407134
  -0.01900627]
 [ 0.29834779  0.14420556 -0.29666278 -0.10074836 -0.46218877  0.21367475
   0.38870741  0.07555974 -0.49823564 -0.29150663 -0.01987111  0.20477424
  -0.02034708]]","['bbo_main', 'random_fill', 'random_fill', 'random_fill']","[[0.11641219 0.17919632 0.23968757 0.20754723 0.30577585 0.42197687
  0.11485372 0.17351517 0.22760708 0.07308302 0.12210283 0.29327452
  1.00000003]
 [0.11190382 0.16129144 0.20860381 0.23695494 0.3673762  0.51138034
  0.11338322 0.17134179 0.2379575  0.05657462 0.0844168  0.1074156
  1.00000007]
 [0.1259462  0.19096271 0.2514004  0.20030589 0.30011473 0.50617167
  0.11634811 0.17288904 0.22341736 0.06718255 0.10730056 0.15848159
  0.82876908]
 [0.11994738 0.18096105 0.23414632 0.20728228 0.31291325 0.70389091
  0.12331305 0.1896059  0.24424224 0.06625068 0.10356985 0.18298923
  1.00000003]]",[-0.04784847 -0.16274532 -0.31700261 -0.08636258],4,0.029320585059158258,0.8662609639187278,0.8946373396603077,0.016344135245518785,0.027094515089555737,31.94142276799539,0.021737034934059138
305,"[[-0.40506871 -0.42095143  0.16530749 -0.07484345 -0.21076478 -0.3018495
   0.2328835  -0.05473814  0.14694158  0.40521179  0.47164095  0.14926423
  -0.05011794]
 [-0.1397118  -0.38553355  0.07779137  0.1102287  -0.26339715  0.09990396
   0.68291484 -0.49704853 -0.11389856  0.08210061 -0.01753148 -0.02205428
  -0.01862045]
 [-0.14306987  0.15112473 -0.34761185 -0.3258855  -0.22628301  0.04228116
  -0.25502215  0.22151499  0.06297265  0.20048054  0.71368202  0.09023618
  -0.03029002]
 [-0.10267419 -0.17646543 -0.09194241  0.29626118 -0.49445391 -0.30608724
  -0.12317151 -0.06762447 -0.2421197  -0.61186154  0.1447275  -0.20196522
   0.09717518]]","['bbo_main', 'random_fill', 'random_fill', 'random_fill']","[[0.11114018 0.16685804 0.46256021 0.20409227 0.3053731  0.39952922
  0.12589269 0.19609814 0.27848375 0.0721313  0.11196365 0.16219653
  0.99999999]
 [0.10965871 0.16454425 0.2502987  0.21826584 0.33636199 0.74099685
  0.12153234 0.18395684 0.23839671 0.06662765 0.10244958 0.13406321
  1.00000007]
 [0.10986374 0.16349041 0.2154805  0.20154544 0.30285575 0.41230729
  0.12424179 0.19139543 0.26988191 0.08317073 0.13557778 0.23686307
  1.0000001 ]
 [0.12350095 0.18734679 0.28335984 0.20628008 0.29947515 0.38821512
  0.1211406  0.18431983 0.24052742 0.06030476 0.09561458 0.12704203
  1.00000192]]",[-0.12339601 -0.10329131 -0.05046848 -0.3147498 ],4,0.03243554610191726,0.8683616869684782,0.8965308371010184,0.016282602692462515,0.027865250611325304,31.613463712012162,0.02161712843713376
306,"[[-0.12218219 -0.30349554  0.01125936  0.08192726 -0.03283714 -0.08003849
  -0.22370783 -0.21896037  0.00076887  0.6481191   0.00678752 -0.59898477
   0.04197703]
 [-0.15545905  0.38088093  0.15066748 -0.46723694  0.09203315  0.00148537
  -0.22006274 -0.67904467  0.19550192  0.06831282  0.09899734  0.12230214
  -0.0640597 ]
 [-0.33050297 -0.3519246   0.1391     -0.2946074   0.25730856 -0.40399719
   0.57728344  0.17793987 -0.20211781  0.07636996 -0.09052528  0.10746683
  -0.00253208]
 [ 0.46320105  0.05602535 -0.23781065 -0.50066805  0.41255204 -0.25627614
  -0.11387091 -0.44881816 -0.01122018  0.14338343  0.0433877  -0.04616868
  -0.01019024]]","['bbo_main', 'random_fill', 'random_fill', 'random_fill']","[[0.10469582 0.1588807  0.28914648 0.23165934 0.35310262 0.45100958
  0.11123682 0.1708818  0.24362113 0.06774913 0.0959584  0.11691783
  1.00000014]
 [0.12075027 0.1827935  0.26868733 0.21361461 0.32714343 0.43393408
  0.11484541 0.17437658 0.29245432 0.06747935 0.10380528 0.14244739
  0.2461245 ]
 [0.11067928 0.1661556  0.51686955 0.20807156 0.31296888 0.40633734
  0.12767936 0.19928297 0.25714882 0.06710792 0.1025467  0.15092663
  1.0000001 ]
 [0.13755055 0.19723914 0.24890315 0.20603734 0.31748597 0.41204514
  0.11171623 0.16750977 0.26887976 0.07016327 0.10721999 0.14056746
  1.00000006]]",[-0.13207745 -0.04768896 -0.10136382 -0.15508934],4,0.03186629444868219,0.8730931730034257,0.9007863478027148,0.01621828599698338,0.02789613565988415,31.806028277002042,0.0215316038758296
307,"[[-3.43199595e-01 -7.31430214e-01 -9.81889372e-02  2.85184055e-02
  -1.49745854e-01  6.69023651e-02 -9.85551031e-02 -2.78147050e-01
  -1.85468467e-01  1.90810055e-01  3.83159995e-01  4.30738091e-02
  -5.75926428e-02]
 [ 7.70199035e-01  1.23630983e-01  1.10723072e-01 -2.14520056e-01
   2.00799382e-01  1.40429497e-01 -4.88766692e-03 -2.71104538e-01
  -1.88984331e-01 -2.60873823e-01 -2.81316931e-01  1.23817840e-01
   3.77846152e-02]
 [ 3.85855021e-01  3.94792263e-01  1.48547448e-01 -2.80665425e-04
  -5.72725847e-02  1.69745814e-01  3.27611887e-01  5.24116198e-01
   7.74779914e-02  3.96326258e-01  2.66467989e-01  1.57819538e-01
  -8.82512163e-03]
 [-1.53760958e-01  5.20294631e-01 -3.65969815e-01  2.29539724e-01
   4.88811749e-01 -2.24302970e-01  6.01517891e-02  1.79980311e-01
  -3.22648585e-01  1.56054771e-01  2.31356458e-01 -1.07817240e-01
  -1.27752417e-02]]","['bbo_main', 'random_fill', 'random_fill', 'random_fill']","[[0.10738943 0.16071497 0.21855101 0.22126562 0.33988372 0.47762117
  0.11933429 0.18356371 0.24325901 0.06860865 0.1078488  0.14887203
  0.20203466]
 [0.12333962 0.18523489 0.25723715 0.22081737 0.34281927 0.71688798
  0.11443318 0.17264497 0.22705268 0.05943564 0.08977856 0.14038018
  1.00000001]
 [0.12090351 0.18263022 0.27920965 0.20881719 0.31547299 0.70106196
  0.12603929 0.19874541 0.26309764 0.06695333 0.10214568 0.15104943
  1.0000001 ]
 [0.11087792 0.16961185 0.22198546 0.25174802 0.37849798 0.48199582
  0.11198937 0.16947448 0.22469447 0.06547901 0.10096202 0.16500838
  1.00000033]]",[-0.24724338  0.19265048  0.49571316  0.09239841],4,0.02721765858437747,0.8594423679353913,0.888474720121387,0.016324957434123825,0.028630070923193168,31.083872993011028,0.021555164726805322
308,"[[ 0.30451554 -0.36017888  0.07238571  0.26156927 -0.47750105 -0.0894625
  -0.17590593  0.06017035 -0.50137948  0.26401199 -0.32577953  0.07330091
  -0.02683432]
 [-0.40557193  0.44330924  0.03129319 -0.11611721 -0.34983069 -0.03741834
  -0.12513388  0.5681665   0.03615372  0.30947971  0.18390245 -0.17670671
  -0.01193323]
 [ 0.38033273 -0.48247599  0.0444424  -0.0400158   0.43213162 -0.49066835
   0.00809226  0.07245178  0.03507313 -0.24497976 -0.34132473  0.00669145
   0.09158102]
 [-0.07422511 -0.36450751  0.12339685 -0.07876232  0.02005459  0.06631199
   0.34746424 -0.2425388   0.01329267  0.18923365  0.76216499 -0.19585637
  -0.02444253]]","['bbo_main', 'random_fill', 'random_fill', 'random_fill']","[[0.1224879  0.18551472 0.35947199 0.2057929  0.30694909 0.41299838
  0.11489375 0.17461546 0.22861336 0.06855956 0.10474595 0.16667613
  0.59606206]
 [0.11772459 0.18002062 0.29057108 0.19723999 0.29522295 0.40051494
  0.14188358 0.22953192 0.31126778 0.06766371 0.10279476 0.13061256
  1.00000025]
 [0.1128989  0.16510422 0.41644942 0.21932905 0.32887554 0.4114868
  0.12837431 0.2055369  0.28745999 0.05681935 0.08762912 0.11996392
  1.00000085]
 [0.10912217 0.16294083 0.5353194  0.21721263 0.33481854 0.44705407
  0.12290557 0.1885813  0.24887943 0.06977119 0.10878767 0.13791863
  1.00000023]]",[-0.27731248  0.02872711 -0.01220758  0.0627532 ],4,0.027970352247622787,0.8699380916121262,0.8979500979358932,0.016317183352526684,0.030188542428362213,31.48572271000012,0.02175162356443988
309,"[[-0.07833691 -0.19479739 -0.0344004  -0.09317427 -0.14984117  0.49800679
  -0.43520807  0.07365792  0.5681618   0.08636264  0.04047657 -0.10163278
  -0.37218794]
 [ 0.20027656  0.50573512  0.09166063  0.61295121 -0.07207961 -0.09780253
  -0.41601745  0.09762927  0.10969514 -0.05911273  0.31175729  0.0988587
  -0.01243578]
 [-0.05385559 -0.17045924  0.06413476 -0.15691347  0.16423573  0.03732835
   0.64164998 -0.22257307 -0.57357835 -0.33872979  0.0206753   0.07306239
  -0.01386705]
 [-0.34863008 -0.43398134  0.07641295  0.30390786  0.21588892 -0.12144462
  -0.38021091  0.35678071 -0.28418599  0.07289414 -0.3646993   0.09372003
   0.17562587]]","['bbo_main', 'random_fill', 'random_fill', 'random_fill']","[[0.1157348  0.17573557 0.23389742 0.2186964  0.33369553 0.44595553
  0.12342311 0.19508425 0.28093007 0.06372253 0.09686715 0.12832454
  0.0198399 ]
 [0.12198458 0.18526546 0.29954078 0.21852123 0.3310013  0.42662432
  0.11886813 0.18607193 0.49873206 0.06567553 0.10193713 0.15085989
  1.00000002]
 [0.11515544 0.17435147 0.3337734  0.22350994 0.34980599 0.46930383
  0.1148306  0.16708564 0.21399647 0.06309061 0.09962958 0.26210051
  1.00000002]
 [0.10510767 0.15867163 0.26932025 0.23005969 0.35099665 0.44952989
  0.12069012 0.1885232  0.2437404  0.060211   0.09112215 0.34504012
  1.0000001 ]]",[ 0.20963183  0.26774022 -0.07489746  0.13740161],4,0.026956357722632163,0.8720411381119254,0.8998412722288597,0.01626976276446852,0.0327692031089305,31.462662600009935,0.021990918277940773
310,"[[-0.66891806  0.02474032  0.15049465  0.28300959 -0.26152149  0.11374506
  -0.19379046 -0.03793256  0.16088176 -0.32131897 -0.42420017  0.11322443
   0.08351082]
 [ 0.28457559 -0.22378863 -0.04786561  0.69312379  0.00094967 -0.06801792
   0.26229096 -0.35128306 -0.35016776 -0.05443495  0.24703189  0.04938532
  -0.01886023]
 [ 0.55906142 -0.14390006  0.05992323 -0.57998909  0.09288616  0.13207947
  -0.14513084 -0.0410504   0.13589828  0.02063567  0.48046236  0.12697068
   0.10992836]
 [-0.28863496 -0.29749192  0.0386544  -0.1119447  -0.03452745 -0.24237186
   0.39523723 -0.39126903  0.04105014  0.18960321  0.37696178 -0.4777484
   0.19220887]]","['bbo_main', 'random_fill', 'random_fill', 'random_fill']","[[0.11012533 0.16699238 0.300511   0.22171338 0.33716954 0.45341548
  0.12346886 0.195961   0.52361261 0.05951586 0.08974102 0.12263335
  1.00000002]
 [0.10928517 0.16321364 0.2229065  0.24469508 0.36394455 0.47112195
  0.11180643 0.16381746 0.21241223 0.06485136 0.10669885 0.19377553
  1.00000067]
 [0.12110969 0.18150973 0.24017622 0.20650369 0.31317307 0.46068107
  0.12187883 0.18982704 0.49884547 0.0682733  0.10803192 0.18079117
  1.00000026]
 [0.11037292 0.16695306 0.39181429 0.20420719 0.30511481 0.39507
  0.1266223  0.19398145 0.32590206 0.06934019 0.1057579  0.13055683
  1.00000051]]",[ 0.09491913  0.03274672  0.25465579 -0.02515323],4,0.03138926276233789,0.8825775824626743,0.9092759348411478,0.016192159009822467,0.030082538089667817,31.823011883010622,0.021537334599074122
311,"[[ 0.19977421  0.09012668  0.05071997  0.22925138 -0.37933133 -0.53632668
  -0.35214828 -0.48021678 -0.00084744  0.11867787  0.27203422  0.14471572
  -0.04065942]
 [-0.20148629 -0.24893311  0.05506475 -0.34514758 -0.14214372  0.0788111
   0.66984288 -0.4576209   0.06478782  0.05863004 -0.2609137  -0.12198187
   0.01279601]
 [ 0.37654497  0.38804753 -0.61718183  0.03192082  0.39028071 -0.04609049
  -0.01233022  0.08118961 -0.00286369 -0.26891574 -0.12104361  0.05162863
   0.27362849]
 [-0.47879833 -0.39352317  0.20393086  0.47549047 -0.04687136 -0.42534939
   0.04813764  0.27948134  0.0839874   0.14072174 -0.03663611  0.22012527
  -0.08951413]]","['bbo_main', 'random_fill', 'random_fill', 'random_fill']","[[0.12275909 0.18634561 0.25037872 0.20301438 0.30275656 0.39642563
  0.11659085 0.17788624 0.24773028 0.06999858 0.11086955 0.36731174
  1.00000006]
 [0.11126217 0.16629487 0.23148786 0.21073277 0.32486495 0.71774098
  0.12685875 0.19345241 0.2725055  0.06186474 0.09226067 0.1201405
  1.00000001]
 [0.11212045 0.16071093 0.20424338 0.23490648 0.36532212 0.47506805
  0.12177364 0.1878363  0.25151081 0.05808456 0.0885035  0.24797461
  1.00000108]
 [0.1103077  0.16563241 0.28056597 0.21440001 0.32478945 0.42021588
  0.12443831 0.19738125 0.26519792 0.0664736  0.1016026  0.15417774
  0.17066216]]",[-0.30262656 -0.12161402  0.37983438 -0.04507448],4,0.030898013322827378,0.8868027263566443,0.9130392353574116,0.01610769815613591,0.027760538748286087,31.445447717007482,0.02159124103886395
312,"[[ 0.58363054 -0.56628817  0.04391537 -0.16477837 -0.10461083  0.0493148
   0.3209152  -0.03047742 -0.35412516 -0.00528273 -0.25760494 -0.02061315
  -0.01020195]
 [-0.00160127  0.62734061 -0.35647161 -0.40881154  0.09035417 -0.0088083
  -0.14776572  0.27496652 -0.02752889  0.20831105  0.17251727 -0.3632505
   0.02636444]
 [ 0.05036804 -0.07624393  0.3455653  -0.33184961  0.08399265 -0.00148021
   0.22889551 -0.15129379  0.35141978 -0.44625316 -0.54595503  0.22174076
  -0.09948295]
 [-0.52601013 -0.25926688 -0.21704468 -0.1829398   0.16156652  0.00561352
   0.02113986 -0.00079521 -0.60895463 -0.22777992 -0.15436605 -0.31949513
  -0.01790078]]","['bbo_main', 'random_fill', 'random_fill', 'random_fill']","[[0.11619268 0.16852636 0.32282034 0.21718218 0.33885004 0.59619809
  0.12114773 0.17860415 0.22727664 0.060458   0.09147178 0.1229673
  1.00000034]
 [0.13658347 0.19879069 0.24703213 0.19813078 0.29974613 0.44416182
  0.12724477 0.20801129 0.28149479 0.06335515 0.09179527 0.1146535
  1.00000242]
 [0.11906608 0.18005499 0.33457074 0.21642067 0.3294655  0.43586944
  0.12360926 0.19489508 0.51932534 0.06006163 0.09061178 0.12271642
  1.00000011]
 [0.10490471 0.15812587 0.21066394 0.23477599 0.3658639  0.54027902
  0.11370457 0.16706788 0.21481185 0.05979046 0.09020216 0.11839573
  0.99999966]]",[-0.13894631  0.02299857  0.09585746 -0.33451755],4,0.03083073683570549,0.8852175518995657,0.9116287430383516,0.016002523843783634,0.026379669976269192,32.027871881000465,0.02140633850502316
313,"[[ 3.07325953e-03 -3.83665759e-01  2.24763757e-01 -4.46517621e-01
   8.72699959e-02  2.51509449e-01 -2.97154392e-01 -2.63387989e-01
   2.17108702e-01  5.66082069e-01 -4.58351096e-02 -4.77004877e-02
  -4.88476798e-02]
 [ 5.97753826e-02  3.79838261e-01 -6.47513006e-02 -1.37431119e-02
   8.80498484e-02 -3.50727194e-01 -1.58428479e-01 -2.59245078e-01
  -4.85398259e-01 -5.14632592e-01  3.11610867e-01 -1.64738191e-01
   2.87110666e-04]
 [-2.00635309e-02  5.93600544e-01 -5.26623184e-01 -8.47340479e-04
   1.56289517e-01 -4.34357858e-02 -1.19035668e-01  4.62989041e-01
   2.95872900e-02 -8.59701101e-03 -3.13857107e-01  8.50971235e-03
   1.24634328e-01]
 [-2.71578922e-01  1.65000094e-01  4.11338172e-02 -5.01172433e-01
  -5.15534310e-02  9.05748488e-03  1.47804173e-02 -2.07140788e-02
  -2.31138541e-01 -2.85693919e-01  5.89158265e-02 -7.09883360e-01
  -1.77547540e-02]]","['bbo_main', 'random_fill', 'random_fill', 'random_fill']","[[0.11206152 0.16825284 0.27790801 0.21780582 0.3380308  0.73162515
  0.12099471 0.18771936 0.26633416 0.06714405 0.10180826 0.13273111
  1.00000001]
 [0.13621714 0.20381779 0.29875958 0.21094555 0.31629135 0.41222609
  0.11231226 0.16451368 0.21399565 0.06500692 0.10286086 0.13655599
  1.00000021]
 [0.11468445 0.16950131 0.21276069 0.22150366 0.33828068 0.44672844
  0.13840926 0.22603995 0.32929396 0.05643546 0.0860846  0.12380055
  1.00000009]
 [0.123071   0.18856489 0.33382557 0.20785561 0.3170242  0.43242573
  0.12398861 0.18904371 0.24343615 0.05684096 0.08496571 0.10722965
  0.5975034 ]]",[ 0.06510159 -0.24134031  0.21565412 -0.26149035],4,0.030585514583456652,0.8836332759211554,0.9102173523888176,0.016102817558273502,0.026986048328034473,31.54950359801296,0.02152103050061671
314,"[[-0.55708728  0.31741084 -0.01973963  0.35927705 -0.07028202 -0.01185723
   0.08941975  0.56783957 -0.2646639  -0.17468147  0.15162977 -0.01314405
  -0.01384526]
 [-0.29537367 -0.27413343 -0.40644975  0.30275287 -0.30140105  0.09162051
   0.23302477  0.51537256 -0.11923137  0.26453243  0.23751477  0.03238376
   0.1412187 ]
 [ 0.38224483 -0.055068   -0.22100483  0.53251925  0.13966035 -0.32194314
   0.00802071  0.1807147   0.06182391  0.38440417  0.40936231  0.0599688
   0.19949804]
 [ 0.11607994  0.26687403  0.03789408 -0.65748285  0.25655765  0.05628974
   0.03191761  0.12596726 -0.40385282 -0.17948825  0.4244128  -0.04501674
   0.13506045]]","['bbo_main', 'random_fill', 'random_fill', 'random_fill']","[[0.10524621 0.16366249 0.22442601 0.22552098 0.33961871 0.46397596
  0.14052506 0.21345953 0.27007991 0.06150114 0.0956945  0.12900062
  0.6082244 ]
 [0.10322697 0.15119219 0.19691365 0.21889439 0.33293789 0.63117325
  0.13050831 0.20705451 0.26907142 0.06836983 0.10381973 0.13840529
  1.0000002 ]
 [0.11051694 0.16194637 0.21281921 0.2186436  0.32885352 0.41459372
  0.12316264 0.19121334 0.28583989 0.08203256 0.12772329 0.21088544
  1.00000022]
 [0.12463411 0.18576583 0.26104286 0.21198251 0.33596132 0.61499729
  0.11555292 0.16801471 0.21518691 0.06784223 0.10657238 0.13838541
  1.00000005]]",[0.09648727 0.16526432 0.36435456 0.15520548],4,0.03435074409133668,0.8894467297910009,0.9153880102312945,0.016067516415643013,0.025876403417813304,31.666827936976915,0.02130686191287029
315,"[[-0.48973777 -0.05667013  0.01452355 -0.41047591  0.14881867  0.0386966
  -0.10819828  0.41512408 -0.50649568 -0.27086401  0.21868259  0.03047432
   0.0436895 ]
 [-0.12944424 -0.18910401  0.04279608  0.24060091  0.51125426 -0.35172852
   0.39307364 -0.09730615  0.05496589  0.40495457  0.13173396 -0.38142874
   0.094038  ]
 [-0.59503887  0.04592587  0.01707192 -0.60183311  0.34121905 -0.08529806
  -0.28348339 -0.11378166 -0.24795259  0.04306281  0.02378529  0.00826732
   0.01845922]
 [-0.24409472 -0.10810767 -0.07140818 -0.12095485  0.49786126 -0.2119723
  -0.17541359 -0.39671861 -0.06763531  0.02679856 -0.13142902 -0.63664648
  -0.01275136]]","['bbo_main', 'random_fill', 'random_fill', 'random_fill']","[[0.10465771 0.15773617 0.22031684 0.22004777 0.34614385 0.59527245
  0.12096969 0.17992831 0.22437476 0.06766853 0.10980453 0.16272691
  1.00000002]
 [0.10445429 0.15873459 0.28293411 0.23314974 0.35139117 0.43854461
  0.12679771 0.19679673 0.37231772 0.06106797 0.08963902 0.11327412
  1.00000069]
 [0.10696921 0.16197092 0.28969091 0.22134377 0.35439793 0.46149071
  0.11200674 0.163887   0.21204206 0.07073261 0.10695883 0.14874204
  1.0000002 ]
 [0.10672951 0.16144267 0.2216275  0.24204542 0.37214149 0.47596284
  0.11192286 0.16936926 0.25865788 0.05702032 0.08438964 0.10775404
  1.00000003]]",[-0.07047972  0.18859414 -0.18061241 -0.1994589 ],4,0.028048068594312164,0.8836332759211554,0.9102173523888176,0.016125357653476825,0.026520787032009108,31.59147781098727,0.021322493870522694
316,"[[ 0.4684447   0.12960775  0.05053414  0.06450106 -0.19345025 -0.09025984
  -0.16198718 -0.28112659  0.03101075 -0.17224227  0.24243845 -0.71736351
   0.04679309]
 [-0.53101242 -0.08640271  0.09826018  0.11783318  0.49304214  0.07899844
  -0.21577525  0.0770227  -0.39187449 -0.25476416  0.40339366  0.05380394
  -0.03325951]
 [-0.16228208  0.22846274 -0.00192069  0.26791487 -0.36910362  0.03799998
   0.45478511 -0.117677   -0.33823436  0.10304122 -0.50259734 -0.33710756
   0.00792586]
 [-0.07699959 -0.32532586 -0.22955703 -0.01952932  0.23721487 -0.19268636
   0.08302968 -0.18186883  0.03772915  0.63647861 -0.2647677  -0.4742562
  -0.01542083]]","['bbo_main', 'random_fill', 'random_fill', 'random_fill']","[[0.13967729 0.20438853 0.34808403 0.21054565 0.31558808 0.41251365
  0.11568229 0.17697623 0.25225719 0.05820896 0.08648057 0.10872002
  1.00000261]
 [0.10540505 0.15859644 0.32291382 0.23584094 0.3641897  0.49050748
  0.11216324 0.16946942 0.223107   0.06440246 0.10167219 0.13548239
  0.73629141]
 [0.12385375 0.19464575 0.26198743 0.21219866 0.31837053 0.51721736
  0.12313962 0.18069979 0.22903165 0.05668629 0.08385012 0.10730483
  1.00000002]
 [0.104622   0.15428486 0.2028928  0.22888766 0.35134891 0.44987537
  0.1242393  0.19203215 0.33219003 0.06079961 0.08857723 0.11172104
  0.72930664]]",[-0.05611952  0.11698337 -0.12441717 -0.17369538],4,0.029727405247718726,0.8899758436698745,0.9158574520687061,0.016196754908304006,0.028221873286143936,31.74107405898394,0.021518552144727338
317,"[[-0.28857545  0.35760512 -0.19045981  0.63041275 -0.29875306  0.09448538
   0.19723053  0.28502309  0.03196867  0.34567755  0.06008125  0.09605169
   0.05897496]
 [-0.48824595  0.12509538  0.12412595  0.00417757  0.24604575  0.11501252
   0.5668602   0.18544263  0.09851321  0.41408888  0.07007594  0.0791311
   0.32971149]
 [ 0.01768964  0.11380975  0.07500917 -0.26173796  0.5570561  -0.36211078
   0.45384882  0.04678236 -0.24271406  0.20443411 -0.39910998  0.05398461
  -0.00957612]
 [ 0.24219112  0.15147754 -0.43906914  0.08376909  0.1589886   0.04817366
   0.06922302 -0.53387978 -0.48907938  0.04786505 -0.39748191  0.01849375
  -0.0368502 ]]","['bbo_main', 'random_fill', 'random_fill', 'random_fill']","[[0.10831459 0.16405168 0.21680714 0.22008048 0.33382831 0.50791116
  0.12603399 0.19972731 0.26660755 0.06729269 0.10248201 0.38602652
  1.00000003]
 [0.10816538 0.16367365 0.53373972 0.22049012 0.33609523 0.46016789
  0.1264102  0.19871351 0.27400784 0.06607894 0.10048025 0.13155049
  1.        ]
 [0.1207468  0.18351918 0.54151619 0.21730334 0.33386811 0.42459111
  0.12414375 0.19031816 0.24593331 0.05973611 0.08982418 0.13653279
  1.00000003]
 [0.11851233 0.17798158 0.22930258 0.22760452 0.35281547 0.48931279
  0.11269404 0.16750359 0.21863639 0.06055114 0.09163374 0.13285844
  0.43306683]]",[ 0.28889525  0.68048073  0.01871012 -0.18186732],4,0.030629709951037642,0.8936826531836963,0.9191405331144936,0.016023703234414696,0.03164493948368685,31.361604087986052,0.021424514987028243
318,"[[ 0.26244017  0.07159715  0.08618848  0.03580894 -0.04649157  0.07615016
   0.39979922  0.02005339 -0.20497505  0.19995171  0.81229389  0.08500988
  -0.00655082]
 [ 0.62167597 -0.08790209 -0.1706318  -0.54118613  0.13103851 -0.00838945
  -0.01157286  0.35329716 -0.14464292 -0.12700848  0.31919355  0.0508905
  -0.00855559]
 [ 0.24105602 -0.42547222 -0.02767551 -0.49599095  0.4709149   0.02940254
   0.05498842 -0.05000494 -0.06400566  0.32637072 -0.41146041  0.07454474
  -0.02171852]
 [-0.58336899  0.23460283 -0.00164635  0.349653    0.04945815 -0.05295048
  -0.12582778 -0.51469836 -0.14754595  0.40053547  0.0876759  -0.07803462
  -0.02025774]]","['bbo_main', 'random_fill', 'random_fill', 'random_fill']","[[0.11926317 0.17985234 0.32134794 0.20685216 0.3120389  0.43615062
  0.1213508  0.18475398 0.23864384 0.08054241 0.13551017 0.18972245
  1.00000004]
 [0.12732621 0.18456359 0.23501254 0.19801266 0.30052577 0.41748975
  0.12623004 0.19333774 0.24830131 0.06812062 0.11634166 0.29552488
  1.00000008]
 [0.10795109 0.16063589 0.21856469 0.22356427 0.35263055 0.47351351
  0.12264709 0.18753767 0.24682427 0.06093649 0.09118711 0.39863672
  1.00000002]
 [0.11214501 0.17375628 0.25215686 0.23059935 0.35170661 0.46257088
  0.11015738 0.16330063 0.21432043 0.07093177 0.10672167 0.13879056
  0.64332656]]",[ 0.23704679  0.01744497 -0.00734315 -0.06717092],4,0.03151500946668165,0.8968642566573578,0.9219502652253094,0.016012858179712878,0.03072279010274867,31.554339121008525,0.021360948578721672
319,"[[ 0.322611   -0.05744836  0.00144886 -0.22730417  0.41253388 -0.00599952
   0.16478904 -0.25772806  0.02335339 -0.64884201 -0.39086798  0.05041636
  -0.0170953 ]
 [-0.18724134 -0.21976761 -0.3219767   0.07336597 -0.7316255   0.02391635
  -0.18305159 -0.31169931 -0.26615976  0.11887786 -0.22864435 -0.05890532
   0.01892275]
 [-0.09553883 -0.09785461 -0.11231945 -0.24520611 -0.18252368 -0.03238912
  -0.25800816 -0.30059839 -0.73923863  0.24626342 -0.03399922 -0.32998419
  -0.00993061]
 [ 0.03912849  0.35526545 -0.22689034 -0.39665786  0.08102648 -0.01841184
  -0.16855214  0.04735268  0.06766578  0.38445156 -0.64996635  0.0821818
   0.21045328]]","['bbo_main', 'random_fill', 'random_fill', 'random_fill']","[[0.12035785 0.18060368 0.23982354 0.22503192 0.35283678 0.46755621
  0.11481624 0.17330176 0.24115156 0.05560556 0.08534868 0.18218581
  0.44473055]
 [0.11283475 0.16781677 0.21786771 0.20526878 0.30688439 0.51589865
  0.11608843 0.17530927 0.22958507 0.07318834 0.11155851 0.14521542
  1.00000009]
 [0.12220362 0.18498025 0.24477983 0.21387547 0.3258662  0.47381388
  0.10914553 0.160121   0.20530945 0.06994039 0.10514007 0.13336076
  1.00000055]
 [0.1217318  0.18339159 0.23661101 0.20758804 0.31416714 0.42305826
  0.12374938 0.19581792 0.27787254 0.06133484 0.09151514 0.42634249
  1.00000001]]",[ 0.03243267 -0.46872085 -0.45289189  0.16836241],4,0.028937145703942586,0.8905050636291235,0.9163267878446192,0.01612543321826855,0.0253603626877017,31.325083636009367,0.021312429676281497
320,"[[ 0.31693548 -0.60834161  0.08157351 -0.41882927 -0.12512721  0.09243872
  -0.21857348  0.3717993  -0.00500602 -0.32623839  0.17265831 -0.00826562
  -0.02921673]
 [ 0.58798626 -0.40060716 -0.07840966 -0.31143225  0.13127319 -0.00714835
  -0.19723855 -0.28343636  0.02361571  0.34174694 -0.22570779 -0.20187599
   0.21231669]
 [ 0.42583219 -0.3804243   0.09266194 -0.16685197  0.07264927 -0.31347855
  -0.13630983 -0.41594084  0.08499244 -0.51950469  0.24119648  0.08318686
  -0.01341548]
 [ 0.05858246 -0.13483154  0.14550892 -0.19765838  0.04739531 -0.18180674
  -0.29243288  0.77098144  0.0337371  -0.08278617  0.390825   -0.19998245
  -0.04678242]]","['bbo_main', 'random_fill', 'random_fill', 'random_fill']","[[0.11109503 0.1641073  0.27711788 0.206754   0.31286469 0.48372851
  0.12643123 0.20392995 0.27159349 0.06679263 0.10234885 0.1332309
  0.3827074 ]
 [0.11928867 0.16776045 0.21609007 0.22152153 0.35101447 0.47094834
  0.11217144 0.17014307 0.32464935 0.0627624  0.09096544 0.11460998
  1.0000006 ]
 [0.12201854 0.18365058 0.47835434 0.20679068 0.31126562 0.40065994
  0.11586877 0.1762193  0.26568989 0.066793   0.10882389 0.15883479
  1.00000008]
 [0.11821336 0.17845662 0.37113236 0.20342757 0.30516773 0.40118531
  0.12534529 0.20403694 0.27593127 0.06677173 0.10194815 0.13063772
  0.46725869]]",[-0.09261987  0.08712847 -0.18623206  0.05447697],4,0.029861290455345274,0.8878600173782325,0.913979055605592,0.016194936919121418,0.029012393962814312,31.785603514988907,0.021371270819716348
321,"[[-0.46240638  0.34367233  0.03759603 -0.39898262  0.46409151  0.04776872
   0.05289576  0.28832049 -0.08426231 -0.09578005  0.21361211 -0.37665356
  -0.01037493]
 [-0.01060391 -0.00550545  0.30340363  0.2008905  -0.49866678  0.22097098
  -0.22248699  0.28791406  0.30273515  0.03553524  0.38320416 -0.43804132
  -0.07692754]
 [ 0.22267414 -0.04979902  0.28947529  0.11312538  0.09232284  0.33710015
  -0.35057674 -0.19353793 -0.26481359 -0.04012447 -0.52273347  0.40523953
  -0.24416477]
 [ 0.24653902  0.17618495  0.26426814  0.09568616 -0.40578665  0.25103272
   0.26151113 -0.27631793  0.07343897  0.424714    0.35083634 -0.37653702
  -0.07824611]]","['bbo_main', 'random_fill', 'random_fill', 'random_fill']","[[0.11369196 0.17586363 0.25427004 0.22317255 0.36106123 0.59697884
  0.12610556 0.19220068 0.24710891 0.05756046 0.08570646 0.10818103
  1.00000004]
 [0.11907526 0.18012861 0.55678093 0.20960743 0.31584317 0.43462524
  0.12379755 0.19665667 0.28615322 0.06461222 0.09855251 0.12670542
  1.00000011]
 [0.11814928 0.17867015 0.24419666 0.22006871 0.33790518 0.45906443
  0.12120424 0.18773804 0.24767788 0.06214302 0.09429725 0.16948483
  0.09274165]
 [0.12071335 0.18284065 0.55701508 0.20884577 0.31514226 0.45683615
  0.12330093 0.19172584 0.25276136 0.06679816 0.10177556 0.12991374
  1.00000005]]",[0.1274045  0.17065971 0.14878014 0.15070265],4,0.03396059369967731,0.8947427330329794,0.9200775650385821,0.015926986960733244,0.025855983881346217,31.510634843987646,0.021428930785090207
322,"[[-0.28981311 -0.1601141   0.04328845  0.30257558  0.22772091  0.04982426
  -0.06307447  0.36590844 -0.40266449 -0.39030723 -0.27504713 -0.46240509
  -0.02813351]
 [-0.65793348  0.23004681 -0.0922485  -0.4857951   0.22002258  0.04336896
  -0.11914689 -0.38018599 -0.20289789 -0.02444448 -0.13620688 -0.00767084
  -0.01705662]
 [ 0.09975098 -0.07216185 -0.11498152  0.40562681 -0.43773108  0.03321118
  -0.4466977  -0.42175723  0.04638549 -0.10303971  0.3466482  -0.32202577
   0.01801946]
 [-0.01243997 -0.00468763 -0.59292198  0.14585701  0.20255973  0.11193075
  -0.12795809 -0.30857045 -0.47000226  0.20426301  0.06553913 -0.43203352
  -0.09094371]]","['bbo_main', 'random_fill', 'random_fill', 'random_fill']","[[0.10658322 0.16087214 0.27509248 0.2367303  0.36513676 0.49051871
  0.12118128 0.18567705 0.23957138 0.056387   0.08394263 0.10778218
  0.68448071]
 [0.10981022 0.16720698 0.22071165 0.22464385 0.35212724 0.54689403
  0.1121763  0.16716578 0.21898837 0.06588579 0.0999812  0.13555848
  0.57621215]
 [0.12012078 0.18171135 0.23480713 0.21568792 0.32147972 0.46895921
  0.11051415 0.16954795 0.42162465 0.06657711 0.10370944 0.12927487
  1.00000001]
 [0.11056642 0.16553938 0.2177361  0.22388205 0.34824687 0.49243115
  0.11867378 0.18107328 0.23606692 0.06480651 0.09904568 0.12782038
  0.21319103]]",[-0.01588282 -0.20952799 -0.16162411 -0.20983145],4,0.028053348466853433,0.9064350430599738,0.9303534909810289,0.015949097454875407,0.028902144739046287,31.605943515023682,0.021207152371675538
323,"[[ 3.01246253e-02  4.17847940e-01  4.49580914e-02  5.13895823e-01
  -4.13338563e-01  4.81924536e-02 -4.72017446e-01 -3.55119021e-01
  -1.16554168e-01  1.27596263e-01  4.29575568e-02 -6.75726498e-02
  -5.20526493e-03]
 [-1.00360080e-03 -1.33537120e-01  8.59445167e-03  2.91172776e-01
  -1.69858550e-01 -4.78821734e-01  3.08645059e-01 -9.55895884e-02
  -5.46405719e-01  4.34033954e-02  3.33156594e-01  3.36991667e-01
  -9.89459170e-02]
 [-1.86300403e-01  2.03578436e-01 -2.26665978e-01  2.07639741e-01
  -3.61867242e-01 -1.93593552e-02 -3.21263660e-01  5.80215675e-01
  -3.41473762e-01  2.49950009e-01 -2.75877038e-01 -5.46388446e-02
   3.42492767e-04]
 [-6.60316774e-02 -2.56032169e-01 -5.11021666e-02  5.03550255e-01
   5.19610723e-01  1.64605604e-02  3.50917828e-01  2.49038630e-01
   9.65284504e-03  3.75357429e-01  2.78255191e-01  4.51386851e-03
  -7.10895814e-03]]","['bbo_main', 'random_fill', 'random_fill', 'random_fill']","[[0.13526995 0.20608102 0.33280837 0.21311686 0.31758562 0.45237739
  0.1093184  0.16641166 0.22035198 0.06641464 0.10164292 0.13040136
  1.00000008]
 [0.11935341 0.18048706 0.24382137 0.20800354 0.31254085 0.40816099
  0.12183428 0.18821282 0.2444336  0.06772016 0.10685242 0.43858676
  1.00000022]
 [0.11744438 0.18020261 0.23227661 0.20487686 0.29912131 0.44086003
  0.12864586 0.20917423 0.2648405  0.06437319 0.09494503 0.12410604
  1.00000029]
 [0.1024228  0.15483324 0.21173009 0.2534755  0.38091285 0.50115544
  0.12292035 0.18874956 0.25403935 0.06530443 0.10026869 0.13295731
  1.00000014]]",[-0.03235675 -0.23664066 -0.13902091  0.41508511],4,0.028347311852049584,0.8989876444914305,0.9238211015748602,0.015958829244743854,0.028609343909384854,31.642686304985546,0.021227793833349773
324,"[[ 0.0662436  -0.25733657 -0.55425197 -0.36735721 -0.55437667  0.04414585
   0.22492905  0.17455633 -0.0813498  -0.05904295 -0.05164628 -0.13194595
  -0.25829605]
 [-0.123468   -0.20423836  0.05221101 -0.39061755 -0.11700425  0.04274794
  -0.06821768  0.61327659  0.09423913 -0.54847796 -0.25789101  0.06392709
   0.10560089]
 [-0.24289547 -0.00298532  0.0129369  -0.122299    0.12115039  0.0420521
   0.78529062 -0.20421802 -0.38679258  0.17609395  0.2583301   0.05730077
  -0.02002276]
 [-0.14356489  0.28978017 -0.00994754 -0.39289383  0.56305966 -0.39204148
  -0.01887466  0.12384706 -0.08643416 -0.3049968   0.30865725 -0.0196018
   0.24161449]]","['bbo_main', 'random_fill', 'random_fill', 'random_fill']","[[0.11534452 0.1748197  0.23235849 0.21388768 0.32457992 0.43994813
  0.12358696 0.19493646 0.26240989 0.06556267 0.10032282 0.13232945
  0.01538268]
 [0.11051152 0.16483113 0.22803831 0.20541052 0.30801788 0.41542935
  0.14477633 0.22654031 0.40864591 0.05883559 0.08920818 0.13426917
  1.00000066]
 [0.10911297 0.16406663 0.22318873 0.22024484 0.34241861 0.47543619
  0.1183219  0.17081471 0.21885803 0.07408356 0.11561456 0.21392106
  0.74290608]
 [0.12153886 0.19710819 0.31092073 0.202092   0.30543147 0.39120496
  0.12352489 0.18893057 0.24519828 0.06623491 0.11675191 0.16262018
  1.00000174]]",[-0.39522989  0.09255342  0.02411223  0.22991895],4,0.02659110243362317,0.9043046554111189,0.9284896529207503,0.0159481367531567,0.03211400781028147,31.818107352999505,0.021204287073310624
325,"[[-0.38614987  0.09898271 -0.42763035 -0.55482176  0.21123626 -0.07467548
  -0.48727741  0.04462325  0.04495493 -0.22520449  0.05302806  0.06863001
  -0.02253998]
 [ 0.17680644  0.00864021 -0.70540852 -0.08340788 -0.037212    0.04587159
  -0.58795598  0.27256833 -0.0431773   0.08695042 -0.12867243  0.12099406
  -0.00336172]
 [ 0.04424357  0.66173874 -0.27310606 -0.19384332 -0.24937531 -0.23100848
   0.52904063 -0.0059059  -0.04211569 -0.20975817  0.03257032  0.07135283
  -0.02420936]
 [ 0.2797598   0.03839248 -0.23307764 -0.03333687  0.50645839 -0.30069323
   0.25522896 -0.18178311  0.07411077  0.61767323 -0.16145082  0.08148997
   0.00094441]]","['bbo_main', 'random_fill', 'random_fill', 'random_fill']","[[0.10676056 0.15711578 0.20450534 0.21683831 0.33245842 0.43961271
  0.12181562 0.19681937 0.27660002 0.06752096 0.10309598 0.20554145
  0.39104349]
 [0.10862795 0.15769769 0.20370884 0.22023991 0.33651347 0.45513875
  0.12122797 0.19588944 0.26247774 0.06677382 0.10202859 0.39981017
  1.00000002]
 [0.12345227 0.1872006  0.24208173 0.19873312 0.29804978 0.39275827
  0.12770012 0.19748799 0.26218132 0.06651717 0.10230863 0.20338088
  0.43875173]
 [0.11273135 0.16684342 0.22000739 0.21921041 0.33889784 0.43421969
  0.12230056 0.18864052 0.27297042 0.06931447 0.10443109 0.41413814
  1.        ]]",[-0.23862174 -0.12466928 -0.09173409  0.09822613],4,0.030463273445297312,0.908567581571959,0.9322151786892434,0.015846952080440815,0.030387189057407893,32.58351820000098,0.021031495643069435
326,"[[ 1.55103888e-01 -1.94821396e-01 -9.89581535e-02  2.59779873e-01
  -8.57623315e-02 -2.04825115e-01 -4.58444479e-04  5.09913913e-01
  -2.56058636e-01 -8.62399772e-02  4.42606991e-01 -5.31299848e-01
  -1.42954192e-02]
 [ 1.33869438e-01  3.23999749e-01  8.96040847e-02 -3.45128640e-01
   1.50605060e-01  1.32254640e-01 -3.79430937e-01  3.16023360e-01
  -1.95494433e-01  4.94832514e-01  3.95883128e-01  1.21973402e-01
   1.06162327e-01]
 [ 3.31550840e-01  1.07347719e-01 -1.99794629e-01 -1.40592685e-01
   4.51969612e-01  9.02812012e-02 -3.53343652e-01 -6.59120679e-01
   6.84476505e-02  1.29996857e-01  1.51292304e-01  5.11857546e-02
  -7.32616912e-03]
 [ 3.81154300e-01  7.47640496e-02 -6.40349705e-02  5.79313032e-01
  -7.04796215e-02 -4.68212944e-01  4.14258979e-01  8.80313481e-02
   1.76716731e-01 -1.14400228e-01 -1.68822356e-01  1.75407073e-01
  -4.78755346e-02]]","['bbo_main', 'random_fill', 'random_fill', 'random_fill']","[[0.11047664 0.1649033  0.25237253 0.21186708 0.31692492 0.41411552
  0.13212058 0.21062571 0.27392509 0.06099352 0.09348183 0.12064905
  0.41318345]
 [0.12073732 0.18229314 0.24768008 0.21521337 0.33047717 0.71136644
  0.11747959 0.18004843 0.23476902 0.07139619 0.10934814 0.16209289
  1.00000002]
 [0.11781444 0.17653458 0.2284898  0.2267183  0.35445263 0.69173882
  0.11005418 0.16688087 0.24520871 0.06573135 0.10111388 0.13671817
  1.00000005]
 [0.1195846  0.18063563 0.24120638 0.20882566 0.31345837 0.4076098
  0.12615051 0.19906929 0.52323628 0.06288576 0.09608689 0.19034203
  1.00000009]]",[-0.09362063  0.33797554  0.09455577  0.07601837],4,0.027851961715937137,0.9064350430599738,0.9303534909810289,0.01585227735117759,0.028112323569615127,31.355996204016265,0.021065590991168642
327,"[[-0.41581765  0.22865102 -0.04428382 -0.42073636 -0.2232901   0.07013873
   0.28987073 -0.61521755  0.02154265  0.02215119  0.27221418  0.05325254
  -0.02544605]
 [ 0.04383536  0.20134051  0.3880051  -0.12712818 -0.08481144  0.4740437
   0.1956805  -0.26645756  0.36469523  0.21303761 -0.1980504   0.46758477
  -0.11568458]
 [ 0.19308571  0.11361127  0.26164053 -0.44777444 -0.08999887  0.34015624
   0.06906107  0.31901503  0.47919064  0.05777814 -0.44099488 -0.04473345
  -0.1451449 ]
 [ 0.06940995 -0.43893202  0.22323823  0.10834792  0.4316358   0.22216914
   0.183632   -0.37379333  0.00745093 -0.16467761 -0.51959729  0.17874987
  -0.05223512]]","['bbo_main', 'random_fill', 'random_fill', 'random_fill']","[[0.12096091 0.18323692 0.24174672 0.20246081 0.30435814 0.50432235
  0.11607645 0.17437099 0.23706957 0.07079771 0.11449116 0.16306222
  0.58892573]
 [0.11791911 0.17870836 0.24301937 0.21719952 0.33145197 0.736532
  0.12209084 0.19143891 0.26194146 0.06458333 0.09844652 0.17829368
  1.00000036]
 [0.11877767 0.1795749  0.23966278 0.21645303 0.32990407 0.453779
  0.12382062 0.19615817 0.58797569 0.06058299 0.09101914 0.12200635
  1.0000002 ]
 [0.10966901 0.16505503 0.49160483 0.22574685 0.35236724 0.51067641
  0.12102889 0.18549704 0.24477406 0.05924238 0.08945457 0.1240705
  1.00000007]]",[-0.17896591  0.45922162  0.29942387  0.20333646],4,0.031109901311003413,0.9155141235668863,0.9382498759505629,0.01569390489415202,0.02576342415931271,31.511428641999373,0.02083200768667781
328,"[[-0.39340052 -0.01993142 -0.41768318 -0.06516632 -0.12405401 -0.63386683
   0.28670866  0.31558502 -0.2510685   0.02194888  0.00456147 -0.05545754
  -0.02338948]
 [ 0.38702105 -0.29309762  0.03213719  0.26173473 -0.160771    0.0318289
  -0.01277403  0.28644732 -0.25824981 -0.37126709  0.16664543 -0.59334572
   0.03650942]
 [ 0.14035895  0.23263408 -0.0607875  -0.41604893  0.27622287  0.07673787
   0.06242604  0.56505865 -0.03510573 -0.19495457  0.54994936 -0.04014643
   0.02677917]
 [ 0.24139293  0.28375034  0.00247859 -0.28574929 -0.29103179 -0.38760314
  -0.57243149  0.01919689 -0.41096211 -0.01157473 -0.18899647 -0.04746721
  -0.0978659 ]]","['bbo_main', 'random_fill', 'random_fill', 'random_fill']","[[0.11008154 0.16488617 0.21991055 0.20161828 0.29671325 0.38281128
  0.14297658 0.21969141 0.28209198 0.06822509 0.10428528 0.18568932
  1.00000054]
 [0.11757842 0.17505289 0.38034962 0.22459401 0.34152867 0.51377348
  0.1231144  0.19135762 0.24508709 0.05345092 0.08103053 0.10288625
  1.0000002 ]
 [0.11906807 0.17813545 0.23092427 0.21281146 0.3282209  0.71651848
  0.12625779 0.20357311 0.27082152 0.0664972  0.10288039 0.13409653
  1.00000153]
 [0.1219918  0.18492115 0.25924116 0.2067789  0.31056901 0.41003873
  0.12197161 0.19098964 0.25159889 0.06694424 0.10227169 0.13934016
  0.12042417]]",[-0.42325873 -0.01428127  0.2796375  -0.43389768],4,0.02792133366881655,0.9144437809006034,0.9373231044418538,0.015798720292014873,0.026439429871160047,34.651937422022456,0.020870955262037527
329,"[[ 0.33864996 -0.53662363  0.16810413  0.3744104   0.25639115  0.18272852
   0.22200465  0.34431138  0.17574736  0.30840444 -0.06540572  0.15579891
   0.08599405]
 [-0.2403291   0.23514822 -0.39089645  0.20621465 -0.17527027  0.21987032
   0.22802682  0.25846584  0.08799588  0.65385317 -0.10684824  0.20713534
  -0.06457895]
 [ 0.2248974  -0.1232345   0.05282872  0.31222439 -0.2353457   0.03739196
  -0.08914162  0.48460401  0.02497271  0.29587645 -0.6467128   0.0361762
   0.16332103]
 [-0.27562631 -0.03741495  0.09936394 -0.31697685 -0.09835753  0.01458475
   0.4363563   0.08171769  0.08436378 -0.15045247 -0.51356715 -0.55763133
  -0.02922528]]","['bbo_main', 'random_fill', 'random_fill', 'random_fill']","[[0.10751273 0.16075057 0.26979854 0.22330726 0.34003804 0.71173056
  0.12483767 0.1985402  0.28168635 0.06435427 0.09867363 0.13342695
  1.00000002]
 [0.10942497 0.16328985 0.21581922 0.217404   0.33222725 0.73721073
  0.12481122 0.19791407 0.26547516 0.06713775 0.1022039  0.17149552
  1.00000024]
 [0.118495   0.17857061 0.33331518 0.20887677 0.31261522 0.43123198
  0.13952578 0.22650164 0.2999959  0.05754394 0.0846886  0.1235732
  1.00000061]
 [0.11712532 0.17831649 0.47151136 0.21023928 0.31628942 0.42331776
  0.13094523 0.20652993 0.28783593 0.05650382 0.08397532 0.10757539
  1.00000003]]",[ 0.56210062  0.18332622  0.26488615 -0.12622168],4,0.02755627762434354,0.9069679732017701,0.9308191173448823,0.015813779418225978,0.029118658915498447,31.467270539025776,0.021320282847690608
330,"[[-1.38807702e-01 -2.47564957e-01 -5.85071496e-02 -4.80652948e-01
   2.56216455e-02 -3.10550033e-01 -2.04377730e-01 -2.78381524e-01
  -7.83596016e-02  3.07234836e-02 -8.58783688e-02 -6.73747424e-01
   1.53135580e-02]
 [-3.47088448e-01 -2.25541905e-01 -2.70966363e-01  1.88351023e-01
  -3.26553799e-01 -1.67710204e-01  3.21267865e-01 -1.35850124e-01
   2.78344970e-02  6.78594520e-01  4.37964141e-02 -4.70552621e-04
  -1.20647440e-02]
 [-4.15858212e-01  4.86471228e-01 -6.49813547e-02  4.65055041e-01
  -1.82707189e-01 -1.15419033e-01  5.66736398e-02 -1.18104401e-01
   1.29168990e-02 -7.24218746e-02 -5.92254055e-02 -5.44611815e-01
   2.28790567e-02]
 [ 4.53527064e-01  5.03342898e-02  1.35989389e-02  5.27191107e-01
   5.54669984e-01  7.45798737e-02  1.89449914e-01  3.71367338e-01
  -1.19530192e-01 -5.90912209e-02 -9.21821642e-02 -9.67244324e-03
  -1.63707336e-02]]","['bbo_main', 'random_fill', 'random_fill', 'random_fill']","[[0.12446574 0.18804381 0.28678554 0.20413581 0.30671942 0.401587
  0.11839592 0.17963685 0.24671757 0.06094181 0.08905002 0.11138793
  1.00000026]
 [0.10588954 0.15747893 0.20835798 0.20592868 0.30742696 0.40377681
  0.12651341 0.19771045 0.30950013 0.08527838 0.12659258 0.16364594
  1.00000051]
 [0.1199194  0.20323416 0.27345957 0.21872006 0.32575063 0.42014063
  0.12240733 0.18784573 0.28938148 0.05584601 0.08324659 0.10551573
  1.00000004]
 [0.11552929 0.17493945 0.2323629  0.25265023 0.38118504 0.52706656
  0.12092913 0.18532747 0.2398816  0.05812327 0.08819747 0.1194359
  1.0000003 ]]",[-0.4546282  -0.18437872 -0.03013508  0.48226712],4,0.028928125746045974,0.9192653333257419,0.9414885672573947,0.015731725417747772,0.026448097832801554,32.01574508100748,0.020699360134856362
331,"[[ 0.64659081 -0.06760822 -0.09346983  0.19930166  0.57088534 -0.17928963
  -0.01469857 -0.08504174  0.02793491 -0.28571539  0.2832567   0.0234918
  -0.01374176]
 [ 0.34642097 -0.31506454  0.05827523 -0.4087109   0.56855587 -0.11829776
   0.1144907   0.082463    0.04784046 -0.06692985 -0.46094984  0.05242231
   0.17645592]
 [-0.38857422  0.28039157 -0.29822894  0.58767969  0.13449169 -0.13847498
  -0.24539441  0.07593725 -0.02499895 -0.23355667  0.39981833  0.1271462
  -0.04049672]
 [-0.16114261  0.40725344 -0.08518106 -0.07326487  0.14755715 -0.32116839
  -0.15781101 -0.41220032  0.05245321 -0.46491735 -0.0051181  -0.50682761
  -0.00430952]]","['bbo_main', 'random_fill', 'random_fill', 'random_fill']","[[0.11894371 0.17767042 0.23089232 0.2503918  0.37486922 0.4730406
  0.11245053 0.17034347 0.26298534 0.06237084 0.10070409 0.13720781
  1.00000043]
 [0.11238516 0.16547457 0.47047328 0.22127259 0.34908004 0.45324078
  0.12615249 0.19352464 0.27068683 0.05686605 0.08660103 0.13592289
  1.00000015]
 [0.10688873 0.16091571 0.21418863 0.22674478 0.34279666 0.44130538
  0.1203701  0.18917314 0.25514843 0.0647458  0.10442236 0.20787825
  0.3205113 ]
 [0.12416317 0.19268703 0.25223964 0.21841655 0.33052598 0.42028048
  0.1150458  0.17372755 0.36729195 0.05649628 0.08460319 0.10702779
  1.00000005]]",[ 0.21380764  0.25184022  0.07648293 -0.22098684],4,0.0315239495997269,0.9139088406457606,0.9368594876737281,0.015695714728807608,0.026907150869073027,31.649914990004618,0.02100464766448404
332,"[[ 0.46430213  0.33381785 -0.60737343  0.45681529 -0.14157317  0.07288401
   0.08376349 -0.14918264  0.03441011 -0.15175943  0.091603    0.08750126
  -0.02273992]
 [-0.05495902  0.33558562 -0.09164961  0.07016564  0.22461903  0.03290284
  -0.39366412 -0.45241769  0.00312343 -0.3232561   0.22455674 -0.55212555
  -0.00876334]
 [-0.06969403  0.33484773  0.03164529 -0.05852286  0.672921   -0.05791008
   0.08759363  0.09286031  0.04461402  0.03093088  0.44687633  0.04183801
   0.44913857]
 [-0.52415756 -0.02522975  0.00306287  0.62249495 -0.26697581 -0.34508389
   0.22566671  0.01009924  0.06368925  0.24460228 -0.0927748   0.0288614
   0.1496656 ]]","['bbo_main', 'random_fill', 'random_fill', 'random_fill']","[[0.11607633 0.1681198  0.21358492 0.2238709  0.34121477 0.47991137
  0.12081957 0.18763718 0.25166545 0.06371608 0.10087491 0.38389322
  1.00000039]
 [0.11995061 0.18115621 0.23452741 0.23690996 0.36561777 0.5546086
  0.10887463 0.16567089 0.23147107 0.05637847 0.08470092 0.1066367
  1.00000096]
 [0.1153462  0.1748804  0.23359755 0.23812834 0.3723886  0.47637942
  0.11990096 0.18353441 0.27481656 0.0680998  0.10859483 0.14651725
  1.00000011]
 [0.1073873  0.16349525 0.22467531 0.20913531 0.30322024 0.38573765
  0.13199132 0.20962972 0.39086959 0.0685862  0.1041108  0.1507753
  1.00000002]]",[ 0.07043877 -0.03423166  0.81268636  0.0743287 ],4,0.03400373947048228,0.9155141235668863,0.9382498759505629,0.015706696654250254,0.029173801793936985,31.7597435679927,0.02084822883865739
333,"[[ 2.83432866e-01  4.26654652e-01 -3.20089051e-03 -2.07157530e-01
   1.60569021e-01  8.69379993e-02 -3.21324083e-01  1.51054073e-01
   8.11189872e-02 -2.92529569e-01  6.28395836e-01 -2.19596284e-01
  -6.50476903e-03]
 [ 4.19660532e-01 -3.15915456e-01  5.16460485e-03 -1.69480009e-01
  -1.21577107e-01  9.88194121e-03 -3.36488530e-01 -1.46691269e-01
   3.18665692e-02 -5.44317325e-01  3.46127661e-01 -3.58618357e-01
  -1.58061062e-03]
 [-8.08818586e-02  4.24745761e-01 -3.29312564e-01 -1.77047019e-01
  -9.66158387e-02  4.11707069e-02  5.68893368e-01 -3.50900573e-01
  -6.07611674e-02  3.29572444e-01 -3.12689409e-01 -6.88286189e-02
   2.51846688e-02]
 [ 7.53983051e-01 -3.36448170e-01 -8.45308250e-02  1.42287908e-01
   6.46094192e-03 -1.83123233e-02 -1.92939762e-01 -3.44429662e-02
  -1.78216713e-02 -2.93237417e-01  3.49159521e-01  1.37464971e-04
   2.09555572e-01]]","['bbo_main', 'random_fill', 'random_fill', 'random_fill']","[[0.12252937 0.18477757 0.24413178 0.216484   0.3301995  0.73981938
  0.12089359 0.19028066 0.2724031  0.0654418  0.10185643 0.12949005
  1.00000004]
 [0.12539602 0.18577869 0.24806731 0.21150873 0.32021466 0.43847441
  0.11480654 0.17842796 0.43467484 0.05703094 0.08826392 0.11296387
  1.00000016]
 [0.12254283 0.18513696 0.23561625 0.20469783 0.3133356  0.68428741
  0.12523041 0.18978092 0.24448149 0.06311446 0.09357136 0.12204389
  1.        ]
 [0.12734827 0.17518445 0.22277307 0.222626   0.33957171 0.44849618
  0.11255502 0.17099061 0.23285792 0.06556471 0.11856977 0.17731235
  1.00000147]]",[ 0.20719145 -0.16876691 -0.04908836  0.24390301],4,0.0303470176361941,0.9123049271333655,0.9354677303650744,0.015733936185035793,0.031062277230428786,31.677954615995986,0.020959259442124623
334,"[[-0.19154643  0.20956877  0.03613313 -0.03986262  0.18780361 -0.40653785
   0.62543363 -0.28301024  0.03272975 -0.47978617 -0.11362861  0.02118683
  -0.00804215]
 [-0.07474953  0.07416112  0.07206926 -0.20582611  0.22522706  0.04223271
  -0.21561673 -0.49578683  0.03965193 -0.17336622  0.74970789  0.04961545
  -0.01991358]
 [-0.27828468 -0.67966508  0.19706823  0.15573049  0.15973304 -0.22518078
   0.15300123 -0.1704558  -0.2423605  -0.20228103  0.16431636 -0.36116399
  -0.10836989]
 [ 0.14854105  0.36078128 -0.08774292 -0.72611964 -0.03365361 -0.02565086
  -0.28599667  0.04328765  0.01628043 -0.34715691  0.30964331  0.07670627
   0.06942349]]","['bbo_main', 'random_fill', 'random_fill', 'random_fill']","[[0.12224541 0.18978665 0.32333953 0.20536617 0.30268068 0.38603988
  0.14168827 0.20939932 0.29006491 0.05726495 0.08917953 0.12180377
  1.00000003]
 [0.11574747 0.17560348 0.36477658 0.22031706 0.33709273 0.44407999
  0.11113743 0.16801494 0.22988295 0.07333819 0.12883789 0.17645724
  1.00000022]
 [0.11089736 0.16655478 0.29646882 0.22078226 0.33633328 0.44348546
  0.1226129  0.19222753 0.25506131 0.06223404 0.09439846 0.12351132
  0.13355024]
 [0.1239708  0.18663799 0.24387986 0.1985901  0.29860828 0.40584
  0.12211686 0.18949411 0.26063684 0.06710954 0.11000514 0.3848705
  1.00000005]]",[-0.08446237  0.05456063 -0.22937763 -0.01307674],4,0.028338028986924196,0.917656699052688,0.9401015293565783,0.015633461093953898,0.02857876821294321,31.48595215199748,0.020816163929603025
335,"[[-0.08779707  0.16230974  0.01680343  0.00655729  0.08636049 -0.14666683
  -0.67723465  0.50659577 -0.16274912 -0.43957353 -0.03589896 -0.01443416
  -0.01254141]
 [-0.34445388 -0.01681332  0.04495721  0.12695278  0.26451296 -0.15820727
  -0.49710153  0.46535442 -0.31062962 -0.37619585  0.20056745 -0.16125099
  -0.00510902]
 [ 0.16696837  0.35710699  0.02220433 -0.3136432   0.73568146  0.02707783
  -0.38198199  0.07277399 -0.15606336  0.08282096 -0.10771807 -0.06941359
   0.0701986 ]
 [ 0.19845953  0.22360328  0.25705967 -0.29346085  0.44559372 -0.34084776
   0.27563704  0.31362795  0.30981155 -0.0553814  -0.2962063   0.27144766
  -0.09420676]]","['bbo_main', 'random_fill', 'random_fill', 'random_fill']","[[0.12118597 0.18369146 0.30201015 0.21624281 0.32550994 0.41927514
  0.12060765 0.19726692 0.25957621 0.05625802 0.08757226 0.11981605
  0.35306703]
 [0.10541915 0.1601554  0.44600485 0.23411504 0.35538589 0.45227127
  0.11832527 0.18562808 0.23997866 0.05853028 0.08983326 0.11762621
  1.00000002]
 [0.1219994  0.18221049 0.2470026  0.22943084 0.37525669 0.50850106
  0.11156614 0.16887648 0.22321471 0.05944355 0.08951058 0.11832705
  1.00000021]
 [0.11953056 0.1807404  0.29935719 0.21212447 0.32124889 0.41655192
  0.12499138 0.19762426 0.53019726 0.06251934 0.09470918 0.14349448
  1.00000048]]",[-0.06573622 -0.04183941  0.30090658  0.25392681],4,0.03185086919776414,0.9123049271333655,0.9354677303650744,0.01576733608273108,0.02634789316189912,32.88609400700079,0.02081325360821129
336,"[[-0.45927384 -0.31337036  0.04334138  0.07344939  0.23446939 -0.27747496
  -0.49197388 -0.10485396 -0.0822629  -0.41584959  0.34303987  0.02878999
  -0.01972527]
 [-0.13828198 -0.14182592 -0.44211947  0.24068885 -0.09020329 -0.1203004
  -0.47765815  0.21927956  0.09712983  0.53963986  0.32500869  0.02653257
  -0.03915475]
 [ 0.46807731 -0.22028632 -0.24809793  0.24478439 -0.27022419  0.0311734
  -0.46201507 -0.11815373 -0.2946034   0.26313011 -0.01451294 -0.39120161
  -0.01471443]
 [-0.57405442 -0.10157742  0.1406708  -0.22841516  0.58575398 -0.1588086
  -0.37560122  0.03708435  0.06126054  0.2323585  -0.12055722 -0.05469858
  -0.04618514]]","['bbo_main', 'random_fill', 'random_fill', 'random_fill']","[[0.1049223  0.15848087 0.29068303 0.22747423 0.34449651 0.43852469
  0.11276329 0.17086433 0.22895746 0.06627273 0.11666816 0.16316769
  0.70350772]
 [0.10677016 0.1591098  0.21075392 0.21749595 0.33119716 0.4363036
  0.12153428 0.19580302 0.32029059 0.07181592 0.10767299 0.1439845
  0.32054464]
 [0.116242   0.16955537 0.21901578 0.22790603 0.34973088 0.54085763
  0.11048035 0.16801514 0.22159822 0.06202569 0.09072318 0.11453691
  0.80127217]
 [0.10752076 0.16223011 0.34978668 0.22357776 0.34363635 0.44112027
  0.12086588 0.18967987 0.25773841 0.06383251 0.09685903 0.12880462
  0.37040336]]",[-0.1983946  -0.07951006 -0.2369073   0.00759559],4,0.028173694881093697,0.9246386086735486,0.9461008693636581,0.015651457250338025,0.026994363359225976,31.221700549998786,0.020628849285144496
337,"[[ 0.68520638  0.26869777 -0.35544415  0.12275839  0.32157288 -0.10423484
   0.02262303  0.37138055 -0.0073959   0.24910856  0.04226236  0.01513147
  -0.00702791]
 [ 0.37035431  0.099952    0.16814224  0.69524446  0.0847976  -0.49031175
  -0.09452122 -0.16082547  0.12100567 -0.01485754 -0.09832368  0.17665581
  -0.05547376]
 [ 0.35075821  0.19708783  0.00183516  0.45878234 -0.04988589  0.01766793
  -0.53796435  0.01619411  0.04990061 -0.39094871 -0.37454935 -0.15329715
   0.12670285]
 [ 0.04915201  0.3225538  -0.50787198 -0.07949485  0.34979223 -0.36376764
   0.21947241  0.10831289 -0.15932611  0.28594749 -0.43291451 -0.12224449
   0.07210383]]","['bbo_main', 'random_fill', 'random_fill', 'random_fill']","[[0.13654045 0.19084548 0.23456615 0.22048293 0.33686316 0.43579276
  0.12595024 0.20415753 0.27609643 0.064452   0.09927954 0.17393382
  1.00000279]
 [0.12151247 0.18410155 0.33310873 0.21212825 0.31841294 0.4122062
  0.12119839 0.19033479 0.26941859 0.06445396 0.09929048 0.17256856
  0.36306319]
 [0.13477314 0.19749619 0.2575722  0.23014973 0.34643298 0.46347949
  0.11200071 0.17573447 0.30031552 0.05429676 0.08166    0.10718956
  1.00000006]
 [0.11033148 0.1596846  0.20742134 0.21577383 0.32789749 0.42582477
  0.14716729 0.22174527 0.29033519 0.05751221 0.08455397 0.14463966
  1.00000097]]",[ 0.24391318  0.08194493  0.19920226 -0.0614494 ],4,0.030764051718337515,0.921412533387405,0.9433355974894767,0.01572515263172845,0.026365276877909363,32.37610980399768,0.02073699536909529
338,"[[-0.361469   -0.07763261 -0.51107658 -0.01110941  0.44907828  0.05398598
   0.0188667   0.11368102 -0.1294693   0.58571424  0.15167382 -0.02580661
  -0.02512261]
 [-0.24563224  0.31024897 -0.02645058  0.72531281 -0.29508456 -0.16761878
   0.29050049  0.14589032  0.05087981 -0.26295036 -0.14539961 -0.05189826
   0.01484859]
 [ 0.09366029 -0.01026304  0.35786175  0.14657741 -0.3422541   0.22127751
  -0.31198671 -0.57984472  0.16268578 -0.21634636 -0.07031298  0.38552927
  -0.12274403]
 [ 0.21759435  0.65913729  0.08735404  0.20698524 -0.03771809  0.07629901
  -0.11108195  0.53194867 -0.28099412  0.07724495  0.20680083 -0.14728641
   0.12561841]]","['bbo_main', 'random_fill', 'random_fill', 'random_fill']","[[0.10052997 0.14795846 0.19221292 0.2309461  0.35970742 0.53187054
  0.12089101 0.18522032 0.23967824 0.07592038 0.11231173 0.1441838
  0.99357119]
 [0.11858965 0.18125547 0.24227393 0.21061935 0.30472309 0.39234043
  0.14298694 0.22008856 0.36106427 0.05713614 0.08806705 0.1182398
  1.00000002]
 [0.11945257 0.18093924 0.31615407 0.21670519 0.3292112  0.44046613
  0.11761249 0.18174647 0.24485087 0.06584357 0.10170734 0.1657828
  0.23674019]
 [0.13490223 0.20451564 0.428379   0.21641831 0.32911126 0.45478476
  0.12218908 0.18892331 0.24282601 0.06116061 0.09243716 0.12044966
  1.00000005]]",[0.06675056 0.09067952 0.05024068 0.41907013],4,0.030200003551786994,0.9230247602965744,0.9447190438887395,0.01557851209525795,0.02804096321583284,31.599336205981672,0.020716527071313995
339,"[[-0.48301332 -0.16329512  0.03582971  0.46230862 -0.21577388 -0.03656979
  -0.21669669 -0.12127605 -0.08996696 -0.57009825  0.28172963 -0.04028691
   0.0368521 ]
 [-0.30964991  0.15486834 -0.05487709  0.65106898 -0.22457748 -0.11882957
  -0.16672994 -0.25549025  0.06023331  0.25152063 -0.47306393  0.07005291
  -0.00363312]
 [-0.22340854 -0.34176362  0.07935882  0.4806775   0.00680775  0.09989879
  -0.16670974  0.27377597 -0.38348666 -0.51980024 -0.23352709  0.10640544
  -0.00739691]
 [-0.03770458  0.21101813  0.00711252 -0.28366722 -0.65033364 -0.00767251
  -0.37616222 -0.23911404 -0.03647771  0.49466218 -0.03279477 -0.06781355
  -0.01305041]]","['bbo_main', 'random_fill', 'random_fill', 'random_fill']","[[0.10176496 0.1559226  0.33218994 0.23664861 0.35371241 0.46007793
  0.11240794 0.1709216  0.22572017 0.0627765  0.11136687 0.15285274
  1.00000032]
 [0.11427972 0.17672688 0.23753065 0.22803443 0.34321555 0.43863266
  0.11345986 0.17595224 0.26007098 0.06016682 0.09042327 0.37958649
  1.00000001]
 [0.1064167  0.15989961 0.2323086  0.23038988 0.35351924 0.51837689
  0.12011126 0.18570344 0.23972989 0.0588622  0.08967404 0.33880167
  1.00000004]
 [0.12555144 0.1949547  0.30595477 0.19703896 0.2949604  0.40956654
  0.11521947 0.17430646 0.23434122 0.07891816 0.11576228 0.14501043
  0.9999999 ]]",[-0.08556888 -0.05467824  0.02094834 -0.29348856],4,0.02747340255785341,0.9294904305432127,0.950236072721109,0.015664316150356798,0.027603742184517388,31.876697929023067,0.02057807033200114
340,"[[ 0.19311024 -0.35923138  0.04161128 -0.47634562 -0.07282395 -0.01962141
   0.05857184 -0.48242155  0.07383034  0.40918665  0.43420541  0.03707799
  -0.0195273 ]
 [ 0.83974685 -0.04840185 -0.03671691  0.05270709 -0.06199408  0.09676504
   0.33690526 -0.04909632  0.01242771  0.13171397 -0.3751226   0.01193035
  -0.02952402]
 [-0.33592098 -0.01936558  0.07672452  0.37476147  0.56322007 -0.29116597
  -0.11161999 -0.21703486 -0.01012105 -0.31451226 -0.42389387  0.01347256
  -0.00192943]
 [-0.41244701  0.07086836 -0.26478215  0.18946258 -0.37837258  0.09163453
  -0.64281895  0.0853147   0.12056461  0.05618314  0.33058694  0.1330524
   0.04603208]]","['bbo_main', 'random_fill', 'random_fill', 'random_fill']","[[0.11763451 0.17560516 0.23817338 0.20132133 0.30333711 0.40929053
  0.1157081  0.17411207 0.29934236 0.08540934 0.13392829 0.17697511
  1.00000005]
 [0.12324651 0.18459647 0.24306424 0.21718428 0.33168963 0.75856017
  0.12387664 0.19284353 0.25673513 0.05902307 0.08918837 0.12044981
  1.0000003 ]
 [0.10751694 0.16335717 0.33185852 0.24875364 0.37180364 0.46768745
  0.11337543 0.1728376  0.23471517 0.05722811 0.087094   0.11968613
  1.00000002]
 [0.1090225  0.16335843 0.21607365 0.21534408 0.32593105 0.4518119
  0.12067663 0.19246331 0.2813346  0.06854081 0.10631976 0.42039471
  1.00000001]]",[-0.13145765  0.13161094  0.04486005 -0.01799257],4,0.028505024926705758,0.9311113297008127,0.9516108500211323,0.01562019889532971,0.027480980139851702,31.544183832011186,0.02041557299289018
341,"[[ 4.41592616e-01 -1.39854166e-01  6.01401515e-02  3.29592580e-02
   1.67114776e-01  2.71391862e-02 -5.88708219e-01 -4.16690978e-01
  -2.00556211e-02  4.23915285e-01 -7.43703568e-02  5.51131292e-02
   2.07812890e-01]
 [-3.30236941e-01  6.33047911e-01 -5.21231958e-01  2.30080698e-01
  -5.93312476e-02 -1.06734039e-01 -1.79003821e-01 -2.50087629e-01
   4.48644753e-02 -1.03659881e-01 -2.03370630e-01  4.05942234e-02
  -1.76006960e-02]
 [-3.48564964e-01  3.07932665e-02 -1.28317117e-01  9.44211964e-02
  -3.60550755e-01  1.73269054e-02 -7.54832785e-01  9.54713308e-02
   4.32909770e-02  1.03318942e-01 -3.20261077e-01 -9.23496043e-02
   1.39085222e-01]
 [ 1.26747849e-01  1.20622079e-01  7.41339187e-04  3.06069372e-01
  -3.07295521e-02 -8.04473329e-02  1.10394009e-01  5.05514299e-01
  -5.22424970e-01 -5.02153244e-01  2.39113399e-01 -1.34170865e-01
   1.72016230e-02]]","['bbo_main', 'random_fill', 'random_fill', 'random_fill']","[[0.12026989 0.18029816 0.44444942 0.22386845 0.34871879 0.46322809
  0.10846305 0.16504518 0.22414661 0.06966325 0.1050459  0.15412235
  1.00000004]
 [0.11594493 0.17751638 0.22750833 0.2250329  0.34069326 0.43875056
  0.11387681 0.17609509 0.28022767 0.0599928  0.09121216 0.16515394
  0.38849638]
 [0.11013445 0.1659336  0.21930084 0.21368923 0.32006057 0.44047629
  0.12016465 0.19823288 0.50340985 0.06166876 0.09199856 0.12021793
  1.00000007]
 [0.1337005  0.19882538 0.32736399 0.22324234 0.33673705 0.43551563
  0.12258886 0.18344511 0.22773068 0.0555201  0.08895964 0.11797479
  1.00000032]]",[ 0.23375508 -0.13651874 -0.09410303  0.04617516],4,0.02906696495774569,0.932192992544572,0.9525263052467499,0.015582195299844564,0.02823575653070523,31.692918385990197,0.02053052056521687
342,"[[ 0.13536414 -0.45380311 -0.3302336   0.17357617  0.04044535 -0.46322387
   0.14035289  0.51259555 -0.05848974 -0.20235936 -0.23063307 -0.19824055
  -0.03208999]
 [ 0.37638894 -0.24037882 -0.03430784 -0.33121566  0.02407319  0.08293762
  -0.38651827  0.21718608 -0.08929713  0.56916592 -0.35819656  0.08374895
   0.135653  ]
 [ 0.08711619  0.24960325 -0.13961121  0.01663169  0.37772875 -0.35940468
  -0.31420291 -0.05113369 -0.11690973  0.33743605  0.52150097 -0.37101328
  -0.00267383]
 [ 0.24943789  0.21659552 -0.54389152 -0.19411205  0.11558831  0.25093722
   0.07771608 -0.4031305   0.2348944  -0.47554593  0.06323808  0.15036892
  -0.06750067]]","['bbo_main', 'random_fill', 'random_fill', 'random_fill']","[[0.10915491 0.16230071 0.21677402 0.21187724 0.3184324  0.41368229
  0.13735984 0.21733056 0.30949421 0.05966357 0.09056054 0.12287608
  0.53917884]
 [0.1146274  0.16908611 0.22656665 0.21177947 0.32796364 0.50217411
  0.121641   0.19027088 0.24619632 0.06769463 0.10220997 0.39854695
  1.00000243]
 [0.12160367 0.18475464 0.2470584  0.21909033 0.33253554 0.42787098
  0.10909948 0.16625588 0.24897937 0.08443947 0.12346256 0.15245087
  1.0000002 ]
 [0.11117943 0.16539431 0.21746711 0.22074638 0.34312092 0.76384854
  0.12150401 0.18756813 0.27078247 0.06289281 0.09660664 0.13317351
  1.        ]]",[-0.23447625  0.11739886 -0.040555    0.05992573],4,0.029396859081690763,0.9273321050981531,0.9484001640078162,0.015644055157728397,0.02603269301609973,32.00916993099963,0.02065507851489351
343,"[[-0.33306507  0.29593675  0.03251233  0.12517211  0.00262259 -0.01532111
  -0.22526606  0.38860848  0.03518278 -0.08378948  0.70084803 -0.21027504
   0.19773459]
 [ 0.45919661  0.6698173  -0.1476072   0.12048888  0.31941682 -0.04481857
  -0.22839122 -0.05332335  0.02027418 -0.27423617 -0.26194845 -0.01010096
  -0.02829371]
 [-0.50364408 -0.04608065  0.11254355 -0.27830133  0.34872603 -0.30994585
   0.3939627   0.43345767  0.09220594  0.16778214 -0.21191944  0.0989361
   0.04452094]
 [ 0.05701053  0.48673194  0.09957193 -0.02541474  0.40669423 -0.14949704
  -0.27327525 -0.25286661 -0.45216044 -0.41276414 -0.18678492  0.11007476
  -0.03290189]]","['bbo_main', 'random_fill', 'random_fill', 'random_fill']","[[0.11395612 0.17637926 0.30627427 0.20973944 0.31478426 0.42103133
  0.12434416 0.21113146 0.29663234 0.07743014 0.11855771 0.14441066
  1.00000093]
 [0.13637181 0.19991414 0.25338239 0.22333759 0.34249178 0.45116136
  0.11415488 0.17407269 0.25450571 0.05790796 0.08778529 0.12014346
  0.60854151]
 [0.10878537 0.16343201 0.37099389 0.20737855 0.31227087 0.40311826
  0.14346996 0.22206685 0.30272904 0.06407458 0.09665627 0.14544883
  1.00000039]
 [0.12270192 0.18758089 0.36235789 0.22403047 0.34410725 0.44226357
  0.1122954  0.16689762 0.21780576 0.0593961  0.09003548 0.24260324
  1.00000011]]",[ 0.35327364  0.18771193  0.13554137 -0.01639154],4,0.033445037897091745,0.9208754759779967,0.9428740972439189,0.01562880435459119,0.03045311602480466,31.95837922798819,0.020793041036119453
344,"[[-4.21154422e-01  3.41713329e-01  4.81761758e-02  5.02654017e-01
  -8.89620845e-02 -2.07318876e-01  1.36079632e-01 -1.56537581e-01
  -5.85628669e-02  5.90813665e-01 -4.00517656e-02  5.35465326e-02
   3.59184038e-04]
 [-4.61408809e-01  6.05944288e-01 -6.16808896e-02  9.06418583e-02
  -1.49325490e-01  1.23780711e-02  1.90453398e-01  1.39720122e-01
  -3.62277322e-01  3.23182925e-01  1.36823704e-01 -1.76260182e-01
   2.10207006e-01]
 [ 4.48465532e-01 -1.25562251e-01  8.88074473e-02 -4.54821468e-01
   1.83082112e-01 -1.34159734e-01  7.77249557e-02 -4.84388536e-01
   9.78786728e-02  4.52673321e-01 -1.63700951e-01 -1.84226753e-01
   3.06801677e-02]
 [-3.48313176e-01  3.61182528e-01 -4.74718721e-02 -3.54324962e-02
   8.11595507e-03  9.09366174e-02 -8.46661013e-02  7.64815063e-01
   1.03545491e-01 -1.00198061e-01 -2.47650739e-01  8.76747042e-02
   2.33433598e-01]]","['bbo_main', 'random_fill', 'random_fill', 'random_fill']","[[0.11547497 0.18714406 0.33824659 0.21636874 0.32080153 0.40812879
  0.11411167 0.17285875 0.23010298 0.07779145 0.11417076 0.18677197
  1.00000002]
 [0.12054319 0.20988664 0.28835445 0.20705657 0.31088122 0.43710352
  0.11679697 0.17398929 0.2243702  0.06871661 0.10424995 0.13254429
  1.00000015]
 [0.12310898 0.18536748 0.35102944 0.20832706 0.31868015 0.41603353
  0.11606382 0.17592536 0.4346292  0.06726573 0.10163602 0.12967419
  1.00000008]
 [0.11483072 0.17508437 0.23318864 0.21535968 0.32628604 0.45050864
  0.12971606 0.21126382 0.51599688 0.0590905  0.08929085 0.13689595
  1.00000007]]",[ 0.05396047  0.22011656 -0.04216497  0.46958217],4,0.027421943086294746,0.9284108652950581,0.9493185207369013,0.01550981846632633,0.026464923247200234,31.46401645898004,0.020656607967108637
345,"[[ 0.40500582 -0.33477277  0.0638911   0.2687101   0.16042106 -0.30575316
   0.38012669 -0.34539938 -0.02984034  0.48999209 -0.14363984  0.04973736
   0.02245981]
 [-0.69202134 -0.03362119  0.2760665   0.05551621  0.0346331   0.27687982
   0.03367091  0.26903477  0.22849172  0.41347218  0.10130497  0.22684972
  -0.06644387]
 [ 0.36636773 -0.25082356  0.06269205  0.03863587  0.1669336  -0.41876615
   0.42134764  0.25929423 -0.16842983  0.35556067  0.43725401  0.03282347
   0.04878028]
 [ 0.41172701 -0.22038296 -0.0368158   0.08399247 -0.04791934  0.0694777
   0.6781278   0.36653714 -0.12901321  0.0709545  -0.13378231 -0.3637537
  -0.01668719]]","['bbo_main', 'random_fill', 'random_fill', 'random_fill']","[[0.11631369 0.17434879 0.50293421 0.21822721 0.33178966 0.42081163
  0.11496602 0.17431321 0.23507775 0.06959834 0.10571224 0.1539227
  1.00000017]
 [0.11053605 0.16669506 0.30568317 0.21825259 0.33286048 0.70435572
  0.12366745 0.19607447 0.27227463 0.0664737  0.10136121 0.13425742
  1.00000004]
 [0.11927129 0.17919542 0.3225336  0.2015087  0.2983646  0.38227279
  0.12591194 0.19257513 0.24858703 0.08058278 0.12795609 0.17045655
  1.00000014]
 [0.11063176 0.16465423 0.22279716 0.21873212 0.33358103 0.52502582
  0.15079195 0.22426004 0.28268991 0.05781483 0.0854227  0.10924672
  1.00000006]]",[0.02958778 0.34185068 0.11657413 0.1241583 ],4,0.02871073383813464,0.9441544521865335,0.9625331737918842,0.015476800356466338,0.028351141289660764,31.687573146016803,0.02019834981707025
346,"[[-0.11331127  0.1453348  -0.06979445  0.08179506  0.16453961 -0.6488722
  -0.49755311  0.06210006 -0.10050897  0.11016395  0.48165739 -0.01240925
  -0.02380646]
 [ 0.04691742  0.54953925  0.30592541 -0.30394308 -0.17994527 -0.30752553
  -0.23172192 -0.13930515  0.31805607 -0.26968574  0.34241078 -0.10315746
  -0.08946355]
 [-0.09090083 -0.53034223 -0.04665054 -0.02905504 -0.01342773 -0.16648448
  -0.1451861   0.66788514  0.10427975 -0.14496202  0.2837776  -0.31605897
   0.00977204]
 [-0.04532767 -0.00564185 -0.30230189  0.34787444  0.14920118 -0.25838382
  -0.67027159 -0.40347284  0.07903842  0.03582771  0.21029164  0.12830035
  -0.12735281]]","['bbo_main', 'random_fill', 'random_fill', 'random_fill']","[[0.12105351 0.18353747 0.24485131 0.20269214 0.2960727  0.37765353
  0.11988277 0.18489403 0.24876945 0.07993922 0.12737397 0.21154179
  1.00000006]
 [0.1218836  0.18474758 0.36508521 0.20286739 0.30350671 0.39891285
  0.1235985  0.19432956 0.46340188 0.06649397 0.10148567 0.13337213
  1.00000017]
 [0.1072721  0.16047658 0.2212343  0.21022627 0.3163403  0.41301206
  0.13132744 0.21251307 0.50764821 0.06521771 0.09972126 0.12779182
  1.00000002]
 [0.1139912  0.1727006  0.23090654 0.21925138 0.33400051 0.44123075
  0.11980782 0.18773291 0.2593072  0.0663413  0.1020437  0.13977674
  0.03273343]]",[-0.21332977 -0.01474566 -0.02026361 -0.16179963],4,0.02738789575074857,0.9273321050981531,0.9484001640078162,0.015518848479630145,0.02602862624681672,32.861907498008804,0.020594506319663475
347,"[[ 0.15436774 -0.46537185 -0.05757969 -0.58969583  0.32241367 -0.23856447
  -0.04096626  0.05185736 -0.08509067 -0.25841953 -0.41116198 -0.01265805
  -0.00875091]
 [-0.28510438  0.01397307 -0.09523582 -0.4095823  -0.31840842  0.00078731
  -0.29771337 -0.50809562  0.06347012 -0.41354789 -0.2787017   0.04841261
   0.19607407]
 [ 0.40740849 -0.17773039  0.34627634 -0.2274152  -0.11276808  0.36384679
   0.46550413 -0.24296105  0.04576171 -0.30266351 -0.06920578  0.31716119
  -0.10440293]
 [ 0.03266825 -0.29410491  0.05378654  0.13063713  0.31035957 -0.59448888
  -0.44997563  0.2417162   0.05104488 -0.25255013  0.32091567  0.01026726
   0.11113828]]","['bbo_main', 'random_fill', 'random_fill', 'random_fill']","[[0.11166133 0.16238173 0.21914791 0.21237143 0.32544483 0.41754565
  0.13102383 0.20469848 0.26465805 0.05696529 0.0872086  0.16347245
  0.67373611]
 [0.12267508 0.18619875 0.24141685 0.20357296 0.30496423 0.41511571
  0.11643732 0.17741569 0.45489763 0.06318452 0.09618808 0.14736988
  1.00000008]
 [0.11869619 0.17947057 0.30983031 0.21700029 0.33318905 0.72219093
  0.12357666 0.1907343  0.25069635 0.06221645 0.09475538 0.13423588
  1.0000002 ]
 [0.11326574 0.16869147 0.39864156 0.20919513 0.30696463 0.38713441
  0.12376105 0.20211027 0.30117307 0.06802351 0.10504848 0.13761457
  1.00000098]]",[-0.2666829  -0.18118683  0.23503188  0.0056006 ],4,0.030095505404895834,0.9224871737034429,0.9442580726538378,0.015537673899956547,0.026200242391612782,31.514483412000118,0.020812883704541627
348,"[[ 2.07052990e-01  5.38071859e-01  1.88033269e-01  2.84596541e-02
   3.11154879e-02  1.80151786e-01  1.93740044e-02 -5.95455197e-01
  -2.99125291e-01 -3.17818539e-01  1.52202441e-01  1.69911903e-01
  -2.35793767e-02]
 [-4.47289617e-01 -2.75076253e-01  6.16404691e-02  4.18411036e-04
  -4.83501404e-02 -2.35716116e-02  5.95088600e-02  1.87762558e-01
   3.16006976e-02  5.45711647e-01  1.58145716e-01 -5.95429057e-01
  -2.07426137e-02]
 [ 2.32294811e-01  2.03671392e-02 -5.38140654e-01 -3.36849774e-01
  -6.49782309e-01 -1.12132676e-02 -4.74987990e-02  1.47265424e-01
  -1.12606843e-01  5.51765454e-02 -2.11017178e-01 -1.89552472e-01
   9.59159970e-03]
 [ 1.43250372e-01 -2.93996470e-01  2.47347575e-02 -2.71427083e-02
   2.24000534e-01 -5.13773196e-01  6.07206919e-01  4.05761831e-01
   6.11086286e-02  4.19411562e-02 -9.72042272e-02 -1.66105888e-01
  -4.10082563e-02]]","['bbo_main', 'random_fill', 'random_fill', 'random_fill']","[[0.12205103 0.18496856 0.50726223 0.22032135 0.33836938 0.47920473
  0.11351442 0.17123103 0.22535314 0.06450557 0.1000111  0.14969496
  1.00000011]
 [0.10472294 0.15862524 0.35098587 0.21951507 0.33408323 0.44135578
  0.12852257 0.20587492 0.28126136 0.06293607 0.09135714 0.11374827
  0.64100587]
 [0.11607011 0.16571144 0.21059111 0.19839846 0.29989447 0.44501659
  0.13669761 0.21687795 0.28210284 0.06422802 0.09679585 0.12530616
  1.00000016]
 [0.11212659 0.16754765 0.22915941 0.20454923 0.30570162 0.39798469
  0.14793594 0.22572597 0.32793453 0.06223359 0.09374852 0.12327709
  0.79325654]]",[ 0.15271441 -0.07234576 -0.38704002 -0.02712798],4,0.028700895978455293,0.9300305209727179,0.9506945410275383,0.015514607663054498,0.028101403556197085,31.76653255999554,0.02049793632361696
349,"[[ 0.71751251  0.15195242 -0.02467688  0.16486702 -0.17668785  0.08112795
   0.11250346 -0.54300105  0.11279931 -0.07314637  0.261754   -0.03668024
  -0.03246522]
 [ 0.02668993  0.23146758  0.08277793  0.21894404  0.22163238  0.07011714
   0.34378019  0.59325794 -0.05694254 -0.43512581  0.40344739  0.10670119
  -0.00356939]
 [ 0.00832077  0.29823693  0.31658895  0.36180964  0.424302    0.0409387
  -0.48763101 -0.00298358 -0.12117859  0.02424933 -0.3767372   0.30710363
  -0.09398836]
 [-0.162891   -0.20405075 -0.26834673  0.47176692  0.26374246  0.30422292
  -0.42782397 -0.21860164 -0.33599226 -0.30476714 -0.00154729 -0.19620952
  -0.00705349]]","['bbo_main', 'random_fill', 'random_fill', 'random_fill']","[[0.12453873 0.1867401  0.24586375 0.21600387 0.3288601  0.45408989
  0.11464995 0.17409214 0.51494624 0.06638551 0.10336169 0.13586631
  1.00000018]
 [0.11782975 0.17840918 0.24422912 0.22091232 0.33558684 0.45718475
  0.12628178 0.1990316  0.26213374 0.06252606 0.09823256 0.42652911
  1.00000001]
 [0.11957399 0.18119258 0.55698464 0.2222204  0.34104261 0.44935924
  0.11802142 0.18184101 0.24182219 0.06080492 0.09198867 0.14654289
  1.00000001]
 [0.10899769 0.16374184 0.22115022 0.22713591 0.35325181 0.75132877
  0.11822966 0.18049622 0.23666773 0.06169721 0.09373753 0.12505224
  1.00000003]]",[0.08721479 0.42038886 0.30530848 0.09828778],4,0.02849301456242534,0.9294904305432127,0.950236072721109,0.015461891177307636,0.025610651629645764,31.450779125007102,0.02050516707692951
350,"[[-0.17102577 -0.28108265 -0.11026158  0.09581654  0.09186891 -0.09011268
  -0.49403663  0.73068341  0.06761851 -0.22903143  0.13378786  0.03073547
  -0.00146574]
 [-0.17067973 -0.32885242  0.13234502  0.23652491  0.10753513 -0.42192022
   0.18743649  0.53825524  0.1185507  -0.15784607 -0.23286311 -0.42347483
  -0.04804016]
 [-0.04270375  0.15057042  0.11519582  0.46922194 -0.00907367 -0.03377646
   0.38501717  0.02685891  0.06769574  0.48626408  0.58271804 -0.09880236
  -0.03905299]
 [-0.40900201  0.38281956  0.05763511 -0.23415032 -0.20640244  0.1231306
   0.62320554  0.29129531  0.15345421  0.16753233 -0.10143427 -0.18463392
  -0.03198877]]","['bbo_main', 'random_fill', 'random_fill', 'random_fill']","[[0.10335799 0.15288288 0.20250178 0.22241219 0.33837853 0.43673924
  0.12617251 0.21986262 0.37111458 0.06283048 0.09820651 0.13261604
  1.00000002]
 [0.11052475 0.16590894 0.31652607 0.21444868 0.3233975  0.41808531
  0.1301395  0.2091451  0.2913806  0.05908508 0.08919326 0.11739008
  0.44838375]
 [0.11536859 0.1765709  0.32117301 0.21747695 0.33122691 0.4383792
  0.12331847 0.19191671 0.26099628 0.06962228 0.10621036 0.13528685
  0.2214693 ]
 [0.11888262 0.18003394 0.23941639 0.20744631 0.3126367  0.43680793
  0.13017832 0.2054475  0.54997312 0.06155444 0.09205543 0.12014294
  1.        ]]",[ 0.05483302 -0.05227147  0.28692263  0.14695088],4,0.027636659732002557,0.9359858522443276,0.9557233618090268,0.015468639964118677,0.026545597430702,31.6941414999892,0.020471836371826452
351,"[[ 0.19649841  0.28770626  0.10418232  0.30885557  0.18728514 -0.11103334
  -0.05986243 -0.05489335 -0.03039388 -0.54013696 -0.44698485 -0.474418
  -0.02876156]
 [-0.3828145  -0.18863414  0.36600159  0.15394451 -0.49803604  0.11841925
   0.08849006 -0.46558475  0.31554929  0.09353844  0.21444833  0.07955702
  -0.11363657]
 [ 0.05549407  0.05566867 -0.18311705 -0.33157356 -0.2200159   0.24307756
   0.22683908 -0.07308785  0.24944309 -0.54129775 -0.26442046 -0.50584173
  -0.07097802]
 [-0.06183128  0.28087358 -0.27591821 -0.25260022 -0.06414745 -0.12380623
   0.06929191  0.30482372  0.21440193 -0.51064985  0.55191226  0.21171326
  -0.06345343]]","['bbo_main', 'random_fill', 'random_fill', 'random_fill']","[[0.12215875 0.18591838 0.5031495  0.22326981 0.33982977 0.43701977
  0.12000182 0.18595106 0.24726514 0.05579562 0.08320139 0.10708478
  1.00000026]
 [0.11641642 0.17732945 0.33742476 0.20928669 0.31552363 0.42268679
  0.12332193 0.1933971  0.27282627 0.06680145 0.1021365  0.13372793
  0.22482241]
 [0.1161694  0.17610727 0.23370234 0.21629911 0.32934202 0.52629855
  0.12386959 0.1962819  0.51406701 0.05897567 0.08910284 0.11686912
  1.        ]
 [0.11681356 0.17666767 0.23090115 0.20631331 0.31087768 0.41780672
  0.12510646 0.19877376 0.52842106 0.06649344 0.10324728 0.19597962
  1.0000004 ]]",[ 0.04219461 -0.00918502 -0.0863889   0.03852577],4,0.02676011581823752,0.9354433217491056,0.9552673325294242,0.015429776758224026,0.027726933714795586,31.862726274994202,0.020636679131257663
352,"[[-0.24729278 -0.26480201  0.24853349 -0.06799242 -0.4051751   0.24663836
  -0.12687796 -0.10341023 -0.36633465 -0.5678361  -0.15559318  0.25334985
  -0.074236  ]
 [ 0.08648775 -0.1139351  -0.33418386  0.05986754  0.22984155  0.02474359
  -0.02390895  0.71799908 -0.33862839  0.39747523 -0.12353754  0.08257523
  -0.00246067]
 [ 0.34611312 -0.28783446 -0.32206907  0.22813582 -0.14712679  0.15144254
  -0.24474564 -0.62313461  0.15728993  0.09858964  0.33004665 -0.06230359
  -0.03913708]
 [-0.42762536 -0.08496142  0.1676145   0.04750092 -0.7137811   0.1252214
   0.12320847  0.1563357  -0.33792318 -0.11975179  0.25633462  0.12682839
   0.06675831]]","['bbo_main', 'random_fill', 'random_fill', 'random_fill']","[[0.11645421 0.17726185 0.31361135 0.2189017  0.33420694 0.48216659
  0.11840085 0.18178229 0.23652079 0.06210539 0.09587309 0.35979693
  1.00000019]
 [0.10557313 0.15421355 0.20144922 0.22405411 0.34702222 0.46778278
  0.12603167 0.19588307 0.25101224 0.06623189 0.10128358 0.36176669
  1.00000004]
 [0.11117573 0.1644644  0.21649249 0.22176135 0.34213794 0.54225259
  0.11426956 0.1736875  0.44340774 0.06781013 0.10466779 0.13671518
  1.00000039]
 [0.11798209 0.17981636 0.53567431 0.20368284 0.30450173 0.4279432
  0.12360775 0.19033992 0.24512308 0.06761243 0.10727113 0.14587596
  1.00000004]]",[-0.18290062  0.1228439  -0.06908893 -0.06321382],4,0.030842505862070352,0.9397904479758163,0.9589086877866552,0.015333336695617074,0.026284368017210832,31.616305361007107,0.020418167335934753
353,"[[-0.20312831 -0.4535752   0.15391638  0.00893186 -0.68226789  0.17243312
   0.18516571 -0.10322121  0.12455495 -0.40200203 -0.04214738  0.08639665
  -0.05210016]
 [ 0.14417626 -0.11700422  0.025852    0.67311461 -0.08195358 -0.16765873
  -0.55612791 -0.19597696 -0.0467862  -0.34999316  0.04608703  0.0440294
   0.02266695]
 [-0.3249149   0.67725277 -0.03052803  0.32653387 -0.21651565  0.0546516
   0.35777587  0.07918166  0.03289355 -0.01546525 -0.3751222  -0.01693031
   0.0417022 ]
 [-0.12742063 -0.1445129   0.25897863 -0.24994012 -0.27477101  0.55425283
  -0.25232916 -0.12318939  0.02006707  0.08491906  0.03579833  0.57590327
  -0.17674569]]","['bbo_main', 'random_fill', 'random_fill', 'random_fill']","[[0.11252065 0.16919647 0.28019415 0.20797042 0.31254738 0.6977068
  0.12521386 0.19755691 0.27026807 0.06617448 0.10123231 0.13257111
  1.0000001 ]
 [0.11721966 0.17789572 0.25310631 0.24462218 0.35906359 0.45029992
  0.10901528 0.16801566 0.22558696 0.05901731 0.09399194 0.19246937
  1.0000005 ]
 [0.12072491 0.20103099 0.27256238 0.21149098 0.31740613 0.51252049
  0.13601433 0.20354392 0.27097499 0.05678184 0.08643946 0.11730252
  1.00000115]
 [0.11525146 0.17540794 0.23499137 0.21700546 0.33116646 0.49570045
  0.12193169 0.19060353 0.25174553 0.06640756 0.10199569 0.1947783
  0.22870377]]",[-0.18260765 -0.02692601  0.19705401  0.18217981],4,0.029455564767471326,0.931652053059268,0.9520686856527718,0.015401857524878932,0.02802186501982131,31.380369505001,0.02056264487983192
354,"[[-0.31511247 -0.17782419 -0.14824574  0.403853   -0.53895182 -0.0365499
   0.08676852 -0.54724186 -0.26155431 -0.07804661  0.08896743  0.04689788
  -0.02418073]
 [-0.1766093  -0.09049682 -0.0277638  -0.00412412  0.14080722 -0.06246527
   0.56391905 -0.72328189  0.02452044  0.17600317  0.24696719 -0.04694376
  -0.01366745]
 [-0.67759594 -0.19841033 -0.08110007  0.04857405 -0.23887208 -0.08325312
   0.00845988 -0.01279975 -0.28105373  0.11826999 -0.36759931 -0.43739874
   0.0943831 ]
 [-0.30531868  0.23549604  0.06241471 -0.06034132  0.82306073 -0.25242446
  -0.07342822  0.02723924  0.06705883  0.25092026 -0.11346229  0.02080977
   0.12545952]]","['bbo_main', 'random_fill', 'random_fill', 'random_fill']","[[0.1097277  0.16588851 0.22018831 0.21591418 0.32473691 0.43994461
  0.1141391  0.17232149 0.22699699 0.06932468 0.1118844  0.20295891
  0.50688717]
 [0.10646996 0.16026409 0.2201054  0.22454293 0.34618033 0.44488792
  0.11378301 0.16564869 0.29921102 0.07924314 0.12022466 0.15482877
  0.9332785 ]
 [0.10097327 0.15680342 0.22447304 0.22540539 0.33791283 0.46465594
  0.12671917 0.19398789 0.2492251  0.0583233  0.08563682 0.10946296
  1.00000056]
 [0.11210706 0.17301586 0.32354687 0.23168435 0.35700667 0.4540685
  0.11934901 0.18495403 0.41983229 0.06072109 0.09139456 0.1235998
  1.00000008]]",[-0.34258236 -0.04408403 -0.27572299  0.3492761 ],4,0.02809559233727832,0.9267930211610322,0.947940689592203,0.015411415682886604,0.026473279010066214,31.741021397989243,0.02067635896830844
355,"[[-0.15451226 -0.33028404 -0.35388691 -0.27564252  0.0678742   0.00396764
   0.13997009  0.53802185  0.08625027 -0.42982904 -0.39926607  0.0087405
  -0.0214472 ]
 [ 0.42887751 -0.13031854  0.0418205   0.47617471  0.14223984 -0.2381851
   0.3826205   0.45426748  0.07961186  0.19541676  0.30546434 -0.04961346
  -0.02392577]
 [ 0.42220408  0.40915517  0.1003133  -0.08028696  0.00516291 -0.0471433
  -0.08231282 -0.05272714 -0.29660151  0.33438289  0.56469812 -0.32610513
  -0.03177125]
 [-0.60149737  0.47681766  0.08106612 -0.26162237  0.16884946  0.05926009
  -0.4538162  -0.25224814  0.04146247  0.09636344 -0.00351455 -0.14675395
  -0.04090942]]","['bbo_main', 'random_fill', 'random_fill', 'random_fill']","[[0.10575822 0.15425889 0.20182169 0.21705391 0.32942157 0.43933638
  0.14454705 0.22544446 0.37080808 0.05745479 0.08784437 0.12028113
  1.00000043]
 [0.11462126 0.17138731 0.23368621 0.21125094 0.31856124 0.41087012
  0.14957426 0.22798089 0.37287961 0.06654406 0.10174721 0.13351869
  1.0000002 ]
 [0.13559056 0.20124502 0.40586438 0.20724168 0.31160563 0.41956056
  0.114117   0.17299031 0.2275753  0.06841412 0.1043817  0.13206004
  0.89703034]
 [0.1193149  0.18161142 0.30462289 0.22048768 0.34064303 0.45823458
  0.11428436 0.17418529 0.24027135 0.062562   0.09393421 0.12217421
  0.20825459]]",[-0.08109548  0.28865171  0.06973311 -0.0400799 ],4,0.026984049225612233,0.9425158473073122,0.961176093677008,0.015329645978345364,0.03149733152260131,31.49684965299093,0.02025763282776888
356,"[[-0.31851631  0.0448388  -0.04647462 -0.12571066 -0.336808    0.15120592
   0.03530162  0.54345953  0.0510069  -0.36864141 -0.53869419  0.12428647
  -0.03923911]
 [ 0.03592108 -0.18456195  0.06049602 -0.31709866  0.07936155 -0.60674652
  -0.26373885 -0.40290019  0.06459572  0.29145843 -0.38582295  0.02817096
   0.12383583]
 [ 0.44567369 -0.04144351 -0.05554237 -0.35261754  0.15801225  0.03009134
   0.11082043  0.54117748 -0.44738428  0.05065363  0.26328702 -0.13939972
   0.22301324]
 [-0.10096455 -0.17523296  0.01734026 -0.36488052 -0.19914784 -0.60758241
   0.12994042 -0.33007976 -0.31732319 -0.24456992  0.04838765 -0.34598139
   0.09194969]]","['bbo_main', 'random_fill', 'random_fill', 'random_fill']","[[0.11554198 0.17560708 0.23362901 0.2102545  0.31638912 0.71357584
  0.12845452 0.20503879 0.27213967 0.05911693 0.08930973 0.13560312
  1.00000008]
 [0.12347274 0.18801322 0.38165891 0.20083878 0.29715022 0.38122508
  0.11777432 0.18136173 0.30354981 0.06868094 0.10429117 0.14570731
  1.00000006]
 [0.13399374 0.19254912 0.24511757 0.20698929 0.32766958 0.52335073
  0.12544606 0.18766921 0.23283474 0.06720851 0.10269121 0.12884924
  1.00000023]
 [0.1251875  0.19091658 0.34216727 0.20063667 0.2937492  0.37456047
  0.12101797 0.18390503 0.24016009 0.06726856 0.10302969 0.13216997
  1.00000048]]",[-0.02732567 -0.25539042  0.27945033 -0.48587708],4,0.028336718821165785,0.9305708198575118,0.9511528009612411,0.015363849132462842,0.027269385848265493,31.898055233003106,0.020455508841968367
357,"[[-0.17949142  0.01711136  0.1564843  -0.12022072 -0.25941203  0.22410293
  -0.05533856 -0.56276218  0.23004326  0.0367611   0.5543839  -0.35407483
  -0.06547939]
 [-0.28141131  0.56884081 -0.39521428  0.29593941  0.11166567 -0.0828819
  -0.00218781  0.15169099 -0.08163572 -0.47423893  0.03290341 -0.27633377
   0.04571475]
 [ 0.07027433  0.74189785  0.10780676  0.05271754  0.5434718   0.10975526
   0.03652572  0.09430882 -0.05712706  0.25984819 -0.13967734 -0.13434469
   0.06533551]
 [-0.52606537 -0.46650871  0.01334939  0.39489757 -0.30412464 -0.15252843
   0.17718315  0.12360859 -0.07401105  0.10386751 -0.18140753 -0.37119207
  -0.01070207]]","['bbo_main', 'random_fill', 'random_fill', 'random_fill']","[[0.11834496 0.17939168 0.24368344 0.21466264 0.32793691 0.52443484
  0.11890804 0.18328328 0.49624021 0.06696219 0.10237182 0.13054676
  1.00000017]
 [0.11183445 0.17242568 0.22356079 0.24760575 0.36574709 0.4774371
  0.12173706 0.19438667 0.27924459 0.05300354 0.08087527 0.10711546
  1.00000115]
 [0.12181131 0.18591433 0.33197966 0.22449744 0.35003418 0.65024997
  0.12044617 0.18461928 0.24373197 0.05884031 0.08873318 0.11673235
  1.00000004]
 [0.10202186 0.15615444 0.2711164  0.21757568 0.32414244 0.42013086
  0.14233493 0.2207092  0.28869675 0.05936678 0.08730206 0.11116268
  1.00000005]]",[-0.02144614  0.05286761  0.5161519  -0.23014143],4,0.029335891798101643,0.9430617600758898,0.9616287424081622,0.015289539905007676,0.025312015670667445,31.70965680902009,0.020368452442212727
358,"[[ 4.54465376e-01  3.26653601e-01 -2.34836419e-01 -3.89315124e-01
  -2.60541760e-01  5.42293799e-02  1.73614395e-01  2.25097874e-01
   4.03418068e-02 -1.07436681e-01  5.32832401e-01 -1.76827975e-01
  -7.86059908e-03]
 [ 6.14111425e-01 -6.12699693e-02  7.58304672e-02  5.98956419e-02
  -2.31716514e-01  2.41822526e-01  2.83489698e-01  5.13798444e-01
   2.51500728e-01 -5.77066879e-02 -1.70102288e-01  2.29538905e-01
  -7.10204100e-02]
 [ 5.06131680e-01  2.71927375e-01  5.87587983e-02  5.54744178e-01
  -6.89607328e-02 -1.06069771e-02  2.72368585e-01  4.04527835e-01
   5.08634789e-02  2.71206116e-01  1.86054178e-01  4.63353489e-02
   5.56241527e-02]
 [-2.74583517e-01  8.60114904e-02 -2.60847683e-01 -4.88313822e-01
   1.38538316e-01 -2.61060256e-01 -5.45408182e-01 -1.81418540e-01
  -9.73504363e-02 -4.21027464e-01 -1.93219444e-02 -2.63797560e-05
   7.66247195e-02]]","['bbo_main', 'random_fill', 'random_fill', 'random_fill']","[[0.1344508  0.196171   0.24754346 0.19593425 0.29530203 0.49836525
  0.13143658 0.20678479 0.28663433 0.06713876 0.10388936 0.13114827
  1.00000002]
 [0.11872665 0.17902847 0.23774588 0.21432012 0.32543817 0.48037147
  0.12502191 0.19876738 0.53035942 0.06193448 0.09406799 0.15899338
  1.0000003 ]
 [0.1335469  0.19523541 0.32205599 0.21581429 0.3272387  0.43305249
  0.13677853 0.21134251 0.2903663  0.06631761 0.10130924 0.13384386
  1.00000008]
 [0.11721581 0.17693537 0.23051047 0.20419599 0.30680894 0.39850956
  0.11363329 0.17268656 0.2292775  0.0677853  0.1162269  0.20559333
  1.00000059]]",[ 0.03887895  0.35041689  0.46834526 -0.30812831],4,0.028713246838711577,0.9387021579765266,0.9579998566764899,0.015367027634031949,0.03012070977532899,32.771317255013855,0.0203551019970602
359,"[[-0.2091118  -0.30460285  0.04597252  0.48450042 -0.37059692 -0.00124132
  -0.37943319 -0.3898958   0.05587761 -0.11396005 -0.40617398 -0.09235015
   0.06073123]
 [ 0.20629395  0.25020861 -0.2586214  -0.26123511  0.49942238  0.05844845
   0.04057443  0.55559429  0.07989575  0.22776001 -0.29679649  0.08757351
   0.20621392]
 [-0.10969465 -0.53842926 -0.60469317  0.07971523  0.12330385 -0.0055485
   0.21547987 -0.21786373  0.15324346 -0.17187726  0.26033457 -0.30689698
  -0.04400755]
 [ 0.50335422 -0.41362075 -0.17908547  0.3706465   0.17458932  0.10452426
  -0.1604092  -0.49258733  0.0203022   0.14339599 -0.26063849  0.0838263
   0.01969698]]","['bbo_main', 'random_fill', 'random_fill', 'random_fill']","[[0.10796526 0.16402863 0.28838969 0.23109285 0.34849193 0.45586604
  0.11260373 0.17399733 0.41290286 0.05886341 0.08895634 0.11700605
  1.00000002]
 [0.11448669 0.1711812  0.22286938 0.22104656 0.33842488 0.46031227
  0.12812304 0.20831812 0.29148842 0.05927515 0.08950299 0.36410579
  1.00000008]
 [0.10504297 0.15380996 0.20156562 0.22456041 0.34153743 0.45346212
  0.12489609 0.19890102 0.51553406 0.06408074 0.09888127 0.12760985
  1.00000051]
 [0.10771507 0.16048507 0.21267171 0.23723451 0.36569545 0.65495684
  0.11214979 0.16973594 0.23129651 0.06146494 0.09385402 0.1445154
  1.00000008]]",[-0.15744224  0.51625037 -0.16458702  0.08924723],4,0.02569222442298605,0.9349010273539713,0.9548110672573905,0.015430053765988874,0.026910629421102672,31.232471682014875,0.020490060775110203
360,"[[-0.41439702  0.68794544  0.03523537 -0.04105228  0.20601099  0.00633782
   0.2149088   0.13857582 -0.00469709  0.43937701  0.18931237 -0.03239883
   0.11935887]
 [-0.17343869 -0.31709734 -0.71308127  0.20681501 -0.11515651  0.01794265
   0.19968739 -0.05635402 -0.48957373 -0.04145448 -0.07712217  0.07829714
   0.08943146]
 [ 0.11984427 -0.16103346  0.05148561  0.20849712  0.03887674  0.03808282
  -0.51680425  0.43353943 -0.07581421 -0.57874649 -0.09910278 -0.32371129
  -0.01653295]
 [-0.09449031  0.53166845  0.08808465 -0.35797639 -0.21290212 -0.01075662
   0.49943872 -0.34615418  0.1009422  -0.01041106 -0.28732208 -0.25480431
  -0.0035414 ]]","['bbo_main', 'random_fill', 'random_fill', 'random_fill']","[[0.11959034 0.21062144 0.29618365 0.21582136 0.32939051 0.43693523
  0.12313022 0.18842114 0.24873749 0.07116921 0.10625701 0.13713766
  1.00000014]
 [0.10348571 0.15110428 0.19536723 0.23086137 0.35557045 0.47712577
  0.11545805 0.17430337 0.22774561 0.06618059 0.10373331 0.25892742
  1.00000019]
 [0.11429417 0.17216127 0.3661935  0.22760484 0.34505269 0.46952568
  0.12063166 0.19884881 0.26348592 0.05363171 0.08151864 0.1046523
  0.81794277]
 [0.12338802 0.1923029  0.33007793 0.2023753  0.30354486 0.41073141
  0.1262007  0.19327938 0.44405866 0.06065348 0.09086621 0.11840026
  1.        ]]",[ 0.38524735 -0.18911998  0.00094965 -0.04133211],4,0.03255120501255754,0.9403349859831179,0.9593627105354603,0.015318364530885283,0.02600910484866284,31.586711737996666,0.02032703203258368
361,"[[ 0.02022398 -0.06926321 -0.57951695  0.52283553 -0.07044473 -0.09460062
   0.35408255  0.18973589 -0.25277647  0.08681213  0.36190022 -0.08656234
  -0.02034009]
 [ 0.22202396 -0.38783627  0.19048861  0.09591036 -0.15120526  0.00943116
  -0.48832864  0.37375832  0.19672023 -0.51404736 -0.05202009  0.21086201
   0.05982591]
 [ 0.11404041  0.22446585 -0.34922424 -0.59728899 -0.17041743 -0.28891445
  -0.44822637 -0.24058661  0.10155311 -0.03980831 -0.25612443  0.08721365
  -0.03862674]
 [ 0.8211962   0.06060151 -0.29034159  0.16169025  0.25380426  0.08777869
  -0.01159389 -0.27332376  0.05980175  0.05417872 -0.22871977  0.06813588
   0.03306771]]","['bbo_main', 'random_fill', 'random_fill', 'random_fill']","[[0.10356042 0.15138068 0.19806086 0.22487514 0.34147229 0.46454827
  0.12581743 0.19261622 0.24852477 0.06914458 0.11427642 0.164685
  0.59029122]
 [0.11769458 0.17738825 0.2983409  0.21466141 0.32495633 0.43134599
  0.1235933  0.19762443 0.2811194  0.06137251 0.09379806 0.39898482
  1.00000003]
 [0.12209767 0.18419904 0.23873814 0.20055825 0.30119321 0.39747621
  0.12224242 0.19314459 0.31801083 0.06723982 0.10253612 0.15147278
  0.32303315]
 [0.12013853 0.17964884 0.2312198  0.22673882 0.3535086  0.71469595
  0.11337777 0.17161316 0.24767242 0.05942701 0.09002541 0.1338595
  1.00000001]]",[-0.03422719  0.1660256  -0.41123033  0.22293833],4,0.02662370144004374,0.9414248668945246,0.9602699515597581,0.01529781926322108,0.026507477148494413,31.39733443100704,0.020263681204916964
362,"[[-0.32270551  0.2002133  -0.19728886  0.50498979  0.02544732 -0.30938634
  -0.4708152   0.4422851  -0.03165329 -0.08046295 -0.09504634  0.02974359
   0.17547926]
 [ 0.60711014 -0.10020066 -0.04514528  0.46830379 -0.17696645  0.0484534
   0.24123237 -0.32647098 -0.00794344  0.29048758 -0.33715561  0.05429054
   0.02284425]
 [ 0.11926404 -0.06822032 -0.00553158 -0.33270013  0.65111668 -0.02543827
   0.17850453 -0.32191078  0.01207311  0.55043224 -0.08095339  0.02416816
   0.00725881]
 [-0.10866913  0.16382198 -0.35676595 -0.30960348  0.45959201 -0.3250769
   0.25986042  0.18047683 -0.21945643 -0.41317227  0.31363203 -0.05815436
   0.02446563]]","['bbo_main', 'random_fill', 'random_fill', 'random_fill']","[[0.10561427 0.16074273 0.21514069 0.22833145 0.33577634 0.41612839
  0.12292879 0.21170266 0.28877338 0.06007636 0.09177939 0.18547786
  1.00000382]
 [0.13094239 0.19250091 0.24797241 0.22529647 0.34269925 0.49473851
  0.11375182 0.17271761 0.23221272 0.05966149 0.0899237  0.29746828
  1.00000007]
 [0.11133505 0.1665827  0.22433114 0.22757978 0.3722842  0.49470714
  0.11232023 0.16923081 0.23251106 0.07374337 0.10845359 0.14664578
  1.00000019]
 [0.1059061  0.15398624 0.20165196 0.21600884 0.33203042 0.42866661
  0.13969319 0.20585301 0.26198466 0.06463637 0.11517722 0.19552791
  1.00000297]]",[ 0.14481594  0.113061    0.16576677 -0.0733827 ],4,0.028455667226323395,0.9327341508251472,0.9529837061370092,0.015344011276872117,0.030361572414910443,31.73182506999001,0.020448850045650252
363,"[[ 0.77195451  0.54147502  0.07554192 -0.04982116  0.15732869 -0.0874027
  -0.01543536  0.17847582  0.12669074 -0.13335489 -0.05002371  0.03232608
  -0.02893905]
 [-0.20423797 -0.36468058  0.06007532 -0.06169438  0.69658721 -0.32631475
   0.04968884 -0.0833382  -0.04297715  0.33573473  0.31833173 -0.02625173
  -0.01270085]
 [ 0.2198104   0.3198835  -0.26885937  0.08698333  0.02662214 -0.1952482
  -0.32570965 -0.51583536 -0.3973194   0.12764989 -0.13433234 -0.4075816
   0.01333581]
 [ 0.23767118 -0.10214897 -0.10279694  0.34231949  0.00410304  0.07766188
   0.01561674  0.02783612 -0.39186764  0.69049606 -0.38975962 -0.1240508
  -0.02479923]]","['bbo_main', 'random_fill', 'random_fill', 'random_fill']","[[0.13564603 0.1984874  0.26285671 0.20978219 0.31605913 0.41613338
  0.12365012 0.19405906 0.46320311 0.06003834 0.09064779 0.12293197
  1.00000002]
 [0.10296455 0.15558776 0.35587122 0.22799201 0.34939841 0.44129918
  0.1170739  0.17893617 0.23919954 0.07819759 0.11836087 0.15272053
  1.00000007]
 [0.13127634 0.19577554 0.2571248  0.22533919 0.34301861 0.47350334
  0.10868458 0.15963247 0.20925886 0.05987445 0.08948116 0.11706951
  1.00000194]
 [0.11565645 0.17482596 0.22780613 0.22926355 0.35410714 0.55133038
  0.11277895 0.17052171 0.22386824 0.06117383 0.09145294 0.11995578
  0.4709367 ]]",[ 0.28885135  0.05677475 -0.28101026  0.00778112],4,0.027905900209919343,0.9457957246435238,0.963887587896982,0.015243905825045295,0.02726392837441969,31.414810912974644,0.020143666059741605
364,"[[-0.0856508  -0.05786262  0.11824155 -0.34124592  0.05839015 -0.03534035
   0.25102421  0.79587874  0.03537891 -0.27846407 -0.25172154  0.11995303
  -0.03528714]
 [-0.38967891  0.13034094  0.06301516 -0.3252061   0.11810017  0.06275467
   0.4777982   0.03734701 -0.38073032  0.51894182 -0.23793956  0.03577399
   0.04133699]
 [-0.14149814 -0.49830545  0.04732664  0.05332666 -0.12342411  0.01528619
   0.01212543 -0.01787099  0.04625414  0.44606391  0.62245654 -0.19999703
   0.28651251]
 [ 0.01265539  0.64903383 -0.3609084  -0.08867814 -0.14077526  0.07330997
  -0.36867131 -0.07744599 -0.38426375 -0.0237648   0.33443255 -0.11434195
  -0.01500669]]","['bbo_main', 'random_fill', 'random_fill', 'random_fill']","[[0.11569523 0.17550995 0.32265841 0.20342071 0.30550279 0.4107975
  0.14700084 0.2274809  0.29698912 0.0600356  0.09059349 0.17299829
  1.00000015]
 [0.11469137 0.17540577 0.44592621 0.2161066  0.33972577 0.50784633
  0.12124109 0.17798938 0.22530176 0.06819887 0.10271348 0.13470984
  1.        ]
 [0.10422394 0.15683826 0.27695365 0.21048665 0.31695615 0.4240448
  0.12274505 0.19097548 0.27167482 0.08746465 0.1317635  0.16422804
  1.00000049]
 [0.1227357  0.18577861 0.23720735 0.21473798 0.32721879 0.65972063
  0.11240488 0.16782827 0.21898484 0.06854731 0.10708268 0.13741251
  1.00000027]]",[ 0.12638848  0.04388676  0.28413389 -0.11534483],4,0.029125367844037575,0.9376148918837461,0.9570900021710403,0.015337449400502627,0.026441911029906853,31.67467166800634,0.02039005285562745
365,"[[ 0.22723766  0.38421668 -0.2510623   0.38143742 -0.07548056  0.07771928
  -0.45254366  0.26564149  0.06670485  0.45881894  0.28511856 -0.03190159
   0.08854591]
 [-0.04595144  0.02929305  0.17429331  0.3150505  -0.28948809  0.09846778
   0.31536106 -0.07224818  0.20489085  0.5179668  -0.14476087 -0.57802576
  -0.0623249 ]
 [-0.29012435 -0.03883815  0.02698672 -0.0386661  -0.11273036 -0.00175961
   0.33108467  0.52542854  0.04998884  0.1830154   0.66693966  0.12433068
   0.13203227]
 [-0.00080631 -0.08942923  0.05399782  0.11018438  0.08615186  0.1140678
   0.45034383  0.49383849 -0.28333728  0.61231333  0.10872706  0.11419995
   0.17249622]]","['bbo_main', 'random_fill', 'random_fill', 'random_fill']","[[0.11846331 0.17877046 0.23049092 0.21948441 0.33399458 0.7194074
  0.11968373 0.19206532 0.27289407 0.07148163 0.10716346 0.13815142
  1.00000003]
 [0.11843852 0.17948213 0.30520756 0.2173974  0.33057102 0.43869869
  0.12391217 0.19565394 0.54219921 0.06012807 0.09027463 0.11776066
  1.00000037]
 [0.10900299 0.16353083 0.22344908 0.20741654 0.31194628 0.41822241
  0.13042864 0.20656756 0.28037891 0.07134273 0.11004423 0.37716012
  1.00000056]
 [0.10953282 0.16388095 0.22327689 0.21782259 0.33618792 0.51510415
  0.12591231 0.19389417 0.24860942 0.07091658 0.10639737 0.37466157
  1.00000005]]",[0.31471147 0.09271885 0.35524261 0.46132298],4,0.027851929355414085,0.9392461732014321,0.9584544019405131,0.015298032103497762,0.026807793662461818,31.529994893993717,0.02024443076185012
366,"[[ 0.43212096 -0.22916069 -0.26555007 -0.00505377 -0.19425667  0.20669906
  -0.32027636 -0.49072531  0.19221179  0.1989328  -0.375014    0.21447679
  -0.0566623 ]
 [-0.38860388 -0.31012482 -0.18959303 -0.34823547 -0.64124605  0.04168456
   0.121854   -0.01882729  0.01987913  0.23677019  0.07777431 -0.02592095
   0.32292902]
 [-0.12789349  0.25915582 -0.18840985 -0.36722705  0.1833833  -0.05201899
   0.49779508  0.15153416 -0.25470943 -0.46724906  0.393297    0.03089482
  -0.01392771]
 [ 0.48118637 -0.01134367  0.07398527  0.30079463  0.34481544 -0.24669721
   0.50693943 -0.13572152 -0.33621077  0.31277636 -0.03330698  0.06708043
  -0.02718075]]","['bbo_main', 'random_fill', 'random_fill', 'random_fill']","[[0.11316502 0.1683782  0.22092961 0.21968283 0.33896447 0.50211483
  0.11701041 0.17983819 0.2594495  0.06580796 0.10040995 0.39482704
  1.00000005]
 [0.10787731 0.16036507 0.21101498 0.19897692 0.29926399 0.50632515
  0.13100642 0.20773608 0.28467145 0.07784591 0.11484583 0.14662488
  1.00000182]
 [0.11583393 0.17439985 0.22560988 0.20370259 0.31017552 0.41228846
  0.14163508 0.20707393 0.26054198 0.06601923 0.11880872 0.20099525
  0.95451596]
 [0.12136809 0.183224   0.31981375 0.22298493 0.34182947 0.4378347
  0.11447615 0.17003465 0.22213513 0.06558745 0.10091153 0.15013579
  0.42920988]]",[-0.08392464 -0.00754427 -0.00717901  0.13274086],4,0.02944378861367234,0.9343589660108484,0.9543545690380695,0.015228600183532325,0.02764643732724842,32.003387026983546,0.0204717328826671
367,"[[-0.10420997  0.11424492  0.00668449 -0.55316539  0.10821029  0.03872332
  -0.19995786 -0.13427477 -0.38484862 -0.54786505  0.26215037 -0.28607876
  -0.00122248]
 [-0.25416732 -0.56661973  0.03862989  0.21288259 -0.4510447   0.12508309
  -0.01510076 -0.53261447 -0.12471477  0.12081651 -0.08893939  0.15978834
  -0.03071732]
 [ 0.60713591 -0.2815316  -0.0702479   0.18333431  0.11346161 -0.24474662
   0.29369644  0.00768073 -0.08272508 -0.03624044  0.12396964 -0.57167706
   0.0644106 ]
 [-0.2233871  -0.35661358 -0.10325477  0.37363673  0.27515379  0.04035738
   0.49432488  0.00263088 -0.10699414 -0.4523017  -0.33709726 -0.05199606
   0.13635961]]","['bbo_main', 'random_fill', 'random_fill', 'random_fill']","[[0.12309413 0.18577076 0.25117714 0.21902938 0.34506454 0.57553526
  0.11227074 0.16403719 0.21052092 0.05833704 0.08964769 0.11510836
  1.        ]
 [0.11004576 0.16491803 0.2235902  0.22022798 0.33707231 0.48371001
  0.11472159 0.17426379 0.23367621 0.06780441 0.10548713 0.40229604
  1.00000004]
 [0.12907249 0.18299816 0.27545982 0.21283162 0.32140333 0.41803136
  0.1363421  0.20796748 0.27357072 0.05588728 0.08332372 0.10639262
  1.00000007]
 [0.10224209 0.15493204 0.20698266 0.25065534 0.3800598  0.52080852
  0.12350137 0.18838485 0.24327289 0.05663198 0.08708653 0.11864097
  1.0000026 ]]",[-0.21956492 -0.24874246  0.01157081  0.2305214 ],4,0.027076969131293288,0.9447012404539145,0.962984947529998,0.015212582587330926,0.02559917486182617,31.677615107997553,0.02019232042863711
368,"[[ 0.10684207  0.13952269 -0.38458914 -0.41157807 -0.07839768 -0.08017131
   0.11499209 -0.29147031 -0.03466977 -0.3053161  -0.65424739  0.01979261
   0.13494374]
 [ 0.28943232 -0.49971606  0.12503193 -0.2741933   0.12103773 -0.44943657
  -0.18996886  0.49517095  0.14751144  0.11436447 -0.17127    -0.10641978
  -0.04769286]
 [-0.28740925  0.14044138  0.14085875 -0.32576389 -0.21025169 -0.12094268
   0.07363828  0.12011073  0.15443694 -0.57983425  0.5528484   0.15722604
   0.05105729]
 [ 0.15241299  0.34696912  0.136833   -0.48056879 -0.63088728 -0.14246886
  -0.33086464  0.12522613  0.12528179 -0.05716312  0.03665911 -0.20201543
  -0.04611586]]","['bbo_main', 'random_fill', 'random_fill', 'random_fill']","[[0.12500334 0.18409431 0.23026292 0.20469089 0.31218303 0.41199808
  0.12579987 0.19129627 0.25748701 0.05574499 0.08365363 0.19633813
  1.00000164]
 [0.11871335 0.17859092 0.30442259 0.20278538 0.30394196 0.39812142
  0.12688308 0.20514322 0.32857786 0.06530927 0.09916229 0.13105208
  0.44416526]
 [0.12067151 0.1827418  0.31546134 0.20115792 0.30135597 0.39682714
  0.12539933 0.19657449 0.28869598 0.06657513 0.10500755 0.34980119
  1.00000011]
 [0.1229485  0.18621749 0.37754883 0.1984779  0.29797619 0.3951533
  0.12494667 0.19745104 0.28282629 0.06648985 0.10146531 0.13001608
  0.54540082]]",[-0.17440502 -0.13326538  0.06147006 -0.23733635],4,0.02771557631319188,0.94798846205785,0.9656891019576997,0.015280950029448988,0.026489264065821888,31.175045656011207,0.020037882293853317
369,"[[-0.2485808   0.32357142 -0.11316464 -0.26202114 -0.20175063  0.06325816
  -0.05348878  0.5246582  -0.64721627 -0.05350955  0.03110008  0.07963054
  -0.01245839]
 [ 0.02890783 -0.06998887  0.02366446  0.03382795  0.34680711 -0.02966767
  -0.48296031  0.50871768 -0.11912348  0.19756416  0.18363731 -0.48338908
   0.24238857]
 [-0.35804644 -0.06389611 -0.01637492 -0.56569085  0.09768955 -0.02002504
  -0.31440741 -0.25106325  0.03322776 -0.52168583  0.27728946 -0.08271705
   0.13647342]
 [ 0.17863684  0.15139861  0.33891775 -0.12717267 -0.02201597 -0.73845949
  -0.38210722 -0.23526805 -0.21974962  0.02490588  0.06947275  0.05603508
  -0.1004416 ]]","['bbo_main', 'random_fill', 'random_fill', 'random_fill']","[[0.12171829 0.18470761 0.23856281 0.20234314 0.30328399 0.4510703
  0.12209289 0.18831961 0.2405533  0.06765383 0.106045   0.38449637
  1.0000001 ]
 [0.10623136 0.15928711 0.28256243 0.2433381  0.36912238 0.47867376
  0.11946162 0.19617721 0.25794112 0.05857579 0.08633083 0.10825664
  1.00000101]
 [0.11074477 0.16468222 0.22458467 0.21182115 0.33168413 0.44469416
  0.11458842 0.17266237 0.44007506 0.06717605 0.10947669 0.14066842
  1.00000018]
 [0.12198816 0.18493084 0.5600748  0.20374109 0.30484411 0.39962307
  0.12187052 0.19018014 0.25176184 0.06722386 0.10289762 0.13585414
  1.00000038]]",[-0.12873968  0.34951557 -0.09478432 -0.31875972],4,0.02656043343147728,0.9381583987067307,0.9575450555851267,0.015302325324957398,0.02471629880997145,31.836514644994168,0.02050336001175458
370,"[[ 0.21019654 -0.02779186  0.32012162 -0.08763769  0.22685323  0.32752241
  -0.17289171  0.43858985 -0.57630201  0.21156021  0.17619316  0.21643356
  -0.09555968]
 [-0.26209273  0.22130195 -0.24650188 -0.47895126  0.12958535  0.03650062
   0.00458083 -0.0583215   0.03571376 -0.33087151  0.54804958 -0.39898375
   0.01818023]
 [ 0.72028099 -0.36645931  0.07789883  0.02083814  0.09927041  0.03102396
  -0.14717366  0.1339399  -0.01855106  0.4833877   0.23489401  0.02772994
  -0.00559987]
 [-0.10681053 -0.34609175 -0.01744888  0.52597905 -0.33979906  0.21544228
  -0.08184977 -0.52775816  0.24813055 -0.12988207 -0.09083948  0.23815941
   0.03656373]]","['bbo_main', 'random_fill', 'random_fill', 'random_fill']","[[0.1177575  0.17797119 0.32295459 0.21939943 0.33947251 0.70526198
  0.11879388 0.18230514 0.23669537 0.06588708 0.10090457 0.13509608
  1.00000028]
 [0.1093185  0.16205764 0.21153604 0.21164455 0.33532057 0.65601022
  0.1250688  0.19121026 0.30906115 0.0656555  0.10179886 0.12612007
  1.00000001]
 [0.11859438 0.1764704  0.52733045 0.21718425 0.33314891 0.44208869
  0.12043969 0.18919811 0.25137435 0.07301647 0.10997455 0.14238655
  1.00000001]
 [0.1098422  0.164325   0.22250134 0.22144684 0.33709895 0.46219442
  0.12093852 0.18952223 0.53045911 0.0646189  0.09999166 0.18415133
  1.00000001]]",[ 0.30037079 -0.07651532  0.17557187  0.11366798],4,0.028042093148267888,0.9387021579765266,0.9579998566764899,0.015271787670571541,0.024950011670619693,31.389189122011885,0.020272890358215438
371,"[[-0.2703855  -0.41691805 -0.4628154  -0.22963062 -0.30565292 -0.01430656
   0.25667817  0.01570061 -0.32562714  0.12897032  0.34173074 -0.29380318
  -0.0248505 ]
 [ 0.12512489 -0.12635813 -0.15841159  0.25440593  0.24148699  0.04075118
  -0.36348225 -0.10952182  0.14222729  0.73664763  0.32826129  0.0484678
  -0.03855963]
 [ 0.07223253  0.36679982 -0.04465648  0.5068701   0.22461535  0.07583563
   0.01167548  0.07752673  0.02272341  0.5463425   0.31282608  0.00997316
   0.37684605]
 [-0.52202016 -0.0047077  -0.19995938 -0.04975578 -0.06226219  0.08389773
   0.30030749  0.1222541  -0.09575217 -0.32591197  0.67270214  0.00877398
  -0.03122644]]","['bbo_main', 'random_fill', 'random_fill', 'random_fill']","[[0.10680549 0.15617567 0.20413563 0.2110078  0.32030907 0.46191726
  0.12625692 0.19380455 0.24899268 0.07051859 0.10869324 0.13825637
  0.56762742]
 [0.10772984 0.16081874 0.21365174 0.22277593 0.34423489 0.45767892
  0.11913677 0.18425653 0.5181335  0.07181711 0.10881498 0.14244402
  1.00000001]
 [0.11567282 0.17597375 0.23291338 0.24114897 0.36279529 0.55782444
  0.1167131  0.17987537 0.24357627 0.07448425 0.11042577 0.14175039
  1.00000082]
 [0.10554002 0.15843913 0.21099452 0.21923244 0.33501397 0.52705427
  0.12475355 0.19111297 0.24821757 0.06770596 0.11493181 0.15549993
  0.44189505]]",[-0.39554982  0.18494522  0.78286569 -0.00570273],4,0.028615343724033904,0.9441544521865335,0.9625331737918842,0.015158239935729675,0.02435984045893902,31.434045480011264,0.020166138707475523
