iteration,batch_directions,batch_sources,batch_points,batch_support_values,batch_size_applied,best_gap,ci_lower,ci_upper,mean_gap,max_gap,wall_time_seconds,implied_threshold_for_tolerance
0,"[[ 0.07022503  0.08683169  0.43146584  0.06118131  0.10440583  0.50832008
   0.03596762  0.11703642  0.51105839 -0.08225602  0.09980131  0.47646092
  -0.09175876]
 [-0.07651685  0.01774008  0.31768679 -0.17049958 -0.06849449  0.46064988
   0.2874607   0.01079865  0.69476334  0.19898431 -0.15819666  0.0252513
  -0.12743908]
 [-0.05360511  0.39028103  0.43425273  0.0985302   0.12159139  0.19781786
  -0.28701376 -0.2695947   0.49354446 -0.14448514  0.32143309  0.25407642
  -0.07220013]
 [ 0.06964971  0.24383108  0.51913961 -0.32026251 -0.21463299  0.29997464
   0.11083257  0.00302081  0.10586649 -0.11953592 -0.02953873  0.4940257
  -0.38058606]]","['bbo_main', 'random_fill', 'random_fill', 'random_fill']","[[0.08510978 0.1457425  0.21402244 0.16348658 0.27683878 0.41201198
  0.09267088 0.16056821 0.24225304 0.04796849 0.08207985 0.12253463
  0.12709324]
 [0.08514012 0.14577388 0.20630788 0.16276441 0.2762604  0.39512705
  0.09295377 0.16118225 0.26075559 0.0476015  0.08129666 0.11451116
  0.08109454]
 [0.08737119 0.14890657 0.24576047 0.16267409 0.27532598 0.38587195
  0.09131705 0.15799581 0.37343005 0.04865173 0.08341049 0.11762261
  0.99999996]
 [0.08583964 0.14720868 0.21682653 0.16194461 0.27433988 0.38635554
  0.09252577 0.15973421 0.23045884 0.04859836 0.08313399 0.11770663
  0.00972257]]",[0.55621309 0.39574689 0.37895866 0.24090585],4,0.369147834995443,2.4548656141978765e-07,0.0012550263386699402,0.11588149080692552,0.290505874167118,36.04215717600164,0.21285224247134682
1,"[[-0.08692084 -0.05755317 -0.23453494  0.24690154  0.32272775 -0.19931245
   0.02991256 -0.15802033 -0.24092652  0.12634178 -0.055843    0.77820435
  -0.14385154]
 [-0.11541504  0.32973316 -0.31312128 -0.08280527  0.47861521  0.55497149
  -0.23630396 -0.20264217 -0.24786     0.09671508  0.20849967 -0.05385623
  -0.14806583]
 [-0.03826861 -0.02919196 -0.2110154   0.0793956  -0.11808145  0.1538088
  -0.52386278  0.1821584  -0.32202455  0.01491034 -0.0546373   0.68580881
  -0.15619484]
 [-0.3783665   0.14088858  0.10297418  0.00235954  0.29955076 -0.24459672
   0.40146468  0.06524106 -0.37807654  0.01964104  0.25082711  0.52466405
  -0.17285025]]","['bbo_main', 'random_fill', 'random_fill', 'random_fill']","[[0.08427514 0.14447026 0.20507704 0.16344797 0.27662026 0.38818432
  0.09142918 0.15664089 0.2258176  0.0494604  0.08537776 0.15234547
  0.0916251 ]
 [0.08412005 0.14420282 0.20406625 0.16579342 0.28472944 0.43661537
  0.09105155 0.15400355 0.21879686 0.04764111 0.08153433 0.11535771
  0.13755725]
 [0.08461825 0.14497719 0.20533263 0.16317812 0.27626286 0.39238688
  0.09129072 0.1569636  0.22366931 0.04919274 0.08469786 0.15010292
  0.08263569]
 [0.08494272 0.14612668 0.20746847 0.16209706 0.27431833 0.38510633
  0.09231315 0.15778087 0.22530305 0.04937742 0.08490192 0.14533707
  0.0585789 ]]",[ 0.01895455  0.22687139 -0.0152302   0.04873674],4,0.1999385445681055,2.4548656141978765e-07,0.0012550263386699402,0.08063234872218789,0.14642087859307468,18.78923255299742,0.11604128811519779
2,"[[ 0.26176347 -0.16910294  0.77437751  0.20716363  0.17484966 -0.224644
  -0.07947952  0.2280457  -0.26466529  0.08254952  0.03562287 -0.14771283
  -0.14490482]
 [ 0.22385102 -0.20588958  0.69879972  0.0758156   0.25317873 -0.08771179
   0.02505338  0.33460245 -0.07533324  0.39048274  0.05121701  0.14486264
  -0.21746636]
 [-0.00934264 -0.01498322  0.59369174  0.24801955  0.37906664  0.16320825
  -0.39408348  0.14411644 -0.44638776  0.00460434 -0.12948752 -0.00099328
  -0.15249136]
 [ 0.22919761 -0.11783552  0.51510845 -0.0637555   0.32205896  0.12778697
  -0.39627985  0.44688878 -0.08337741  0.35671882 -0.17552398 -0.11262397
  -0.098438  ]]","['bbo_main', 'random_fill', 'random_fill', 'random_fill']","[[0.08729297 0.1494287  0.25383638 0.16223661 0.27472462 0.38533223
  0.09224183 0.15784761 0.22498186 0.04761075 0.08164908 0.11564256
  0.12211416]
 [0.08555432 0.1468296  0.23730397 0.16213771 0.27443867 0.38506729
  0.09230143 0.15937552 0.23035844 0.048531   0.0830574  0.11767305
  0.05137839]
 [0.08553992 0.14703246 0.24433851 0.16495792 0.28072832 0.39826535
  0.0911407  0.15474796 0.21863431 0.0472595  0.08100325 0.11480325
  0.10796245]
 [0.08657076 0.14786296 0.25049618 0.16395523 0.27812186 0.39084531
  0.09172245 0.15839009 0.22629    0.0472403  0.08066873 0.11370032
  0.11642678]]",[0.13041116 0.27011243 0.21632761 0.25450806],4,0.1814143195316241,2.4548656141978765e-07,0.0012550263386699402,0.07473396603458286,0.1432800602640591,18.952345951001917,0.10258863422338727
3,"[[-0.35873003  0.18601781  0.40253402  0.26781794 -0.26023511 -0.25550247
   0.16010022 -0.19082721 -0.38820746 -0.1071452  -0.24983927  0.42741345
   0.02474036]
 [-0.08248674 -0.20061753  0.39222588  0.17777162  0.39416869 -0.14596654
  -0.18472844 -0.45464691 -0.17753843 -0.34380608  0.18929664  0.40551776
  -0.00082296]
 [ 0.41126351 -0.1462246   0.34818407  0.0457189  -0.40852703 -0.3097724
  -0.18661715 -0.20602262 -0.1351785  -0.21791143 -0.10716417  0.5150201
   0.05954231]
 [-0.0514844   0.17428969  0.37959394 -0.06955898 -0.04372186 -0.29050889
   0.27750616  0.00911779 -0.40788035 -0.51452162 -0.13510855  0.44763978
  -0.07005749]]","['bbo_main', 'random_fill', 'random_fill', 'random_fill']","[[0.08758926 0.15096763 0.26078851 0.15951452 0.26822955 0.37622341
  0.09176321 0.15494467 0.21767646 0.04952555 0.08566716 0.24531341
  1.00000024]
 [0.08542099 0.14681813 0.25397265 0.16550141 0.27985377 0.39124528
  0.08878462 0.14820051 0.21036329 0.04881396 0.08576528 0.24421832
  1.00000001]
 [0.08849987 0.15121688 0.22383485 0.15799445 0.26469033 0.37237229
  0.09196426 0.157068   0.22369825 0.05010845 0.08622528 0.276786
  1.00000024]
 [0.08802894 0.15108886 0.23941326 0.15957721 0.26882139 0.37784202
  0.09225018 0.1557043  0.21954498 0.04874856 0.08513258 0.15175352
  0.25663076]]",[-0.01806868  0.12227352 -0.02186726 -0.06909966],4,0.1407605961046455,0.0002078592656904649,0.003204185101432733,0.07174680045491638,0.1271321979694393,19.339780599999358,0.09762358461615582
4,"[[ 0.03996302 -0.17518015 -0.23335105  0.21542871  0.40954222 -0.40971104
  -0.20232133  0.46258627  0.48669262  0.07728849  0.10119207  0.06492128
  -0.13801034]
 [ 0.16282108 -0.13703409 -0.24779204  0.15000801  0.40347233 -0.43656789
  -0.11574429 -0.48238131  0.38391757 -0.15436574 -0.07537144 -0.045226
  -0.30395725]
 [-0.13930819 -0.18956945 -0.19152318 -0.18958334  0.19980867 -0.33470594
  -0.34026799  0.37334596  0.40423714  0.06425566  0.39298562  0.34954386
  -0.14407474]
 [ 0.18826757 -0.04678844 -0.07187352 -0.21228522  0.02423641 -0.26175379
   0.10471899 -0.07173871  0.68051144  0.14881729  0.07922743  0.57488001
   0.07009969]]","['bbo_main', 'random_fill', 'random_fill', 'random_fill']","[[0.08415591 0.14383715 0.20417625 0.16258181 0.27536579 0.38621062
  0.09294754 0.16187677 0.2556779  0.04839429 0.08282985 0.11724657
  0.05270489]
 [0.08529227 0.14590063 0.20623598 0.16333592 0.27654137 0.38773885
  0.09265603 0.1601792  0.23753475 0.04797202 0.08215979 0.11634091
  0.0043905 ]
 [0.08431547 0.1441254  0.20449273 0.16122423 0.27349019 0.38433626
  0.09260771 0.16084225 0.24332463 0.04967632 0.08474913 0.13555183
  0.05784251]
 [0.08508083 0.14527187 0.20561182 0.16034216 0.27176669 0.38201491
  0.09283818 0.16144662 0.39957134 0.04994781 0.08506556 0.12764911
  1.00000006]]",[ 0.11305819 -0.10739745  0.01965201  0.29470545],4,0.133206440806553,2.4548656141978765e-07,0.0012550263386699402,0.06969334587438698,0.12093569929245085,19.179015536996303,0.09467998181658388
5,"[[-6.20116831e-02 -2.45573733e-01 -2.68175842e-01 -1.73157316e-01
  -1.27786950e-01  5.33143219e-01  1.33398419e-01 -2.67486619e-01
  -2.21371923e-01  1.60050196e-01 -7.39082515e-02  6.03276102e-01
  -2.20224510e-03]
 [-6.40636268e-02 -4.25548624e-02 -1.10658078e-01  6.69398783e-02
  -3.34380947e-01  6.89927384e-01  3.01972992e-01  2.87085871e-01
   5.45843856e-02 -9.55790130e-02  6.94631389e-02 -4.28325176e-01
  -1.24659510e-01]
 [ 1.18235089e-01 -1.98099460e-01  4.39291387e-01 -1.25321619e-01
  -3.79371206e-01  4.55479788e-01 -1.47128946e-01 -3.82443394e-01
  -2.59818511e-01  1.00648631e-01  3.63003560e-01  9.50180400e-02
  -1.90942890e-02]
 [-3.69073596e-01 -1.06613161e-01  5.62748239e-01 -1.01733704e-01
  -3.04268321e-01  4.06763492e-01  1.03393849e-04 -3.22768580e-01
  -2.60405941e-01  2.50546178e-01  9.32315216e-02 -1.53988916e-01
   1.33539330e-02]]","['bbo_main', 'random_fill', 'random_fill', 'random_fill']","[[0.08313348 0.1418808  0.20041398 0.1640101  0.2822742  0.42070334
  0.0912445  0.1536484  0.21659242 0.04972705 0.08535909 0.27081097
  1.00000001]
 [0.08429596 0.14436289 0.20425168 0.16450023 0.27946324 0.43507454
  0.09293534 0.15982143 0.22833124 0.04630544 0.0787279  0.11124152
  0.13683891]
 [0.08735488 0.1491709  0.25018435 0.16187043 0.27698793 0.5223964
  0.08910694 0.14867015 0.20912818 0.0503667  0.08602441 0.1205318
  1.00000003]
 [0.08550089 0.14743134 0.38156524 0.16329138 0.27867162 0.40125423
  0.09095005 0.15360257 0.21675598 0.04850028 0.08254384 0.11570047
  1.00000001]]",[0.15202812 0.20633533 0.10760687 0.13863468],4,0.12885784412591844,2.4548656141978765e-07,0.0012550263386699402,0.06495223515432354,0.1117501883147611,19.301183103998483,0.08914692950475067
6,"[[ 0.03759145 -0.24391256  0.56445962  0.2898693  -0.26496652 -0.28657033
   0.06490076  0.19499166  0.54385791  0.10019209 -0.02885703 -0.14059052
   0.12438931]
 [ 0.17051843 -0.3326228   0.51843046  0.45887734 -0.18531073  0.02828153
   0.14545773  0.16909409  0.52265292  0.05575865 -0.13164113 -0.04079462
  -0.02806448]
 [ 0.21325852 -0.40054128  0.37876191  0.16076675  0.57013889 -0.01438239
   0.07369537  0.34938948  0.27483821  0.03068219 -0.1974966  -0.17660844
   0.15918179]
 [ 0.21830305  0.21719994 -0.60830095  0.24895336  0.32036885 -0.38359832
   0.29466962  0.29554675  0.04490102 -0.15864508  0.06511189  0.1316755
   0.02087694]]","['bbo_main', 'random_fill', 'random_fill', 'random_fill']","[[0.08630368 0.14773964 0.37368241 0.15924612 0.26693857 0.37262902
  0.09336323 0.163103   0.24424342 0.04829172 0.0829333  0.11691031
  1.        ]
 [0.08554202 0.14663652 0.25475887 0.16306286 0.27567779 0.38655645
  0.09299566 0.16180464 0.36789659 0.04691298 0.08022556 0.11312879
  1.0000001 ]
 [0.0839918  0.14386202 0.36937224 0.16708437 0.28272787 0.39428479
  0.09352924 0.16335255 0.24055736 0.0453058  0.07662896 0.1080388
  1.00000047]
 [0.08166501 0.13294569 0.18092939 0.16245974 0.27254458 0.3787343
  0.10628527 0.18526118 0.26275344 0.04791648 0.08275076 0.17965248
  1.00000002]]",[0.32787857 0.32510347 0.53901654 0.05931124],4,0.12707965874780985,2.4548656141978765e-07,0.0012550263386699402,0.061799750884884715,0.11445460820145009,19.66591460700147,0.08375731393673683
7,"[[-0.15398323 -0.27053233 -0.25352333 -0.1419236   0.43884992 -0.50819899
   0.27171027 -0.16792864 -0.37426847  0.16885733 -0.03633303 -0.30917272
  -0.01747942]
 [ 0.06002463 -0.21028446 -0.23673946 -0.08147803  0.217311   -0.46495405
   0.05002678 -0.2762539  -0.2467773   0.41159198 -0.21373456 -0.5192597
   0.04059452]
 [ 0.24241379  0.32896529  0.29574948 -0.29368825  0.32834808  0.38729269
   0.24809507  0.14344064 -0.27587473  0.15874586 -0.03572037 -0.27619565
   0.37482701]
 [-0.19503444  0.09872405 -0.05357574  0.18848239  0.38001053 -0.49856453
  -0.19121252  0.33118409 -0.38101335  0.2643556   0.12566638 -0.34158074
   0.16454468]]","['bbo_main', 'random_fill', 'random_fill', 'random_fill']","[[0.08156586 0.13837834 0.20465174 0.16812568 0.28569665 0.39538081
  0.0904829  0.14982967 0.21316118 0.04942233 0.08367176 0.1177755
  0.30731144]
 [0.08603193 0.14513856 0.20724227 0.16777367 0.27956335 0.38202891
  0.08971689 0.14876684 0.22118674 0.04764572 0.07683525 0.10450799
  1.00000028]
 [0.08877805 0.15070083 0.22230152 0.16469152 0.28531744 0.55487486
  0.09166139 0.15334422 0.21551141 0.04571054 0.07721467 0.10915337
  0.99999994]
 [0.08691011 0.15177412 0.237776   0.17178551 0.27626521 0.36990712
  0.09011981 0.15342776 0.21329384 0.04936742 0.08026334 0.11034028
  1.00000032]]",[-0.31812915 -0.30663939  0.73151627  0.04053851],4,0.11093817670865816,2.4548656141978765e-07,0.0012550263386699402,0.059599869879863876,0.1004094610700787,20.097142049999093,0.07974328383021971
8,"[[ 0.30769619  0.06488985 -0.34096012  0.20477293  0.42270775  0.39939657
   0.25620762 -0.18967598  0.42346258  0.15735379 -0.21993168 -0.22331891
   0.02803176]
 [ 0.3979739   0.25649808 -0.2950124   0.27029312 -0.26117763  0.48424801
   0.16624899 -0.18929812  0.41268913 -0.24987692 -0.05748903 -0.11154111
   0.03248431]
 [ 0.39008113 -0.22442417 -0.16068342 -0.03700776  0.10577042 -0.5460081
   0.07574592 -0.05954756  0.62671986  0.08150093  0.20373912 -0.02030397
  -0.10170603]
 [-0.0807995   0.35271197  0.09907663 -0.28522951  0.35980348 -0.50608777
  -0.14125776  0.31594429 -0.06020208  0.23418878  0.39268863  0.19185133
   0.15184126]]","['bbo_main', 'random_fill', 'random_fill', 'random_fill']","[[0.08257441 0.14073046 0.19813736 0.17126318 0.29454324 0.44981507
  0.09191145 0.15574409 0.33952865 0.04536267 0.07680479 0.10905918
  1.00000002]
 [0.08511627 0.14539408 0.20448931 0.16457918 0.27870262 0.56317514
  0.09282019 0.16077413 0.23879763 0.04609872 0.07846093 0.11103409
  1.00000005]
 [0.08523042 0.14536697 0.20617237 0.16000068 0.26999758 0.37914888
  0.09301306 0.16230982 0.27654552 0.04925546 0.08416628 0.11870664
  0.17801466]
 [0.09145611 0.15693305 0.22339473 0.15463773 0.25872313 0.3613244
  0.09228637 0.15845224 0.22562944 0.05421189 0.09441679 0.24488264
  1.00000012]]",[ 0.43792139  0.34286665 -0.04554371  0.20825324],4,0.10451518607994503,2.4548656141978765e-07,0.0012550263386699402,0.05727000614710137,0.09693788392996733,19.145859381002083,0.07677651411371145
9,"[[ 0.25631099  0.20808322 -0.36751961  0.17632873 -0.46411831  0.33798957
   0.18776476  0.31691119 -0.14971712  0.2068826   0.29308595  0.32615551
  -0.04494534]
 [ 0.28820511 -0.10429005 -0.25639657 -0.35467097 -0.09443453 -0.1186353
   0.40789357 -0.218341    0.2095827   0.23409313  0.31066844  0.52519989
  -0.08008889]
 [-0.41461047  0.23542806 -0.03522046  0.25436661 -0.13059505 -0.52630992
  -0.20723781  0.52963891 -0.1719027   0.16446029 -0.16826555  0.00596691
  -0.06527043]
 [-0.10854949 -0.2648932  -0.16397395  0.34915234  0.39501625  0.25936384
   0.22547281 -0.36362969 -0.29802252  0.32647427 -0.17677393  0.36148565
  -0.07455232]]","['bbo_main', 'random_fill', 'random_fill', 'random_fill']","[[0.08494742 0.14485887 0.20212278 0.161093   0.27372804 0.5365138
  0.09253436 0.15831486 0.22341603 0.0510632  0.08835505 0.14838175
  1.00000004]
 [0.08486843 0.14469219 0.20461494 0.15995051 0.27115108 0.38185327
  0.09265603 0.15944316 0.23334669 0.05066946 0.0872684  0.29043706
  0.99999999]
 [0.08627026 0.14800207 0.21219631 0.15982779 0.26822947 0.37556496
  0.09306041 0.1622115  0.23291956 0.0496793  0.08459586 0.11976833
  0.06587337]
 [0.08159268 0.13877498 0.19726017 0.17117634 0.29475882 0.41817608
  0.09014846 0.15100489 0.21298304 0.0482811  0.08273146 0.14820795
  0.27746518]]",[ 0.1343379  -0.00742234 -0.18349736  0.14266755],4,0.10401428870440596,5.395411025929977e-05,0.0023346635863319577,0.055253453723548854,0.09072366965801655,19.141523956997844,0.07462895224048693
10,"[[ 0.1015649   0.22204677  0.36070698  0.41118061  0.28671667  0.33428115
   0.39283625 -0.25466776 -0.34619989 -0.12862313 -0.0437331  -0.29699271
  -0.03948332]
 [ 0.31037134 -0.27658402  0.2822507  -0.03785194  0.35520567 -0.00645106
   0.30051054 -0.59810344  0.30811449  0.13235084 -0.07974285 -0.22467933
  -0.05034567]
 [ 0.15208531 -0.33094526 -0.38714886  0.38609686 -0.40347025  0.16996765
  -0.01094051 -0.2571205  -0.44158555 -0.28566006 -0.05758916 -0.12726032
  -0.11987997]
 [-0.1099566  -0.18999547  0.20616392  0.27060028 -0.09254163 -0.44941189
   0.40308209  0.08436299  0.23739902 -0.52911016  0.19506509  0.27129576
   0.08937716]]","['bbo_main', 'random_fill', 'random_fill', 'random_fill']","[[0.08754509 0.14890851 0.33907974 0.17160164 0.29553058 0.42723543
  0.08907452 0.14728735 0.20665112 0.0449334  0.07615213 0.10718607
  1.00000002]
 [0.08641446 0.1472838  0.2471868  0.16540895 0.28206683 0.39507666
  0.09172009 0.15579033 0.23965507 0.04592373 0.07778367 0.10986754
  0.19724956]
 [0.08470941 0.14498932 0.20488545 0.16499933 0.28111424 0.40765362
  0.09158021 0.15541251 0.22044444 0.0477203  0.08205101 0.11627822
  0.04543196]
 [0.08535982 0.14698766 0.21906726 0.15689607 0.26083163 0.36370751
  0.09916005 0.17294725 0.25463348 0.04881186 0.08396806 0.24360139
  1.00000008]]",[ 0.30788727  0.12071994 -0.271757    0.12374206],4,0.10124148822608642,5.395411025929977e-05,0.0023346635863319577,0.05236961527039793,0.085024079307766,19.541935970999475,0.070901030293927
11,"[[ 0.24075236 -0.17730627  0.34493917  0.25283875  0.51766346 -0.35070828
   0.29191963  0.31429024  0.12471097  0.09062407  0.21588876  0.2864347
  -0.01745877]
 [ 0.07509494  0.20526624  0.05678205  0.27127466  0.46857338  0.19083388
   0.20595372  0.42841321 -0.07483699  0.00669848  0.58407355  0.21570478
  -0.01276974]
 [-0.01740859 -0.16736187  0.04330517 -0.23942356  0.58524423  0.35652174
   0.19692459  0.26505536 -0.02651732 -0.27606948  0.48137067  0.15011056
  -0.05164642]
 [ 0.21243493 -0.46848231  0.13654232  0.26832644  0.33988511  0.28936099
   0.13750885  0.44272444 -0.2460393   0.3218391   0.081934    0.2440882
   0.01340106]]","['bbo_main', 'random_fill', 'random_fill', 'random_fill']","[[0.08553568 0.14642836 0.38088438 0.16211654 0.27425285 0.38093432
  0.09299635 0.16075659 0.23021209 0.04935799 0.08437185 0.12482882
  1.00000002]
 [0.08277006 0.14132092 0.20023919 0.17530409 0.30083594 0.4347903
  0.09143382 0.15393486 0.21650094 0.05055954 0.08841822 0.22483632
  1.00000004]
 [0.08211791 0.14016386 0.19911793 0.16922209 0.29385514 0.56392013
  0.09170509 0.15449231 0.21797131 0.04760974 0.0817381  0.11778197
  1.00000004]
 [0.08065392 0.13578197 0.19404783 0.17330051 0.29869841 0.54774188
  0.09139913 0.15395337 0.21617469 0.04833948 0.0828319  0.1265154
  1.00000001]]",[0.32274154 0.47437254 0.36171086 0.38070328],4,0.09675442329477746,2.4548656141978765e-07,0.0012550263386699402,0.05000294311167542,0.08396550781329648,19.437189281998144,0.06925716981428082
12,"[[ 0.16732019  0.19644835 -0.51069938  0.34692659 -0.26258362 -0.31176129
  -0.17522463 -0.36265603 -0.27686134 -0.20845762  0.32144498 -0.01436162
  -0.01522662]
 [ 0.17958958  0.35494456  0.04425126  0.11796342  0.65360672 -0.29451331
   0.19901115 -0.14119177 -0.32256001  0.30097082 -0.12464131  0.20345323
  -0.02917097]
 [-0.03035858  0.40712428  0.16977491 -0.03193667  0.4722179  -0.08138202
   0.37612194  0.36127721  0.34252511 -0.234393   -0.34619176 -0.0980052
   0.01287272]
 [ 0.42526197 -0.40938507 -0.23243747  0.41128835 -0.17982191 -0.20456273
   0.23909202 -0.11211024 -0.28583949 -0.34571187 -0.2884302  -0.0018322
  -0.00624969]]","['bbo_main', 'random_fill', 'random_fill', 'random_fill']","[[0.08784409 0.14821788 0.2030728  0.16082879 0.26523358 0.37045027
  0.08783133 0.14636615 0.20663514 0.0548514  0.10315729 0.16126681
  0.78939461]
 [0.09127482 0.15620258 0.22043534 0.16848988 0.28677515 0.39634663
  0.08812657 0.14590404 0.20564953 0.04864893 0.08340462 0.24384146
  1.0000004 ]
 [0.08654602 0.1477921  0.20985922 0.16355391 0.27713079 0.38819607
  0.09881703 0.17256959 0.38790951 0.04361205 0.07449877 0.10665753
  1.00000011]
 [0.08310904 0.13553361 0.18956863 0.16953429 0.28057718 0.388454
  0.09061089 0.15016949 0.21066563 0.04296185 0.07642144 0.15093453
  1.00000036]]",[-0.3075269   0.12746326  0.38600971 -0.22320349],4,0.0932659963168122,2.4548656141978765e-07,0.0012550263386699402,0.04847973309219388,0.08394576029538933,19.648747661995003,0.06775003256480697
13,"[[ 0.25652901  0.28777008  0.208578   -0.16186538 -0.30026883  0.21959171
  -0.27051868  0.56781579 -0.22148477  0.16928888 -0.05996678 -0.4065513
  -0.03323913]
 [ 0.02551589 -0.28589288  0.30256254 -0.07896016 -0.1890871  -0.51902891
  -0.09683507  0.36418294  0.22463342  0.13906286 -0.38484049  0.38463749
  -0.08268837]
 [ 0.09066738  0.40631209  0.30777831  0.30716279  0.00943902 -0.36801107
   0.09854889  0.43440868 -0.38379512  0.22891537  0.03224551 -0.31682338
  -0.05051395]
 [-0.15535498  0.16805589  0.20652084  0.45354808 -0.33797346  0.18177146
   0.11408185  0.39876329  0.12162831  0.27474542 -0.12340377 -0.52371614
   0.0136381 ]]","['bbo_main', 'random_fill', 'random_fill', 'random_fill']","[[0.09447599 0.1608683  0.26415194 0.16036355 0.27276574 0.49269347
  0.09249952 0.15814096 0.2215431  0.0457222  0.07573337 0.10542764
  1.00000023]
 [0.08644092 0.1478559  0.21386583 0.15799341 0.26502308 0.37241583
  0.09312801 0.1626221  0.23669506 0.04964646 0.08461537 0.14703798
  0.14160239]
 [0.09244388 0.15932122 0.30038402 0.15904684 0.26582391 0.37049279
  0.09275352 0.1576755  0.22168355 0.04733129 0.08056338 0.11328588
  0.52609453]
 [0.08549731 0.14717059 0.34382152 0.16413286 0.27692354 0.39694466
  0.0989466  0.17331878 0.2454256  0.04426799 0.0733576  0.10142198
  1.00000004]]",[ 0.0687578  -0.10867599  0.02410565  0.20934278],4,0.09006788935826625,0.0009545559495169254,0.005471167122258511,0.0470622236476715,0.08005986644506549,19.66459362200112,0.06486266732745255
14,"[[-0.18297235  0.24043918 -0.28687279  0.3962801  -0.24409231 -0.42192756
  -0.11565927 -0.5178907   0.13371085 -0.03075347 -0.23318707 -0.27706615
  -0.01477182]
 [-0.15548279  0.26454479 -0.34266513  0.32462899 -0.10208177  0.36844306
   0.2939889  -0.3795601   0.36812943 -0.0429818   0.20306269  0.33032869
   0.13657689]
 [-0.08533828 -0.15544269  0.01339044  0.29750409  0.40658108 -0.2433985
  -0.26085964 -0.30539412  0.2761864   0.56734364 -0.19604953  0.23932458
  -0.01154262]
 [-0.03866274 -0.21932982 -0.08685725 -0.15464343  0.50183732 -0.48680885
  -0.25106594  0.37476043  0.08083533 -0.39711164 -0.21189862  0.00282266
   0.13227552]]","['bbo_main', 'random_fill', 'random_fill', 'random_fill']","[[0.08842329 0.15181219 0.21276562 0.16024454 0.26061588 0.3602988
  0.09203034 0.15882627 0.3368787  0.04599052 0.07859531 0.11140383
  1.00000009]
 [0.08305446 0.14214188 0.19923595 0.16560696 0.27970409 0.55021485
  0.09170123 0.15803073 0.2411391  0.04871004 0.08441752 0.12477588
  0.99999998]
 [0.08327015 0.14279788 0.20383961 0.1654538  0.27957361 0.38772613
  0.09064702 0.15767758 0.38995945 0.04972472 0.08425849 0.12809323
  1.00000007]
 [0.08155056 0.13724152 0.19682975 0.1626729  0.27167032 0.36925557
  0.10282907 0.18721039 0.30547691 0.04267079 0.07432112 0.10800116
  1.00000056]]",[-0.306081    0.43293885  0.10865399  0.04999324],4,0.08906517795706004,0.0015668550208154987,0.006859658346015931,0.045607516008219495,0.07988250413443798,20.641137308004545,0.06349994885883906
15,"[[ 0.01490435 -0.2129269  -0.44925364 -0.32033965  0.27555176  0.17485934
  -0.17637074  0.23421801  0.25242589  0.10966272  0.59981428  0.14265124
   0.04065849]
 [-0.36580823  0.04150609  0.0934815  -0.08727362 -0.16948371 -0.42245877
   0.11191232 -0.38630182 -0.48950349  0.17611819  0.36404154 -0.09291279
   0.25954997]
 [ 0.19933249 -0.5515946   0.0459668  -0.08096743 -0.3157413  -0.18530556
   0.00379108 -0.36777796 -0.31118428 -0.15070389  0.31063125 -0.40233294
  -0.0111658 ]
 [-0.25872416 -0.11673519  0.17508717 -0.28887895 -0.29123209 -0.33655221
   0.20503296 -0.28062122 -0.52642428 -0.40161378 -0.07148695 -0.20681847
  -0.01254677]]","['bbo_main', 'random_fill', 'random_fill', 'random_fill']","[[0.08035188 0.13225286 0.18463355 0.16328854 0.27770345 0.3992044
  0.09459676 0.16719137 0.35825442 0.05273293 0.09014151 0.12864281
  1.00000002]
 [0.0884999  0.15287945 0.27166837 0.15577393 0.2590971  0.36154927
  0.0886505  0.14378085 0.20067149 0.05720033 0.0984188  0.13650038
  1.        ]
 [0.08612265 0.14573974 0.27405558 0.15675741 0.26248822 0.3679569
  0.08858366 0.14401738 0.20113666 0.05099806 0.08699658 0.12009093
  1.00000024]
 [0.08896901 0.15386003 0.3281808  0.15480609 0.25883013 0.362692
  0.09042614 0.14962978 0.20969856 0.04828525 0.08247587 0.11613869
  1.        ]]",[ 0.21587698 -0.06196117 -0.36974508 -0.42137745],4,0.08225284473074246,0.002573531490308808,0.008851453729749386,0.0439307900479111,0.07427788977148209,20.279396047000773,0.06208556310190683
16,"[[-0.18722625 -0.24336935 -0.38990467 -0.27776705 -0.45598763  0.04401592
   0.10980948 -0.22742836 -0.44157535  0.18626959 -0.03505211 -0.40393969
   0.09387511]
 [ 0.38633652 -0.15600419 -0.14252189  0.44824762 -0.07095427 -0.40460959
  -0.02212737  0.28108307  0.09377959  0.34068731  0.48132008 -0.00428276
   0.01943748]
 [-0.32661855  0.29532729 -0.3260416   0.3755601   0.42061053  0.24014878
  -0.06847506  0.33330789  0.38616892 -0.13180702 -0.0662237  -0.15910637
  -0.11039033]
 [-0.10211018  0.25600655 -0.09468201 -0.29071705 -0.47650266  0.18978218
   0.3435601  -0.11354103 -0.63251052  0.08303061 -0.11544858 -0.05671067
   0.11422687]]","['bbo_main', 'random_fill', 'random_fill', 'random_fill']","[[0.08151585 0.13474681 0.18834354 0.15913929 0.27216426 0.44527471
  0.0904057  0.1482317  0.20714955 0.0502028  0.08395128 0.11620965
  0.99999981]
 [0.08482423 0.14195886 0.19983846 0.15760198 0.25567261 0.35004667
  0.09942234 0.1770791  0.28293674 0.05899244 0.09834066 0.13398097
  1.00000002]
 [0.08352374 0.14312015 0.202793   0.16556391 0.27999561 0.39693668
  0.09282933 0.16141831 0.25735479 0.04660014 0.07969758 0.11306261
  0.0795766 ]
 [0.0888146  0.152179   0.21317737 0.15962882 0.27339851 0.53431301
  0.09031335 0.14803748 0.20644805 0.05010417 0.08544028 0.12042406
  1.00000019]]",[-0.33211402  0.05341723  0.33277445 -0.08024001],4,0.08542550821307554,0.002925546913451879,0.00949859344778915,0.04315951345006273,0.07709772906223651,19.988634743996954,0.06195194716481822
17,"[[-0.01886742 -0.20601807  0.37042759  0.59467179 -0.30090886  0.20928039
  -0.03476866  0.21059654 -0.28286743  0.12479449  0.17097492  0.39580345
  -0.07046147]
 [ 0.27661342  0.19780001 -0.28325173 -0.34994433  0.25271941 -0.05379374
   0.31330598  0.14017349 -0.4300227   0.19762405 -0.46038821 -0.24482876
   0.03498976]
 [ 0.13415329  0.51052785 -0.30985997 -0.12560651  0.52405086  0.22849276
   0.25493094  0.15923122  0.23068831  0.18838077  0.21473175 -0.23712916
  -0.03670178]
 [ 0.37295067 -0.05143245 -0.45905897  0.02716848 -0.24882501  0.16836337
  -0.33859144  0.44518418  0.32185452  0.05784224 -0.07130164  0.3626013
  -0.01401151]]","['bbo_main', 'random_fill', 'random_fill', 'random_fill']","[[0.08489514 0.14655301 0.2447366  0.163744   0.27689895 0.39180905
  0.09115288 0.15438164 0.21753604 0.04979503 0.08617357 0.13666596
  0.18834802]
 [0.09530944 0.15926241 0.21659838 0.16636272 0.29437542 0.4300414
  0.09188409 0.14646605 0.19806953 0.04250469 0.07053918 0.09976225
  1.00000005]
 [0.08363599 0.14240467 0.19935447 0.17161918 0.29750106 0.45907225
  0.09346354 0.15830817 0.23883735 0.04574674 0.07733602 0.10881077
  0.46280556]
 [0.08264054 0.13874354 0.19422713 0.16141399 0.27417063 0.38865917
  0.09455636 0.16744974 0.24949966 0.04939046 0.08433516 0.26878212
  1.00000004]]",[ 0.18449177 -0.059809    0.34796115  0.1392495 ],4,0.08170337627841887,0.0018928073353613854,0.007533425909306678,0.042204447951413385,0.0800584574632378,19.572205819000374,0.05945854343375636
18,"[[ 0.28422331  0.3522036   0.28181453 -0.00572016 -0.38414337 -0.29099834
   0.36698567  0.37701767  0.26695136 -0.03615007  0.30710598  0.19599446
  -0.03678115]
 [-0.182772    0.13626097 -0.34054228 -0.54099465 -0.30939065  0.23873643
   0.252153   -0.02682459  0.35740714 -0.11668833 -0.27294865  0.32087461
  -0.05955863]
 [-0.02426611  0.3235141  -0.34908771  0.41878149  0.08653861 -0.13911969
   0.05167415  0.43327318 -0.52413357 -0.23513308 -0.03763176 -0.22065832
  -0.01267739]
 [ 0.18385123  0.03142465 -0.20563385  0.37998659  0.53103484  0.2257612
   0.06516934 -0.43435299  0.3076416  -0.26892149  0.02117686  0.28999709
  -0.03393448]]","['bbo_main', 'random_fill', 'random_fill', 'random_fill']","[[0.09235757 0.15799742 0.32463608 0.15220877 0.25481655 0.35717432
  0.0998358  0.17439662 0.25551856 0.04965895 0.08459434 0.1194383
  1.00000002]
 [0.08421464 0.14366438 0.20167472 0.1600748  0.27239213 0.39176583
  0.0933306  0.16249399 0.25937081 0.04891905 0.08368176 0.13580875
  0.17866202]
 [0.0837612  0.1438692  0.20128841 0.18151648 0.30622303 0.43222626
  0.08910466 0.14776262 0.20405931 0.0428262  0.07377285 0.10713749
  0.66736323]
 [0.08049921 0.13583826 0.19260685 0.17749346 0.30647201 0.43231164
  0.09013621 0.15162354 0.30845472 0.04655315 0.08055351 0.13952959
  1.00000002]]",[ 0.15210301 -0.02557807 -0.06664709  0.33787861],4,0.07864991072416264,0.0036481066926209622,0.010774069897874302,0.04031719746977157,0.07135399548930385,20.004419210003107,0.057685513252589284
19,"[[-0.27149177 -0.2961631  -0.51776156 -0.21420845 -0.32948851 -0.32754081
  -0.22081984  0.25544395 -0.39240971  0.1218369  -0.0075603   0.09994375
   0.12602838]
 [-0.07122923  0.03227236  0.1785672  -0.25709543  0.35216207  0.27838139
   0.32238907 -0.31147779 -0.49388613  0.04497585 -0.35738606  0.33131091
   0.09997544]
 [ 0.05231705 -0.29135328 -0.52258872 -0.04655903 -0.13197955 -0.58203585
  -0.17914543 -0.18068162  0.0208515   0.02520712 -0.44975558  0.11262627
   0.01229896]
 [-0.34943518  0.50390416 -0.25687231 -0.39582103  0.40159087  0.00678773
  -0.16622515 -0.10119873 -0.31206556  0.00169691 -0.28690873  0.14851317
  -0.0190817 ]]","['bbo_main', 'random_fill', 'random_fill', 'random_fill']","[[0.08066134 0.13367525 0.18715644 0.15596233 0.2614386  0.36730013
  0.09244319 0.1567172  0.21971008 0.05415124 0.09847788 0.18474705
  1.00000024]
 [0.08458685 0.14497155 0.20685233 0.16884246 0.29325416 0.43009946
  0.08861419 0.14646402 0.20549947 0.04710243 0.08083505 0.24541074
  1.00000071]
 [0.08299777 0.13654925 0.19115534 0.15595012 0.2564053  0.3553899
  0.09304491 0.16474825 0.24121501 0.05011181 0.08534699 0.17573141
  1.        ]
 [0.08487641 0.14532481 0.20287014 0.16843085 0.2950549  0.41893602
  0.08766484 0.14513659 0.20418321 0.04714375 0.08060336 0.24467426
  0.99999998]]",[-0.3144976   0.25115316 -0.42972533 -0.0526427 ],4,0.08132872400054486,0.0032839908114535928,0.01013920583390629,0.039794371438797445,0.07352831818605479,20.097742758000095,0.0559933335418841
20,"[[ 2.76976984e-02  4.38910509e-01  1.98937131e-01  2.91861754e-01
   3.42922364e-01 -5.17682935e-01 -1.23751921e-01 -2.59506159e-01
   1.35945129e-01 -6.64956100e-02 -2.99200666e-01 -3.14650933e-01
   4.63981962e-02]
 [ 4.36869733e-01  3.21291641e-01  1.85255576e-01  5.23034248e-01
  -9.24387383e-02 -2.91769587e-01 -5.46974727e-02 -3.30539344e-01
   1.99912367e-01  2.01977163e-01 -4.80319747e-05 -3.30232033e-01
   4.79234268e-02]
 [-1.21932253e-02 -4.49324129e-01  1.65600442e-01 -5.49242941e-01
  -3.83913250e-01  1.90022396e-01 -8.51179691e-02 -2.53135073e-01
   2.07300101e-01 -1.68542398e-01 -2.81618506e-01 -1.87535340e-01
   1.67896251e-01]
 [-1.98295087e-01  2.72710771e-01 -1.60452592e-01 -1.74243264e-01
   4.97190738e-01 -5.05908196e-01  1.75050579e-01 -2.30460406e-01
   2.17685560e-02  3.90496720e-01 -4.95786515e-02 -6.84500383e-02
   2.88445312e-01]]","['bbo_main', 'random_fill', 'random_fill', 'random_fill']","[[0.09520808 0.16365144 0.34184092 0.16237703 0.27038676 0.3726835
  0.0911431  0.1559836  0.23146719 0.04370014 0.07337716 0.10402782
  1.0000002 ]
 [0.09782311 0.16571701 0.27635457 0.16045036 0.26645736 0.3709144
  0.09117176 0.15612047 0.30448994 0.04599538 0.07811271 0.10961401
  1.00000002]
 [0.08545447 0.14608907 0.2232989  0.15980671 0.27268895 0.39955233
  0.09295043 0.16157247 0.37577331 0.04652476 0.07826822 0.10957282
  1.00000006]
 [0.08942308 0.15525317 0.2173175  0.15860304 0.25855231 0.34696863
  0.09287369 0.15660763 0.25174738 0.05807662 0.09576432 0.13051118
  1.00000029]]",[0.05816605 0.12353629 0.00030812 0.1982066 ],4,0.07445827980476141,0.006314533720347517,0.015099318939894302,0.03895208373860666,0.07006128122529533,20.188315267994767,0.055547706118278695
21,"[[-0.05830786  0.31685312  0.33362438 -0.11127507 -0.51425133  0.34068791
   0.21600831  0.35302593 -0.10676652 -0.13764723 -0.26472547  0.33914088
   0.07256301]
 [-0.24752964  0.24094509  0.06534954 -0.19134548  0.51767964 -0.27421688
  -0.38375486  0.37297129  0.0496039   0.17462733  0.26154168 -0.3278595
   0.03711135]
 [ 0.3166201   0.21727098 -0.09785295 -0.33810813  0.51635998 -0.19055528
  -0.24805749 -0.26932814  0.09010931  0.00965413  0.52516186 -0.06320726
   0.06033718]
 [ 0.34740083 -0.05740362 -0.37346422  0.4002375  -0.25132701  0.14196255
  -0.46464661 -0.00963323  0.24820611 -0.20018515 -0.37885161 -0.17181864
  -0.04809826]]","['bbo_main', 'random_fill', 'random_fill', 'random_fill']","[[0.08854153 0.15170303 0.24890324 0.15956609 0.27046849 0.5138706
  0.09297163 0.15861477 0.22357112 0.04827898 0.08298058 0.12947082
  1.00000013]
 [0.08826587 0.15257343 0.29111108 0.16229083 0.275134   0.37691142
  0.09646121 0.17777479 0.25867855 0.04677707 0.07607222 0.10245782
  1.00000019]
 [0.09450119 0.15859033 0.21808928 0.16175476 0.27744443 0.38530728
  0.08594319 0.14338646 0.27384365 0.05631081 0.10028268 0.13787286
  1.00000007]
 [0.08418949 0.14327225 0.20086918 0.16651592 0.28114839 0.3995137
  0.09162283 0.16122195 0.2613501  0.04490417 0.07634624 0.10884625
  0.15060874]]",[ 0.28423728  0.11566265  0.12775552 -0.0444081 ],4,0.07881503000252088,0.006314533720347517,0.015099318939894302,0.038158829719522766,0.07235700743301321,20.060524725995492,0.054269074367539166
22,"[[-0.15005181 -0.34350025 -0.21517199  0.04671322  0.50559022  0.13717133
   0.3529503   0.4840105   0.18212156  0.01298017 -0.33899796  0.16904166
  -0.03003247]
 [ 0.29325929  0.44110402 -0.00483736 -0.21094507 -0.31829597 -0.01407083
   0.2756815  -0.56101975 -0.37187087 -0.1911004  -0.01134686 -0.06910866
  -0.05421434]
 [ 0.06754316  0.54965193  0.22288932 -0.34859022 -0.29366466  0.20682206
  -0.00686308 -0.2341503   0.2680522   0.32205716  0.37878471 -0.05754846
   0.12599858]
 [-0.19729222 -0.02293466  0.37152415 -0.20532511 -0.26414034  0.25791345
   0.36999697 -0.28222372  0.12276973  0.22432139  0.50530293  0.30450643
   0.11864242]]","['bbo_main', 'random_fill', 'random_fill', 'random_fill']","[[0.07739798 0.12809849 0.18025693 0.17707435 0.29907749 0.42020355
  0.10406397 0.1814691  0.2723973  0.04470961 0.07645229 0.13270496
  1.00000002]
 [0.09238445 0.15859511 0.2227863  0.16150787 0.27402504 0.38920633
  0.0895167  0.1490209  0.21085521 0.04893368 0.08423349 0.11925543
  0.20373523]
 [0.09260186 0.15903495 0.24659717 0.15654778 0.26410021 0.38147409
  0.09214401 0.15802534 0.35075152 0.05034259 0.08540143 0.11899117
  1.        ]
 [0.08544804 0.1472486  0.36965326 0.16043526 0.27200337 0.39090526
  0.09218585 0.15598953 0.22098604 0.05223338 0.09083279 0.1306281
  1.00000019]]",[ 0.26395558 -0.19772543  0.31950011  0.34638067],4,0.07207245796313988,0.009937068671683407,0.02046481257346037,0.03754469191786526,0.06598782975457637,19.687260957995022,0.05288810816864035
23,"[[-0.12085601 -0.26754833 -0.22083363  0.49167646 -0.5169268   0.13651207
   0.39889059  0.17046603  0.11129    -0.02340651  0.36631217 -0.03695711
  -0.02816876]
 [ 0.29968979 -0.1819551   0.04665361 -0.15272895  0.53642706 -0.14066729
   0.15973289  0.47800947 -0.18784651 -0.28244731  0.40970049 -0.00648545
   0.08406787]
 [ 0.24401335 -0.21488096  0.1216505   0.65462769 -0.23948502  0.17489118
   0.22984193 -0.34650445  0.204163   -0.22502193  0.19478387  0.10931129
   0.21887816]
 [-0.18571381 -0.13812699  0.08478665 -0.43884021  0.35393007 -0.16358003
  -0.29955909  0.46456376 -0.40119163 -0.19163949  0.22115491  0.20530202
  -0.01851777]]","['bbo_main', 'random_fill', 'random_fill', 'random_fill']","[[0.0803415  0.13556563 0.19080099 0.16137736 0.27144173 0.41406308
  0.10007577 0.17541066 0.25384624 0.05007528 0.08521351 0.1191613
  0.36267474]
 [0.0815038  0.13587503 0.22690769 0.17244721 0.29825727 0.40857992
  0.10592801 0.17566045 0.23705485 0.04812922 0.08796202 0.12525913
  1.00000036]
 [0.08409712 0.14437279 0.20660897 0.16842414 0.28230135 0.40319856
  0.09133316 0.15590418 0.3852304  0.0469728  0.0824796  0.11765505
  1.00000043]
 [0.08418956 0.14451513 0.21153826 0.16117575 0.27473    0.38667313
  0.091698   0.15497119 0.21670071 0.05071006 0.08935941 0.2837066
  1.00000005]]",[ 0.02093325  0.2485278   0.41065153 -0.04704967],4,0.07574460206401726,0.007904028017353142,0.017504600027769775,0.03683121179172155,0.06520898864396141,19.86218272300175,0.05302412648973906
24,"[[-0.20568499  0.36314133 -0.23489392  0.4909728  -0.49046269  0.04346342
  -0.24446035  0.2954694  -0.0430982   0.25370648 -0.26939149 -0.03049475
   0.01899285]
 [ 0.22876082 -0.32353613 -0.22505248  0.43045588 -0.01506889  0.20722104
  -0.29989732 -0.20078561 -0.48041855  0.2697925  -0.24545076 -0.2638494
  -0.0133614 ]
 [ 0.47539071 -0.02191295 -0.27781892 -0.04014176  0.05896864  0.41275465
  -0.44009129 -0.20617999 -0.26515493  0.11103955 -0.38028555 -0.23309767
  -0.05573167]
 [-0.1859807   0.29206488  0.17157839 -0.01617092 -0.10800396  0.43261583
  -0.08891542 -0.28569023 -0.51843331 -0.3009189   0.39380519  0.20859366
  -0.06436876]]","['bbo_main', 'random_fill', 'random_fill', 'random_fill']","[[0.0859504  0.14820343 0.20262935 0.16166715 0.25892396 0.41898678
  0.0992519  0.18142275 0.25656582 0.04693198 0.07777742 0.109116
  1.00000021]
 [0.08071268 0.13635718 0.19365019 0.17956065 0.30932013 0.52218984
  0.08669291 0.14439055 0.20340522 0.04598464 0.07772833 0.10983642
  1.00000011]
 [0.08525036 0.14490517 0.20421383 0.16692046 0.28903416 0.56463039
  0.09017113 0.151459   0.2139345  0.04594726 0.07760838 0.11004361
  1.00000001]
 [0.08638131 0.14770231 0.2092007  0.16453986 0.28270938 0.55316268
  0.08857454 0.14674517 0.20595751 0.04935495 0.08479156 0.12413398
  1.0000002 ]]",[-0.01596014 -0.09011748 -0.00941633  0.09256993],4,0.07124595792707372,0.009118505830421869,0.019286095513680296,0.03568215612441988,0.06444839879506584,20.61939050300134,0.051563038085741586
25,"[[ 0.14911205 -0.39845469  0.23200156 -0.20938956 -0.21804002 -0.36776136
  -0.17206765 -0.32899575  0.24654631 -0.16940761  0.49055247  0.26408799
  -0.02876082]
 [-0.09493374 -0.4163158  -0.5461987  -0.14039347  0.22241719  0.2804476
   0.35800827 -0.0016869  -0.37133278  0.23367492  0.13548587 -0.17393359
  -0.04723394]
 [-0.48962324  0.23804511  0.06585306  0.56787425 -0.32006411 -0.30114975
  -0.06889777 -0.38823267  0.02039907  0.05451568  0.13298795 -0.08104662
  -0.02323087]
 [-0.21540338 -0.44697459 -0.07736906 -0.23688193 -0.03055216 -0.52160298
  -0.02356102  0.28950968 -0.41551652 -0.12068297 -0.30494042 -0.23183004
   0.01974369]]","['bbo_main', 'random_fill', 'random_fill', 'random_fill']","[[0.0877529  0.14981297 0.23862804 0.15516053 0.2593475  0.36231103
  0.09224133 0.15724304 0.23672272 0.0526343  0.09406282 0.23632722
  1.00000001]
 [0.07966477 0.13356392 0.18801472 0.17082191 0.29758893 0.45928652
  0.09165795 0.15311039 0.21437393 0.04823365 0.08235185 0.11648496
  0.4377981 ]
 [0.08702622 0.15133687 0.24363134 0.16005058 0.26413007 0.3676106
  0.09055457 0.15418958 0.22657596 0.05086138 0.08651452 0.12118245
  0.27489532]
 [0.08348471 0.14271879 0.23439779 0.15459734 0.25467249 0.35061267
  0.09911401 0.16943032 0.23420851 0.04792266 0.08098429 0.11401185
  1.00000029]]",[-0.15189219 -0.06040774 -0.15830483 -0.41495994],4,0.0735428043014893,0.013268888774798988,0.02512192676324911,0.03505124869106144,0.06258685970683556,19.636139239999466,0.049806072057893086
26,"[[ 0.17990374  0.43138299  0.09256463  0.33980915 -0.43334838  0.27815819
   0.26760906 -0.24824759  0.25849716 -0.22635207 -0.05957177 -0.36790203
  -0.04630213]
 [ 0.12500242 -0.151884    0.11262767 -0.41645414 -0.32089856  0.29797661
   0.16131397 -0.66758975  0.2369805   0.08190561  0.04527026 -0.20937137
  -0.05448246]
 [ 0.04157132 -0.23255893  0.23383074 -0.10449739 -0.29701909  0.28691061
  -0.10530303 -0.56578851  0.19346675  0.38438531 -0.33226486  0.28428185
   0.02122934]
 [-0.19584889 -0.18359866  0.18141555 -0.25812085  0.21514523 -0.6765226
   0.33573324  0.14673509  0.17833091  0.04187989  0.39258617  0.02200964
  -0.04488111]]","['bbo_main', 'random_fill', 'random_fill', 'random_fill']","[[0.09104729 0.1559529  0.21677309 0.16293487 0.27548554 0.43421456
  0.0926141  0.159421   0.23701008 0.04461247 0.07581203 0.10685108
  0.29500886]
 [0.0864762  0.14767419 0.20831014 0.16099214 0.27572206 0.43347105
  0.0920977  0.15589813 0.23070239 0.04836402 0.0822799  0.11535892
  0.17354874]
 [0.08528    0.14638693 0.20965399 0.1617857  0.27658677 0.54027575
  0.09069822 0.15359181 0.22165515 0.05018924 0.08523277 0.14429485
  1.00000004]
 [0.08587532 0.14763841 0.24008782 0.15497764 0.25893594 0.36172925
  0.09912428 0.1733495  0.25193731 0.05014322 0.08522134 0.11970012
  0.34490164]]",[ 0.13937685 -0.07498804  0.07413179 -0.1030256 ],4,0.07359252894947349,0.019260727467279994,0.033110344384400275,0.03423274462804366,0.060990920551215744,19.667241318995366,0.04913955385006186
27,"[[ 0.28769229  0.28734987 -0.62990417 -0.15149103 -0.30116471 -0.22202721
   0.25091834  0.26389693  0.02047169  0.33673591 -0.04360908 -0.16169003
  -0.02193094]
 [-0.23815516  0.15190738  0.00895417  0.36691094 -0.13294072 -0.05998947
  -0.34716864  0.5190824  -0.23451227 -0.1201028   0.49855814 -0.23677255
   0.01468807]
 [-0.102991    0.27056828  0.10820427 -0.61931271  0.28632281 -0.07473839
   0.28825575  0.41469515  0.25302087 -0.12164187 -0.17693494  0.25932253
  -0.03047593]
 [-0.25900794  0.23462092 -0.00169667 -0.48211265 -0.19385951  0.11996089
  -0.22785345  0.53551931 -0.13210448 -0.21167619  0.41825518  0.12438928
   0.04575669]]","['bbo_main', 'random_fill', 'random_fill', 'random_fill']","[[0.08609933 0.14091381 0.19066815 0.15392056 0.25830854 0.36487801
  0.10673121 0.18634367 0.27060237 0.05040341 0.08542264 0.11981122
  0.76901474]
 [0.08319245 0.14629881 0.23312022 0.16489167 0.26391629 0.36413976
  0.09460913 0.17054801 0.23465921 0.05603029 0.09557198 0.12634169
  1.00000007]
 [0.08617245 0.14713586 0.20808804 0.15691685 0.26673263 0.37562975
  0.09972762 0.17481736 0.26552414 0.04869771 0.08297938 0.24529072
  1.00000012]
 [0.08614463 0.14802043 0.20760504 0.15235402 0.25822847 0.39813741
  0.09757602 0.16792951 0.23221218 0.05236569 0.09471407 0.22039952
  1.00000001]]",[-0.17845887  0.03441465  0.18552236  0.07503568],4,0.07480224378362331,0.024068399160635752,0.03928700120824358,0.03322548270358625,0.06441980388229164,19.95994807199895,0.048634287505682605
28,"[[ 0.39065     0.43797952  0.07289097  0.52879773  0.39705819 -0.27239938
  -0.10758168  0.01752039  0.15123585 -0.19774873 -0.22533419  0.11165721
  -0.04085701]
 [ 0.32835235 -0.0813009   0.04465679 -0.32728724  0.46902997 -0.19862866
   0.50478413  0.25286068 -0.26803803  0.23359678  0.26263975 -0.05285131
  -0.00953889]
 [ 0.14747391 -0.42623033 -0.20946239  0.36073059  0.39907053 -0.53614692
  -0.25430911  0.13961492 -0.13182593 -0.24317477 -0.00275862 -0.12209916
  -0.01655255]
 [ 0.17249029 -0.55204422  0.13773146  0.30139406 -0.06236104 -0.39242234
   0.0680783  -0.00395722 -0.25599343  0.15801919 -0.52028391  0.13407354
   0.11822725]]","['bbo_main', 'random_fill', 'random_fill', 'random_fill']","[[0.09186005 0.15707603 0.21898353 0.16626063 0.27937221 0.38682901
  0.09134801 0.15819058 0.25266897 0.04478762 0.07634023 0.11255043
  0.23247358]
 [0.08820273 0.14834798 0.2435115  0.15835798 0.27441811 0.37965478
  0.10608455 0.17254804 0.22923622 0.05619729 0.09484128 0.13068625
  1.00000004]
 [0.08019603 0.13217427 0.18851922 0.17387606 0.29068088 0.39642685
  0.09109392 0.16159848 0.2385428  0.04641105 0.08083605 0.11758577
  0.42684397]
 [0.08508244 0.14666542 0.34385096 0.16033237 0.26539131 0.36617259
  0.09277669 0.1574877  0.22134903 0.04806245 0.08279776 0.13508346
  1.00000048]]",[ 0.22228335  0.0865738  -0.18279805 -0.08096812],4,0.06992423312129975,0.032963225264318066,0.05036351982077756,0.03286636182056156,0.06041302055845628,20.1671901219961,0.047213135908531774
29,"[[ 2.81078559e-01  3.86770476e-01 -2.86092360e-01  3.97316309e-01
  -2.45446361e-01  4.44448950e-02  3.96047429e-01 -2.07418248e-02
  -3.40897035e-01  1.87510486e-01  3.85799137e-01 -1.09448788e-01
   5.63551967e-04]
 [-7.92970844e-02  3.98359331e-01  1.74523199e-01  4.03543751e-01
   3.40801589e-01  1.94345710e-01 -1.86933818e-01 -1.25892224e-01
   1.96163509e-01  2.16049002e-01 -4.83702489e-01 -3.12309581e-01
   1.42632961e-01]
 [-1.10357450e-01  3.32065006e-01 -6.45407575e-01  9.52443721e-02
   3.13908931e-02  4.88298624e-02  4.14735501e-01 -1.93146278e-01
  -2.07382348e-01  3.15008385e-01  1.98414113e-01 -2.52777559e-02
   2.38759348e-01]
 [ 3.80920634e-01  4.78937035e-01  9.31767052e-03 -1.15862691e-01
  -1.37319349e-01 -4.59912260e-01  3.28038753e-01 -4.13286610e-01
  -5.47131648e-02 -2.15622468e-01 -6.68080195e-02  1.30257571e-01
   1.79721293e-01]]","['bbo_main', 'random_fill', 'random_fill', 'random_fill']","[[0.09523349 0.16139476 0.21676129 0.16328796 0.2737593  0.42013332
  0.0891158  0.14323597 0.19388552 0.0568564  0.09853514 0.13506044
  1.00000011]
 [0.08884541 0.15249843 0.23807679 0.17816489 0.30526236 0.44925741
  0.08948347 0.15169142 0.26304538 0.04247653 0.07120385 0.10029319
  1.00000039]
 [0.07923039 0.12934952 0.17605931 0.17162226 0.29736108 0.45427064
  0.08980517 0.14738416 0.20633209 0.05748501 0.09718469 0.13343259
  1.00000006]
 [0.10230783 0.17436206 0.23902241 0.15226335 0.25085416 0.34899081
  0.09255756 0.15505128 0.22249177 0.04955471 0.08592381 0.15634567
  1.00000119]]",[0.044219   0.46031805 0.20720785 0.04988265],4,0.06676867213686692,0.031618694045711056,0.04871235792617862,0.032171846513627186,0.06562047618830191,20.661666186999355,0.046725270489216306
30,"[[-0.10412983 -0.21254061 -0.47968329 -0.08988748 -0.37778713  0.13313994
   0.48266647  0.361755   -0.26217141 -0.28614684 -0.17459541  0.0192108
  -0.00763018]
 [-0.2623458  -0.16220387  0.37898516 -0.36492398  0.2817852   0.38900703
   0.24096383 -0.2980923   0.02396426  0.18252157 -0.36621611 -0.2835367
  -0.04491839]
 [-0.38775038  0.14253642  0.36928768 -0.08688776  0.53246778  0.32627844
   0.22200862  0.01589766  0.24400737  0.23347549 -0.10226019  0.34755741
   0.02421398]
 [-0.01863889 -0.09661007 -0.17587481 -0.31552517 -0.42687256 -0.13714821
   0.06060136  0.44228489  0.2863119   0.14201126 -0.41385367 -0.43026617
  -0.0310999 ]]","['bbo_main', 'random_fill', 'random_fill', 'random_fill']","[[0.07991372 0.13134774 0.18167484 0.16345944 0.27768158 0.47317863
  0.10625107 0.18074422 0.24707465 0.04643473 0.08002816 0.11614293
  1.        ]
 [0.08415339 0.14454797 0.24630562 0.16596097 0.28793664 0.53427095
  0.09170682 0.15348423 0.21676223 0.04561945 0.07689617 0.10795385
  1.00000003]
 [0.08365824 0.14389    0.35977138 0.16786309 0.28937522 0.41227776
  0.09192722 0.15517922 0.22116518 0.04749436 0.08097797 0.12330314
  1.00000001]
 [0.08553069 0.1459896  0.20629178 0.15642061 0.26251919 0.37119769
  0.10025233 0.17808201 0.37539672 0.0465121  0.0780463  0.10933579
  1.00000005]]",[-0.16074866  0.16240971  0.54166367 -0.1758247 ],4,0.06504940721130656,0.039730048440241826,0.05857513310547533,0.03176229667616763,0.05949684823194473,19.44265758599795,0.04665829005949776
31,"[[ 0.5466483  -0.39932568  0.13677304 -0.32566618  0.09684269  0.20650128
  -0.3242777   0.37481369  0.16384321  0.20171417  0.12883973 -0.16336194
   0.09201462]
 [ 0.23316643  0.02693077  0.12578594 -0.29265295 -0.38646686  0.15654888
   0.47642847  0.30652823  0.16210258 -0.26873436  0.46008377  0.19396846
  -0.02891769]
 [ 0.29523553 -0.27113767 -0.09795838  0.51943896  0.03787916  0.19568331
   0.22544508  0.37114497 -0.04908981  0.11889417 -0.4636381  -0.31482311
  -0.03142133]
 [ 0.20815539 -0.10842426  0.38378815 -0.20016446 -0.41537002  0.06228494
  -0.23480884  0.32925959  0.51106027 -0.30871971 -0.22341774 -0.07308275
  -0.07648913]]","['bbo_main', 'random_fill', 'random_fill', 'random_fill']","[[0.08591853 0.14444356 0.20613796 0.16159103 0.27603182 0.55031731
  0.09338723 0.16525111 0.24363397 0.04780802 0.08049115 0.11209171
  1.0000012 ]
 [0.08779958 0.14934401 0.21070579 0.15194237 0.25579235 0.37132727
  0.10506716 0.18041319 0.25896307 0.05120177 0.08873086 0.20728404
  0.99999709]
 [0.08083767 0.13659309 0.19447364 0.17399555 0.29488738 0.45336032
  0.09810197 0.17025037 0.23828177 0.04305127 0.07212896 0.10160818
  0.57973477]
 [0.08750351 0.14894458 0.21903184 0.1599814  0.26943257 0.37901998
  0.09300408 0.16310522 0.39409116 0.04678558 0.07956362 0.11220701
  1.00000051]]",[0.27051945 0.15149713 0.15312464 0.08215838],4,0.06271896751429051,0.04200014332351006,0.06129784202347339,0.03141659105214236,0.055818186848510615,20.122920718000387,0.04471743509803372
32,"[[ 0.41627586 -0.18219608  0.30331556 -0.12333462  0.43588412  0.36308831
  -0.14850265 -0.25600267 -0.41062274  0.07701999  0.1707059   0.26489219
  -0.05511141]
 [-0.02708523 -0.42576029  0.18048622  0.57319778  0.17499698  0.07212269
  -0.03432508 -0.19405293 -0.39838758  0.2517157   0.38471503  0.10968603
  -0.00964774]
 [-0.23230017  0.49156745  0.35963247 -0.28761454  0.09742092  0.10012176
  -0.08947909 -0.43435142 -0.21717311 -0.13234319 -0.32013564  0.32521447
  -0.05681037]
 [-0.07838619 -0.20348807 -0.35142911 -0.22644751 -0.26277001 -0.0029385
  -0.14225346 -0.48187383  0.0949248   0.48775478  0.38565778 -0.21481902
   0.11990655]]","['bbo_main', 'random_fill', 'random_fill', 'random_fill']","[[0.08640508 0.14647213 0.22737977 0.16920447 0.29356413 0.53452254
  0.08755993 0.14512474 0.20411635 0.04854707 0.08304146 0.12067481
  1.00000049]
 [0.07973867 0.13545326 0.26163314 0.17900549 0.30538064 0.42408649
  0.08628192 0.14061672 0.19637407 0.05277869 0.09206369 0.12954333
  1.00000013]
 [0.09127936 0.15711208 0.27242749 0.16290079 0.27744539 0.39025856
  0.08877707 0.14767317 0.20903866 0.04776804 0.08206222 0.12561568
  0.38690975]
 [0.08144757 0.1340307  0.18667996 0.15881211 0.2687188  0.38311218
  0.09017433 0.15250529 0.27107535 0.06169497 0.10274058 0.13805823
  1.0000003 ]]",[ 0.2402187   0.11880647  0.04204588 -0.10758279],4,0.06434376823009424,0.04747369475325017,0.06780700745542803,0.030713938207905866,0.058230388487813145,19.999802341997565,0.04442013992298788
33,"[[-0.02499094 -0.07517877  0.09592985 -0.39535263 -0.05955475  0.14781331
   0.28697662  0.69199518 -0.36025537  0.27005781 -0.19426248  0.02995174
  -0.0160854 ]
 [-0.13574006  0.08951021 -0.05147676 -0.03286    -0.53999344 -0.37084309
   0.44971426 -0.32747195 -0.33288478  0.1756633   0.25344618  0.15533656
  -0.03464579]
 [-0.14379376 -0.68604586  0.31465393 -0.33281553 -0.0398286   0.06161269
  -0.2288616   0.18197847  0.11162755  0.32857056  0.25680594 -0.14041164
  -0.04394185]
 [ 0.29845298  0.11539597 -0.14574776  0.2282193  -0.3818048  -0.05650639
   0.04143174 -0.44518928  0.19234634  0.4836174   0.37070055  0.25855634
  -0.01587426]]","['bbo_main', 'random_fill', 'random_fill', 'random_fill']","[[0.08488955 0.14543021 0.21293258 0.15831068 0.27354822 0.53262466
  0.09953908 0.16926232 0.23187338 0.04855152 0.08152275 0.11475341
  1.00000006]
 [0.08844485 0.15146022 0.21410216 0.1548482  0.25838808 0.36193733
  0.0922635  0.15510586 0.21853121 0.05359238 0.09605621 0.16284272
  0.44438333]
 [0.08295027 0.14217024 0.37979466 0.16124456 0.27400317 0.38517555
  0.09250648 0.16103076 0.23197243 0.05014632 0.08494483 0.11798044
  1.00000015]
 [0.08743054 0.14875396 0.20913836 0.15792642 0.26465152 0.37335763
  0.09136973 0.15500232 0.23042977 0.05431763 0.09517305 0.26996906
  1.00000005]]",[ 0.05400827 -0.3266953  -0.01899459  0.02125777],4,0.061532556535027344,0.04793131434722817,0.06834794694073204,0.030445909836054805,0.057948448512290696,19.33195577799779,0.04436881121202241
34,"[[ 0.49765621 -0.20359828 -0.45559987 -0.47263555  0.32259608  0.02903627
   0.24659972 -0.19362937  0.0335106   0.02425512 -0.25874749  0.08239421
   0.03556671]
 [ 0.40021358  0.41334768 -0.19412967  0.24337462  0.25873304 -0.03271939
   0.40356994 -0.36125095  0.09295721 -0.25807903 -0.26034394  0.02642075
   0.25874333]
 [-0.18854373 -0.35923116  0.25683236 -0.18242948  0.63129406  0.25709515
  -0.13586915 -0.15585197  0.31416439 -0.27763209  0.20308954  0.09804547
  -0.04629662]
 [ 0.233349   -0.29986773 -0.22318822 -0.28309233 -0.21604637  0.11188688
   0.06366444 -0.11248244 -0.29598244 -0.49571915  0.52605043  0.00392663
   0.1992125 ]]","['bbo_main', 'random_fill', 'random_fill', 'random_fill']","[[0.08087619 0.13022072 0.17678002 0.16775304 0.29812994 0.4237308
  0.09432661 0.15681504 0.22842081 0.04685543 0.08049137 0.18539413
  1.00000002]
 [0.09857287 0.1645294  0.22175033 0.17652452 0.30202092 0.4183391
  0.08886059 0.14677234 0.25646766 0.04176999 0.07237258 0.10570981
  1.00000014]
 [0.08189895 0.13998471 0.22443738 0.17123433 0.2961139  0.42098958
  0.09106325 0.15401602 0.34477652 0.04677004 0.08036202 0.11353425
  1.00000011]
 [0.08294125 0.13680689 0.19090709 0.16116673 0.27588194 0.47372111
  0.08980859 0.14796964 0.20718866 0.05266518 0.10254922 0.14917826
  1.00000005]]",[-0.00590897  0.41042121  0.29595635  0.03888351],4,0.06331948710221198,0.060823978373828545,0.083414907755644,0.02992789659721606,0.05552980585553435,20.321943830997043,0.0437948433783249
35,"[[-0.23708885  0.23510529 -0.32214057 -0.23519435 -0.30221061  0.08239139
   0.37048446 -0.38191471 -0.00664193 -0.18756796  0.5127383  -0.22357967
  -0.00848426]
 [ 0.15689808  0.40671594  0.15182415 -0.26461427  0.52077481  0.13387446
   0.07209616  0.22304073  0.14439689 -0.49383051 -0.29038645 -0.15244087
  -0.02320595]
 [-0.00082001  0.33776819 -0.31815678 -0.09895392 -0.45788154 -0.03097828
  -0.36032339  0.06437515 -0.37590696  0.44695524 -0.26176978 -0.1433244
  -0.01279757]
 [-0.41100382  0.41788032  0.10371912  0.18850936 -0.23052585  0.00791355
   0.61898965 -0.33193868 -0.06469403  0.21584847  0.11288283  0.00687133
   0.00752164]]","['bbo_main', 'random_fill', 'random_fill', 'random_fill']","[[0.08374662 0.1415919  0.19583464 0.15612743 0.26461798 0.48911851
  0.09300746 0.15550242 0.2258141  0.05341553 0.09557489 0.13144055
  1.00000011]
 [0.09424757 0.15859006 0.26820537 0.17105067 0.29844101 0.42287493
  0.09607101 0.16335085 0.24135503 0.04060713 0.06913673 0.09845936
  1.00000007]
 [0.09577331 0.16348117 0.2221849  0.1546588  0.25861407 0.37907827
  0.08918242 0.14956603 0.20988047 0.05148729 0.0865209  0.12076216
  0.60422251]
 [0.09115601 0.16682895 0.33203513 0.15790148 0.26417349 0.37317156
  0.09123596 0.15002014 0.21173028 0.05187604 0.08844892 0.12305567
  1.00000006]]",[-0.15136067  0.28664526 -0.28708981  0.06103552],4,0.060885153079299786,0.05435955580766744,0.07589952416847999,0.0296859087637713,0.056078787325544555,19.78880592800124,0.043066078116093934
36,"[[ 0.26987752 -0.35752942  0.1586716  -0.17181827 -0.46296664  0.16535952
  -0.4607633   0.2047068  -0.30151956  0.33886053  0.10478652  0.17220074
   0.04875706]
 [ 0.10677452  0.55818276 -0.30098101 -0.06379271 -0.41180612  0.10322029
   0.24256791 -0.14237185 -0.37877648  0.03263462 -0.39813964  0.14099854
  -0.00959685]
 [ 0.24370522  0.53095892 -0.37666692 -0.03499842  0.19618829 -0.12386063
  -0.24087593  0.38602682  0.02319458  0.22370806 -0.33627374  0.0251476
   0.30070352]
 [ 0.01650355 -0.2184413  -0.03332401  0.25638745 -0.01954976  0.20886574
  -0.29898793  0.51237318  0.19705152  0.31103797  0.53372091  0.20408444
   0.16479223]]","['bbo_main', 'random_fill', 'random_fill', 'random_fill']","[[0.08769864 0.14930189 0.24460685 0.15653603 0.26369406 0.39340499
  0.09090901 0.15386671 0.21513192 0.05424901 0.0945285  0.22773143
  1.00000009]
 [0.09485075 0.16188833 0.22036681 0.15738946 0.26579696 0.39855091
  0.09040569 0.14884    0.20791939 0.04877915 0.08385909 0.22550262
  1.00000007]
 [0.09834938 0.16095783 0.20965643 0.16191097 0.27389062 0.38300069
  0.0982954  0.17990038 0.26195854 0.04445226 0.07334195 0.11637006
  1.00000029]
 [0.08032555 0.13518138 0.19196004 0.16353016 0.2775533  0.48778853
  0.09683032 0.1725254  0.25155579 0.05400216 0.09133182 0.15112518
  1.00000008]]",[-0.03381952 -0.13180701  0.37184519  0.47397558],4,0.05512538401216959,0.06036114399209124,0.08287918489170949,0.02913168386460789,0.0568718837100944,20.227704146003816,0.042183622769455274
37,"[[ 0.30673091 -0.17932883  0.14954598  0.40977986  0.16280156  0.13331675
  -0.19236523  0.59140422  0.15796312  0.45956601 -0.03857589 -0.12139142
  -0.00745076]
 [-0.11282785 -0.15301723  0.19397038  0.42290661 -0.03134116 -0.12192156
   0.34693476  0.64327861  0.02373071 -0.21495151  0.23193543 -0.30866306
  -0.03909769]
 [-0.29311228  0.3354766  -0.04822866 -0.06110011  0.00940103 -0.26649648
   0.43636424  0.17841573 -0.59081986 -0.06751941 -0.37204008  0.09606087
   0.02929587]
 [-0.10733372  0.32105959  0.138818    0.49717478  0.32748318  0.16526063
   0.57112488  0.19489061 -0.14284698  0.25501516 -0.06782212 -0.17073295
  -0.03220475]]","['bbo_main', 'random_fill', 'random_fill', 'random_fill']","[[0.08261558 0.14083983 0.24006479 0.1719692  0.29019339 0.41014647
  0.09852243 0.17607182 0.32081599 0.04554407 0.07622185 0.10674388
  1.00000004]
 [0.08352763 0.1436981  0.24173475 0.16380951 0.27525893 0.38550839
  0.09997328 0.17510518 0.24755845 0.04525707 0.07715797 0.10851338
  0.29108663]
 [0.09310303 0.16467923 0.22991542 0.1598129  0.26693006 0.37248194
  0.09220814 0.14827056 0.20120912 0.04742584 0.08141667 0.18290083
  1.        ]
 [0.0841751  0.14474972 0.23053488 0.17695489 0.30392661 0.44278501
  0.09208003 0.15367591 0.21582906 0.04495196 0.07598963 0.10723324
  0.48326917]]",[ 0.34181373  0.14561732 -0.12846757  0.35427065],4,0.05968844075092605,0.06267689555814611,0.08555621909939655,0.029054107790434942,0.05412725001804353,19.757243104002555,0.041045322512739235
38,"[[ 0.09185788  0.4897404  -0.1569364  -0.20764565 -0.43597112 -0.30050284
  -0.31769406 -0.08474659  0.23180378  0.1744105  -0.41143188  0.20488408
   0.00898622]
 [ 0.42808663 -0.42211465  0.07068112  0.14576919 -0.03278735  0.03179656
   0.4714319   0.03239554 -0.20463209  0.46073268 -0.34471931 -0.0053705
   0.11799958]
 [ 0.33779716  0.35994651  0.37315398  0.31606402  0.05468792  0.35628474
  -0.22302331  0.09005395 -0.40801727  0.21051573 -0.21706693  0.26663185
   0.02017358]
 [-0.21080031 -0.4402103  -0.2433946   0.15787132  0.26073934 -0.35930097
   0.19540165  0.38524578  0.34521354 -0.04831403  0.22279274  0.34446195
  -0.06432929]]","['bbo_main', 'random_fill', 'random_fill', 'random_fill']","[[0.09245123 0.15825036 0.21985903 0.15272256 0.25605947 0.359753
  0.09274191 0.16208027 0.35110979 0.04966416 0.08450346 0.13378522
  1.00000004]
 [0.08391244 0.13812022 0.32547785 0.16812722 0.28920722 0.41042874
  0.09553783 0.15721148 0.2174631  0.04679666 0.07684717 0.10808492
  1.0000001 ]
 [0.09142146 0.15613134 0.34859529 0.16600364 0.28435327 0.42009319
  0.08862366 0.14682831 0.20596403 0.04706252 0.08077446 0.11585387
  1.00000003]
 [0.08101007 0.13686172 0.19550576 0.16198047 0.27452375 0.38434468
  0.09786448 0.17278219 0.25659118 0.04947503 0.08446671 0.14568632
  0.27010789]]",[-0.15148293  0.14682179  0.38771012  0.05764688],4,0.05661006003193046,0.06778482131075662,0.09143241842804097,0.02860462014346996,0.05190525347701658,19.546549822000088,0.04077350961997839
39,"[[ 0.16467206 -0.35652962  0.32991642 -0.16565915 -0.48812475  0.14279969
   0.15718816 -0.28290906 -0.12729955 -0.21653283 -0.39695591  0.35025881
  -0.05226751]
 [-0.17115236  0.61284287 -0.20920006 -0.10385363  0.17101744 -0.40856351
  -0.11304064 -0.00077345  0.07357973  0.46515047 -0.02193594  0.32574822
  -0.05708185]
 [-0.23785775 -0.33328212 -0.4491888  -0.24735602 -0.46663406 -0.14570417
  -0.28175259  0.46739799  0.14957716 -0.01508666  0.07016932 -0.06922769
  -0.01586001]
 [ 0.38135086 -0.24970695 -0.33470155  0.71470317  0.00352253  0.0041349
   0.21532178 -0.10488224  0.15310653 -0.11211225  0.11127412 -0.2515314
   0.01839054]]","['bbo_main', 'random_fill', 'random_fill', 'random_fill']","[[0.08700806 0.14914619 0.25211413 0.15988653 0.2708095  0.38310166
  0.09210495 0.15577062 0.21959173 0.04871659 0.08425792 0.25588375
  1.00000068]
 [0.08737829 0.14904112 0.21039262 0.15861713 0.26660699 0.37288144
  0.09235538 0.15940716 0.23183595 0.05053359 0.08607772 0.15267168
  0.14215485]
 [0.08121914 0.13402113 0.18625383 0.15401141 0.25933506 0.36842772
  0.10466096 0.18747552 0.31169568 0.05034341 0.0855375  0.12002239
  1.00000002]
 [0.07966685 0.1310306  0.18335665 0.17918448 0.30111853 0.41596462
  0.09218889 0.16095891 0.32801995 0.04511516 0.07714414 0.1089782
  1.00000004]]",[-0.1238218  -0.02112382 -0.27460681  0.11483222],4,0.05357596947992249,0.07430998336256224,0.09888704598901059,0.02835614672317368,0.05172100970680511,20.00332506700215,0.040525378377916976
40,"[[-0.09417763 -0.29611817  0.08347289  0.05853931 -0.44649141  0.16964348
   0.04617297 -0.3012439  -0.53792462  0.30292968  0.39816178  0.17545524
  -0.03987574]
 [-0.39727786  0.35164944  0.27700706 -0.27014     0.23698486  0.34286494
   0.04765631 -0.10365246  0.19347707  0.33730399  0.34429479  0.33152056
  -0.04918479]
 [ 0.38868706 -0.42182063 -0.26729177 -0.09560858 -0.02644883 -0.25062118
   0.13422008 -0.30179293  0.14780359 -0.18537028  0.27354882 -0.52010549
   0.1274857 ]
 [ 0.41524785  0.46838972 -0.43057182  0.16346374  0.13075445 -0.15076518
   0.55304287 -0.17374921  0.06309168  0.05475937 -0.09093692 -0.06687031
  -0.02180426]]","['bbo_main', 'random_fill', 'random_fill', 'random_fill']","[[0.08461762 0.1452359  0.20658656 0.16258942 0.27623476 0.40458872
  0.08840772 0.14647162 0.20560651 0.05403065 0.09558131 0.15954278
  0.37635463]
 [0.08477936 0.14561339 0.20913851 0.16267609 0.27971415 0.54183711
  0.09136922 0.15398314 0.21878908 0.05137539 0.08791359 0.14484151
  1.00000026]
 [0.08370859 0.13947393 0.1969779  0.16170796 0.27376842 0.38212885
  0.09350378 0.16344653 0.38025777 0.04677476 0.07886776 0.11014914
  1.00000024]
 [0.09131955 0.15323855 0.20817336 0.16332876 0.27662402 0.38778226
  0.09447682 0.16143577 0.24131081 0.04580096 0.07762752 0.11113623
  0.18952271]]",[-0.16214736  0.3607311  -0.09489158  0.04777592],4,0.055042603987440514,0.0841425479312939,0.11002415633012548,0.028027615490025023,0.05096983279711709,19.651592317000905,0.03989766425757124
41,"[[-0.18535684 -0.27744955 -0.48928885 -0.04803718  0.33430421 -0.22139606
   0.40534329 -0.24049842 -0.35420469 -0.18533089  0.23740022  0.21871836
  -0.00549295]
 [-0.60978398  0.35677291 -0.04059962 -0.00748895 -0.39497793 -0.06726757
   0.22349071  0.26105031 -0.10878929 -0.21394054 -0.18484842 -0.35873458
  -0.00890065]
 [-0.20785789  0.34417427  0.34713744  0.1128469  -0.32578252  0.0425014
  -0.2087498  -0.15579496  0.34649545  0.23035957 -0.34893092  0.36389327
   0.31939858]
 [ 0.18155543  0.24647741  0.16324178  0.55133865  0.10064207 -0.09248316
   0.04811501  0.10294174 -0.39497414 -0.00870191  0.55364386  0.12292852
   0.25759865]]","['bbo_main', 'random_fill', 'random_fill', 'random_fill']","[[0.08003899 0.13456889 0.18985681 0.16730675 0.28427622 0.39897236
  0.09042041 0.14977081 0.21035919 0.05225999 0.09580371 0.24449871
  1.00000001]
 [0.08637953 0.15110108 0.21720915 0.15527458 0.26014638 0.36865616
  0.11167464 0.18982551 0.26219596 0.04254182 0.07157487 0.10001584
  1.00000011]
 [0.08806697 0.15083006 0.24667959 0.15942845 0.26863797 0.37744606
  0.09230724 0.15959448 0.23933021 0.04928741 0.08408367 0.25295132
  1.00000006]
 [0.09191031 0.15737142 0.30618296 0.16614049 0.27872848 0.38913453
  0.08746858 0.14284203 0.19884014 0.0534807  0.09709781 0.14185931
  1.00000007]]",[-0.15923649 -0.15741979  0.49800758  0.45782595],4,0.05740538963123064,0.0911949191787437,0.1179501189974516,0.027683964311613067,0.05299082655602272,20.58896898799867,0.03913217530158632
42,"[[ 0.38613704 -0.29891631 -0.31988411 -0.42171714  0.35846931  0.03677984
  -0.21900566 -0.45998066  0.18039456 -0.13577863  0.17325765  0.09919736
  -0.03377836]
 [ 0.26219397 -0.06087013 -0.40530495 -0.12360132 -0.17995213  0.03795066
   0.207943   -0.46601833  0.07587483  0.323956   -0.16320581 -0.56213505
  -0.02066224]
 [ 0.06941606 -0.49428909  0.04985118  0.11052618  0.32602278 -0.38907343
  -0.05179604 -0.15604786 -0.0725887  -0.28964358  0.40360356 -0.31880809
   0.31266407]
 [-0.0919764   0.45959305  0.1890646   0.05803435  0.18908174  0.15673926
  -0.32447022  0.51405742  0.06842347  0.42377831 -0.20472078  0.13248723
   0.26002464]]","['bbo_main', 'random_fill', 'random_fill', 'random_fill']","[[0.08220292 0.13730629 0.19279655 0.164872   0.28699136 0.40798371
  0.09042164 0.1528385  0.2499296  0.0497117  0.08497378 0.12235287
  0.25084497]
 [0.0848001  0.14152828 0.19777128 0.16419081 0.28286524 0.40437075
  0.09308882 0.15723712 0.25439192 0.04573163 0.07524993 0.10445947
  0.29640072]
 [0.07972839 0.13530756 0.28570236 0.17288681 0.28770011 0.38838337
  0.08818978 0.14890209 0.21409447 0.04732524 0.08259988 0.1142323
  1.0000002 ]
 [0.09134304 0.15654117 0.36833024 0.16292447 0.27587494 0.39556236
  0.09270477 0.16224574 0.23136486 0.04726482 0.08021665 0.11448541
  1.00000017]]",[-0.05600337 -0.21931581  0.16722317  0.60475513],4,0.056737061888373186,0.10725744550410256,0.13583847124635395,0.02733603544320043,0.048745377260299594,20.311477969997213,0.038914789468413286
43,"[[ 0.24037491 -0.46511509  0.19230549  0.33718303 -0.55472989  0.22886426
  -0.0792377  -0.37145406  0.18377813  0.12868053  0.13751504 -0.02868233
  -0.02805506]
 [ 0.49829069  0.56155686 -0.22576503  0.12271023 -0.16795064  0.28306141
   0.02853027 -0.24286236  0.0680638  -0.32221482 -0.04460216  0.29931874
  -0.04657493]
 [ 0.50649923 -0.33783066  0.2417207   0.22259229 -0.04524496  0.11170371
   0.09848007  0.51560208  0.14142719  0.11812885 -0.33013568  0.28926573
   0.06829194]
 [-0.41155608  0.49348709  0.05299885  0.29014824  0.25066168 -0.11187853
   0.15984017  0.30057186  0.35142383 -0.04535379  0.29617342  0.30839991
  -0.0217239 ]]","['bbo_main', 'random_fill', 'random_fill', 'random_fill']","[[0.08443147 0.14468194 0.20887743 0.16258185 0.27452709 0.55606814
  0.09088996 0.15733991 0.2337114  0.05004165 0.08523086 0.11893687
  1.00000001]
 [0.08897106 0.15097935 0.21012391 0.16352485 0.27853864 0.41986966
  0.09103443 0.15387393 0.21800155 0.04724197 0.08232582 0.14955135
  0.2586799 ]
 [0.08511313 0.14483633 0.22269878 0.16264557 0.27586573 0.38640525
  0.0978349  0.17161549 0.24472357 0.04698488 0.08035487 0.25631327
  1.00000003]
 [0.08434159 0.14526501 0.20632885 0.16223491 0.27406912 0.38405236
  0.09585033 0.16753369 0.39516516 0.04891338 0.08377158 0.12669626
  1.00000003]]",[-0.01303664  0.16769925  0.36908302  0.36520272],4,0.06149746961641624,0.11912740244087267,0.14893238817374496,0.026886742273886897,0.04976436034775933,19.704310189001262,0.03904325800876329
44,"[[-0.14285613 -0.21519728  0.20264798  0.31637437  0.5100885  -0.41373874
   0.00682847 -0.01438986 -0.21451006 -0.24832084 -0.13597039 -0.48373369
  -0.01831853]
 [ 0.30732497 -0.41949079  0.07223253 -0.50749316  0.1280329  -0.10180456
  -0.24007562  0.43296821  0.09449621 -0.18615622  0.37941032 -0.08554049
  -0.01022689]
 [-0.17174571 -0.07853792 -0.1516364  -0.02744957 -0.2744427  -0.05620789
   0.44383095 -0.54154865  0.05540395  0.24487804 -0.46872873  0.06610064
   0.29109858]
 [-0.2047658   0.64495267  0.09561305  0.18206551  0.30064075  0.21831198
   0.0368826   0.16978283  0.18037647 -0.13468708 -0.40757198  0.3352166
  -0.04923842]]","['bbo_main', 'random_fill', 'random_fill', 'random_fill']","[[0.08446011 0.14629604 0.35430184 0.17146877 0.28869858 0.39678885
  0.09097154 0.15483332 0.21983205 0.04310767 0.07264761 0.10234916
  1.00000002]
 [0.08356741 0.13909837 0.22723629 0.15183096 0.25809029 0.3618745
  0.10332616 0.1865555  0.30456176 0.05118468 0.08744857 0.12145622
  1.00000001]
 [0.08273004 0.14152638 0.19944982 0.1559713  0.26176765 0.37119691
  0.09196087 0.15172781 0.24598896 0.04864962 0.08134746 0.1793777
  1.00000013]
 [0.08656598 0.14824944 0.20872108 0.16770485 0.28357077 0.40327462
  0.09178368 0.15865984 0.23082633 0.04560132 0.07776524 0.2705906
  0.9999997 ]]",[-0.07158012 -0.00932321  0.09646145  0.37726024],4,0.05594011547129865,0.12150677816771617,0.1515457866415305,0.026642227405758646,0.050127679717401105,19.539992256002733,0.03819467870378601
45,"[[ 2.75983923e-01 -1.26067077e-01  3.17650384e-02  2.76019550e-01
   5.65309214e-02 -2.34895890e-01  5.24863033e-01 -2.59413411e-01
   2.75680711e-02 -1.53070081e-01  6.03118443e-01 -2.02833464e-01
   2.26294640e-02]
 [ 5.39278039e-01 -1.11153582e-01 -4.81813999e-02  2.80423690e-01
   5.92687124e-02 -2.72873414e-01  3.01389598e-01  5.25503913e-04
   9.24539450e-02  4.93362359e-01  4.56273117e-02 -4.38961179e-01
  -1.82653031e-02]
 [ 1.74465024e-01  6.66681673e-01  1.12790790e-01  3.35146175e-01
   3.18164358e-01  3.28517816e-02 -4.96611502e-02  1.63480866e-01
  -1.27565984e-01  4.22544981e-01  2.01445077e-01 -1.80852896e-01
  -2.11549003e-02]
 [-5.33214532e-01 -2.39043682e-01  5.03336453e-02 -2.20204130e-01
  -3.56809772e-02  1.55578050e-01 -6.04785539e-01  2.95721462e-01
   2.05074128e-01 -2.32104152e-01 -3.78175802e-02 -1.74717687e-01
  -3.06345995e-02]]","['bbo_main', 'random_fill', 'random_fill', 'random_fill']","[[0.09083601 0.15300106 0.24440908 0.15934666 0.25743145 0.3490591
  0.09532787 0.15818377 0.23162373 0.05619585 0.10252045 0.13999441
  1.00000007]
 [0.09093668 0.15244535 0.21386069 0.15887543 0.26458396 0.36866141
  0.09988304 0.17374866 0.2816457  0.04686143 0.07667019 0.10488716
  0.52049405]
 [0.09931947 0.1720028  0.27286972 0.17481982 0.29605479 0.41265316
  0.08764824 0.14571197 0.20546057 0.04667855 0.07855063 0.11003014
  1.00000128]
 [0.08099916 0.13731194 0.19590908 0.16494911 0.27982445 0.40091854
  0.09284782 0.16563177 0.38831489 0.04579946 0.07762299 0.10954159
  1.00000008]]",[ 0.05293612  0.0087311   0.31686861 -0.04096345],4,0.05575507847076391,0.14347204578329323,0.17551403474233115,0.026200507773993697,0.051276723851215164,20.94912869300606,0.03780034510542726
46,"[[-0.0530726  -0.04545896  0.06666158  0.59297687 -0.4132595   0.06085837
   0.08448616  0.09151895 -0.46737444 -0.36016604 -0.31497145 -0.04050716
  -0.00666193]
 [-0.2784872  -0.38710572 -0.04367949 -0.43848872  0.2044303  -0.00296979
  -0.34856211 -0.37805801  0.03424298  0.138808    0.1730866  -0.43690921
   0.17578663]
 [ 0.03907495 -0.18976124 -0.01428277 -0.16962934  0.50644674 -0.36859065
   0.56334223 -0.30433555 -0.12364511 -0.31251393  0.05749541  0.04796071
   0.11227075]
 [-0.42615417 -0.44266068 -0.00993595  0.20641387  0.02403434 -0.53979115
  -0.36930366 -0.07550632 -0.37447401  0.03044007  0.06023436 -0.02410971
  -0.01825828]]","['bbo_main', 'random_fill', 'random_fill', 'random_fill']","[[0.08748983 0.15168695 0.27667704 0.17250396 0.28624175 0.42258454
  0.08800173 0.14312263 0.1949757  0.04248698 0.07375728 0.10635169
  1.00000017]
 [0.0774525  0.13192162 0.19041395 0.17115029 0.30111488 0.42572106
  0.08560854 0.14330039 0.24625852 0.04826125 0.07855337 0.10596355
  1.00000007]
 [0.08175776 0.13766771 0.19850283 0.17118059 0.29076115 0.39129232
  0.09391877 0.14859897 0.20574372 0.04681928 0.09137574 0.16726308
  1.00000013]
 [0.08170421 0.13999697 0.23030603 0.16144899 0.26693194 0.36945535
  0.08855028 0.14890038 0.21033701 0.05338331 0.09507545 0.13755879
  0.65921838]]",[-0.10347562 -0.02150645  0.04138669 -0.38947744],4,0.05390691905554249,0.16266962310769267,0.1962586374931187,0.025743471720744353,0.05079728598384145,20.156643810005335,0.03714043331465666
47,"[[-0.23056257  0.50123921  0.07133704 -0.31978656  0.03190507  0.02586988
  -0.19072527 -0.39413873 -0.39305557 -0.17302326  0.16760729 -0.42229917
   0.06309167]
 [-0.0612163   0.16012333  0.23971372  0.41297374 -0.20840153 -0.11222839
   0.44832742  0.48524607 -0.02013238  0.31721021 -0.30692777  0.23367108
  -0.01676361]
 [ 0.61903016 -0.17646544 -0.25571531  0.1018407  -0.46276315 -0.06029295
   0.36966528 -0.22826778  0.16504322 -0.10023721 -0.19499632  0.16712018
  -0.01080374]
 [ 0.36579909  0.54300823  0.21929209 -0.42492451 -0.25865003 -0.16611253
   0.29422091 -0.14507249  0.12483406  0.22197404 -0.19013105 -0.19505045
  -0.03908364]]","['bbo_main', 'random_fill', 'random_fill', 'random_fill']","[[0.09696499 0.17313899 0.27402502 0.16498864 0.28030832 0.40061816
  0.08570106 0.1392875  0.19499029 0.04571638 0.07656531 0.10670132
  1.00000055]
 [0.08688178 0.14940838 0.35064908 0.1583082  0.26433872 0.36944905
  0.09966582 0.17267746 0.24117309 0.04882336 0.08349835 0.13039411
  1.00000005]
 [0.08816414 0.1487203  0.2065202  0.15573603 0.26033092 0.36876003
  0.09497524 0.16427352 0.26272374 0.0494081  0.08442746 0.24481777
  1.00000005]
 [0.09856418 0.16661689 0.27681132 0.15362027 0.25778817 0.36473784
  0.09303138 0.15919843 0.233002   0.04808589 0.08107988 0.11395958
  0.57551085]]",[-0.0744095   0.19867006 -0.10165689 -0.02140976],4,0.05275827546900115,0.170371016743138,0.20453411447030226,0.02550437948177545,0.048987845487487885,19.65509072200075,0.03633422002675046
48,"[[ 0.07546924 -0.50211921  0.17538912  0.33921016  0.52666229 -0.02535562
   0.24969282 -0.29076521  0.13530777  0.06317813 -0.35806595  0.14179269
  -0.02885767]
 [-0.24041606 -0.19927443  0.12275416 -0.28956722  0.32624336 -0.18435896
  -0.49154439 -0.55476411  0.10377858  0.22362697 -0.21666244  0.03660363
   0.06861888]
 [-0.28206281  0.54325929 -0.49732337  0.10140123  0.03861928  0.13309224
  -0.36823577  0.42938867  0.15896613  0.00759933 -0.01724264  0.04786659
  -0.02456567]
 [ 0.42552493 -0.09454119 -0.24669639  0.07188956 -0.39918204 -0.42479951
  -0.24242673 -0.32499765 -0.05296961 -0.22561932 -0.3537399  -0.24659057
  -0.01093113]]","['bbo_main', 'random_fill', 'random_fill', 'random_fill']","[[0.07936558 0.13475256 0.23792521 0.18011687 0.30879813 0.42522306
  0.09041672 0.1525162  0.22608932 0.04522781 0.07697335 0.11207165
  0.6123296 ]
 [0.08403416 0.14486735 0.34576765 0.16552678 0.28399288 0.39354863
  0.08593708 0.14425012 0.21777755 0.05015903 0.08457149 0.11889373
  1.00000005]
 [0.08086379 0.13656082 0.18911123 0.16545388 0.28034267 0.40828163
  0.0972161  0.17465163 0.29502312 0.04672952 0.08012449 0.11385865
  0.52552918]
 [0.09383773 0.15831856 0.21997293 0.15456153 0.25223627 0.3490578
  0.09218419 0.15833597 0.25282978 0.044732   0.0773031  0.11004886
  1.0000001 ]]",[ 0.17534337 -0.06826342  0.11688008 -0.42986503],4,0.053818156522179944,0.1670001688215246,0.20091508158509713,0.025438727684506043,0.04810373893669871,19.99713162599801,0.03598248065814477
49,"[[ 0.38889773  0.04616872 -0.26632896 -0.02434757  0.54027195 -0.26532176
  -0.17958107  0.37059628 -0.03136515  0.27392598 -0.40537386  0.05127009
  -0.01571306]
 [-0.45124207  0.76181114 -0.0864792  -0.19779706  0.35948032  0.05149771
  -0.04186087 -0.12302139  0.10361171 -0.01635681  0.09518694  0.01926989
  -0.01491764]
 [-0.34226668 -0.6775086   0.11413224  0.28555313 -0.34281086 -0.01833549
  -0.15997394  0.23572913  0.18746827  0.05448194 -0.17163021  0.24809142
  -0.0336834 ]
 [ 0.23540931 -0.26187064  0.01036773 -0.15626151 -0.34158141 -0.48918557
  -0.02406552  0.33411458 -0.37363129  0.32554031 -0.36971381  0.02886549
  -0.01380692]]","['bbo_main', 'random_fill', 'random_fill', 'random_fill']","[[0.0835803  0.13612987 0.18863099 0.17134864 0.29047475 0.39853994
  0.09769629 0.17393275 0.24669646 0.04499503 0.07611707 0.13077043
  0.51809563]
 [0.09065047 0.161752   0.2209883  0.16808542 0.29089826 0.41021426
  0.09005591 0.15079152 0.31483748 0.04681164 0.08010827 0.11394613
  1.00000006]
 [0.08079741 0.13688038 0.19698663 0.16132194 0.27167076 0.38097274
  0.09638826 0.17096617 0.25034267 0.0494248  0.08438219 0.26304765
  1.00000019]
 [0.0908841  0.15495513 0.23559244 0.15069348 0.24682151 0.34001002
  0.09854294 0.16879018 0.23319775 0.05068792 0.08605202 0.14276241
  0.99999825]]",[ 0.05478329  0.16009688 -0.06036031 -0.34903176],4,0.05229442048568312,0.17133453338767526,0.205567706604278,0.025258419787591222,0.04875444135775642,19.980499541001336,0.03579783550843768
50,"[[ 0.44647715 -0.29988206 -0.50029045  0.02957177 -0.18196609  0.01185686
  -0.13236712  0.41863345 -0.45588779 -0.14513243  0.04574462  0.0491801
  -0.01132511]
 [-0.04082588 -0.11765051 -0.43016787 -0.53954453 -0.07638411 -0.11094471
   0.42582421 -0.53034759  0.09703987  0.07831022  0.04334884  0.09808264
  -0.02350053]
 [-0.17583424  0.06875016 -0.25354517 -0.27339339  0.30472496 -0.22130808
   0.53868211 -0.21454601  0.01932428  0.5821556  -0.05600134  0.06860463
   0.01274153]
 [-0.01973692 -0.0820531  -0.12107756  0.59211274 -0.25217292  0.11438754
  -0.0215286   0.04935248 -0.05151086 -0.22828949  0.6552952   0.25023463
  -0.03531306]]","['bbo_main', 'random_fill', 'random_fill', 'random_fill']","[[0.08090166 0.13063045 0.17790714 0.16520431 0.28065485 0.40163984
  0.09229177 0.15579772 0.21415975 0.05191704 0.09570478 0.16830195
  0.83239319]
 [0.08303621 0.13899486 0.19454995 0.1581412  0.27002485 0.38215524
  0.09314722 0.15744412 0.23800923 0.05263896 0.09290088 0.15586408
  0.33361518]
 [0.08026223 0.13250507 0.18385784 0.15958426 0.27436523 0.38190818
  0.0977666  0.1631227  0.23640076 0.06169919 0.10253578 0.17739498
  0.99999999]
 [0.08187452 0.13884913 0.19667086 0.16481949 0.27783499 0.39496495
  0.0910594  0.15420809 0.21822654 0.05250592 0.09662853 0.26975476
  0.99999938]]",[-0.1824141  -0.25692255 -0.01883799  0.11381869],4,0.05236248714096506,0.18774150161425698,0.22311158618844443,0.02469339483466598,0.045753732799072244,19.84215844600112,0.0349611345562221
51,"[[ 0.27306435  0.41292216  0.13333128  0.52542939 -0.15830918  0.08374716
  -0.31948921  0.35458477  0.10590759 -0.04559989  0.4036068   0.15127207
   0.04605782]
 [ 0.37919731  0.17045511  0.15792588  0.21912379 -0.53980453 -0.32368275
  -0.13916429 -0.05622528 -0.46461562 -0.02717323  0.2978645   0.17372651
  -0.00098782]
 [ 0.18842234 -0.41050477 -0.17539786 -0.48782062 -0.19943347  0.15326799
  -0.22917083 -0.04317472  0.09079829  0.3849184   0.46274665 -0.19700898
  -0.01574394]
 [-0.10473388 -0.01513655  0.103317    0.25165827  0.03316874 -0.44381236
   0.26503231 -0.58015329  0.05313242 -0.13977321 -0.27157378 -0.46170884
  -0.02487788]]","['bbo_main', 'random_fill', 'random_fill', 'random_fill']","[[0.09690725 0.16349447 0.24414103 0.16194544 0.27162109 0.38127155
  0.09104937 0.15929952 0.23397708 0.05182432 0.08894661 0.21645116
  1.00000009]
 [0.09617787 0.1630842  0.27620052 0.15514269 0.25453566 0.35409791
  0.08955484 0.1486538  0.20870662 0.05271679 0.09661401 0.15498021
  0.99999994]
 [0.08230235 0.13717665 0.19279613 0.15879019 0.27203039 0.52038406
  0.09213665 0.16154046 0.23958505 0.05504428 0.09259728 0.12590399
  1.00000004]
 [0.08932478 0.15353144 0.25464263 0.16224539 0.27036436 0.37548529
  0.09287073 0.15724619 0.23028856 0.04424706 0.07407088 0.10432956
  0.36441302]]",[ 0.36505818 -0.17463885 -0.10942207 -0.24013065],4,0.05552886852895711,0.2066202600090835,0.2431764445921248,0.024466082619330507,0.045159800796350597,19.77885930499906,0.03485172597201827
52,"[[-0.09096912  0.08150276  0.12694894  0.50192333  0.53933283 -0.16714621
  -0.08883203  0.51598382 -0.15374763 -0.17926296 -0.19303522  0.17611978
  -0.00602938]
 [ 0.32679168  0.49499193  0.07741123  0.24333927 -0.47559491  0.14966893
  -0.18622329 -0.13177926  0.04133509  0.2130273   0.41974773 -0.2421287
  -0.02106684]
 [-0.58350935 -0.14843763  0.02188829 -0.35804322 -0.25203829 -0.42985249
   0.03725179 -0.34191414 -0.00667245 -0.17608138 -0.3107187   0.12047642
   0.01047716]
 [-0.32573584 -0.3157767   0.31083444 -0.00848133  0.30698931  0.39122648
   0.13820989  0.27961891  0.35492927  0.23509895  0.29007339 -0.28977976
  -0.05950435]]","['bbo_main', 'random_fill', 'random_fill', 'random_fill']","[[0.08290351 0.14321586 0.21399736 0.17743869 0.29903467 0.40812003
  0.0914403  0.15792342 0.22412743 0.04486961 0.07660111 0.22972974
  1.00000003]
 [0.09994623 0.17057805 0.23413418 0.15630748 0.26059595 0.46583058
  0.09076698 0.15403425 0.2212225  0.05059703 0.08586201 0.11848124
  1.00000009]
 [0.08539016 0.14864706 0.2132163  0.15185737 0.24987864 0.3476169
  0.09292012 0.15790152 0.23027609 0.04953143 0.08543301 0.18225627
  1.00000002]
 [0.08239718 0.1412353  0.20438502 0.16786192 0.28480588 0.55492092
  0.09324372 0.16266814 0.24111896 0.04638618 0.07890826 0.11051073
  0.99999971]]",[ 0.26392612  0.08804616 -0.38889459  0.38141869],4,0.05072216214544012,0.19886788083817158,0.23495195564041474,0.024492798542314658,0.04612737469178495,19.896519482004805,0.03514483867317997
53,"[[ 0.45618849  0.08219143  0.10500325 -0.26403212  0.43779924 -0.04559678
  -0.37699868 -0.02415326  0.0578459   0.50088966 -0.32384815  0.09361949
   0.0077803 ]
 [ 0.05186743  0.55191537  0.19699924  0.02558958  0.27493809 -0.00354547
   0.00385331 -0.53406333  0.1398111   0.45902595 -0.13834496  0.17781361
   0.10669902]
 [-0.23192043  0.03198637  0.22390539 -0.06371838 -0.28239436 -0.23228865
   0.36528364 -0.42014896  0.34797152  0.56819512 -0.01375249  0.00904478
  -0.05597718]
 [ 0.38272356 -0.13984256  0.06357705 -0.07564612  0.16829441  0.17586511
   0.72100963 -0.27780806  0.21199708 -0.00556543  0.30028159  0.17877454
   0.02855703]]","['bbo_main', 'random_fill', 'random_fill', 'random_fill']","[[0.09812722 0.16377084 0.32034618 0.16587359 0.2879454  0.40259182
  0.08702103 0.14607396 0.21023259 0.04795882 0.07968625 0.12122487
  0.99999999]
 [0.0948927  0.16371761 0.34463902 0.1631996  0.27700105 0.3876533
  0.08782067 0.14606324 0.21587943 0.04961275 0.08416446 0.12703344
  1.00000002]
 [0.08702406 0.14938108 0.21686128 0.15769221 0.26414625 0.37166469
  0.09293296 0.16044694 0.27516487 0.05031337 0.08539055 0.11981485
  0.24544059]
 [0.08536412 0.14446108 0.20366106 0.16179772 0.27933684 0.40202597
  0.0940938  0.157044   0.37657626 0.05010017 0.08649796 0.12921554
  0.99999983]]",[ 0.14894314  0.33506449 -0.06077997  0.31229092],4,0.047832851721628405,0.21680982990534428,0.25395651354262466,0.024198983670786742,0.0446735035449094,19.900472966997768,0.03449515316261491
54,"[[-2.50429127e-01 -2.56308917e-01 -1.22961350e-01  4.21898297e-01
  -2.17476665e-01 -2.27316410e-01 -3.73226934e-01 -2.45382667e-01
   7.19524197e-02 -5.01826090e-01  3.49809180e-01  3.48283299e-04
   2.49061569e-02]
 [ 4.53237377e-01 -9.73613054e-02 -2.51307374e-01  3.50537193e-01
   3.51401213e-01 -4.84419402e-01 -1.39508087e-01 -3.49150272e-01
   9.03603544e-02  6.05236428e-02  2.87220284e-01  6.70336603e-02
   2.71005713e-02]
 [ 4.04083199e-01  1.13406294e-01 -1.22023094e-01 -1.02590811e-01
   2.78219571e-01  4.53239601e-02 -1.66334164e-01  5.30723234e-01
  -9.25612546e-02  2.33217303e-01  4.74283547e-01 -2.68892391e-01
   2.22352823e-01]
 [-9.03449021e-02 -3.21189999e-01  7.85734521e-02 -4.11859761e-01
  -6.92120277e-02 -4.37116812e-03  5.75088178e-01  7.63607407e-02
  -5.92139081e-02  3.27432823e-01  1.88640459e-01 -4.30942375e-01
   1.98722550e-01]]","['bbo_main', 'random_fill', 'random_fill', 'random_fill']","[[0.08005952 0.13655709 0.19501488 0.16549663 0.26763317 0.36750911
  0.08947587 0.15298871 0.26763337 0.05200165 0.10087939 0.14722127
  1.00000005]
 [0.08543062 0.14127657 0.19823833 0.16687306 0.27552231 0.37245676
  0.08791858 0.14785395 0.25293123 0.05679607 0.1038664  0.15244199
  1.00000003]
 [0.08932536 0.14629774 0.20105163 0.16831718 0.28903048 0.42654848
  0.09821656 0.17489031 0.24260197 0.05608709 0.0932796  0.12315629
  1.00000016]
 [0.08264579 0.13939883 0.25826979 0.15442253 0.26314819 0.37337847
  0.11124941 0.18750553 0.25731636 0.04882178 0.07949752 0.10720532
  1.00000196]]",[-0.16847993 -0.02040875  0.4112166   0.13117297],4,0.047089346649892616,0.2357747823267456,0.27393517468547174,0.02388645276976102,0.04480436028883148,19.849756756004354,0.03412349355347644
55,"[[ 0.03108728  0.29300147 -0.07129786  0.49088334  0.15443867  0.12043882
  -0.12312765 -0.13197518  0.14637272  0.23494825  0.71776263  0.05607307
  -0.03530097]
 [-0.12058893 -0.1897347   0.25440692  0.20368588  0.10447881 -0.26367323
   0.30706221 -0.37094585  0.3239284   0.26899721 -0.51320475  0.29630184
  -0.04957644]
 [ 0.38310769  0.39636469 -0.43626229 -0.40646016 -0.17048545  0.03495672
  -0.04946552  0.30081424 -0.01239004 -0.27737957  0.14100177 -0.32322563
   0.12615994]
 [ 0.01577098 -0.35202948  0.09988177 -0.35636733  0.10867753 -0.30453599
  -0.49089582 -0.47452893  0.07908004 -0.34762599  0.18089428 -0.08968316
  -0.01672722]]","['bbo_main', 'random_fill', 'random_fill', 'random_fill']","[[0.08379472 0.14383887 0.20352037 0.16861013 0.28550304 0.40346
  0.08997491 0.15285091 0.2469814  0.05365949 0.0933646  0.13009338
  0.31596096]
 [0.08462864 0.14573505 0.21532406 0.16230109 0.27413743 0.38114401
  0.09290964 0.16034538 0.38113152 0.04804523 0.08238039 0.13805064
  0.99999991]
 [0.09563428 0.15798443 0.20960096 0.15180563 0.25733181 0.3918903
  0.10310247 0.1820977  0.25974568 0.04463973 0.07493439 0.10429229
  1.00000008]
 [0.08660693 0.14826812 0.28562996 0.15746958 0.26512679 0.36900285
  0.08741083 0.14763547 0.22296089 0.05030711 0.08658208 0.12105774
  0.68655106]]",[ 0.28635449  0.03260934  0.05303466 -0.28147993],4,0.04640344704969568,0.2328537206604735,0.2708649112960002,0.023736554568339584,0.042575476081739845,19.847372424999776,0.03345834786457613
56,"[[ 0.35524597  0.31067904 -0.12935166 -0.36925543  0.13944521  0.12725963
  -0.29001431 -0.03445    -0.47884043 -0.37744461  0.19803323 -0.30279023
  -0.02471138]
 [-0.39272706 -0.01918717 -0.17949044 -0.25665165  0.47167896 -0.02425177
  -0.11321148 -0.29098962 -0.30358858 -0.26289312  0.2227388  -0.46449089
  -0.01030796]
 [ 0.30849092 -0.57775968 -0.16282617  0.36146198 -0.37154536 -0.08723733
  -0.11068042 -0.08652266  0.00098409  0.04957351 -0.12175997 -0.47150585
   0.09415726]
 [-0.41990584  0.07401207  0.03442043 -0.46159339 -0.0659918   0.05897085
  -0.442833    0.26151233  0.05344551  0.48122886  0.10868157 -0.29209021
  -0.00773446]]","['bbo_main', 'random_fill', 'random_fill', 'random_fill']","[[0.09426183 0.15877926 0.21892462 0.16493296 0.28754485 0.44714196
  0.08710708 0.14343356 0.20124806 0.04539018 0.07702757 0.10843863
  0.55357654]
 [0.07864004 0.13418373 0.19077518 0.18271517 0.31892982 0.45190329
  0.08664641 0.14088397 0.19741327 0.04552301 0.07712527 0.10815211
  1.00000004]
 [0.08080621 0.13227487 0.18667828 0.16620543 0.27588941 0.38605851
  0.09326319 0.16560797 0.2757003  0.0433176  0.07201692 0.09853604
  1.00000017]
 [0.08412723 0.14505271 0.21048676 0.15216906 0.2592281  0.42212249
  0.09589403 0.1789861  0.2631106  0.05304878 0.08506016 0.11281772
  1.00000007]]",[-0.08436661 -0.1411922  -0.14130277 -0.06730929],4,0.04963872504162117,0.2635824649292369,0.3030450785030792,0.02335179839141261,0.04331741768071537,19.841721412994957,0.03421490405539172
57,"[[-0.26439199  0.28376287 -0.04142931  0.57511728  0.21706522 -0.52953148
   0.24060595  0.25649912  0.05664555  0.17979402  0.05367196 -0.16569984
  -0.00485805]
 [ 0.36817378  0.17842555  0.06520235  0.17655263 -0.09774423 -0.37795401
  -0.03709053  0.34996439  0.09301372 -0.01937288 -0.60010994 -0.38940905
  -0.0117495 ]
 [ 0.09211661 -0.19723481  0.08556987  0.50556976  0.06321706 -0.18323847
  -0.18799975  0.15592369  0.11991395  0.11908211  0.72718729 -0.18692901
  -0.01254676]
 [ 0.20361606  0.26700733  0.02229425  0.64901262  0.30051131 -0.17117926
   0.02616132  0.22380981  0.03652416  0.3741738   0.38610148  0.06026965
   0.03319199]]","['bbo_main', 'random_fill', 'random_fill', 'random_fill']","[[0.08473799 0.14678011 0.20874821 0.16271826 0.26057192 0.35077142
  0.10788242 0.18740257 0.28384705 0.04728798 0.08067658 0.1134582
  1.00000002]
 [0.09819409 0.16507489 0.24387672 0.1580325  0.25898099 0.35823964
  0.10031049 0.17809069 0.26911149 0.04231799 0.07073169 0.09959815
  1.00000006]
 [0.08159181 0.13849036 0.20563744 0.1657741  0.27660779 0.38294138
  0.09109852 0.16114378 0.34968998 0.05631074 0.09465579 0.12784983
  1.0000001 ]
 [0.08942495 0.15293352 0.2136296  0.18173454 0.30201862 0.40975098
  0.09026385 0.15534474 0.22491391 0.05654275 0.09546998 0.14016646
  1.00000034]]",[ 0.0542756  -0.06146819  0.11794914  0.34737418],4,0.047987558732427354,0.2802164433679605,0.3203619399394832,0.022940896271102764,0.041882430238500426,20.37950489099603,0.03257615210833403
58,"[[-0.14449681 -0.2044103  -0.05269895 -0.26217505 -0.5946199   0.11638844
   0.37138533 -0.09498696 -0.18521939 -0.43055673 -0.26301288 -0.25071846
  -0.00588577]
 [ 0.47887998 -0.37880976  0.0033998  -0.34173671 -0.07823338  0.12690053
   0.33350694 -0.09328687 -0.57172283 -0.03536344 -0.13415371  0.1461298
  -0.02755646]
 [-0.43214146 -0.20448584 -0.32616685  0.24028304 -0.16236607  0.32668836
  -0.16913025 -0.51483718 -0.09515241  0.07784685 -0.31094771  0.26122784
  -0.02292565]
 [-0.40382753 -0.60390172  0.04816303  0.01635861  0.02089871 -0.15619206
  -0.2019579  -0.21412938 -0.32000188  0.06633714 -0.29797836 -0.40317692
  -0.00480651]]","['bbo_main', 'random_fill', 'random_fill', 'random_fill']","[[0.08596832 0.14801131 0.20971623 0.15569495 0.26198854 0.47467877
  0.09471542 0.15981122 0.22361021 0.04316333 0.07439666 0.10565801
  1.        ]
 [0.08721792 0.14688211 0.20668706 0.16180232 0.28160358 0.41250833
  0.08955905 0.14669998 0.2047442  0.05014874 0.08574228 0.15249493
  0.31641098]
 [0.08067028 0.136451   0.193466   0.16977829 0.29140712 0.55108102
  0.08968241 0.15012763 0.21221903 0.04811501 0.08263881 0.12682716
  1.00000003]
 [0.07724353 0.13294767 0.25203859 0.17375868 0.29503334 0.40926013
  0.08744377 0.1454523  0.20519777 0.04400679 0.07332266 0.10265859
  1.00000014]]",[-0.28703355 -0.13873258 -0.07675155 -0.33385097],4,0.046295431739564796,0.2767890601402879,0.31679944442863367,0.02297103278978873,0.04598183850499643,19.820848810995813,0.03299059358339457
59,"[[-0.00114145  0.31585612 -0.16021791 -0.28586073  0.34498344 -0.44746402
  -0.22988759 -0.00592273 -0.40404199 -0.48417037 -0.05533218 -0.14139796
  -0.00073788]
 [-0.4303661   0.18809659 -0.27546252  0.02560077  0.36038052 -0.5013391
  -0.3912635   0.16158538  0.05808163 -0.09929507  0.3231941   0.15494252
  -0.02762466]
 [ 0.60114524 -0.14873056  0.10961226  0.1898592   0.39102781  0.1510374
   0.26253766 -0.23686227  0.11667336 -0.00585192  0.34782115 -0.31074082
   0.19107884]
 [ 0.27837121  0.49985307  0.00621312 -0.3624538   0.3468865  -0.34946331
  -0.00252716  0.36901426 -0.15594867 -0.03210159 -0.16711629 -0.32891347
  -0.03390931]]","['bbo_main', 'random_fill', 'random_fill', 'random_fill']","[[0.10094847 0.17130854 0.23551021 0.16217375 0.27077503 0.37290158
  0.08812547 0.14415334 0.20238155 0.04321095 0.07516581 0.11908024
  1.0000001 ]
 [0.08282245 0.14215739 0.20135243 0.16010416 0.2675808  0.37185972
  0.09231848 0.1616245  0.23591385 0.0525162  0.09169283 0.15955515
  0.28819194]
 [0.08599065 0.1452002  0.20764268 0.17797513 0.30830301 0.5279989
  0.08984675 0.15078745 0.22263996 0.04511876 0.07645079 0.1072299
  1.00000022]
 [0.09518986 0.16153988 0.22957359 0.15970093 0.26921492 0.37538184
  0.09302029 0.16097882 0.23118618 0.04540794 0.076722   0.10871867
  0.26815043]]",[-0.24908507 -0.10538961  0.48488399 -0.02302445],4,0.04740147125858335,0.29688329969354943,0.3376459228158122,0.022640598987257933,0.04330924837605313,19.687447330004943,0.03202674745400331
60,"[[ 0.31927041  0.22810842  0.07635215 -0.39156501 -0.01086441  0.08666441
   0.25752789 -0.17837906 -0.23017866 -0.34870731  0.57637683 -0.04622908
   0.26867322]
 [-0.14461503 -0.31375652 -0.40045545  0.24976194  0.29644303 -0.14463384
  -0.39733342  0.01311859 -0.29267859  0.54019746 -0.10066861  0.05785286
   0.00996061]
 [ 0.27734787 -0.34059618  0.11086767 -0.11316887 -0.03458958 -0.6498227
  -0.16865047 -0.25042293  0.12384768  0.08099665 -0.45876782  0.07174312
   0.17274044]
 [-0.36089825  0.63096048  0.17627233  0.4796937   0.15641562 -0.10191503
   0.18443429  0.14003138  0.15977916  0.01232018 -0.27906962  0.07881569
   0.11051291]]","['bbo_main', 'random_fill', 'random_fill', 'random_fill']","[[0.10016624 0.16762994 0.25453535 0.15596155 0.26813131 0.41057116
  0.08932702 0.14387806 0.19961716 0.05220247 0.09577748 0.13504642
  1.00000006]
 [0.07671968 0.12727954 0.17928133 0.1807436  0.30998022 0.42876494
  0.08640826 0.14407769 0.20350366 0.05397525 0.09168784 0.15309142
  0.99999997]
 [0.089509   0.1524121  0.27783075 0.15456729 0.25210064 0.34400961
  0.09296074 0.16243776 0.26181748 0.04938956 0.08424211 0.1246652
  1.00000025]
 [0.09080956 0.15804012 0.35613418 0.1657748  0.27834047 0.38532157
  0.09431034 0.16264204 0.24103798 0.04450697 0.07562306 0.10859708
  0.99999983]]",[ 0.31207443 -0.10106273 -0.12293426  0.3907067 ],4,0.04540275608994909,0.3111240151173087,0.3523632756788512,0.022481877365991512,0.041158140946552915,20.384256274002837,0.03222913538595895
61,"[[ 0.09074444 -0.08013725 -0.22991176 -0.66418422  0.5302074   0.05624394
  -0.08490085  0.34544276 -0.01665988 -0.01774188  0.27541685 -0.06375076
  -0.00321464]
 [ 0.41976663 -0.31519389 -0.23158141 -0.42323924  0.0013992   0.07205157
  -0.25608319  0.19980721 -0.18050229 -0.22338128 -0.21400482 -0.50241063
  -0.01725414]
 [-0.29606238 -0.4228143   0.1192266  -0.58864699 -0.27174156  0.09369313
   0.22176064 -0.37038445 -0.17549268  0.24601939 -0.01266519  0.10982599
  -0.01803295]
 [-0.11865687 -0.4246012  -0.09292297  0.19672641 -0.45812301  0.02229402
   0.14583762 -0.0253678   0.09627065  0.4164981  -0.28754759 -0.51039987
  -0.0090669 ]]","['bbo_main', 'random_fill', 'random_fill', 'random_fill']","[[0.07995112 0.1302221  0.18068896 0.16438592 0.30154409 0.45941278
  0.0988711  0.16687784 0.23228542 0.05008946 0.08479653 0.11825166
  1.        ]
 [0.08555392 0.14157421 0.1979716  0.16412805 0.28647482 0.44729722
  0.09295006 0.15756202 0.22046847 0.04265014 0.07180747 0.10072068
  0.50727942]
 [0.0831032  0.14075781 0.28746452 0.15472583 0.26557134 0.3870282
  0.09028261 0.14850758 0.20782588 0.05488669 0.09527304 0.14221187
  1.00000011]
 [0.0806767  0.13618659 0.19388747 0.1620989  0.27086475 0.38635907
  0.10163121 0.1796913  0.33394532 0.04538872 0.07402015 0.10055705
  1.00000007]]",[ 0.08890961 -0.2077595  -0.23840206 -0.18935997],4,0.04343393638459235,0.3037553267412458,0.3447536529187563,0.02245463854581665,0.042477093835876584,19.76779254199937,0.031588039386977185
62,"[[-0.02399819 -0.43586901  0.11828197  0.32715536 -0.09440059  0.0567774
   0.43777174  0.61428394 -0.25840981 -0.15448276  0.07309782  0.10552919
  -0.01329626]
 [-0.46207327  0.09505178  0.0607549   0.27923835 -0.10755566 -0.36205567
  -0.24515953  0.37594695  0.18619906  0.53419806 -0.05791349  0.15207135
   0.07196585]
 [ 0.13141855  0.56900333  0.07141375 -0.17719472  0.17107856 -0.46345299
  -0.24752459  0.05320421 -0.0701949  -0.00339942  0.53466592  0.14478969
  -0.05040091]
 [-0.42427012 -0.41814793 -0.32514079 -0.217979   -0.64719148  0.11634543
  -0.12596271 -0.16026991 -0.09986692 -0.06780243 -0.03309786  0.04742288
   0.00739582]]","['bbo_main', 'random_fill', 'random_fill', 'random_fill']","[[0.07896859 0.13350052 0.26226864 0.1673155  0.28155158 0.39388503
  0.11005368 0.18444872 0.24956584 0.04670262 0.08187663 0.12525538
  1.00000002]
 [0.08429018 0.14579995 0.20747217 0.15707185 0.25831295 0.35842143
  0.09798872 0.17565228 0.35686983 0.05122982 0.0868004  0.13052924
  1.00000014]
 [0.09203347 0.15782133 0.22022793 0.15660314 0.26279227 0.36730111
  0.09172353 0.15634165 0.22372428 0.05165946 0.08966884 0.15042035
  0.28707793]
 [0.07972595 0.13210251 0.18533586 0.15541972 0.2622927  0.44393675
  0.09231461 0.15833745 0.22415808 0.05097408 0.08887384 0.13226766
  1.00000012]]",[ 0.11714522  0.09644168 -0.01040737 -0.35342607],4,0.04685602467265908,0.3111240151173087,0.3523632756788512,0.022457327223636348,0.03987238341366507,20.20211809900502,0.03180710805185688
63,"[[-3.40442040e-01 -2.94343617e-01  5.88189971e-02 -7.07386376e-01
   2.87074174e-01  1.12719263e-01 -1.66010761e-01  1.25369499e-01
  -3.12631758e-01  2.73450774e-02 -2.37840968e-01  9.27189590e-03
   8.42209646e-03]
 [ 4.10210492e-01  1.51926594e-01  1.71652852e-01 -2.27953102e-01
  -5.71921993e-01  2.45216189e-01 -1.76650897e-01  3.61826511e-01
   2.32874758e-01 -4.56215804e-02 -2.95800921e-01  1.84496298e-01
   4.42543098e-03]
 [ 1.04322413e-01 -1.04333448e-01 -1.72055669e-01  1.84067980e-01
   5.32350172e-01 -5.75527066e-01  3.45388195e-01 -1.83201116e-01
   1.26861947e-01 -2.82212512e-01  2.11074584e-01 -8.14130874e-02
  -1.85742314e-02]
 [ 1.37915344e-01  5.03376760e-01  6.28810837e-02 -4.09323185e-01
  -3.78981080e-01  8.21447188e-02 -1.73690040e-01 -2.29138168e-04
   1.12710544e-01 -3.64726707e-01 -4.75895143e-01 -2.72674787e-02
   5.09907749e-02]]","['bbo_main', 'random_fill', 'random_fill', 'random_fill']","[[0.08071125 0.13640482 0.20475466 0.16506774 0.29153061 0.53947582
  0.09023071 0.15012352 0.20980437 0.04799599 0.08150947 0.11623119
  1.00000001]
 [0.09197811 0.1570088  0.21890187 0.15412372 0.25910567 0.49015163
  0.09759223 0.17218323 0.25183507 0.0481774  0.0818593  0.11628091
  1.00000002]
 [0.08244828 0.13916266 0.19795252 0.16671911 0.2791058  0.37990424
  0.09527851 0.16439878 0.36920385 0.04686696 0.08152068 0.1159466
  1.00000001]
 [0.10200868 0.17617831 0.24096517 0.1536207  0.25876907 0.37513296
  0.09282475 0.15901101 0.26768473 0.0429129  0.07391291 0.10598284
  1.00000004]]",[-0.09817429  0.13920481 -0.05375782 -0.00094279],4,0.04266173466083346,0.3244024568872208,0.36604579372633117,0.022240570554452426,0.04988909450947629,19.849698145997536,0.03138302847621738
64,"[[ 0.09403988  0.39749483 -0.26601649  0.15652845  0.00071594 -0.04080156
  -0.24497757 -0.47198412  0.07824756  0.4076477   0.22062166 -0.47694755
   0.07062522]
 [-0.27176192 -0.15009199 -0.01183926  0.51148326  0.30051517 -0.1495829
   0.54966042 -0.21091225  0.1474901   0.35332318  0.06663196  0.17593445
  -0.02417104]
 [-0.03673965 -0.30108436  0.10288795  0.18207941  0.47970822 -0.68019717
   0.38095768 -0.11015242  0.0246476   0.06724045 -0.06917851 -0.06386403
  -0.01469794]
 [ 0.40417355 -0.13542717 -0.52813276  0.15728249  0.05709493  0.02267095
  -0.44050983  0.31389244  0.16162634 -0.31279148  0.2678008   0.14991904
  -0.01163944]]","['bbo_main', 'random_fill', 'random_fill', 'random_fill']","[[0.0946394  0.16088829 0.21921991 0.16903289 0.2848975  0.39936509
  0.08471734 0.14244759 0.28502985 0.04831299 0.07804036 0.10476157
  1.00000009]
 [0.0792989  0.134987   0.19462483 0.17202618 0.28933901 0.39854443
  0.09283756 0.15862227 0.23597421 0.05038653 0.08703743 0.25359508
  1.        ]
 [0.08449849 0.14546224 0.2959847  0.16092878 0.26088009 0.35100075
  0.10070186 0.17396921 0.24918882 0.04870509 0.08345016 0.11789841
  1.00000003]
 [0.08054724 0.1314419  0.18026576 0.16601173 0.28075673 0.39422339
  0.09567293 0.1718941  0.34082702 0.04836926 0.0832612  0.13929678
  1.00000001]]",[ 0.01679129  0.16763363 -0.10013265  0.05393769],4,0.04051423598938242,0.3219420697609592,0.36351341053667285,0.02207029403881263,0.03979568559481636,19.70879942600004,0.03140620656789775
65,"[[ 0.33940247  0.45102589  0.12538707 -0.48359073  0.25019988  0.1134521
  -0.24656098 -0.26883198  0.11789712 -0.03420582  0.41970816  0.17891822
  -0.00538119]
 [ 0.40114087  0.38028876  0.19833263 -0.00905047  0.07708798  0.00123408
   0.01685903 -0.67786893  0.19808749  0.2456857   0.27214327  0.11948245
  -0.03709439]
 [ 0.03086703 -0.25699243 -0.05596583 -0.36435815  0.34604699 -0.24581241
   0.12231963 -0.24662723  0.02369028 -0.24751334 -0.20935377 -0.65983561
  -0.01084526]
 [-0.21179791  0.25578971  0.39376225 -0.00098489 -0.38617776  0.44119702
  -0.07609669 -0.07547562  0.10217999 -0.32791987 -0.44563139 -0.24297841
  -0.06156465]]","['bbo_main', 'random_fill', 'random_fill', 'random_fill']","[[0.0977509  0.16433361 0.22751589 0.1591947  0.27434587 0.39317723
  0.08825305 0.14655441 0.21677626 0.05229103 0.09140181 0.22052496
  0.99999999]
 [0.09437118 0.16078918 0.26023609 0.16115362 0.27308224 0.38328391
  0.08829764 0.14710123 0.22365412 0.05085098 0.08751753 0.12358462
  0.40673395]
 [0.08343954 0.14008741 0.20057121 0.16539327 0.28486326 0.3955019
  0.09359488 0.15836237 0.26290134 0.04052831 0.06775328 0.09399954
  0.85906755]
 [0.0877583  0.1499526  0.24254383 0.16328804 0.27737358 0.5375864
  0.09236653 0.1577955  0.2230403  0.04494769 0.07628604 0.10768059
  0.99999996]]",[ 0.20713337  0.15274727 -0.22049313  0.11256747],4,0.04220650069014381,0.3234182254596438,0.36503291702861496,0.02205416204622374,0.03907645264985479,20.098783157998696,0.03095084343829998
66,"[[-0.26081953  0.54948476  0.078143    0.02769501  0.34362408 -0.45825829
  -0.13072063  0.29840954 -0.02895074  0.24694447 -0.35352848  0.04315599
  -0.01695557]
 [ 0.39572467  0.50713465 -0.16530203 -0.17811134  0.07476505 -0.41147755
  -0.2591518   0.17279711  0.14307419 -0.20094411  0.42907768  0.10102292
  -0.00915964]
 [-0.24245198 -0.00568564  0.18495111 -0.05054581  0.15872756  0.07101492
   0.08167359 -0.2118513  -0.49400654 -0.47438996  0.5685786  -0.17331806
   0.01499122]
 [ 0.22973013  0.23711454 -0.42617996  0.22286348 -0.0141612   0.07799287
  -0.08074651 -0.40961907 -0.05256593 -0.45668487 -0.51676879 -0.02575309
   0.00863743]]","['bbo_main', 'random_fill', 'random_fill', 'random_fill']","[[0.09627131 0.17078433 0.27316124 0.15796487 0.2582282  0.35058764
  0.09783218 0.168541   0.23668205 0.04663988 0.07841836 0.11451716
  0.99999973]
 [0.09868959 0.16576113 0.2258327  0.15226256 0.25098154 0.34883451
  0.09261816 0.16216855 0.29005866 0.05215953 0.09107892 0.13489991
  1.00000002]
 [0.08487915 0.145795   0.33111912 0.17034536 0.29311733 0.41324425
  0.08749836 0.14164593 0.19693433 0.04798779 0.0830648  0.1161825
  1.00000001]
 [0.08467008 0.1399287  0.19113238 0.18069641 0.31159136 0.47455309
  0.08693079 0.14470305 0.20694319 0.04146621 0.07094808 0.1037447
  1.00000002]]",[ 0.02496247  0.01248103  0.00626507 -0.08276222],4,0.04728135189184961,0.334250339574568,0.3761689922165969,0.021900093282812654,0.038019608562660706,19.907248301002255,0.03126246561278928
67,"[[-0.28191052  0.20992916 -0.51659007 -0.58470687 -0.0051974  -0.10267625
  -0.07862968 -0.23284489 -0.15225742 -0.18282139 -0.28330986 -0.23703796
   0.06068386]
 [-0.17064943  0.51848342 -0.3394609   0.36162696  0.23636859 -0.41624869
   0.11762963 -0.16241142  0.07060238 -0.25487933 -0.30594303  0.14733993
   0.03795142]
 [ 0.28274411  0.53233285  0.23061689  0.05476214 -0.22236091 -0.35366916
  -0.37064135 -0.24066949  0.25648295 -0.20235701 -0.18893254  0.26118642
  -0.00506802]
 [-0.01817164  0.44721374 -0.01521874  0.49653927 -0.00562249  0.32285036
   0.16182246 -0.41455342  0.31696331  0.35042969  0.01570385  0.15587626
  -0.0526409 ]]","['bbo_main', 'random_fill', 'random_fill', 'random_fill']","[[0.08388776 0.13746095 0.18713197 0.15985752 0.28251646 0.4253906
  0.09242963 0.15380231 0.21677219 0.04373383 0.07367538 0.10456795
  1.00000018]
 [0.08588945 0.14768808 0.20733848 0.16526326 0.2748395  0.38009852
  0.09276877 0.16019002 0.23497651 0.04521869 0.07817599 0.26739366
  1.00000005]
 [0.09581105 0.16285034 0.25422845 0.15503594 0.258478   0.36123453
  0.09184366 0.15840419 0.24148931 0.0488992  0.08373841 0.21123854
  1.00000001]
 [0.08510101 0.14610901 0.20579577 0.16679475 0.28421455 0.44262997
  0.09106083 0.15431849 0.23228175 0.04780398 0.08161779 0.11520222
  0.22019512]]",[-0.29913406  0.00143713  0.00982955  0.33357587],4,0.041974635296222806,0.35397588821974096,0.39638560555951513,0.021765920833920725,0.041243751999137684,19.386846540997794,0.030520028219650053
68,"[[ 0.00073208  0.45814724 -0.25100703  0.10593976 -0.18906978 -0.13236465
  -0.33907325  0.00122421 -0.63341883  0.22192559  0.27541476  0.14582703
   0.00660761]
 [ 0.20278077  0.20721998 -0.55928992  0.13278379  0.11827776 -0.09504845
  -0.05578124 -0.50207091  0.1135282   0.37976794 -0.3374172   0.14625664
   0.12222438]
 [ 0.17798908  0.3522268  -0.12645727  0.15318029 -0.09927355 -0.04146571
   0.71876403  0.19553366 -0.21829746 -0.32863653 -0.2701277   0.09845655
   0.00723379]
 [-0.19010423  0.33339461  0.1415897   0.58652838 -0.34459531  0.09685278
   0.20840368 -0.40246584  0.25471558 -0.05251289 -0.21617706  0.20177615
   0.00492152]]","['bbo_main', 'random_fill', 'random_fill', 'random_fill']","[[0.09203941 0.15740315 0.21658433 0.15993952 0.2673749  0.37755464
  0.08664206 0.14140087 0.1942424  0.0572171  0.10344313 0.18172843
  1.        ]
 [0.08274502 0.13629653 0.18721201 0.16909022 0.28860416 0.40375459
  0.08970984 0.15211615 0.22893413 0.04956067 0.08397387 0.24338254
  1.00000002]
 [0.09455415 0.16127086 0.22054582 0.16008098 0.26711174 0.37671265
  0.10900352 0.17979493 0.24214489 0.04199564 0.0733379  0.15389009
  1.00000002]
 [0.08657553 0.14911989 0.21059727 0.16454882 0.27634667 0.38718157
  0.09168459 0.1568394  0.39213254 0.04692426 0.0813305  0.12358057
  1.00000004]]",[-0.1437119   0.05144961  0.0775449   0.16753858],4,0.04099261225512821,0.34213584592774215,0.3842603507135255,0.021785391534942276,0.038441667025616036,19.7594192760007,0.030650569752982276
69,"[[ 0.36047998 -0.450137    0.03527889 -0.47370106  0.17742885  0.07889412
  -0.01608317  0.15093642  0.02135212 -0.1881166  -0.56541657  0.15833767
  -0.02091278]
 [ 0.02190321 -0.2795954   0.07123224 -0.38076933  0.35132196  0.1533818
  -0.38903645 -0.32391839  0.09548025  0.27272431  0.50790283  0.09298831
   0.13399485]
 [ 0.44227435 -0.61868078  0.11837324 -0.3102489  -0.2083582   0.11990446
   0.13717553 -0.0576086  -0.00359426 -0.37835917 -0.12508443 -0.26827778
  -0.02543878]
 [-0.4779413   0.11673158 -0.51057934  0.32161768  0.0434321   0.25005011
   0.35437284 -0.10701519  0.18939513  0.04910774 -0.26837353  0.28571328
  -0.02084165]]","['bbo_main', 'random_fill', 'random_fill', 'random_fill']","[[0.08414706 0.14059299 0.19901967 0.16353365 0.27929924 0.39709458
  0.09446838 0.16550819 0.23666108 0.04450045 0.07578228 0.26108186
  1.00000005]
 [0.08076153 0.13581731 0.19326684 0.16753615 0.29375621 0.50058965
  0.08684601 0.14425509 0.21275989 0.05705754 0.09693708 0.1335896
  1.00000008]
 [0.0867842  0.1463547  0.24276414 0.16234486 0.27689617 0.40081972
  0.09317913 0.16090456 0.22969036 0.0438281  0.07512419 0.10628732
  0.20558066]
 [0.07948433 0.13475382 0.18998516 0.1718572  0.29006868 0.41625002
  0.0922284  0.16007462 0.23713212 0.04695086 0.08064678 0.24954178
  1.0000002 ]]",[-0.02479192  0.24476756 -0.1404655   0.14427508],4,0.04482291145323397,0.3510145650225193,0.3933556044867055,0.021691077547079763,0.04215697866555568,19.449471968997386,0.03055737376496906
70,"[[ 5.33005953e-01  1.54890770e-01 -5.00836794e-01  6.15644637e-03
  -3.15848825e-01  9.79617604e-02 -3.16847010e-01 -3.40733686e-01
   1.06138958e-01  1.11573787e-01 -1.41450602e-01  8.26125344e-02
   2.54248610e-01]
 [-1.52633785e-01  6.43659546e-01  5.86297444e-02  1.38191860e-01
  -4.10044823e-01  1.35434037e-01 -2.21842434e-01  3.56829067e-01
  -5.98251111e-02 -1.63679439e-01  3.10765634e-01  2.21304355e-01
  -3.04925529e-02]
 [ 5.68324642e-01  3.91082549e-01  3.24240731e-01  8.02247444e-02
  -2.57908760e-02  3.31368237e-01  3.03476466e-01 -1.29276063e-02
   1.95250685e-01  6.25760115e-02 -2.45025582e-01  3.28149506e-01
   3.04168403e-04]
 [-3.67277856e-01  1.70387141e-01  4.08133124e-01 -3.90935857e-01
  -1.17448586e-01 -1.40738508e-02  4.91324305e-01  5.42474538e-03
   1.23403211e-01  5.19744902e-02  1.07727501e-01 -4.77089431e-01
  -6.40407991e-02]]","['bbo_main', 'random_fill', 'random_fill', 'random_fill']","[[0.08828261 0.14228334 0.19108755 0.16162076 0.27459378 0.40934312
  0.08958216 0.15511335 0.3281542  0.05083858 0.08656333 0.12864158
  1.00000002]
 [0.09208359 0.15813019 0.21882261 0.15753995 0.26342984 0.38082376
  0.09226989 0.1585018  0.22425501 0.05053467 0.08749366 0.2645261
  1.00000058]
 [0.09244051 0.15802138 0.25526948 0.16235087 0.27491752 0.50475267
  0.0925504  0.15854184 0.22536281 0.04701796 0.08052247 0.12589319
  1.00000001]
 [0.08701918 0.14962799 0.27525599 0.16074991 0.2725132  0.38340462
  0.0930209  0.16004172 0.22995931 0.04688017 0.0788979  0.11010663
  0.27474749]]",[0.13965232 0.13552499 0.46516522 0.02139   ],4,0.04378173057090917,0.3638532110745248,0.406479363540809,0.02141739456957861,0.043911138744945954,19.613589608001348,0.03051249823397234
71,"[[-0.32339327 -0.04561096  0.16665878 -0.00688704 -0.03115748  0.26960833
   0.27351581  0.44268334  0.30416774  0.54907621 -0.29063971  0.17263973
   0.11312098]
 [-0.06034177 -0.02110772 -0.0237446   0.4186843  -0.21518144  0.00158057
   0.01488248 -0.35465952 -0.11488306  0.60813414 -0.05930734 -0.49167995
   0.13946605]
 [ 0.26608654  0.48537283  0.11541263 -0.24106133  0.13435917  0.16495996
   0.06706577  0.71690342  0.14449627 -0.05167113  0.09117149 -0.16109914
  -0.02556878]
 [ 0.39878637 -0.21329735  0.14717516  0.37702726  0.11596171  0.14557796
  -0.31272092 -0.12518166 -0.05822051 -0.16879375  0.29975333 -0.59891704
  -0.0558934 ]]","['bbo_main', 'random_fill', 'random_fill', 'random_fill']","[[0.08286134 0.14205618 0.20171564 0.16272599 0.27665151 0.40027816
  0.09881699 0.17354556 0.38748494 0.04795593 0.08131882 0.11466895
  1.0000001 ]
 [0.08516914 0.14823337 0.21099427 0.18053105 0.29944758 0.43206241
  0.0848633  0.13897728 0.19556392 0.04743609 0.07642015 0.10261341
  1.00000004]
 [0.09468261 0.15993388 0.22258722 0.15983399 0.27228615 0.4323895
  0.10550066 0.18601443 0.26566351 0.04375321 0.0746392  0.10569112
  1.00000006]
 [0.08589269 0.14662587 0.23142775 0.16793754 0.28679152 0.40754395
  0.09060034 0.1537426  0.2190188  0.04520705 0.07652793 0.10760735
  0.14223349]]",[0.45584797 0.04138947 0.33865792 0.0755229 ],4,0.03856230769717717,0.39056906494579324,0.4336854275059404,0.02117444067993176,0.0393641568215561,20.25523202500335,0.030102997394240716
72,"[[-0.2002375  -0.37916534 -0.56166403  0.31779264 -0.07223668  0.21762636
  -0.31752911  0.03700815  0.04155797 -0.10793471  0.36872212 -0.30184619
   0.06679928]
 [ 0.36606738  0.24804295 -0.16179742  0.33141264  0.27674325  0.24623857
  -0.0116649   0.53892533 -0.08444607 -0.25979488 -0.30416193  0.22848653
   0.14599549]
 [ 0.31391177  0.15555359  0.07321992 -0.15086542  0.10131606 -0.14890851
  -0.10139135  0.65060686 -0.45751374 -0.13626746 -0.24388313 -0.28613328
   0.11787236]
 [ 0.07331487  0.542196   -0.00305336 -0.07880497 -0.12407444  0.04276684
   0.40214769  0.35663215 -0.07768289  0.0484383   0.5990347  -0.14175618
   0.0312708 ]]","['bbo_main', 'random_fill', 'random_fill', 'random_fill']","[[0.07842638 0.12941227 0.18139501 0.17396739 0.29422731 0.52471518
  0.09108791 0.15907126 0.2327975  0.04745682 0.08144874 0.11449047
  0.99999993]
 [0.08502384 0.14440086 0.20271749 0.1737626  0.29831829 0.54772747
  0.09188438 0.15567191 0.21898947 0.0446958  0.07619943 0.11973823
  1.00000004]
 [0.10137086 0.17085239 0.28122461 0.15869969 0.26658397 0.37336076
  0.09735132 0.16600461 0.22519845 0.04225173 0.07090962 0.09992101
  1.00000005]
 [0.09835056 0.16812435 0.22884113 0.15300593 0.25659244 0.37353465
  0.10691486 0.17911816 0.24455659 0.0529101  0.09011046 0.12284601
  1.00000003]]",[0.02535675 0.5120555  0.08779201 0.22802466],4,0.04354771829637899,0.4113944491020786,0.45479931244590627,0.020942405004395263,0.03662616700793164,19.65356644900021,0.03003168689977262
73,"[[ 0.00820823  0.1949972   0.04972146 -0.59481261  0.2953258   0.04766274
   0.44928121 -0.12920471 -0.05793922  0.23320133  0.2250203  -0.43131962
   0.05645666]
 [ 0.04115835  0.07398241  0.11252618 -0.38891955 -0.37253036 -0.1007054
   0.01797047 -0.68140099  0.17705463 -0.08110318 -0.41937132 -0.02523458
  -0.03043336]
 [-0.36754794 -0.6238848   0.13119013 -0.13302244 -0.23611345 -0.11759706
  -0.27491871  0.12344764  0.01895442 -0.430698   -0.26395428 -0.15672845
  -0.01662794]
 [ 0.02898535  0.55918098 -0.49762494 -0.35597825  0.23334605  0.06094937
  -0.207428   -0.06919155 -0.10847975  0.2339682   0.32498281 -0.18400833
  -0.01282485]]","['bbo_main', 'random_fill', 'random_fill', 'random_fill']","[[0.0950653  0.16010512 0.25917116 0.1553367  0.28744318 0.41466605
  0.09509679 0.15631609 0.21845086 0.04729303 0.07659052 0.10268588
  1.00000007]
 [0.09241424 0.15889017 0.22807906 0.1555547  0.26195022 0.36961324
  0.09208964 0.15679105 0.2676256  0.04799145 0.08118288 0.11486081
  0.38488629]
 [0.08117745 0.13767745 0.3257101  0.16170643 0.27097868 0.37690347
  0.09327462 0.16586523 0.23904451 0.04354589 0.07504475 0.10645909
  1.00000004]
 [0.08680756 0.14314465 0.19336674 0.16501762 0.29198672 0.45201903
  0.08729339 0.14455135 0.20406371 0.05455756 0.09154933 0.12481793
  0.71285771]]",[ 0.10744502 -0.26442937 -0.2753295  -0.01656141],4,0.04307001025985269,0.41437275958199365,0.4578123261041319,0.020837319791542817,0.03723647808237676,20.600035599993134,0.0296112245011948
74,"[[-0.32328647 -0.2168793  -0.44377758  0.3311375   0.25312873  0.1221071
  -0.11876709 -0.20438483  0.05807923  0.63132559  0.03544349 -0.05683417
  -0.02374872]
 [-0.17872165  0.3752257  -0.36165909  0.45334517 -0.17004075 -0.02916112
   0.29907772  0.11477408 -0.06637694 -0.40493412  0.29470657  0.03399605
   0.31964836]
 [ 0.34662141  0.06318424 -0.27144335  0.46571392 -0.23084131  0.17693042
  -0.11281864 -0.42025306 -0.27386717  0.43078381 -0.20149242  0.10086367
  -0.00265318]
 [-0.19838403  0.11079237  0.2418532   0.50083168  0.14862764  0.33050992
  -0.41507557 -0.19304071  0.11617545  0.07419419  0.30586796 -0.42733423
  -0.05470647]]","['bbo_main', 'random_fill', 'random_fill', 'random_fill']","[[0.07613066 0.12613558 0.17724295 0.18414334 0.31683243 0.47379777
  0.08887776 0.14998528 0.21862558 0.04948325 0.08416428 0.11797157
  0.9999998 ]
 [0.08069717 0.13364999 0.18137263 0.16718998 0.27644907 0.38791343
  0.10552207 0.1753746  0.23922065 0.04685426 0.0940687  0.15014053
  1.00000345]
 [0.08539887 0.14486434 0.20207275 0.17009027 0.29036948 0.53879998
  0.08632687 0.14357766 0.20252555 0.04911512 0.08367806 0.12635383
  1.00000005]
 [0.08401905 0.14452881 0.21056691 0.17140111 0.29300191 0.45520443
  0.09019489 0.1530036  0.21946801 0.04588568 0.07769415 0.10893471
  0.31506789]]",[ 0.04366229  0.35691913 -0.01973733  0.2520158 ],4,0.040234010930475794,0.42828219187803157,0.47186240640347477,0.02083852007359085,0.03787915954027826,20.017222982998646,0.029573546745808088
75,"[[-0.19859448 -0.36203765 -0.00374014 -0.16086844 -0.34464667 -0.0142881
  -0.05667235  0.57254264 -0.17685247  0.35903146  0.42616156  0.10798666
  -0.01178301]
 [-0.14083547 -0.25676933  0.19853952 -0.15608114 -0.67147032  0.17265679
   0.157061   -0.17474722  0.10789516 -0.18596298 -0.50626465  0.10935715
  -0.00903508]
 [ 0.40650762 -0.39994305 -0.06703392 -0.21773741 -0.14829636 -0.12161414
  -0.46415749  0.45391836 -0.04227637  0.08890304 -0.30872288 -0.21213947
   0.12093023]
 [-0.20245027 -0.03111112 -0.44428387  0.04646889 -0.4140645  -0.45369199
   0.44577818  0.16764784  0.0379325  -0.28763333  0.23934349  0.09530831
   0.06203119]]","['bbo_main', 'random_fill', 'random_fill', 'random_fill']","[[0.08129189 0.13757368 0.19640372 0.15353816 0.25840708 0.369662
  0.09865879 0.16927201 0.23369823 0.06187289 0.10764299 0.17957879
  1.00000063]
 [0.08714416 0.14909654 0.37158059 0.15778702 0.26512983 0.38280883
  0.09350066 0.16186849 0.23265615 0.04729855 0.08039987 0.11351606
  1.00000018]
 [0.08645017 0.1428157  0.20132475 0.15408593 0.26081689 0.36720844
  0.09944112 0.18782171 0.27463641 0.04529452 0.07480376 0.10445608
  1.00000037]
 [0.08300634 0.14028245 0.19738754 0.15390539 0.25188279 0.3497913
  0.10799716 0.18716637 0.26389312 0.05201871 0.08978546 0.15517041
  1.00000003]]",[-0.06003508 -0.14796178 -0.04516432 -0.1918281 ],4,0.0430430753653693,0.4387257071576986,0.4823885255257703,0.020713915903606456,0.035444522529575986,20.241259597998578,0.029768042802640726
76,"[[-0.33838255 -0.05817963 -0.09137054 -0.11377916 -0.12123494 -0.13459958
  -0.48252229  0.48496448 -0.30747009 -0.15555806 -0.46143692  0.03813288
   0.16392234]
 [ 0.0624136  -0.14934419  0.28520418 -0.02453701  0.15830564 -0.26726743
  -0.04576167 -0.16668329 -0.62502489  0.53425705  0.17185469 -0.2431971
  -0.02686597]
 [-0.12696248  0.26640268  0.07027964  0.34453436  0.47708335 -0.34288401
  -0.37423213 -0.44438594 -0.07429716 -0.24113321 -0.17110465 -0.06426812
   0.0974063 ]
 [-0.45622331  0.45846793  0.00242826 -0.08681223 -0.36371902  0.0432554
  -0.41807526 -0.29073653  0.04170021 -0.36182954 -0.20234062 -0.00123637
   0.08393571]]","['bbo_main', 'random_fill', 'random_fill', 'random_fill']","[[0.08101338 0.13896458 0.19791042 0.15907252 0.26576002 0.3708216
  0.09255712 0.16360929 0.22871045 0.04258936 0.07346536 0.16310765
  1.00000104]
 [0.08770159 0.15043353 0.36996726 0.16215281 0.27540493 0.38461145
  0.08844552 0.14709507 0.20697765 0.05090428 0.08634319 0.12045448
  1.00000001]
 [0.09058002 0.15850797 0.26409214 0.18004656 0.30183453 0.40752278
  0.08380856 0.13981283 0.20147258 0.04335036 0.07468977 0.10773758
  1.00000023]
 [0.09277985 0.17439706 0.2497652  0.15821306 0.26321133 0.3940173
  0.0881313  0.14745598 0.22170014 0.04404907 0.07650813 0.10921555
  1.00000222]]",[-0.05983285 -0.14670869  0.0743721  -0.0722823 ],4,0.04018110412872675,0.43773066608824696,0.48138645855831885,0.020581681384485427,0.035823152104342504,19.940772971000115,0.02918971863732356
77,"[[-0.25806837 -0.03072316 -0.49800214  0.18476689 -0.4463917  -0.26614426
   0.20843781 -0.03392582 -0.30442989  0.35529584  0.04604914 -0.31768505
   0.11687284]
 [ 0.17847166 -0.24223702  0.03570944 -0.40451911 -0.00533091  0.10447966
  -0.21734964 -0.60138003  0.11570089  0.33070704  0.14398387 -0.42561116
   0.00921577]
 [-0.31520857 -0.4963406   0.15744186 -0.17545936  0.38648354 -0.07677886
  -0.35256977  0.4928039   0.23285459 -0.00462782  0.04140706  0.14074202
  -0.02290119]
 [-0.46043657  0.03264982 -0.09268066  0.59222379 -0.10392799 -0.18297761
   0.27819699 -0.02739748 -0.06871871 -0.01640378 -0.34988774 -0.34159733
   0.2471556 ]]","['bbo_main', 'random_fill', 'random_fill', 'random_fill']","[[0.08148609 0.13653805 0.19010345 0.15942719 0.26072764 0.37296543
  0.09637396 0.16252191 0.22961054 0.05762528 0.09571976 0.13048518
  1.00000244]
 [0.08732877 0.14740875 0.20779546 0.16262069 0.28538763 0.42245726
  0.08739858 0.14515001 0.32669586 0.04927312 0.08069326 0.10997772
  1.0000002 ]
 [0.08005312 0.13510448 0.1976973  0.16390041 0.27850239 0.38920419
  0.09738324 0.17409256 0.38289296 0.04808075 0.08230158 0.11953437
  1.00000008]
 [0.07740254 0.13559283 0.19635424 0.17906841 0.29357914 0.40225571
  0.10021513 0.17152082 0.24859254 0.04140562 0.06915479 0.09627191
  1.00000067]]",[-0.26111243 -0.11403408  0.12555579  0.14801484],4,0.04023113499416048,0.45615319715785824,0.4999104261348749,0.020458178291290176,0.035914004125983806,20.17289633499604,0.02911263887950641
78,"[[-0.12110828 -0.46800131 -0.32217945  0.27381173 -0.12750745  0.39745179
  -0.0210372  -0.15252692  0.36073479  0.31971387 -0.21567652  0.32696696
  -0.06190076]
 [ 0.10643345 -0.15375085  0.06036938  0.43732121 -0.58780399 -0.41670954
  -0.29600406  0.23346271  0.14258374 -0.23783574  0.05995562  0.16794683
  -0.01256644]
 [ 0.246574    0.30203494  0.16595999  0.44578864  0.11846062  0.15258311
   0.2886715  -0.4307538   0.18418632 -0.24596978  0.3686159   0.28862648
  -0.04361963]
 [ 0.70238296 -0.08092646 -0.26956962  0.13475185 -0.03048649  0.01567212
   0.22731473 -0.5570513   0.06803514  0.02060596  0.19389076 -0.05883021
  -0.00469808]]","['bbo_main', 'random_fill', 'random_fill', 'random_fill']","[[0.08052046 0.13567767 0.19130149 0.16742166 0.28312777 0.44721941
  0.09196052 0.16048947 0.23921989 0.04840562 0.0824985  0.11965801
  0.3264289 ]
 [0.08809472 0.15027271 0.21283436 0.15493421 0.25169049 0.34810934
  0.09826539 0.17596261 0.26863724 0.05023468 0.08560935 0.19401803
  1.00000012]
 [0.08732844 0.14917011 0.21190118 0.16650235 0.28105519 0.3948889
  0.09070307 0.15272793 0.22574243 0.04800174 0.08451539 0.27771973
  0.99998899]
 [0.08971705 0.14283114 0.19146712 0.16951271 0.29070545 0.41293189
  0.08703029 0.1411429  0.26024859 0.05231311 0.09081882 0.12628649
  1.00000001]]",[ 0.1290892  -0.1626283   0.32738561 -0.0142809 ],4,0.03879385527968719,0.44818299907540016,0.4919037599464819,0.02051092651419519,0.03999625345456928,19.941686830003164,0.02911177094707329
79,"[[-0.375675    0.16553385 -0.04114478 -0.12685287  0.03453709 -0.02830451
   0.50529589  0.37653961 -0.49555477 -0.32965396  0.15778371 -0.10797287
   0.15421484]
 [-0.45076698  0.24028403  0.19724576 -0.51257872  0.17359151  0.20693427
   0.18320532 -0.34365379 -0.35522285 -0.01139858  0.05211787 -0.28717282
  -0.0362526 ]
 [-0.04235131 -0.43021396 -0.21069487  0.07948747  0.01357417  0.0071889
   0.39240544  0.24244314 -0.48528045  0.20085606  0.33984821 -0.3975805
  -0.00278303]
 [ 0.51143057 -0.00720491 -0.01189944  0.2970251   0.0719738   0.12227466
   0.17880338  0.31021151 -0.43369366  0.49068764 -0.04202061 -0.26651423
  -0.00530115]]","['bbo_main', 'random_fill', 'random_fill', 'random_fill']","[[0.08297404 0.14572785 0.20780024 0.16400559 0.27982325 0.40878381
  0.10935869 0.17340446 0.22492892 0.04374655 0.07673191 0.10928617
  1.00000009]
 [0.08670591 0.14817777 0.24814091 0.16439048 0.28673731 0.43315545
  0.08905542 0.1469591  0.20634704 0.04670393 0.07879364 0.11022553
  0.41324221]
 [0.07695886 0.12706973 0.17996692 0.17479726 0.303203   0.44989954
  0.09399335 0.15251658 0.20688362 0.05049993 0.08561679 0.11682983
  1.00000092]
 [0.09039573 0.1513345  0.21166608 0.17576212 0.30290056 0.50870356
  0.08882436 0.14688232 0.20246722 0.04591906 0.0754181  0.10479461
  1.00000001]]",[ 0.11087929 -0.04993535 -0.11112923  0.13860063],4,0.04065478930191474,0.4641290146105379,0.5079114729437849,0.02029784543801361,0.038389628888512044,20.652983551000943,0.02855910754971519
80,"[[-0.08869513  0.23627416 -0.57171022 -0.22075182  0.05152967  0.02974851
   0.29999622  0.31699675 -0.2650787  -0.42828204  0.30244574  0.14441554
  -0.02602505]
 [-0.26132083  0.44378037  0.19241417  0.25839633 -0.17372182  0.09606781
   0.37046105  0.17720969  0.16085127  0.60269572 -0.18101662 -0.01082232
  -0.03043309]
 [ 0.08845945  0.01290084  0.14536437  0.65750862  0.13733634 -0.30782408
  -0.18249751  0.42423156 -0.23710414 -0.01398696  0.34057939  0.19551799
  -0.03209053]
 [-0.14624862 -0.02534323 -0.03963849 -0.13686206 -0.09382461 -0.31751441
   0.66683881  0.29872987 -0.15121628 -0.03521628 -0.51178655  0.1648133
  -0.0306462 ]]","['bbo_main', 'random_fill', 'random_fill', 'random_fill']","[[0.08148855 0.13476483 0.18572662 0.16235739 0.2773112  0.39695403
  0.09801525 0.16519948 0.2271413  0.04980904 0.09084017 0.16273841
  0.49488062]
 [0.09025616 0.15554027 0.26634313 0.15976113 0.2687978  0.37875536
  0.09875073 0.17082782 0.24698602 0.04806104 0.08046808 0.112866
  0.42014963]
 [0.0853373  0.1469432  0.2188937  0.16470712 0.27645194 0.38315404
  0.09104283 0.15459918 0.2174003  0.05134964 0.09088981 0.16176044
  0.27515049]
 [0.08555303 0.14689932 0.20848446 0.15629635 0.26097291 0.36478723
  0.10157104 0.17548709 0.24586144 0.04787802 0.08117023 0.14721962
  0.38656728]]",[-0.05298399  0.23463581  0.12004171 -0.13403534],4,0.04035787891616137,0.4701145594078552,0.5139085763386231,0.020249695222179308,0.039221596231558964,20.22662785200373,0.02865989371363012
81,"[[ 0.55846229 -0.49645805  0.00662203  0.27864306  0.00468817  0.05781965
  -0.24444439  0.08355484 -0.29753734 -0.26870049  0.3434189   0.0102396
   0.12285803]
 [-0.4549094   0.06438468  0.08051463  0.19745819 -0.20369053 -0.13763738
  -0.27107822 -0.23708797 -0.52359373  0.39798119 -0.29077469  0.15865448
   0.10512441]
 [-0.23557524 -0.37468806 -0.378954    0.07554957  0.29861811 -0.34794912
  -0.08390587 -0.20430505  0.09731069  0.53076124 -0.32201769 -0.00784177
  -0.02904195]
 [ 0.06905739 -0.05675103 -0.22632925 -0.15555155 -0.52599562 -0.01485019
  -0.3557816  -0.32857167  0.11293424 -0.28512146  0.2211341  -0.51193745
   0.01134643]]","['bbo_main', 'random_fill', 'random_fill', 'random_fill']","[[0.08161884 0.13304988 0.18784069 0.17980996 0.30427375 0.45955718
  0.08559264 0.14210506 0.19835794 0.04998197 0.0940335  0.13606595
  1.00000008]
 [0.0856196  0.14948293 0.22263575 0.16485575 0.27743944 0.38921891
  0.08710788 0.14295059 0.20024001 0.05127602 0.08754657 0.24067164
  1.00000001]
 [0.07985226 0.13457706 0.1909883  0.16673363 0.28196695 0.39139816
  0.09175286 0.16092374 0.25748714 0.04997963 0.08434295 0.11995879
  0.23207975]
 [0.08819354 0.14955347 0.20816769 0.15364831 0.25830736 0.37048914
  0.09184541 0.16034907 0.34815658 0.04735386 0.08001049 0.11131625
  0.99999999]]",[ 0.13391799 -0.11302077 -0.20483426 -0.30227529],4,0.0387240508856172,0.48309405438554726,0.5268914857726938,0.02004040925451206,0.03707299278574673,19.359281108998402,0.02826846780149833
82,"[[ 0.57104933 -0.45593961 -0.0598832  -0.40157881 -0.40951931 -0.01396283
  -0.07204507 -0.23915104 -0.02911936  0.13097713 -0.16604738 -0.15872341
   0.010847  ]
 [-0.31089648  0.253481   -0.26003171 -0.15418274 -0.61086184 -0.03639147
   0.37004135 -0.24483055 -0.03155009 -0.16196025 -0.38438264  0.03405068
  -0.01472531]
 [ 0.26586102  0.29714302  0.3518774  -0.31153044 -0.31215004 -0.05827856
  -0.15450086 -0.17466751  0.20136719  0.55633533  0.10090547  0.32115487
  -0.03951737]
 [-0.60073417  0.57157363  0.05686778  0.29966235 -0.05021304  0.09332402
  -0.10361061 -0.21168393 -0.29917439 -0.00591705  0.21838226  0.10994045
   0.05741575]]","['bbo_main', 'random_fill', 'random_fill', 'random_fill']","[[0.09060584 0.14741875 0.20561126 0.14810687 0.25259271 0.40103804
  0.09178299 0.15845832 0.2297469  0.04916894 0.08232017 0.11434919
  1.00000138]
 [0.0883438  0.15194465 0.21074046 0.15240832 0.25575973 0.36458258
  0.09636731 0.16349715 0.23515443 0.04806277 0.08159884 0.14752697
  0.47978843]
 [0.09194614 0.15769671 0.36398777 0.15554571 0.26166099 0.36874256
  0.09209471 0.15788708 0.22738584 0.05114005 0.08716137 0.13065851
  1.00000004]
 [0.08749514 0.16184942 0.22784501 0.17099258 0.28671378 0.41489251
  0.08488979 0.13848339 0.19377232 0.05175199 0.09008144 0.16148427
  1.00000008]]",[-0.26203409 -0.28972961  0.09142986  0.12692075],4,0.038764371871551656,0.4920885270562151,0.5358709853894621,0.01996992743844576,0.036648860815290785,19.607397282998136,0.028353608457071855
83,"[[ 0.45259978  0.39516815  0.00451428 -0.37707886 -0.18121682  0.29543134
  -0.05187673  0.12101995  0.26423052  0.45969783  0.03996885  0.2735376
  -0.04207493]
 [-0.07601714  0.12502935  0.11593106  0.37896687 -0.22895563  0.16275723
  -0.22766372 -0.4436386   0.16123596 -0.19504415  0.6547861   0.03256558
   0.01148817]
 [ 0.07003295  0.14636044 -0.01655631  0.71054789 -0.20644882  0.04170612
  -0.20187508  0.43676758 -0.36690696 -0.11536754 -0.1868412   0.09786363
  -0.01497666]
 [-0.12640435  0.2289489  -0.46882288  0.16325038  0.15566669 -0.19636861
   0.20959766  0.18513     0.00567751  0.25555144  0.43796081 -0.53563441
  -0.01044318]]","['bbo_main', 'random_fill', 'random_fill', 'random_fill']","[[0.08965908 0.15200731 0.2112455  0.15824112 0.26966024 0.53906767
  0.09232789 0.16023109 0.23674943 0.05029511 0.0852982  0.12564699
  1.00000006]
 [0.08566133 0.14704249 0.20939875 0.16490169 0.27803331 0.51513275
  0.08740567 0.14606573 0.22278375 0.05286938 0.09548058 0.13454807
  1.00000002]
 [0.08678335 0.14945611 0.21069838 0.17539816 0.29154627 0.40996814
  0.08913797 0.15153845 0.20928749 0.04470191 0.0769674  0.22637115
  0.99999118]
 [0.07914842 0.13009759 0.17836798 0.16750556 0.28215433 0.39236006
  0.10785167 0.18727221 0.2776633  0.04817266 0.07818586 0.10521699
  1.00000002]]",[ 0.24830487  0.13812383  0.06504381 -0.03101831],4,0.039861351179413335,0.5121016846426973,0.5557999884753912,0.01980085272430376,0.03784227715457428,20.01851300499402,0.028141511724003754
84,"[[ 0.08397182 -0.37179591 -0.01769785  0.26196927 -0.03242961 -0.20656585
   0.71882527 -0.22450882 -0.176698    0.34152945 -0.13022511 -0.10047485
  -0.00468925]
 [-0.02533513 -0.33031668  0.01099481  0.59089337 -0.49327281 -0.03955968
   0.26972185  0.10633461 -0.30672753  0.29112711 -0.12987617 -0.12776273
  -0.00230261]
 [-0.30666485 -0.17904232 -0.16557729 -0.29981101 -0.64344149 -0.2148033
  -0.2986081   0.2809422  -0.17702477 -0.30748059  0.01016138 -0.04505207
  -0.01817361]
 [ 0.58107383  0.28603651 -0.46907844 -0.33037553 -0.06269066  0.05990534
   0.10190719  0.12534215  0.1742196  -0.21283026  0.33653522  0.16830586
  -0.02252198]]","['bbo_main', 'random_fill', 'random_fill', 'random_fill']","[[0.08077917 0.13717625 0.21106095 0.16609788 0.27250874 0.37354351
  0.10370375 0.16551715 0.22550285 0.05169016 0.08694707 0.12116048
  1.00000019]
 [0.08138422 0.14010321 0.24622365 0.16468249 0.26393548 0.36851773
  0.0959478  0.15902842 0.21725695 0.04989864 0.0839339  0.11677378
  1.00000076]
 [0.08618884 0.14798057 0.20842811 0.15178836 0.25466308 0.35859223
  0.09929412 0.17501468 0.2461447  0.05036989 0.08561091 0.12700324
  0.47055384]
 [0.08636041 0.1426172  0.19541112 0.15683202 0.26715006 0.37943422
  0.09792543 0.17175761 0.34618073 0.0509987  0.08826024 0.15157644
  1.        ]]",[-0.10343276 -0.13053933 -0.42677823  0.0671383 ],4,0.040172035403307646,0.5000895738651251,0.5438468028421417,0.019760544107384728,0.04056038830538092,19.35607788299967,0.02779292086330054
85,"[[ 0.35183482 -0.46331761  0.13650029  0.03873864  0.45403771 -0.13905947
  -0.21747253 -0.36526247 -0.0190042   0.24494457  0.37518975  0.18440446
  -0.00926968]
 [ 0.45711098 -0.38192003 -0.05666201  0.06858461  0.12145929  0.07030626
   0.01508951  0.527825   -0.08321679  0.56575693 -0.07523107  0.07779062
  -0.00573764]
 [-0.22179055 -0.13498693  0.03313635 -0.09216162  0.6086211  -0.41815125
   0.0386291  -0.40336006 -0.19031244  0.32058732  0.24364267  0.11900576
  -0.03185702]
 [-0.36234552  0.27318796  0.12598941 -0.17895643  0.04572909 -0.31738149
  -0.18335638  0.0637882  -0.47549284  0.32229489  0.50057085  0.1584485
   0.00448677]]","['bbo_main', 'random_fill', 'random_fill', 'random_fill']","[[0.08282186 0.14004668 0.21030553 0.16911827 0.28772424 0.39938598
  0.08723159 0.14521202 0.20797806 0.05426872 0.09652133 0.24084987
  1.00000005]
 [0.07977977 0.12990905 0.18276132 0.16678628 0.28387481 0.40852097
  0.105895   0.18476072 0.25395326 0.05461876 0.09130456 0.15613664
  1.0000001 ]
 [0.08391234 0.1443928  0.20775016 0.16494253 0.27970709 0.38776296
  0.08833659 0.14667814 0.20970929 0.05314198 0.0932252  0.15771373
  0.31005034]
 [0.08814847 0.15090972 0.23743131 0.15587079 0.2601526  0.36376239
  0.08866694 0.14706536 0.20648234 0.05969855 0.1083265  0.18402044
  1.00000001]]",[ 0.08329827  0.1595639  -0.08534751 -0.09019597],4,0.03917889127316879,0.49858894990201647,0.5423517647555997,0.01974198563524098,0.035995788629782366,19.549995118999504,0.027372528103222937
86,"[[-0.26866069  0.35568955 -0.26960195  0.28352071  0.34823084 -0.24872635
  -0.2889144  -0.21715936  0.04558558  0.39171041 -0.25190357 -0.33964864
  -0.01209314]
 [-0.16719969  0.33811403 -0.26274839  0.44056976  0.36496336 -0.41668356
  -0.11534793 -0.25817668 -0.26256645  0.18615464  0.19593053 -0.25650994
  -0.00448758]
 [ 0.31785425  0.12749756 -0.1145461   0.64645542 -0.03557548  0.07423258
   0.07781234  0.18906418  0.01655526 -0.23682845  0.41947838 -0.41304024
   0.0136152 ]
 [ 0.14996239 -0.04624397 -0.01377058  0.4955218  -0.26980882  0.04336113
  -0.14363402  0.6995234   0.13473626 -0.17468736  0.19147189  0.24169319
  -0.03541149]]","['bbo_main', 'random_fill', 'random_fill', 'random_fill']","[[0.08159645 0.14118638 0.19930651 0.18848397 0.31405447 0.4241332
  0.08596381 0.14632205 0.23946524 0.0448337  0.07335122 0.1004793
  1.00000012]
 [0.08318977 0.1454181  0.20812515 0.18649273 0.30911155 0.41542877
  0.08444286 0.13813789 0.20459671 0.04863869 0.08316155 0.11758148
  1.00000011]
 [0.08526129 0.1445141  0.20216169 0.18657808 0.30968068 0.46080837
  0.09463642 0.16524346 0.23579112 0.04283901 0.07209337 0.09911462
  1.00000003]
 [0.08400075 0.14390196 0.2035561  0.16037294 0.26814461 0.37696165
  0.09896725 0.17576085 0.25255632 0.04861172 0.08351188 0.25910308
  1.00000014]]",[-0.06095882 -0.10597556  0.20145547  0.20407781],4,0.03966374952702022,0.5136040898744233,0.5572932452970611,0.019703732757954135,0.037195112503106253,19.661449354003707,0.02778092615204794
87,"[[-0.44983762  0.00825392  0.0367311  -0.36785553  0.00174063  0.04087704
   0.45171507  0.14469251 -0.17607423 -0.27192714  0.5694932  -0.07013895
  -0.00813918]
 [-0.44477636  0.29688969 -0.01936898 -0.19141861  0.45551339  0.05759788
   0.5098773   0.21460733  0.0082202  -0.02196901 -0.37975478  0.12409902
  -0.00294442]
 [-0.5862777  -0.50478476  0.25692043 -0.12840865  0.04778545  0.28517891
  -0.13852141  0.38304668  0.00649277 -0.09502294  0.02726763  0.24328321
   0.02118379]
 [-0.41645162  0.13355114 -0.06934449  0.14083555  0.07047644  0.1146751
   0.37661517 -0.38865669  0.08683909 -0.54975944 -0.24053002 -0.29889667
   0.12691783]]","['bbo_main', 'random_fill', 'random_fill', 'random_fill']","[[0.08073232 0.13764848 0.22202702 0.15446768 0.26277823 0.38400734
  0.10469256 0.1728564  0.23375463 0.05410975 0.10366837 0.14661845
  1.00000023]
 [0.08150167 0.14032294 0.19904212 0.17265526 0.30144697 0.42373819
  0.10503725 0.17425334 0.23843753 0.04273022 0.07346997 0.1682553
  1.00000002]
 [0.08079036 0.13751346 0.22278186 0.16492747 0.28066832 0.53792423
  0.09293045 0.16079687 0.22774697 0.04835591 0.08244197 0.12108061
  0.9999998 ]
 [0.0813542  0.14047911 0.19982514 0.17734985 0.30725531 0.51124936
  0.09173124 0.15305196 0.22689011 0.04095982 0.06963487 0.09884955
  1.00000006]]",[-0.01064656  0.21223404  0.18458762  0.12915363],4,0.039993586606004515,0.514605803614834,0.5582886395925412,0.019633682721367753,0.03744046444088214,19.121089193002263,0.02767078755911946
88,"[[ 0.61718526 -0.18966062  0.05160297 -0.0204319   0.06229847  0.0604758
   0.06623049  0.13118255 -0.03571597 -0.1171966   0.71867228 -0.13843742
  -0.01522083]
 [ 0.56198594 -0.15861439 -0.15101853  0.17684095 -0.46525797  0.04594127
  -0.23740209  0.4362473  -0.02762244 -0.09827636  0.22985225 -0.27615688
  -0.01307682]
 [ 0.25061001  0.00122446 -0.21048396 -0.43807411  0.37423357 -0.15669591
   0.16477947 -0.51947024  0.0277019   0.15172683 -0.46412888 -0.01274716
   0.00286162]
 [-0.22524955 -0.15342857 -0.24261069 -0.20001203 -0.35824138  0.30822898
  -0.34756085 -0.15641728  0.16710098 -0.15769815  0.55980352  0.30038411
  -0.04299563]]","['bbo_main', 'random_fill', 'random_fill', 'random_fill']","[[0.09033967 0.14991962 0.23232158 0.16070353 0.27444971 0.39863154
  0.09193031 0.15508078 0.21816767 0.05552452 0.09937029 0.13516997
  0.48270492]
 [0.08926485 0.14519681 0.19906057 0.15502635 0.2590521  0.40034426
  0.09991705 0.18060592 0.25715616 0.04797786 0.0810928  0.11255581
  0.66733772]
 [0.0897198  0.14833639 0.20461352 0.1673981  0.30121019 0.41934863
  0.08833444 0.1427301  0.24067872 0.04319409 0.07225064 0.1045681
  0.99999996]
 [0.08167932 0.13819574 0.19412752 0.16181648 0.27475289 0.52240352
  0.09161359 0.15746243 0.22620325 0.05247176 0.09242344 0.15188402
  1.00000007]]",[ 0.13472087 -0.05556566 -0.1250939  -0.02905218],4,0.040610483971561834,0.5361640676730559,0.5796681983762584,0.019487631007253304,0.03797540093270052,19.276862459999393,0.027413674523988726
89,"[[-0.34292734 -0.56296555  0.13739959 -0.30569564  0.05293172  0.02170378
   0.00133125 -0.42430207  0.12126986  0.22395676  0.44995931  0.0460323
  -0.01974723]
 [ 0.07483027  0.13948333 -0.07802136  0.15507843 -0.21256901 -0.19286079
  -0.39328208 -0.50658799  0.04096234  0.25978757 -0.60896572  0.09633066
   0.04288111]
 [-0.02215247  0.67808697  0.16008825  0.0436732  -0.44434034  0.1511813
   0.32044531 -0.27813802 -0.13090023 -0.0960628  -0.2716297   0.10516815
  -0.02501366]
 [ 0.31187044 -0.151368    0.15104335 -0.51476306 -0.07387733  0.05254042
  -0.42401963 -0.39178311 -0.35936089 -0.18345455 -0.28160918 -0.08462103
   0.03555523]]","['bbo_main', 'random_fill', 'random_fill', 'random_fill']","[[0.0796028  0.1347604  0.29596127 0.16334365 0.27826512 0.38976523
  0.08967068 0.15039146 0.22383824 0.05733775 0.10180966 0.14251082
  1.00000004]
 [0.09529917 0.16273313 0.22591045 0.16080943 0.26638105 0.37027295
  0.08637153 0.14635039 0.21834845 0.04761686 0.0795999  0.20620469
  1.00000036]
 [0.09897914 0.17643633 0.2912698  0.15725009 0.26340971 0.39127972
  0.0905481  0.14983726 0.2094152  0.04688686 0.08014929 0.1148752
  0.95377587]
 [0.09425127 0.15931855 0.33175417 0.16199066 0.28074267 0.40044786
  0.0865514  0.14230075 0.19965909 0.04642505 0.07834022 0.11047916
  1.00000006]]",[-0.08032645 -0.16341548  0.0349302  -0.19627194],4,0.04122616446177943,0.5467074978524052,0.5900944026702362,0.019332313549437687,0.03588710425162536,19.145453871999052,0.027037091116774256
90,"[[-0.04267459 -0.06192033 -0.29440052  0.37235635 -0.2721104  -0.21059854
  -0.38412424 -0.48327371  0.13771454 -0.35910687 -0.27319805  0.21382887
  -0.0352151 ]
 [-0.23926107  0.45392622  0.0731332  -0.0492815   0.06195297 -0.3384079
   0.15321825 -0.42231985 -0.26034888  0.30910912  0.2603442  -0.4207729
  -0.02410648]
 [-0.21333819  0.42271252  0.1310723   0.24576215  0.12913637 -0.47737202
  -0.34484017 -0.24924478 -0.03656638 -0.43505867  0.24418427  0.14917216
  -0.01151415]
 [-0.44936989  0.3864554   0.17018416  0.09248411 -0.14521546 -0.55727206
   0.36431653 -0.08924671  0.26872426 -0.02626819  0.05327835 -0.22430276
   0.11321976]]","['bbo_main', 'random_fill', 'random_fill', 'random_fill']","[[0.08400572 0.1441838  0.20328634 0.1642959  0.27497168 0.38538674
  0.09068918 0.15727443 0.23363022 0.04757621 0.08273471 0.15360505
  0.16359801]
 [0.09315495 0.1634591  0.26326702 0.15878767 0.26553273 0.37042616
  0.08866987 0.14689696 0.20835305 0.05069773 0.08582983 0.11868122
  0.52472144]
 [0.09469469 0.16377511 0.28218534 0.15873308 0.26069091 0.36035268
  0.08821677 0.14790356 0.21126619 0.05025602 0.08953167 0.17044256
  1.00000008]
 [0.08834567 0.15144594 0.22116049 0.15504561 0.25808186 0.36033164
  0.09837102 0.17123355 0.36923642 0.04873331 0.08321145 0.117365
  1.00000009]]",[-0.25844039 -0.17283306 -0.07443362  0.04235091],4,0.03894498545506919,0.5678242455495002,0.6109169240869072,0.01925868672665097,0.035464019850146494,19.432858760999807,0.027363194823914694
91,"[[-0.04082624 -0.23732097 -0.14126427  0.46408922 -0.33502257 -0.10286961
  -0.25116131 -0.19974827 -0.05683372 -0.18823467  0.16486058 -0.64407495
  -0.01414223]
 [-0.12430742 -0.53876994 -0.04551175 -0.31231128  0.02685047  0.15597493
   0.11900835 -0.36922301  0.14037999 -0.03699878 -0.62980633 -0.03401138
  -0.01545918]
 [-0.07383288  0.59101379 -0.23026479  0.31858694  0.04604609  0.04030351
   0.64053339  0.04131044  0.06810258  0.21628169  0.0126567   0.15275408
  -0.00937953]
 [-0.16116581 -0.3446962   0.10861456  0.2676833  -0.29279074 -0.12764189
   0.3459937  -0.05419836  0.18128657  0.31333867  0.60825979  0.19674412
   0.08577006]]","['bbo_main', 'random_fill', 'random_fill', 'random_fill']","[[0.08291395 0.14091216 0.20028862 0.17142654 0.28599897 0.39845319
  0.09055479 0.15759496 0.2342366  0.044334   0.07383723 0.1011782
  0.38345468]
 [0.08065169 0.13593957 0.19333741 0.16723425 0.2916182  0.54796684
  0.09236444 0.15565791 0.23045821 0.04463282 0.07585173 0.10820943
  1.00000004]
 [0.08566613 0.14696149 0.2045383  0.16340542 0.27555759 0.38811069
  0.0997072  0.17091583 0.24372176 0.04880505 0.08369455 0.26190497
  1.00000041]
 [0.08157244 0.13889798 0.20064824 0.15795328 0.26293678 0.3695324
  0.09686094 0.16423995 0.24341939 0.05760642 0.10303266 0.22157025
  1.00000001]]",[-0.25666504 -0.13368626  0.24358965  0.15772126],4,0.03746720069974929,0.5627928044516989,0.6059628248964392,0.019215569351632624,0.03476900486240238,19.358599318002234,0.027099423224250657
92,"[[ 0.26186612  0.15698205  0.05469234 -0.52660656  0.45313367  0.13794739
  -0.23487227  0.54608422  0.13309071 -0.09009316  0.02749124  0.14879146
   0.00446222]
 [-0.00290175  0.48274184 -0.25041544  0.06633188 -0.46612017  0.08276182
   0.2227249  -0.04964409  0.16845217  0.21711613  0.58371678  0.08411959
   0.01840415]
 [-0.13821433 -0.68828429  0.15739797  0.44077395  0.10402475  0.16145229
   0.37884208 -0.02314255  0.02547581 -0.28586618  0.1347632  -0.06714538
   0.04607312]
 [-0.14151752  0.24457199 -0.03332574  0.44265885  0.24023927 -0.06257397
   0.15420553  0.25444555 -0.4360707   0.57574999 -0.21262429 -0.03511985
   0.06970922]]","['bbo_main', 'random_fill', 'random_fill', 'random_fill']","[[0.08752364 0.14716022 0.20617365 0.16131883 0.27601259 0.40031178
  0.09782995 0.1751917  0.25484657 0.04702011 0.08037955 0.23748025
  1.00000001]
 [0.08796046 0.15008973 0.20760581 0.15476831 0.25875887 0.37248315
  0.09294932 0.15837311 0.33326282 0.05695842 0.09939464 0.13891182
  1.00000003]
 [0.07736586 0.13141069 0.23031442 0.17993576 0.30774238 0.49324921
  0.09239446 0.15550484 0.21924221 0.04562716 0.07846648 0.11079607
  1.00000044]
 [0.08277945 0.14358998 0.21140944 0.18980043 0.31890875 0.43818305
  0.08754515 0.14233596 0.19533656 0.04747516 0.07938638 0.11394351
  1.0000001 ]]",[0.2970185  0.11014533 0.19922441 0.19026841],4,0.03804768849442858,0.5854524755922206,0.62823808518893,0.018944739334553422,0.032579879851916196,19.396398775003036,0.026747506373667462
93,"[[-0.32378662 -0.03339558  0.23513659  0.64027949  0.01244225  0.22424673
  -0.22694927  0.32368557  0.18551111 -0.18590491 -0.2177586   0.20489096
   0.25240062]
 [ 0.45669412 -0.45040778  0.08187693  0.54614184 -0.17476878 -0.290326
  -0.17096867 -0.17965022  0.01300196  0.26025438 -0.11268809  0.07866269
   0.14304877]
 [-0.38857481 -0.01236816 -0.28169395 -0.11594847  0.25439862  0.1391208
   0.00419446 -0.60311013 -0.29735271 -0.2365855   0.36539777  0.17308125
   0.01909052]
 [-0.2240521   0.01147065  0.08314141  0.29082529  0.22343168 -0.19987967
   0.04732483 -0.45220045  0.15495982  0.23834696  0.28851207 -0.63042481
   0.00907113]]","['bbo_main', 'random_fill', 'random_fill', 'random_fill']","[[0.08222462 0.14205347 0.35095243 0.172193   0.28906058 0.40938957
  0.09162133 0.16111879 0.2359137  0.04542881 0.07757479 0.11186935
  1.00000018]
 [0.08793579 0.14888303 0.30248452 0.1624267  0.26131809 0.35553189
  0.08998739 0.15530063 0.22300497 0.05293884 0.09073505 0.13902077
  1.00000028]
 [0.07951607 0.1345803  0.18998657 0.17527423 0.30461833 0.44435554
  0.08593498 0.13956855 0.19518786 0.05183283 0.09108777 0.17538232
  1.00000002]
 [0.0842333  0.14599587 0.2141903  0.17099634 0.28779045 0.3969959
  0.09052783 0.15459367 0.35961081 0.04571888 0.07529328 0.10288021
  1.00000001]]",[ 0.58191376  0.05483786 -0.03847784  0.00222523],4,0.035788108675115504,0.5844443794620279,0.6272490732474658,0.018995230542337215,0.036079654972971636,19.621947314000863,0.02696775514663724
94,"[[-0.14177158 -0.07522254 -0.07137812 -0.44969563  0.7202576  -0.19261412
  -0.11166861  0.11037525  0.00092985 -0.38560555  0.17625407  0.08064125
  -0.01168727]
 [-0.47433689 -0.25788355  0.33827604  0.02530743  0.06697164  0.30083698
   0.00458874 -0.08088519  0.31462525  0.30372527 -0.46915882  0.28209821
  -0.03082851]
 [ 0.27595272  0.3631448   0.13031975  0.33947579 -0.0208771  -0.28881593
  -0.60001869  0.02770711  0.2422748   0.38332413  0.0197476   0.08820025
  -0.03611899]
 [-0.42933904  0.34845601  0.0870073   0.01871416  0.41981561  0.05626629
   0.34576889  0.30111508 -0.07510816 -0.36298154  0.35558149 -0.15194047
   0.09883073]]","['bbo_main', 'random_fill', 'random_fill', 'random_fill']","[[0.0791402  0.13367919 0.1915798  0.17290891 0.30724871 0.42293678
  0.09158471 0.15352247 0.21982505 0.04655971 0.08199317 0.20536421
  1.00000034]
 [0.08328837 0.14331383 0.37050609 0.16562118 0.28043947 0.3999991
  0.0920783  0.15958087 0.23903003 0.04716435 0.08056725 0.11458167
  1.00000004]
 [0.09253471 0.15836485 0.22257499 0.157916   0.26389613 0.36835853
  0.09130125 0.1592691  0.37227241 0.05024548 0.08515118 0.12043827
  1.00000011]
 [0.08163299 0.14179092 0.24163825 0.18200829 0.3138328  0.43680382
  0.09997843 0.16677625 0.2285493  0.0427194  0.07375019 0.10477446
  1.00000013]]",[0.03542197 0.23291638 0.08903014 0.35637079],4,0.03717781433836171,0.576382976624575,0.6193336115398816,0.01895198055705963,0.03187761601242972,19.587370401000953,0.02660704580680745
95,"[[-0.28926424 -0.22649264  0.12400385 -0.10979298  0.19751805  0.55426737
   0.01217135 -0.07322419 -0.23080787  0.18025412 -0.52178888  0.06262624
  -0.35200951]
 [-0.33802642 -0.04214661  0.16081798 -0.34526754 -0.61201778  0.27618408
  -0.40299358  0.19056966  0.11380971  0.01779986 -0.07234332  0.26364411
  -0.03625511]
 [-0.21395297  0.10878184 -0.12716656  0.02003548  0.3843514  -0.00389093
  -0.62995334  0.41145955  0.02476184 -0.17174402 -0.15299646 -0.33355215
   0.21716921]
 [-0.22876709 -0.4467272   0.23192995  0.23004514  0.10801697  0.46071869
   0.16203289 -0.00107075 -0.01909158  0.01226863 -0.50700086  0.03173795
  -0.36418512]]","['bbo_main', 'random_fill', 'random_fill', 'random_fill']","[[0.08509026 0.145734   0.20591965 0.1644913  0.27877661 0.40044757
  0.09195685 0.15870022 0.22819892 0.04759611 0.08131072 0.11494065
  0.01537229]
 [0.08557313 0.14690623 0.20764607 0.1574135  0.26567419 0.52574037
  0.09258823 0.16166737 0.23127566 0.05016056 0.08528998 0.14201865
  1.00000003]
 [0.07924122 0.13505341 0.19147599 0.18573107 0.30993123 0.42381875
  0.08948414 0.16600574 0.24857242 0.04213406 0.07034912 0.09736036
  1.00000019]
 [0.08509684 0.14571471 0.20615059 0.16397239 0.27770124 0.39568779
  0.09267515 0.15994975 0.2304596  0.04759494 0.08137596 0.11490285
  0.00660799]]",[ 0.13163994 -0.05774253  0.27936677  0.18428049],4,0.03622606578776538,0.5844443794620279,0.6272490732474658,0.018831268496513356,0.03344030194507082,19.374060096000903,0.026755395357335676
96,"[[ 0.14592951  0.53656114  0.11687462 -0.30888448  0.19545449  0.11626333
   0.3533276   0.17740334 -0.37581611 -0.32417591 -0.30103593  0.1648687
   0.09784363]
 [ 0.48719446 -0.45566121  0.0476214  -0.10675419 -0.05336856 -0.50253855
  -0.39992821  0.10371501  0.00233692 -0.27451861 -0.16780061  0.10755497
  -0.01290537]
 [ 0.48865548  0.25914207 -0.2290688   0.15864545 -0.14377743 -0.25975204
  -0.02317818  0.56706303 -0.38529458 -0.06747285 -0.22128755 -0.06434963
   0.00812323]
 [-0.03744068 -0.17242424  0.17450806  0.31395228  0.53282109 -0.15328183
  -0.46256215 -0.33704923  0.1451898  -0.22881051  0.32487906 -0.16090169
  -0.00439741]]","['bbo_main', 'random_fill', 'random_fill', 'random_fill']","[[0.09831826 0.16608295 0.23425433 0.16279066 0.28128629 0.40524019
  0.09105254 0.14984031 0.20898252 0.04324991 0.07440226 0.20178315
  1.00000013]
 [0.09145963 0.15316489 0.22063915 0.15287306 0.25052052 0.3435702
  0.09286111 0.16445507 0.24030418 0.04920224 0.08452402 0.17827898
  1.00000005]
 [0.10215852 0.17093573 0.23118243 0.15683835 0.25464077 0.35311546
  0.09898643 0.17018723 0.23355912 0.0449012  0.07725208 0.12531038
  1.00000003]
 [0.08235499 0.14184337 0.31544967 0.17889754 0.30409652 0.41484458
  0.08653128 0.1462002  0.21973919 0.04674829 0.08040364 0.11266547
  1.00000009]]",[ 0.25755689 -0.258013   -0.07803357  0.11761465],4,0.03740277723220842,0.6786204606177533,0.7188040478690692,0.01813094394888595,0.03451508194043021,20.35188537999784,0.025231482502365454
97,"[[-0.13867067 -0.13238357 -0.24790066  0.53605831 -0.42852481  0.11736908
  -0.04631452 -0.38184847  0.0980622  -0.17753466 -0.4611081   0.12365586
   0.00482479]
 [ 0.45413571  0.32787811 -0.53184184  0.10134557 -0.09927068 -0.40039409
   0.0906653  -0.06522021  0.00614762  0.28756361 -0.33870645  0.11358816
  -0.01145092]
 [ 0.19324694  0.07474527 -0.21498078 -0.56460366  0.08808407 -0.19322561
   0.08245342  0.37723664 -0.53991093  0.05630087  0.11067256 -0.25759564
   0.15683183]
 [ 0.04410279 -0.36820971  0.14558609  0.20342605 -0.09519132  0.13981799
   0.25707144 -0.66829642  0.12316375 -0.11287816 -0.33113361 -0.34326048
   0.05652235]]","['bbo_main', 'random_fill', 'random_fill', 'random_fill']","[[0.08022828 0.1359083  0.19116885 0.1717324  0.28775084 0.42337628
  0.09067245 0.15718523 0.23410254 0.04492423 0.07686567 0.2319694
  1.00000004]
 [0.09162502 0.15295109 0.20843605 0.1564629  0.25647188 0.35638862
  0.09457706 0.16463683 0.23991467 0.05032739 0.08539068 0.22041405
  1.00000024]
 [0.09704285 0.16358939 0.22591662 0.15005827 0.25669351 0.37466067
  0.09363246 0.15195065 0.20638931 0.05100438 0.08601349 0.11969082
  1.00000015]
 [0.08414944 0.14398977 0.31818015 0.17245778 0.29644468 0.4247184
  0.0892545  0.14777974 0.21963838 0.04294408 0.07212454 0.10093686
  1.00000021]]",[-0.10924033 -0.17294716 -0.06009307  0.00764213],4,0.03728027444465569,0.6664180206610832,0.7070411895289057,0.018226794084818677,0.03219828735519026,19.37919945399335,0.025492433142638424
98,"[[-0.00534505 -0.00623143  0.13302077 -0.14917677  0.0228185  -0.27186009
   0.4893278  -0.0803616  -0.03960807 -0.25164412 -0.74693526  0.12906493
  -0.01387407]
 [ 0.02986319 -0.30957477  0.28928651  0.16787733  0.19379775  0.18911398
   0.13551739  0.16940041  0.3022973   0.61108257  0.35425194  0.27831686
   0.05708567]
 [ 0.01757093  0.32226747  0.13547185 -0.67115249 -0.1503343   0.01991574
   0.05248574  0.17735773 -0.39484806  0.44467205  0.03891346  0.12067156
  -0.01072362]
 [-0.01210828 -0.1276693  -0.22182569 -0.16943839 -0.05005522  0.07209434
   0.57275897  0.31369647  0.34333296 -0.36807227  0.16328217 -0.43406254
  -0.05523059]]","['bbo_main', 'random_fill', 'random_fill', 'random_fill']","[[0.08932606 0.15315122 0.32522307 0.1582343  0.26390033 0.36660893
  0.10008402 0.16991556 0.23611257 0.04269888 0.07358846 0.12195002
  1.00000011]
 [0.08328415 0.14263604 0.23905629 0.16289718 0.27580701 0.38626368
  0.09248973 0.16065739 0.36053639 0.05250957 0.08940081 0.1305133
  1.00000006]
 [0.09698788 0.16762753 0.29146706 0.15126623 0.25516258 0.36417128
  0.09025793 0.14956143 0.20834877 0.05546575 0.0941189  0.13849041
  1.00000007]
 [0.08207357 0.13863889 0.19692192 0.16339943 0.27734131 0.39036857
  0.09988822 0.17529243 0.2904268  0.04534993 0.07689885 0.1081478
  0.3692234 ]]",[-0.11329788  0.48723814 -0.05410719  0.06464121],4,0.033868908421120114,0.6689588757233907,0.709493104919927,0.018157742371754233,0.032515397528540824,19.444237692005117,0.025713541091122435
99,"[[-0.54114267  0.49502411 -0.06047878  0.2799138  -0.2467478   0.02635121
  -0.09137564 -0.21072461 -0.02643854  0.22158022 -0.12188185 -0.44837459
  -0.00901948]
 [ 0.12114851 -0.04873506  0.0915488   0.14244988  0.38837099  0.08458969
   0.63881396 -0.28487493 -0.20359581 -0.2988156   0.4058725   0.10671696
  -0.0136871 ]
 [-0.13197856  0.47885799  0.27876865  0.46002267  0.37713109  0.30788921
   0.05690171 -0.31014776  0.06173019  0.26607899 -0.13469327  0.17849388
  -0.05366394]
 [-0.31333848  0.48983389 -0.07428048 -0.0709942  -0.18061184 -0.1790335
   0.4433933  -0.11387496  0.08613479 -0.40080046  0.2324068  -0.39361208
   0.00903481]]","['bbo_main', 'random_fill', 'random_fill', 'random_fill']","[[0.08927136 0.16985247 0.23722728 0.16896974 0.28247102 0.41909953
  0.08800119 0.14696227 0.21398089 0.04333334 0.0716068  0.09782872
  0.99999961]
 [0.08227999 0.14063498 0.21337483 0.18476678 0.31737115 0.44410708
  0.08800348 0.14187352 0.19739175 0.04830064 0.08594566 0.14697155
  1.00000027]
 [0.08580511 0.14702369 0.23457721 0.17212892 0.29523979 0.43944527
  0.08992275 0.15073909 0.21323933 0.04688054 0.08027897 0.11417594
  0.37102761]
 [0.09265153 0.16425919 0.227794   0.15406432 0.25688121 0.36018009
  0.10435088 0.17554323 0.2886043  0.04366772 0.07462236 0.10358191
  1.00000005]]",[-0.08660926  0.20785385  0.42395804 -0.06806818],4,0.036965517326423704,0.6704837198224771,0.7109639230990109,0.01813282840888551,0.03743771615023439,19.53731474599772,0.026107425666579087
100,"[[ 2.63272639e-01 -2.36339764e-01  7.01173692e-03  2.79166524e-01
  -3.27912607e-01 -6.17688949e-02 -2.05066232e-01 -4.86742107e-01
  -1.01420711e-01  1.49847830e-01 -2.00680145e-01 -5.77367761e-01
  -1.30086040e-02]
 [-2.41611706e-01 -1.79618057e-01 -2.32936708e-01 -3.90691690e-02
  -1.87482612e-02 -2.59653454e-01  1.31267504e-01 -1.42477462e-01
  -6.06315887e-01  4.81102382e-01  2.00848010e-01 -2.97623462e-01
   1.42389339e-01]
 [ 3.91386169e-01  6.65450860e-02  3.69160577e-02 -1.23351176e-01
   5.54841908e-01  9.75183392e-02 -2.95577776e-01 -1.95802373e-01
  -1.41846628e-01  1.88379416e-02 -9.14055871e-02 -5.94600316e-01
  -1.91389188e-02]
 [ 1.28479519e-04  4.80601495e-01 -1.15493682e-01 -4.19497469e-02
   6.85605859e-02 -3.34848865e-01 -9.41663838e-02  3.28416814e-01
   1.54972856e-02  3.23607741e-01  6.44258207e-01 -3.22315967e-03
  -1.82544499e-02]]","['bbo_main', 'random_fill', 'random_fill', 'random_fill']","[[0.09188161 0.15543021 0.25019783 0.16778404 0.27958454 0.39071441
  0.08640453 0.14501769 0.20865025 0.04322509 0.07179144 0.09833673
  0.77063663]
 [0.0815576  0.13943067 0.20790522 0.16527027 0.28001423 0.39344242
  0.08820941 0.14224758 0.19449566 0.06104291 0.10044311 0.13569021
  1.00000051]
 [0.09226476 0.15544231 0.21707677 0.1781104  0.31038037 0.46939197
  0.08599159 0.14326108 0.2034755  0.04247528 0.07068802 0.0971375
  1.00000031]
 [0.09217883 0.15784445 0.21891434 0.1531075  0.25176773 0.35002009
  0.09734185 0.16929658 0.24781385 0.06087244 0.1039871  0.14229493
  0.99999981]]",[-0.26396133 -0.18211108  0.0855965   0.06247779],4,0.03347257922497629,0.681673600343742,0.721742232767272,0.018022569580477564,0.03269675375708164,20.532331233996956,0.02512481857132698
101,"[[-0.15334922 -0.08406353 -0.01141142 -0.30213693 -0.28814236 -0.20679305
   0.03963047 -0.03773484 -0.36698276  0.28768188 -0.21221094 -0.69760716
  -0.0094909 ]
 [ 0.33080081  0.14908968  0.31475356  0.37958256  0.39325767 -0.02381652
   0.43592094  0.29123021  0.30671243 -0.02576    -0.25929883  0.17696907
  -0.04288858]
 [ 0.32568149  0.6290122   0.0327961   0.0285704   0.12295321 -0.13698311
   0.49423112  0.12474011  0.15700618 -0.20876463  0.27591697  0.14160902
   0.1956019 ]
 [-0.20953062  0.50630601 -0.03318194 -0.2882671  -0.4431664   0.06901333
  -0.07717323 -0.1193537  -0.47781216 -0.32597777  0.13783202 -0.20154131
   0.00305594]]","['bbo_main', 'random_fill', 'random_fill', 'random_fill']","[[0.09011163 0.15528638 0.25886215 0.15360247 0.25903867 0.36479719
  0.09198809 0.15316109 0.21430555 0.04597322 0.07489721 0.10129955
  1.00000017]
 [0.08708735 0.14831195 0.35709064 0.1646619  0.2782245  0.38881372
  0.09864876 0.17100044 0.25076303 0.04526651 0.07684852 0.10986063
  1.00000004]
 [0.09861677 0.16637529 0.22811136 0.15585796 0.26156997 0.3659884
  0.09961888 0.17107307 0.31240384 0.04867594 0.08369013 0.1387164
  1.00000009]
 [0.09882831 0.1740609  0.23893079 0.15429335 0.26083652 0.41409583
  0.08935811 0.14466553 0.20046803 0.0492768  0.08443462 0.11769625
  1.00000002]]",[-0.38991993  0.45114865  0.47852936 -0.21703975],4,0.03414010934193168,0.6801469023955267,0.7202732684007653,0.01804123424358368,0.033832394134664046,19.490306803003477,0.025601029857715674
102,"[[-0.32193901 -0.01949756  0.1081971   0.28738932  0.18641974  0.16693828
   0.0885284   0.32715417 -0.450442    0.52232182  0.38429205  0.01469278
  -0.02395235]
 [-0.12353618 -0.34988286  0.01677543  0.57385135 -0.31595809  0.00481611
  -0.3005359  -0.14997751 -0.00152264  0.51260852 -0.15885656 -0.14681543
   0.10249987]
 [-0.05088365  0.22945528 -0.51052213  0.4292072   0.0032523  -0.18089639
   0.03485982 -0.16025348 -0.02290327 -0.48239113  0.40205089 -0.21296987
  -0.0072217 ]
 [ 0.38762477 -0.00975962  0.04840245  0.14667482 -0.23903883  0.09803542
   0.72198329  0.0420302  -0.10936849 -0.27448791 -0.07415942 -0.37232129
   0.06775496]]","['bbo_main', 'random_fill', 'random_fill', 'random_fill']","[[0.08105902 0.13938997 0.20502904 0.1756871  0.30255103 0.50492187
  0.08800307 0.14567769 0.20356462 0.05499985 0.09287895 0.12748467
  1.00000002]
 [0.07689045 0.13214557 0.21875875 0.18294151 0.2997384  0.41712796
  0.08490696 0.14694965 0.21641663 0.05049885 0.08102011 0.11095773
  1.00000006]
 [0.07829702 0.12869893 0.17584225 0.18456601 0.30303835 0.41398654
  0.09001013 0.15454473 0.23837673 0.04589982 0.08267904 0.11727032
  0.99999995]
 [0.09418519 0.15950372 0.22332994 0.16098042 0.27114741 0.42786807
  0.10793112 0.17850713 0.24151765 0.04154878 0.06979782 0.09654398
  1.00000004]]",[ 0.19064939  0.01155982 -0.10709623  0.12074629],4,0.03571469104482325,0.6877829762676606,0.7276155061565828,0.017973538750934773,0.03317610143887012,19.90909212800034,0.025361160073323064
103,"[[ 0.50372064 -0.2581231  -0.30032264  0.13432839 -0.51774271  0.06870149
  -0.2617043   0.12005307  0.03517733  0.44622319  0.09678834  0.07675969
   0.01040533]
 [ 0.07730107 -0.23764465  0.00771409  0.4160537   0.53712427 -0.50143789
  -0.20749478  0.17318325  0.0700505   0.00282922 -0.2873882   0.04847815
   0.24807906]
 [-0.19359012  0.11179319 -0.04288412 -0.51310791 -0.15259551 -0.08655034
  -0.27394653  0.304099   -0.54230737  0.22054867 -0.37721385 -0.03301628
  -0.02208509]
 [-0.32045253  0.32015955  0.00618059 -0.35217477  0.23224246  0.07942014
  -0.24381549  0.24684258 -0.33835849  0.10538928  0.59580114  0.0071634
   0.09745628]]","['bbo_main', 'random_fill', 'random_fill', 'random_fill']","[[0.084788   0.13719043 0.187037   0.15563826 0.26100181 0.3955483
  0.0923698  0.16361906 0.23902951 0.06125425 0.10167497 0.1712992
  1.00000001]
 [0.07937673 0.13485624 0.19479025 0.18285137 0.30005137 0.39523117
  0.09199179 0.16498854 0.26719669 0.04464929 0.0760486  0.11601264
  1.0000002 ]
 [0.08901767 0.15286169 0.2188415  0.15695569 0.2664857  0.37849245
  0.09195881 0.15577004 0.21757591 0.04997627 0.08447537 0.1204205
  0.19295836]
 [0.08469542 0.14499996 0.20472021 0.16231333 0.27863801 0.43597846
  0.08730222 0.1444104  0.19947597 0.0608035  0.10970449 0.15185822
  1.00000003]]",[-0.07131834  0.27482439 -0.28838297  0.17990275],4,0.03456993797961776,0.6806557731937863,0.7207629517068249,0.018003364089927112,0.03145708063298164,19.829986144999566,0.025226800290043372
104,"[[ 5.37709961e-01 -2.15092531e-01  2.53420575e-02 -9.31847527e-02
  -1.69725633e-01  6.91712031e-02  4.02738437e-01 -4.60362878e-02
  -3.68630389e-02  4.24074465e-01 -5.21145944e-01  6.65545380e-02
  -1.21619144e-02]
 [-6.28718896e-02 -3.98608734e-01 -2.70893577e-01 -4.31533379e-01
   1.52782213e-01 -4.78926647e-01 -3.45605963e-01 -3.98780093e-02
  -1.15868888e-01 -5.36785425e-02  3.23518476e-01 -2.87811512e-01
  -5.33050510e-04]
 [ 4.17468782e-01 -4.99356317e-01  9.92823182e-02  6.79759323e-02
   4.26519387e-01  1.44857959e-01  2.91124198e-01  6.04225351e-04
   1.59817276e-01  1.69250693e-01  4.52420640e-01  1.20942996e-01
  -2.70203053e-02]
 [ 9.43105542e-03 -3.15228210e-01 -1.22953523e-01 -4.49369777e-01
   3.97587798e-01 -3.31129350e-01  4.81464587e-02  7.40993837e-02
  -5.59848460e-01  1.04279279e-01 -2.77560930e-01 -8.07642759e-02
   9.62064073e-03]]","['bbo_main', 'random_fill', 'random_fill', 'random_fill']","[[0.09154581 0.1531427  0.2137764  0.15644891 0.2660291  0.41149422
  0.10048569 0.16925496 0.23345272 0.04680531 0.07645533 0.13337151
  0.55694704]
 [0.08155989 0.13385497 0.18932431 0.15448567 0.26076718 0.36187435
  0.09181377 0.16181589 0.25374516 0.055807   0.09384259 0.12805925
  1.00000028]
 [0.08010952 0.13440621 0.19188397 0.17453964 0.3025662  0.42765601
  0.09167952 0.15410435 0.25097087 0.05197442 0.08941487 0.12753122
  0.56819184]
 [0.0826853  0.1389841  0.19914317 0.16509985 0.28807677 0.40151281
  0.08885621 0.1422633  0.19231158 0.04896502 0.08196329 0.14040849
  1.00000014]]",[-0.00338499 -0.38751799  0.30445539 -0.27233373],4,0.039341762783685494,0.7046056048230036,0.7437451637043354,0.017830078022228236,0.034889732634729886,19.363073560001794,0.025391546617921035
105,"[[-0.45137508  0.40475542  0.07371535 -0.21233021 -0.36623573 -0.12409577
  -0.44341326 -0.0092583   0.13043457 -0.28430604  0.36846278 -0.04075375
  -0.02042832]
 [-0.26575279 -0.7583955   0.08574088  0.03655453 -0.26753647  0.02877805
   0.12615921 -0.10776347  0.07722366 -0.03419161  0.37648936 -0.29930254
   0.08445189]
 [-0.26476321  0.45289172 -0.53782315 -0.03999643  0.13497621 -0.42045506
   0.14807392  0.12932077 -0.05916868 -0.21338363 -0.37560634 -0.10006108
  -0.01262688]
 [ 0.27363228  0.39918864 -0.36853476 -0.49578926 -0.29640076  0.07646172
   0.26138362  0.10224484 -0.26793599 -0.0185333  -0.15088816 -0.34171766
  -0.00153611]]","['bbo_main', 'random_fill', 'random_fill', 'random_fill']","[[0.0917913  0.15878896 0.22619009 0.15200365 0.25513334 0.36101152
  0.09158323 0.16011411 0.27741477 0.05146137 0.08782854 0.12235778
  0.54926332]
 [0.07582288 0.12616644 0.26201133 0.16289156 0.27396273 0.38453779
  0.09743887 0.17123995 0.25231982 0.0509528  0.08647393 0.11782939
  1.00000097]
 [0.08423295 0.14199744 0.19552588 0.16089463 0.26671128 0.36947449
  0.10689964 0.18616405 0.27041986 0.0428359  0.07380926 0.10702096
  0.78974518]
 [0.09981876 0.16756556 0.22394694 0.15159972 0.25820502 0.42133453
  0.09486154 0.15914619 0.22151451 0.04570815 0.07540558 0.10503056
  1.00000002]]",[-0.13538527 -0.05631932 -0.22257444 -0.17574247],4,0.034863568079120666,0.71583914260623,0.7544798171128164,0.017681242917537154,0.03305018341014859,19.504270524004824,0.024449868712444922
106,"[[ 0.24681054  0.10848817 -0.53207103 -0.25325147  0.13424624  0.11869128
   0.16204986  0.33982953  0.16859115 -0.19078959 -0.55478932 -0.18247019
  -0.01774382]
 [-0.08139953 -0.00069144  0.14735183  0.05108651 -0.18813464 -0.12815301
   0.48319193 -0.67593222  0.1129265  -0.44387369  0.07323265  0.10734202
  -0.01459505]
 [-0.39515432 -0.59540891  0.02655201 -0.25160364  0.2794952  -0.08287921
  -0.11150468  0.23078719 -0.27795732  0.43996141 -0.00107556  0.05782276
  -0.0218726 ]
 [ 0.08237846  0.24934354  0.22118908 -0.37260238  0.27211041 -0.64307004
  -0.14740413 -0.16580312  0.28624332 -0.10152225  0.04859892 -0.33219765
  -0.03903201]]","['bbo_main', 'random_fill', 'random_fill', 'random_fill']","[[0.08207466 0.13457596 0.18457605 0.165186   0.28057626 0.4030163
  0.10475812 0.1840922  0.32214983 0.04258136 0.07160417 0.10180057
  1.00000001]
 [0.08840202 0.15189816 0.3691013  0.15844656 0.2650263  0.36964173
  0.09254444 0.1548746  0.22869506 0.04876931 0.08550278 0.12312806
  1.00000002]
 [0.07844133 0.13306727 0.19331121 0.16578906 0.28659947 0.40348579
  0.091268   0.15403388 0.21582324 0.05384755 0.09145609 0.1529703
  0.38388705]
 [0.09230523 0.1579848  0.25307984 0.15548716 0.2600095  0.36312061
  0.09298652 0.16188068 0.34598703 0.04809517 0.08153223 0.11451285
  1.00000003]]",[ 0.02999537 -0.09295633 -0.11071998 -0.13722434],4,0.032961639805500605,0.711241773656546,0.7500901987085993,0.01768415441067004,0.031748641553437595,19.346968559999368,0.024905082845525395
107,"[[-0.42252164  0.26444818 -0.16107607 -0.30567662 -0.05814085 -0.34616334
  -0.3449802  -0.50435234 -0.11714867  0.32900286 -0.00393297 -0.11512103
   0.01821753]
 [-0.51432556  0.24263776  0.3572919   0.09241022  0.08797404 -0.17146652
  -0.29727542  0.33240442  0.11483897 -0.43041656 -0.13411297  0.29081745
  -0.05818872]
 [-0.42849798  0.19873994  0.05591855  0.1933461   0.3274651   0.02068986
  -0.35440852  0.43998099 -0.13626569  0.48428366 -0.23583173  0.01846352
   0.02180996]
 [-0.23392062  0.06490136 -0.07421513  0.65934262  0.27961207  0.03803188
   0.2090119  -0.04748913  0.16082932  0.06874263 -0.07418872 -0.58118003
  -0.03731012]]","['bbo_main', 'random_fill', 'random_fill', 'random_fill']","[[0.09055307 0.15800286 0.22180839 0.1538719  0.25835937 0.36146367
  0.08664181 0.14461709 0.21384313 0.06001255 0.09889285 0.13443316
  1.00000006]
 [0.08552428 0.1471767  0.25816177 0.16236438 0.27406459 0.38382341
  0.0926345  0.16075    0.23090845 0.04734942 0.08186578 0.12228166
  0.18233653]
 [0.07923228 0.13847602 0.23412938 0.19034414 0.32168166 0.44226339
  0.0890542  0.15204442 0.21372994 0.04656943 0.07647183 0.10841157
  1.00000011]
 [0.08177591 0.14082559 0.20095791 0.17783443 0.29996293 0.41622589
  0.09166428 0.15893634 0.25666555 0.04370227 0.07291846 0.10210523
  0.44347791]]",[-0.32516914  0.10327006  0.19249518  0.16665079],4,0.03588208489409733,0.7414283448077865,0.7788183238436632,0.01743464111088876,0.031037256263363816,20.325181435997365,0.02475931341976348
108,"[[-0.20683396 -0.29523521 -0.46133652 -0.55081072 -0.10288491  0.0129214
  -0.42392017 -0.04070748  0.05735451  0.15917726 -0.32010405  0.04077034
   0.17017228]
 [-0.35646281  0.47667592  0.12550306  0.40252457  0.51324375 -0.35529237
   0.04129382  0.00109014  0.12356117 -0.09092974 -0.13733522 -0.18411099
  -0.0169029 ]
 [-0.27754248 -0.48055907 -0.03337626  0.31674528 -0.02944529 -0.01763856
  -0.10299519  0.05405178 -0.51844855 -0.26896605  0.45520371 -0.16263045
  -0.03306266]
 [ 0.325226   -0.28812346 -0.06452198  0.24165574 -0.21324795 -0.32065494
   0.38529654  0.01539996  0.17401486  0.56042741  0.30475859  0.11496648
  -0.03481867]]","['bbo_main', 'random_fill', 'random_fill', 'random_fill']","[[0.07780497 0.12751602 0.17564383 0.15887536 0.27328216 0.39091034
  0.09173973 0.16467798 0.28471634 0.05073869 0.08556576 0.12784734
  1.00000011]
 [0.08942093 0.15974562 0.30036413 0.17360535 0.29066957 0.39294754
  0.0914095  0.1560967  0.23954278 0.04285614 0.07194734 0.10187198
  1.00000001]
 [0.08075893 0.13677689 0.1972275  0.17253744 0.29442965 0.41640844
  0.08877002 0.14718001 0.20678578 0.04903258 0.08540342 0.12080427
  0.33001563]
 [0.08403113 0.1422656  0.20225306 0.15690833 0.2614216  0.36499041
  0.09852818 0.17177801 0.27173954 0.05402433 0.0914786  0.13131327
  0.4242812 ]]",[-0.11853961  0.14552831 -0.16935524 -0.01520253],4,0.03775939803428974,0.7516881678468379,0.7885295851687723,0.01744189084993444,0.031316852810535006,19.75025887099764,0.02409686798459265
109,"[[-3.46079616e-01 -2.58935669e-01 -2.92472600e-01 -4.81370152e-01
  -5.76803860e-02 -5.66195606e-05 -2.78491863e-01 -2.32872302e-01
  -3.02326575e-02  4.26468217e-01 -4.20864713e-01  2.76608427e-02
  -1.13196514e-02]
 [-2.76683940e-03 -3.41112206e-01  7.00675092e-02 -4.73445822e-01
   5.99889047e-01  1.23244095e-01  5.50387839e-02 -1.86458285e-01
  -9.97562806e-02  3.89562400e-01 -1.74306117e-01 -2.21684911e-01
  -2.20333629e-02]
 [ 5.44228262e-01  1.40146085e-01 -3.08107941e-01  4.32770967e-01
   1.20841666e-01 -2.45839525e-01 -3.57699441e-01 -1.26261791e-01
  -4.02478835e-02 -2.14242163e-01 -1.81084337e-01 -6.96444285e-03
   3.20410849e-01]
 [ 4.30749127e-01  2.58312064e-01  5.57793825e-02  2.88961065e-01
   3.26836849e-01 -1.62601596e-01  5.90794691e-01  2.25969560e-01
  -2.09071504e-01 -1.99643034e-01  1.79372420e-01  1.28389267e-02
   1.08859908e-01]]","['bbo_main', 'random_fill', 'random_fill', 'random_fill']","[[0.07768587 0.12871037 0.18124131 0.15981249 0.28207111 0.40750117
  0.08953082 0.15021876 0.21481212 0.05159175 0.08650735 0.16320844
  0.95068801]
 [0.08036503 0.13577152 0.19719759 0.17705052 0.31301802 0.47603537
  0.08830124 0.14643675 0.20748304 0.0459617  0.07596666 0.10580478
  0.78344843]
 [0.09817562 0.16026727 0.21339362 0.17586412 0.29203751 0.3985972
  0.08483713 0.14567573 0.21284099 0.04303343 0.07436833 0.120726
  1.00000012]
 [0.1014258  0.16957019 0.24821475 0.16896536 0.28402789 0.39106883
  0.10139848 0.16861727 0.23047546 0.04482579 0.07937257 0.11494113
  1.00000078]]",[-0.29350568  0.05070635  0.26312846  0.34484915],4,0.0366522418944063,0.7480955899502153,0.7851322834792438,0.017458890896756347,0.030105199422436883,19.603818174997286,0.024362586960077592
110,"[[ 0.52848622  0.46364095 -0.53176412  0.11646152  0.19616969 -0.0536767
  -0.07474121  0.21786357 -0.29961831 -0.01695931  0.1312552  -0.00738096
   0.08744908]
 [ 0.10443769  0.09701272  0.17124197  0.02016524  0.06818662  0.08563017
  -0.22799239  0.57287073 -0.47574941 -0.49589842 -0.27908707  0.08470675
  -0.02213457]
 [-0.01536011  0.44021066  0.20723854  0.4342461   0.02421006  0.16546735
  -0.01961845  0.40409738 -0.36929339 -0.23424974  0.40459446  0.16589401
  -0.01865362]
 [ 0.54157516 -0.45995508  0.02840306  0.23951613  0.1900851  -0.20286753
  -0.19817798 -0.13703396 -0.34378155  0.01691028  0.01465943 -0.4277081
   0.00131752]]","['bbo_main', 'random_fill', 'random_fill', 'random_fill']","[[0.09660345 0.15567912 0.20317104 0.1750185  0.30097191 0.42152574
  0.08734029 0.14498384 0.2010526  0.04792171 0.08308621 0.135284
  1.00000015]
 [0.09083671 0.1553228  0.36467854 0.1652694  0.28186004 0.39884589
  0.09114646 0.15423349 0.21395066 0.0430637  0.0741293  0.10793862
  1.00000002]
 [0.09139776 0.15720869 0.35754394 0.16675111 0.28081926 0.40250708
  0.09049391 0.15184937 0.21218535 0.04780437 0.08420781 0.12316996
  0.99999999]
 [0.08796914 0.14733092 0.24078884 0.18032732 0.30657083 0.41948245
  0.08500249 0.13928964 0.19549553 0.04463104 0.07396348 0.10124226
  1.00000029]]",[ 0.1333552   0.05446141  0.29358872 -0.14020451],4,0.03231010360849565,0.7522015396981887,0.7890147675494199,0.01740751485176147,0.03143970594515071,19.748942805003026,0.024277358280263672
111,"[[-6.39546831e-01  4.57448434e-01 -1.17117433e-01 -9.79307835e-02
  -5.93766099e-04 -7.95262655e-02  1.94444120e-01 -2.00659221e-02
  -3.88105705e-02  4.49130463e-01 -3.27727827e-01 -5.63622781e-03
   5.67114106e-02]
 [-4.50467197e-01 -1.01632351e-01  1.90667765e-01 -3.30563152e-01
  -4.37769503e-01 -2.72895736e-01  1.35642067e-01  2.53676630e-02
   5.36274940e-02  5.69911112e-01  2.48093878e-02  1.66358494e-01
  -1.49272880e-03]
 [-8.29159379e-02  4.64840445e-01  8.58981265e-02 -3.50997150e-01
  -6.27330994e-02  2.35207105e-01 -2.94070626e-01 -2.26532084e-01
  -1.83182077e-01  5.25042348e-01 -3.53196463e-01  1.18148356e-01
  -3.85585427e-02]
 [-1.72989542e-01 -1.04491360e-01  2.58920030e-01 -5.74554381e-01
   2.50648917e-02 -6.41251237e-02 -3.35300624e-01 -5.26131303e-01
   2.32055592e-01 -1.91407752e-01  8.18048878e-02  2.63738704e-01
  -3.58615455e-02]]","['bbo_main', 'random_fill', 'random_fill', 'random_fill']","[[0.08392714 0.16538205 0.22804871 0.15729668 0.26441751 0.37095417
  0.10009293 0.16845317 0.23607148 0.04929274 0.08019636 0.12070771
  1.0000001 ]
 [0.08601726 0.14856547 0.32429988 0.15215635 0.25491915 0.35736787
  0.09546699 0.16540432 0.23464541 0.05466875 0.09227359 0.13577155
  1.00000003]
 [0.09169204 0.15716709 0.21816363 0.16155195 0.27820939 0.43836226
  0.08839206 0.14668399 0.20717489 0.04951163 0.08357262 0.12070715
  0.35731749]
 [0.08670625 0.14860765 0.24845748 0.15852419 0.26971261 0.37951666
  0.09121638 0.15542404 0.22977838 0.05020584 0.0868156  0.25397408
  1.00000012]]",[ 0.00901577 -0.16716245  0.01293243 -0.10527748],4,0.033369166791326635,0.754768953576495,0.7914401248519796,0.017318172042335378,0.030626973313331668,19.455160247001913,0.024401819360113486
112,"[[-0.38936815 -0.20926087  0.07991756  0.36297089 -0.67015149  0.07887163
  -0.27840446  0.14467357 -0.05740757 -0.10872244  0.30837834  0.01863558
   0.04630036]
 [-0.02241549  0.2079228  -0.12566066  0.05939441 -0.58726257 -0.06309022
  -0.25309423 -0.2914326  -0.60138437 -0.1915036  -0.12540618  0.15503259
  -0.03164512]
 [ 0.20776597 -0.11061821 -0.08256129 -0.41209236 -0.56377207 -0.17081713
  -0.10128095 -0.11277799 -0.50994689 -0.0760344  -0.25008299  0.11056658
   0.23952613]
 [ 0.17614517 -0.36206411  0.14417301 -0.10689571 -0.33275324  0.11069614
  -0.47408046  0.56986571  0.02287443  0.27310154 -0.13807428  0.14165269
   0.13767595]]","['bbo_main', 'random_fill', 'random_fill', 'random_fill']","[[0.08166663 0.14097306 0.25032587 0.15841412 0.25741873 0.39223606
  0.09199455 0.15626276 0.21913024 0.05524733 0.10162214 0.14438164
  1.00000001]
 [0.08951636 0.15353292 0.21543255 0.15946824 0.26633834 0.38052196
  0.0883864  0.14674339 0.20619116 0.05083672 0.08843365 0.1564293
  0.39111176]
 [0.09063407 0.15480459 0.21822515 0.15092415 0.25375658 0.3603093
  0.08949217 0.14695592 0.20500749 0.05069864 0.08791995 0.17601131
  1.00000006]
 [0.08457761 0.14396613 0.33464581 0.15600671 0.26267929 0.37698283
  0.09731337 0.17461606 0.24738053 0.05021119 0.08526307 0.13066149
  1.00000061]]",[-0.06662853 -0.3661879  -0.18014823  0.16582331],4,0.03448666145729518,0.7691640221464893,0.8050045755908757,0.017239526603106806,0.0314620403512712,19.426294264994795,0.02395639308608681
113,"[[ 0.44360331  0.01943973  0.06159569 -0.08302291 -0.17956247 -0.40435148
  -0.53850437  0.01313617 -0.07126503 -0.17055473  0.30424653 -0.41572175
   0.08179797]
 [-0.16585401 -0.56031463  0.17913435 -0.34415979  0.47267284  0.13836446
   0.24071346  0.40084706  0.13532361  0.0198625  -0.10849719 -0.12780278
  -0.00265051]
 [-0.12617389 -0.01722037 -0.01273185  0.0071906   0.48740492 -0.18538637
   0.08574156 -0.38317543  0.04917813  0.36565696  0.58708937 -0.17896952
   0.21127137]
 [-0.2095116   0.25678144 -0.30899498 -0.20143765 -0.40162658  0.15265858
   0.58351188  0.1662854   0.12151543  0.17922804 -0.16882188  0.0180345
   0.35447551]]","['bbo_main', 'random_fill', 'random_fill', 'random_fill']","[[0.10125087 0.16991716 0.27609105 0.15240482 0.24960854 0.34655669
  0.0913104  0.1586256  0.22715421 0.04906004 0.08289407 0.11519
  1.00000137]
 [0.07912147 0.13394345 0.30658524 0.16912733 0.28718659 0.40660275
  0.1002604  0.17657758 0.25402456 0.04496892 0.07620002 0.10728101
  1.00000003]
 [0.07962994 0.13525783 0.1946376  0.17598654 0.30142595 0.41208568
  0.08651442 0.14373377 0.22393179 0.06163689 0.10315542 0.13771623
  1.00000133]
 [0.08275179 0.13994386 0.19508276 0.15438468 0.25943125 0.44281803
  0.10946758 0.18795523 0.26790177 0.0489314  0.0832271  0.11684412
  1.        ]]",[-0.14489131  0.20609925  0.2900116   0.36961063],4,0.033116706948831134,0.7825588907139042,0.8175721190289412,0.017137067365354846,0.03397173024545663,20.382058572999085,0.02384616805802784
114,"[[-0.1975076   0.21520432 -0.03728175 -0.1303501   0.26286669 -0.0431796
  -0.50182393  0.61949556 -0.20597287  0.28253221  0.25918233 -0.01623762
  -0.00655527]
 [-0.31778789  0.26837366  0.02671379  0.02531517  0.28517611 -0.35208539
   0.54726087  0.23926513  0.12564005  0.10935904  0.45881054  0.0952967
   0.12754123]
 [ 0.32092127 -0.10585553 -0.38038241 -0.30880731  0.33029619 -0.37072844
   0.23448528  0.26124048 -0.32069339 -0.35203931 -0.13926198 -0.16082954
   0.06285194]
 [-0.3806622  -0.08577755  0.15093975  0.10471936 -0.03539261  0.19025074
   0.2827141  -0.06759836  0.19406191 -0.17243952  0.002653   -0.79025221
  -0.01199012]]","['bbo_main', 'random_fill', 'random_fill', 'random_fill']","[[0.082907   0.14263725 0.20249283 0.16549102 0.28057436 0.39259728
  0.09110685 0.17305016 0.24051061 0.06083578 0.09985259 0.14095958
  1.00000003]
 [0.08471804 0.14646651 0.20816886 0.15605984 0.2571313  0.35404742
  0.10958155 0.18612463 0.28745596 0.05412901 0.09300423 0.13590949
  1.00000002]
 [0.08578545 0.13839082 0.18922454 0.16074225 0.2714447  0.37814907
  0.10894105 0.18250921 0.24892076 0.04245173 0.07372968 0.11929498
  1.00000032]
 [0.08338181 0.14366064 0.20936866 0.16715914 0.28199196 0.44292616
  0.09682707 0.16811152 0.32258136 0.04273634 0.07121275 0.09770925
  1.00000006]]",[ 0.08817131  0.30027241 -0.14741858  0.06155578],4,0.033685552433565205,0.7635052012509163,0.7996792994669092,0.0171991899159642,0.029132262153094446,19.616433121002046,0.02399233402816346
115,"[[-0.17278332 -0.34820839 -0.18101799  0.02351097 -0.17964741 -0.00538656
  -0.45667707  0.62081817 -0.1308545  -0.31013805 -0.23289046 -0.14651895
   0.01705672]
 [ 0.05483312 -0.21948727  0.06828131  0.54921459  0.03813212 -0.2980286
   0.46671158  0.08914534  0.00175251  0.02623308 -0.55862695  0.11322783
   0.03003533]
 [ 0.29070928  0.0375845  -0.39228675  0.34712107 -0.0874944  -0.06509641
   0.37553548 -0.0358937  -0.41560748  0.4042492  -0.37903167  0.07514958
  -0.00510489]
 [-0.24854764 -0.15545724  0.03221319  0.04031071  0.36439332  0.11363084
   0.3509617   0.45930399  0.04489102 -0.33250555  0.55674255  0.09496221
  -0.00324241]]","['bbo_main', 'random_fill', 'random_fill', 'random_fill']","[[0.07786367 0.12900052 0.18147691 0.167095   0.28250681 0.4095398
  0.10009699 0.18723741 0.26262469 0.04271297 0.07371756 0.10527598
  1.00000009]
 [0.08359813 0.1439628  0.21172065 0.16570706 0.26990954 0.36939846
  0.10631425 0.18169203 0.25345213 0.043149   0.07417228 0.17828698
  1.00000005]
 [0.08386445 0.13664843 0.18632384 0.1756682  0.29739955 0.41696319
  0.08957123 0.14451197 0.19730833 0.04894125 0.08308225 0.16558767
  1.00000003]
 [0.07775308 0.13161953 0.18891227 0.17531456 0.29634737 0.44126978
  0.10701331 0.18229282 0.25221137 0.0483579  0.08563415 0.1268316
  0.99999993]]",[-0.13287273  0.0548311  -0.09368191  0.30450095],4,0.03181606491523578,0.770708170109992,0.806456090486681,0.01716393063976157,0.03161758607583552,19.44374442499975,0.023472296849680385
116,"[[-6.51632665e-04  2.97888158e-01  1.46677618e-01 -2.68059279e-01
   1.21857484e-01  1.68022566e-01  7.07820787e-01 -2.02699014e-01
   1.87639420e-01  1.10322171e-01  2.97312535e-01 -3.10743130e-01
  -1.94567394e-02]
 [ 1.64861148e-02 -3.09280001e-01  2.43232523e-02 -4.09032221e-01
  -3.04682899e-01 -1.76721486e-01  5.83088980e-01  1.70719879e-01
   1.27575715e-01  1.66692659e-01 -3.81773613e-01 -7.07955058e-03
   2.30459768e-01]
 [ 2.87075315e-01  5.87466698e-01 -4.86095421e-01  1.31682109e-01
  -5.56121408e-02  2.99317182e-04  2.55928997e-01 -5.15994184e-02
   3.04945543e-02 -9.14032046e-05 -3.16200865e-01 -3.82889148e-01
   8.35107987e-03]
 [ 2.29429484e-01  4.01757705e-01  7.60414637e-02  2.06992237e-01
   1.10667329e-01 -1.73617090e-03  6.68227886e-01  1.83217443e-01
  -3.51746157e-01 -1.21641423e-01  3.13873514e-01 -8.77313846e-02
  -1.55558226e-02]]","['bbo_main', 'random_fill', 'random_fill', 'random_fill']","[[0.09014717 0.15424113 0.22158326 0.16185722 0.27897306 0.40868315
  0.09436533 0.157849   0.36345336 0.04673006 0.07851696 0.10953653
  1.00000001]
 [0.08393988 0.14158193 0.20179979 0.15131375 0.25513949 0.35881925
  0.11195448 0.19241238 0.30392051 0.04810344 0.08104427 0.11456632
  1.00000005]
 [0.09873479 0.1630447  0.21431588 0.16395875 0.27734959 0.39429616
  0.09951763 0.17198268 0.25767309 0.04057259 0.06769664 0.09440932
  1.00000014]
 [0.10103238 0.17390569 0.27739331 0.16568568 0.27879324 0.3931315
  0.09362185 0.14959915 0.20279802 0.04657722 0.08128084 0.1148196
  0.99999866]]",[0.21566584 0.10309145 0.00148033 0.19146114],4,0.0360287333551558,0.782043180971368,0.8170892744389281,0.017118482746154278,0.02946157738170979,19.990916189999552,0.02363905917491954
117,"[[-0.07868752  0.44196466 -0.59970611 -0.40436384 -0.06473487  0.04121276
  -0.37316252 -0.18629762 -0.19153531 -0.20184835 -0.0611197   0.11836615
  -0.01723687]
 [ 0.66834889 -0.37182832  0.14332087  0.10789231  0.14424874  0.26487909
  -0.28426034 -0.12039783  0.06427227 -0.32204003  0.15557475  0.24989061
  -0.04597945]
 [ 0.2987563  -0.12447143  0.10347516 -0.03713596 -0.50766463  0.04673051
   0.18000752 -0.16501697  0.10283546 -0.57452416 -0.18383741 -0.4227133
   0.10241608]
 [-0.2552066  -0.39635727 -0.41654893 -0.16282123 -0.11194117  0.28957553
   0.45385488  0.12351346  0.17411386  0.27177381  0.26038514 -0.23467556
   0.18185826]]","['bbo_main', 'random_fill', 'random_fill', 'random_fill']","[[0.08540354 0.1424548  0.19550599 0.16208597 0.28203096 0.40689843
  0.08828562 0.14641424 0.20601097 0.05069313 0.08809512 0.24491865
  0.99999957]
 [0.08610609 0.1454696  0.20536249 0.1660014  0.28536081 0.43544547
  0.0905425  0.15303861 0.21705641 0.04739272 0.08219    0.13755549
  0.24324975]
 [0.09502143 0.16113437 0.2976077  0.15640865 0.26167114 0.37036847
  0.09460864 0.16339854 0.24734087 0.04149536 0.07023535 0.09747766
  1.00000086]
 [0.07995907 0.13383908 0.18837294 0.16361834 0.27838618 0.52926448
  0.09869397 0.17256243 0.25030459 0.04897654 0.08315941 0.11664693
  1.00000008]]",[-0.23157922  0.19780676 -0.04225419  0.24267403],4,0.032634718110421956,0.7835904388503435,0.8185376795639412,0.017019385522747874,0.028978708312903972,19.705152738002653,0.02348829586056716
118,"[[-0.47118577 -0.39016108  0.15569353  0.54847543 -0.23089921  0.13775091
  -0.34012986 -0.04969053  0.15538646 -0.26824121 -0.07394196  0.08965831
  -0.02531754]
 [-0.27662792 -0.38967901 -0.0081354   0.16570739 -0.16185474 -0.14089355
   0.3941358   0.21504279 -0.50586464 -0.30584368 -0.37998147 -0.04880227
  -0.01614925]
 [-0.12052927 -0.46282453  0.02789921 -0.07661838  0.13228012 -0.04979739
  -0.16678237  0.43912113 -0.42806213 -0.04566175 -0.48627837 -0.31955176
   0.0096805 ]
 [-0.01469531  0.38471362 -0.02950647 -0.33630387 -0.42878043 -0.24038399
  -0.30964816  0.5644346   0.16733486 -0.05237726 -0.21812016  0.02699349
  -0.05151348]]","['bbo_main', 'random_fill', 'random_fill', 'random_fill']","[[0.07893542 0.13460692 0.23242248 0.17193798 0.28735921 0.40674303
  0.09079317 0.15939362 0.24122567 0.04636687 0.08041757 0.11391968
  0.35005639]
 [0.08125924 0.13922287 0.21938278 0.1684374  0.28360616 0.39586962
  0.09490475 0.15884572 0.21955276 0.04381726 0.0754061  0.1103605
  0.34891773]
 [0.07799539 0.13315178 0.23409944 0.1753591  0.30396529 0.42649581
  0.0917879  0.15378129 0.21125535 0.04144704 0.06925097 0.09705967
  1.00000011]
 [0.08840637 0.15077498 0.21219057 0.15394851 0.25793369 0.36453567
  0.09787079 0.17334774 0.26828018 0.04877579 0.08346134 0.11844081
  0.31688562]]",[ 0.01210594 -0.24485748 -0.15407428 -0.12100942],4,0.03360208665779964,0.7908161575943773,0.8252917217674207,0.016941484747130402,0.028891692867753033,19.712618868004938,0.023271778059128237
119,"[[ 0.66446942 -0.42854729  0.02658232  0.28720909  0.34494683 -0.19846545
   0.06159687  0.23767248 -0.05261007 -0.25007567 -0.068317    0.05406901
   0.00873839]
 [-0.41159233 -0.00988441 -0.19878184  0.00663412  0.41261365 -0.51432047
  -0.32719479 -0.10333815  0.06948448 -0.3822841  -0.2955187  -0.01071594
  -0.00311281]
 [-0.10343003  0.21360794 -0.24036588  0.20531273 -0.09880702 -0.0197825
  -0.26648662 -0.28750923  0.07189608  0.70621734  0.19687259 -0.37041478
  -0.0060046 ]
 [ 0.13361949 -0.14220374  0.03158698 -0.47558443 -0.15872864 -0.02541638
   0.06018071  0.44724068 -0.54495707 -0.42463048  0.082788    0.10868507
   0.09645399]]","['bbo_main', 'random_fill', 'random_fill', 'random_fill']","[[0.08350542 0.13491019 0.1924915  0.18382217 0.30712676 0.41259002
  0.09768236 0.17113118 0.2406288  0.0426275  0.07451298 0.1376306
  1.00000004]
 [0.0796699  0.13617967 0.19528262 0.16702293 0.27659045 0.37342357
  0.09113321 0.16303717 0.2948461  0.04280857 0.07426593 0.1087283
  1.00000005]
 [0.08274802 0.1412052  0.19666076 0.16813812 0.28205279 0.39658819
  0.08563044 0.14646214 0.27419469 0.06046791 0.09701563 0.12569055
  1.00000033]
 [0.08915477 0.15113144 0.2173984  0.15387787 0.26062594 0.37246963
  0.0932349  0.15633647 0.21417437 0.04971647 0.09149704 0.24056375
  1.00000012]]",[ 0.11410115 -0.21855154 -0.06283412 -0.05885068],4,0.0342214982882376,0.8109925778684097,0.8440589239304784,0.01689359700275401,0.030614054690034948,19.58624166500522,0.02342224362194545
120,"[[-0.00706139  0.33504731  0.15133587  0.21816878  0.06661127 -0.29423944
   0.12888327 -0.42866495 -0.60241342  0.17029542 -0.33280593  0.15103631
  -0.01845555]
 [-0.51678955 -0.24321984  0.07860305 -0.51976799  0.36609799  0.01517498
   0.31711147 -0.26992028  0.05964487 -0.21422369  0.02633226  0.04211359
   0.19453681]
 [-0.18313456 -0.13259695  0.10583618 -0.21148762 -0.23225746 -0.39678041
   0.45543935  0.0623159  -0.04291742 -0.12170163  0.22086613 -0.63584668
  -0.02299869]
 [ 0.18205106  0.043177    0.14737735  0.4332245   0.08635777  0.19402507
  -0.56290116 -0.26044525  0.31359436 -0.34614363  0.076299   -0.31638693
  -0.0414453 ]]","['bbo_main', 'random_fill', 'random_fill', 'random_fill']","[[0.09535523 0.16493599 0.30010039 0.16325914 0.27424152 0.38122674
  0.08658434 0.1406919  0.19462403 0.04908831 0.08422731 0.13733191
  1.00000005]
 [0.07599633 0.13068002 0.26760239 0.16841555 0.30281713 0.4236519
  0.09306731 0.1544238  0.22624029 0.04723139 0.08159143 0.11586326
  1.00000014]
 [0.08810133 0.15089141 0.25476819 0.15263521 0.25560826 0.35884205
  0.1017111  0.17672046 0.24863748 0.04790599 0.07964439 0.10959847
  0.60836454]
 [0.08567033 0.14643308 0.20781479 0.169888   0.28644834 0.40683579
  0.09056137 0.15745173 0.38128425 0.04467352 0.07580868 0.10690148
  1.00000002]]",[-0.14206217  0.17250024 -0.26846137  0.17245621],4,0.03365356162293229,0.8052943784228086,0.8387730242969164,0.01689865990482917,0.03444713928439394,19.313551284001733,0.02338805232547249
121,"[[ 0.46338526  0.18953604 -0.59262245 -0.34527556  0.11711751 -0.02548618
  -0.42112735  0.01973342  0.00589307 -0.17798352  0.22210725 -0.07586983
  -0.00540148]
 [ 0.2768558  -0.60121582 -0.04980061  0.08581153 -0.0189084   0.06576654
  -0.32649221 -0.24549259 -0.22702645 -0.17068337 -0.54521477  0.0505538
  -0.00339051]
 [ 0.49449945 -0.22905512 -0.09542827 -0.42563207  0.32158572 -0.01537934
  -0.28112376  0.1599452  -0.33508364  0.37161368 -0.18900373 -0.12766747
   0.04548323]
 [ 0.16227049  0.49178783  0.22417511  0.05866349  0.6167339  -0.04571204
   0.39274497 -0.06254782  0.11002817  0.06534919  0.26612348  0.20461343
   0.09187445]]","['bbo_main', 'random_fill', 'random_fill', 'random_fill']","[[0.08796135 0.13897169 0.1827236  0.1607716  0.28343582 0.40517306
  0.0883679  0.15335318 0.23921516 0.05275537 0.09153238 0.12601438
  0.99521512]
 [0.08029967 0.13281802 0.18757407 0.18071195 0.31255817 0.47757285
  0.0853148  0.14281349 0.20187648 0.0432441  0.0748461  0.116696
  1.00000013]
 [0.09002231 0.1482586  0.20678666 0.16862548 0.30498228 0.43831969
  0.0866359  0.1410155  0.19341074 0.04880119 0.07933077 0.11000196
  1.0000001 ]
 [0.09170641 0.15679698 0.35855545 0.16665361 0.28446456 0.39629644
  0.09158678 0.15389797 0.21911951 0.04819855 0.08282653 0.12603096
  1.0000001 ]]",[-0.11060164 -0.18038156 -0.02164072  0.53277869],4,0.031276048373887824,0.8068478354301851,0.8402152306371631,0.016797336184774882,0.027855904991740288,19.698683141999936,0.023062181629724704
122,"[[-0.19542272 -0.02077287 -0.55659275  0.09021347  0.41612078  0.2522391
  -0.10943862 -0.20679904  0.08737396  0.46073334  0.17399629  0.31619434
  -0.04192577]
 [ 0.24351227  0.16782838 -0.2281959   0.13833042 -0.66280893  0.16172112
  -0.47829981  0.01813167  0.04239818  0.30997426  0.20412085  0.08104847
  -0.02533871]
 [-0.05752259 -0.71034564  0.11682498 -0.26975364 -0.21727902  0.03588133
  -0.43020844 -0.23118016  0.05203298 -0.30199165 -0.04793187  0.14952494
  -0.01011693]
 [ 0.26278929  0.10998404  0.31759868  0.53529388  0.23764486  0.27212969
   0.39776207 -0.0624162   0.26977035 -0.13817457 -0.18390655 -0.33531667
  -0.02587677]]","['bbo_main', 'random_fill', 'random_fill', 'random_fill']","[[0.07948684 0.13387358 0.18874621 0.17156238 0.29750888 0.43153064
  0.09008569 0.15134488 0.21527037 0.05110207 0.0872984  0.23499963
  1.00000049]
 [0.08829354 0.15024909 0.20787011 0.15572442 0.26002153 0.42073214
  0.09118567 0.15850938 0.22932696 0.05422298 0.09272723 0.13280634
  0.44844027]
 [0.08178494 0.13760917 0.20956605 0.16188891 0.27542864 0.38663324
  0.09129341 0.15796555 0.22898926 0.04996169 0.08675391 0.27274418
  1.00000028]
 [0.08613098 0.14703885 0.35304436 0.17107713 0.29161416 0.4139814
  0.09195499 0.15608031 0.22953738 0.04370075 0.07460569 0.10552981
  1.00000003]]",[ 0.1735225  -0.07936124 -0.22007395  0.43220159],4,0.0325005361845874,0.8021887833482512,0.8358872927568046,0.016859282913803085,0.02816475535881579,19.51954913499503,0.02330976907409854
123,"[[-0.39093722  0.01544006 -0.10793602 -0.03280103 -0.32041678  0.1960291
   0.73818525 -0.12211952  0.01365388 -0.15420109 -0.25390629  0.20938474
  -0.03168377]
 [-0.57997085  0.41723011 -0.10525411  0.11791983 -0.25168287 -0.0176712
  -0.38921282 -0.41174277  0.06853629  0.0612307   0.24806656  0.0993799
  -0.00585375]
 [ 0.19879032  0.41523452 -0.26258256  0.10244852  0.3865794  -0.19279011
   0.02625971  0.07885818 -0.10229382 -0.40939046  0.57728792  0.04082262
   0.04588189]
 [-0.14446195  0.11079457 -0.29456547 -0.12542361  0.40729346  0.1670223
   0.39514751 -0.56888618  0.15719722 -0.29420525 -0.12219611 -0.25243603
  -0.0295707 ]]","['bbo_main', 'random_fill', 'random_fill', 'random_fill']","[[0.0826292  0.14213752 0.20082793 0.16284326 0.27610808 0.41590822
  0.09461563 0.1611416  0.22744713 0.04768515 0.08230497 0.26617556
  1.0000005 ]
 [0.08459611 0.1474312  0.20766644 0.16092235 0.26776568 0.37698822
  0.08625377 0.14445734 0.21668961 0.0570044  0.10385429 0.22053498
  1.00000001]
 [0.09194042 0.15484731 0.20992967 0.16888777 0.28557803 0.39355594
  0.08848133 0.14645585 0.20651066 0.05095005 0.10444902 0.16479828
  1.00000004]
 [0.08036095 0.13611523 0.19164322 0.17648944 0.30804905 0.47242326
  0.09106215 0.15238283 0.2264918  0.04331152 0.07438287 0.10587947
  0.62761626]]",[-0.01499643 -0.09736927  0.16407419  0.04703565],4,0.033848422070213664,0.8182537669824286,0.850777497866194,0.01675426660824229,0.030836354627683624,19.38703548599733,0.022897497206204542
124,"[[ 0.21231202 -0.28414096 -0.15756237  0.11938087  0.21959003 -0.61616902
  -0.15857953 -0.23702216 -0.39743832  0.38371072 -0.0131532  -0.1429858
  -0.00947247]
 [-0.43957661 -0.43877008 -0.35724836 -0.10053622  0.3724795  -0.16383295
   0.40931803  0.15325839 -0.11807157 -0.01089198 -0.29113655  0.14330951
  -0.02345355]
 [-0.2002601  -0.31037683  0.14400134  0.23092645 -0.19063854 -0.42732954
  -0.69673313 -0.04341528  0.19130283  0.17701826 -0.09761045 -0.06985417
  -0.02972429]
 [-0.24414539 -0.13411857  0.01977282  0.01856941 -0.34199269 -0.58465654
  -0.14590524  0.07388802  0.46935248  0.25729266 -0.12721988  0.35853101
  -0.07013383]]","['bbo_main', 'random_fill', 'random_fill', 'random_fill']","[[0.08879007 0.15120519 0.21727813 0.16274734 0.26479102 0.35951806
  0.08754282 0.14528528 0.20526096 0.05813427 0.09789776 0.14506366
  1.00000006]
 [0.07629545 0.12687955 0.17912269 0.17103634 0.28945957 0.40257915
  0.09968342 0.17287593 0.24334305 0.04683991 0.08067422 0.15086015
  0.66355278]
 [0.08542096 0.14674593 0.23882335 0.15766224 0.26213141 0.36516267
  0.09157145 0.1624611  0.2719305  0.05051176 0.08556745 0.11993143
  0.4221738 ]
 [0.0855827  0.14665429 0.20801835 0.15733106 0.26281404 0.36712644
  0.09404293 0.16529468 0.38614519 0.05018368 0.08525132 0.12772652
  1.        ]]",[-0.34138909 -0.10790861 -0.23704121 -0.18059592],4,0.030731610532707454,0.8307262162999411,0.8622703584058851,0.016588224848469453,0.028261350892208784,19.726239433002775,0.02263727263587645
125,"[[ 7.55899615e-02  2.84554529e-01 -1.21121530e-01  7.28610045e-01
  -2.46218437e-01 -1.87744137e-02 -3.67350669e-01  1.98500044e-01
  -3.31314172e-04 -3.59617574e-01  4.65337139e-02 -2.98214647e-02
  -8.21345611e-03]
 [ 5.90323195e-02  6.00802184e-03 -5.89161921e-01  1.63872495e-01
   2.09081876e-01  1.17084680e-01  6.09979135e-01 -2.99060832e-04
   6.53011737e-02 -1.65950518e-01  5.23524596e-03 -3.61505673e-01
   1.74633501e-01]
 [-1.81447634e-01 -1.98349235e-01 -4.87587345e-01  3.07189270e-01
  -3.42100439e-01 -4.13583396e-02  1.50679974e-02 -1.66591429e-01
  -8.43666151e-02  5.00436096e-01  4.21438135e-01 -1.14897263e-02
   1.16655781e-01]
 [-9.16673499e-02 -4.74260169e-01  1.86849455e-01  3.99745939e-01
  -5.27620844e-01 -8.57505389e-02  9.31060134e-02  3.24932741e-02
   1.62398872e-01 -7.47010086e-02 -3.21735966e-01 -3.74984019e-01
  -2.05601724e-02]]","['bbo_main', 'random_fill', 'random_fill', 'random_fill']","[[0.09262555 0.15800903 0.21491628 0.1809558  0.28767315 0.39457163
  0.08919136 0.1601718  0.23945422 0.04212923 0.07393958 0.10681695
  0.99999984]
 [0.07866797 0.12882832 0.17651963 0.17684875 0.30653175 0.46260821
  0.10068078 0.1688869  0.24048993 0.04346182 0.07355255 0.1039095
  1.00000069]
 [0.07914683 0.13057321 0.18192781 0.16333197 0.27408455 0.38606089
  0.09183678 0.15498692 0.21955137 0.06294726 0.1115563  0.1621592
  1.0000003 ]
 [0.08438353 0.14486321 0.33493077 0.16128253 0.26834639 0.37618984
  0.09930268 0.17512084 0.25417442 0.04402925 0.07384578 0.10335876
  1.00000005]]",[ 0.05538233  0.25596376 -0.03817394 -0.15338039],4,0.03347273463619044,0.8146218951921107,0.8474194880452741,0.016659436137599185,0.029469037506029833,20.259747742005857,0.02288771815448616
126,"[[-0.66707862  0.23428392 -0.02509213  0.05110834 -0.07866891 -0.17896464
   0.05707464 -0.13568278 -0.52304037 -0.37604968  0.14804209 -0.00394899
  -0.00862346]
 [ 0.14975664  0.03718965  0.01478904  0.54344703 -0.09979405  0.29820235
   0.60804281  0.10327585  0.29130701  0.11548204 -0.27827901  0.15684396
  -0.03370346]
 [-0.40156741  0.02955291 -0.18409117  0.34526817  0.15727143 -0.52829284
   0.1995006   0.31133177 -0.3616347  -0.11971099  0.28618665 -0.00535309
   0.13104635]
 [ 0.49741422 -0.32682613 -0.01311341  0.15781482  0.1929618  -0.01247305
  -0.13571009  0.19072232  0.12883655  0.45226938 -0.54354956  0.10906201
   0.00413956]]","['bbo_main', 'random_fill', 'random_fill', 'random_fill']","[[0.08446109 0.15165413 0.2221316  0.16467081 0.27545826 0.38314347
  0.08734173 0.14031801 0.19017693 0.05043683 0.09317969 0.15274141
  1.00000018]
 [0.08361462 0.14301071 0.20226118 0.16576701 0.28015341 0.5403329
  0.09872056 0.17133312 0.25205746 0.04586421 0.07787684 0.11060864
  0.9999999 ]
 [0.08161    0.1395314  0.19874996 0.16266776 0.2620117  0.35385465
  0.09950214 0.16780972 0.23072147 0.05412233 0.10014967 0.16199511
  1.00000022]
 [0.08231563 0.1374504  0.19538536 0.1702426  0.28781378 0.39953883
  0.0948116  0.16823363 0.37348197 0.04538511 0.07654334 0.11752871
  1.00000001]]",[-0.23613172  0.36250494 -0.01378439  0.13409663],4,0.030815924505754183,0.8198110814513675,0.852215847000584,0.016644024194699077,0.02971824946634094,19.986388619996433,0.02272134900488962
127,"[[ 0.4077031   0.53902487 -0.06363314 -0.14232169 -0.03086865  0.14496017
  -0.41350774 -0.40950809  0.07162497 -0.04824634 -0.25623709 -0.28930633
   0.03821574]
 [ 0.33326322  0.29591533 -0.2259194  -0.60369743 -0.24132545  0.08994098
  -0.35398379 -0.37205116  0.04611807  0.15412935 -0.17043808 -0.00204035
   0.02982641]
 [-0.0970748  -0.34442458 -0.41379496  0.08537195 -0.22932578 -0.3929766
   0.60715654 -0.10416418 -0.06245035 -0.11948941  0.18240375  0.23406333
  -0.02624594]
 [-0.05581034 -0.01611182  0.07608709  0.28526926  0.18783866 -0.25591246
  -0.08981344  0.0643214  -0.34300363  0.44829438 -0.35436793 -0.59336617
  -0.01414841]]","['bbo_main', 'random_fill', 'random_fill', 'random_fill']","[[0.10149745 0.16966171 0.23001417 0.16477265 0.28241805 0.46645931
  0.08706144 0.14504032 0.21512554 0.04302852 0.07220085 0.10149826
  1.        ]
 [0.09992666 0.16779868 0.22605349 0.15098348 0.2572122  0.43509525
  0.08862072 0.1483191  0.22062722 0.05071168 0.08562636 0.11968258
  1.00000003]
 [0.08194996 0.13869658 0.19635191 0.15840189 0.26415238 0.36896123
  0.09738466 0.16659286 0.23673598 0.05230107 0.09295434 0.24983095
  1.00000016]
 [0.087655   0.15135672 0.29436939 0.1736355  0.29104081 0.40035412
  0.08785995 0.14657238 0.20637684 0.0432147  0.07132841 0.0975346
  0.91690426]]",[ 0.06193336 -0.1357744  -0.25909563 -0.12918833],4,0.03385572615202355,0.8343702341142296,0.8656162231188761,0.016397816143443752,0.02950628523157872,19.024321493998286,0.022541962769071833
128,"[[ 0.11017862  0.29853432 -0.38294952 -0.39641805 -0.39743959  0.06904767
   0.39682442  0.36409913 -0.24220184  0.21680436  0.18561611  0.02267286
   0.03928681]
 [-0.07751664  0.17140447 -0.05793693  0.4003768   0.37029408  0.04481226
  -0.1652314  -0.39471221 -0.46555936  0.35903285 -0.3041118  -0.19737395
  -0.04047045]
 [ 0.02300911  0.43091038 -0.30735099 -0.04128756  0.00449441 -0.11656168
  -0.46291204  0.38919689  0.07869862 -0.00674018 -0.57277261  0.0621663
   0.00877033]
 [-0.09329244  0.20760354 -0.12887366  0.17790655  0.11508591 -0.65775681
   0.04369027  0.188583   -0.40588844 -0.04373449  0.25070943 -0.43244656
  -0.00731969]]","['bbo_main', 'random_fill', 'random_fill', 'random_fill']","[[0.08631668 0.14431563 0.19740923 0.15026744 0.25438982 0.40544999
  0.10753814 0.17997205 0.24410744 0.05413187 0.09448068 0.13400865
  1.00000038]
 [0.08404527 0.1444595  0.20472318 0.17815851 0.30665423 0.43246273
  0.0868116  0.14428426 0.20340797 0.04586693 0.07739738 0.10986988
  0.46183477]
 [0.09142042 0.15601481 0.21032215 0.15838572 0.26513676 0.3717575
  0.09772994 0.18084321 0.30597306 0.04240237 0.07108408 0.11472705
  1.00000002]
 [0.09658574 0.16563986 0.24640933 0.15743897 0.25396186 0.34462025
  0.09376267 0.15709753 0.2197187  0.0496171  0.08360475 0.11662495
  1.00000018]]",[-0.03500578 -0.0027916  -0.01986665 -0.2702405 ],4,0.03064054243630144,0.8317670677126562,0.8632266162623736,0.01643313392707026,0.028343917714483507,20.069572375999996,0.022604332217792955
129,"[[-0.0687506   0.0786061   0.02562206 -0.73431609  0.10720161  0.06575052
   0.50002882 -0.36138148  0.02526157 -0.10414722 -0.20318718 -0.00176206
  -0.00204802]
 [-0.24837983 -0.02924643 -0.05058657 -0.48470337  0.12081353 -0.32227306
   0.23136062 -0.57050124 -0.15128771 -0.2938382   0.1289938  -0.27649595
  -0.01349969]
 [-0.24607548 -0.29632784 -0.61405187 -0.24839658 -0.35651845 -0.11306186
  -0.08050631  0.03009844 -0.18252986 -0.28288151  0.1548783  -0.3580651
   0.00797151]
 [ 0.59750149 -0.3811563  -0.05421436 -0.40404662  0.0013059  -0.20679266
  -0.24072439 -0.35361238 -0.18476272 -0.00893089  0.23546064  0.07326778
   0.10362056]]","['bbo_main', 'random_fill', 'random_fill', 'random_fill']","[[0.09128067 0.15483915 0.2153425  0.15311454 0.2764376  0.49636884
  0.09427371 0.15531804 0.22450286 0.04554573 0.07708959 0.1092656
  1.00000003]
 [0.08900714 0.15337014 0.23189758 0.15569271 0.26338427 0.36777673
  0.09024368 0.14839438 0.21160685 0.04959293 0.08494199 0.11868246
  0.52132118]
 [0.0783595  0.12828153 0.17640323 0.15917685 0.26800422 0.40053412
  0.09682892 0.17025804 0.24181694 0.04983057 0.08510335 0.11812005
  1.00000013]
 [0.09107568 0.15116233 0.21211211 0.15372384 0.259983   0.3641527
  0.08735906 0.14515992 0.20523304 0.05800168 0.10700167 0.18109368
  1.00000016]]",[-0.06471601 -0.339755   -0.42803734 -0.12048797],4,0.03403706324353508,0.8359328554135416,0.8670492658347244,0.016463258523747033,0.027586853319096105,20.08703076600068,0.022810598194056425
130,"[[-0.43018998  0.03031863  0.00906194  0.13568158  0.0233099   0.06106371
   0.28340512  0.32706828 -0.10436383  0.55019428  0.11310902 -0.52553829
   0.03703792]
 [ 0.28866207  0.21860515  0.45525323  0.06067673 -0.05008165  0.40357789
  -0.2098074  -0.42611419  0.34492107 -0.048531   -0.36093264 -0.10804603
  -0.06083564]
 [-0.50694457  0.38994728  0.03502518 -0.05855784  0.398105   -0.1817801
   0.24566234  0.17432872 -0.37235254  0.1033057   0.26306902 -0.29228214
   0.00823504]
 [ 0.27075897 -0.28494784  0.14084711  0.10303628  0.09072869 -0.05570541
  -0.24483359 -0.4020494  -0.15454461  0.54900759  0.42334009 -0.27696084
  -0.03000722]]","['bbo_main', 'random_fill', 'random_fill', 'random_fill']","[[0.07753418 0.13346168 0.19242677 0.17133993 0.28915913 0.44426157
  0.1091654  0.18461756 0.2511221  0.04563386 0.07421644 0.10025393
  1.00000004]
 [0.08843721 0.15068117 0.37632274 0.16450385 0.28042339 0.40244148
  0.09131209 0.15533644 0.22689938 0.04558731 0.07719829 0.10914299
  1.00000018]
 [0.08506809 0.16097776 0.25856494 0.17414242 0.29480302 0.40464243
  0.09002638 0.14502193 0.19807706 0.04699136 0.07914579 0.10981448
  1.        ]
 [0.08613992 0.14724938 0.25267459 0.16453472 0.28075409 0.39474453
  0.08742019 0.14541621 0.20732656 0.05289821 0.08991113 0.12305598
  0.33215748]]",[ 0.11251711  0.27835373  0.03777012 -0.05146407],4,0.03343434782352098,0.8432324669367515,0.8737294203606539,0.016443159738675658,0.029440468550626264,20.466096686002857,0.02241058471363333
131,"[[-0.08068014  0.23753928  0.14798449  0.42437283  0.2484657  -0.12724396
   0.28458842  0.21428246  0.09790638 -0.39205731  0.59368695  0.11915396
   0.01684844]
 [ 0.20557776 -0.2016953   0.11709775  0.12771485  0.65625979 -0.39634993
  -0.08292632 -0.22572003  0.1287767   0.30079164  0.33460313  0.12166436
   0.08727441]
 [-0.34514594  0.16183029 -0.05026349  0.55729344 -0.16425481  0.16786451
   0.48166283 -0.11982659  0.01398331  0.38546721  0.253614    0.05114734
   0.15604678]
 [ 0.25425663  0.18630178  0.21656549 -0.23926039 -0.32427025 -0.34313235
   0.01005434  0.40468829 -0.31952228 -0.50196759 -0.21004404  0.10330523
  -0.02963016]]","['bbo_main', 'random_fill', 'random_fill', 'random_fill']","[[0.08448232 0.14557964 0.33087978 0.16599448 0.27840479 0.38546377
  0.09867054 0.16781434 0.23847827 0.04933296 0.09026323 0.13097349
  1.00000008]
 [0.08329924 0.14252563 0.24296235 0.16917682 0.28527132 0.38754757
  0.08829341 0.14823553 0.26348194 0.05672636 0.09989643 0.15118085
  1.00000018]
 [0.08177467 0.14184429 0.20110099 0.1676874  0.28243815 0.54621301
  0.09175901 0.15451089 0.21862373 0.05275903 0.09091281 0.12724042
  1.00000005]
 [0.09511543 0.16260715 0.34818014 0.15272514 0.25606598 0.35901184
  0.0929892  0.15835085 0.22232479 0.04847778 0.08323674 0.11898524
  1.00000001]]",[ 0.32138948  0.22134708  0.35805943 -0.17805876],4,0.03024543355693521,0.8401025504423347,0.870868008413205,0.016411332162281123,0.02786543848266071,19.508952406999015,0.02259760548379992
132,"[[-0.29969742  0.08288078  0.0956015   0.27867863 -0.41083427  0.13557496
   0.05748969  0.57885154  0.02800926 -0.29267838 -0.40656185  0.11708772
   0.15976245]
 [ 0.47039881  0.19786895  0.21941556  0.36746757  0.13823366  0.27055731
  -0.39680295 -0.3976404   0.2825059  -0.13743592 -0.14172475  0.13409351
   0.10840559]
 [-0.13467718 -0.07235076  0.00102403  0.48772184 -0.20121547 -0.34144723
  -0.4704061   0.24633033 -0.09458025  0.1205133  -0.36591879 -0.3733977
   0.05411186]
 [-0.30700522 -0.24519706 -0.27034111  0.53255504  0.44622906 -0.16209334
   0.09727462  0.25911374  0.00234017  0.17280094  0.2479001  -0.30861196
  -0.01920069]]","['bbo_main', 'random_fill', 'random_fill', 'random_fill']","[[0.08398414 0.1455004  0.20728427 0.16115364 0.26848295 0.45900801
  0.10731936 0.18682181 0.25953952 0.0422623  0.07353578 0.11324713
  1.00000009]
 [0.09060037 0.15411436 0.21713682 0.17017733 0.29078954 0.44493224
  0.08905591 0.15060851 0.32000322 0.04540566 0.07734159 0.1099429
  1.00000007]
 [0.08658629 0.14928565 0.25129645 0.16502313 0.26471651 0.36181649
  0.09172942 0.16413267 0.23728986 0.04279548 0.07125496 0.09887812
  1.00000119]
 [0.07611635 0.12665392 0.17937438 0.18772816 0.31235779 0.4256437
  0.09688874 0.17052525 0.24999566 0.04577531 0.07807337 0.1099862
  0.99999989]]",[ 0.25588169  0.44499094 -0.1474129   0.09576509],4,0.032017633775943855,0.8447982966654193,0.8751592549335615,0.016297336665256634,0.02895600333394832,20.84767222699884,0.022277400983262384
133,"[[-0.00519019 -0.26838479  0.01859613 -0.27859721 -0.31603458  0.06968079
  -0.51916408 -0.30542735 -0.33242358 -0.18521228  0.13277968 -0.46308214
   0.07446765]
 [-0.01995241 -0.1715093  -0.33050318 -0.03550949 -0.31622812 -0.15863536
  -0.00909281  0.19205752 -0.57711754 -0.51802832  0.2382545  -0.19835829
   0.00545866]
 [ 0.41084636  0.46798883  0.27919689 -0.22301258  0.43401804  0.14838063
  -0.2117314   0.23677799  0.22004093  0.06142235  0.29450426  0.177768
  -0.05195001]
 [-0.46983848  0.1679836   0.16225931  0.2804268  -0.48480753  0.17394966
   0.27103558  0.1610053  -0.06121661 -0.3424681   0.3404241  -0.21053568
  -0.01185358]]","['bbo_main', 'random_fill', 'random_fill', 'random_fill']","[[0.08749072 0.15001017 0.21591776 0.16245029 0.27834705 0.45313746
  0.0853551  0.13944477 0.19563946 0.04677787 0.0774094  0.10618605
  1.00000003]
 [0.08447071 0.14136719 0.19752664 0.15899285 0.26516147 0.39460056
  0.09163078 0.14861547 0.20231071 0.0500584  0.09253528 0.13324655
  1.00000001]
 [0.09203556 0.15658518 0.25658072 0.16136028 0.27405508 0.38480676
  0.09214599 0.15938189 0.23527449 0.0485676  0.0826842  0.11669025
  0.23046908]
 [0.08473103 0.14771055 0.24623318 0.16186174 0.27074884 0.51893266
  0.0950041  0.16180077 0.22762816 0.04719595 0.08156868 0.11396325
  1.00000002]]",[-0.26337919 -0.35721338  0.42888932  0.04297771],4,0.03133759654451965,0.8463647178168983,0.8765884981397684,0.016275697422357214,0.02906413028961058,19.35167056499631,0.022357958888611418
134,"[[-0.55065226 -0.13218097  0.08901311  0.30395596  0.03269958 -0.18556054
   0.01528736 -0.62047941  0.10008416 -0.18829568 -0.32342442  0.09041545
   0.00411666]
 [-0.59923585  0.36551282  0.02796803 -0.1438452   0.01535724  0.0257679
  -0.50673579  0.44154223 -0.04669394 -0.1429331   0.09989571  0.02323795
   0.00855859]
 [-0.00337738 -0.30388271  0.14237827 -0.06238932 -0.43584708  0.15383831
   0.38213378  0.29782668  0.15898157 -0.36240689 -0.45899629 -0.25923506
  -0.02509422]
 [ 0.52532759  0.08243472 -0.08321243  0.43385875  0.53237165  0.08285148
  -0.28529787 -0.180424    0.21938889 -0.12281373  0.2091557   0.09545275
  -0.04211958]]","['bbo_main', 'random_fill', 'random_fill', 'random_fill']","[[0.08093451 0.1421271  0.24368122 0.17296218 0.28880298 0.39638719
  0.08755034 0.14611181 0.29713108 0.04564752 0.0780776  0.12074795
  1.00000004]
 [0.08267306 0.15307056 0.23917716 0.15892966 0.26944047 0.38531308
  0.09270841 0.17959546 0.25302547 0.04902987 0.08390114 0.11970089
  1.00000055]
 [0.08462364 0.14480416 0.23430685 0.15916401 0.2676996  0.39435265
  0.10765084 0.18723123 0.27186573 0.04218183 0.07104131 0.1001611
  0.82589602]
 [0.08436034 0.14297033 0.20195743 0.17684123 0.30303179 0.42279771
  0.08936148 0.15158039 0.24625945 0.04670121 0.08058916 0.11485672
  0.39628325]]",[-0.13159578  0.03752234 -0.03133281  0.31895167],4,0.030483288410352555,0.8484542133584695,0.8784932218322838,0.01623645129728738,0.03240072457937889,19.77823177800019,0.0220615341610413
135,"[[-0.21270611  0.42539288 -0.16099261 -0.41971595  0.10266234  0.09008576
   0.45612983  0.02898477 -0.52407848  0.17977544  0.14130236  0.13015922
  -0.01679675]
 [ 0.44869901 -0.11986973  0.05573722  0.3301489   0.44433896 -0.45671817
  -0.291918    0.11830153 -0.04084231  0.15103649  0.37655936 -0.02384853
  -0.01047464]
 [-0.07038687  0.04786386  0.0934949   0.1461184  -0.09203694  0.07017162
   0.7169498   0.17510181 -0.60728551  0.05228883  0.02267858  0.13936686
   0.11455602]
 [-0.32307474  0.51004921  0.16817565  0.35428131 -0.2568057   0.19980291
  -0.42312414 -0.28710107  0.13331337 -0.30406621  0.04743758  0.03653839
  -0.02299362]]","['bbo_main', 'random_fill', 'random_fill', 'random_fill']","[[0.08757546 0.148995   0.2071661  0.16033373 0.27988517 0.4132668
  0.09028295 0.14484376 0.19717984 0.05407803 0.09309321 0.21943842
  1.0000001 ]
 [0.09062472 0.1520067  0.24982279 0.16701444 0.27068576 0.36168065
  0.08901146 0.15289058 0.21838014 0.05712289 0.10043154 0.13978103
  1.00000031]
 [0.08670521 0.14866857 0.21931022 0.16416244 0.27931397 0.39885139
  0.09152362 0.14684545 0.19941191 0.05053037 0.08766074 0.2365607
  1.00000003]
 [0.09130465 0.15913569 0.22821405 0.16556317 0.27815733 0.52750546
  0.08832035 0.14888315 0.2193659  0.04671302 0.08083502 0.11410864
  1.00000003]]",[-0.01324746  0.06241824  0.17017105  0.10260545],4,0.030034019268703686,0.8583945023116014,0.8875254757993629,0.016174217382826334,0.028948844787801582,19.905309289002616,0.021995470458717192
136,"[[-0.31043694 -0.12004375 -0.01177347  0.27534272 -0.23240427  0.04822383
   0.1740626  -0.31952083 -0.11871917 -0.3008309   0.54741766 -0.35400323
   0.30815531]
 [ 0.34351697 -0.15185597  0.08221357  0.37643543 -0.42909819  0.11954948
   0.19179769 -0.13224061 -0.20576128  0.07224036  0.54089987  0.14582228
   0.31046529]
 [ 0.0469791   0.51977302 -0.01158511  0.51732957 -0.10380763  0.11001253
   0.38947737 -0.24792736  0.07200223  0.30201866  0.32359002 -0.14751055
   0.03091999]
 [ 0.09478056  0.16456416  0.06921889 -0.25811926  0.45912242 -0.21234144
  -0.53617783 -0.13828839  0.0334174  -0.33191274  0.2170549  -0.4138127
   0.01973012]]","['bbo_main', 'random_fill', 'random_fill', 'random_fill']","[[0.07759022 0.13414482 0.19473265 0.17548712 0.29370133 0.46580437
  0.08738447 0.14147933 0.19776459 0.04964591 0.08700806 0.11790989
  1.00000173]
 [0.08743212 0.14835164 0.21029031 0.159511   0.26679056 0.3930942
  0.08890772 0.14744597 0.20672203 0.05728978 0.10622692 0.22020453
  1.00000003]
 [0.09649197 0.16693053 0.22785603 0.16901655 0.28351696 0.48106229
  0.08938072 0.14812157 0.22082654 0.05000403 0.0856133  0.11808381
  0.99999994]
 [0.09787163 0.16559119 0.29328302 0.1683356  0.28747509 0.39674176
  0.08562358 0.14485691 0.21591282 0.04261457 0.07161935 0.09840525
  1.00000046]]",[ 0.20567814  0.37654684  0.26988379 -0.01719814],4,0.02954577364662153,0.8620633540003357,0.890846509072815,0.016179928986828192,0.02762460821185142,19.56463435600017,0.022187096486281428
137,"[[-0.26900135 -0.14096386 -0.0234958  -0.08477883  0.52153234  0.04291906
  -0.0730089  -0.35059809 -0.10213473 -0.37072532 -0.56859476 -0.14361776
  -0.07839499]
 [ 0.13541564  0.02269332  0.0278338   0.10777993  0.09021882  0.11170682
  -0.0923682  -0.45177426 -0.3668745   0.47727717 -0.15102318  0.58522849
  -0.0884075 ]
 [-0.14653025  0.51107597  0.11815792  0.27701012 -0.1095352   0.16349434
   0.31455279  0.49647444  0.03798922 -0.11814086  0.43741553  0.18624892
  -0.03246844]
 [-0.16265873  0.06234439  0.04122014 -0.38547222  0.75525062 -0.04547656
   0.23627346  0.12880569 -0.02094167  0.32698395  0.25691587  0.02762867
   0.01880276]]","['bbo_main', 'random_fill', 'random_fill', 'random_fill']","[[0.08410239 0.14417731 0.20453021 0.16926442 0.2903077  0.41098321
  0.09131874 0.15460871 0.22028355 0.04536283 0.07695204 0.10941517
  0.11555819]
 [0.08550533 0.14656977 0.20761948 0.16340006 0.27862852 0.39645911
  0.08957431 0.15026388 0.21263237 0.05038707 0.08662881 0.28386145
  0.99999944]
 [0.08868572 0.15226787 0.21333251 0.16052643 0.27141424 0.39075369
  0.09878859 0.17084574 0.23837951 0.04978275 0.08543765 0.15174662
  0.32716619]
 [0.08090834 0.13844803 0.2014029  0.17357088 0.31335216 0.43413277
  0.09196543 0.15312053 0.21583141 0.05633358 0.09398319 0.13025254
  1.00000006]]",[-0.06177525  0.04223316  0.34273736  0.25568199],4,0.02843233967967508,0.8615390041375073,0.8903723039145934,0.016091937690233257,0.02910993471731322,19.464254357000755,0.02193586635810335
138,"[[ 0.3621186   0.63021384 -0.12347305  0.17181364  0.21178615  0.18606113
   0.09502368  0.09364921  0.19409103  0.17949801 -0.50646804  0.05175285
  -0.02417061]
 [ 0.40438758 -0.03414714  0.27210517  0.29633393 -0.31636532  0.24047634
   0.15298722  0.47817279  0.16958853 -0.47728974  0.06732059  0.01413138
  -0.04671101]
 [ 0.31190283 -0.18022898  0.09263788 -0.18773032 -0.07868579 -0.27249713
  -0.05609719 -0.28084246 -0.39526474  0.45957736  0.42331807  0.33883948
  -0.04988206]
 [-0.41665038  0.40712058 -0.0667524   0.14443278 -0.07762888 -0.59273039
   0.19778839 -0.04254755  0.16081505  0.37665754  0.05346536  0.25631561
  -0.02763806]]","['bbo_main', 'random_fill', 'random_fill', 'random_fill']","[[0.09365976 0.15821529 0.21696175 0.16853957 0.28496624 0.43866779
  0.09192719 0.15906686 0.32452396 0.0435956  0.07442384 0.10691513
  1.00000003]
 [0.08741381 0.14872617 0.25207805 0.16277166 0.27493033 0.39432171
  0.0978962  0.17110587 0.24305559 0.04503214 0.07719542 0.10949153
  0.29280215]
 [0.08758907 0.14924838 0.21595473 0.1595855  0.26856724 0.37766593
  0.08895937 0.14843172 0.20978714 0.05429366 0.09676108 0.26025256
  1.00000008]
 [0.08689895 0.14950049 0.21164256 0.15667491 0.25999699 0.36245203
  0.09329344 0.16199802 0.23909578 0.05247766 0.0896226  0.26268179
  1.00000007]]",[ 0.31587831  0.26453174 -0.15896149 -0.08760089],4,0.029674146011901326,0.8562996608012119,0.8856260975177734,0.016053978041531077,0.028375041981468174,19.243213402995025,0.022179294154310525
139,"[[ 0.43476572 -0.23377631  0.02951328  0.704058   -0.12710828 -0.02116318
  -0.20293194 -0.27267076  0.14645816  0.27262183  0.09226674  0.15270062
  -0.00450709]
 [-0.32108421  0.19678138  0.01492522  0.13469782 -0.51717307  0.08253361
   0.37716327  0.2168781  -0.27949083  0.52661897 -0.10887763  0.09329581
   0.01570388]
 [ 0.14613687 -0.09972282  0.35970579 -0.38026871 -0.23714585  0.42568995
  -0.4367849   0.10774202  0.42786563 -0.03302687  0.23524021 -0.10364803
  -0.0680198 ]
 [ 0.00667003  0.14361561  0.01716065  0.6981133   0.12538959 -0.33399287
   0.2794526  -0.0432602  -0.09990456  0.18764994 -0.44981849 -0.18303519
   0.05833056]]","['bbo_main', 'random_fill', 'random_fill', 'random_fill']","[[0.08476175 0.14415083 0.2049438  0.16865022 0.28206103 0.39272482
  0.08843995 0.15238983 0.23862482 0.05162638 0.0892309  0.25903868
  1.00000008]
 [0.08599079 0.14985926 0.21150734 0.15295236 0.25590754 0.38843337
  0.0983069  0.16572945 0.22701061 0.05661844 0.09503536 0.21036209
  1.00000006]
 [0.08603975 0.14704866 0.21053915 0.16148923 0.27441655 0.428511
  0.09251481 0.16105518 0.24315958 0.04814435 0.08210715 0.11514807
  0.18579406]
 [0.09058972 0.15713888 0.24092141 0.17966604 0.28951614 0.38618553
  0.09217447 0.15586541 0.22151486 0.04268502 0.07145966 0.10152284
  1.00000036]]",[ 0.11658176 -0.01027895  0.20370367  0.07255212],4,0.03292236616942437,0.8694125403521918,0.8974770940255061,0.015978246836907982,0.029073912134701754,19.76982524900086,0.022132494814871742
140,"[[ 0.64365675 -0.06439823  0.14878638 -0.21644053 -0.20384027  0.07883034
  -0.05682946 -0.03354384  0.14367857  0.26468139  0.14917579 -0.58940146
  -0.01038483]
 [ 0.15463755  0.08561763  0.13473524 -0.17073058  0.68156548 -0.07839417
   0.07756897  0.25715177  0.12005941  0.18716184  0.01815193 -0.57295434
  -0.02414992]
 [-0.36582321 -0.28983095 -0.40956999 -0.11695984 -0.3579962  -0.03806211
   0.36212236  0.27261629  0.00212487 -0.22957058 -0.46026959  0.0333928
  -0.00341067]
 [ 0.09223565 -0.44451009 -0.48801542 -0.06000295 -0.21722022 -0.33536719
  -0.31152329  0.20071755 -0.23129336  0.12016833 -0.25399938 -0.35001373
  -0.01384008]]","['bbo_main', 'random_fill', 'random_fill', 'random_fill']","[[0.09720076 0.163429   0.33504723 0.15690766 0.26503756 0.37467382
  0.09283324 0.16112171 0.24223413 0.04660486 0.07603723 0.10294243
  1.00000001]
 [0.08679715 0.14698009 0.24884908 0.17286322 0.29423762 0.40621999
  0.09733966 0.17043612 0.24756066 0.04286863 0.07118304 0.09770929
  0.6579288 ]
 [0.07946385 0.13127455 0.18335784 0.15978712 0.26764247 0.37735584
  0.11158529 0.19225721 0.2693494  0.04551778 0.07762235 0.13702585
  1.00000006]
 [0.08157641 0.1335563  0.18624501 0.16018481 0.26909766 0.37741522
  0.09916477 0.17632373 0.25539819 0.0486368  0.08128673 0.11436522
  0.58371585]]",[ 0.02018166  0.21726288 -0.22270108 -0.45485402],4,0.03230187815371045,0.8720411381119254,0.8998412722288597,0.016000347232328318,0.030564614938261403,19.717820535006467,0.021769669149785287
141,"[[ 0.04035586 -0.16542158 -0.33534638 -0.37644601  0.00605418  0.15246669
   0.23476193  0.18645054  0.11996368  0.69943972  0.27626405  0.15236348
  -0.02312897]
 [ 0.42903888  0.11491852  0.08124351  0.46374086 -0.09162992 -0.20095097
  -0.4578905  -0.31264203 -0.10239773 -0.28655012 -0.29568804  0.20885372
  -0.03506622]
 [-0.00533628 -0.15441514 -0.00622661  0.52874819 -0.4491976   0.0364083
  -0.12647747 -0.38125134 -0.2037353   0.43824008 -0.3064627  -0.06506947
  -0.01857483]
 [-0.18627088  0.19268801  0.18132471  0.19224049  0.4134874   0.12336342
  -0.15458959 -0.65136988 -0.36229984 -0.00817062 -0.19091365  0.23419304
  -0.03668884]]","['bbo_main', 'random_fill', 'random_fill', 'random_fill']","[[0.08028282 0.13132459 0.18272834 0.16006514 0.27381266 0.43423822
  0.09871003 0.17252258 0.24912938 0.05884042 0.09823156 0.16122054
  1.00000082]
 [0.09227413 0.1583627  0.22528322 0.16441146 0.27572753 0.38514962
  0.08807578 0.14802531 0.21214816 0.04667375 0.08158339 0.15120824
  0.32503652]
 [0.085359   0.14767906 0.21020681 0.16893548 0.28306041 0.41614161
  0.08696126 0.14511367 0.20509329 0.04903077 0.08268865 0.11630133
  0.29095041]
 [0.08507425 0.14573678 0.21608524 0.17745303 0.30662976 0.42897699
  0.08509486 0.13868231 0.19439345 0.04721204 0.08110528 0.15341922
  0.76641598]]",[ 0.08280244 -0.07597246 -0.1721769   0.08326171],4,0.03167031501693206,0.8730931730034257,0.9007863478027148,0.015927190096624178,0.03070445358720672,20.18792888900498,0.021804533005986393
142,"[[-0.22618889  0.13051248 -0.46566196  0.13977165  0.56725202  0.22955938
  -0.08262124  0.35953157 -0.33203911  0.07411387 -0.24691311  0.08162487
  -0.03866253]
 [ 0.03718008  0.49735668 -0.66731685  0.20633748  0.28598272 -0.10778275
   0.12863095 -0.33100587  0.07094398  0.16804629  0.06879663  0.07476579
  -0.0160462 ]
 [-0.31496129  0.06859245  0.09667996  0.08580142 -0.04162227 -0.41710145
   0.17828974  0.13782688 -0.43681805  0.53729357 -0.39956954  0.11698571
  -0.00775842]
 [ 0.14639759 -0.30045097 -0.09180675 -0.53041315  0.45655867 -0.18076833
   0.12478015  0.00540937 -0.13136502  0.1375281  -0.52637286 -0.06346528
   0.15665579]]","['bbo_main', 'random_fill', 'random_fill', 'random_fill']","[[0.07923283 0.13396425 0.18893656 0.17905277 0.31088175 0.47419215
  0.09024148 0.15161666 0.212386   0.04573992 0.0780299  0.1143868
  0.64558745]
 [0.08056292 0.131732   0.17893346 0.17853207 0.30537061 0.4216924
  0.08804036 0.14663258 0.22246996 0.05101953 0.08887845 0.15255209
  0.84173162]
 [0.0879723  0.15306432 0.27244904 0.1571012  0.25647836 0.35457513
  0.09251717 0.15515944 0.21706631 0.05159237 0.08714974 0.1803157
  1.00000004]
 [0.08234217 0.13526265 0.19104624 0.16739707 0.30582259 0.42463117
  0.09569447 0.15804946 0.22091504 0.04278357 0.07165961 0.11077641
  1.00000061]]",[ 0.16684668  0.01898386 -0.18666263  0.02951695],4,0.028944870904241388,0.8741455542715235,0.9017310770476066,0.015946319589760356,0.03173905064956947,19.527402823005104,0.021688319612081203
143,"[[ 0.45333551  0.64466621 -0.27365263 -0.13881656 -0.12958684  0.04082205
  -0.16789142  0.2013733   0.11068003  0.42263679 -0.07543228 -0.03064316
  -0.00614106]
 [ 0.51479455  0.5962497   0.0148747  -0.27018105  0.08820337  0.05745132
   0.19790723 -0.14819397  0.03702041 -0.42982302  0.15604666  0.15046579
  -0.03059001]
 [-0.08742241  0.15229921 -0.00841348  0.03264919  0.6834438   0.19855303
  -0.02262665 -0.184143    0.09701694  0.60471627 -0.15736145  0.1638961
   0.01917195]
 [ 0.10215734 -0.49013562  0.21218842 -0.42931795  0.16056222 -0.06427002
   0.26056688  0.13732755  0.21163351  0.49256597 -0.08824491 -0.3163635
   0.08969564]]","['bbo_main', 'random_fill', 'random_fill', 'random_fill']","[[0.10154962 0.16912915 0.22561301 0.15316454 0.2571862  0.36917186
  0.09390019 0.1654329  0.31051959 0.04999567 0.08433545 0.11821517
  1.00000001]
 [0.09837936 0.16598729 0.22702202 0.15884132 0.27071546 0.38636526
  0.09224532 0.1550422  0.22091019 0.0475228  0.08283328 0.14808158
  0.41751652]
 [0.08141031 0.1397183  0.19807179 0.18263748 0.31571868 0.50863355
  0.08746361 0.14543489 0.20788061 0.04804571 0.08166874 0.12357221
  1.        ]
 [0.08342862 0.14128864 0.34397182 0.15983691 0.27322765 0.38409657
  0.09912786 0.17389065 0.25741642 0.04764007 0.07929955 0.11035857
  1.00000002]]",[0.11073083 0.16161794 0.38226069 0.13826004],4,0.030702076528459146,0.8931527808642441,0.9186718495790679,0.015825770037513787,0.02768364036566917,19.735540449997643,0.021760736087288957
144,"[[ 0.31353269 -0.3101702   0.00197995 -0.30055042 -0.38804018  0.0576129
  -0.2485016   0.19766707 -0.24855577 -0.57663013  0.23619308  0.09904998
  -0.02360379]
 [-0.23899569 -0.2592515  -0.30547998  0.11233252 -0.25812254  0.13989966
  -0.08423309 -0.0747762   0.02016913 -0.43991174  0.40357277 -0.55990863
  -0.02344063]
 [-0.14695447  0.06987736 -0.19601968 -0.16383926  0.41418329 -0.28291133
   0.08449879  0.52018827 -0.19241207 -0.02593989 -0.03628483 -0.58296027
  -0.00880191]
 [ 0.12924371 -0.02743587  0.254187    0.0743287   0.25712029 -0.07748934
  -0.21133248 -0.49192695  0.25864813 -0.26933116 -0.61105528  0.20032982
  -0.02607397]]","['bbo_main', 'random_fill', 'random_fill', 'random_fill']","[[0.08834392 0.14953794 0.21087007 0.15588628 0.26301383 0.37742081
  0.09236079 0.15620438 0.21849352 0.04966307 0.09065101 0.15916379
  0.29104139]
 [0.07995289 0.13497758 0.19116143 0.1687816  0.28478726 0.44760643
  0.09287437 0.16228441 0.23672941 0.0453377  0.07705559 0.10808197
  0.3659776 ]
 [0.08085813 0.13674045 0.19566312 0.1657799  0.28111279 0.39236736
  0.111594   0.19238885 0.27130522 0.04127957 0.06882055 0.09589338
  1.00000002]
 [0.08746246 0.1495327  0.25494849 0.16585716 0.28018277 0.39049001
  0.09075936 0.15566738 0.35407477 0.04453821 0.07574293 0.10997378
  1.00000005]]",[-0.19014706 -0.17755319 -0.07338172  0.05961763],4,0.030576396660642102,0.8846893609490565,0.9111583784300715,0.01581022925924404,0.027761628630841473,20.084743676998187,0.021587398860564377
145,"[[-0.31714827 -0.57699969  0.03376973 -0.23641004  0.12679658  0.00699193
   0.17580414 -0.03636784  0.03678957 -0.21379181  0.4339709  -0.47494514
  -0.01175657]
 [ 0.4987267  -0.07317206 -0.3604151  -0.37188726  0.32472212 -0.11203805
  -0.0901833  -0.17937313  0.05199765  0.29552581  0.21234034 -0.4292404
  -0.00621377]
 [-0.29004442 -0.33190692  0.14330666  0.15884161 -0.38001045  0.05712288
   0.60900573  0.00508609  0.2113877  -0.36882233  0.1928164   0.09968421
   0.11631844]
 [-0.30220566  0.09273271  0.03990533 -0.12060715 -0.4035261  -0.08869395
  -0.04943808  0.10669668  0.13423581 -0.15317152 -0.38903571 -0.70977897
  -0.05281935]]","['bbo_main', 'random_fill', 'random_fill', 'random_fill']","[[0.07576199 0.12853287 0.21048809 0.16783058 0.29141876 0.41108995
  0.10053755 0.17047309 0.24736922 0.04598128 0.07678936 0.10444013
  0.74011378]
 [0.08533235 0.13645323 0.18375796 0.16567781 0.29466683 0.41555026
  0.09082339 0.15308536 0.27004757 0.04954244 0.0795085  0.10629109
  1.00000002]
 [0.08190176 0.13996506 0.20528408 0.15942502 0.2665553  0.37470715
  0.10065045 0.17457687 0.38179011 0.04871295 0.08361635 0.11879728
  1.00000011]
 [0.08664573 0.1484549  0.21048516 0.16262228 0.27518613 0.38677676
  0.09335976 0.16281991 0.25556593 0.04465867 0.07476801 0.10486853
  0.1463394 ]]",[-0.10516952 -0.08806484  0.17384912 -0.24000966],4,0.030215468738965454,0.8815222755663781,0.9083341307924867,0.015743760189328302,0.0263655294740969,19.752210960999946,0.02153182506383311
146,"[[ 0.0773691  -0.44704771  0.01972103  0.04396291 -0.64684662  0.10372293
  -0.49240852  0.17416934 -0.01676717 -0.03570226 -0.2942621   0.03914281
  -0.01387354]
 [ 0.45797021 -0.61342301 -0.00339168  0.13183031  0.15229269 -0.17937139
  -0.04401629 -0.49441913  0.03249237  0.18690252 -0.15226807 -0.18621777
   0.03128848]
 [-0.23967384 -0.53215842  0.12687166  0.21186204 -0.19243831  0.21217538
  -0.1606918  -0.25262638 -0.59295612 -0.07953444  0.05596241  0.25327578
  -0.03854851]
 [ 0.14768161 -0.0027923  -0.02912373 -0.24376937 -0.03527329  0.17918884
  -0.56178436 -0.44019588  0.13937464 -0.04235867 -0.19874989 -0.5599296
  -0.03068384]]","['bbo_main', 'random_fill', 'random_fill', 'random_fill']","[[0.08348007 0.14092446 0.19963716 0.15606124 0.26072674 0.50063828
  0.09256157 0.16515419 0.23786156 0.0492033  0.08412962 0.1219896
  1.00000007]
 [0.08120157 0.13297838 0.19093171 0.18103231 0.30555773 0.41656701
  0.08514488 0.14300415 0.24657453 0.04650641 0.07682828 0.10698764
  1.00000011]
 [0.08211462 0.14046401 0.20124725 0.16887861 0.28853677 0.42728042
  0.08752599 0.14509783 0.20394999 0.05006814 0.08682066 0.24375921
  0.99999633]
 [0.08794725 0.14905313 0.20939031 0.16530036 0.2850401  0.45028472
  0.09008976 0.15310754 0.22776605 0.04379635 0.07307515 0.10223758
  0.37748757]]",[-0.21887869 -0.10743293 -0.14557259 -0.13466067],4,0.02985721649604267,0.9069679732017701,0.9308191173448823,0.01552277800846455,0.027334495937743272,20.470686839995324,0.021165368489514752
147,"[[-0.40828329 -0.13696165  0.01516197  0.17320941  0.04345225 -0.24869597
  -0.19475705  0.10534657  0.00899592  0.63295564 -0.51759707  0.03700451
   0.03948492]
 [ 0.23305183  0.01217048 -0.416265   -0.31256575 -0.21493771 -0.34458096
  -0.23516172 -0.17218298  0.09099463 -0.42338321  0.48007005  0.02136838
   0.07890071]
 [ 0.08438169  0.1583574  -0.21163363  0.22797723  0.19797029 -0.05559276
   0.64888388 -0.09121047  0.08324323  0.44647652 -0.28937572 -0.28895676
   0.1608813 ]
 [-0.44959924  0.25623846 -0.01652803 -0.30683921 -0.10931006  0.07547788
   0.54104475 -0.48199585  0.07694616  0.25394517  0.15617601 -0.00813045
   0.01476384]]","['bbo_main', 'random_fill', 'random_fill', 'random_fill']","[[0.07735914 0.13410385 0.20065407 0.1651886  0.26864715 0.36481495
  0.0979648  0.1765652  0.25436092 0.05096915 0.08159532 0.14664353
  1.00000026]
 [0.08655898 0.14394704 0.2003953  0.15225677 0.25390453 0.35594288
  0.09245991 0.15711733 0.27230951 0.05319504 0.10210332 0.14820481
  1.00000003]
 [0.08109222 0.13679451 0.19278504 0.17291884 0.29226909 0.40527504
  0.10937557 0.18371134 0.29233918 0.04351064 0.07164715 0.09877923
  1.0000003 ]
 [0.08513457 0.14949776 0.21042344 0.15607637 0.26827402 0.42443783
  0.09131036 0.14933002 0.28555724 0.0571444  0.09598444 0.13087466
  1.00000009]]",[-0.06060316 -0.20176276  0.27203997 -0.00602612],4,0.031127952539836093,0.8905050636291235,0.9163267878446192,0.01568684729403729,0.027343190346201862,22.17587408899999,0.02159817708126461
148,"[[-0.25043392 -0.21213947  0.36139366 -0.08906613 -0.19151215 -0.17382435
  -0.08997116  0.28306077  0.42434617  0.41252965  0.27319839  0.41397604
  -0.04865816]
 [-0.12639594 -0.52670707  0.01884293 -0.18270776 -0.32857016 -0.30843506
   0.55138745 -0.37149789  0.09292779 -0.03997999 -0.12671137 -0.02734585
  -0.02645129]
 [-0.41651648 -0.18909931 -0.49089383 -0.05266526 -0.36638924 -0.16338807
   0.26195303 -0.18064885  0.10821816 -0.46346008  0.22381684  0.09037083
  -0.00690438]
 [ 0.23673636  0.01479742  0.63023201  0.15039677 -0.22759177 -0.51398942
  -0.14450795 -0.10900054  0.12846819 -0.19573818  0.26190975  0.20479842
  -0.09910565]]","['bbo_main', 'random_fill', 'random_fill', 'random_fill']","[[0.08511296 0.14610252 0.22093673 0.15792227 0.26495357 0.37224754
  0.09418691 0.16543967 0.36330152 0.05157005 0.08776318 0.14556689
  1.00000007]
 [0.08491982 0.14537921 0.20930815 0.1557705  0.26054059 0.36463673
  0.09668235 0.16678031 0.26505409 0.05018093 0.08536886 0.12080962
  0.29495111]
 [0.07920975 0.13127712 0.18200863 0.15774047 0.26375205 0.37049645
  0.10046413 0.17327268 0.29738116 0.05147117 0.09362375 0.14124716
  1.00000002]
 [0.08828032 0.15089474 0.28392888 0.15805649 0.26456203 0.36897113
  0.0924806  0.15908957 0.22849    0.04970561 0.08488359 0.11962753
  0.36490365]]",[ 0.14739777 -0.31784202 -0.28248415 -0.02452839],4,0.030405612040458746,0.8984566196747441,0.9233535703093357,0.01554192846335374,0.02849437226453272,21.536997725997935,0.021183302292732353
149,"[[ 0.14791088  0.22504935 -0.03038771 -0.50717354 -0.12906211  0.03621871
  -0.42990703  0.52701915 -0.13579525 -0.10007707 -0.39346972  0.07107562
  -0.02151164]
 [-0.04553995  0.4753457  -0.1593936  -0.15768087  0.20548943  0.09680645
   0.4556476   0.25249049 -0.14220431 -0.47670286  0.38062922 -0.04076327
   0.0687859 ]
 [ 0.06588882  0.22639522 -0.26031678  0.09224739  0.22290213 -0.53975847
  -0.1794069  -0.65169567 -0.023533    0.04182267  0.157575   -0.20708694
  -0.01389242]
 [-0.20266455 -0.11428852  0.12808636  0.1590599   0.30091392 -0.14655601
   0.16916012  0.3092214  -0.76722738  0.18741926 -0.1786956   0.10775035
  -0.02433279]]","['bbo_main', 'random_fill', 'random_fill', 'random_fill']","[[0.09230735 0.15753761 0.21801925 0.15429625 0.26157537 0.37569833
  0.09596994 0.16899208 0.2379731  0.0464639  0.07798501 0.14041504
  0.38421383]
 [0.09023109 0.15358012 0.21049276 0.16320992 0.28347748 0.49991281
  0.10283728 0.17017107 0.23115566 0.04472404 0.078978   0.11284749
  1.00000002]
 [0.09488323 0.16181979 0.22373129 0.16200913 0.26540871 0.35989831
  0.08654213 0.14482297 0.22874432 0.05163092 0.08807698 0.12228508
  0.8502616 ]
 [0.08410645 0.14522109 0.25165777 0.17220364 0.29370743 0.40830801
  0.08841869 0.14312206 0.19542137 0.04831367 0.08270933 0.12611091
  0.59334912]]",[-0.07405664  0.24613459 -0.27189466 -0.04277075],4,0.029093660416754097,0.9069679732017701,0.9308191173448823,0.015554220629123037,0.026918898166823052,20.33034561200475,0.021463670697583925
150,"[[ 0.46267008  0.46915764  0.09095838  0.510503    0.08440067  0.01065008
   0.18528938  0.17354477  0.13666934  0.08292308  0.03217963 -0.44570525
  -0.00323779]
 [ 0.40504167  0.09292839 -0.04743124 -0.48390671 -0.05196663 -0.17510543
   0.22913667 -0.2719498   0.01512947  0.45605986  0.34670077 -0.32038231
  -0.0012776 ]
 [ 0.16157331  0.17098317 -0.22795364  0.12826816  0.31242413 -0.16723843
   0.14325078  0.50625031  0.11278601  0.23100024  0.63585892  0.0565198
  -0.01620775]
 [ 0.47940826 -0.13723684  0.08605025 -0.19490621  0.01736269  0.13927137
  -0.65019406  0.45174657  0.14814621  0.1715861  -0.0473126   0.07274894
  -0.02225873]]","['bbo_main', 'random_fill', 'random_fill', 'random_fill']","[[0.10055936 0.16845982 0.23372327 0.16812671 0.28284074 0.39438533
  0.0978889  0.1695032  0.27860775 0.04226946 0.07047388 0.09711683
  1.00000002]
 [0.0997353  0.16787859 0.2307977  0.14822438 0.25147251 0.35561712
  0.09232266 0.15570764 0.24107882 0.05783264 0.09604944 0.12748293
  1.00000003]
 [0.08169677 0.1351202  0.18804092 0.16205094 0.2744646  0.38269457
  0.10679103 0.18611687 0.28990878 0.05689145 0.09567714 0.13245699
  1.00000006]
 [0.08788344 0.1478128  0.20761752 0.15966466 0.27293411 0.42072105
  0.09200983 0.165464   0.36298977 0.04926517 0.0834452  0.11690265
  1.00000005]]",[ 0.30560146 -0.10200289  0.24344785  0.13137598],4,0.02893548341898894,0.9011129540109895,0.9256900166374378,0.015546273166841932,0.02837440784820311,19.817959776999487,0.021450454659098523
151,"[[ 0.03993807  0.54040893  0.14733898  0.35567145  0.32860586  0.02387359
   0.56261896 -0.26638024  0.13414135 -0.09078523 -0.18536851  0.03873013
  -0.00212739]
 [ 0.18935491 -0.0299897  -0.02064546 -0.10647448 -0.01522904  0.04009183
   0.17984485  0.34017729 -0.65956461 -0.07817495 -0.05471397 -0.59754895
  -0.01957237]
 [-0.44907579 -0.23067583  0.00949307  0.03023526  0.3816759   0.26473956
  -0.26180088 -0.04208542  0.28762938  0.16712656  0.50708489  0.29885484
  -0.03049021]
 [ 0.61953966 -0.15567804  0.12577863  0.00264737  0.12606446 -0.33267939
  -0.37053949  0.02530898 -0.49317483  0.00450013 -0.1830141  -0.18550794
  -0.02123156]]","['bbo_main', 'random_fill', 'random_fill', 'random_fill']","[[0.09641898 0.16691344 0.29471772 0.1745844  0.2953141  0.40678027
  0.09152092 0.15318346 0.22908063 0.04277018 0.07357222 0.10627249
  1.        ]
 [0.08987059 0.151658   0.21308786 0.16684405 0.28866155 0.43373253
  0.09056281 0.14923512 0.20525719 0.04327044 0.07236822 0.10028047
  0.54039398]
 [0.07963125 0.13489686 0.19216918 0.16931407 0.29077514 0.41507426
  0.09080191 0.15376161 0.2326688  0.05241873 0.09049549 0.24702597
  1.00000001]
 [0.09741436 0.16545742 0.31324808 0.16170339 0.27033115 0.37538079
  0.08745388 0.14549201 0.20482669 0.0462926  0.07830329 0.11110802
  0.89033723]]",[ 0.33220687 -0.1428698   0.29559745 -0.1997555 ],4,0.0311238568492731,0.9048370545999048,0.9289558101133676,0.01546230869611621,0.02678899398212345,19.07821526099724,0.02135425665287527
152,"[[ 0.29144838  0.2578347  -0.2277219  -0.08329633 -0.07031053 -0.11024352
  -0.42111394 -0.1257554  -0.22035139 -0.0382104   0.44035868 -0.57908238
   0.01637239]
 [ 0.66131296  0.18733583  0.34689756  0.13030611 -0.33881964  0.29608921
  -0.12234513 -0.15828061 -0.00859558  0.1466559  -0.13593754  0.32392549
  -0.0526843 ]
 [ 0.13429822 -0.3802455   0.01753995 -0.17945505  0.33544564 -0.39009529
  -0.44417271  0.1971352  -0.04232428 -0.12086751  0.32101705 -0.42952794
   0.00832344]
 [ 0.30223566  0.12974411 -0.0247651   0.55800371 -0.41620257 -0.13880807
  -0.51199406  0.04745209  0.0066297   0.2806387  -0.21003987  0.0049979
   0.00360376]]","['bbo_main', 'random_fill', 'random_fill', 'random_fill']","[[0.10306472 0.17278126 0.23300084 0.16108325 0.27024887 0.39246495
  0.0855437  0.14322417 0.20320249 0.04836578 0.07874319 0.10607617
  1.00000054]
 [0.09214151 0.15781293 0.36784026 0.16131571 0.2734697  0.39401057
  0.09070974 0.15363819 0.2169147  0.04877099 0.08402526 0.12780509
  1.00000004]
 [0.08253003 0.13787668 0.24713514 0.16120413 0.2693812  0.36598202
  0.09191642 0.16681976 0.2426409  0.0470585  0.07723139 0.10351583
  1.00000004]
 [0.10240053 0.17105366 0.23302524 0.15909505 0.25547025 0.35204613
  0.08793203 0.15685293 0.24182789 0.05016555 0.08401555 0.12382666
  1.00000003]]",[-0.16519612  0.21029211 -0.15358769 -0.05436721],4,0.02938055707452597,0.920338591332829,0.9424124242892724,0.015325222234401505,0.028684728086324413,21.677997976999904,0.02077869509529806
153,"[[-4.89026418e-01  1.22517084e-01 -5.37379447e-03 -3.81347055e-01
   1.36544045e-01  3.49295698e-02 -2.21977506e-01 -4.32766029e-02
   6.93445898e-02 -4.71972136e-01  5.48092962e-01  1.46017056e-03
   3.74519344e-02]
 [-9.08549213e-02  1.55053883e-01  2.04070837e-01  1.12367832e-01
  -5.04313919e-01  5.84566618e-02 -1.13281013e-01 -2.60003617e-02
  -7.10234629e-01 -2.18547405e-02  3.11579372e-01  1.99235916e-01
  -2.20547002e-02]
 [ 2.81354669e-02  2.31770826e-01 -7.68105729e-01  2.03968065e-01
  -1.23278270e-01 -1.17525619e-02  4.21934941e-04  8.96826936e-02
  -2.69531725e-01  2.19759412e-01 -2.23225698e-01 -3.45826381e-01
  -1.24632086e-02]
 [ 7.77017721e-01 -1.70228424e-01 -1.76572597e-01  3.25046627e-01
  -9.37402606e-02  1.65696079e-02 -2.58883669e-01 -1.32658123e-01
   9.20602917e-03  1.36390804e-01 -1.38042532e-01 -3.07745745e-01
   6.55854109e-02]]","['bbo_main', 'random_fill', 'random_fill', 'random_fill']","[[0.08150328 0.1403966  0.19953185 0.15971812 0.27321674 0.38823921
  0.09086559 0.15248874 0.26269712 0.05147785 0.10889116 0.15556772
  1.00000018]
 [0.09188084 0.15776349 0.29917093 0.15919166 0.26652177 0.37644519
  0.08834607 0.14352696 0.19721123 0.05277108 0.09612495 0.14965365
  1.00000012]
 [0.08038918 0.13114043 0.17746286 0.17512947 0.2987453  0.4391517
  0.09203459 0.15576603 0.21797296 0.04598543 0.07571406 0.1059434
  0.83686454]
 [0.09573922 0.15296848 0.20689941 0.17567364 0.29441949 0.43360164
  0.08643015 0.14808526 0.22031725 0.04297206 0.0714065  0.0980805
  1.00000022]]",[ 0.03074337 -0.13459781 -0.20852898  0.03992011],4,0.031102242128072877,0.909634680588716,0.9331451929865192,0.01542525753625706,0.02626854199163614,19.824008283001604,0.021319750144792815
154,"[[-0.15836433 -0.62367204  0.18792806 -0.06096691 -0.22312074  0.11339234
   0.41466249  0.27328055  0.15480889  0.37343997  0.17296032  0.16965738
   0.1246193 ]
 [-0.0665229   0.08425453  0.00816158 -0.62186857  0.59190686 -0.28610865
  -0.02038558 -0.07113509 -0.02470365 -0.37366364  0.13948296 -0.06561167
  -0.00243331]
 [ 0.04852122  0.40908026  0.17324705 -0.55574544  0.0421489   0.12629797
  -0.01763157  0.02589808  0.16618739 -0.36690497 -0.52671143  0.17818252
  -0.03620452]
 [ 0.02208577  0.17342571 -0.37888261 -0.34276262 -0.30767615 -0.47699881
   0.1576116   0.31182598 -0.43235723  0.0770749   0.2667627   0.00755026
  -0.00595752]]","['bbo_main', 'random_fill', 'random_fill', 'random_fill']","[[0.08047934 0.13599097 0.31199087 0.15946053 0.26871413 0.37741475
  0.10139744 0.17702198 0.25471902 0.05217019 0.08888611 0.12952365
  1.00000001]
 [0.09208713 0.15741418 0.24300398 0.15625849 0.28799589 0.39519287
  0.09173328 0.15352245 0.2205945  0.04479836 0.0789707  0.11281821
  1.00000025]
 [0.09241556 0.15795288 0.24568172 0.16053013 0.27295669 0.38404276
  0.09287232 0.16029375 0.23834889 0.04386124 0.07509279 0.11806347
  0.27574005]
 [0.08885901 0.15138651 0.21133105 0.15104305 0.24806948 0.34536313
  0.09806613 0.16567749 0.2286149  0.05660772 0.10178988 0.1656491
  1.00000069]]",[ 0.24549674 -0.06445366  0.07999098 -0.34960206],4,0.028216904991515357,0.9187289565374818,0.941026386604194,0.015348539528529818,0.029350999560649828,19.219625290003023,0.021012624220507536
155,"[[-1.78964547e-01 -1.50714572e-01 -6.48966798e-03 -1.85729225e-01
  -4.88449857e-01  4.57522687e-02 -9.63848569e-02  2.89685775e-01
  -7.19924791e-01  7.99384234e-02  8.02898455e-02 -2.13790295e-01
   5.66647095e-04]
 [-6.53048765e-02 -1.05257766e-01 -1.65609975e-01  1.10073939e-01
   4.93796331e-01 -3.28519771e-01  3.86444766e-01  4.96087059e-01
  -3.87420185e-01  1.40963364e-01  1.61229549e-01  4.25009113e-02
  -1.20329472e-02]
 [-2.77616226e-01  2.23089448e-01  1.25631334e-01 -2.17342632e-01
   5.02641382e-01 -2.58716326e-01 -2.58385215e-03 -3.69597730e-01
   1.93768788e-02  5.73673722e-01 -2.19754602e-02 -1.51781147e-01
  -3.08250158e-02]
 [ 2.93913356e-01  1.96902345e-01  8.74828670e-02  3.52246827e-01
  -3.00687665e-01  1.37212832e-01  5.34356497e-01 -4.43142486e-01
   1.37631520e-01 -2.88757320e-01 -2.20182019e-01  3.37799497e-02
  -4.04137509e-03]]","['bbo_main', 'random_fill', 'random_fill', 'random_fill']","[[0.08698441 0.15097588 0.21560105 0.15512254 0.26042021 0.42671032
  0.08971627 0.14524462 0.19699902 0.05124112 0.08712437 0.12072908
  1.00000013]
 [0.07862384 0.1304937  0.18489836 0.170524   0.28792297 0.39194441
  0.10508812 0.17463661 0.23403329 0.05202979 0.09272634 0.15332364
  1.00000007]
 [0.08611573 0.14851748 0.24667413 0.16299263 0.2771122  0.38504951
  0.08975068 0.15136615 0.220249   0.05031011 0.08456224 0.11868706
  0.16852331]
 [0.0949309  0.1618039  0.22371096 0.16338222 0.27546304 0.4317934
  0.09267876 0.15578983 0.31980799 0.04307113 0.07435241 0.10651175
  1.00000003]]",[-0.29875979  0.03603752 -0.00365487  0.10855251],4,0.028555623111873984,0.9155141235668863,0.9382498759505629,0.015348200416889975,0.028078477176426263,19.954793672004598,0.021107264160294334
156,"[[ 0.35429125  0.45411756 -0.52626761 -0.28077416 -0.03985129 -0.16477113
   0.07018909 -0.44682314  0.03798545 -0.26419253  0.00085695 -0.03126651
   0.08324197]
 [-0.06540812  0.01745128 -0.37894555 -0.23483737 -0.28399136  0.22898853
   0.26929155 -0.05356438 -0.37486863  0.35919014  0.53230139 -0.11945912
  -0.14503687]
 [-0.13962141 -0.59458129  0.13725488  0.61196488  0.18501784 -0.22259958
  -0.01704583  0.31854514 -0.16211816 -0.07261789  0.11664766  0.01548072
   0.05189712]
 [ 0.21576197 -0.1191511   0.03512765  0.06957331  0.57032041 -0.05663052
   0.44200017 -0.45827905  0.09005108  0.42142366  0.0916012   0.06200401
   0.03710517]]","['bbo_main', 'random_fill', 'random_fill', 'random_fill']","[[0.10108331 0.16589496 0.21779651 0.15286235 0.25823362 0.36499681
  0.09004539 0.14955463 0.25015906 0.0492729  0.08640754 0.12343551
  1.00000004]
 [0.0850949  0.1458321  0.20562683 0.16205094 0.27564367 0.39565469
  0.09247854 0.15810936 0.22432548 0.05002092 0.0851788  0.11969475
  0.02477945]
 [0.07758871 0.1326428  0.32079687 0.17597428 0.29384798 0.40142621
  0.09193124 0.15936373 0.22560108 0.04694907 0.0816403  0.11625042
  1.00000003]
 [0.08029717 0.13528929 0.19381276 0.18487665 0.3186799  0.43805082
  0.08741623 0.14397005 0.23771598 0.05240553 0.08933094 0.12724335
  0.99999998]]",[-0.10138495 -0.12892064  0.09946489  0.2471471 ],4,0.028567007119708998,0.9257154345412206,0.9470211597183252,0.015262495240408534,0.025050219841255578,20.089762550996966,0.020781883900694242
157,"[[ 2.99152842e-01 -3.89874482e-01  8.55139906e-02 -5.33248580e-02
  -3.56655159e-01  1.05704548e-01  6.81033873e-01 -3.36105906e-01
  -1.37330210e-02 -1.48773072e-01 -1.46065423e-02  1.02020069e-01
  -1.59732386e-02]
 [ 5.85935418e-01 -3.46268683e-01  4.09940831e-02  9.56147771e-02
  -7.07482926e-02 -1.63295650e-04 -1.37181000e-01 -1.10765308e-01
   8.25839218e-02 -5.32525522e-01  4.23930382e-01  8.97189330e-02
   1.08129854e-01]
 [-2.35659403e-01  1.30613207e-01 -2.74184911e-01  2.75505830e-01
   2.31697206e-01  4.02858563e-01 -2.36396194e-02  1.74252209e-01
  -3.53916409e-01 -4.52703304e-01 -1.66697433e-01  4.11321570e-01
  -4.74568501e-02]
 [-1.51203480e-02  1.29301137e-01 -1.24342461e-03 -2.64949318e-01
  -5.73401285e-01  1.50618039e-01 -5.42263641e-01 -3.64064991e-01
  -1.81488938e-01 -2.67228164e-01 -1.70399450e-01 -2.85459736e-02
  -2.41853525e-02]]","['bbo_main', 'random_fill', 'random_fill', 'random_fill']","[[0.08695687 0.14769098 0.21224421 0.15666415 0.26428951 0.50651213
  0.09580983 0.15914259 0.22270348 0.04955272 0.08697698 0.14590639
  1.00000009]
 [0.08645028 0.14258097 0.20196312 0.16184456 0.27435139 0.38431038
  0.0904916  0.1526215  0.2303342  0.04978393 0.09930436 0.23946291
  1.00000017]
 [0.08198712 0.14024656 0.19848986 0.17131879 0.2949448  0.44403133
  0.09068532 0.15199219 0.21369946 0.04684976 0.08097117 0.24013816
  1.00000001]
 [0.09265013 0.15937045 0.22222848 0.15738637 0.26475726 0.42612056
  0.0881792  0.14752626 0.20900823 0.04924851 0.08462487 0.11990469
  0.5114818 ]]",[-0.0635192   0.14046849  0.20431301 -0.29323256],4,0.03322342347407053,0.92410047583152,0.9456404441923325,0.0151543202721027,0.028917506638286156,19.329296096999315,0.020884658282520924
158,"[[ 0.18706988  0.07194218  0.33563645  0.47048181  0.54992333 -0.10099718
  -0.01596434  0.22993847  0.30030487 -0.06281114  0.21265857  0.34434853
  -0.04640835]
 [ 0.01945467  0.57788575 -0.55472374 -0.2204775   0.22950723  0.13236713
   0.3583426   0.03915863 -0.11380059  0.23920255 -0.06348626  0.1117124
   0.15008255]
 [ 0.1766077   0.42111576 -0.0665165  -0.20587176 -0.23234632 -0.13490146
   0.44905512  0.28557773 -0.24435052 -0.41465201  0.38232127  0.1070382
  -0.00224965]
 [-0.2231981   0.46297128 -0.26649612 -0.30047649  0.35063946  0.03900431
  -0.50116881  0.35484606 -0.0565962  -0.2634191  -0.01395188 -0.01091251
   0.00849306]]","['bbo_main', 'random_fill', 'random_fill', 'random_fill']","[[0.08523415 0.14585367 0.24483758 0.16808181 0.2828311  0.39293314
  0.0919107  0.15962274 0.2358827  0.04743288 0.0819198  0.24640859
  1.00000005]
 [0.08279843 0.13826554 0.1903424  0.16571411 0.29215186 0.54026069
  0.0929273  0.15452091 0.21650409 0.04926798 0.08333902 0.12749411
  1.00000008]
 [0.09765163 0.16469459 0.22593713 0.15080099 0.25041691 0.35150199
  0.1003741  0.16840541 0.23051025 0.05117535 0.09488604 0.16696393
  1.00000001]
 [0.08326434 0.14255704 0.19637674 0.17501558 0.31071934 0.46840384
  0.08918993 0.15922498 0.22329015 0.04216694 0.07306923 0.10603514
  1.00000003]]",[0.46250046 0.26348427 0.00244562 0.06408659],4,0.029231281449306645,0.9349010273539713,0.9548110672573905,0.015036799536342153,0.02512487283952891,19.858062617997348,0.020529821772489822
159,"[[ 0.01254066 -0.42100874  0.15549624  0.29571732  0.12577966  0.15124657
   0.27715845  0.66541988  0.1532895  -0.03296442 -0.30166348  0.19010843
  -0.03071955]
 [ 0.35764178 -0.37306079  0.00652474  0.24398266 -0.38622017 -0.32925376
  -0.15675857 -0.53248566  0.08619984  0.23939157  0.20495046 -0.02098699
   0.02181123]
 [ 0.31829948  0.17145946  0.13018167 -0.35019255 -0.49135794 -0.41580541
   0.4209774  -0.15312627  0.06031826  0.21191205  0.15293343  0.18478613
   0.09289272]
 [-0.29529719  0.45281821  0.06859685 -0.1538481   0.26824119  0.02174611
   0.71112425 -0.01174223 -0.17499871 -0.20799238  0.01371886  0.16369693
  -0.01576065]]","['bbo_main', 'random_fill', 'random_fill', 'random_fill']","[[0.07978599 0.13460959 0.19545094 0.16746011 0.28315772 0.4030256
  0.10715965 0.18639526 0.26502729 0.0447675  0.07613015 0.14523421
  0.75636865]
 [0.08920687 0.15151968 0.2143077  0.15607468 0.25370302 0.35062758
  0.08932794 0.1496998  0.26095783 0.05756627 0.10101178 0.14081553
  1.00000024]
 [0.09584441 0.16253545 0.23644118 0.15105422 0.24783711 0.34459204
  0.09488522 0.16092238 0.23417065 0.05347711 0.09346022 0.1754485
  1.00000013]
 [0.08963532 0.15397878 0.21690146 0.16301879 0.28036751 0.39785347
  0.09421941 0.15582088 0.21670586 0.04688359 0.08094522 0.26424132
  1.00000007]]",[ 0.29510394 -0.21645697 -0.04843559  0.16301451],4,0.029874865114712934,0.9387021579765266,0.9579998566764899,0.014989474834176538,0.025230306343188957,19.727821684995433,0.020208004838680294
160,"[[ 4.61733031e-01  9.86056879e-02  1.47836290e-01 -7.48505240e-02
   1.71303796e-02  1.51293377e-01 -5.06909141e-01 -3.63969696e-01
  -2.22030968e-01  4.59970157e-01  2.75462678e-01 -2.62219560e-04
  -1.60422025e-02]
 [-2.49428761e-02 -1.63620388e-01  1.04034345e-01 -4.76113054e-01
   8.27136382e-02 -9.01833442e-02  1.25123152e-01 -2.80088335e-01
  -5.16204575e-01 -4.92113205e-01 -2.99459683e-01  1.57743316e-01
   5.30843790e-02]
 [ 1.69241197e-01  8.12815573e-02  1.29323657e-01  1.93815943e-03
   5.42515966e-01 -5.38125368e-01 -1.99208384e-01  1.13978844e-01
   2.06539159e-01 -1.89170649e-01 -4.78864256e-01  5.93246835e-02
  -1.30524763e-02]
 [-4.48386056e-01 -6.46805651e-01  1.11223426e-01  1.54573773e-01
  -5.75943878e-02  2.45450565e-01 -7.00217212e-02 -1.20714315e-01
  -1.81582878e-01  4.38489751e-02 -6.09414663e-02 -4.70906191e-01
  -3.04800766e-02]]","['bbo_main', 'random_fill', 'random_fill', 'random_fill']","[[0.0950328  0.16032432 0.26365488 0.16370229 0.28207463 0.44135339
  0.08481273 0.13857074 0.19423353 0.05425766 0.09176582 0.12607208
  1.00000002]
 [0.08823364 0.150334   0.22614383 0.16355855 0.28185729 0.3972486
  0.08897941 0.14359737 0.19969657 0.04710885 0.08177127 0.23468748
  1.00000011]
 [0.0887367  0.15112983 0.21990073 0.16208896 0.27310115 0.37860869
  0.09295034 0.16277117 0.3846093  0.04433901 0.07552898 0.10883045
  1.00000012]
 [0.07966947 0.13550472 0.19808521 0.17292099 0.29815338 0.54905049
  0.09086268 0.15259074 0.21516454 0.04554244 0.07694936 0.10801569
  0.99999999]]",[ 0.05562507 -0.18339207  0.02879824 -0.10490453],4,0.028825450470843866,0.9311113297008127,0.9516108500211323,0.015056774608105415,0.025050793854033748,19.442227389998152,0.020564174130116922
161,"[[ 0.32378861 -0.33775939 -0.11370498 -0.05100568 -0.16913806  0.06094204
  -0.1700758   0.04323717 -0.14365     0.36647709  0.20440432 -0.70960146
   0.0466491 ]
 [-0.22705369 -0.31548475  0.35850375  0.19055021  0.14351679  0.39602957
   0.14601564 -0.00704917 -0.23112293  0.0787177  -0.60730593  0.2288844
  -0.06672388]
 [-0.19010009  0.56073522  0.03795245  0.35916622 -0.10939474  0.13133404
   0.19628859  0.14333818 -0.12697415 -0.25501646 -0.58929743 -0.04019
   0.02576419]
 [-0.31411832  0.11794529 -0.62186246 -0.15783865 -0.02362475  0.001971
   0.00610082 -0.58193834  0.15122571 -0.22874542 -0.22504194 -0.06535123
   0.08020487]]","['bbo_main', 'random_fill', 'random_fill', 'random_fill']","[[0.08409232 0.13724856 0.19138511 0.16555038 0.28488398 0.49153767
  0.09095563 0.15493136 0.21768202 0.04662126 0.07568514 0.1011554
  1.00000003]
 [0.08349148 0.14337569 0.23356882 0.16911629 0.29046141 0.43752295
  0.09139829 0.15391956 0.21654075 0.04615197 0.07842364 0.11203027
  0.29547065]
 [0.09294522 0.16368572 0.22771177 0.16814808 0.2826848  0.50071864
  0.09205249 0.15550287 0.21849464 0.04179639 0.07055909 0.10106201
  1.00000005]
 [0.08090211 0.13404028 0.18543623 0.16779057 0.28864102 0.40892186
  0.0914408  0.15470947 0.34738253 0.04622889 0.07893909 0.11281674
  1.00000008]]",[-0.10017923  0.19087458  0.16006658 -0.14986359],4,0.02692341834514947,0.9430617600758898,0.9616287424081622,0.014988644613518296,0.025766135815353863,19.477146315999562,0.020416330375186004
162,"[[-0.45881297 -0.17151952 -0.2812019   0.04939762 -0.23601558 -0.30521112
  -0.180826    0.41125843 -0.34427587 -0.09068046 -0.43492952  0.10758623
  -0.01952064]
 [-0.48381942  0.39796201  0.11274669 -0.17492484  0.14917887  0.08116454
  -0.54779081 -0.1089745  -0.01675462 -0.3613515   0.27588006  0.12694884
  -0.01899501]
 [ 0.67494665 -0.02139177 -0.08811631 -0.03456408 -0.49473992 -0.17092464
   0.34450584  0.07141559 -0.21637257 -0.0183428   0.23811863 -0.18229085
  -0.01337855]
 [ 0.3972028  -0.33585826 -0.12891555 -0.43198897 -0.10818635 -0.0181496
  -0.25639174 -0.27785601 -0.42068146  0.15465278  0.31223257 -0.26759847
   0.03510853]]","['bbo_main', 'random_fill', 'random_fill', 'random_fill']","[[0.08159171 0.13909608 0.19722361 0.15928443 0.26453732 0.36902341
  0.09737164 0.17082821 0.23844258 0.04901374 0.08396757 0.15490362
  0.43760937]
 [0.08827818 0.15399967 0.25038144 0.16491367 0.28190653 0.40175832
  0.08618342 0.14389419 0.20513497 0.04921884 0.086916   0.22034647
  0.99999988]
 [0.10145666 0.17028952 0.23935052 0.15099707 0.24733936 0.34802483
  0.09876175 0.16644943 0.23150746 0.05020799 0.08591196 0.12056117
  0.99999889]
 [0.08733294 0.14440173 0.20183199 0.1602716  0.28058212 0.41656221
  0.08596856 0.13920921 0.19163437 0.05742137 0.0962466  0.12974939
  1.00000048]]",[-0.34623368  0.04146309 -0.16332963 -0.24899933],4,0.028380695868869155,0.9354433217491056,0.9552673325294242,0.014914901554877184,0.02504169152860012,22.96806748700328,0.020583211103773494
163,"[[-0.4223417  -0.19244148  0.08403178  0.21519759 -0.02624808  0.10825818
   0.53482482 -0.19770552  0.09285783  0.58731818 -0.15382197 -0.12813508
  -0.00659873]
 [ 0.56549739  0.51237004  0.13818359 -0.13037574  0.2610867  -0.29119457
   0.40392975  0.22194351  0.09817293 -0.07807273  0.00585628  0.02105891
   0.00270975]
 [-0.3822211  -0.03230725 -0.15173391 -0.29735466 -0.35643827 -0.39262804
   0.22577115  0.11136054 -0.4736549   0.21638882  0.24961507 -0.25118006
  -0.01641075]
 [-0.17669762  0.13054284 -0.18306638 -0.3177687   0.23231059 -0.02112138
   0.57225387  0.41967144 -0.48882586 -0.00502951 -0.13321439 -0.04689846
  -0.01765736]]","['bbo_main', 'random_fill', 'random_fill', 'random_fill']","[[0.07776128 0.13357018 0.19623907 0.17219865 0.29437118 0.52397375
  0.09631137 0.16103266 0.23582671 0.047616   0.07821873 0.10831576
  1.0000001 ]
 [0.10252752 0.1720751  0.28861311 0.15392792 0.25769569 0.36054954
  0.09963683 0.17134075 0.24727036 0.0471038  0.08007577 0.11343
  1.00000001]
 [0.08745455 0.15140565 0.22208125 0.15183738 0.25448062 0.35753003
  0.09418105 0.15771642 0.22014132 0.0561519  0.09532002 0.13183344
  0.64244037]
 [0.0828965  0.14175185 0.19960412 0.16399165 0.28680092 0.41466959
  0.10004135 0.16634115 0.22465234 0.04584372 0.07741182 0.11187726
  0.35637754]]",[ 0.08102576  0.23268854 -0.4214054  -0.03176734],4,0.03313228293895541,0.9414248668945246,0.9602699515597581,0.01492322340949792,0.025221493414143675,20.11587367199536,0.02040254021935775
164,"[[ 0.11095057  0.29273333 -0.25693388 -0.15896789  0.17849276 -0.32424569
  -0.43149403  0.08307608 -0.14021122  0.27189518 -0.30925543 -0.53979688
  -0.00468257]
 [-0.45388909 -0.36902133 -0.26044185  0.06114127  0.34849323 -0.2165459
  -0.41574113 -0.4563019  -0.03129125 -0.07525735 -0.06600729 -0.15958559
  -0.01951015]
 [ 0.07266521  0.42755828  0.11356102  0.33713796  0.74620267  0.1392596
   0.12121661  0.00320628  0.21305845 -0.15867863 -0.09664822  0.11903112
   0.01892266]
 [ 0.15362948 -0.02322829  0.02711017 -0.21523809 -0.12834431  0.07783226
   0.70335743 -0.04886427 -0.01408876  0.14718185  0.33481767 -0.52442934
  -0.01328614]]","['bbo_main', 'random_fill', 'random_fill', 'random_fill']","[[0.10175533 0.17067471 0.23158392 0.16048268 0.26676073 0.3718117
  0.09013414 0.15645914 0.23410275 0.04197616 0.06957735 0.09637822
  1.00000022]
 [0.07702906 0.1313344  0.18757697 0.18165704 0.31019848 0.42467034
  0.08663894 0.14523571 0.21737844 0.04722457 0.08149075 0.11579199
  0.6999593 ]
 [0.08512797 0.1451752  0.20522281 0.18471721 0.3165138  0.4419013
  0.09030694 0.15172285 0.27827988 0.04405735 0.07498375 0.10777014
  1.00000018]
 [0.08858266 0.15065932 0.21263438 0.15498567 0.26384753 0.41883239
  0.11004134 0.18262551 0.24936317 0.04726793 0.07671999 0.10292545
  0.88532885]]",[-0.2222343  -0.25519331  0.53979534  0.0131162 ],4,0.028316186871341742,0.9485374621303552,0.966138665286947,0.014778590581936786,0.025323666160234626,19.73652403799497,0.020083600447798416
165,"[[-0.23513832  0.05519732  0.13400713 -0.33475304 -0.23383716  0.07328203
  -0.29094831  0.29448813  0.12052075  0.21811564  0.71199933  0.07922866
   0.07001111]
 [-0.47210968 -0.42049037  0.04006554 -0.29589549 -0.13708582 -0.03014283
   0.38484196  0.05143829  0.07849919  0.45725947 -0.35335128  0.0154035
  -0.01865029]
 [-0.43523177  0.19341605 -0.06669922  0.22132242  0.3878659  -0.13898263
   0.49130243  0.12387955 -0.1131471  -0.35253349  0.22568819 -0.32404178
  -0.01517984]
 [ 0.04902172 -0.46199248 -0.01386583  0.07937532 -0.09026808  0.08352684
  -0.37067969  0.42333518 -0.5877253  -0.27388558  0.14686879  0.06261505
   0.00072774]]","['bbo_main', 'random_fill', 'random_fill', 'random_fill']","[[0.08526253 0.14672502 0.2553031  0.15174888 0.25536563 0.36182091
  0.09627544 0.1679082  0.24448883 0.06087691 0.10642175 0.14663223
  1.00000007]
 [0.07956169 0.13512007 0.19739076 0.15709258 0.26588186 0.37447743
  0.10621234 0.1839656  0.28461533 0.04957858 0.08306523 0.11829387
  0.62563542]
 [0.07881214 0.13691069 0.20132932 0.1840126  0.31126513 0.42642184
  0.09968136 0.16719852 0.23375461 0.04238907 0.071836   0.10154117
  0.85050382]
 [0.07968334 0.13398251 0.19153881 0.17436581 0.29701402 0.46857017
  0.08701808 0.14134002 0.19252494 0.04932506 0.09009039 0.13714556
  1.00000001]]",[ 0.15984616 -0.12453655  0.07963308 -0.11101715],4,0.027956544196358707,0.9485374621303552,0.966138665286947,0.014819330762286882,0.027654898446094048,19.711577920003037,0.020074535255631624
