iteration,batch_directions,batch_sources,batch_points,batch_support_values,batch_size_applied,best_gap,ci_lower,ci_upper,mean_gap,max_gap
0,"[[ 0.24943039  0.29629405  0.36757162  0.25744873  0.3459927   0.35100423
   0.38380633  0.38600285 -0.33073428]
 [ 0.1802394  -0.28141356  0.27498271  0.46291733  0.40604782  0.28400324
   0.36375827  0.21433589 -0.41787509]
 [ 0.2059792  -0.16568171  0.48469831  0.42439834  0.2633512   0.31356588
   0.37656823  0.18255142 -0.41505382]
 [ 0.02562896  0.52995486  0.31377448  0.26236978  0.31671115  0.47445169
   0.21287484  0.36330545 -0.22018576]]","['bbo_main', 'random_fill', 'random_fill', 'random_fill']","[[1.00000000e+00 5.14796829e-01 4.21827615e-01 1.14266443e-01
  1.99345788e-01 1.41605652e-01 7.22361299e-02 4.53325906e-01
  1.00000000e+00]
 [9.99999999e-01 1.78899872e-01 8.06009273e-02 4.87104073e-01
  1.20734823e-01 1.09081297e-01 5.13006927e-04 4.78453452e-02
  3.76972732e-01]
 [1.00000000e+00 1.39997228e-01 9.54411869e-01 3.00825609e-01
  1.12888173e-01 1.39141893e-01 1.03605603e-03 4.48883012e-02
  9.86898019e-01]
 [1.35831276e-03 8.19319090e-01 1.08145825e-01 1.36279298e-01
  1.77684547e-01 7.27824333e-01 5.45819567e-03 4.37484712e-02
  1.00000000e+00]]",[0.5770831  0.31046496 0.44538409 0.70238829],4,2.259166400774132,0.0012531266575342055,0.006173289325202822,0.7696564160029407,2.0351125205899807
1,"[[-0.22126991 -0.49331465 -0.05273945 -0.14658885 -0.10758389  0.46416949
   0.10771979  0.49663544 -0.4451209 ]
 [-0.12289519 -0.4821516  -0.00475277 -0.10250382  0.15727074  0.48292003
  -0.05169671  0.48544969 -0.49559782]
 [ 0.35036952 -0.44261657 -0.16082954  0.06416037 -0.23351846  0.50069361
   0.57765572 -0.00381759  0.11146033]
 [-0.04245322 -0.53022177 -0.08476709 -0.12494897 -0.42995334  0.20061679
   0.44097353  0.4071183  -0.33008327]]","['bbo_main', 'random_fill', 'random_fill', 'random_fill']","[[1.75074631e-09 2.31222752e-01 7.24273794e-02 3.17377997e-01
  5.44225130e-02 2.88111780e-01 6.88508433e-07 7.57539914e-01
  9.99999982e-01]
 [1.31249098e-09 2.57086071e-01 8.25533585e-02 3.16960614e-01
  1.02856558e-01 2.52979979e-01 1.17696511e-07 7.06239569e-02
  2.11434602e-01]
 [1.00000000e+00 2.29885018e-01 3.18108302e-02 2.88179430e-01
  9.68362273e-03 3.33680346e-01 5.71859872e-01 5.70878296e-02
  1.00000000e+00]
 [6.21763505e-02 2.14893171e-01 5.37941361e-02 2.98965020e-01
  3.88476670e-03 1.23365092e-01 6.72986624e-01 2.45084981e-01
  9.99999994e-01]]",[-0.10543136 -0.08899322  0.86838302 -0.06895253],4,0.9679256485254486,0.002573531490308808,0.008851453729749386,0.4264744155206477,0.9255241667213158
2,"[[ 0.28226019 -0.64251432 -0.13371074 -0.34481027  0.44290064 -0.07790294
   0.00689869  0.38932135  0.12993579]
 [ 0.25995272  0.66336542 -0.23716593  0.61027088 -0.2292102   0.08078934
  -0.00089006 -0.06584325  0.01709735]
 [ 0.25638304 -0.39192424 -0.04406074 -0.33601882  0.65845427 -0.10687435
  -0.0749803   0.46325073 -0.02461091]
 [-0.49597035 -0.19966729  0.4971783  -0.30600818  0.55449903 -0.11049741
   0.04866413 -0.17280552  0.14632267]]","['bbo_main', 'random_fill', 'random_fill', 'random_fill']","[[1.00000000e+00 2.44210944e-01 4.90695776e-02 2.39166475e-01
  1.45282407e-01 7.59672131e-02 3.00890228e-04 7.58216714e-01
  1.00000000e+00]
 [1.00000000e+00 9.92932636e-01 1.91608055e-11 3.05666727e-01
  1.37302402e-01 3.28905103e-02 1.27095523e-08 4.81364988e-02
  1.00000000e+00]
 [9.99999999e-01 3.67144736e-01 6.99415635e-02 2.12191035e-01
  8.36513878e-01 2.59770520e-02 1.45915659e-07 8.35213220e-02
  1.00000000e+00]
 [3.51228106e-11 2.87403355e-01 9.54411868e-01 1.74330498e-01
  3.75387700e-01 4.82199914e-02 6.95279389e-03 5.32696358e-02
  1.00000000e+00]]",[0.51987839 1.09028337 0.6002185  0.70406093],4,0.8927619598502738,0.0022288860865596785,0.008196812805202274,0.38822831250033757,0.8480296731870581
3,"[[-1.81471429e-01  4.44507907e-01  6.34818422e-01 -1.42565914e-01
  -1.78278648e-01 -1.78454377e-01  3.40506391e-02  7.50720753e-02
  -5.25106531e-01]
 [-1.44725732e-01  5.29229711e-01  5.43152502e-01 -5.80982137e-04
  -3.17271069e-02 -1.24263553e-02 -2.64697812e-01  7.82198025e-02
  -5.71498998e-01]
 [-2.19611505e-01  5.54590633e-01  3.84962154e-01  5.90409913e-01
  -5.05147845e-02 -1.04990847e-01 -2.71595773e-01 -1.96579971e-01
  -1.46415576e-01]
 [-3.21759300e-01  1.87133670e-01  6.47445536e-01  1.83914137e-01
  -9.30568133e-02  1.14498084e-01  1.65844642e-01  1.33655391e-01
  -5.84212478e-01]]","['bbo_main', 'random_fill', 'random_fill', 'random_fill']","[[1.51064452e-09 5.14202834e-01 7.21092425e-01 1.08005431e-01
  1.58696847e-01 2.32254755e-02 1.35235483e-02 6.31841894e-02
  5.69596162e-01]
 [1.36735638e-12 6.32456156e-01 3.41114831e-01 1.29744112e-01
  1.61745651e-01 3.80110011e-02 1.68592559e-10 6.12276171e-02
  2.43010410e-01]
 [7.48108277e-12 9.37916860e-01 3.56201527e-01 3.03353255e-01
  1.44158064e-01 8.18717633e-03 1.79785822e-09 5.25263723e-02
  1.00000000e+00]
 [5.64707562e-10 3.23230346e-01 7.77306369e-01 2.36996569e-01
  1.20072413e-01 5.11933933e-02 1.30089220e-02 4.95700508e-02
  5.39226760e-01]]",[0.34460033 0.38022153 0.67150388 0.29578559],4,0.8132183683090005,0.002573531490308808,0.008851453729749386,0.35162608309448407,0.693266645319796
4,"[[-0.10689018 -0.5674478  -0.12050391 -0.24832733  0.55806142 -0.0134649
   0.52517295 -0.02852487 -0.04642938]
 [-0.14722354  0.25486835 -0.11013493 -0.07933084  0.58579962  0.41116637
   0.25699038 -0.20429254 -0.52435274]
 [-0.25870052 -0.26117942  0.40528052  0.37473644 -0.46885542 -0.03547655
  -0.09317098  0.55605917  0.14564694]
 [ 0.26291237  0.12528361 -0.20898445  0.74212676 -0.3021376   0.06257748
  -0.05858348  0.45443379 -0.12493718]]","['bbo_main', 'random_fill', 'random_fill', 'random_fill']","[[5.63827890e-10 3.32473494e-01 5.39059143e-02 2.77965184e-01
  4.09081208e-01 2.82773738e-02 6.59158252e-01 5.62321648e-02
  1.00000000e+00]
 [4.44828862e-10 6.02266951e-01 2.26550076e-02 1.94531286e-01
  3.52036567e-01 1.82655849e-01 1.95998452e-02 4.76711555e-02
  3.32516883e-01]
 [2.25141482e-10 2.06698991e-01 4.33699065e-01 3.81015266e-01
  6.72310719e-02 5.10776452e-02 5.11413750e-08 6.92180651e-01
  1.00000000e+00]
 [9.99999999e-01 2.21239893e-01 2.38689244e-10 6.55124852e-01
  7.86392069e-02 2.65150017e-02 2.99743621e-08 4.53170127e-01
  1.00000000e+00]]",[0.2618668  0.23783815 0.76177119 0.83571381],4,0.8055122539853246,0.009526959248201466,0.019876285103336635,0.3395424350012861,0.659423223692455
5,"[[-0.10601441 -0.17609834  0.58177479 -0.38149348 -0.15828494  0.62109214
   0.17814401 -0.09117263 -0.15130706]
 [ 0.14504522  0.47699766 -0.0895476   0.73545757 -0.16830439  0.08203635
   0.39891272  0.02559217  0.08761198]
 [ 0.05320466 -0.32170798  0.64516587 -0.28548379 -0.01366775  0.60859191
   0.06736469 -0.02276898  0.14249878]
 [ 0.39651532  0.36635196 -0.03995648 -0.58788028 -0.07052689  0.46257413
  -0.01924066 -0.21504777 -0.3095117 ]]","['bbo_main', 'random_fill', 'random_fill', 'random_fill']","[[2.09450182e-10 2.70839997e-01 8.37895539e-01 1.74268501e-01
  7.03129517e-02 5.50927465e-01 3.23311954e-08 2.98870049e-02
  1.00000000e+00]
 [1.00000000e+00 3.68575210e-01 1.65053963e-12 6.66860440e-01
  9.29172018e-02 1.70564372e-03 3.24794428e-01 4.50263588e-02
  1.00000000e+00]
 [3.17402961e-01 2.11860983e-01 9.54411867e-01 1.81254519e-01
  8.32341326e-02 4.23114071e-01 9.78101711e-09 3.27003518e-02
  1.00000000e+00]
 [1.00000000e+00 8.03677132e-01 3.81578695e-02 5.42784690e-02
  1.50624603e-01 5.66243183e-01 4.29452650e-09 4.03191600e-02
  1.00000000e+00]]",[0.55030503 1.01413277 0.91085909 0.59063423],4,0.7456872757334252,0.006708289504504065,0.015704276850168678,0.31721710757540555,0.6540042939233932
6,"[[ 0.45657901  0.20167918 -0.10538268 -0.47948527 -0.03154945 -0.19022825
   0.45728705  0.02341916 -0.51284248]
 [ 0.4345863   0.32313233  0.01792647 -0.2830027  -0.02308295 -0.11986025
   0.61692143  0.00897418 -0.48035037]
 [ 0.4069801   0.2351822  -0.12122185 -0.20321912 -0.21350084 -0.47274818
   0.45284013  0.20244522 -0.45600666]
 [-0.09276699 -0.59804261  0.41059095 -0.16541588 -0.04288376 -0.10224902
   0.64866935  0.04586555 -0.0512106 ]]","['bbo_main', 'random_fill', 'random_fill', 'random_fill']","[[1.00000000e+00 5.81967422e-01 7.02439527e-02 1.39192878e-01
  1.17502979e-01 7.94495522e-03 4.31728436e-01 4.55405184e-02
  5.73825221e-01]
 [1.00000000e+00 5.91038144e-01 4.92544618e-02 1.16923891e-01
  9.55333059e-02 1.07640528e-10 8.11538798e-01 4.50144744e-02
  1.00000000e+00]
 [9.99999999e-01 5.47858867e-01 2.05379935e-02 1.65150212e-01
  1.02623029e-01 1.44530258e-10 6.17936327e-01 4.56430539e-02
  7.35990251e-01]
 [1.39936599e-09 2.70840831e-01 6.18789713e-01 2.07819511e-01
  5.58864111e-02 2.47274236e-02 6.70285315e-01 5.08602400e-02
  1.00000000e+00]]",[0.39879618 0.61186709 0.43131544 0.43870915],4,0.7229532063771228,0.014962973439029201,0.027422235885236176,0.29861764261840823,0.6434424103636582
7,"[[ 0.07640659  0.58360673  0.00071775 -0.19529341 -0.12382302 -0.15528634
   0.07971878  0.55774047 -0.50847781]
 [ 0.27033492 -0.37405211  0.16547234 -0.48442816  0.13283605  0.03488667
   0.13628283 -0.32972853 -0.61546398]
 [ 0.40806128 -0.2046337  -0.0421109  -0.42425673  0.4220478   0.53181601
  -0.29156014  0.23226177 -0.09969197]
 [-0.17030378  0.55937561  0.45755681 -0.31201352 -0.20020018  0.01404186
   0.36108681  0.39637121  0.1536677 ]]","['bbo_main', 'random_fill', 'random_fill', 'random_fill']","[[2.75382783e-01 7.25138138e-01 5.01332516e-02 1.43042521e-01
  1.77962255e-01 7.85595604e-03 4.04784045e-03 8.41664089e-01
  9.99999999e-01]
 [9.99999999e-01 3.57544594e-01 1.85009270e-01 1.69591610e-01
  1.06460911e-01 1.17980784e-01 2.13004751e-07 5.35143979e-02
  2.22013280e-01]
 [1.00000000e+00 3.52700265e-01 8.43394646e-02 1.86062743e-01
  1.82674938e-01 8.20934698e-01 3.56030052e-08 5.19593128e-02
  1.00000000e+00]
 [1.18104594e-09 8.26388041e-01 3.59693934e-01 1.26768681e-02
  1.57645480e-01 1.90443065e-03 5.71202424e-01 6.12595776e-02
  1.00000000e+00]]",[ 0.35435653 -0.050975    0.67945689  0.97555536],4,0.6395298892708742,0.009118505830421869,0.019286095513680296,0.2886775112820869,0.573601078780994
8,"[[-0.18174972 -0.33588639 -0.07001082  0.67934283 -0.19034755  0.58556321
  -0.05698918  0.06334702  0.03690671]
 [ 0.06395407 -0.44733354  0.34912331 -0.48151421  0.28265999  0.02191108
  -0.03335435  0.59946805  0.03476111]
 [-0.30212001  0.04194155  0.50017423 -0.24784725  0.28927501 -0.27643055
   0.10597175  0.60964715  0.22884132]
 [-0.27757876 -0.23688405 -0.46063873  0.60540283 -0.02719648  0.52262838
  -0.07417625  0.09351832 -0.00273522]]","['bbo_main', 'random_fill', 'random_fill', 'random_fill']","[[1.05389161e-11 1.51828257e-01 3.91033447e-02 6.84422941e-01
  4.08349789e-02 6.69873939e-01 1.75758690e-09 3.36103580e-02
  1.00000000e+00]
 [3.33970570e-01 2.72447501e-01 4.76536439e-01 1.80357773e-01
  1.22558952e-01 7.26241624e-02 4.76645067e-08 7.25137939e-01
  1.00000000e+00]
 [5.94952292e-11 4.53817413e-01 5.58497567e-01 1.34303152e-01
  1.39188407e-01 1.37418526e-02 7.48078851e-03 6.76371104e-01
  1.00000000e+00]
 [2.87156586e-10 1.70167582e-01 1.76570710e-10 6.45251243e-01
  6.67111967e-02 7.17121862e-01 9.00129373e-08 3.43575865e-02
  1.00000000e+00]]",[0.83473964 0.48470094 0.94354007 0.72377871],4,0.6392235410733672,0.014537937772140186,0.02684867643442838,0.26867729469765433,0.5922277801660929
9,"[[ 0.11180669  0.33987242 -0.16289541  0.74617368  0.5251281  -0.08709412
  -0.03933506 -0.03974531  0.0469477 ]
 [ 0.1417026   0.20802688 -0.36143514  0.75117117  0.44836976 -0.09497844
   0.07499832 -0.10996893 -0.11822623]
 [-0.11724968  0.25014945 -0.13278858 -0.43853319  0.10918192  0.6284372
   0.48513054  0.08662145  0.25303098]
 [ 0.10398508 -0.05610347  0.04301421 -0.24545295  0.01449597  0.57390771
   0.70497217 -0.30878732 -0.04501744]]","['bbo_main', 'random_fill', 'random_fill', 'random_fill']","[[3.38197379e-01 4.14645347e-01 4.24418486e-10 5.08298390e-01
  7.85179290e-01 9.59174271e-03 1.28037945e-07 5.52532875e-02
  1.00000000e+00]
 [1.00000000e+00 2.57606778e-01 3.35950469e-12 7.39357157e-01
  3.55113188e-01 8.74942615e-03 2.99940147e-09 4.73696164e-02
  1.00000000e+00]
 [5.49730440e-10 6.44677799e-01 4.91062943e-03 1.52368808e-01
  1.31019482e-01 8.67760261e-01 5.75745924e-02 4.68650847e-02
  1.00000000e+00]
 [2.75382781e-01 4.62593048e-01 7.30660101e-02 1.67670348e-01
  5.06575483e-02 1.59357046e-01 9.02622867e-01 4.79116958e-02
  1.00000000e+00]]",[1.01425409 0.78563111 0.93845443 0.63337293],4,0.6219845617414397,0.02100049049809648,0.03536489350919096,0.2590997053993318,0.53565965016888
10,"[[-0.25554039  0.44874508  0.02035179  0.67158258 -0.0403711  -0.03766027
   0.35175877  0.03193569 -0.39253963]
 [-0.14604463 -0.21637799 -0.30798926  0.52670166  0.43859085  0.19859402
  -0.09747801  0.55247472  0.11422662]
 [-0.09505504  0.30357517 -0.26309354  0.61819254 -0.14602888 -0.07638259
  -0.20922913  0.44919711 -0.41798663]
 [ 0.17725589  0.5435597   0.42682417 -0.17233486 -0.28166328 -0.22945296
  -0.22699053 -0.45235519  0.27039277]]","['bbo_main', 'random_fill', 'random_fill', 'random_fill']","[[6.92584109e-11 4.67427134e-01 3.15278985e-02 4.85722866e-01
  1.23906432e-01 3.18610539e-10 1.95141414e-01 4.95534068e-02
  3.65307522e-01]
 [1.20630181e-10 2.46365946e-01 7.54311381e-04 5.31193089e-01
  1.55428451e-01 7.09639759e-02 1.39367144e-08 7.92204880e-01
  1.00000000e+00]
 [1.11957170e-10 4.26641596e-01 3.16516964e-10 5.02303326e-01
  1.25484414e-01 8.39360494e-03 9.19389211e-09 8.09420349e-01
  9.99999985e-01]
 [1.00000000e+00 8.69927307e-01 5.12642596e-01 5.84295243e-02
  1.44919184e-01 2.18662909e-02 1.45489875e-09 4.52702192e-02
  1.00000000e+00]]",[0.4584256  0.86040209 0.36667514 1.06293097],4,0.5893532254045051,0.020129300106202428,0.03423892964021248,0.2528689079385606,0.5433219349718784
11,"[[-0.0048697  -0.19350378  0.31536947 -0.23475555  0.63301002  0.62738228
   0.01357849  0.11530907 -0.01318091]
 [-0.18295267 -0.11821526  0.36618661 -0.4774934   0.56886082  0.15180015
   0.07299105  0.07288521 -0.482882  ]
 [ 0.2031153   0.65093726  0.0284881  -0.15555459  0.54365017  0.09776919
   0.239511    0.36649421 -0.11497048]
 [-0.08603142 -0.00929122  0.40973232  0.01491568  0.55328285 -0.30547206
  -0.02375272  0.43920679 -0.48115208]]","['bbo_main', 'random_fill', 'random_fill', 'random_fill']","[[1.05573772e-01 3.61759380e-01 3.71493927e-01 1.42624985e-01
  2.03568052e-01 8.14388489e-01 3.89595503e-09 4.53115801e-02
  1.00000000e+00]
 [2.74837007e-10 4.54908817e-01 3.93603526e-01 1.08691448e-01
  2.72312633e-01 1.00380325e-01 7.27303687e-03 5.87084569e-02
  3.39702137e-01]
 [1.00000000e+00 8.79893678e-01 1.97189931e-02 1.06222456e-01
  5.66135440e-01 5.38631897e-02 3.38473630e-03 7.26557486e-02
  1.00000000e+00]
 [1.60350335e-09 4.29250983e-01 4.87327856e-01 1.91199415e-01
  2.78314523e-01 3.01348175e-09 2.32386079e-03 8.09560846e-02
  4.11709356e-01]]",[0.64499736 0.04937526 0.98542314 0.18993068],4,0.5983371710739084,0.02187416184511273,0.03648837317071654,0.24040657955860606,0.5257763699031963
12,"[[-0.36760412 -0.02546089 -0.02777374 -0.42017082  0.32473011  0.28049751
   0.45014942  0.54707063  0.02923653]
 [ 0.01624245  0.35782725 -0.3118938  -0.29276906  0.1153317   0.28189096
   0.47568643  0.26837869 -0.54556004]
 [ 0.31185177  0.01194809 -0.51354503  0.61829801 -0.27353548  0.37956397
  -0.05334367 -0.03717986  0.18293833]
 [ 0.17071441  0.07237725 -0.31910872 -0.26432836 -0.14759361  0.49472889
  -0.14521724  0.68533256  0.19133465]]","['bbo_main', 'random_fill', 'random_fill', 'random_fill']","[[2.03881090e-10 5.16153059e-01 8.46425510e-02 1.79887167e-01
  1.86186636e-01 9.99150732e-02 5.23707104e-02 8.90547556e-01
  1.00000000e+00]
 [1.30231586e-01 6.70289102e-01 2.92360953e-09 1.61018326e-01
  1.54457498e-01 6.65711120e-02 1.05073093e-01 6.16122934e-02
  1.98774132e-01]
 [9.99999999e-01 1.59107587e-01 6.74634223e-11 7.13690230e-01
  4.41255763e-02 4.28528248e-01 5.29012507e-08 3.37701551e-02
  1.00000000e+00]
 [9.99999998e-01 4.18029439e-01 2.27983702e-10 1.97648498e-01
  9.21129442e-02 1.63013569e-01 6.93500534e-08 7.93147018e-01
  1.00000000e+00]]",[0.53741402 0.18947549 1.08729278 0.95068249],4,0.5435325952053508,0.0227501891161872,0.03760949398578193,0.23168246206527796,0.464168950556484
13,"[[-0.19222886  0.62831761  0.4954237  -0.41819807  0.32762145  0.05948485
  -0.12402769 -0.14712822 -0.00519028]
 [-0.02341495 -0.70871033 -0.05496724  0.2034311  -0.04075529 -0.12079865
   0.45850797 -0.35297693  0.3189047 ]
 [ 0.05583374  0.41555982  0.44653675  0.62053925 -0.30172559  0.33639042
  -0.16633186 -0.07422904 -0.0485337 ]
 [ 0.17415448  0.41746245  0.3995605   0.62368358 -0.23268086 -0.38363418
   0.13816155  0.14374542  0.07548907]]","['bbo_main', 'random_fill', 'random_fill', 'random_fill']","[[1.82541724e-11 9.90364861e-01 4.92703588e-01 2.15830546e-03
  2.51820348e-01 8.74881158e-02 5.17104082e-09 4.48882993e-02
  1.00000000e+00]
 [1.43886363e-01 1.79231357e-01 5.55535945e-02 5.57056164e-01
  4.16513202e-02 3.06259096e-02 7.11824790e-01 4.81915614e-02
  1.00000000e+00]
 [1.46413030e-01 2.74763043e-01 8.08340161e-01 4.45707280e-01
  8.96309734e-02 3.14505860e-01 7.29159943e-08 2.33012030e-02
  1.00000000e+00]
 [9.99999995e-01 2.80455775e-01 7.37479085e-01 4.59072241e-01
  9.08724423e-02 1.01702534e-09 4.91043019e-07 5.73785289e-02
  1.00000000e+00]]",[0.94136946 0.60275117 0.78837718 0.93481032],4,0.4807274835876292,0.03251469095359842,0.04981349001853857,0.22122792711942707,0.4549130485825005
14,"[[ 0.11936149 -0.07246685  0.51702781 -0.39737122  0.04337141 -0.1265006
   0.47614783 -0.27128702 -0.48691155]
 [-0.01234932 -0.09192353 -0.23773303  0.36734411  0.00922836  0.57867312
   0.56500785 -0.15021892 -0.35098651]
 [-0.28415183 -0.21987288  0.51698681  0.59616039 -0.25872777 -0.34910581
   0.17464409 -0.1460946   0.08701702]
 [-0.02968179  0.19981245 -0.22585081  0.36529327  0.58958596 -0.0501164
   0.54882736 -0.30710515 -0.17058107]]","['bbo_main', 'random_fill', 'random_fill', 'random_fill']","[[9.99999999e-01 3.55245090e-01 7.60958640e-01 1.03867514e-01
  1.04414904e-01 1.16635414e-03 4.08663749e-01 5.33771566e-02
  1.00000000e+00]
 [2.34191379e-02 3.34472343e-01 3.37209016e-11 3.63288732e-01
  4.11876421e-02 4.70293243e-01 5.84784097e-01 3.55113970e-02
  1.00000000e+00]
 [1.34340558e-10 1.30084554e-01 9.54411869e-01 5.01426918e-01
  9.45054187e-02 4.71993498e-10 1.91818944e-07 5.93589622e-02
  1.00000000e+00]
 [1.07145915e-09 5.27920866e-01 2.08256440e-03 2.78632826e-01
  6.58319530e-01 8.17720469e-10 4.35823381e-01 4.71634059e-02
  1.00000000e+00]]",[0.14335417 0.34902965 0.817641   0.64906006],4,0.46842225470941967,0.03837125759183781,0.05693823992411016,0.21527781053765443,0.4401315494213044
15,"[[ 0.05022892 -0.33033188  0.00139189 -0.46864878  0.41610295 -0.01965321
   0.4111323   0.38005284 -0.42629384]
 [ 0.20633539 -0.62065382  0.22951305  0.0788624  -0.22426888  0.5950634
   0.03867331 -0.18603834 -0.26984468]
 [-0.2260076  -0.59060526 -0.13862046  0.39585252  0.58107643  0.03996765
   0.12973167  0.12799645  0.22744344]
 [-0.25200155  0.40020693  0.10648096  0.26118354 -0.4197702  -0.17893232
   0.44979102  0.52726998  0.09069293]]","['bbo_main', 'random_fill', 'random_fill', 'random_fill']","[[2.75382784e-01 4.10979062e-01 1.07486683e-01 1.73548507e-01
  2.26620853e-01 2.41842234e-02 2.88143498e-01 7.14813227e-02
  3.65760355e-01]
 [1.00000000e+00 1.38661753e-01 1.89082546e-01 3.39297650e-01
  2.26720051e-02 7.37816441e-01 1.17210641e-08 5.76280208e-02
  1.00000000e+00]
 [6.73307963e-11 2.01540552e-01 5.07231569e-02 5.65704399e-01
  7.59594277e-01 7.45136700e-02 2.03326192e-08 5.33020358e-02
  1.00000000e+00]
 [6.59990157e-11 5.77203933e-01 5.71682426e-02 2.36677040e-01
  1.29367953e-01 6.14625971e-03 3.19195633e-01 7.20703869e-01
  1.00000000e+00]]",[-0.11957829  0.34382642  0.77649971  0.85776969],4,0.5018850634859222,0.042454944414873325,0.06184160129326931,0.2074301367363391,0.45470899254092656
16,"[[ 0.29966255  0.52211313 -0.01542829  0.49696282 -0.19123219 -0.08479543
   0.1007085  -0.0904229  -0.57298485]
 [ 0.18741658  0.00227689 -0.12671283  0.01502321 -0.49914857  0.55058715
  -0.15283776 -0.22656401 -0.56709952]
 [-0.38743961 -0.70820049 -0.16002422 -0.38725946 -0.22449196 -0.15314298
  -0.27488131 -0.08908952  0.12417278]
 [ 0.19902426 -0.02029738  0.5460821  -0.4089354  -0.04037672 -0.15977935
  -0.21149978  0.39088549 -0.5194807 ]]","['bbo_main', 'random_fill', 'random_fill', 'random_fill']","[[9.99999992e-01 5.21451057e-01 3.02802631e-02 2.63177278e-01
  1.43260147e-01 1.79087511e-02 1.79933324e-07 5.73768472e-02
  1.78376687e-01]
 [1.00000000e+00 3.49846765e-01 2.75622222e-02 2.27908495e-01
  7.44877334e-02 2.47629081e-01 1.59881919e-08 5.03104957e-02
  2.77153188e-01]
 [1.53681040e-10 6.18582610e-02 9.90316884e-02 3.94127821e-01
  2.79663357e-03 1.60901485e-01 7.04510947e-08 1.38054246e-01
  1.00000000e+00]
 [1.00000000e+00 3.13467551e-01 8.15037051e-01 1.10808735e-01
  1.20741567e-01 1.89183437e-02 2.13988945e-08 7.55861230e-02
  7.27216158e-01]]",[ 0.56593131  0.11873352 -0.12568042  0.23629807],4,0.455128942179205,0.04154559805948689,0.06075382679856786,0.2007881040462076,0.3997000521580054
17,"[[-0.24274328 -0.52569703 -0.04580829  0.42273709 -0.23185976 -0.32164248
   0.02439003 -0.0442965  -0.56933593]
 [ 0.17582692  0.09081954  0.64042316 -0.50115997  0.44127433  0.15032827
   0.02814221 -0.28417853  0.02573954]
 [ 0.36507229 -0.07948945  0.37680624  0.38207252 -0.11791817 -0.29815784
   0.20807582  0.65293539 -0.00428226]
 [ 0.20063903 -0.40643017  0.43693539  0.30432375 -0.40903503 -0.26458801
  -0.05993869  0.50117074  0.13766547]]","['bbo_main', 'random_fill', 'random_fill', 'random_fill']","[[7.37180441e-10 2.22818639e-01 5.43799986e-02 5.15071920e-01
  1.04622434e-01 4.02704750e-02 1.61095646e-07 7.46453478e-02
  1.79488071e-01]
 [1.00000000e+00 3.29572866e-01 9.54411866e-01 7.59731959e-02
  2.23811386e-01 1.07822888e-01 7.26389273e-08 4.48882995e-02
  1.00000000e+00]
 [9.99999999e-01 3.14515560e-01 1.20685496e-01 3.17895052e-01
  9.70655225e-02 2.72620194e-02 1.53136498e-03 8.17729733e-01
  1.00000000e+00]
 [9.99999994e-01 1.30339138e-01 8.52595514e-01 2.89169472e-01
  7.81443636e-02 1.06292517e-02 2.44748994e-07 2.21525589e-01
  1.00000000e+00]]",[-0.0445921   0.90686561  1.01739251  0.822107  ],4,0.4574791348173513,0.04884719903875893,0.0694291801424882,0.19600650116841628,0.4001510970189386
18,"[[-0.05421774 -0.27892454 -0.15472211  0.68523611  0.08578682 -0.08599252
   0.44470405  0.45802277 -0.05893594]
 [-0.1496586   0.29039202  0.37709618  0.59248515  0.39245735 -0.01857228
   0.44581803 -0.01046893  0.21634133]
 [-0.03612998  0.42461298  0.43472829 -0.24709031 -0.0938566   0.55891954
  -0.06731498 -0.09627347 -0.4830695 ]
 [ 0.03472466  0.2888311   0.34739455  0.72179611  0.24375652  0.19779244
  -0.1669044   0.27537506  0.26733987]]","['bbo_main', 'random_fill', 'random_fill', 'random_fill']","[[1.89069977e-10 1.68186417e-01 3.94692331e-02 6.85046276e-01
  1.02104703e-01 1.50333824e-02 3.18824303e-01 3.41154626e-01
  1.00000000e+00]
 [2.82157039e-10 3.33656460e-01 4.79079189e-01 4.28627062e-01
  1.94327361e-01 3.45580295e-04 4.78827614e-01 4.69744985e-02
  1.00000000e+00]
 [2.07562951e-09 6.12354777e-01 5.90245302e-01 5.06945384e-02
  1.22779522e-01 6.17555812e-01 1.73749573e-07 2.16954317e-02
  9.99999998e-01]
 [1.07844755e-01 2.19868875e-01 1.77312034e-01 9.06814919e-01
  1.56939118e-01 8.41111348e-02 3.38258385e-08 4.48883014e-02
  1.00000000e+00]]",[0.66296994 1.0370836  0.35256613 1.11797502],4,0.435267915382868,0.05389913063634192,0.07536139132645138,0.19092362133317328,0.4362829856190674
19,"[[-0.14944507 -0.700089   -0.23650513 -0.55581668  0.24969823  0.18390325
  -0.14388284  0.06755875  0.03519421]
 [-0.07793806 -0.62328776  0.12915788 -0.61272397 -0.43097493 -0.10829803
   0.0182516   0.12458796  0.00157577]
 [ 0.00612323 -0.27055782  0.19577715 -0.47717308 -0.16280363  0.37968392
   0.24448486 -0.42463546 -0.49998511]
 [ 0.01666952 -0.49646465 -0.27817511 -0.38606657  0.03538043  0.41097351
   0.30420223 -0.47258846 -0.20195626]]","['bbo_main', 'random_fill', 'random_fill', 'random_fill']","[[3.75722343e-11 1.96084176e-01 6.98091630e-02 2.64583798e-01
  5.73401038e-01 2.78130104e-01 6.05165026e-09 9.44804184e-02
  1.00000000e+00]
 [2.40279216e-02 1.17138223e-01 8.67178320e-01 1.67540374e-01
  5.97466516e-02 1.40154227e-01 8.78290484e-09 1.12941502e-01
  1.00000000e+00]
 [2.55490696e-01 3.58666066e-01 3.34422542e-01 1.43884889e-01
  8.10223189e-02 1.92494494e-01 1.49926843e-02 5.13120352e-02
  2.21544121e-01]
 [2.75382781e-01 2.37913562e-01 2.52211201e-02 3.06022169e-01
  8.70660310e-02 9.34880486e-01 2.16210870e-02 4.78724809e-02
  1.00000000e+00]]",[-0.06494325 -0.09081741 -0.16765703 -0.06939751],4,0.4547360969584101,0.07151034707924969,0.09569534458888113,0.18463341665618693,0.3646430177358341
20,"[[ 0.0254153  -0.33323783  0.29703201 -0.13005387  0.11354913  0.52394542
   0.52988139  0.46304816 -0.023759  ]
 [ 0.02675448 -0.55120057  0.34708126 -0.25735534  0.58723188  0.11770731
   0.3265615   0.05174745  0.20186247]
 [ 0.2598719  -0.81637107  0.10535021 -0.03946845  0.15839562 -0.14828757
   0.37748375 -0.247173    0.05178423]
 [ 0.02692097 -0.71511298 -0.40471679 -0.48410335  0.04810772 -0.18885415
   0.15218217 -0.0010647  -0.16910399]]","['bbo_main', 'random_fill', 'random_fill', 'random_fill']","[[2.55202201e-01 2.29598392e-01 4.04845552e-01 1.87780842e-01
  3.67216701e-02 4.27372870e-01 4.76244398e-01 5.80007838e-02
  1.00000000e+00]
 [2.59479553e-01 2.49812051e-01 5.48626682e-01 1.99860394e-01
  6.76765117e-01 9.76497220e-02 1.73698678e-02 5.13961095e-02
  1.00000000e+00]
 [1.00000000e+00 1.48757605e-01 2.99829347e-01 3.23226414e-01
  6.70233082e-02 3.91799930e-02 5.43991642e-01 6.56115026e-02
  1.00000000e+00]
 [9.99999994e-01 1.68504544e-01 2.58588341e-10 2.41388422e-01
  5.85784936e-02 1.21064585e-01 3.93510195e-01 1.10912994e-01
  8.24278694e-01]]",[ 0.50934661  0.62733515  0.40298146 -0.3101029 ],4,0.41762920792448716,0.07711408010432307,0.10207428596933268,0.18105396639763185,0.36187724636179097
21,"[[ 0.04065889  0.64644228  0.3306157  -0.01229599 -0.40548148 -0.07398647
   0.39393174 -0.02662572 -0.38107862]
 [ 0.17399888  0.07362182 -0.17618595 -0.27367931 -0.25117238  0.63129797
   0.26648428  0.48545298 -0.30009866]
 [-0.18189075  0.26554514 -0.20557324 -0.2395531  -0.43865394  0.48641838
  -0.13335081  0.49291072 -0.32709625]
 [ 0.01758735  0.41320921  0.05332482 -0.50415294  0.41168793 -0.16159033
  -0.10435517 -0.45923231 -0.39313155]]","['bbo_main', 'random_fill', 'random_fill', 'random_fill']","[[1.35179495e-01 8.95302808e-01 2.66736728e-01 3.95230959e-02
  1.30607392e-01 3.17113975e-09 5.52040791e-01 4.52714083e-02
  1.00000000e+00]
 [9.99999999e-01 4.01190125e-01 3.47081303e-10 1.95788535e-01
  7.84032139e-02 8.53318018e-01 1.58205905e-02 5.93272941e-02
  1.00000000e+00]
 [2.16353357e-10 5.70814000e-01 4.64425579e-04 1.73661514e-01
  1.06492957e-01 2.96239704e-01 4.17666640e-08 7.54405603e-01
  1.00000000e+00]
 [1.19085547e-01 9.02356926e-01 1.18336591e-01 7.09101455e-02
  2.34022398e-01 1.86956378e-02 1.38942177e-06 5.06456807e-02
  4.61552326e-01]]",[0.45418272 0.40187505 0.25202149 0.23413141],4,0.37695795198518905,0.07571148722387995,0.10048121060272348,0.17609405481584545,0.36556184706485473
22,"[[ 1.08956111e-01  4.30345653e-02  5.46244485e-02  4.95783966e-01
  -2.41673533e-01  5.71896430e-01 -2.43766085e-01  5.23809785e-01
  -1.34984453e-01]
 [-1.19529205e-01  2.40858795e-01 -8.09247910e-02  5.13047975e-01
   5.25214987e-01  4.26195614e-01  2.64207551e-01 -2.53092734e-01
   2.58026584e-01]
 [ 1.90123744e-01 -3.87144018e-01 -8.38919064e-03  1.84310521e-01
   1.76010754e-01  5.02635128e-04  7.26614777e-01  2.33417583e-01
  -4.08042748e-01]
 [ 1.45278339e-01 -7.49851300e-02 -3.16798695e-01  2.78660848e-01
   5.23047862e-01  9.75810906e-02  4.66966284e-01  5.36341652e-01
  -8.02317924e-02]]","['bbo_main', 'random_fill', 'random_fill', 'random_fill']","[[3.38197383e-01 2.21426943e-01 3.41725446e-02 4.66678780e-01
  4.74666094e-02 3.89673300e-01 1.45244126e-09 5.95580288e-01
  1.00000000e+00]
 [3.04955442e-09 4.42232086e-01 2.79680504e-08 3.97520633e-01
  8.22092408e-01 2.14206116e-01 9.91334359e-03 3.76342474e-02
  1.00000000e+00]
 [9.99999989e-01 2.79914463e-01 4.18753462e-02 2.93912845e-01
  5.86916048e-02 4.24436205e-02 7.99165061e-01 5.74565876e-02
  9.99999999e-01]
 [9.99999999e-01 3.61328529e-01 4.41843358e-11 3.19069589e-01
  2.08505512e-01 2.05304442e-02 1.03987276e-01 6.97084267e-01
  1.00000000e+00]]",[0.66798387 1.08465241 0.33198192 0.66036011],4,0.3928753381667899,0.07758184876266852,0.10260507334465767,0.1722362087593931,0.3572909412003529
23,"[[-0.05864708  0.63758318 -0.13193321  0.40824642 -0.45184701  0.26908321
  -0.0878272  -0.13417467 -0.32200736]
 [ 0.03725639  0.37314322  0.56109434 -0.21719113  0.59017544  0.112548
   0.3326447  -0.02350469  0.15873933]
 [-0.15179193  0.04268829  0.40672201 -0.5594033  -0.18739052  0.23155898
  -0.13393096  0.51570084 -0.35236692]
 [-0.04197156  0.21602106  0.1893614   0.72727451  0.27102875  0.39419623
  -0.11443938  0.03444736 -0.37902124]]","['bbo_main', 'random_fill', 'random_fill', 'random_fill']","[[3.46323114e-10 9.99999998e-01 1.51609381e-10 2.39194617e-01
  9.18351359e-02 1.52440224e-01 4.32175482e-08 4.48882991e-02
  7.92380270e-01]
 [2.21079255e-01 5.88606503e-01 5.74283104e-01 7.30979513e-02
  6.22070679e-01 7.94884552e-02 2.27938508e-02 5.20383967e-02
  1.00000000e+00]
 [8.90106825e-10 4.49716826e-01 4.69499896e-01 9.90183785e-02
  1.04698761e-01 1.42748000e-01 1.24361847e-07 7.06834029e-01
  1.00000000e+00]
 [2.17239677e-10 2.37170475e-01 4.60400479e-02 8.28173108e-01
  1.36977640e-01 3.27494143e-01 1.86808922e-08 2.71569904e-02
  9.00089925e-01]]",[0.47358204 1.07539746 0.18034537 0.48826534],4,0.37923092131340314,0.09496515753006049,0.12216832396109305,0.16661976358346198,0.35270840279230775
24,"[[ 0.0801013  -0.07484117  0.38880995  0.4984905  -0.38325732  0.25589296
  -0.06281333  0.43969636 -0.42269474]
 [ 0.11564053  0.01427819  0.25645934 -0.58273331 -0.4708838  -0.08541535
   0.25742741  0.52969153  0.07214278]
 [-0.09892682  0.56734282 -0.25553086 -0.42134033  0.50861878 -0.14025685
  -0.23355231  0.29169919  0.08667041]
 [-0.26820821  0.08832079  0.43175299  0.38918021  0.18462338 -0.05274725
   0.4062712   0.53155852 -0.31291069]]","['bbo_main', 'random_fill', 'random_fill', 'random_fill']","[[3.00320356e-01 1.57948153e-01 4.69382931e-01 4.22173534e-01
  5.44526155e-02 1.41817031e-01 1.59699853e-07 5.71397051e-02
  4.53530217e-01]
 [9.99999983e-01 4.02319368e-01 3.04781691e-01 9.91689926e-02
  9.40760223e-02 5.58120597e-02 1.58610460e-02 7.16565299e-01
  1.00000000e+00]
 [1.30772149e-11 9.42886130e-01 4.75148226e-12 7.18519614e-02
  6.41534516e-01 6.10802891e-03 1.62388304e-09 9.17506442e-02
  1.00000000e+00]
 [1.63520266e-10 3.22736968e-01 5.92231676e-01 2.96076458e-01
  1.35632877e-01 4.07694260e-03 2.45918256e-02 6.37593290e-01
  1.00000000e+00]]",[0.25402517 0.54847829 0.94353936 0.46025364],4,0.36593337017722893,0.10536266033969234,0.13373903608127222,0.16389449546351398,0.33419087372791156
25,"[[-0.0165961   0.20183888  0.31233794  0.53628158 -0.32120528  0.43471268
   0.40126176  0.34287929  0.0557455 ]
 [ 0.02086191 -0.59482266 -0.08752194 -0.07209137  0.53905779 -0.13760258
   0.34984986  0.14411968 -0.4245119 ]
 [ 0.08097587 -0.05284203 -0.53210751 -0.10591988  0.49543977  0.46864275
  -0.17079412  0.44719835  0.04527259]
 [ 0.17354743  0.6205748  -0.32418986 -0.27463609 -0.36719648  0.25674228
  -0.19620136  0.37162656  0.16399098]]","['bbo_main', 'random_fill', 'random_fill', 'random_fill']","[[1.58693256e-09 2.68345884e-01 1.52692621e-01 4.56926896e-01
  4.12094686e-02 5.89855692e-01 3.25324327e-01 3.44251951e-02
  1.00000000e+00]
 [2.75382781e-01 2.57115348e-01 4.87856498e-02 3.75022271e-01
  8.73143463e-01 3.29386181e-02 4.26085351e-02 7.21606863e-02
  1.00000000e+00]
 [8.00203210e-01 4.25489882e-01 1.54072688e-11 1.96443467e-01
  2.28582531e-01 2.67762698e-01 8.03241699e-09 6.56592581e-01
  1.00000000e+00]
 [1.00000000e+00 9.69989963e-01 3.35206939e-11 6.00651383e-02
  1.40515690e-01 2.17215756e-01 1.57826659e-08 1.66166426e-01
  1.00000000e+00]]",[ 0.78816626 -0.11156189  0.59913977  0.98891714],4,0.36642899209897484,0.10536266033969234,0.13373903608127222,0.15893077151525112,0.32308119956782244
26,"[[ 0.11105956  0.15708529 -0.17989247 -0.3451535   0.62893353  0.47493189
   0.38401931 -0.03140835 -0.20475046]
 [ 0.18000757 -0.5877277  -0.29366352  0.45079031 -0.30022956 -0.40258888
   0.24510469 -0.10288361 -0.09922863]
 [ 0.2169787  -0.54685538  0.26953162  0.66285132 -0.1372972  -0.31079111
  -0.15321362  0.02683097  0.04705656]
 [ 0.13862467  0.41810056  0.63582603 -0.31228785 -0.48858618  0.10890309
   0.13052367 -0.15051537  0.11793659]]","['bbo_main', 'random_fill', 'random_fill', 'random_fill']","[[7.29991759e-01 5.49846578e-01 1.23148493e-10 1.66411603e-01
  8.17717682e-01 1.75611937e-01 2.00494568e-02 4.94032518e-02
  1.00000000e+00]
 [1.00000000e+00 1.03353737e-01 3.49048328e-02 7.96727326e-01
  7.11396797e-02 5.63392744e-03 1.54726293e-01 4.80070785e-02
  1.00000000e+00]
 [1.00000000e+00 1.06625492e-01 5.84127907e-02 8.67468068e-01
  8.58876126e-02 3.07073795e-03 7.43717558e-08 5.49247444e-02
  1.00000000e+00]
 [1.00000000e+00 4.28424782e-01 9.54411867e-01 6.42642817e-02
  1.03388120e-01 1.10656899e-01 9.29288516e-03 4.64682015e-02
  1.00000000e+00]]",[0.50909884 0.37830037 0.78520017 0.9782125 ],4,0.36496066061845983,0.11865173434640885,0.14840950140824855,0.15659555587905039,0.34007573047085093
27,"[[ 0.13010645  0.68433553  0.02950367 -0.01978278 -0.34586106  0.38981133
   0.42724646 -0.13418647 -0.20341356]
 [ 0.10832716  0.09037862  0.43379617  0.53481154  0.59022584  0.03440833
  -0.21927461 -0.26169994  0.19943856]
 [-0.05590726  0.47522223  0.08431434 -0.4529014  -0.61428513  0.205642
   0.11651999  0.28492247 -0.21075355]
 [-0.07181458 -0.67330634  0.04962775  0.15623099  0.49089097  0.41209491
  -0.07434488 -0.04133193 -0.31080308]]","['bbo_main', 'random_fill', 'random_fill', 'random_fill']","[[9.99999998e-01 8.65108670e-01 1.72262721e-02 1.01061952e-01
  1.37976327e-01 1.12994623e-01 4.54046008e-01 4.60600233e-02
  1.00000000e+00]
 [3.33970569e-01 3.28623497e-01 2.41309474e-01 3.82242221e-01
  8.34034294e-01 3.39625711e-02 1.25211822e-07 4.57994625e-02
  1.00000000e+00]
 [8.21035304e-11 9.96153376e-01 2.48698823e-01 5.37552079e-03
  7.68548478e-02 2.64805060e-01 8.67574510e-03 7.93899114e-02
  1.00000000e+00]
 [4.05630364e-09 1.73546579e-01 9.14603208e-02 4.59188985e-01
  6.08139059e-01 3.20657918e-01 1.73277715e-07 5.11844212e-02
  1.00000000e+00]]",[0.70136131 1.05587531 0.31205009 0.07718133],4,0.3666198975339545,0.13247317499288153,0.16354614907677142,0.15248444710517606,0.31060026147680064
28,"[[ 0.12057842 -0.64806949  0.05048167 -0.55254097  0.12047297  0.09828025
   0.07985022 -0.44743225 -0.16392811]
 [-0.13871188 -0.37511096  0.39122547 -0.03479134 -0.45034738 -0.12522307
   0.38732148 -0.19235167 -0.52940751]
 [ 0.02409781 -0.22884803  0.21361232  0.24253058  0.48047162  0.42552641
  -0.40492819  0.50263026  0.11860374]
 [-0.24527304 -0.5538643   0.24340231  0.15205551 -0.37055138  0.29489472
   0.25896946 -0.41589452 -0.29394772]]","['bbo_main', 'random_fill', 'random_fill', 'random_fill']","[[1.00000000e+00 1.51269532e-01 6.23241560e-01 1.24127163e-01
  9.59749241e-02 2.74109799e-01 1.30421906e-07 5.89343698e-02
  8.34227431e-01]
 [2.47237509e-10 2.18669509e-01 6.18034944e-01 2.94112970e-01
  6.97535948e-02 5.56791656e-02 1.06724627e-01 5.51290831e-02
  4.86225085e-01]
 [2.27113489e-01 2.58283112e-01 1.05223004e-01 3.64681162e-01
  1.50477012e-01 1.78605938e-01 9.87214581e-09 8.47842745e-01
  1.00000000e+00]
 [6.13696704e-10 1.13251616e-01 7.28469427e-01 3.67298052e-01
  3.47728856e-02 4.17988037e-01 8.62076442e-02 3.44773166e-02
  1.00000000e+00]]",[-0.13919831 -0.11553121  0.75034525 -0.00514938],4,0.3397083166424738,0.14107837741041104,0.17291493017974632,0.15112009177558994,0.3319571534407927
29,"[[ 0.05669815  0.30114481  0.40702579  0.25932934  0.47691248  0.07651465
   0.48616966 -0.14310671 -0.42782583]
 [ 0.17400318  0.58198042 -0.00776934  0.55554791 -0.16581165  0.04606996
   0.05200003  0.49186205  0.21927065]
 [-0.13027904 -0.06506551  0.28661671  0.25558701  0.44431846  0.57532535
   0.34124336 -0.04349572 -0.42960788]
 [-0.3831059   0.3563737   0.01284452 -0.24317765  0.45167993  0.25210895
   0.55538532 -0.11295255 -0.27953977]]","['bbo_main', 'random_fill', 'random_fill', 'random_fill']","[[1.89399652e-01 5.47850073e-01 3.46731867e-01 1.16451577e-01
  2.76278116e-01 1.16635320e-03 4.98650267e-01 4.48882993e-02
  7.42898339e-01]
 [9.99999999e-01 5.89229174e-01 1.39527309e-09 2.64684432e-01
  1.43815079e-01 9.03796411e-03 1.48656603e-07 7.57782277e-01
  1.00000000e+00]
 [4.42158508e-10 3.10801901e-01 1.64702757e-01 3.17673001e-01
  1.69502518e-01 9.10954147e-01 2.35451735e-02 3.45018479e-02
  1.00000000e+00]
 [1.19198449e-10 7.54173078e-01 5.88039990e-02 1.00800818e-01
  2.05349443e-01 2.82996593e-02 8.03343018e-01 4.63411030e-02
  1.00000000e+00]]",[0.39707238 1.23253307 0.28451135 0.50628788],4,0.3352187997896426,0.13772964159411488,0.16927378370005883,0.1475460671655569,0.31750768808619023
30,"[[-0.16777865  0.16528915  0.22664532 -0.09004838 -0.4769989   0.46216702
   0.43891446  0.18310034 -0.46664234]
 [-0.13695073  0.55165203  0.00348346  0.49744655  0.42702948 -0.07266562
   0.14991676 -0.35188835 -0.30907024]
 [ 0.01906873  0.05363554 -0.09186558 -0.03739313 -0.5995001   0.31751811
   0.36748207  0.47581243 -0.40652605]
 [ 0.17136759  0.10096213  0.3719127  -0.51282021  0.56851961 -0.1712918
  -0.03876843 -0.39394434 -0.22335088]]","['bbo_main', 'random_fill', 'random_fill', 'random_fill']","[[1.18848484e-10 4.59817041e-01 1.93828246e-01 1.58302623e-01
  7.33077689e-02 2.04236375e-01 4.12326104e-01 5.50928114e-02
  5.30472459e-01]
 [7.15836893e-10 8.42968737e-01 8.61244758e-10 2.51214738e-01
  7.12893745e-01 4.04638237e-03 8.72045899e-03 4.48883007e-02
  1.00000000e+00]
 [2.72247888e-01 3.51570837e-01 2.42301199e-02 2.59370245e-01
  6.30980439e-02 1.49267510e-01 1.44431240e-01 8.27158460e-01
  1.00000000e+00]
 [1.00000000e+00 5.62391223e-01 3.37459277e-01 7.79617529e-02
  7.11652986e-01 4.12117777e-02 2.49741702e-08 5.07901392e-02
  1.00000000e+00]]",[0.10862422 0.57056536 0.06181351 0.4678429 ],4,0.3392217160006202,0.1578625213401069,0.1910801947523536,0.14538567045043305,0.3161576309364091
31,"[[ 0.07981961 -0.59471631 -0.11224624 -0.64761165 -0.10330212  0.24743097
   0.01219361  0.24303087 -0.27719159]
 [ 0.29252094 -0.01802129 -0.11604055  0.48871361  0.51153103  0.58284778
   0.24354204  0.03329567 -0.00186345]
 [ 0.1172785  -0.54176549  0.26034967  0.07023348  0.21004811  0.15768111
   0.49850098  0.53838799 -0.11257362]
 [ 0.05843158 -0.16811256 -0.24824477  0.61056391 -0.33254576 -0.09443702
   0.4513679   0.09026464 -0.45002715]]","['bbo_main', 'random_fill', 'random_fill', 'random_fill']","[[9.99999999e-01 1.83640406e-01 1.08533820e-01 1.93837534e-01
  3.63336078e-02 2.79624943e-01 2.63801111e-07 8.96049979e-02
  5.21391518e-01]
 [1.00000000e+00 2.90160973e-01 3.02226050e-11 3.78420833e-01
  1.61598227e-01 7.68443564e-01 1.39923037e-02 3.27899093e-02
  1.00000000e+00]
 [9.38965397e-01 1.99273880e-01 1.55990039e-01 3.15547121e-01
  1.04799975e-01 6.64285898e-02 1.04269878e-01 6.76784332e-01
  1.00000000e+00]
 [2.51354859e-01 2.16813871e-01 2.77861251e-10 6.21174029e-01
  4.62335152e-02 1.73327055e-02 4.35440861e-01 4.62374757e-02
  7.08439241e-01]]",[-0.22442232  1.00541544  0.40119982  0.2223935 ],4,0.32425680282143543,0.15594107606952154,0.18900742213159025,0.14256864463627913,0.28473060200387323
32,"[[ 0.06752096  0.53081363  0.3105119   0.68025646  0.10739124  0.00298348
   0.08876118  0.10923364 -0.35094018]
 [ 0.18170276  0.48730713 -0.14356615  0.61392854 -0.01144979  0.41371184
  -0.00906747 -0.2540737  -0.30995505]
 [ 0.08339733  0.05780296  0.36443363 -0.09319595 -0.41287603  0.13343504
   0.4106272   0.48928678 -0.50191491]
 [-0.05659934  0.64320781 -0.07553164  0.67878955 -0.03713002 -0.21824701
   0.25857935  0.02425884 -0.01256089]]","['bbo_main', 'random_fill', 'random_fill', 'random_fill']","[[1.35731449e-01 6.36205033e-01 4.81925970e-02 4.33914274e-01
  1.61714562e-01 4.10523389e-03 1.93191548e-08 4.81408326e-02
  3.61014925e-01]
 [1.00000000e+00 6.29895201e-01 2.59582435e-11 3.84400011e-01
  1.43085255e-01 5.50262110e-01 1.43725307e-08 1.40606378e-02
  1.00000000e+00]
 [2.71155972e-01 3.99783897e-01 3.40096210e-01 1.52989510e-01
  9.02591004e-02 8.20595394e-02 9.32412640e-02 6.53011508e-02
  2.25812795e-01]
 [5.08504519e-10 9.99999999e-01 2.12300010e-10 3.92198106e-01
  1.44761678e-01 5.00743046e-10 9.82974939e-02 5.91820609e-02
  1.00000000e+00]]",[0.55295131 0.63713348 0.08599025 0.91834529],4,0.3262618770362464,0.16218869190171747,0.19574101426188212,0.14107346648431024,0.296750752010006
33,"[[-0.01390888 -0.21109448 -0.24963717 -0.75607746 -0.31675588 -0.29396667
  -0.29090584 -0.19695537  0.10538265]
 [-0.52881727  0.078133   -0.38239461 -0.35792611 -0.47415758 -0.25396695
  -0.08726098 -0.15688129 -0.34403482]
 [-0.19463173 -0.15292445 -0.10215918 -0.78199399 -0.21888604 -0.30654005
  -0.08912264  0.32057332 -0.25336436]
 [-0.0038579  -0.42115707  0.42500834 -0.45232583  0.32806004  0.18505744
  -0.10865515  0.40117061 -0.35038215]]","['bbo_main', 'random_fill', 'random_fill', 'random_fill']","[[7.07271295e-01 5.40732738e-01 2.91086005e-10 1.59637085e-02
  8.45314491e-02 1.12665838e-01 1.24296689e-08 1.15520313e-01
  1.00000000e+00]
 [8.88043130e-11 5.45420876e-01 2.10936498e-10 2.00278470e-01
  1.29472296e-01 5.01227749e-02 1.54285901e-03 8.62526454e-02
  8.16381307e-02]
 [1.12834679e-10 4.85101058e-01 1.33536490e-01 1.32270905e-01
  1.08067744e-01 5.37060891e-02 5.14186447e-08 8.75962581e-01
  1.00000000e+00]
 [2.46978688e-01 2.14548286e-01 9.54411812e-01 1.65271619e-01
  1.52994027e-01 1.28615163e-01 3.36722874e-07 2.51190957e-01
  9.99999987e-01]]",[-0.11331838 -0.14494174 -0.20393257  0.06394567],4,0.34068056589662543,0.1751904223742865,0.2097002526322405,0.13786552758368564,0.28685412256904375
34,"[[ 0.33019242  0.14646162  0.42902766 -0.34278715 -0.2063629   0.61242802
   0.2212188  -0.31241316  0.06132485]
 [ 0.38974391  0.53825001 -0.1158369  -0.37501503 -0.39707143 -0.01789404
   0.11422622 -0.3461943  -0.33682058]
 [ 0.30949593 -0.00187127  0.42506543 -0.56116233 -0.22694828  0.52083441
  -0.13079175 -0.11754444 -0.2343668 ]
 [ 0.22622313  0.02755893  0.50488323 -0.12399187 -0.07941511  0.57520031
  -0.05223507  0.24159826 -0.52869856]]","['bbo_main', 'random_fill', 'random_fill', 'random_fill']","[[9.99999996e-01 3.81743993e-01 5.04765952e-01 8.32960940e-02
  7.84439004e-02 6.61671942e-01 8.07089377e-03 2.40445058e-02
  1.00000000e+00]
 [1.00000000e+00 9.40211992e-01 1.38060327e-03 1.07068208e-01
  1.59401349e-01 5.73934782e-02 6.64765081e-04 4.79059354e-02
  7.04824116e-01]
 [1.00000000e+00 3.24183525e-01 6.86421290e-01 7.47260536e-02
  6.64968923e-02 5.22497764e-01 6.91600759e-08 3.43951231e-02
  1.00000000e+00]
 [9.99999996e-01 2.94605815e-01 6.62836451e-01 1.14675255e-01
  7.28413091e-02 3.96281034e-01 2.32348038e-07 4.17379215e-02
  8.11868428e-01]]",[1.01874598 0.5372721  0.57736351 0.35778476],4,0.33390745255398646,0.18387654278407936,0.21898811046446226,0.13666668221088735,0.2663229407580313
35,"[[ 0.06811808 -0.51186668 -0.00967483  0.00593903  0.51297459  0.43362929
   0.47685523  0.23162016  0.03174039]
 [-0.05554176  0.23666503  0.70787966 -0.24608137  0.07826889 -0.21496816
   0.37981231  0.41037211 -0.11939488]
 [-0.19685062  0.20672217  0.03256254 -0.36782824  0.64208716  0.02425973
   0.36072239  0.48492189  0.06343109]
 [-0.17971753 -0.28909341  0.60129788  0.33056144  0.49512826  0.40483958
   0.06358446  0.0014303  -0.01430018]]","['bbo_main', 'random_fill', 'random_fill', 'random_fill']","[[3.38197378e-01 2.39610791e-01 6.37765459e-02 3.17986740e-01
  5.04064684e-01 2.18913169e-01 3.54100882e-01 5.70106479e-02
  1.00000000e+00]
 [7.05762256e-10 4.34762024e-01 9.99999989e-01 1.02096323e-01
  1.47855556e-01 7.10609458e-10 1.78034468e-01 5.79300782e-02
  1.00000000e+00]
 [2.21495529e-11 6.40772620e-01 8.14195649e-02 1.51605593e-01
  9.37256153e-01 2.32661007e-02 2.49724606e-02 7.97413906e-02
  1.00000000e+00]
 [3.89456934e-11 1.59916813e-01 9.54411869e-01 3.61786456e-01
  1.37337047e-01 2.89435395e-01 9.63243201e-09 3.30549171e-02
  1.00000000e+00]]",[0.46895968 0.7692188  0.79282044 0.81816905],4,0.3137828682898819,0.19886788083817158,0.23495195564041474,0.1344532174358672,0.27432810153758835
36,"[[-0.23074281 -0.02375665 -0.31208739  0.33812762  0.49578822  0.23946955
   0.09031215  0.46124032 -0.45870907]
 [-0.14051249  0.09795608 -0.27868626  0.57960729  0.39420983  0.31881852
   0.3922257   0.32269871  0.20500757]
 [-0.25859111 -0.61587733  0.07527369 -0.42314366 -0.1602168  -0.24154003
   0.00894531  0.24915655 -0.47216422]
 [-0.38955863 -0.26970758 -0.17011382 -0.59755937 -0.11952622  0.43522348
   0.40066023  0.1146068  -0.1100756 ]]","['bbo_main', 'random_fill', 'random_fill', 'random_fill']","[[2.78232317e-10 3.71364607e-01 3.75198668e-10 3.97777041e-01
  2.20918397e-01 7.25293103e-02 4.76878458e-03 5.60419387e-02
  1.32387244e-01]
 [4.46372743e-11 2.70327984e-01 1.89651335e-11 6.72073308e-01
  3.65703813e-01 6.66178395e-02 3.38194921e-01 4.56105364e-02
  1.00000000e+00]
 [3.07912119e-11 2.71236377e-01 1.61487938e-01 2.85551586e-01
  7.62986426e-02 8.43412467e-02 7.51136537e-03 9.97013209e-02
  1.52486595e-01]
 [3.50686659e-10 4.01235805e-01 5.62433471e-02 1.73137173e-01
  3.33913809e-02 3.39471901e-01 6.99871742e-01 6.03091927e-02
  1.00000000e+00]]",[ 0.21812658  0.93379667 -0.35540828  0.09975816],4,0.2906622355653358,0.20565067794042288,0.24214891816686834,0.1321744088318947,0.2827309078543798
37,"[[ 0.04283243  0.57618738  0.46412638  0.36166938 -0.34713468 -0.02915962
   0.10042811  0.42391022 -0.09389891]
 [-0.01577056 -0.86050706 -0.28070406 -0.10609202 -0.11862038 -0.14824296
  -0.01563247  0.28774734  0.22391725]
 [-0.3310748  -0.08465377 -0.05834737  0.3166395   0.36601453  0.39925601
   0.49130774  0.29923137 -0.39403491]
 [-0.26951536 -0.71019054  0.10222223  0.32321396 -0.40242599 -0.07231491
   0.12252352 -0.25891235 -0.24259117]]","['bbo_main', 'random_fill', 'random_fill', 'random_fill']","[[1.96377469e-01 7.09597565e-01 3.48943087e-01 1.44417782e-01
  1.41627520e-01 3.28216216e-03 5.91086826e-04 6.42257806e-01
  1.00000000e+00]
 [2.75382782e-01 8.49817195e-02 4.51774334e-02 4.30976952e-01
  2.83598207e-02 1.25994340e-01 6.81676438e-07 6.83636913e-01
  1.00000000e+00]
 [5.97710289e-12 3.19588784e-01 7.82277768e-03 3.43737328e-01
  1.35268996e-01 1.90931306e-01 7.50712354e-01 4.92350706e-02
  9.25717790e-01]
 [4.87560752e-11 7.61471408e-02 5.94244199e-02 7.58890155e-01
  5.59807850e-02 7.03114020e-02 1.81360436e-02 6.73438253e-02
  7.08762371e-01]]",[ 0.76061824  0.2627151   0.22586921 -0.01748683],4,0.30454365398476246,0.21729544814025514,0.2544694495238686,0.13092190153053054,0.26831623491933954
38,"[[-0.05842941 -0.73223255  0.29279893 -0.04375285  0.37355687 -0.23079185
   0.31582502 -0.110849   -0.26064039]
 [ 0.1168399  -0.41129841 -0.01200216  0.2627933   0.26917059  0.10605885
   0.16059097  0.58877188 -0.54021719]
 [ 0.05603442 -0.00166934  0.3640854   0.5478777  -0.08238599 -0.07629614
   0.49978421 -0.12048917 -0.53592795]
 [ 0.09540547  0.6152998   0.06529796  0.41369021  0.41848383  0.2915359
   0.0882426  -0.12619309 -0.39123802]]","['bbo_main', 'random_fill', 'random_fill', 'random_fill']","[[8.40784107e-02 1.25953101e-01 9.54411869e-01 3.18838395e-01
  1.21482742e-01 1.30449431e-03 2.19500899e-01 6.18439662e-02
  1.00000000e+00]
 [3.66318556e-01 2.10674916e-01 4.51748737e-02 4.32580786e-01
  1.16185391e-01 5.77808913e-02 6.62034374e-07 8.85839683e-01
  1.00000000e+00]
 [2.02832791e-01 2.92380011e-01 1.22345759e-01 4.24064695e-01
  7.55925320e-02 1.84352525e-02 2.82001969e-01 4.53186793e-02
  3.15518248e-01]
 [3.15054019e-01 8.61755101e-01 2.44072447e-09 1.93954280e-01
  2.67145987e-01 8.25785585e-02 2.18336869e-07 4.50747179e-02
  4.68162640e-01]]",[0.01526886 0.08802978 0.2465078  0.58755237],4,0.31787752192992047,0.23188030060462542,0.26984122299177377,0.12797251873331777,0.2695572615334378
39,"[[ 0.04243596  0.01642556  0.0284237  -0.5945555   0.41461262  0.45748597
  -0.00277613  0.27241817 -0.43383043]
 [ 0.33954612 -0.39183175 -0.12743554 -0.58053085 -0.09669287 -0.46053013
  -0.21686493 -0.1004192   0.3152277 ]
 [-0.16888364 -0.47041789 -0.0510587   0.56078001  0.42859975 -0.32113927
   0.07781094 -0.01693906 -0.37407815]
 [ 0.07141557  0.17619672 -0.10838471 -0.53502828  0.15523115  0.50945087
  -0.38741519  0.33915567 -0.34219589]]","['bbo_main', 'random_fill', 'random_fill', 'random_fill']","[[2.75382781e-01 4.92541393e-01 1.74682315e-01 1.24033234e-01
  2.61255601e-01 2.56676156e-01 8.49513455e-08 5.77836877e-02
  3.55466007e-01]
 [1.00000000e+00 2.42557141e-01 3.00189513e-01 5.14506718e-02
  1.20508618e-01 1.11288921e-01 2.85503620e-08 1.15683837e-01
  1.00000000e+00]
 [1.69365297e-10 1.81583014e-01 5.30716103e-02 7.30061584e-01
  1.56767521e-01 3.35509976e-03 5.29734130e-08 6.32296031e-02
  5.00607397e-01]
 [3.96469466e-01 6.63170844e-01 1.40930724e-02 1.02048448e-01
  1.40449820e-01 8.13939207e-01 5.73302923e-08 6.85266417e-02
  1.00000000e+00]]",[0.03827184 0.41708761 0.19905001 0.20654585],4,0.31927664667316524,0.22896084939496728,0.26676934909599886,0.1276786640137367,0.25729270596418047
40,"[[-0.06608409  0.04732421  0.44925057 -0.53361763  0.30618259  0.38411183
   0.46953275 -0.16932229 -0.12805759]
 [ 0.11574625  0.66773022 -0.33524228 -0.03500604 -0.41402565 -0.05370985
   0.27473754  0.37587498 -0.18989905]
 [ 0.1063302   0.47130456 -0.02317649  0.448787    0.08827785  0.13609198
   0.5612191   0.4725791   0.00266106]
 [-0.07522997 -0.15568873  0.29320866  0.18404316  0.60236849  0.34582261
   0.03887812  0.39763968 -0.45627663]]","['bbo_main', 'random_fill', 'random_fill', 'random_fill']","[[3.64387888e-09 4.72256237e-01 7.09052806e-01 6.15147293e-02
  1.16828114e-01 1.80238889e-01 4.44183400e-01 4.48883029e-02
  9.99999928e-01]
 [9.99999999e-01 9.96164551e-01 1.23983549e-10 1.10367499e-01
  1.39322207e-01 7.11851752e-03 1.60220146e-01 1.42959054e-01
  1.00000000e+00]
 [2.75382773e-01 6.27506144e-01 1.78029246e-10 1.89345956e-01
  1.15741212e-01 2.08759334e-03 7.79104137e-01 2.19798396e-01
  1.00000000e+00]
 [1.81351115e-10 3.42550075e-01 1.52422984e-01 3.25844126e-01
  9.12893737e-01 1.12506517e-01 3.27050973e-08 5.32718604e-02
  9.99999999e-01]]",[0.4859693  0.62684076 0.96428682 0.20504203],4,0.2671926401930972,0.2348009620458891,0.2729118866184429,0.12633806587243357,0.2572870325682385
41,"[[ 0.3098808   0.36531919  0.04368937 -0.54822106  0.38644771  0.0571909
   0.11976817  0.54119947  0.09059124]
 [-0.01401384  0.39955483 -0.36981914 -0.26329289  0.47858204 -0.06393153
   0.38070356  0.27289815 -0.42606759]
 [ 0.19286844 -0.74944714  0.05343588  0.11520251  0.48138236 -0.24640183
   0.2617194  -0.14973688  0.04053046]
 [-0.3275454   0.603958   -0.09857775  0.10418074  0.33841897  0.00898067
   0.02076189  0.5632935   0.27393222]]","['bbo_main', 'random_fill', 'random_fill', 'random_fill']","[[1.00000000e+00 6.70762307e-01 7.39928189e-02 1.16811476e-01
  1.80715330e-01 2.06543334e-02 5.74001196e-08 7.09941866e-01
  1.00000000e+00]
 [1.20355493e-10 7.67567097e-01 8.20964449e-12 1.41532833e-01
  3.34228044e-01 1.34209752e-10 1.99309337e-01 7.29313301e-02
  5.14468584e-01]
 [1.00000000e+00 1.93689449e-01 7.28574171e-02 4.18174881e-01
  6.89772445e-01 3.46279349e-02 1.31712863e-02 7.14346509e-02
  1.00000000e+00]
 [2.63839099e-10 7.90872543e-01 1.05707536e-09 1.69916921e-01
  2.01893411e-01 7.63698408e-03 1.39894691e-07 7.77710464e-01
  1.00000000e+00]]",[1.039947   0.3059583  0.45656958 1.27576049],4,0.279454528283657,0.24259520239082175,0.281094512948325,0.1255974985611878,0.24871563068792524
42,"[[ 0.14198556 -0.79160643  0.24401833 -0.07133094 -0.14868203 -0.1437158
  -0.0519897  -0.08228514 -0.48613987]
 [ 0.34990066 -0.56140511  0.2187109  -0.14321794 -0.38163717 -0.24984351
  -0.14563876 -0.32622777 -0.39792471]
 [ 0.05200366  0.57532446  0.6434857  -0.01464251 -0.04387966 -0.33064631
  -0.15857249  0.13851552 -0.31052367]
 [-0.14061078 -0.59332847  0.2046052  -0.18633951  0.54388601  0.00983814
  -0.02092761  0.46435691 -0.19907324]]","['bbo_main', 'random_fill', 'random_fill', 'random_fill']","[[9.99999999e-01 1.52210893e-01 4.22765764e-01 2.98551278e-01
  7.48823049e-02 9.48331411e-02 4.87366141e-08 6.02858832e-02
  4.74043501e-01]
 [9.99999998e-01 1.80669075e-01 5.69161471e-01 2.48360100e-01
  6.69717694e-02 6.88411942e-02 1.44561238e-07 5.52233437e-02
  5.34145166e-01]
 [2.42619922e-01 5.90222298e-01 9.54411858e-01 7.29419770e-02
  1.43172955e-01 5.26472008e-04 1.57500371e-07 5.92497209e-02
  1.00000000e+00]
 [2.26372441e-11 2.72055144e-01 3.34907541e-01 2.38416277e-01
  7.68513458e-01 7.41779934e-02 1.09198462e-03 9.43282368e-02
  1.00000000e+00]]",[-0.15681366  0.0640609   0.65649563  0.12609875],4,0.2718047725200749,0.259673547950094,0.2989655624576937,0.12243047843338171,0.24021683796656174
43,"[[ 0.01536849  0.39895866 -0.07606431  0.41240445 -0.46690376  0.39327143
   0.24006924  0.34682679 -0.33785942]
 [ 0.11499226  0.34770391  0.00160611 -0.5516608  -0.1286195   0.28084612
  -0.28491538 -0.33709001 -0.52088634]
 [ 0.35273872 -0.64816537 -0.19730515  0.1351125  -0.28652463 -0.1616555
   0.32663176  0.34863514 -0.24861356]
 [-0.05985359 -0.61780749 -0.20637985 -0.58573768  0.16991385 -0.36671836
  -0.03079819  0.20295927 -0.15348004]]","['bbo_main', 'random_fill', 'random_fill', 'random_fill']","[[6.42380527e-03 4.93854611e-01 3.49777668e-11 3.61389822e-01
  6.75040751e-02 5.32867519e-01 1.14856208e-02 5.36200952e-02
  6.17869329e-01]
 [8.31612065e-01 6.27920121e-01 7.10767727e-02 1.25017052e-01
  1.46287909e-01 1.03363995e-01 1.85681778e-08 4.86026181e-02
  2.51560655e-01]
 [1.00000000e+00 1.21711371e-01 4.49249511e-02 4.19403020e-01
  1.92810723e-02 8.77982707e-02 2.49591216e-01 4.35314591e-01
  1.00000000e+00]
 [1.64486041e-01 2.54759459e-01 9.25316416e-02 2.41736172e-01
  1.44278466e-01 7.09572984e-02 3.80752219e-07 8.41870818e-01
  1.00000000e+00]]",[ 0.33680999  0.10790231  0.28661154 -0.31204903],4,0.27673357126956055,0.2630937450672694,0.30253524423948897,0.1226745412048138,0.24097858439223752
44,"[[ 0.10401008  0.4849812   0.26681065 -0.32271336 -0.32109999  0.51458224
   0.45341805  0.07134943 -0.00803409]
 [ 0.17405572  0.20827122 -0.2870453   0.00837139  0.66183798 -0.1346895
   0.24557831 -0.26251334 -0.50839935]
 [-0.33024012 -0.61842022  0.04271534 -0.43685052 -0.13043551  0.29615286
   0.24587508  0.0161749   0.38781284]
 [-0.2286437  -0.48695289  0.23989979 -0.49470315  0.1754322   0.31924708
   0.32788642 -0.22728817 -0.34124954]]","['bbo_main', 'random_fill', 'random_fill', 'random_fill']","[[3.96469058e-01 7.00393007e-01 2.67890620e-01 2.80658305e-02
  1.12791432e-01 3.06181656e-01 4.80981309e-01 3.84880913e-02
  1.00000000e+00]
 [9.99999991e-01 5.47245655e-01 8.41305612e-10 2.32818877e-01
  8.55420799e-01 2.13680717e-02 7.48068501e-03 5.79464627e-02
  1.00000000e+00]
 [3.73907517e-10 1.68092115e-01 4.00154511e-01 1.96381535e-01
  9.51612299e-03 5.40133302e-01 2.37981669e-01 7.67259416e-02
  1.00000000e+00]
 [3.21620706e-10 2.40712339e-01 5.94135021e-01 1.68228070e-01
  9.87496104e-02 3.10396488e-01 2.20690071e-01 4.75335804e-02
  7.72003292e-01]]",[ 0.77746901  0.3314782   0.43364021 -0.14337693],4,0.26017402673943335,0.2797267315992347,0.3198530976044733,0.12008408784445625,0.2489007188859354
45,"[[ 0.06538431 -0.68428678 -0.0368565   0.62535627 -0.07799847  0.30708318
   0.13470381 -0.03290392 -0.12424172]
 [ 0.01400781 -0.78332115  0.07519067  0.04666873 -0.26751417  0.3348138
   0.21444563 -0.14347809 -0.35797088]
 [ 0.25561104  0.03027751 -0.24928983 -0.56647507 -0.44921003 -0.49524356
  -0.01241503  0.19256955 -0.25770885]
 [ 0.31330438 -0.32073931  0.11316449 -0.64545488 -0.46104925  0.0369766
   0.3596137  -0.15230965 -0.05562855]]","['bbo_main', 'random_fill', 'random_fill', 'random_fill']","[[2.28087887e-01 6.64539867e-02 4.21565049e-02 8.68038514e-01
  5.10667831e-02 3.05870413e-01 1.82272393e-08 5.12259406e-02
  1.00000000e+00]
 [2.42208465e-01 1.08338542e-01 1.40051776e-01 4.25024526e-01
  2.13746204e-02 3.44142559e-01 3.79031165e-08 6.79389872e-02
  4.60128448e-01]
 [9.99999999e-01 5.80508583e-01 5.90597644e-10 1.24098573e-01
  1.34684995e-01 1.93400296e-02 1.88458987e-07 1.02440024e-01
  3.25207446e-01]
 [1.00000000e+00 3.25257804e-01 3.10618640e-01 9.80694413e-02
  2.74720284e-02 7.49101731e-02 7.01014465e-01 6.44640130e-02
  1.00000000e+00]]",[ 0.47473664 -0.11605979  0.06872676  0.35758435],4,0.26626642593458494,0.29443028916877473,0.3351061629071842,0.11926234322732723,0.2477125550491854
46,"[[-0.01729944 -0.02160452  0.3048193   0.56030451  0.46554674  0.02015254
   0.4002307   0.44850665  0.11787833]
 [ 0.12374905  0.51108168  0.24980707 -0.41888238  0.4348221   0.36193635
   0.21228999 -0.34707853 -0.00411445]
 [ 0.23604857 -0.30985266  0.37460302 -0.17811071  0.59800563 -0.2246925
   0.17100677 -0.40380914 -0.27535243]
 [-0.34990243 -0.42599871  0.25702053  0.58446835  0.33930672  0.05199731
   0.01711773 -0.37364642  0.17519461]]","['bbo_main', 'random_fill', 'random_fill', 'random_fill']","[[1.02663230e-09 2.37770202e-01 8.77597601e-02 5.95079479e-01
  1.71688235e-01 4.33520830e-03 6.63950606e-02 6.66470299e-01
  1.00000000e+00]
 [9.99999961e-01 8.66646179e-01 2.32929280e-01 4.54615643e-03
  4.21881274e-01 1.78100825e-01 1.13201222e-03 4.45125815e-02
  1.00000000e+00]
 [1.00000000e+00 3.07144323e-01 5.39568567e-01 1.72511217e-01
  5.99105951e-01 4.45248470e-02 9.79998050e-03 5.32253987e-02
  1.00000000e+00]
 [5.49878791e-11 1.21853783e-01 7.15526853e-02 9.78215280e-01
  1.40705215e-01 2.34577809e-02 3.42407826e-08 4.48882995e-02
  1.00000000e+00]]",[0.87842397 0.85154008 0.36537187 0.74560105],4,0.2552555066121296,0.2949208367644968,0.3356141693991198,0.11745834137613724,0.2265579211814901
47,"[[ 0.10722221  0.06927622  0.01359479 -0.44470472  0.07110919  0.40502263
   0.52599489  0.5812188   0.04659756]
 [ 0.1442714   0.06862402  0.02565626 -0.17984728  0.08210813  0.59181183
   0.53192443  0.1019309  -0.53958941]
 [ 0.09697258  0.3075989   0.27531471  0.48931679  0.3477614   0.24537541
  -0.16570915  0.46664542 -0.39291929]
 [-0.11657751 -0.47416138 -0.06941042 -0.64461222 -0.11252367 -0.47119626
  -0.15978598 -0.2694422  -0.09175945]]","['bbo_main', 'random_fill', 'random_fill', 'random_fill']","[[4.17759971e-01 4.85410725e-01 8.42604915e-02 1.63449028e-01
  8.96844826e-02 9.78716539e-02 3.74979662e-01 6.20084761e-01
  1.00000000e+00]
 [9.99999988e-01 4.00798050e-01 6.38385355e-02 1.93079311e-01
  8.20535034e-02 2.52418324e-01 1.60094978e-01 4.85553575e-02
  4.20495777e-01]
 [3.38197380e-01 4.92833075e-01 7.27405297e-02 3.12881135e-01
  1.65625851e-01 5.30821634e-02 2.81779250e-08 9.16716275e-01
  1.00000000e+00]
 [5.41857805e-11 3.25229905e-01 3.07843220e-01 1.24440496e-01
  1.73707839e-01 6.12487616e-02 1.23764706e-08 1.08082422e-01
  4.43042005e-01]]",[ 0.65713701  0.1580229   0.46300081 -0.37397654],4,0.2512350987869034,0.3145647615976655,0.35591240769665866,0.11603033632481134,0.22850788281069281
48,"[[ 0.1322406  -0.40966154  0.46213946  0.62598748  0.00608717  0.07740749
   0.44992631 -0.02746829  0.00628314]
 [-0.05156117 -0.30305908 -0.07714892 -0.56044356  0.42962654  0.36094093
   0.39562646  0.33281525 -0.0574812 ]
 [-0.32066962  0.32131458  0.52869581  0.21454562 -0.38316485  0.29041715
   0.34405062 -0.05628468 -0.3401215 ]
 [-0.34504679 -0.29408292 -0.14154132 -0.60949987 -0.08836267 -0.03792728
  -0.03504147 -0.58216313  0.23139937]]","['bbo_main', 'random_fill', 'random_fill', 'random_fill']","[[6.32566329e-01 1.12862507e-01 8.40309961e-01 4.22038936e-01
  6.87188070e-02 3.27251559e-02 1.49068967e-01 4.69589078e-02
  1.00000000e+00]
 [1.67099808e-11 4.18188461e-01 8.29650331e-02 1.63938979e-01
  4.23429203e-01 1.88420968e-01 5.26459661e-01 6.34760571e-02
  1.00000000e+00]
 [1.62394573e-10 3.42234575e-01 9.54411866e-01 1.71533821e-01
  9.28258627e-02 2.34063881e-01 1.90551038e-01 3.99988664e-02
  9.99999990e-01]
 [5.18161357e-11 3.41259208e-01 3.78412862e-01 1.43144765e-02
  9.74843061e-02 3.78777964e-01 2.21535736e-07 7.46432102e-02
  1.00000000e+00]]",[0.76496179 0.19683621 0.40695529 0.00232061],4,0.23541155262464575,0.31800678281132827,0.3594602649618224,0.11531281386338654,0.23235543148461743
49,"[[-0.10223308 -0.6161542   0.20094038  0.2076277   0.30391576  0.22175509
   0.41530138  0.30187595 -0.34824082]
 [ 0.14117097  0.50706351  0.33310993 -0.30444619  0.37286636 -0.37812349
  -0.12913259  0.33801994 -0.32614145]
 [-0.19873451 -0.3211322  -0.27224229 -0.6748366  -0.31083715  0.12014601
  -0.4393568  -0.08535999 -0.12838562]
 [ 0.08692524  0.11427704 -0.24416232  0.31159692  0.31137375  0.3088307
   0.34136857 -0.63912153 -0.32455822]]","['bbo_main', 'random_fill', 'random_fill', 'random_fill']","[[2.94801981e-10 1.40770954e-01 2.77780928e-01 4.58781909e-01
  7.84263165e-02 7.49947776e-02 2.92868156e-01 6.26755176e-02
  5.98781032e-01]
 [1.00000000e+00 9.09135294e-01 2.66725047e-01 4.44327163e-03
  3.04633692e-01 2.11263328e-10 4.87510955e-08 8.46977621e-02
  8.94638362e-01]
 [5.56968551e-12 3.77535675e-01 1.66547831e-03 1.26137535e-01
  3.05891383e-02 4.67487520e-01 7.70245116e-10 1.16403070e-01
  7.71248001e-01]
 [9.99999874e-01 3.93344762e-01 3.89941813e-10 3.43026950e-01
  2.09912427e-01 2.43539080e-01 1.68886667e-01 2.95432844e-02
  5.94191401e-01]]",[ 0.03683087  0.54009486 -0.2691093   0.22525636],4,0.2537923294235158,0.32145006901919226,0.363006857214173,0.11474226965746756,0.23612467145332078
50,"[[-0.15956794 -0.25060914 -0.27271658 -0.61690543 -0.2741314  -0.29311096
   0.27865207 -0.32905908 -0.33135717]
 [-0.20208954  0.36505866 -0.34180442 -0.53594292 -0.5464427  -0.27278666
  -0.03160641 -0.07977211 -0.20359809]
 [ 0.27739114 -0.52174711 -0.35048091  0.12025287  0.12638047  0.36140154
   0.19381744  0.40470992 -0.40693744]
 [ 0.11239137  0.05741665  0.23291637  0.54503561  0.4111729   0.45762942
   0.36831273 -0.23872167  0.24824888]]","['bbo_main', 'random_fill', 'random_fill', 'random_fill']","[[3.12857215e-09 4.87919626e-01 3.57183934e-02 1.81998623e-01
  7.84851438e-02 2.46656175e-02 6.18770719e-01 5.64212779e-02
  5.91549013e-01]
 [2.01515001e-10 9.99999997e-01 1.53465009e-10 7.72223436e-02
  1.10286132e-01 3.38043621e-02 1.25166201e-03 1.04339092e-01
  7.69137512e-01]
 [9.99999999e-01 1.55721279e-01 2.96739206e-10 3.92523760e-01
  6.73958420e-02 2.33568117e-01 2.07428506e-07 7.54866184e-02
  4.35958481e-01]
 [4.59284083e-01 2.53102488e-01 4.98711578e-02 5.24882455e-01
  1.54977702e-01 7.45182165e-01 1.69454238e-02 2.06991102e-02
  1.00000000e+00]]",[-0.31519727  0.08922762  0.18941791  1.01813599],4,0.2430969016760658,0.32538679017169986,0.36705856856573055,0.11433731982282061,0.21735665997996778
51,"[[-0.15494721  0.40599011  0.41261404 -0.27815168  0.34965331 -0.08619576
   0.33369081  0.40256373 -0.40056265]
 [-0.29392309  0.27953734  0.4016415  -0.16726874  0.35754483  0.14058573
   0.35308438  0.44389432 -0.42054723]
 [ 0.11584436  0.68626821 -0.06668465  0.22634582  0.4609885   0.15613759
   0.41436205 -0.22629274  0.01196252]
 [-0.2945568   0.40743963  0.34830613 -0.33837937 -0.60299225 -0.2115674
  -0.14545284  0.21915526 -0.18402582]]","['bbo_main', 'random_fill', 'random_fill', 'random_fill']","[[6.74983656e-11 7.44550111e-01 3.45095816e-01 6.60580443e-02
  1.98336107e-01 3.45578654e-04 9.55058435e-02 7.06123157e-02
  4.48683161e-01]
 [9.07052896e-11 6.36964718e-01 3.86414858e-01 8.24036894e-02
  1.75278107e-01 5.06334682e-02 5.94117638e-02 6.97322939e-02
  3.44276035e-01]
 [8.49985896e-01 9.41717328e-01 2.55657274e-11 1.21092506e-01
  2.03096838e-01 3.98006376e-02 4.19465576e-01 4.49983640e-02
  1.00000000e+00]
 [2.09074301e-10 8.58871598e-01 6.20565235e-01 4.73735514e-02
  9.90959155e-02 1.74762143e-02 7.37442745e-08 9.25704224e-02
  1.00000000e+00]]",[0.37618596 0.29640703 1.04757553 0.32286477],4,0.25479040295120986,0.36237100371885234,0.40496590877707356,0.11165302041705122,0.23644346381061954
52,"[[ 0.10492691 -0.36633668  0.09385133 -0.00084857  0.50373565  0.4462971
  -0.03525145  0.45574356 -0.42907275]
 [ 0.02310949  0.00773719  0.33048156 -0.3439355   0.65554681  0.19070974
  -0.05489106  0.52314474 -0.17056122]
 [ 0.08273045  0.4802777   0.48558391  0.40361132 -0.28896934  0.0297942
   0.52127813  0.0448159  -0.07526517]
 [ 0.0037283   0.37766667  0.56923787 -0.18735217  0.41083187  0.14474112
  -0.24481369  0.46139138  0.18887252]]","['bbo_main', 'random_fill', 'random_fill', 'random_fill']","[[9.99999924e-01 2.52912981e-01 1.09876476e-01 2.48652206e-01
  1.45029363e-01 2.48513691e-01 2.62463139e-07 6.27649220e-02
  3.50186305e-01]
 [2.51343339e-01 5.08506500e-01 3.03404569e-01 1.10088076e-01
  8.82258034e-01 5.83349288e-02 9.25724215e-09 6.21752588e-02
  1.00000000e+00]
 [1.79091135e-01 4.95769295e-01 5.12574443e-01 1.12715350e-01
  9.26651086e-02 1.58169423e-08 7.45187942e-01 4.49763539e-02
  9.99999999e-01]
 [6.11874464e-10 5.40411830e-01 8.76855191e-01 7.07402654e-02
  2.37112643e-01 7.63575562e-02 1.56102210e-08 1.72555130e-01
  1.00000000e+00]]",[0.08469335 0.52360116 0.83573761 1.06693485],4,0.2440771340752655,0.35002765088816595,0.3923454105289702,0.11141979300893858,0.21445818729584287
53,"[[ 0.22237677  0.50831781  0.35138806 -0.30042186 -0.46620713  0.22984265
   0.20118467 -0.1394774  -0.38513474]
 [-0.01323989  0.25264003  0.5711575  -0.34694613 -0.45665394  0.12698389
  -0.13389321 -0.26680586 -0.41908797]
 [-0.31247343  0.43193296 -0.17995492 -0.35129712 -0.6194453   0.02139325
   0.32121533 -0.26932722  0.01068853]
 [ 0.28885917  0.47026597  0.28013212 -0.47821937 -0.22305853  0.32085113
   0.15757111  0.45284206 -0.07514903]]","['bbo_main', 'random_fill', 'random_fill', 'random_fill']","[[9.99999986e-01 6.98175776e-01 3.81959105e-01 3.97523258e-02
  1.25668596e-01 1.63104478e-01 2.43182207e-03 4.58876605e-02
  6.48411622e-01]
 [1.00373574e-01 4.30775320e-01 9.54411857e-01 9.45480077e-02
  1.03443926e-01 1.70248085e-01 4.96603442e-08 4.51399352e-02
  8.62619933e-01]
 [4.77153808e-11 8.38134939e-01 5.88276320e-03 1.01464510e-01
  9.92483234e-02 1.88443754e-02 7.20865313e-01 4.88743699e-02
  1.00000000e+00]
 [1.00000000e+00 6.95723162e-01 3.26374884e-01 7.90177023e-03
  1.47251092e-01 1.79199091e-01 2.19874932e-03 4.14745768e-01
  1.00000000e+00]]",[0.42280923 0.22064203 0.49331784 0.84134578],4,0.24301959537190332,0.34953423021004026,0.3918402771606551,0.11136279545017304,0.2128738552589418
54,"[[ 0.16708613 -0.38824099 -0.04068867 -0.11435141 -0.24372867 -0.14545496
   0.4852858  -0.40642398 -0.5704172 ]
 [ 0.11590949  0.45178476  0.05444729  0.62883734  0.37903884  0.29324849
   0.355899    0.06824879 -0.15187988]
 [ 0.06123409  0.36916455  0.31724183 -0.19124298  0.59479789 -0.14657219
   0.51392504  0.27999095 -0.07049719]
 [-0.18281445  0.37294601  0.2499855   0.31522888  0.21909372  0.47420766
   0.44805839 -0.42433857 -0.10924124]]","['bbo_main', 'random_fill', 'random_fill', 'random_fill']","[[9.99999989e-01 3.05984287e-01 6.85650239e-02 2.86855733e-01
  6.17384327e-02 4.78053891e-02 2.94687159e-01 5.37486577e-02
  4.11883838e-01]
 [9.99999999e-01 6.53672818e-01 4.16097697e-11 3.82008437e-01
  2.57130111e-01 1.74080548e-01 2.63118050e-01 3.08156740e-02
  1.00000000e+00]
 [2.17610762e-01 6.25182356e-01 2.87336253e-01 7.26925024e-02
  4.98396009e-01 4.24640740e-10 4.84218224e-01 4.68554627e-02
  1.00000000e+00]
 [8.51554425e-10 6.40912121e-01 9.20658761e-02 2.13479621e-01
  1.36824889e-01 4.38387027e-01 5.14556774e-01 1.84182809e-02
  9.99999993e-01]]",[-0.12308552  0.74382793  0.80929218  0.68069431],4,0.23030527431412218,0.3584194990774513,0.40092898108987757,0.11055305327055563,0.24257459654957692
55,"[[-0.13243032  0.21111431  0.40526298  0.56380948  0.48977969 -0.26200454
   0.1425273  -0.00320242 -0.35625685]
 [ 0.10828217  0.07298034  0.13101673  0.43408762 -0.10188838 -0.25512472
   0.54751024  0.4387735  -0.45781207]
 [-0.24353716  0.16817979  0.22565147 -0.07156182 -0.68019576  0.48065904
  -0.14735183  0.35369043 -0.12592326]
 [ 0.0092568  -0.14814836  0.40079778  0.00764259  0.48384776  0.28277316
   0.42297542 -0.40379541 -0.40154807]]","['bbo_main', 'random_fill', 'random_fill', 'random_fill']","[[9.30351825e-11 3.69741349e-01 2.48667279e-01 4.13874096e-01
  8.11603188e-01 1.82463932e-10 3.51012527e-08 6.42210839e-02
  1.00000000e+00]
 [3.42422899e-01 3.52859463e-01 4.36167413e-02 3.51583292e-01
  6.95350985e-02 8.66479084e-03 5.67963429e-01 4.54181496e-02
  5.55009317e-01]
 [1.35725729e-10 4.17315914e-01 3.63192452e-01 1.37688677e-01
  6.16658156e-02 8.60025610e-01 2.12153806e-08 5.73523688e-02
  1.00000000e+00]
 [2.11911528e-01 2.64514742e-01 8.32671535e-01 1.88205119e-01
  1.79478485e-01 1.16761452e-01 2.84529034e-01 4.48882988e-02
  9.06477332e-01]]",[0.45322372 0.28867126 0.40808174 0.15603162],4,0.24666491908980642,0.3658298198740656,0.40849697089733533,0.10957877391085327,0.22170092886534754
56,"[[-1.29188593e-01 -7.58897212e-01 -1.86507378e-01 -4.30681408e-01
  -1.38051438e-01 -7.45937433e-02  1.70297180e-01 -3.61979153e-01
  -4.96123972e-02]
 [-9.18611255e-03 -6.59252653e-01  5.33641251e-01 -1.27443829e-01
  -1.01700323e-01  1.01412974e-01  8.09067682e-02 -1.59331403e-01
  -4.60137688e-01]
 [-2.14971239e-01  6.14091738e-01 -4.59905157e-01 -4.89631315e-01
   8.91428100e-02  3.12777818e-01  7.86140251e-02  8.80855430e-02
   7.55744288e-02]
 [ 1.33443630e-01 -7.61827698e-01  3.60618689e-01 -4.79269531e-02
  -2.81161650e-01  4.21947499e-01  2.34098443e-02 -1.08760657e-01
   2.40649987e-04]]","['bbo_main', 'random_fill', 'random_fill', 'random_fill']","[[1.10315486e-10 1.73904591e-01 5.85630791e-02 2.87809116e-01
  4.25293742e-03 1.26766611e-01 6.93973258e-01 1.04878221e-01
  1.00000000e+00]
 [2.42208464e-01 1.28497947e-01 9.54411869e-01 3.03433083e-01
  8.67564185e-02 6.35021268e-02 2.99044739e-08 4.98429448e-02
  7.86209854e-01]
 [1.52453952e-10 9.99999999e-01 1.19313729e-10 3.14933218e-02
  1.98258412e-01 4.65334781e-01 1.73285396e-07 6.08940747e-02
  1.00000000e+00]
 [1.00000000e+00 9.06945080e-02 7.61725043e-01 2.62764648e-01
  3.72403225e-02 3.49007143e-01 3.13734184e-09 5.11505044e-02
  1.00000000e+00]]",[-0.24628975  0.01161576  0.84282966  0.45791845],4,0.23675106541345903,0.3722564090503117,0.41505158420446775,0.10829257786449278,0.21499025897733648
57,"[[ 0.12897566 -0.50211824 -0.34739734 -0.28786936 -0.5113988  -0.23680525
  -0.23797717 -0.36518728  0.14173401]
 [ 0.04423938 -0.20078196  0.2761626  -0.31950869  0.55716131 -0.11196024
   0.46946624  0.48561808 -0.01380578]
 [-0.03137317  0.50595826  0.51775782  0.3372629   0.46436397 -0.37083182
   0.04861194 -0.02116265  0.07239771]
 [ 0.18462213 -0.10690946 -0.31782266 -0.71081345  0.3961536  -0.22360739
   0.27516188 -0.25018049  0.05455052]]","['bbo_main', 'random_fill', 'random_fill', 'random_fill']","[[1.00000000e+00 6.26087367e-02 2.23963563e-10 3.61212120e-01
  1.45757439e-03 1.61999768e-01 5.75085935e-08 1.09663937e-01
  1.00000000e+00]
 [2.69170498e-01 4.55822650e-01 3.12259042e-01 1.11840576e-01
  5.75224156e-01 5.41420793e-03 4.20177940e-01 5.69733428e-02
  1.00000000e+00]
 [1.45454481e-10 6.24226543e-01 5.35898110e-01 1.39221032e-01
  6.20468730e-01 7.96953942e-11 1.18501092e-02 5.56100519e-02
  1.00000000e+00]
 [9.99999999e-01 5.45525560e-01 1.55318270e-10 1.28050966e-01
  4.93367787e-01 5.79885552e-03 4.36737914e-01 5.34337717e-02
  1.00000000e+00]]",[0.05613509 0.50189454 1.00017234 0.39078875],4,0.2578633809042191,0.3880925314389051,0.4311691908651142,0.10777405066099979,0.21683949530056817
58,"[[ 0.05571071 -0.57325079 -0.03358416  0.44857136  0.3784079   0.19419952
   0.38942457 -0.1860384  -0.31427362]
 [ 0.1028156  -0.52962887  0.39144285  0.19252114  0.54168731  0.43665143
  -0.02549568 -0.16766234 -0.0760264 ]
 [ 0.2860369  -0.40758689 -0.04362537  0.54591248 -0.20061314  0.28550221
   0.48953252  0.00886442 -0.30108867]
 [ 0.00222412 -0.58658924  0.07611418  0.34819524 -0.09807239  0.42743961
   0.31898294  0.45522525  0.16604775]]","['bbo_main', 'random_fill', 'random_fill', 'random_fill']","[[2.75382781e-01 1.43629985e-01 4.37149635e-02 6.59193917e-01
  9.68671354e-02 4.68846186e-02 3.18722225e-01 4.49927141e-02
  6.84278522e-01]
 [8.74686458e-01 1.39625756e-01 7.59900892e-01 2.77358163e-01
  2.61152121e-01 2.24200211e-01 5.84477812e-08 4.16862861e-02
  1.00000000e+00]
 [1.00000000e+00 1.67472597e-01 4.16285715e-02 6.14742549e-01
  3.47420777e-02 1.03160832e-01 4.56771932e-01 4.76096723e-02
  1.00000000e+00]
 [2.11900365e-01 1.25250122e-01 5.45551459e-02 5.01781910e-01
  4.20331455e-02 3.20245018e-01 2.92854953e-07 6.04531762e-01
  1.00000000e+00]]",[0.17369061 0.52318119 0.49697784 0.6798805 ],4,0.2196485824974292,0.4128835032679374,0.45630592034962786,0.10604262909025527,0.20167731594584715
59,"[[ 0.1663884   0.15816101  0.34992858  0.44593854 -0.2658768   0.42520245
   0.40634965 -0.30027678 -0.3452753 ]
 [ 0.04529341  0.52905633  0.38505539  0.45425015 -0.21450727  0.39353818
  -0.16622809  0.02556277 -0.36642347]
 [ 0.06718304 -0.0357921   0.27619477 -0.57960097  0.34612029 -0.31917928
  -0.09531175 -0.19547944 -0.55947594]
 [-0.02429993 -0.04073018  0.42805924 -0.52153265 -0.50562017 -0.30141985
  -0.33510617  0.26620923 -0.11335951]]","['bbo_main', 'random_fill', 'random_fill', 'random_fill']","[[9.99999987e-01 2.41666858e-01 4.15426593e-01 3.35214139e-01
  4.84599956e-02 4.58188868e-01 2.01608037e-01 1.93487471e-02
  9.99999999e-01]
 [8.85995435e-02 6.49223312e-01 5.00882674e-01 1.82672463e-01
  1.41980649e-01 4.23038905e-01 7.33193397e-08 2.03130602e-02
  8.20357721e-01]
 [2.71155973e-01 5.42872485e-01 2.98036503e-01 1.10038182e-01
  1.64608504e-01 2.73215816e-02 3.09652271e-08 6.92894764e-02
  1.76620352e-01]
 [1.86275543e-01 3.72979973e-01 9.99999998e-01 7.17854170e-02
  9.50675912e-02 2.49732686e-02 3.57497951e-08 1.16813504e-01
  1.00000000e+00]]",[ 0.41224193  0.45928225 -0.04678123  0.23304455],4,0.24305138807687515,0.40147260609073077,0.44475007496536956,0.10599827097336431,0.22256151774151012
60,"[[ 0.07240823 -0.52717184 -0.31379852  0.59753444  0.36960796  0.06017393
   0.06163622  0.33993576  0.04175755]
 [ 0.14707657 -0.4000529  -0.34254428 -0.61342093  0.26925739  0.17837248
  -0.07446831 -0.44604481 -0.12604186]
 [ 0.09847042 -0.22061686  0.66288771 -0.38122203 -0.36124178 -0.3354462
   0.18904032  0.27943555 -0.00641679]
 [ 0.1338666   0.1936511  -0.19920607  0.55174758 -0.50178565 -0.3398078
  -0.24058432 -0.22544622 -0.35285343]]","['bbo_main', 'random_fill', 'random_fill', 'random_fill']","[[2.71920386e-01 1.19563308e-01 8.46423598e-11 9.41177050e-01
  1.36696107e-01 6.55455235e-03 5.34322966e-08 1.19850331e-01
  1.00000000e+00]
 [9.99999996e-01 3.55598696e-01 5.10742484e-10 1.68985008e-01
  6.93833759e-01 2.11549067e-01 1.64968282e-07 4.73637236e-02
  1.00000000e+00]
 [9.99999999e-01 2.13741510e-01 1.00000000e+00 1.39773922e-01
  1.03956592e-01 3.24747721e-03 3.83820846e-02 8.36810471e-02
  1.00000000e+00]
 [9.99999998e-01 2.81394347e-01 2.42300658e-02 5.93026198e-01
  9.28721647e-02 4.33520202e-03 2.56299122e-08 5.74469711e-02
  4.86717328e-01]]",[ 0.65246192 -0.02145447  0.64649787  0.27796677],4,0.22621388450180735,0.39552385112700483,0.43871618160832554,0.10566725708982022,0.21128183689322208
61,"[[ 0.07546451 -0.67432515  0.14408189 -0.39576775 -0.05374092 -0.27903262
   0.30003344  0.30091197 -0.31762184]
 [-0.34860195 -0.33238688  0.09982902 -0.67840742  0.30708648 -0.26312892
   0.21881996 -0.22306759  0.19134503]
 [ 0.1469519   0.43434069  0.31938198 -0.47756541  0.19813096 -0.21983352
   0.33476692  0.39223132  0.32585699]
 [ 0.10424548  0.32043175 -0.08413824 -0.03015838 -0.551754   -0.24704742
   0.39939545 -0.21528162 -0.55420194]]","['bbo_main', 'random_fill', 'random_fill', 'random_fill']","[[9.99999999e-01 1.94463925e-01 5.87993248e-01 1.57558219e-01
  5.66550114e-02 4.40441412e-02 3.39008159e-01 7.78836622e-02
  8.60908832e-01]
 [5.52647847e-11 4.58566685e-01 3.15646054e-01 8.86872938e-02
  4.71129378e-01 1.00354402e-02 4.90355139e-01 6.00112813e-02
  1.00000000e+00]
 [9.99999999e-01 7.56611890e-01 2.81930394e-01 4.82479697e-03
  1.58885120e-01 2.59037915e-10 4.45760023e-01 1.14847297e-01
  1.00000000e+00]
 [2.75382864e-01 5.40144089e-01 4.93892456e-02 2.28390201e-01
  1.26041532e-01 1.28704315e-02 1.83243689e-01 5.34051402e-02
  1.52146050e-01]]",[-0.19693267  0.24621777  1.11492802  0.09538972],4,0.2277766073423642,0.43773066608824696,0.48138645855831885,0.10390618212997375,0.20324205505988094
62,"[[ 0.09158231  0.40268409  0.51581759  0.36694499 -0.39144583 -0.20344792
   0.2238143  -0.23784627 -0.35701149]
 [ 0.12482395 -0.14149454 -0.29870762 -0.24968648 -0.03265689 -0.21962286
   0.22521556  0.63072196 -0.56124485]
 [ 0.14965662 -0.35562039  0.46128205  0.23487108  0.63383436 -0.16369029
  -0.08111518  0.33602679  0.1875028 ]
 [-0.19877387 -0.52687475 -0.54385337  0.09319391 -0.18715708 -0.40392238
  -0.29951557  0.22838792 -0.19590478]]","['bbo_main', 'random_fill', 'random_fill', 'random_fill']","[[8.68081855e-01 3.48676849e-01 9.54411862e-01 2.21492415e-01
  9.45366111e-02 3.45580337e-04 4.47968576e-02 4.60331530e-02
  9.73667645e-01]
 [9.99999983e-01 4.00247338e-01 2.42301177e-02 2.17329531e-01
  1.03087809e-01 4.14323725e-02 4.55134292e-03 8.50861411e-01
  9.99999999e-01]
 [1.00000000e+00 2.03018326e-01 7.47002533e-01 2.49149588e-01
  4.01914405e-01 8.43961929e-04 5.68196095e-09 7.15600963e-02
  1.00000000e+00]
 [7.53365649e-12 1.53397504e-01 2.72676408e-12 5.59956585e-01
  8.93980494e-02 5.63577552e-02 8.94817709e-10 6.85118224e-01
  1.00000000e+00]]",[ 0.40787608 -0.0293397   0.94671398 -0.10756442],4,0.22600378349344552,0.4277851255558205,0.4713609187056815,0.1039248130557327,0.19363195201944045
63,"[[ 0.00429417 -0.00268926  0.37123541  0.69520176 -0.28666306  0.0337535
   0.31986969  0.25596663 -0.35735497]
 [ 0.1349118   0.10466993 -0.02986456 -0.02997316  0.61423119  0.12161155
   0.03755543  0.55012038 -0.52243714]
 [-0.1400611  -0.17500186 -0.35269776 -0.50563322  0.44352359 -0.18835769
   0.07375539 -0.52304199 -0.2418512 ]
 [-0.33313165 -0.29692806 -0.32037873 -0.15580075 -0.35577844 -0.05356974
   0.43127809  0.59587628  0.05850872]]","['bbo_main', 'random_fill', 'random_fill', 'random_fill']","[[9.09229487e-02 1.69605274e-01 4.18934816e-01 6.74183944e-01
  6.90417691e-02 1.02064411e-02 1.75599469e-01 5.59273663e-02
  8.52086684e-01]
 [9.99999990e-01 5.02954843e-01 4.40624167e-02 2.09329175e-01
  2.99252948e-01 1.94953920e-02 1.34988618e-07 6.83595781e-02
  2.97698531e-01]
 [3.87395270e-10 5.32921407e-01 1.07631509e-09 1.89431117e-01
  9.37965373e-01 5.78924705e-02 8.27989164e-03 5.17193073e-02
  1.00000000e+00]
 [9.34089686e-11 3.09249818e-01 3.21703334e-02 3.30226043e-01
  6.08777029e-02 7.30998887e-02 1.56183120e-01 8.37369848e-01
  1.00000000e+00]]",[ 0.37069148  0.24822448 -0.05223151  0.44567989],4,0.2132762063960471,0.4531637136967406,0.4969085854956921,0.10195524290999453,0.19942725284064433
64,"[[-0.00753696  0.32416564  0.29607567  0.58126479  0.2349783   0.35344402
   0.34694343  0.32229879 -0.25484611]
 [ 0.03691882  0.36376069  0.3545545   0.49589158  0.01460145  0.14768048
   0.42779817  0.36133855 -0.39887123]
 [-0.05664464  0.40265216 -0.12445907  0.63463972 -0.3297459   0.20727723
   0.30369751 -0.27160647  0.31417596]
 [ 0.09324182  0.26949655  0.13975362 -0.24931404 -0.63240437  0.49787413
  -0.21301479  0.36069314 -0.11704796]]","['bbo_main', 'random_fill', 'random_fill', 'random_fill']","[[2.89546365e-09 4.18530933e-01 6.38849862e-02 6.52613629e-01
  1.25464334e-01 3.24448581e-01 2.63485702e-01 2.09196824e-02
  1.00000000e+00]
 [8.86325841e-02 4.93823353e-01 1.21667274e-01 3.09006099e-01
  1.21768790e-01 4.67091902e-03 2.81855552e-01 4.52154621e-02
  2.84543920e-01]
 [2.21347814e-10 3.37080081e-01 1.80435541e-10 7.76687444e-01
  7.03354475e-02 1.71717645e-01 2.78473622e-01 3.42233287e-02
  1.00000000e+00]
 [8.67480925e-01 4.79698955e-01 1.65343412e-01 1.22393915e-01
  5.57026181e-02 7.83642534e-01 2.71769527e-08 5.90198852e-02
  1.00000000e+00]]",[0.52139618 0.40516374 1.03049549 0.4619244 ],4,0.22921227243935616,0.47460578714762686,0.5184043347416545,0.10095830121388917,0.20751180628989585
65,"[[ 0.02455731 -0.31166917  0.27345035 -0.53297533  0.23543589  0.36733223
   0.31509256  0.38075009 -0.32985525]
 [-0.04765999 -0.57634991  0.12760251 -0.44040639 -0.26624459  0.46833298
  -0.18841849 -0.24202754 -0.2664738 ]
 [-0.06881455 -0.82253992  0.04442198 -0.34308995  0.21241265  0.29329203
  -0.14345179 -0.16730892  0.13891932]
 [-0.28777009 -0.39516264  0.49922788 -0.22456075 -0.4576614  -0.01776678
   0.18854464  0.456376   -0.08821058]]","['bbo_main', 'random_fill', 'random_fill', 'random_fill']","[[2.71155972e-01 2.72923337e-01 5.17644022e-01 1.29528197e-01
  1.22138259e-01 3.63917321e-01 2.07369317e-02 4.35177931e-01
  1.00000000e+00]
 [1.80758435e-01 2.09589579e-01 4.14747613e-01 1.91642905e-01
  3.20481106e-02 8.13198439e-01 6.95918392e-08 5.99280596e-02
  1.00000000e+00]
 [6.23734021e-02 1.59690957e-01 4.34747442e-01 2.10552160e-01
  7.76384767e-02 7.27173753e-01 3.69098972e-08 6.18581164e-02
  1.00000000e+00]
 [5.21773066e-11 2.00132342e-01 9.54411866e-01 2.24049596e-01
  9.55889329e-02 4.69289047e-02 1.39377565e-02 2.83654208e-01
  1.00000000e+00]]",[-0.00108119 -0.06955285  0.1697652   0.34636058],4,0.22031995290506123,0.46063890375132527,0.5044117056894735,0.10090488969648535,0.2079455689482615
66,"[[ 0.01744408 -0.86545928  0.08107068  0.18872519  0.31400244 -0.23943736
  -0.08490247  0.2034755  -0.06283143]
 [ 0.04788774 -0.55025705  0.38152116  0.51321399 -0.19122698  0.45389546
  -0.20761358 -0.01666347 -0.00265232]
 [-0.29081051  0.20941032  0.29022116 -0.49535715 -0.03532912 -0.3051658
   0.65279794  0.09147621 -0.11437738]
 [ 0.04217297  0.30695619  0.58512151  0.03610395 -0.44918979  0.26684422
  -0.10200817  0.52332132  0.05550209]]","['bbo_main', 'random_fill', 'random_fill', 'random_fill']","[[2.42208465e-01 1.11672318e-01 9.55429701e-02 6.20168386e-01
  5.71684288e-01 3.10974313e-02 7.83765893e-08 7.15828674e-02
  1.00000000e+00]
 [2.42208464e-01 1.05447654e-01 5.78219046e-01 4.81793979e-01
  4.06397264e-02 5.20809414e-01 1.55531454e-08 2.80645940e-02
  1.00000000e+00]
 [2.12843343e-10 5.99476690e-01 2.90355453e-01 7.19421009e-02
  9.82630925e-02 3.62195795e-04 8.72619075e-01 4.73994253e-02
  1.00000000e+00]
 [2.42208464e-01 3.92082677e-01 8.24120773e-01 1.27950584e-01
  1.08780736e-01 1.52381104e-01 1.09847893e-08 3.83758262e-01
  1.00000000e+00]]",[0.15616269 0.64694335 0.63018726 0.86552696],4,0.20365081738984572,0.47810018999936277,0.5218998100006372,0.09969787692949222,0.2040022042718671
67,"[[-0.02416984  0.46678227  0.25951101 -0.07979992  0.09724525  0.4813034
   0.46939363 -0.20041725 -0.4541025 ]
 [ 0.08498124  0.43686283  0.53783263 -0.3772852   0.20652015  0.11300455
  -0.25523563 -0.2531003  -0.43092389]
 [-0.258789   -0.0890698   0.25374681 -0.61945715 -0.52976699 -0.17439225
   0.1633834  -0.10390339 -0.35836357]
 [-0.20311431  0.33896379 -0.332977   -0.3753428   0.20833807  0.40070207
   0.15161909  0.43928146 -0.41493224]]","['bbo_main', 'random_fill', 'random_fill', 'random_fill']","[[2.11631551e-09 7.39098880e-01 2.21957653e-01 7.82278466e-02
  1.38998855e-01 2.17357182e-01 4.89966586e-01 3.86499155e-02
  8.36409040e-01]
 [3.91955969e-01 5.94299672e-01 6.45889102e-01 5.86523680e-02
  1.64389781e-01 7.00857186e-02 5.06469160e-08 4.48883000e-02
  6.01305477e-01]
 [6.60963335e-10 4.34161021e-01 4.09938996e-01 1.06120399e-01
  1.01879291e-01 1.01657271e-01 1.58899552e-02 7.07894365e-02
  2.62176026e-01]
 [3.55372525e-10 7.32901190e-01 1.66539178e-10 1.32678247e-01
  1.62313809e-01 2.35238616e-01 8.74535059e-03 7.12355342e-02
  3.23099989e-01]]",[ 0.35691351  0.38957957 -0.17080093  0.2252577 ],4,0.22096476623055689,0.4815956652583456,0.5253942128523732,0.09922620620602535,0.2027366848410641
68,"[[ 0.09798985  0.44939294  0.37612093  0.2262097   0.54176155  0.50184021
   0.10030915 -0.18144964 -0.08643568]
 [ 0.17823654  0.60450659  0.25761141  0.24581959 -0.41732102  0.35738799
   0.09431272  0.32641585 -0.24225484]
 [-0.0906705  -0.77992483 -0.06293848 -0.03949711  0.12128542  0.32028268
   0.32584101 -0.37442314  0.11966053]
 [ 0.14770287 -0.6983114   0.31669037  0.37136876 -0.36728612 -0.22293621
  -0.14740646 -0.09164929 -0.19393192]]","['bbo_main', 'random_fill', 'random_fill', 'random_fill']","[[3.33970571e-01 6.79889477e-01 3.37457662e-01 1.05650797e-01
  4.93082478e-01 3.96975978e-01 7.36935627e-09 2.50612478e-02
  1.00000000e+00]
 [1.00000000e+00 9.53105660e-01 7.68453917e-02 1.16772096e-01
  1.00456170e-01 3.21957846e-01 1.43101469e-07 4.73127879e-02
  1.00000000e+00]
 [2.51438744e-10 1.48282123e-01 5.50619493e-02 4.28187587e-01
  4.46587906e-02 6.14028848e-01 2.78257831e-01 5.05503122e-02
  1.00000000e+00]
 [9.99999992e-01 8.43381816e-02 8.72887131e-01 3.63775964e-01
  7.10114493e-02 2.65499884e-02 2.07767985e-07 6.14959522e-02
  1.00000000e+00]]",[0.86445598 0.64922652 0.2574538  0.26877005],4,0.21955663268795167,0.49508826179982296,0.5388625747430811,0.09892974175466311,0.192799221986943
69,"[[ 0.00255163 -0.38118149 -0.29750776 -0.6958964  -0.23586816 -0.18566896
   0.28309429  0.33398748 -0.01071094]
 [ 0.20253047 -0.50045447 -0.40620416  0.07533511 -0.27949202 -0.2812784
   0.15729749  0.38003514 -0.45983366]
 [ 0.10040439 -0.22701908  0.27073129 -0.11426061 -0.10246168 -0.02070778
   0.69022034  0.01675887 -0.6036706 ]
 [ 0.07652315 -0.60522988  0.2442946   0.40884193  0.3078716   0.13187108
  -0.10506201 -0.52533524 -0.04265426]]","['bbo_main', 'random_fill', 'random_fill', 'random_fill']","[[2.75382781e-01 3.93908486e-01 2.42301161e-02 1.79552010e-01
  5.90484019e-02 5.94053376e-02 4.04856372e-01 5.91636737e-01
  1.00000000e+00]
 [1.00000000e+00 2.17204496e-01 2.42301178e-02 3.72336208e-01
  6.95520969e-02 5.98317118e-02 2.03674213e-03 8.51045819e-02
  2.69735337e-01]
 [2.75382782e-01 3.73724338e-01 1.39613029e-01 2.25522115e-01
  5.45224853e-02 3.83191197e-02 6.34776662e-01 5.59886471e-02
  6.04654586e-01]
 [3.98249645e-01 7.27514077e-02 6.14819449e-01 6.39140838e-01
  1.16738548e-01 7.28725446e-02 1.15021991e-08 4.48882990e-02
  1.00000000e+00]]",[-0.00506271 -0.01560178  0.02251831  0.37726323],4,0.22638109857908534,0.5156076056018335,0.559283945641675,0.09697843543835544,0.18496427019041783
70,"[[ 0.09172533  0.03755228  0.60823825  0.26105321  0.44320893 -0.02660434
   0.25763062  0.50824621  0.17390817]
 [ 0.42299141  0.5221715   0.39387675  0.32639777  0.40655025 -0.04062695
   0.3216451  -0.0846496   0.09584365]
 [ 0.33036551 -0.56528636  0.01872308 -0.56311323  0.26171683  0.18217496
  -0.20480666  0.21092057  0.25641027]
 [ 0.00823366 -0.21375803 -0.28716385 -0.6894087   0.31089695 -0.19454934
   0.28866307  0.4024155  -0.12931094]]","['bbo_main', 'random_fill', 'random_fill', 'random_fill']","[[3.33970570e-01 1.97985356e-01 9.54411809e-01 2.71386703e-01
  1.51603288e-01 3.45581279e-04 1.35614014e-02 2.76634106e-01
  1.00000000e+00]
 [1.00000000e+00 7.90898499e-01 2.99855118e-01 1.03984004e-01
  4.36824020e-01 1.02343201e-02 1.16023505e-01 4.71824702e-02
  1.00000000e+00]
 [1.00000000e+00 1.93587970e-01 3.66090594e-01 1.07151489e-01
  3.90103017e-01 2.67976864e-01 2.61184351e-07 8.38013831e-02
  1.00000000e+00]
 [2.75382781e-01 4.44285517e-01 9.74643763e-11 1.71240426e-01
  2.49345080e-01 3.26468141e-02 3.24297431e-02 8.32991489e-01
  1.00000000e+00]]",[1.07460747 1.29436537 0.59244965 0.0756714 ],4,0.20881626510329387,0.521119095753204,0.5647565496936862,0.09719612034357829,0.18901414626856905
71,"[[ 0.00372721  0.1940084  -0.04324565 -0.71244538  0.38549752  0.14960958
   0.30716106  0.37211671 -0.2215584 ]
 [-0.13155638  0.51012077  0.36611602  0.34833112 -0.51811184  0.20553219
   0.27537609 -0.28385997 -0.00153959]
 [ 0.00670558  0.56947318  0.26126598  0.46519921 -0.46223866 -0.0021052
   0.28169339 -0.31106936  0.03465245]
 [ 0.26225169  0.42696901 -0.43041816 -0.40943492  0.31766617  0.23849889
   0.24152751 -0.05162688 -0.4209874 ]]","['bbo_main', 'random_fill', 'random_fill', 'random_fill']","[[1.34157633e-01 7.68656527e-01 1.18386798e-01 2.05450300e-02
  4.15448616e-01 5.22022226e-02 7.66039350e-02 3.87042638e-01
  1.00000000e+00]
 [1.35587520e-10 8.49233390e-01 4.64336196e-01 1.41318512e-01
  8.33708834e-02 1.35668094e-01 1.87168103e-01 4.01362318e-02
  1.00000000e+00]
 [3.53845996e-02 9.87468094e-01 8.13602200e-02 2.81996509e-01
  8.67665055e-02 4.98358144e-04 2.44646735e-01 4.48882991e-02
  1.00000000e+00]
 [9.99999999e-01 7.48275353e-01 1.31846997e-10 1.15190660e-01
  1.83530971e-01 8.56160059e-02 4.48521696e-04 4.75143397e-02
  4.20520868e-01]]",[0.24382967 0.67573583 0.76451164 0.43392122],4,0.20351459690871757,0.5201168076765645,0.5637617297327334,0.09705481155847592,0.22777247605551465
72,"[[-0.14910342 -0.47325821 -0.28816569 -0.4804967   0.42214483  0.20133624
   0.29324323 -0.11244257 -0.35000119]
 [-0.36310354 -0.1111451  -0.35717395 -0.03594237 -0.06884477  0.59654836
   0.36603086  0.46754909  0.1172485 ]
 [-0.25164035  0.62690271 -0.30559912  0.27529335  0.25656053 -0.2581473
  -0.10389789  0.19431938 -0.43985765]
 [-0.2932374   0.00768399  0.00911126 -0.04679931  0.32558021  0.63527963
  -0.31518368  0.50817162  0.21099232]]","['bbo_main', 'random_fill', 'random_fill', 'random_fill']","[[5.33110300e-11 3.62049825e-01 2.75079962e-02 2.49362950e-01
  2.03754551e-01 1.46121895e-01 1.96047825e-02 5.90497592e-02
  1.47211092e-01]
 [3.46995360e-10 3.70462326e-01 5.74018383e-10 2.82800771e-01
  8.49816307e-02 9.70794912e-01 2.30733230e-02 5.84389546e-02
  1.00000000e+00]
 [8.30912217e-10 8.22681966e-01 4.12238452e-10 2.00759586e-01
  2.10414062e-01 1.25678642e-09 2.69732996e-07 5.57235459e-02
  2.88477314e-01]
 [1.81296656e-11 4.12308998e-01 6.20559107e-02 2.61150048e-01
  1.40327003e-01 9.79162865e-01 2.91407500e-09 5.22447018e-02
  1.00000000e+00]]",[-0.23606922  0.6749531   0.50893246  0.89678346],4,0.22649416423943974,0.5271346848478236,0.5707236088309136,0.09594655029427482,0.17888073802699755
73,"[[-0.09231472 -0.23971534 -0.26908847 -0.72901412 -0.41951333  0.17924313
  -0.21693906  0.2260112   0.15453543]
 [ 0.00467104 -0.11609939 -0.10605804 -0.8008384  -0.12263247  0.53543541
   0.15255423  0.02757062 -0.09025484]
 [ 0.04118301 -0.30472741  0.12762632 -0.52701018  0.46792397  0.3806904
  -0.25869092 -0.31456125 -0.28577817]
 [-0.31134258  0.07717132  0.22488828  0.02922871 -0.14906688 -0.26295907
   0.40602527 -0.21694716 -0.73647154]]","['bbo_main', 'random_fill', 'random_fill', 'random_fill']","[[7.54997646e-09 4.26333011e-01 4.72501836e-09 1.08503830e-01
  4.10968826e-02 3.96059551e-01 5.13553960e-07 4.34184040e-01
  1.00000000e+00]
 [2.75382781e-01 4.45120835e-01 6.82504341e-02 1.58627403e-01
  8.74038618e-02 9.45113105e-01 7.50035479e-03 5.47668512e-02
  1.00000000e+00]
 [3.38197380e-01 3.89083311e-01 3.60532489e-01 1.02765254e-01
  7.08310877e-01 2.58557882e-01 9.50324925e-10 4.57202009e-02
  1.00000000e+00]
 [3.51843663e-11 4.74709043e-01 1.09988201e-01 2.84414144e-01
  1.24960768e-01 3.75139113e-02 2.13088628e-02 6.12246798e-02
  2.91230464e-02]]",[0.12511665 0.22306244 0.0169249  0.01511103],4,0.20528393812957665,0.5492192988010374,0.5925753718417108,0.09418631351581562,0.1738893234767286
74,"[[-0.08229384 -0.84566232 -0.03078332 -0.19661722  0.12903924 -0.18983467
  -0.19012894 -0.36200742 -0.13634626]
 [-0.1608296   0.43302529 -0.34659056  0.3976223   0.51358774  0.18765182
  -0.01634374  0.43478086  0.14180036]
 [ 0.10848726 -0.68208386 -0.21855751  0.34041017  0.16284638  0.53250117
   0.04282824 -0.21769587  0.0065915 ]
 [-0.00967798 -0.17456823  0.37164617 -0.62888074 -0.59274708 -0.03643282
   0.24732863 -0.04037469 -0.14262675]]","['bbo_main', 'random_fill', 'random_fill', 'random_fill']","[[5.98054469e-02 8.43072774e-02 3.09213950e-01 4.39080658e-01
  6.90153014e-02 1.03549004e-01 2.25270512e-07 7.88172164e-02
  5.12174868e-01]
 [1.34530485e-10 6.70177831e-01 5.98375586e-10 2.45570074e-01
  9.20660242e-01 5.35560842e-02 3.51215266e-08 6.95629953e-02
  1.00000000e+00]
 [4.59284073e-01 1.36765443e-01 3.02973469e-02 5.02048749e-01
  6.28853216e-02 8.03038177e-01 1.95237921e-08 4.33519342e-02
  1.00000000e+00]
 [2.52056884e-01 2.82269932e-01 9.32854511e-01 1.11727087e-01
  8.10506697e-02 6.17756321e-02 2.75420764e-01 6.53501652e-02
  1.00000000e+00]]",[-0.28118366  1.04278282  0.55583514  0.09727502],4,0.20971641981105005,0.5668177738864266,0.6099262876910592,0.09382145998221034,0.19266746687090341
75,"[[ 0.01305241 -0.3782242  -0.3304214  -0.7098532  -0.0881756  -0.09286811
   0.18282126 -0.27774133 -0.34167665]
 [-0.3340669  -0.8333364   0.17777039 -0.01017672 -0.15842635 -0.09304065
  -0.17800199  0.26064109 -0.16991149]
 [-0.06337555 -0.26692411 -0.2845679  -0.73681984  0.07057694 -0.2053914
  -0.17184647 -0.46782569 -0.07275902]
 [ 0.04696245  0.13592761 -0.26648283 -0.59591984  0.32462052  0.38837
   0.37424635 -0.29996099  0.25872377]]","['bbo_main', 'random_fill', 'random_fill', 'random_fill']","[[2.75382781e-01 4.24872250e-01 2.42454195e-02 1.92731743e-01
  9.72864963e-02 1.15698984e-01 1.69555506e-02 6.61861706e-02
  7.71920226e-02]
 [3.18216051e-11 6.60694816e-02 7.69401752e-01 3.44784534e-01
  5.22629118e-02 8.61592621e-02 1.15249719e-08 2.59953560e-01
  1.00000000e+00]
 [2.89475062e-02 6.64703286e-01 1.54173394e-09 3.79130516e-02
  3.83638076e-01 1.40251548e-02 2.76565162e-07 4.50840345e-02
  8.89665824e-01]
 [3.96469457e-01 6.95053603e-01 1.47112811e-10 7.03951565e-02
  2.20481119e-01 2.62747266e-01 5.39609090e-01 4.37327227e-02
  1.00000000e+00]]",[-0.36290556 -0.04024307 -0.26882236  0.69231452],4,0.1974837188658629,0.5688308091348858,0.6119074685610949,0.09369164873296788,0.1788373905672734
76,"[[-0.18614898 -0.0709963  -0.40330624  0.02503809 -0.57544268  0.35560689
  -0.03092083 -0.25327478 -0.52376569]
 [ 0.09854297 -0.10531193  0.32664651  0.06709872  0.42159949 -0.38032557
   0.43641031  0.39283249 -0.44814451]
 [-0.32653369 -0.27602913 -0.20546011 -0.03277637 -0.56161578  0.15674128
   0.43449969  0.05734413 -0.49176934]
 [ 0.10770994 -0.11848593  0.28423053  0.28170502  0.57035097 -0.43735167
   0.13555147 -0.28876372 -0.4425828 ]]","['bbo_main', 'random_fill', 'random_fill', 'random_fill']","[[2.03829567e-10 3.80913591e-01 9.28084212e-04 3.04374200e-01
  7.93867096e-02 1.76421142e-01 5.58533892e-08 5.22501599e-02
  1.01264793e-01]
 [8.78913268e-01 3.43302948e-01 4.27500143e-01 1.85478993e-01
  2.00745582e-01 1.73274580e-04 2.60064905e-01 5.30228192e-02
  6.04349209e-01]
 [7.25805060e-10 2.83137311e-01 4.52886736e-02 3.29502151e-01
  3.99440947e-02 1.16421345e-01 3.17915297e-01 6.33031699e-02
  3.54114410e-01]
 [3.83295162e-01 3.69091989e-01 1.14096728e-01 3.40144602e-01
  9.35220118e-01 1.75518357e-03 3.37884520e-08 6.31931345e-02
  1.00000000e+00]]",[-0.06901541  0.15060031 -0.1348227   0.1976081 ],4,0.19548997142733357,0.5643019962275474,0.6074492952054265,0.09326718723826985,0.18596224687229307
77,"[[ 0.07982582  0.57663778  0.375972    0.41254304  0.43681877 -0.22721115
  -0.03313189  0.32562255 -0.00258739]
 [ 0.17549813 -0.12226647  0.34634039  0.50525448  0.52364122 -0.05860522
  -0.12865455  0.47813582 -0.23710126]
 [ 0.19010297  0.29102359  0.33511599  0.58746517  0.40360643  0.31243108
  -0.27135742 -0.29445787 -0.02994102]
 [-0.57079383 -0.12467247  0.19086866  0.34292306 -0.11487945  0.27560077
   0.54442132 -0.16825606  0.30127456]]","['bbo_main', 'random_fill', 'random_fill', 'random_fill']","[[3.10614606e-01 7.97212620e-01 2.87427699e-01 1.32127956e-01
  6.51373175e-01 5.68915899e-09 5.43683460e-07 6.30083546e-02
  1.00000000e+00]
 [1.00000000e+00 2.33439917e-01 1.99219165e-01 4.38185338e-01
  1.72618640e-01 3.43224579e-03 2.73322057e-08 6.13620982e-01
  1.00000000e+00]
 [9.99999999e-01 3.88142629e-01 2.35198306e-01 4.67365343e-01
  3.48946571e-01 2.95830167e-01 4.16949142e-07 2.18386802e-02
  1.00000000e+00]
 [2.15059704e-10 2.95772648e-01 8.24919125e-02 3.76805877e-01
  3.88915715e-02 7.70658600e-02 8.85885730e-01 5.11942144e-02
  1.00000000e+00]]",[0.94953278 0.583831   0.85333312 0.8998133 ],4,0.20277470303541245,0.5894858005485444,0.632193192527502,0.09241546747534751,0.18472537263336974
78,"[[ 0.03674268 -0.61414668  0.33379053 -0.20927519 -0.43415649  0.18873955
   0.36106407 -0.3012166   0.14508077]
 [-0.00990785 -0.80925992 -0.09833587 -0.51861386  0.17374832 -0.11971949
   0.07532242 -0.05572873 -0.11432209]
 [-0.3711779  -0.30465537  0.04461855 -0.09819832 -0.49931291 -0.12741991
  -0.40980667  0.46191872 -0.33304462]
 [ 0.18154128 -0.27020115  0.23820549  0.26716969  0.58809275 -0.13588762
   0.5735577  -0.11405882  0.24416435]]","['bbo_main', 'random_fill', 'random_fill', 'random_fill']","[[3.23934426e-01 1.65003377e-01 8.08006863e-01 2.02448065e-01
  4.48815394e-02 1.80418094e-01 3.55083683e-01 4.62263530e-02
  1.00000000e+00]
 [3.38197380e-01 1.37355118e-01 2.80691190e-01 2.12376965e-01
  4.78854323e-01 1.66843208e-01 2.57531376e-02 1.09086177e-01
  1.00000000e+00]
 [4.12654108e-10 2.65695376e-01 1.04858120e-01 3.49165790e-01
  5.93325339e-02 7.91292195e-02 9.96999929e-08 9.20525064e-01
  1.00000000e+00]
 [9.99999999e-01 3.18064394e-01 1.05451459e-01 2.72690415e-01
  3.68125707e-01 2.28657643e-09 5.66987094e-01 4.50524888e-02
  1.00000000e+00]]",[ 0.41183463 -0.30748624 -0.05809944  0.97429123],4,0.1979473708864073,0.5658113940443992,0.6089355594748076,0.09275745828132888,0.18202706929515633
79,"[[ 0.20244557 -0.68771761  0.14086327  0.35735559  0.27634458  0.27911305
  -0.1446552   0.36259588 -0.17844741]
 [ 0.01756062  0.20176935 -0.23420779 -0.63538938 -0.48108214 -0.34719894
  -0.21409193 -0.29336065  0.128549  ]
 [ 0.04059947 -0.8938245  -0.21732903  0.0158174   0.02172323 -0.11954039
   0.28620866  0.09664727  0.21431158]
 [ 0.10771632  0.18896806  0.14815729 -0.49719034  0.28925526  0.43177358
   0.38487427  0.38443115 -0.34282197]]","['bbo_main', 'random_fill', 'random_fill', 'random_fill']","[[1.00000000e+00 1.20565946e-01 7.32161369e-02 5.14846625e-01
  8.21659350e-02 1.68997862e-01 3.44566688e-08 5.31375510e-01
  1.00000000e+00]
 [4.09454732e-01 1.00000000e+00 8.18353303e-10 2.39426137e-02
  1.23813666e-01 1.94768173e-02 1.73554101e-07 6.29386438e-02
  1.00000000e+00]
 [4.69045855e-01 9.89288080e-02 4.50549463e-02 4.33969625e-01
  1.27057926e-02 9.47729253e-02 5.81419267e-01 9.28632632e-02
  1.00000000e+00]
 [9.99999995e-01 5.83130254e-01 3.06362458e-01 1.13686369e-02
  1.94985438e-01 4.77541381e-01 1.15433564e-01 6.07428159e-02
  1.00000000e+00]]",[0.3979298  0.23750512 0.30633115 0.24519395],4,0.2131995931998104,0.5915030291026646,0.6341701801259344,0.09146846215373332,0.1895458840836925
80,"[[ 0.09708123  0.45380871  0.35186074 -0.36242014 -0.40827734 -0.05410347
  -0.10644986  0.39746481 -0.43652162]
 [ 0.18757293  0.01375177  0.17283704  0.64446648 -0.04704521 -0.25904539
   0.46004754  0.42820495 -0.23472669]
 [ 0.0178907   0.43107937 -0.02298947 -0.3970103  -0.51308657  0.35925613
   0.00278501 -0.44050857 -0.26329916]
 [ 0.11064176  0.46855046 -0.17928187  0.44256301  0.42754205  0.21877931
   0.38737093  0.3545121  -0.18391088]]","['bbo_main', 'random_fill', 'random_fill', 'random_fill']","[[4.59284068e-01 6.58926394e-01 2.95953048e-01 6.43613737e-02
  1.52413946e-01 2.99228890e-02 3.78457083e-08 7.93413854e-02
  3.02893617e-01]
 [9.99999999e-01 1.93047470e-01 4.81195830e-02 6.28016221e-01
  5.43157002e-02 1.87533748e-03 4.34745688e-01 1.13021391e-01
  1.00000000e+00]
 [1.31702446e-01 8.96988063e-01 3.28735596e-02 6.67109082e-02
  1.21294873e-01 6.07707667e-01 3.95872542e-08 3.86921394e-02
  1.00000000e+00]
 [9.99999999e-01 7.01023368e-01 3.32798488e-11 2.24022232e-01
  5.18579590e-01 3.69601293e-02 2.65566970e-01 4.97270334e-02
  1.00000000e+00]]",[0.2598925  0.61391215 0.23753319 0.70464211],4,0.19584985350808043,0.6228192403969377,0.6647643197013435,0.09045696540821124,0.17415755112904863
81,"[[-0.23285089  0.39970767 -0.27754972  0.55515859 -0.54200664  0.04308357
  -0.20088124  0.17293883 -0.18679086]
 [ 0.02488693 -0.38424108 -0.37903875 -0.57316649 -0.31043891 -0.46114162
   0.08043302 -0.18866316  0.16870702]
 [ 0.11590641  0.68420299  0.32607376  0.27100495  0.27881605  0.08956883
   0.31487385 -0.04993997 -0.38892631]
 [ 0.09993679  0.45117972 -0.0133388   0.33010713  0.40538828  0.51741675
   0.22063362  0.21338388 -0.38862479]]","['bbo_main', 'random_fill', 'random_fill', 'random_fill']","[[1.39472527e-10 4.46127212e-01 7.56106518e-11 8.45821018e-01
  7.37039335e-02 3.39726870e-02 3.67588810e-08 5.68016858e-02
  1.00000000e+00]
 [9.99999998e-01 3.10821441e-01 4.96114328e-10 1.77594994e-01
  2.56098145e-02 6.97950446e-02 7.26543731e-01 8.13483440e-02
  1.00000000e+00]
 [9.15474078e-01 9.31959712e-01 1.98579446e-01 8.14239741e-02
  2.15111473e-01 3.98066574e-02 1.83751280e-02 4.73206017e-02
  7.31537909e-01]
 [3.38197348e-01 6.57104367e-01 1.25095578e-10 2.28430621e-01
  1.86304042e-01 8.26898897e-01 2.68348369e-03 3.99169762e-02
  1.00000000e+00]]",[ 0.43243327 -0.02467293  0.61302707  0.52953884],4,0.19981096799249215,0.5970523641311931,0.6396049395353037,0.09109264909833997,0.18468371824292312
82,"[[ 0.27682427  0.44489171  0.28142691  0.61941959 -0.43741861  0.23040737
   0.03914511  0.10132503 -0.07960056]
 [-0.15440588 -0.6734688  -0.29387447  0.15787862  0.36302621  0.35529561
   0.10546912  0.31955108  0.20012774]
 [-0.21260428 -0.64099611 -0.18838761 -0.00529669 -0.4278725   0.52293736
  -0.10777099  0.03588657 -0.1973947 ]
 [-0.02757064  0.50217842  0.25289425  0.33021626 -0.59012357  0.11389305
   0.27899157  0.33186477 -0.15770363]]","['bbo_main', 'random_fill', 'random_fill', 'random_fill']","[[9.99999998e-01 4.21198647e-01 5.76007589e-02 6.87451159e-01
  6.32793946e-02 1.87697045e-01 1.31480434e-07 3.52703141e-02
  1.00000000e+00]
 [6.70777311e-10 1.42553139e-01 4.59293263e-09 5.07109505e-01
  7.17478893e-02 7.85512383e-01 2.02650289e-07 6.75041038e-02
  1.00000000e+00]
 [1.25382647e-11 1.54248996e-01 4.76167238e-02 4.34580349e-01
  1.87162718e-02 8.51600234e-01 1.99709693e-09 6.70698416e-02
  1.00000000e+00]
 [3.59741288e-10 8.16676421e-01 9.69915642e-02 2.01270054e-01
  7.96840334e-02 1.94395407e-02 2.36216297e-01 4.14544633e-01
  1.00000000e+00]]",[0.84578359 0.51089089 0.13219236 0.50207061],4,0.19422698917631132,0.6238310077834031,0.665749660425432,0.08943972819324444,0.17151895456130128
83,"[[ 0.08334031 -0.66755882  0.20877127  0.30387044 -0.29963499 -0.18033467
   0.33539246  0.02005923 -0.41988658]
 [ 0.19001765  0.18989056  0.35058072  0.37102722 -0.11356703  0.60391175
   0.21092675  0.48869014 -0.07969827]
 [ 0.28014932 -0.08976116  0.35085398  0.23861583 -0.36848298 -0.2000627
  -0.16099953 -0.10450025 -0.72164903]
 [-0.15575936 -0.0432806  -0.12427649 -0.79274128 -0.47352889 -0.22151589
   0.13396205  0.06353844 -0.18628087]]","['bbo_main', 'random_fill', 'random_fill', 'random_fill']","[[3.38197383e-01 1.28204232e-01 1.68754825e-01 4.89737937e-01
  6.49421608e-02 5.48173430e-02 1.30940305e-01 7.39746274e-02
  4.14163059e-01]
 [9.99999999e-01 3.15013038e-01 1.54541677e-01 2.57973838e-01
  6.91842970e-02 8.36649574e-01 1.67356509e-02 4.72661346e-02
  1.00000000e+00]
 [9.99999999e-01 3.39560466e-01 1.09583915e-01 3.02270255e-01
  9.11314075e-02 4.90318731e-02 1.16874428e-07 5.47553638e-02
  1.72868713e-01]
 [6.70220230e-12 6.08151927e-01 1.43907449e-01 2.11472267e-02
  7.65121319e-02 5.85569420e-02 5.75218116e-01 1.02554310e-01
  9.10118851e-01]]",[-0.031196    0.84406597  0.18638207 -0.19613596],4,0.19458785515737353,0.6496653759621006,0.6908415495353761,0.08856177031863444,0.16850553867983964
84,"[[ 0.23019858  0.13344314 -0.25808042 -0.58642873 -0.61917744  0.24733866
   0.02998057  0.06034296 -0.26381843]
 [ 0.14022975  0.04495335 -0.28558373 -0.87783093 -0.14243527  0.10080176
   0.13682041  0.23327858 -0.15027335]
 [ 0.08419634  0.26647352  0.11707342 -0.09246968  0.58666093  0.51549705
   0.09949915  0.51130377  0.13566923]
 [ 0.07480671 -0.11903515 -0.05370505  0.68632501  0.02589595  0.37719036
   0.36031757  0.47371819 -0.09553791]]","['bbo_main', 'random_fill', 'random_fill', 'random_fill']","[[1.00000000e+00 5.59740713e-01 4.92895724e-11 7.09378161e-02
  6.85894860e-02 3.25766112e-01 3.84160471e-08 8.16411447e-02
  6.32521194e-01]
 [1.00000000e+00 6.74988973e-01 9.23272115e-12 1.62992870e-02
  1.29018814e-01 1.23139283e-01 2.97935828e-02 4.38380983e-01
  1.00000000e+00]
 [2.75382781e-01 6.24218384e-01 6.50818898e-02 1.52528323e-01
  8.76945542e-01 1.69156573e-01 1.23555766e-08 5.90659635e-02
  1.00000000e+00]
 [2.51210506e-01 1.60728943e-01 3.42097253e-02 6.69242991e-01
  8.91230627e-02 1.68742557e-01 9.93957365e-05 5.69757736e-01
  1.00000000e+00]]",[0.13945338 0.10636848 0.95057828 0.6974993 ],4,0.18833051034620646,0.6334478061347544,0.6751053891895786,0.08902494411120518,0.16658995992746584
85,"[[ 0.00555265 -0.53364397  0.38531467  0.12082517  0.1070841   0.14249771
   0.02812484 -0.14200121 -0.70668183]
 [ 0.19361212  0.05433336  0.36840851  0.43210787 -0.4632783  -0.12711707
   0.43405235  0.43179974 -0.17743228]
 [-0.16938522  0.62817746  0.12219601 -0.51967419  0.03455251 -0.33155284
  -0.11566322  0.3558601  -0.20142751]
 [ 0.0680112   0.5870035  -0.13510015 -0.59326343 -0.04139053  0.3028787
   0.0125848  -0.11223249 -0.41759386]]","['bbo_main', 'random_fill', 'random_fill', 'random_fill']","[[2.42208464e-01 2.37029523e-01 2.32677189e-01 3.53466045e-01
  9.47531848e-02 9.11486802e-02 6.83521716e-03 5.20154368e-02
  1.36238699e-01]
 [1.00000000e+00 2.38594855e-01 3.44014284e-01 3.37044918e-01
  5.07450167e-02 1.29483726e-02 4.36496596e-01 2.50951780e-01
  1.00000000e+00]
 [4.27668094e-11 1.00000000e+00 2.39089361e-01 6.48226391e-03
  2.41853356e-01 5.90053531e-11 1.17413606e-08 3.46812405e-01
  1.00000000e+00]
 [3.96469467e-01 9.21319663e-01 2.18385162e-03 5.66066031e-02
  1.99643195e-01 1.90898150e-01 5.65426817e-07 5.09821554e-02
  6.08840210e-01]]",[-0.07311934  0.5741893   0.58437039  0.32349043],4,0.18310499203051125,0.6369931427858271,0.6785499309808077,0.08803043776788658,0.18561647760803324
86,"[[ 0.10121687 -0.29747024  0.26801957 -0.1867695  -0.25774     0.54043516
   0.07684541  0.65585323 -0.00071929]
 [ 0.21050554 -0.34259311 -0.18470627 -0.49057051 -0.14058634 -0.00427675
  -0.28093864 -0.62788298  0.26569754]
 [ 0.24851391 -0.67654066  0.08318357 -0.34051543 -0.2788928   0.27471242
  -0.12671631  0.40743306 -0.14952081]
 [-0.00943439  0.20550276  0.0286469  -0.5542875  -0.61774111  0.28668103
   0.21800092  0.33748863  0.15624102]]","['bbo_main', 'random_fill', 'random_fill', 'random_fill']","[[3.38197379e-01 2.51788410e-01 2.39829856e-01 2.32651706e-01
  5.95782749e-02 2.53190431e-01 4.82845940e-08 7.67052416e-01
  1.00000000e+00]
 [1.00000000e+00 2.29333212e-01 5.20012486e-02 1.42560017e-01
  2.08035295e-02 4.46886982e-01 1.11579909e-08 7.56740989e-02
  1.00000000e+00]
 [1.00000000e+00 1.79877564e-01 2.21354322e-01 2.07451667e-01
  2.75614577e-02 2.11925455e-01 7.42631657e-08 6.04930892e-01
  1.00000000e+00]
 [4.50933954e-02 6.01376895e-01 2.34626936e-01 4.77620789e-02
  9.62369969e-02 3.04623228e-01 2.38775085e-02 5.74816147e-01
  1.00000000e+00]]",[0.6039904  0.265744   0.22207185 0.48672701],4,0.19504868112995488,0.656768988734421,0.6977176938445668,0.08796924405979979,0.16034466160866206
87,"[[-0.25619866 -0.07174812 -0.21241815 -0.83521657 -0.09131297  0.24705209
   0.18648471 -0.15710151 -0.24015837]
 [-0.04703261 -0.25041761 -0.52144711 -0.14526668 -0.38604685 -0.56398326
  -0.11294407 -0.37612286  0.14399794]
 [-0.20382388  0.42005381  0.55936511 -0.28320425 -0.15031136  0.37066828
   0.35649695  0.31900996 -0.00841079]
 [ 0.0649358  -0.63482934  0.02937114  0.09005655  0.31843718  0.22912337
   0.028079   -0.6409556  -0.13524032]]","['bbo_main', 'random_fill', 'random_fill', 'random_fill']","[[8.83477618e-11 6.41659456e-01 3.30752076e-02 4.77497805e-02
  1.04367088e-01 3.34518969e-01 1.65324188e-01 6.41173614e-02
  6.69606634e-01]
 [1.01033607e-01 1.92648184e-01 3.28605751e-10 5.75215585e-01
  7.14573576e-02 5.81556504e-03 4.07032204e-07 5.09232397e-02
  1.00000000e+00]
 [2.90991025e-11 5.25994928e-01 9.04641247e-01 4.46179271e-02
  1.24769963e-01 3.32082007e-01 2.70214009e-02 4.08311804e-02
  1.00000000e+00]
 [1.00000000e+00 1.34892893e-01 7.30082479e-02 4.59262946e-01
  4.62804986e-01 2.87802189e-01 2.09799256e-08 3.99062867e-02
  1.00000000e+00]]",[-0.15988564 -0.0425753   0.83292067  0.07530385],4,0.19551183272317918,0.6445945328855986,0.6859268518900423,0.08794210594783135,0.1709917371641465
88,"[[ 0.09383702  0.57270204  0.44360281  0.39102933  0.22969708  0.27662169
   0.35652267  0.19196526 -0.1424086 ]
 [-0.04656294  0.14512835  0.21667243  0.02242641 -0.24636647  0.54363447
  -0.08893188  0.56733888 -0.49325715]
 [ 0.13183575  0.08643826  0.20906298 -0.28369499 -0.67654304 -0.46275337
  -0.07681959 -0.21310556 -0.35747893]
 [ 0.12813908 -0.04593264 -0.12899787  0.55944554  0.51593555  0.23604911
  -0.09529736  0.43519685  0.36257998]]","['bbo_main', 'random_fill', 'random_fill', 'random_fill']","[[5.66520747e-01 8.34283879e-01 3.96009418e-01 1.04219114e-01
  1.81818886e-01 1.02196884e-01 3.09077077e-01 4.02523461e-02
  1.00000000e+00]
 [1.55386481e-09 4.41853030e-01 1.41982033e-01 2.05305013e-01
  9.35201966e-02 2.57383207e-01 9.68764323e-08 8.33425873e-01
  1.00000000e+00]
 [1.00000000e+00 4.25282959e-01 3.10354176e-01 1.41504998e-01
  1.08957756e-01 2.72090908e-02 2.38232915e-07 6.88123088e-02
  2.88240307e-01]
 [9.99999990e-01 2.46280300e-01 2.15125154e-10 5.24915518e-01
  6.41797194e-01 5.92004952e-02 2.48730494e-08 5.62998832e-02
  1.00000000e+00]]",[ 0.79292491  0.19595313 -0.01067407  1.14267015],4,0.18088357216340767,0.6669261366663226,0.7075316276133164,0.08785925813432306,0.1759831653652264
89,"[[ 0.05005413  0.2108218  -0.13521104 -0.49524456 -0.6052797   0.05044008
   0.32329551  0.28490673 -0.36728736]
 [ 0.02222067 -0.66939634  0.5586775   0.18950268 -0.09404173 -0.05631952
  -0.04331496  0.43448274  0.02675411]
 [ 0.17989327  0.27206773  0.43386912 -0.02277518  0.34813505  0.35191226
   0.05610304 -0.42117121 -0.52847276]
 [ 0.10076537  0.39672168 -0.01577389  0.78423892 -0.19086328  0.11989559
  -0.09682518  0.33913324  0.20491103]]","['bbo_main', 'random_fill', 'random_fill', 'random_fill']","[[3.35433843e-01 6.08683068e-01 3.94836772e-03 1.28332656e-01
  9.04501223e-02 3.86163090e-02 5.93817751e-01 5.94814580e-02
  6.52572602e-01]
 [2.42208464e-01 9.89102945e-02 9.54411869e-01 3.35346948e-01
  7.90299966e-02 1.90341066e-02 7.86732945e-09 2.19969314e-01
  1.00000000e+00]
 [1.00000000e+00 5.13279367e-01 3.45898604e-01 1.00819768e-01
  1.56802403e-01 1.39918755e-01 4.60788640e-08 4.54059570e-02
  3.84617795e-01]
 [2.89792099e-01 2.64427544e-01 1.03299818e-10 9.42886426e-01
  8.16405373e-02 5.97748404e-02 1.47330689e-08 5.46079874e-02
  1.00000000e+00]]",[-0.0025326   0.6497523   0.34876239  1.08856835],4,0.18198501619387608,0.6598149960606976,0.7006630110085532,0.08717189466996166,0.17043403437948357
90,"[[ 2.52845114e-03 -5.51531447e-01  1.16524906e-01 -2.60858978e-01
  -2.26382493e-01  3.39289453e-01  4.47877848e-01 -2.34260828e-01
  -4.38568287e-01]
 [ 5.63908148e-02 -8.96080788e-02 -2.27164862e-01  2.59947890e-01
   4.74291442e-01 -1.99369840e-04  6.28756481e-01  2.15471493e-01
  -4.50442671e-01]
 [ 4.97025162e-02 -6.47221049e-01 -2.31245487e-01 -3.00833455e-01
   3.42330218e-02  3.40262300e-01  3.18688274e-01  4.57872050e-01
  -8.06223770e-02]
 [-1.58092170e-01 -4.51258214e-01 -2.11036152e-01 -5.96514891e-01
   3.87418023e-02 -4.82780256e-01 -9.37009644e-02 -9.02201078e-02
   3.45701283e-01]]","['bbo_main', 'random_fill', 'random_fill', 'random_fill']","[[2.55697725e-01 2.18893486e-01 1.48888078e-01 2.64665640e-01
  1.78478311e-02 1.88894312e-01 3.90890455e-01 6.71011349e-02
  5.37825679e-01]
 [1.68905768e-01 3.73736703e-01 9.85134065e-11 3.10921202e-01
  1.67027928e-01 6.89290448e-03 9.09951334e-01 4.60677817e-02
  1.00000000e+00]
 [3.49985359e-01 2.09332723e-01 3.91470350e-02 2.91889182e-01
  6.25016808e-02 2.06102289e-01 1.37230248e-02 8.10229604e-01
  1.00000000e+00]
 [2.06711977e-11 3.85121500e-01 6.81998541e-02 1.27827182e-01
  5.79947633e-01 7.20417461e-02 1.10645855e-08 1.20344855e-01
  1.00000000e+00]]",[-0.18824323  0.26769818  0.15204894  0.05809895],4,0.17916698041467458,0.6770942739175763,0.7173345722649421,0.08662534525022947,0.1690593365425883
91,"[[ 0.16472456 -0.08742053 -0.45239147  0.40503134 -0.13950664  0.28651473
   0.49098453  0.49887432 -0.07085788]
 [-0.1099431   0.26035211  0.10543546  0.00861684  0.61588067  0.53878711
   0.46539112 -0.10940221  0.10382733]
 [-0.15494209  0.13050508  0.34247289  0.39768356 -0.1934905   0.50573944
   0.38756569 -0.02917477 -0.48913412]
 [ 0.22125211 -0.6057145  -0.40536007  0.04762522 -0.11735395  0.28464468
   0.1957445  -0.50810323  0.16215166]]","['bbo_main', 'random_fill', 'random_fill', 'random_fill']","[[1.00000000e+00 2.77947095e-01 3.22292085e-11 3.87020732e-01
  5.13573868e-02 6.11296829e-02 3.50775915e-01 4.83699620e-01
  1.00000000e+00]
 [1.17975911e-12 5.78944369e-01 5.81228781e-02 1.92205893e-01
  8.86537902e-01 1.80853128e-01 5.41132181e-02 4.45125835e-02
  1.00000000e+00]
 [6.90545197e-11 2.98409139e-01 1.73622817e-01 3.67092021e-01
  6.85261376e-02 3.22867707e-01 2.31916056e-02 4.27114635e-02
  3.01013513e-01]
 [9.99999999e-01 1.24311680e-01 1.40655603e-10 4.48586587e-01
  2.37479272e-02 6.74878739e-01 1.64851412e-06 4.68989550e-02
  1.00000000e+00]]",[0.65020466 0.92609806 0.25492545 0.49495496],4,0.17594591072408616,0.6791292461480838,0.719293816441317,0.08693372465443307,0.1704287726336663
92,"[[ 0.15799053 -0.33603442  0.09278837 -0.57661383  0.5203241   0.24963407
   0.39644679 -0.17503625  0.01282903]
 [-0.01638891 -0.57098187 -0.36874643 -0.67695838 -0.01804995 -0.0063741
   0.09177158  0.05731735  0.25959738]
 [ 0.10103027  0.40193135 -0.03610183  0.49725955 -0.52088228  0.0474284
   0.3461616   0.19408815 -0.38549684]
 [ 0.05920201 -0.44866093  0.35788414  0.23657388 -0.20401106  0.17731115
   0.69635888 -0.20584897 -0.10392779]]","['bbo_main', 'random_fill', 'random_fill', 'random_fill']","[[9.99999994e-01 3.64788586e-01 2.97543573e-01 1.08976845e-01
  7.01936607e-01 1.21911242e-01 4.50652857e-02 5.05397079e-02
  1.00000000e+00]
 [9.38965577e-01 2.05352111e-01 5.53707374e-10 1.66142683e-01
  6.47675386e-02 1.93761319e-01 3.95594617e-01 1.17549560e-01
  1.00000000e+00]
 [3.38197384e-01 4.12641420e-01 2.31142031e-05 3.86727744e-01
  9.22799204e-02 1.72251175e-02 2.79323004e-01 4.64194102e-02
  2.99590935e-01]
 [2.42208465e-01 2.59690769e-01 3.21663146e-01 2.88494766e-01
  3.53240861e-02 4.41377090e-02 8.09835906e-01 5.03750486e-02
  1.00000000e+00]]",[0.41769651 0.05512261 0.33528391 0.53145318],4,0.2009728411556555,0.6684506496313194,0.7090027769203114,0.08707922836535856,0.16533034614659728
93,"[[-0.04132347 -0.59076602 -0.06050001 -0.62640539  0.09539039 -0.34229356
   0.25051918 -0.15857483  0.1976711 ]
 [-0.26995537 -0.53813061 -0.01200611  0.54035335 -0.44877337  0.15368845
   0.09497492  0.29046391  0.16433641]
 [-0.11382164 -0.38322546 -0.51229003 -0.1142776   0.49833528  0.04644657
   0.37184566  0.41372921 -0.06889159]
 [ 0.04108488  0.28236979  0.43010916 -0.07213526  0.43272583 -0.14809
  -0.11480633  0.70164797  0.11708667]]","['bbo_main', 'random_fill', 'random_fill', 'random_fill']","[[2.30172614e-01 3.10974231e-01 2.57252496e-01 1.47401602e-01
  1.28749221e-01 3.36533631e-02 7.96779018e-01 5.94899585e-02
  1.00000000e+00]
 [6.88650301e-11 6.74153281e-02 5.34140539e-02 8.69315313e-01
  4.31579199e-02 1.76491178e-01 4.37246823e-08 1.26198448e-01
  1.00000000e+00]
 [4.14382987e-10 3.44516947e-01 8.81780095e-11 3.00144379e-01
  8.03827222e-01 5.19125930e-02 1.55411816e-01 9.10583410e-02
  1.00000000e+00]
 [2.42208464e-01 5.58873159e-01 2.72092973e-01 1.55695028e-01
  1.53641978e-01 5.76502972e-03 1.68093844e-08 8.79452690e-01
  1.00000000e+00]]",[0.08748655 0.64156693 0.2632303  1.07334255],4,0.18487432932075412,0.681673600343742,0.721742232767272,0.08645083075630203,0.1686847095452081
94,"[[-0.01453951  0.08054981 -0.09740328 -0.73934364  0.28914479 -0.20956
   0.31595349 -0.2782201  -0.36391041]
 [ 0.192225    0.48750449  0.19190805 -0.08392433  0.54233652 -0.15434201
   0.47901183 -0.11281936 -0.34840498]
 [ 0.13821968 -0.25665128 -0.04525881  0.5535098   0.12037443  0.53993571
  -0.19289718  0.21139065 -0.46764097]
 [ 0.14938765  0.51653873  0.09591368 -0.19647551 -0.63842036 -0.32034831
  -0.15214249  0.27074235 -0.2375219 ]]","['bbo_main', 'random_fill', 'random_fill', 'random_fill']","[[9.85726235e-02 6.74065050e-01 7.85212674e-02 1.23402266e-01
  1.64935361e-01 2.70946949e-03 4.84402739e-01 4.84741669e-02
  5.46855832e-01]
 [9.99999984e-01 6.85930166e-01 7.00745634e-02 1.07675074e-01
  4.04191007e-01 1.40403162e-09 4.73121060e-01 4.52672325e-02
  9.99999996e-01]
 [9.99999999e-01 1.45424969e-01 3.41265298e-02 5.36941115e-01
  6.94352343e-02 4.72281833e-01 1.22948929e-07 3.70492420e-02
  7.77755040e-01]
 [9.99999999e-01 9.99999997e-01 2.05102251e-01 6.73267533e-02
  9.69065967e-02 5.33521282e-03 4.44608693e-08 1.05063041e-01
  1.00000000e+00]]",[-0.05834417  0.62335647  0.30403559  0.39971726],4,0.1762793283041933,0.6832005555713663,0.7232109398597121,0.08560118562406709,0.17230405675351224
95,"[[ 0.11835981  0.09332722  0.32785052  0.59366721  0.3266246  -0.14834404
   0.45829709 -0.35973728 -0.22185028]
 [ 0.07088071  0.35297506  0.54089587  0.56232482  0.3747354  -0.08079243
   0.04816352 -0.32631611 -0.07649194]
 [ 0.12658166 -0.17965269 -0.10464525  0.10457222  0.74448322  0.27661769
  -0.17063624 -0.46874595  0.22406231]
 [ 0.12385502 -0.18873361  0.13260217 -0.19941515  0.39861211  0.38397542
   0.46090338 -0.55563587 -0.2533731 ]]","['bbo_main', 'random_fill', 'random_fill', 'random_fill']","[[9.99999993e-01 2.07410378e-01 1.46273518e-01 5.93962293e-01
  1.31427223e-01 8.50316951e-10 4.28346305e-01 4.48882999e-02
  1.00000000e+00]
 [1.95132534e-01 2.42752681e-01 9.99999999e-01 4.21993432e-01
  1.27992534e-01 2.09358145e-03 5.72827048e-08 4.48882997e-02
  1.00000000e+00]
 [3.98249649e-01 3.78783081e-01 3.61299645e-02 3.08068646e-01
  9.56463562e-01 7.40459803e-02 6.24976025e-08 4.55475920e-02
  1.00000000e+00]
 [9.99999997e-01 3.54481547e-01 1.63626413e-01 1.65698315e-01
  1.49995281e-01 2.00509888e-01 6.59093656e-01 4.22146758e-02
  1.00000000e+00]]",[0.53952758 0.8343645  0.94606184 0.20933711],4,0.19545967145864263,0.6979746199960114,0.7373949448234963,0.08517251468127199,0.16575939078157342
96,"[[-0.19045721 -0.50768283 -0.1264734  -0.77145219  0.14464996  0.03830756
   0.1586552   0.17341686 -0.13120306]
 [ 0.27251495 -0.5220706  -0.29912433  0.4087785  -0.47036118  0.1100583
  -0.03101253  0.27818307 -0.29138051]
 [-0.25067794 -0.81377243  0.16424444 -0.22188341 -0.12562236  0.28351101
  -0.03397085  0.17957052 -0.26299706]
 [ 0.07822184 -0.17792431 -0.03840272 -0.79900593 -0.17472725  0.38858922
   0.27057848 -0.22202067  0.13528471]]","['bbo_main', 'random_fill', 'random_fill', 'random_fill']","[[2.61183373e-10 3.00617396e-01 2.82496299e-01 8.19664028e-02
  1.24554308e-01 1.23777385e-01 5.54119614e-01 1.17751042e-01
  1.00000000e+00]
 [9.99999999e-01 9.42162206e-02 2.42301181e-02 6.34708830e-01
  3.24271676e-02 1.37193839e-01 3.08731980e-07 7.71450210e-02
  6.99032833e-01]
 [2.96491039e-10 8.10733191e-02 5.91842309e-01 2.96666341e-01
  2.52536196e-02 4.42656188e-01 1.25640841e-07 7.88959804e-02
  9.15751754e-01]
 [9.99999998e-01 3.66858802e-01 3.78239717e-01 4.80683943e-02
  6.26981066e-02 6.80169528e-01 1.13648788e-02 4.95687393e-02
  1.00000000e+00]]",[-0.25169042  0.29315766 -0.13894091  0.34072236],4,0.188179846677918,0.7107311124577671,0.7496023057611629,0.08452141292974219,0.1673867102945137
97,"[[ 0.03975631 -0.75266041 -0.1045423   0.10721809 -0.24319132 -0.44010744
   0.18987227  0.2620579  -0.22789149]
 [ 0.06880007 -0.07785773  0.69403004  0.08877151 -0.28319643 -0.13571222
   0.5844333   0.1554299  -0.18790393]
 [-0.13729988 -0.02334064  0.10594456 -0.23014156 -0.56970134 -0.26121369
  -0.37095908 -0.60826469  0.12659304]
 [ 0.08853368 -0.00262425 -0.03700441 -0.51494494  0.41473286 -0.01987451
   0.1180096  -0.64554982 -0.35008299]]","['bbo_main', 'random_fill', 'random_fill', 'random_fill']","[[3.38197383e-01 1.07386815e-01 4.81453333e-02 5.42494438e-01
  5.46391714e-02 5.67547093e-02 1.05401295e-01 6.04476841e-01
  9.99999999e-01]
 [2.63916259e-01 2.55604103e-01 8.79238115e-01 2.07226972e-01
  8.44088716e-02 3.45578347e-04 4.40386321e-01 5.35371639e-02
  1.00000000e+00]
 [1.24054138e-10 4.18473333e-01 9.54411869e-01 1.07639447e-01
  8.81696442e-02 4.75653132e-03 1.64639627e-08 4.48882993e-02
  1.00000000e+00]
 [9.99999996e-01 5.45900098e-01 7.89186229e-02 1.43171782e-01
  3.14762624e-01 7.16637335e-02 1.45303899e-02 4.56697600e-02
  3.72100036e-01]]",[-0.10198504  0.6807128   0.11439123 -0.01845998],4,0.18574356968265915,0.7035851187279702,0.7427685415284135,0.08480852532419135,0.15672381619100084
98,"[[-0.01154926 -0.25094245  0.2491409  -0.32743489 -0.54084132 -0.3000132
   0.23711587  0.57271623 -0.0294048 ]
 [ 0.15370946  0.3118416   0.54957187 -0.40442952  0.31152871 -0.40621705
   0.16805415  0.28820276 -0.20042522]
 [ 0.08851891 -0.23879502 -0.15970532  0.27716356  0.24209138  0.49758388
   0.35667056  0.17029609 -0.60860768]
 [ 0.0468908   0.13687014  0.01986937  0.40704718 -0.76808032 -0.07159546
   0.07373078  0.46094837 -0.00164547]]","['bbo_main', 'random_fill', 'random_fill', 'random_fill']","[[2.42208464e-01 3.32916819e-01 2.93246986e-01 1.91771339e-01
  7.76455497e-02 5.78981350e-02 1.67445735e-02 8.63020041e-01
  1.00000000e+00]
 [9.99999993e-01 4.61715282e-01 9.14806014e-01 4.01617939e-02
  1.64893697e-01 6.09993326e-10 1.61213244e-02 6.65609501e-02
  1.00000000e+00]
 [2.75382818e-01 2.71215783e-01 3.18259811e-02 4.05393400e-01
  1.03707903e-01 1.57035676e-01 2.05986848e-02 5.14353607e-02
  1.12451312e-01]
 [2.74046941e-01 3.16271600e-01 3.33718499e-02 4.16464262e-01
  7.50745813e-02 4.73915502e-02 1.18383839e-07 9.27854234e-01
  1.00000000e+00]]",[0.33339396 0.65703674 0.11780177 0.59131321],4,0.16714066384597503,0.7173721706066454,0.7559424515792885,0.08397554355310408,0.1743099474610893
99,"[[-0.01389507 -0.81789129  0.10886582 -0.37972873 -0.14337996  0.14718936
   0.21823705  0.28210285 -0.07336986]
 [-0.35956966 -0.11418025 -0.20846936  0.09460862  0.51078644 -0.30550412
  -0.24719679  0.61550129  0.10525506]
 [-0.29387639  0.08181147  0.29071627  0.13423519 -0.46081323  0.07964483
   0.54648706  0.52660941  0.09874619]
 [ 0.16620237 -0.07178093  0.3342451  -0.46474204 -0.73001418  0.07490336
   0.02479857  0.31355617  0.04533949]]","['bbo_main', 'random_fill', 'random_fill', 'random_fill']","[[3.19290397e-01 1.17884076e-01 3.65893312e-01 2.00806543e-01
  1.03767257e-02 2.34661935e-01 1.04157706e-01 4.23955447e-01
  1.00000000e+00]
 [3.17641612e-11 3.90050321e-01 3.18252774e-02 3.50411226e-01
  2.28367171e-01 1.71785892e-02 1.00505199e-08 9.10499815e-01
  1.00000000e+00]
 [3.05982529e-10 3.98492883e-01 1.15601677e-01 2.45146047e-01
  5.31622432e-02 4.50639716e-02 6.70381561e-01 4.04382949e-01
  1.00000000e+00]
 [1.00000000e+00 2.75452603e-01 8.54267329e-01 8.59500786e-02
  5.95582467e-02 1.49699240e-01 1.16173017e-08 1.73306639e-01
  1.00000000e+00]]",[-0.03525948  0.75904887  0.75625996  0.45943565],4,0.1738029846685591,0.7245301412531162,0.7627642392202533,0.08381766973095653,0.16296140094510203
100,"[[-0.21389191 -0.8579116   0.13307336 -0.0106696  -0.17998433 -0.18777185
   0.3112214  -0.13733238 -0.13055274]
 [ 0.06136331 -0.7125758   0.21082089  0.3961177  -0.24237864  0.06768656
   0.31740708  0.26246847 -0.23270104]
 [-0.27138485 -0.60744807  0.08708091 -0.05407992 -0.57444261 -0.25580829
   0.12006901 -0.35403756  0.10801865]
 [-0.07041066  0.38163254  0.39749076  0.41822519 -0.60857619 -0.12625538
   0.02515224  0.25732275 -0.25166386]]","['bbo_main', 'random_fill', 'random_fill', 'random_fill']","[[4.50914404e-10 1.17138687e-01 5.71071245e-01 3.75880816e-01
  5.10157421e-02 4.39914972e-02 4.54707874e-01 6.89859153e-02
  1.00000000e+00]
 [3.38197383e-01 8.38857498e-02 2.49181066e-01 6.53476450e-01
  4.41434057e-02 5.72896877e-02 3.22000182e-01 9.88761016e-02
  1.00000000e+00]
 [2.45405304e-09 9.77746816e-02 7.78787001e-01 3.47874602e-01
  5.17766474e-02 4.10711198e-02 2.84270196e-01 6.76793652e-02
  1.00000000e+00]
 [8.91486248e-11 3.29032178e-01 9.54411869e-01 3.83753842e-01
  7.42091297e-02 2.90913338e-03 2.02740151e-08 7.07206047e-02
  9.99999999e-01]]",[-0.04446509  0.1609984   0.06755202  0.38643977],4,0.16757432561436136,0.7235071831620552,0.7617900889732443,0.0833237222279009,0.17713052365132187
101,"[[ 0.1116996  -0.3601728  -0.09522613  0.50862486  0.4725116   0.06568195
   0.20761663  0.40506979 -0.39403548]
 [ 0.06630984 -0.39659147  0.45969404  0.18729669  0.25241331  0.43123854
   0.23125102  0.52511999  0.11407166]
 [ 0.12621183 -0.15435156 -0.26286433 -0.06645585  0.45406079  0.36652109
   0.51864218  0.46623721 -0.24465562]
 [-0.22030006  0.64463874 -0.01278529 -0.03876939  0.56342683  0.4228796
   0.053541   -0.03746902 -0.18356127]]","['bbo_main', 'random_fill', 'random_fill', 'random_fill']","[[8.69345942e-01 1.83607909e-01 3.48088729e-02 5.94075547e-01
  1.48838947e-01 1.26134100e-02 4.00426066e-08 7.05869237e-02
  4.57250617e-01]
 [3.23929747e-01 1.47359873e-01 7.59995297e-01 3.00076108e-01
  8.45114483e-02 1.81291747e-01 4.49138090e-03 3.90441216e-01
  1.00000000e+00]
 [1.00000000e+00 3.91640694e-01 1.22971161e-11 1.98302413e-01
  1.77822113e-01 1.06851506e-01 6.40371581e-01 1.80755255e-01
  1.00000000e+00]
 [2.50229116e-10 9.17991052e-01 1.42174751e-02 1.03674049e-01
  6.25868128e-01 2.18646416e-01 1.00450250e-07 4.81463799e-02
  1.00000000e+00]]",[0.24939817 0.78825722 0.34423142 0.84729818],4,0.1774407268100166,0.7393780887761365,0.7768743630621384,0.08299426576822304,0.17758656719482524
102,"[[ 0.0618272  -0.33281519 -0.28787696 -0.87800606  0.00967102 -0.03859107
   0.05695066  0.07308347 -0.14654792]
 [-0.22488955  0.12084501  0.19798822 -0.36259845  0.41730661  0.56057154
   0.50424776 -0.10197119  0.10533289]
 [ 0.08661974  0.39442836 -0.31286894 -0.77087977  0.15901584 -0.02111584
  -0.10767942  0.32326793  0.05433017]
 [ 0.31869118  0.3722893   0.37175537 -0.28433873 -0.63634674  0.13123905
   0.34376652 -0.02058705  0.00509234]]","['bbo_main', 'random_fill', 'random_fill', 'random_fill']","[[1.00000000e+00 4.20350962e-01 4.29767375e-10 8.11707794e-02
  1.90612923e-01 1.29677478e-01 1.19991258e-02 1.21699134e-01
  5.70406364e-01]
 [6.00171461e-11 5.04503033e-01 3.36214190e-01 9.43868198e-02
  1.99266264e-01 6.75557103e-01 1.77234560e-01 4.24532128e-02
  1.00000000e+00]
 [6.82838737e-01 9.34340795e-01 7.97112703e-11 1.64023354e-02
  2.18282236e-01 2.09945444e-02 3.96190690e-08 3.57819565e-01
  1.00000000e+00]
 [1.00000000e+00 5.19138915e-01 4.23294611e-01 5.75157408e-02
  7.19735285e-02 2.96149119e-02 6.10383001e-01 4.53808937e-02
  1.00000000e+00]]",[-0.22651571  0.74553584  0.61930237  0.82504297],4,0.1636223801953078,0.7465564583157028,0.7836757524537554,0.08270263596544382,0.14802393556664117
103,"[[ 0.10927767  0.35202811  0.41286834 -0.44587423 -0.33819196  0.34403144
  -0.08634749  0.35175266 -0.36187464]
 [ 0.01247355  0.09830517  0.50004192 -0.44746813  0.48379396 -0.31603052
   0.03324    -0.27030818 -0.36305311]
 [-0.09930627 -0.79918225 -0.47906973 -0.00681605  0.22026431  0.07044379
  -0.03424601  0.14860553 -0.21250094]
 [-0.05974151 -0.35396215 -0.35299357 -0.65502855 -0.13122308  0.10942261
  -0.26435056 -0.43559323  0.16929087]]","['bbo_main', 'random_fill', 'random_fill', 'random_fill']","[[9.99999999e-01 5.12863104e-01 7.40971014e-01 3.29339080e-03
  1.06018214e-01 3.15307952e-01 6.48830832e-08 4.61549987e-02
  9.99999330e-01]
 [1.98799898e-01 4.01336494e-01 9.54411849e-01 8.52813952e-02
  3.33100547e-01 6.67210769e-03 6.47282096e-03 6.39315860e-02
  9.99999998e-01]
 [4.54233049e-10 9.89372157e-02 7.60191350e-11 4.74719315e-01
  4.94354841e-02 1.69432629e-01 6.03586818e-08 1.12786940e-01
  4.73517788e-01]
 [1.08627545e-09 3.84249830e-01 7.23386961e-11 1.22476637e-01
  6.06255297e-02 6.35843589e-01 2.22461504e-08 7.06007413e-02
  1.00000000e+00]]",[ 0.32125702  0.25994268 -0.14334244 -0.01607773],4,0.17376098383055122,0.7501482726150932,0.7870738177127021,0.08271578773989599,0.1653477220191481
104,"[[-0.10318673  0.06550521  0.43825271 -0.28773388  0.52546736  0.40975055
  -0.00569011  0.36527491 -0.36432916]
 [ 0.16771566 -0.26462318  0.2554856   0.20959892 -0.34323932  0.36754976
   0.41377596  0.45761435 -0.39889088]
 [-0.09740875  0.16896281 -0.29644718 -0.10882993  0.40710666 -0.25267399
   0.36289161  0.51985055 -0.48033668]
 [-0.23399396  0.66823737 -0.14769634  0.35098589  0.08843644  0.31943294
   0.31717522 -0.28935886 -0.24395341]]","['bbo_main', 'random_fill', 'random_fill', 'random_fill']","[[1.11860002e-09 4.73307070e-01 6.60965052e-01 8.39789621e-02
  5.41529628e-01 2.20024333e-01 1.85998814e-07 4.96988063e-02
  1.00000000e+00]
 [9.99999980e-01 1.71033466e-01 1.46803649e-01 3.17666718e-01
  1.69555574e-02 2.43708247e-01 1.94222471e-01 4.61743909e-01
  9.99999998e-01]
 [4.11324163e-10 6.07643584e-01 4.75264676e-10 2.16257552e-01
  2.42062119e-01 6.19754086e-03 5.35222035e-02 8.48880792e-01
  9.99999999e-01]
 [1.49231231e-10 9.99999998e-01 1.15657535e-10 1.88518127e-01
  1.87862822e-01 3.20766490e-01 1.91818441e-01 2.99069298e-02
  1.00000000e+00]]",[0.32504602 0.2030745  0.15649024 0.66171468],4,0.1695320548668418,0.7516881678468379,0.7885295851687723,0.08232679384907629,0.19401484375341493
105,"[[-0.10703461  0.67143815  0.18236728  0.01492488  0.05670706  0.39483483
   0.40537679  0.40419937 -0.13197013]
 [-0.08757263  0.45144356  0.02928668 -0.28961681 -0.56317955  0.03988737
  -0.18845478 -0.3939814  -0.4407895 ]
 [ 0.03527353  0.75199151 -0.09996754 -0.21970695  0.11563299  0.14899327
   0.30812736  0.39754249 -0.29401942]
 [-0.09845503 -0.20799933 -0.03194513  0.63152266 -0.37122241  0.38616067
  -0.03578781 -0.10732704 -0.49746912]]","['bbo_main', 'random_fill', 'random_fill', 'random_fill']","[[3.69167397e-11 9.37377451e-01 7.36611661e-02 8.54954717e-02
  1.74453550e-01 9.97700822e-02 5.75968605e-01 4.91669441e-02
  1.00000000e+00]
 [4.73016268e-10 6.87408848e-01 7.92238336e-02 1.43918979e-01
  1.56335185e-01 8.21125730e-02 4.64965978e-08 5.69576702e-02
  1.53816048e-01]
 [1.46380453e-01 1.00000000e+00 5.41912265e-03 8.88214346e-02
  2.31580327e-01 2.18771276e-02 8.53137373e-02 3.99624507e-01
  1.00000000e+00]
 [1.87744842e-10 2.00017708e-01 4.85915134e-02 6.10711577e-01
  6.55493382e-02 1.96439830e-01 1.62973568e-08 4.86608499e-02
  3.81764309e-01]]",[0.81477325 0.09595485 0.65827211 0.19890776],4,0.169113794118108,0.7527149484104457,0.7894999130705403,0.08185076844914017,0.1666618981174954
106,"[[-0.00910464 -0.33076684 -0.25762969 -0.41228901 -0.36632256 -0.42592738
  -0.11636759 -0.57000849 -0.00988287]
 [ 0.19042157 -0.13039411  0.48265681 -0.02382298 -0.59659031  0.20598475
   0.28981955 -0.23408755 -0.41960672]
 [-0.11891337 -0.41249863 -0.38597648 -0.21071755 -0.11649319 -0.40327029
   0.24861743 -0.4676804  -0.40692947]
 [ 0.20086096 -0.13881165  0.6950989  -0.17432559 -0.26950043  0.31486591
   0.1967677  -0.45778286  0.08234449]]","['bbo_main', 'random_fill', 'random_fill', 'random_fill']","[[1.00000000e+00 2.41275826e-01 1.75328800e-10 2.22138786e-01
  3.63424524e-02 9.42645306e-02 7.85107209e-08 8.53814607e-02
  1.00000000e+00]
 [1.00000000e+00 2.00624209e-01 8.72757398e-01 1.70586438e-01
  6.26844352e-02 1.89078403e-01 1.31058666e-02 4.49927144e-02
  8.68883383e-01]
 [1.57571506e-09 3.19164643e-01 4.29974075e-02 3.69984996e-01
  8.84572657e-02 4.13366175e-02 1.00322013e-01 6.92255041e-02
  1.30330603e-01]
 [9.99999997e-01 2.16390670e-01 9.83114138e-01 1.35424520e-01
  8.37588626e-02 2.28673256e-01 1.75685675e-04 4.45161446e-02
  1.00000000e+00]]",[-0.29251001  0.21166691 -0.31365677  0.9420057 ],4,0.1678977608766376,0.7753427992955876,0.8108084499763167,0.08064275595054471,0.15842835914266912
107,"[[-0.19442579 -0.34699988  0.0365647  -0.00548515  0.4113719  -0.23055875
   0.55768999 -0.23678571 -0.50095195]
 [-0.0770571  -0.28625137  0.17492682  0.40235959 -0.34862749 -0.19352522
   0.50924306  0.53609616 -0.11793641]
 [ 0.37373583  0.01557507  0.35572633  0.64299795 -0.30705452 -0.04231075
   0.06840484 -0.29226896 -0.3659485 ]
 [ 0.13368661  0.29476155 -0.05470788 -0.73787394  0.33094637 -0.06193298
  -0.01835412  0.30598427 -0.37479083]]","['bbo_main', 'random_fill', 'random_fill', 'random_fill']","[[6.71362196e-10 3.46925862e-01 8.07450117e-02 3.01255586e-01
  1.70522320e-01 8.31147050e-03 6.45044808e-01 4.71693805e-02
  6.67185052e-01]
 [7.58195978e-11 2.63892211e-01 8.15796729e-02 4.50600407e-01
  5.09020410e-02 3.41473028e-02 4.01230723e-01 5.59963098e-01
  1.00000000e+00]
 [9.99999999e-01 1.65648886e-01 3.14109034e-01 6.14984910e-01
  7.68733155e-02 4.04026663e-02 2.12395273e-07 4.48883010e-02
  7.36887316e-01]
 [9.99999999e-01 7.72108671e-01 7.77913140e-02 5.24957134e-02
  2.63101114e-01 1.41282716e-02 3.09203628e-07 8.77167883e-02
  5.83373264e-01]]",[-0.03651309  0.48226176  0.5753907   0.2126779 ],4,0.1619436142683226,0.7727675981380594,0.8083908796292765,0.08108189714226235,0.15976805300091013
108,"[[ 0.02893315  0.30754421  0.36443326 -0.27365036 -0.28877868  0.19560089
   0.31790553 -0.55990671 -0.40083791]
 [ 0.06623454 -0.68055365  0.2113023  -0.19780512  0.41164674  0.32484355
   0.04531305  0.39491698 -0.12528021]
 [ 0.11846273  0.35804601  0.52794769 -0.37364248  0.15643519  0.26752574
   0.25345462  0.50861419 -0.1430473 ]
 [-0.25447336 -0.2895876  -0.49653128 -0.70113623 -0.22103697 -0.20342843
  -0.0134405  -0.1492903  -0.02320121]]","['bbo_main', 'random_fill', 'random_fill', 'random_fill']","[[2.63890383e-01 5.72365991e-01 3.85697687e-01 7.70005484e-02
  1.28311713e-01 1.18261676e-01 5.93767989e-02 4.48882996e-02
  3.19070126e-01]
 [8.78913308e-01 1.95224016e-01 4.84039894e-01 1.64475458e-01
  1.19607295e-01 2.46652954e-01 6.29147718e-08 4.65523428e-01
  1.00000000e+00]
 [9.27331919e-01 5.03451032e-01 6.52834838e-01 5.39413241e-02
  1.37493164e-01 1.46093756e-01 1.66791525e-02 3.49212326e-01
  1.00000000e+00]
 [2.14179093e-10 5.26830334e-01 1.07661072e-10 4.18400398e-02
  7.93144045e-02 1.39571688e-01 4.76359477e-02 1.13939269e-01
  9.99999999e-01]]",[ 0.15507881  0.18302113  0.71400785 -0.26867485],4,0.16654232965450858,0.768649386185021,0.8045206572693993,0.08061503766503368,0.15633561294276876
109,"[[ 0.09350049  0.53242823  0.4376053   0.54406758 -0.30317646  0.13536083
   0.32675065 -0.02725958  0.05022278]
 [ 0.2182714  -0.54122663  0.21760238 -0.27609746  0.28529515  0.48715365
   0.40683034 -0.21835316 -0.06284671]
 [-0.24154702  0.23168662  0.13503114 -0.63800293  0.4453119   0.23510288
  -0.00533818 -0.21832264 -0.40177839]
 [ 0.16224389  0.16436301  0.38427814  0.35335678  0.53157756 -0.25948905
   0.38842669  0.23677045 -0.34247074]]","['bbo_main', 'random_fill', 'random_fill', 'random_fill']","[[3.38197381e-01 5.32048645e-01 7.26076530e-01 2.84088404e-01
  1.03446734e-01 3.91907956e-02 2.05487346e-01 4.48883000e-02
  1.00000000e+00]
 [1.00000000e+00 2.04940787e-01 4.32993769e-01 1.51053733e-01
  1.04078891e-01 6.61515258e-01 2.85899402e-02 4.21533620e-02
  1.00000000e+00]
 [1.04808211e-10 7.10942440e-01 3.03596463e-01 3.34248102e-02
  4.05630378e-01 1.11331118e-01 4.53512180e-08 6.04458129e-02
  5.92426093e-01]
 [1.00000000e+00 4.49778601e-01 3.18163510e-01 1.92130654e-01
  7.47121997e-01 4.32211902e-11 1.84714573e-02 6.02687537e-02
  1.00000000e+00]]",[0.87728212 0.4513999  0.13997131 0.50245202],4,0.16617829908474735,0.7737975558045727,0.8093580305590107,0.08021583560648082,0.1495890303187819
110,"[[-0.14752596 -0.81482146 -0.29840009  0.03213684  0.22598058 -0.17877941
   0.24347599 -0.28522411  0.02374956]
 [-0.21520529 -0.27915259 -0.10889978  0.69315885 -0.32163204  0.23414886
   0.41432926 -0.06591263 -0.22168917]
 [ 0.15221013  0.39582351 -0.05311316  0.14848917 -0.29910766  0.56468636
   0.58026705  0.22243718  0.02759624]
 [-0.00303858  0.17986553 -0.36659686 -0.11578292  0.44014074  0.3458258
   0.40034573  0.42281714 -0.40923077]]","['bbo_main', 'random_fill', 'random_fill', 'random_fill']","[[7.11009506e-11 1.35673480e-01 3.52114152e-02 5.88010762e-01
  3.36706821e-01 4.02231256e-02 3.46258047e-01 6.43210788e-02
  1.00000000e+00]
 [6.69557304e-10 1.62529072e-01 3.88946135e-02 8.02496796e-01
  4.43748478e-02 1.10934412e-01 3.67388326e-01 4.69925772e-02
  1.00000000e+00]
 [9.99999998e-01 4.78283246e-01 2.56925891e-10 1.82617849e-01
  5.74041321e-02 2.14187301e-01 7.15888551e-01 4.43748702e-02
  1.00000000e+00]
 [1.16113409e-02 5.87270826e-01 1.58304064e-10 1.88130729e-01
  3.33572124e-01 1.43299259e-01 8.41563070e-02 6.14508917e-02
  3.36121729e-01]]",[0.05644735 0.44578768 0.92529469 0.20231018],4,0.16525262274042826,0.7758579627614761,0.811291840816977,0.08036649320339134,0.15854081858583857
111,"[[ 0.06330459  0.34918261  0.32581712 -0.12828041  0.53663746  0.16233436
  -0.18511417  0.43953471 -0.45788772]
 [ 0.04916116  0.60101931  0.37587103 -0.42942273 -0.43565818  0.14863896
  -0.08055646 -0.30310891 -0.0204966 ]
 [ 0.24863876  0.09244515 -0.28475498 -0.4584004  -0.72716229 -0.08101686
  -0.06440374 -0.30809114  0.06340048]
 [-0.15540867 -0.48737539 -0.263399   -0.6400483  -0.43310016 -0.23823012
  -0.05667684  0.08652814 -0.06514442]]","['bbo_main', 'random_fill', 'random_fill', 'random_fill']","[[2.60565878e-01 6.53694873e-01 2.90388605e-01 8.14401861e-02
  3.86991806e-01 3.22785975e-02 5.27908609e-08 7.02721364e-02
  4.49199645e-01]
 [2.18971589e-01 9.90224627e-01 4.21607591e-01 2.93977306e-03
  1.14173313e-01 1.84899498e-01 8.01875654e-08 4.48883000e-02
  1.00000000e+00]
 [1.00000000e+00 8.26628345e-01 4.79937237e-12 3.42750363e-02
  4.04878339e-02 2.23740223e-01 5.74578584e-09 7.31105531e-02
  1.00000000e+00]
 [1.63942026e-10 2.12654114e-01 7.30989478e-02 2.32517983e-01
  1.96519505e-02 1.48938526e-01 1.31670899e-07 4.82947183e-01
  1.00000000e+00]]",[ 0.36703855  0.70675678  0.30265267 -0.33906813],4,0.16583445618185638,0.7696786980522677,0.8054884539697791,0.08034846142356299,0.1646239525359362
112,"[[-0.18483919  0.13226143  0.36431372 -0.6014502  -0.5274678  -0.17506404
   0.19578463  0.3265027   0.0083207 ]
 [-0.06244081 -0.3999173   0.35657035 -0.34545713 -0.45563607 -0.46236505
  -0.11952688 -0.39062047  0.03778316]
 [ 0.02550501 -0.40058438  0.42601693  0.19506756  0.03286512  0.5728166
  -0.0382852   0.50212495 -0.19116921]
 [ 0.02124565  0.76136553 -0.14671088  0.21993219 -0.39593    -0.2805866
   0.08789684 -0.14176144 -0.29438976]]","['bbo_main', 'random_fill', 'random_fill', 'random_fill']","[[8.51896502e-11 4.84054057e-01 8.26144837e-01 4.41027752e-02
  1.03274852e-01 3.76044220e-02 1.21621042e-01 2.01048248e-01
  1.00000000e+00]
 [1.28422522e-01 1.56163447e-01 1.00000000e+00 2.25402987e-01
  8.54779338e-02 1.56901873e-02 6.75606625e-08 4.90368668e-02
  1.00000000e+00]
 [2.42208464e-01 1.40801643e-01 6.27193985e-01 3.01478206e-01
  4.77799940e-02 6.32918901e-01 4.61294191e-08 4.85690646e-02
  1.00000000e+00]
 [1.44252290e-01 1.00000000e+00 1.26345260e-10 1.93968991e-01
  1.29927575e-01 3.01238392e-10 1.13211665e-03 6.65761593e-02
  6.33775772e-01]]",[0.37518964 0.18065893 0.47311374 0.55973255],4,0.16942074636916765,0.7784344023682119,0.8137081727719404,0.07945652432258736,0.14643200235872578
113,"[[-0.01777728 -0.30349744 -0.14595121 -0.77163906 -0.16934838  0.17792724
   0.16850905 -0.40668722 -0.19161916]
 [ 0.11184911 -0.58010064 -0.07206063 -0.36350528 -0.24643997 -0.64844321
  -0.1447516  -0.1070507  -0.00447851]
 [ 0.09816147 -0.25178233  0.35834118  0.10123639 -0.14892944  0.59677206
   0.35995664 -0.12399255 -0.51483295]
 [ 0.08870318  0.05993694  0.40225576  0.29901467  0.44726941  0.21346188
   0.56703998  0.39918845  0.1040105 ]]","['bbo_main', 'random_fill', 'random_fill', 'random_fill']","[[2.75382785e-01 3.89806265e-01 2.87034357e-01 5.49898697e-02
  4.43858464e-02 2.41459223e-01 3.92969682e-01 5.88097105e-02
  7.74105453e-01]
 [1.00000000e+00 7.61121324e-02 7.49640658e-01 2.46316283e-01
  5.91675411e-02 4.62401659e-02 3.22167818e-08 7.95510393e-02
  1.00000000e+00]
 [3.33970571e-01 2.21457893e-01 5.16889439e-01 2.16540927e-01
  5.43574244e-02 6.88323328e-01 1.26264218e-02 3.19586178e-02
  9.07193968e-01]
 [2.71155974e-01 3.17809163e-01 5.73055995e-01 1.90960619e-01
  1.70385642e-01 1.80053218e-02 6.49768105e-01 4.49849212e-02
  1.00000000e+00]]",[-0.27811225 -0.13342031  0.12037415  0.9011802 ],4,0.17574775312901306,0.7975336244129675,0.831555461961608,0.0788365879984519,0.14919793237276757
114,"[[ 0.01234169 -0.48184999  0.22135379 -0.1235119  -0.07248117 -0.39132163
   0.05933919  0.53524885 -0.50499206]
 [ 0.37755671  0.47892991  0.24450714  0.41412973 -0.45211488 -0.24407997
  -0.15219579 -0.16461496 -0.28730709]
 [-0.17257295  0.53853461  0.50018544  0.29839421  0.23602821 -0.23459151
  -0.1958014  -0.36322056 -0.24487675]
 [-0.16880097 -0.19660849  0.53141232 -0.32087454 -0.58288419 -0.28393395
  -0.03386266  0.11144884 -0.3369745 ]]","['bbo_main', 'random_fill', 'random_fill', 'random_fill']","[[2.42208464e-01 2.40238915e-01 2.88156835e-01 3.18785631e-01
  8.85599371e-02 4.12023632e-02 8.46677468e-03 7.78918127e-02
  1.77611479e-01]
 [1.00000000e+00 8.38736616e-01 6.84262679e-02 2.73763307e-01
  9.59951149e-02 1.64599140e-09 7.05655563e-08 5.71045883e-02
  7.37677230e-01]
 [4.66660163e-11 6.90655527e-01 8.35575874e-01 1.24951010e-01
  1.80405590e-01 2.82028066e-03 1.23433389e-08 4.48882993e-02
  1.00000000e+00]
 [1.22834560e-10 2.33502003e-01 9.99999999e-01 1.98304793e-01
  1.07996041e-01 1.57757012e-02 8.60100149e-03 8.16779152e-02
  8.41233943e-01]]",[-0.15839984  0.644616    0.60790754  0.07978171],4,0.16364282653023143,0.7856540531493631,0.8204682826336246,0.07923904607411761,0.15021106908200355
115,"[[-0.18840341 -0.63981737 -0.22518373  0.32923845 -0.11819992  0.33970596
   0.29174659  0.27893953 -0.3220831 ]
 [ 0.02741352 -0.31000899  0.36225427  0.52485459  0.47631268 -0.18082498
  -0.04926494  0.43466666 -0.21332801]
 [-0.08526708 -0.31005605  0.37921196  0.32234094 -0.4178836  -0.21237053
   0.44978903  0.46616681  0.09767175]
 [-0.14390454 -0.07531936 -0.38821574  0.37884153 -0.34532745 -0.18285801
   0.58695142 -0.1358252  -0.40464498]]","['bbo_main', 'random_fill', 'random_fill', 'random_fill']","[[3.00197145e-10 9.75474119e-02 3.50017876e-02 5.72591891e-01
  3.05210451e-02 4.04466400e-01 9.13445184e-02 6.95658553e-02
  7.39878351e-01]
 [1.70873509e-01 1.69103073e-01 4.61100025e-01 5.04137506e-01
  1.48460332e-01 4.48525951e-11 5.62864533e-09 5.41200602e-01
  1.00000000e+00]
 [1.75076634e-10 1.79520203e-01 6.54667428e-01 3.53642557e-01
  4.86704230e-02 2.28479710e-02 3.57052655e-01 2.25421839e-01
  1.00000000e+00]
 [1.01790545e-09 3.31791838e-01 1.49012136e-09 4.08206585e-01
  4.45414827e-02 2.63858055e-02 8.88085951e-01 5.21787051e-02
  1.00000000e+00]]",[0.05976877 0.47652249 0.64475336 0.21898015],4,0.1592626966043928,0.7980506755185655,0.8320369652595945,0.07908506062722333,0.15663865423919227
116,"[[ 0.03748053  0.0776794  -0.16367077  0.74466285 -0.36778963  0.3180943
   0.24453609 -0.00904168 -0.33899468]
 [-0.27636526  0.08903757 -0.1453701  -0.12683864 -0.64785011 -0.36099059
  -0.34911479 -0.16664201  0.42284677]
 [-0.00085602  0.28038151  0.6875442   0.34906153  0.32894137  0.08516971
  -0.18553191  0.02205091 -0.42007126]
 [ 0.10991385 -0.61165874 -0.39322706  0.06626114  0.3838817  -0.290784
   0.13231723 -0.29436189 -0.3445246 ]]","['bbo_main', 'random_fill', 'random_fill', 'random_fill']","[[1.86060928e-01 1.59030589e-01 5.37876433e-10 8.77694744e-01
  5.08280733e-02 3.59617286e-01 7.77894614e-07 3.35688903e-02
  1.00000000e+00]
 [1.45757245e-10 9.99999999e-01 1.37739629e-03 1.68601490e-01
  5.01965437e-02 3.09569222e-02 4.78740112e-08 6.21823581e-02
  1.00000000e+00]
 [4.08709445e-09 2.83499017e-01 9.99999966e-01 2.78144808e-01
  1.27811217e-01 2.61821895e-02 1.59480226e-07 4.48883018e-02
  8.23408839e-01]
 [9.99999998e-01 2.08229578e-01 2.42301184e-02 4.33379745e-01
  1.40889506e-01 3.68991834e-02 9.39274800e-07 7.32256924e-02
  3.16505253e-01]]",[ 0.42931389  0.43624172  0.56349345 -0.08550666],4,0.15817315457967718,0.794432293395722,0.8286654666123248,0.07865302940255635,0.16629450298369008
117,"[[ 0.13978473  0.35399475 -0.32567313  0.15985211 -0.7122913   0.14386118
  -0.05127574 -0.38235687 -0.21598921]
 [-0.20426465 -0.25864858 -0.33925499 -0.62805503  0.35901961  0.34589566
  -0.1115278  -0.34502455  0.04255017]
 [ 0.12491581  0.20789144  0.35794228  0.4085621   0.31800152  0.46718354
   0.43791485 -0.10441325 -0.35224219]
 [ 0.15771693 -0.71724368 -0.08614903 -0.07712748 -0.11817598  0.10132092
   0.21381904 -0.59603295  0.14869843]]","['bbo_main', 'random_fill', 'random_fill', 'random_fill']","[[1.00000000e+00 8.77052613e-01 3.59476940e-11 2.07904100e-01
  5.22226665e-02 1.52574539e-01 4.50195953e-08 4.47797217e-02
  8.48888433e-01]
 [1.09366313e-10 4.87089477e-01 8.77412579e-11 1.69387526e-01
  2.59489214e-01 8.47535775e-01 3.08211892e-08 4.51906047e-02
  1.00000000e+00]
 [9.99999994e-01 3.55369483e-01 3.94635342e-01 2.66784250e-01
  1.46355528e-01 5.18230493e-01 1.30273396e-01 1.64013265e-02
  1.00000000e+00]
 [9.99999999e-01 1.03579605e-01 4.60506151e-02 3.81939910e-01
  1.13888638e-02 2.57078137e-01 4.25866353e-01 5.99189752e-02
  1.00000000e+00]]",[0.26776988 0.18090926 0.44079268 0.27874442],4,0.15458291942955715,0.8213688823378453,0.8536537097521801,0.07797842705758694,0.1504547389583447
118,"[[-0.04157766  0.51343267  0.13733178  0.59221201 -0.03878252  0.26142141
  -0.00647335 -0.54006652  0.05936427]
 [-0.17808084  0.40253987 -0.00935341  0.64343502  0.38750098 -0.11145192
  -0.07391457  0.29715323 -0.36852518]
 [ 0.18798371  0.39373388 -0.30347675 -0.26512968 -0.5218493   0.00751468
  -0.12642394  0.50967259 -0.31481987]
 [-0.15716813  0.55282022  0.02617401  0.64377826 -0.08881773  0.38538805
  -0.1386215   0.10258057 -0.26153627]]","['bbo_main', 'random_fill', 'random_fill', 'random_fill']","[[3.25229839e-10 7.86339834e-01 3.61105440e-02 4.98391322e-01
  1.53764768e-01 3.59185195e-01 4.14210296e-08 1.66231550e-02
  1.00000000e+00]
 [3.13880985e-10 4.74813325e-01 1.43650898e-02 4.91295259e-01
  2.67126759e-01 5.87743336e-10 6.76966420e-08 6.67027240e-02
  3.50930081e-01]
 [9.99999997e-01 6.31401800e-01 2.52398200e-10 1.45341792e-01
  1.42439457e-01 3.52997326e-02 9.30365590e-08 7.47266579e-01
  1.00000000e+00]
 [1.04650450e-10 7.29354006e-01 1.61011924e-03 4.45167847e-01
  1.51136928e-01 5.57575515e-01 1.90741675e-08 1.89779307e-02
  1.00000000e+00]]",[0.842167   0.50111974 0.39002831 0.63170297],4,0.1576050683595498,0.8151405761420097,0.8478993616004361,0.07806645036506324,0.1535093940728337
119,"[[ 0.19955369 -0.24893076  0.23028194 -0.52077307  0.38619853 -0.40964405
  -0.3230616   0.28213069 -0.27028386]
 [ 0.38901479  0.48168007  0.21326405 -0.03074458 -0.44730057  0.17168159
   0.34541504  0.43451852  0.18042936]
 [-0.24294364  0.05296258  0.64988717  0.33167578 -0.15108796  0.14386569
   0.4428212   0.40516604  0.04512386]
 [ 0.38050365  0.73240764  0.02665924 -0.06893223  0.35615669  0.39186123
  -0.11594078  0.04286301 -0.13285831]]","['bbo_main', 'random_fill', 'random_fill', 'random_fill']","[[1.00000000e+00 3.42585957e-01 6.13966756e-01 1.02494019e-01
  5.14312733e-01 1.08726582e-03 1.55100525e-09 9.42400865e-02
  1.00000000e+00]
 [1.00000000e+00 6.51895028e-01 9.22855864e-02 1.23732566e-01
  1.26772444e-01 2.21387211e-02 2.64423482e-01 5.16543290e-01
  1.00000000e+00]
 [9.64853456e-11 2.24033374e-01 9.54411869e-01 2.90249973e-01
  8.86944510e-02 4.38592993e-03 3.12528515e-01 5.49906956e-02
  1.00000000e+00]
 [1.00000000e+00 9.99999999e-01 1.95507516e-02 8.52459304e-02
  2.42513053e-01 2.85147511e-01 4.65375154e-08 4.11350873e-02
  1.00000000e+00]]",[0.15676843 1.16220498 0.92142309 1.17457207],4,0.15924650649764652,0.8166969336124021,0.8493386676666898,0.07745522953826578,0.14588995409627326
120,"[[ 0.12202629 -0.64546449 -0.12634491 -0.01584226  0.44969002  0.33047809
   0.40266949 -0.00919398 -0.28036945]
 [-0.17353335  0.59213746  0.33118644 -0.10030015  0.50809766  0.08763948
   0.34124902  0.34235574 -0.00354551]
 [-0.2422712  -0.23080988  0.07853447 -0.78322968  0.26740189 -0.36480536
  -0.20467729 -0.12538161 -0.07883531]
 [-0.2539711  -0.37361354  0.36832271  0.2089911   0.48039378 -0.40576905
  -0.18073115 -0.10563392 -0.42109823]]","['bbo_main', 'random_fill', 'random_fill', 'random_fill']","[[9.99999945e-01 1.98829560e-01 4.24318683e-02 2.98641652e-01
  3.35452830e-01 2.07355502e-01 3.73637310e-01 5.78434519e-02
  1.00000000e+00]
 [1.87363331e-10 8.67072057e-01 2.68045942e-01 4.77265670e-02
  6.21012013e-01 5.11190614e-02 6.91556293e-02 6.91343768e-02
  1.00000000e+00]
 [3.03855675e-10 5.34427793e-01 3.13145130e-01 4.81103466e-02
  7.33072924e-01 1.49343986e-02 1.01653159e-07 8.99602153e-02
  1.00000000e+00]
 [4.62924683e-10 1.84861916e-01 8.27282885e-01 3.38913903e-01
  1.62044127e-01 9.63830876e-10 1.14456011e-07 7.12217238e-02
  6.78664330e-01]]",[ 0.07252397  0.96114918 -0.03597773  0.09100734],4,0.15608722360453034,0.8198110814513675,0.852215847000584,0.07771016873588488,0.14744472001757014
121,"[[ 0.0568017   0.12838443  0.43089213 -0.23679645 -0.57746402  0.30737386
   0.39034018  0.29940992  0.261907  ]
 [ 0.05131835  0.26636694  0.47685045 -0.39412547 -0.55491749 -0.34082766
   0.25398927  0.19269966 -0.13398967]
 [ 0.08777463 -0.48121131 -0.03655824 -0.56032963 -0.49356444  0.33467668
   0.26775779  0.10310534 -0.08652288]
 [-0.38989234 -0.3012849   0.10780081  0.16734186  0.46387779  0.27364419
   0.41306859  0.45589651 -0.22148594]]","['bbo_main', 'random_fill', 'random_fill', 'random_fill']","[[2.71155975e-01 3.62498128e-01 6.61980860e-01 9.57646944e-02
  6.13757132e-02 1.80276824e-01 5.21184246e-01 4.72223176e-02
  1.00000000e+00]
 [2.75382783e-01 4.71256583e-01 9.41970717e-01 7.57653571e-02
  1.06083057e-01 4.42104588e-03 1.63145778e-01 7.37368365e-02
  1.00000000e+00]
 [1.00000000e+00 1.97073631e-01 2.59682083e-01 1.55097977e-01
  7.46495481e-03 5.14091843e-01 2.43201997e-01 7.29560985e-02
  1.00000000e+00]
 [1.75186888e-11 2.71841391e-01 7.95363435e-02 3.82146629e-01
  1.56043706e-01 9.77385167e-02 1.22146602e-01 8.07891749e-01
  1.00000000e+00]]",[0.82396194 0.42025997 0.05102968 0.2870363 ],4,0.16034283128308668,0.8156593094038798,0.8483791828471826,0.07788788614518143,0.14991839035882393
122,"[[ 0.26089499 -0.07858604  0.16917027  0.30779466  0.62734035  0.47102851
   0.3648435  -0.22941059  0.0351872 ]
 [ 0.14722952 -0.4522254   0.33441056  0.34159205  0.53838152  0.03543147
   0.47504095 -0.16847975  0.01186269]
 [ 0.2737051   0.21265462  0.44364746  0.23585599 -0.50332504 -0.2553103
  -0.06656937  0.39266959 -0.38764944]
 [ 0.0443499   0.17314936 -0.17834505 -0.45016811 -0.82007286 -0.08414404
   0.05495928 -0.04355254 -0.22153341]]","['bbo_main', 'random_fill', 'random_fill', 'random_fill']","[[1.00000000e+00 3.23658237e-01 6.60468535e-02 3.20598140e-01
  7.85411043e-01 1.43146712e-01 1.14761079e-02 4.51305810e-02
  1.00000000e+00]
 [1.00000000e+00 2.10358896e-01 3.20815084e-01 3.58235723e-01
  4.18157565e-01 1.02627626e-02 2.72290543e-01 4.54487866e-02
  1.00000000e+00]
 [1.00000000e+00 2.83617447e-01 8.10939185e-01 2.07850144e-01
  9.48999096e-02 1.24934552e-03 8.28580228e-08 7.26745817e-02
  7.39503616e-01]
 [9.53089760e-01 6.41405442e-01 3.36332532e-11 1.24808210e-01
  5.32157817e-02 8.93669998e-02 8.00621448e-04 9.04768265e-02
  5.19394872e-01]]",[ 0.9344785   0.64080088  0.43659592 -0.07297663],4,0.16060427230033225,0.817215824937001,0.8498183308615695,0.07736561753718711,0.1512505346439632
123,"[[ 0.03998798 -0.32718213 -0.27748193 -0.45204286 -0.29388639  0.43728554
   0.34744198  0.26549766 -0.37579391]
 [-0.1341052  -0.55506148  0.23317553  0.38670881  0.359288   -0.13015981
   0.30892379 -0.44794112  0.16701321]
 [ 0.12463258 -0.11250333  0.50355144  0.37911999  0.30925644 -0.34580163
  -0.05075165 -0.12624374 -0.58376552]
 [ 0.01016238 -0.77749741 -0.18238918 -0.160783    0.13228658 -0.16362276
   0.29203572  0.31780778 -0.32514417]]","['bbo_main', 'random_fill', 'random_fill', 'random_fill']","[[3.95031476e-01 2.61387320e-01 2.87437981e-11 2.56936046e-01
  1.87826036e-02 4.17134606e-01 3.10202233e-01 7.17072596e-02
  7.20424673e-01]
 [3.24941256e-10 1.26305904e-01 3.82074631e-01 6.27062936e-01
  2.84781304e-01 4.81576217e-03 1.91551740e-01 4.83825780e-02
  1.00000000e+00]
 [3.33970570e-01 2.34945413e-01 6.87461981e-01 2.87407029e-01
  1.28608138e-01 3.34031740e-03 2.50449492e-08 7.05913819e-02
  4.72530750e-01]
 [3.38197373e-01 1.51318241e-01 4.71974245e-02 3.78385730e-01
  6.41269027e-02 8.91619072e-02 1.54728250e-01 9.71148722e-02
  3.44495540e-01]]",[-0.15289969  0.56768091  0.22418462 -0.22572541],4,0.1716316283166947,0.8213688823378453,0.8536537097521801,0.07719584712749435,0.15297999924881378
124,"[[-0.15071242 -0.1558691   0.35578093  0.16015853  0.50063714  0.35414033
   0.42412258  0.38656898 -0.30885483]
 [-0.28504657 -0.59530047 -0.21995401 -0.35412487  0.06401382 -0.56401964
   0.0255239   0.06126966  0.25290365]
 [-0.51925376 -0.3903564   0.11485267 -0.20550041  0.43197415 -0.27601898
   0.18344525 -0.29405088 -0.37372402]
 [ 0.17337607 -0.44577755 -0.34206353 -0.0277775  -0.45478792  0.18133164
   0.1958242   0.53030213 -0.30686052]]","['bbo_main', 'random_fill', 'random_fill', 'random_fill']","[[2.49698341e-10 2.80866522e-01 6.04899741e-01 2.39164001e-01
  5.51938225e-01 1.49067749e-01 1.11874384e-01 4.84246238e-02
  1.00000000e+00]
 [1.23532060e-10 2.07110567e-01 5.22207500e-02 2.94347679e-01
  1.02609881e-01 8.48728976e-02 1.67355673e-01 6.33925113e-01
  1.00000000e+00]
 [2.54402111e-10 3.60838088e-01 1.50878054e-01 2.84567183e-01
  2.21910783e-01 2.74805939e-02 1.95510176e-02 7.18388028e-02
  1.32966380e-01]
 [1.00000000e+00 1.83237306e-01 2.42301176e-02 3.31234566e-01
  3.12221135e-02 1.29344247e-01 9.91751399e-03 7.22826241e-01
  1.00000000e+00]]",[ 0.29616229  0.01569905 -0.16096128  0.16185651],4,0.16265142888133505,0.8364538509232285,0.8675268250071184,0.07718873573920153,0.15003004331887254
125,"[[ 0.04742713 -0.25181336  0.11076324 -0.83973457  0.22411627 -0.1316789
   0.21366373 -0.18836474 -0.26118415]
 [-0.21370197 -0.33353057  0.30803793  0.64961621  0.13670556  0.3906579
  -0.11295007  0.37411584 -0.04666754]
 [ 0.10045492  0.42321143  0.11694015  0.30403798 -0.70180907  0.19925579
   0.29220041 -0.13868071 -0.26045066]
 [-0.1132669  -0.46285459 -0.19240237 -0.16674217  0.56371015  0.49775891
   0.1770369  -0.33311203  0.01660892]]","['bbo_main', 'random_fill', 'random_fill', 'random_fill']","[[1.00000000e+00 4.10394199e-01 3.31011677e-01 4.88701061e-02
  2.17263016e-01 4.89864158e-02 3.27648719e-01 6.32626060e-02
  7.58310297e-01]
 [4.46201181e-11 1.13875629e-01 7.20869593e-02 8.46799824e-01
  7.69603515e-02 3.94181481e-01 1.00432828e-08 4.07791189e-02
  1.00000000e+00]
 [9.99999989e-01 7.14761543e-01 1.39902773e-02 1.92055193e-01
  5.82697336e-02 8.46076078e-02 5.36814351e-01 4.55592970e-02
  9.99999994e-01]
 [1.54295621e-12 3.04368642e-01 3.66208240e-02 3.10439925e-01
  7.65567390e-01 3.09564193e-01 1.52814524e-02 4.59139272e-02
  1.00000000e+00]]",[-0.15801633  0.66741899  0.32903112  0.38997849],4,0.1703188531661578,0.8437543449565633,0.8742060971019108,0.07663164104598032,0.14571022816997725
126,"[[ 0.12641315  0.37246189  0.3228967   0.57055577 -0.48319173 -0.06018434
   0.06715976  0.3479295  -0.22985631]
 [ 0.17743729  0.38175646  0.35791803  0.47840274 -0.45627615  0.19305478
   0.23562962  0.34319919  0.21688347]
 [ 0.08960676  0.03690246  0.33034328 -0.08432761 -0.51076898  0.46546551
  -0.07028637  0.45922335 -0.42544289]
 [ 0.13985507 -0.08161454  0.46163799 -0.09529129  0.56859927  0.48768645
   0.39941774  0.17573161  0.00549769]]","['bbo_main', 'random_fill', 'random_fill', 'random_fill']","[[9.99999997e-01 3.07521798e-01 1.35927200e-01 5.77533058e-01
  8.44907292e-02 5.36530190e-03 1.66449973e-07 4.60472957e-01
  1.00000000e+00]
 [9.99999997e-01 3.82301071e-01 5.15508671e-01 2.98981537e-01
  7.18172869e-02 1.20806020e-01 9.62935739e-03 3.62326801e-01
  1.00000000e+00]
 [9.38965559e-01 2.90794888e-01 4.16240100e-01 1.24624663e-01
  5.31621475e-02 3.89165760e-01 8.95473371e-08 4.32153267e-01
  9.99999950e-01]
 [9.99999997e-01 3.23411082e-01 7.64453859e-01 1.03889045e-01
  3.11598946e-01 2.60990897e-01 1.92339795e-02 4.02565568e-02
  1.00000000e+00]]",[0.50356626 0.98498299 0.14886318 0.78117233],4,0.18361752555702593,0.8374960260924454,0.8684817592179253,0.07602013326315372,0.1601381697072397
127,"[[ 0.10489911  0.36954488  0.48116656  0.35816348  0.33299254  0.19552679
   0.12477635  0.43018879 -0.37800017]
 [ 0.21910018 -0.73687775 -0.25440234 -0.11831221  0.00874161 -0.3923856
  -0.0303911  -0.41293149  0.06934732]
 [-0.12862023  0.12976154 -0.54419534 -0.01533181 -0.71134995 -0.07626559
  -0.17731946  0.30923229  0.17701174]
 [ 0.07304318  0.1429894  -0.40049354  0.65785348  0.16456805  0.17916217
  -0.16831818 -0.36145858 -0.40359311]]","['bbo_main', 'random_fill', 'random_fill', 'random_fill']","[[6.39680026e-01 4.39094365e-01 6.23628447e-01 1.70350877e-01
  1.60866987e-01 7.26348311e-02 5.98947097e-03 5.01661696e-01
  1.00000000e+00]
 [1.00000000e+00 3.99240072e-02 3.03629382e-02 6.91891019e-01
  7.53464703e-02 4.44921263e-02 3.31481821e-08 6.48768459e-02
  1.00000000e+00]
 [2.56966342e-10 4.37151883e-01 9.35138944e-11 2.75754558e-01
  8.90849584e-02 6.67293706e-02 4.75035724e-08 9.46236896e-01
  1.00000000e+00]
 [2.25705226e-01 2.78328429e-01 3.56507767e-10 6.37472991e-01
  1.20384363e-01 6.21429042e-02 1.57121215e-07 4.48883033e-02
  3.43524922e-01]]",[0.49677553 0.12585571 0.45365668 0.35172357],4,0.16758552696612394,0.851067611826255,0.8808725975591274,0.07531213745015244,0.14496087836686378
128,"[[ 0.05579994  0.29259756  0.39498728  0.15185005 -0.10475327  0.45467367
   0.42771894  0.47411059 -0.32676277]
 [-0.02080502 -0.66229829  0.25019353 -0.45419027  0.29147506 -0.42077964
   0.03901674 -0.16860415 -0.00892427]
 [-0.0812097  -0.25388277  0.33210079  0.55853764  0.32473392  0.41412506
   0.25525884 -0.03739191 -0.40396334]
 [-0.31990562  0.18783987  0.19641871  0.58238958 -0.45888237  0.09318331
   0.00356007 -0.45026749 -0.2502179 ]]","['bbo_main', 'random_fill', 'random_fill', 'random_fill']","[[2.46576433e-01 4.63705615e-01 4.02494826e-01 1.20153890e-01
  1.02751248e-01 2.06716554e-01 5.92716464e-02 6.83024386e-01
  1.00000000e+00]
 [3.28269035e-01 1.70188994e-01 9.54411866e-01 1.95767279e-01
  2.74427086e-01 2.56586196e-03 6.28434069e-03 7.47178760e-02
  1.00000000e+00]
 [1.66074387e-09 1.55273808e-01 2.60481399e-01 5.83994751e-01
  1.05649587e-01 3.11282287e-01 5.20477393e-07 3.47916745e-02
  6.18904754e-01]
 [1.58952637e-10 2.28119821e-01 6.11923211e-02 9.24947964e-01
  6.19107848e-02 8.18889037e-02 1.01899043e-07 4.48882989e-02
  9.30439746e-01]]",[0.43230677 0.08795873 0.28516996 0.31974586],4,0.16483273271108878,0.8531595789666326,0.8827748499021045,0.07521400301455847,0.14364753988543796
129,"[[ 0.05750062  0.01876367 -0.1114992  -0.65552136 -0.62865986 -0.05614457
  -0.12850667  0.27670922 -0.25050729]
 [-0.07022287  0.6064791   0.03678511  0.43978528 -0.11982693  0.0552882
  -0.48824357  0.25797503  0.33187262]
 [-0.09590916  0.26861839  0.05045616 -0.2412819  -0.37209194  0.67641763
  -0.22893077 -0.03821758 -0.45609178]
 [ 0.14242899  0.36665331  0.10130733 -0.19041958 -0.44893245  0.35145366
   0.14179413  0.49073892 -0.46126593]]","['bbo_main', 'random_fill', 'random_fill', 'random_fill']","[[9.99999994e-01 4.81040941e-01 4.36152241e-02 9.50575679e-02
  7.89388267e-02 8.47464981e-02 8.16120891e-08 6.66753175e-01
  9.99999995e-01]
 [2.02787611e-11 1.00000000e+00 1.70050503e-02 3.43292418e-01
  1.45664985e-01 9.07926877e-03 1.57522229e-09 2.27240329e-01
  1.00000000e+00]
 [2.97488895e-10 5.22955579e-01 1.00224807e-01 1.81131362e-01
  1.01553154e-01 9.60997618e-01 2.39948680e-08 4.95130701e-02
  1.00000000e+00]
 [9.99999987e-01 5.41357219e-01 7.15675413e-02 1.47537667e-01
  1.12818868e-01 1.62794261e-01 4.53601443e-03 5.60658878e-02
  2.80145901e-01]]",[-0.12104289  1.13162192  0.25609329  0.22557738],4,0.16213113285601669,0.8437543449565633,0.8742060971019108,0.07557250483040337,0.14264120056539653
130,"[[-0.06458768 -0.56357246 -0.19344825 -0.42341411  0.30744055  0.33750928
   0.35637641  0.20365695 -0.29086126]
 [ 0.00348591 -0.14332078 -0.22814402 -0.70903939  0.16850524  0.22300656
  -0.36411473  0.39972589 -0.23275349]
 [-0.01565561 -0.25660402  0.35379113 -0.76606395  0.33786975  0.24972717
  -0.04870678 -0.20709123  0.01041096]
 [-0.06858136  0.37271582  0.03192019 -0.19730525  0.52107904  0.20996873
   0.407773   -0.43756712 -0.37825549]]","['bbo_main', 'random_fill', 'random_fill', 'random_fill']","[[3.26692071e-10 2.70558940e-01 3.38527945e-02 2.58558793e-01
  1.00538279e-01 2.79772181e-01 5.79000710e-01 7.19942534e-02
  8.45440211e-01]
 [2.75382781e-01 4.61850930e-01 7.16082548e-03 1.58002917e-01
  1.30434101e-01 1.26566301e-01 2.84703770e-08 8.80945078e-01
  1.00000000e+00]
 [1.98381401e-01 3.44818767e-01 9.15484369e-01 5.11020018e-02
  2.17505093e-01 2.72436278e-01 1.35917688e-08 4.48882993e-02
  1.00000000e+00]
 [1.85842753e-10 7.25230633e-01 7.22149858e-02 1.33301881e-01
  7.42388847e-01 9.16360790e-02 2.05965592e-01 4.82739730e-02
  1.00000000e+00]]",[-0.168072   -0.00930987  0.3357933   0.33700147],4,0.16245851272934742,0.8552526790035473,0.8846759694677291,0.07533206682059448,0.14456269990139348
131,"[[-0.04330079 -0.40353228  0.20768198 -0.67190038 -0.13936355 -0.39528455
  -0.14297742  0.2759697  -0.26159304]
 [ 0.09477542 -0.50611208 -0.00993457 -0.70582677  0.2726701  -0.18870253
   0.12295644  0.23329683  0.23890319]
 [-0.125422    0.04850555  0.28668568  0.2550435  -0.68716288 -0.10800208
   0.16041687 -0.38110111 -0.42408933]
 [ 0.19727943 -0.01697532  0.34091676 -0.06316022  0.1502475  -0.16688638
  -0.33105898  0.61894057 -0.54540476]]","['bbo_main', 'random_fill', 'random_fill', 'random_fill']","[[2.30187405e-01 2.58120986e-01 8.34402077e-01 1.40884607e-01
  1.00618312e-01 2.20134997e-02 1.04356158e-08 1.08010230e-01
  7.07607920e-01]
 [1.00000000e+00 3.23150334e-01 3.02695241e-01 8.33085433e-02
  6.16516197e-01 5.32577053e-02 1.12473418e-02 1.15348120e-01
  1.00000000e+00]
 [1.73483873e-09 3.35696480e-01 1.91031954e-01 3.64388873e-01
  8.68324261e-02 7.40845256e-02 1.64873270e-02 5.02878640e-02
  1.07383319e-01]
 [1.00000000e+00 4.25492403e-01 2.84361765e-01 1.74344584e-01
  1.24513948e-01 1.80779095e-02 1.72814756e-08 7.61845045e-01
  1.00000000e+00]]",[-0.21351947  0.29466873  0.03425494  0.2178116 ],4,0.15209420545255914,0.8531595789666326,0.8827748499021045,0.07490103136870699,0.14399341820413541
132,"[[-0.13905751 -0.15504503 -0.05360921 -0.28373599  0.42935076  0.46304646
   0.43707522 -0.36692955 -0.38576916]
 [ 0.05826414 -0.38456612 -0.16179218  0.15332438 -0.12854156  0.51638598
   0.50237557  0.4619485  -0.22377234]
 [ 0.02279027 -0.04848943 -0.30398104  0.30585024  0.49620524  0.52083574
   0.41582895  0.34562405  0.03635006]
 [-0.23875959 -0.11837869 -0.43362918  0.30064279  0.71497825 -0.00983247
  -0.11161955 -0.10837208  0.33921377]]","['bbo_main', 'random_fill', 'random_fill', 'random_fill']","[[1.53260445e-10 4.48081678e-01 6.31892254e-02 2.02691469e-01
  2.14165606e-01 5.15941171e-01 4.75504646e-01 4.27318562e-02
  1.00000000e+00]
 [2.75382781e-01 2.19160607e-01 2.42301177e-02 3.43522407e-01
  1.18007895e-02 5.48619725e-01 4.62291235e-01 6.36161648e-02
  1.00000000e+00]
 [1.19693841e-01 3.23218643e-01 6.58677155e-11 3.86382085e-01
  1.78822047e-01 9.05582842e-01 2.45051876e-02 4.41994844e-02
  1.00000000e+00]
 [7.18487805e-10 3.87576395e-01 6.27864492e-10 3.87155013e-01
  9.43144731e-01 5.80828080e-02 1.51163605e-07 5.41491122e-02
  1.00000000e+00]]",[0.00686823 0.30015483 0.727439   1.07761695],4,0.15566029144811694,0.8453203709405248,0.8756357354380268,0.07477027592570551,0.14315570227238572
133,"[[ 0.04806177  0.52580298 -0.06461014  0.59231837  0.05416473  0.08467483
   0.41107716 -0.34115539 -0.26595243]
 [ 0.11238391 -0.04524428 -0.0246483   0.56201263 -0.57721137  0.19329753
   0.32225877  0.02124516 -0.44047485]
 [-0.14706264  0.1529706  -0.2643835  -0.35802413 -0.68495396 -0.28108971
  -0.01997641  0.20924663  0.40563051]
 [ 0.16043466  0.07523219 -0.40022325 -0.67064302 -0.4611113   0.20169663
   0.20142713 -0.2393728   0.08650281]]","['bbo_main', 'random_fill', 'random_fill', 'random_fill']","[[1.39809064e-01 7.95489077e-01 9.30289535e-10 2.69815876e-01
  1.55611951e-01 2.00926322e-02 6.61585341e-01 4.50007100e-02
  1.00000000e+00]
 [3.98249645e-01 2.01671063e-01 4.12050088e-02 5.69753322e-01
  5.74075667e-02 1.07687600e-01 7.35391010e-04 5.47171195e-02
  2.99397385e-01]
 [6.58927732e-10 7.41054831e-01 4.45366053e-10 1.32489941e-01
  7.11643298e-02 4.44401452e-02 4.04203664e-07 6.16076240e-01
  1.00000000e+00]
 [9.99999997e-01 5.74678809e-01 8.55462419e-10 4.36841394e-02
  6.69751289e-02 2.24478566e-01 4.84631662e-01 6.08868356e-02
  1.00000000e+00]]",[0.58559487 0.21202721 0.53923142 0.35831225],4,0.1592823909197263,0.8536827469091905,0.883250236848794,0.07446418078737767,0.13593316026877214
134,"[[-0.09925108 -0.6752664  -0.18448807 -0.15372236 -0.27715045  0.03193029
  -0.27049295 -0.56985486 -0.02766193]
 [-0.19405722 -0.18618575 -0.27454105 -0.65276856  0.28300417 -0.39010759
  -0.27823169  0.21924495 -0.26161151]
 [-0.03962765  0.41557973 -0.30540504  0.36365153  0.28072256  0.04501511
   0.01336468 -0.25191449 -0.67508327]
 [-0.14970473 -0.25189588  0.32305332 -0.77068917 -0.42312821  0.1475806
  -0.06925342 -0.0865661  -0.05200451]]","['bbo_main', 'random_fill', 'random_fill', 'random_fill']","[[1.19342735e-09 4.76073185e-02 4.77374379e-02 4.87692888e-01
  3.59502984e-03 5.11907961e-01 8.67733787e-08 6.81227330e-02
  1.00000000e+00]
 [1.64048185e-11 5.29284130e-01 3.33608199e-11 1.58476996e-01
  3.15646614e-01 1.75711513e-02 2.78146762e-09 1.14488051e-01
  3.05461169e-01]
 [6.69266628e-03 5.80584196e-01 1.61011921e-03 2.92509011e-01
  1.55094865e-01 4.22543867e-02 1.15003438e-03 5.66057214e-02
  6.72888027e-02]
 [2.38463471e-10 3.20768255e-01 9.17042739e-01 5.52504293e-02
  7.99638823e-02 3.07404203e-01 4.16485781e-08 5.31289795e-02
  1.00000000e+00]]",[-0.16705693 -0.17433053  0.33266416  0.12780083],4,0.15604009192625928,0.8646862683274402,0.8932163699898247,0.07472334585076928,0.15160754426248052
135,"[[-0.2110533  -0.10417576 -0.1471669  -0.56665714 -0.5136128   0.28020829
  -0.12473932  0.34397149 -0.35447769]
 [ 0.05368786 -0.45237837 -0.0886986   0.02440573 -0.40079352 -0.18874557
   0.60199912 -0.20147689 -0.42982802]
 [-0.01344029  0.09012421  0.27083976 -0.21556418  0.55742355  0.39967692
   0.44176347  0.10215269 -0.44251792]
 [-0.13136451 -0.46310671  0.15839605 -0.41377778 -0.27342941  0.14892346
   0.53465441  0.34075356 -0.27030356]]","['bbo_main', 'random_fill', 'random_fill', 'random_fill']","[[1.18314272e-09 4.38810512e-01 5.06802184e-02 1.78855824e-01
  8.52831526e-02 1.86849602e-01 3.06765859e-07 7.82134805e-02
  1.54251345e-01]
 [2.75382781e-01 2.87024186e-01 4.21176063e-02 3.27119281e-01
  2.82601672e-02 4.85943729e-02 9.12072278e-01 6.02189414e-02
  9.99999946e-01]
 [1.26881354e-03 5.21904835e-01 3.43719641e-01 1.05436534e-01
  7.73332822e-01 1.84896346e-01 5.96477374e-02 4.55326422e-02
  1.00000000e+00]
 [2.81712529e-10 3.11844781e-01 2.86902140e-01 1.73797157e-01
  2.04583666e-02 8.68602884e-02 8.37135410e-01 7.30013740e-02
  1.00000000e+00]]",[-0.173743   -0.02420349  0.2108401   0.03860503],4,0.14649681689068977,0.864161528753646,0.8927425544958975,0.07386963244742935,0.14856489148736451
136,"[[ 0.13502551 -0.795939   -0.20926818 -0.38061141  0.19018747  0.11282188
  -0.00340942 -0.27514344  0.18701713]
 [ 0.27144159  0.51214944  0.34067003 -0.12407458 -0.39263922 -0.22923867
   0.25979187  0.29271131 -0.41555288]
 [ 0.44659601 -0.10914206 -0.00615463 -0.43631425 -0.55817483 -0.19752655
  -0.09893495 -0.4850602  -0.05083914]
 [ 0.0415037  -0.7686666   0.17271335  0.13762114  0.40639967  0.1019255
   0.39918303 -0.13873733  0.06719371]]","['bbo_main', 'random_fill', 'random_fill', 'random_fill']","[[1.00000000e+00 1.18835589e-01 4.55989599e-02 2.65010271e-01
  3.67007543e-01 2.78989451e-01 1.04344269e-07 9.31017564e-02
  1.00000000e+00]
 [9.99999999e-01 6.64082579e-01 2.99486070e-01 7.11058277e-02
  1.52116522e-01 2.24601704e-03 6.05985449e-02 7.00237341e-02
  4.80047988e-01]
 [1.00000000e+00 3.89013062e-01 3.04564938e-01 4.58825154e-02
  2.07528079e-02 1.27584431e-01 2.02884531e-08 8.17961289e-02
  8.53127236e-01]
 [3.05023064e-01 1.24552351e-01 3.21485725e-01 4.38500201e-01
  4.53206420e-01 6.38069754e-02 2.22042718e-01 5.48546656e-02
  1.00000000e+00]]",[0.19270843 0.48126725 0.26241132 0.37169762],4,0.14621747492903947,0.8820498810025484,0.9088050808212563,0.07279495207340295,0.15307669808136304
137,"[[ 0.05060002 -0.65313006  0.16839508 -0.04174779  0.35874334 -0.15309759
   0.31891958 -0.41280839 -0.34132809]
 [ 0.07815505  0.25816432  0.31931055  0.42096657  0.48833513  0.45099289
   0.05222094  0.14429382 -0.42738434]
 [-0.2346328   0.13446225 -0.34784934  0.62381318  0.41600331  0.12685049
  -0.23829108 -0.30425096 -0.27968594]
 [-0.07335344 -0.66550702  0.28482748 -0.03001999  0.34769417  0.32494793
  -0.25193623  0.04805618 -0.42122218]]","['bbo_main', 'random_fill', 'random_fill', 'random_fill']","[[3.36947220e-01 1.73788169e-01 4.12729563e-01 3.46341263e-01
  1.18258659e-01 6.10039726e-02 9.99145942e-02 5.06213814e-02
  4.02576692e-01]
 [3.05023062e-01 4.62172035e-01 1.07134533e-01 2.90814730e-01
  2.77253408e-01 1.25047829e-01 1.36434911e-08 4.42323949e-02
  2.13013153e-01]
 [1.74339606e-09 2.77433091e-01 2.24467729e-09 6.86002611e-01
  6.25976490e-01 6.13507089e-02 3.26035115e-07 4.52697831e-02
  1.00000000e+00]
 [3.11064139e-02 1.60589537e-01 5.66402450e-01 3.07718823e-01
  1.02735309e-01 1.91046857e-01 7.63322154e-08 5.49276685e-02
  4.93790040e-01]]",[-0.13477209  0.40692013  0.43997302 -0.06462093],4,0.1597072208749424,0.8762513723147793,0.9036194801784607,0.07356639941201568,0.15746557606655293
138,"[[ 0.12754208 -0.02914944  0.40820485  0.74443068  0.1024491   0.34392229
   0.17720605 -0.13977481 -0.2869804 ]
 [-0.23144413  0.5065594   0.27687282 -0.04471432 -0.09506293  0.39649634
  -0.36112021  0.43047676 -0.35945641]
 [-0.30280523 -0.52555133 -0.25936526 -0.34984234  0.10285856 -0.24943202
  -0.33014415 -0.50655144 -0.06371073]
 [-0.11918782 -0.54514117  0.36425079  0.19417031  0.57498927 -0.02149749
  -0.11843262 -0.40609046 -0.09068664]]","['bbo_main', 'random_fill', 'random_fill', 'random_fill']","[[9.39876592e-01 1.33617636e-01 4.40504316e-01 6.51048926e-01
  8.19196308e-02 1.90198531e-01 1.38373749e-08 4.07546529e-02
  1.00000000e+00]
 [1.03019964e-10 7.47734124e-01 2.23755460e-01 7.48762346e-02
  1.60892243e-01 2.33807488e-01 1.92459257e-08 6.13320130e-01
  1.00000000e+00]
 [1.14631408e-10 2.49652092e-01 4.31938756e-02 3.07604738e-01
  6.90251926e-01 7.84250738e-02 2.39326371e-08 7.25177559e-02
  9.99999999e-01]
 [8.71360101e-10 1.93565227e-01 7.06639141e-01 3.39102369e-01
  5.18693235e-01 5.04187559e-02 7.89321432e-08 4.96595978e-02
  1.00000000e+00]]",[ 0.56158497  0.41934808 -0.29902926  0.40402334],4,0.16029357685158796,0.8825775824626743,0.9092759348411478,0.07315936128854025,0.1384250511676569
139,"[[ 0.06426411 -0.29831211 -0.44934151 -0.04724685  0.30449852  0.27750762
   0.45279299  0.38652057 -0.42259968]
 [ 0.03370117  0.30414744  0.20916129 -0.11921888 -0.66666532 -0.07160385
   0.09918529 -0.58320306 -0.22105131]
 [ 0.3800772   0.30305249 -0.28555473  0.68065199  0.15335964  0.12469875
  -0.21781768  0.26457583 -0.24971586]
 [-0.36537757  0.09984049 -0.27883034  0.6902668   0.1989557  -0.2290884
   0.32370696 -0.27429982 -0.17385353]]","['bbo_main', 'random_fill', 'random_fill', 'random_fill']","[[2.75382782e-01 2.90531649e-01 7.07688314e-11 2.90114962e-01
  1.31600719e-01 1.23178409e-01 3.79454017e-01 6.79163375e-02
  4.55299902e-01]
 [2.75382781e-01 8.39209256e-01 3.51965570e-01 7.28380041e-02
  8.28625866e-02 6.87457530e-02 1.17390000e-02 4.48882993e-02
  6.57097598e-01]
 [1.00000000e+00 2.51336204e-01 1.37726602e-10 8.50571007e-01
  1.11740562e-01 6.91032872e-02 5.05946270e-08 4.83485558e-02
  1.00000000e+00]
 [2.48150825e-10 2.39434205e-01 2.91688296e-10 8.75121483e-01
  1.31322385e-01 6.06474018e-10 2.72324364e-01 4.48883001e-02
  1.00000000e+00]]",[-0.00276814  0.09902696  0.82401768  0.55608678],4,0.1533305222142739,0.8894467297910009,0.9153880102312945,0.07206570255294588,0.14153876030368176
140,"[[-0.05340342 -0.11396853  0.05448332  0.44960465 -0.73020826 -0.19229445
   0.12905291  0.35341885 -0.25943338]
 [ 0.10170674  0.38809039 -0.27681271 -0.2906915  -0.06859728 -0.29611253
   0.28245195 -0.63504844 -0.32009518]
 [-0.42256964 -0.26240447  0.49913433  0.07234079 -0.68414577  0.13528751
   0.00196654  0.09040306  0.06062841]
 [-0.02356481 -0.47645492 -0.58410865 -0.1392057  -0.3948978  -0.17731565
  -0.22656217  0.06760285 -0.41059541]]","['bbo_main', 'random_fill', 'random_fill', 'random_fill']","[[3.22219357e-09 1.86351404e-01 5.43134896e-02 6.34915400e-01
  5.75514108e-02 5.16036041e-02 5.18666210e-07 6.67839163e-01
  1.00000000e+00]
 [9.99999990e-01 7.83818566e-01 2.09172116e-10 9.72499808e-02
  1.52167917e-01 3.92297026e-10 5.59330693e-01 4.48882998e-02
  9.10277785e-01]
 [2.40670453e-11 1.09265653e-01 1.00000000e+00 3.35917649e-01
  5.55685866e-02 1.98534752e-01 2.17450916e-08 5.61071002e-02
  1.00000000e+00]
 [2.75382781e-01 2.36196488e-01 1.20785318e-09 3.71134040e-01
  5.06066551e-02 8.91161149e-02 1.94813246e-07 9.52614191e-02
  1.44753767e-01]]",[ 0.19182793  0.20529341  0.549306   -0.25947177],4,0.14699638437804025,0.8862742339383465,0.9125691721667852,0.07261438679555102,0.13209482812850695
141,"[[ 0.11466639 -0.66424701 -0.0437964   0.37457499  0.20126454  0.2853646
   0.29223091  0.23599707  0.37465862]
 [ 0.08213933  0.59762816  0.1540711  -0.33083283  0.43228098 -0.22177901
   0.25031445 -0.4510647   0.0271289 ]
 [ 0.1421122  -0.12441484 -0.54279679  0.26561442 -0.10799748 -0.24225066
   0.04992894  0.03223268 -0.72475169]
 [-0.06632144 -0.056596    0.0470427  -0.04382967 -0.6129765  -0.47221797
  -0.27849593  0.39004537 -0.3997986 ]]","['bbo_main', 'random_fill', 'random_fill', 'random_fill']","[[9.99999994e-01 7.43460489e-02 4.21600254e-02 6.76939144e-01
  5.95881337e-02 3.36168792e-01 8.88246454e-02 5.25953125e-02
  1.00000000e+00]
 [3.44595942e-01 9.95937105e-01 1.90438206e-01 2.36524776e-02
  4.51780543e-01 2.88350253e-03 5.92806723e-02 4.48883001e-02
  1.00000000e+00]
 [3.38197380e-01 3.56935072e-01 1.85473068e-10 3.76974454e-01
  1.01822901e-01 3.99790271e-02 6.21526859e-08 6.95411396e-02
  5.73293098e-02]
 [1.35892275e-08 3.67996948e-01 9.64835984e-02 3.16085051e-01
  9.01165354e-02 3.73650390e-02 4.95827543e-07 8.25651543e-02
  5.41011078e-02]]",[ 0.83795219  0.86139777  0.04379423 -0.0924515 ],4,0.1479775140240065,0.8889177212620617,0.9149184630625348,0.07265813645617529,0.13565806183356266
142,"[[-0.22290699 -0.18048968  0.32588571 -0.80032352  0.24826029 -0.22234425
   0.02460774  0.2378337  -0.05268937]
 [-0.143107   -0.43558655  0.17441407 -0.41315558  0.48919674  0.36237723
   0.17690587 -0.41264115 -0.12832707]
 [ 0.15209437  0.48162419  0.36378308  0.62864623  0.05095579 -0.24319754
   0.15253376  0.35874258  0.060555  ]
 [ 0.19825126  0.0956652  -0.29736855  0.22098002 -0.08145378  0.15245775
   0.78644408 -0.38140004  0.14298957]]","['bbo_main', 'random_fill', 'random_fill', 'random_fill']","[[1.63845871e-10 4.16552159e-01 9.54411869e-01 4.53541934e-02
  2.40054152e-01 8.87184223e-03 6.29907778e-03 9.56602789e-02
  1.00000000e+00]
 [9.31319380e-10 3.36022564e-01 3.86140933e-01 1.59405008e-01
  6.97026041e-01 2.63653819e-01 1.49992033e-02 4.65324437e-02
  1.00000000e+00]
 [9.99999998e-01 5.70291215e-01 2.17436303e-01 3.49665983e-01
  1.43953177e-01 5.07853538e-10 1.96196467e-07 4.88390697e-01
  1.00000000e+00]
 [9.99999998e-01 4.48034841e-01 1.04378065e-09 2.08513272e-01
  6.28084856e-02 2.43560683e-02 8.54838331e-01 4.63193856e-02
  1.00000000e+00]]",[0.22738798 0.14677262 0.96877308 1.08339305],4,0.14499573469653623,0.8958032652885667,0.9210141446435185,0.07264454161142696,0.13726329906707083
143,"[[ 0.17130245  0.48361775  0.47360837 -0.33596957  0.45086487 -0.00104079
   0.34601932 -0.00774461 -0.27662131]
 [ 0.13829744 -0.31769822  0.20553806  0.24210411  0.46359169  0.49412324
   0.34497065  0.41570824  0.16789354]
 [ 0.02537191 -0.02328732  0.60665002  0.35757992 -0.26099067  0.30325135
   0.32948869  0.40207953 -0.26947737]
 [-0.27485264  0.59572652  0.10047477  0.24953522 -0.49133689 -0.01850615
   0.157697    0.35791022 -0.32012567]]","['bbo_main', 'random_fill', 'random_fill', 'random_fill']","[[9.99999999e-01 7.86875045e-01 4.10013342e-01 8.81006165e-03
  3.48808996e-01 5.29867609e-02 1.08289906e-01 5.54955089e-02
  1.00000000e+00]
 [9.99999999e-01 1.92956640e-01 1.32654735e-01 3.40304971e-01
  1.08970654e-01 7.71509335e-01 1.29793474e-02 4.82805051e-02
  1.00000000e+00]
 [1.99136181e-01 1.42753089e-01 9.99999984e-01 3.51475849e-01
  7.46763909e-02 1.60799511e-01 5.02212402e-03 1.18154659e-01
  1.00000000e+00]
 [6.80599438e-11 9.66163852e-01 5.09648645e-02 1.84978095e-01
  1.15284229e-01 8.56428506e-03 8.70624335e-03 4.56018950e-01
  9.99999999e-01]]",[0.6607049  0.81083051 0.54301661 0.41450789],4,0.1516880472879495,0.9032402460096588,0.9275569496478867,0.0716335755887858,0.13898682717833033
144,"[[-0.23313701  0.271454    0.63374714  0.21925883  0.43066265  0.46810557
   0.12847405 -0.03321902 -0.00691124]
 [ 0.15164784  0.32638674  0.24817078  0.27863513  0.45582177  0.43578729
   0.43336659 -0.14563444 -0.35291405]
 [-0.10963402  0.4042092   0.40012268  0.57479916  0.3667428  -0.25068542
   0.30001541 -0.19289602 -0.09768051]
 [-0.27784319 -0.36113011  0.2873293  -0.51659215  0.44270431 -0.02517864
   0.33826491  0.20275565 -0.30134458]]","['bbo_main', 'random_fill', 'random_fill', 'random_fill']","[[4.64803468e-11 3.63190941e-01 9.54411867e-01 1.70889449e-01
  1.43401309e-01 4.05807119e-01 1.48796586e-04 2.73399666e-02
  1.00000000e+00]
 [9.99999998e-01 5.74557088e-01 8.90523868e-02 1.86358578e-01
  3.13100105e-01 2.72886736e-01 3.96782966e-01 2.60963334e-02
  1.00000000e+00]
 [9.82664135e-11 3.91268268e-01 7.08367868e-01 3.84650616e-01
  2.19652239e-01 1.20162322e-10 2.35367852e-01 4.72329659e-02
  1.00000000e+00]
 [5.70687584e-09 3.33220171e-01 6.20627584e-01 1.43605290e-01
  4.27543704e-01 2.22104873e-02 2.90527516e-01 7.34817253e-02
  1.00000000e+00]]",[ 0.98483227  0.49007822  0.70706344 -0.01565098],4,0.14370226374069994,0.9011129540109895,0.9256900166374378,0.07145495347428306,0.13375061634337254
145,"[[ 0.08061374 -0.69988449  0.20646588 -0.08712351  0.35747134 -0.1686459
   0.19911906  0.37321517 -0.34391758]
 [ 0.06695175  0.04786078 -0.14411454 -0.32617249  0.66949063  0.07783083
   0.62015209  0.05207917  0.15650275]
 [ 0.30400499  0.08803506 -0.23476358  0.47435028  0.07787174  0.47875897
   0.3491045   0.36534587 -0.35928117]
 [-0.1972895   0.42443906  0.17505735 -0.50986637 -0.3854574  -0.16653541
   0.06341925  0.4771954   0.2868286 ]]","['bbo_main', 'random_fill', 'random_fill', 'random_fill']","[[9.99999999e-01 1.51797607e-01 6.06324390e-01 2.54003990e-01
  1.14994811e-01 3.11081989e-02 9.55376557e-03 4.29885946e-01
  9.99999998e-01]
 [2.75382779e-01 5.49593559e-01 1.69977848e-02 1.64356501e-01
  4.79834568e-01 4.92762282e-09 6.51870006e-01 4.54049870e-02
  1.00000000e+00]
 [9.99999998e-01 2.85553241e-01 2.04144516e-10 3.86040851e-01
  7.38112909e-02 8.00947049e-01 1.99527336e-02 4.44901928e-02
  1.00000000e+00]
 [7.41811738e-10 6.91050034e-01 2.41986171e-01 7.50510799e-02
  1.61138425e-01 2.49879319e-02 6.36489840e-03 7.79042121e-01
  1.00000000e+00]]",[-0.06828568  0.87305383  0.56540939  0.89011826],4,0.1472509630702915,0.8984566196747441,0.9233535703093357,0.07096780278490612,0.1455241283311821
146,"[[-0.39174784  0.16321111 -0.39969915  0.02928479 -0.04493893  0.44762497
   0.49701743  0.45663642 -0.03671503]
 [-0.24796105 -0.60940631  0.12225576 -0.57411911  0.05291384 -0.20036082
   0.21979912  0.34558365 -0.1090688 ]
 [-0.01640428  0.08514803  0.18422442 -0.0964905   0.52891884  0.47667746
  -0.16402623  0.47027957 -0.44066726]
 [-0.25463091  0.18360589  0.3304951  -0.41784655  0.45257859 -0.3156136
   0.32157398 -0.40011442 -0.22290925]]","['bbo_main', 'random_fill', 'random_fill', 'random_fill']","[[1.34221001e-10 5.18823626e-01 4.14561707e-10 2.03446821e-01
  7.20825750e-02 1.34108496e-01 7.55593378e-01 2.54746466e-01
  1.00000000e+00]
 [9.03744613e-12 2.40741277e-01 3.63244411e-01 1.93500875e-01
  1.28764479e-01 7.96925288e-02 3.36678744e-02 6.96141811e-01
  1.00000000e+00]
 [1.75335779e-10 5.01648281e-01 1.35276798e-01 1.74711472e-01
  2.88138656e-01 2.12834067e-01 7.32883650e-09 6.00250360e-02
  2.80692523e-01]
 [7.54705101e-12 6.35976594e-01 3.22640262e-01 7.29705548e-02
  5.99458757e-01 2.34503694e-11 3.24348354e-01 5.45034860e-02
  1.00000000e+00]]",[ 0.60258123 -0.08364033  0.20916936  0.32379689],4,0.1419266809615496,0.8947427330329794,0.9200775650385821,0.07142055031269774,0.15639640380664455
147,"[[ 0.01091941 -0.38487184 -0.19446812 -0.79768666  0.14152118  0.19177351
   0.12389576 -0.2916492  -0.14289098]
 [-0.32421554  0.01915811  0.24145565 -0.49913223 -0.60736429  0.30435913
   0.17547373 -0.28873438 -0.10676608]
 [ 0.1033099  -0.11889145  0.47061264  0.64489155  0.48153872  0.15194503
   0.24000584 -0.02491228 -0.15697219]
 [-0.01449442  0.48716687  0.34721864  0.24473455  0.42840138  0.1783375
  -0.51654437 -0.03491523 -0.31405954]]","['bbo_main', 'random_fill', 'random_fill', 'random_fill']","[[1.00000000e+00 3.27945040e-01 1.68169528e-01 7.37102854e-02
  1.58502070e-01 5.92182272e-01 9.39388015e-03 5.47378037e-02
  1.00000000e+00]
 [7.90731605e-11 4.46500296e-01 6.59893090e-01 4.56511890e-02
  6.32638906e-02 5.79119296e-01 2.16126946e-02 3.34631638e-02
  9.99999998e-01]
 [3.24023351e-01 1.35376455e-01 9.54411867e-01 4.56906482e-01
  1.46150673e-01 6.38506988e-02 1.29525442e-08 4.48882993e-02
  1.00000000e+00]
 [2.13814418e-10 7.76987961e-01 3.24743439e-01 1.05504063e-01
  6.97772883e-01 9.05563511e-02 7.93008122e-09 5.04019537e-02
  1.00000000e+00]]",[-0.22849381  0.17030347  0.68318169  0.51635738],4,0.1498006363804311,0.9011129540109895,0.9256900166374378,0.07078260126223686,0.14055447325969533
148,"[[ 4.58290059e-03 -5.00464695e-01  2.77107207e-01  1.78641362e-01
   3.43713244e-01  3.77363515e-01  4.42019203e-01 -3.84715621e-01
   1.92051671e-01]
 [-2.22414928e-01 -1.54907587e-01  2.42602514e-01  1.40005380e-01
  -4.83197254e-01  7.50085931e-01  2.17994516e-04 -2.09872436e-01
   8.90099747e-02]
 [-1.72444054e-01  1.71782964e-01  3.64522583e-01 -1.79538074e-02
   6.24184851e-01  6.74158930e-02 -1.24636824e-01 -5.87401062e-01
   2.29844799e-01]
 [ 8.67436471e-02  2.46104252e-01 -1.63100757e-01 -6.90714274e-01
   4.37269296e-01  2.12797358e-01  2.95568066e-01 -2.55809490e-01
  -1.97317111e-01]]","['bbo_main', 'random_fill', 'random_fill', 'random_fill']","[[2.20652866e-01 1.67600232e-01 5.98268558e-01 2.87701746e-01
  8.30885464e-02 3.98078311e-01 3.03823814e-01 2.97493505e-02
  1.00000000e+00]
 [5.56337766e-12 2.80882337e-01 1.79454087e-01 2.97388678e-01
  5.52334222e-02 9.57342322e-01 1.21089938e-09 4.53875914e-02
  1.00000000e+00]
 [1.88128761e-11 5.66873907e-01 2.83361076e-01 1.54284915e-01
  8.90386446e-01 4.04348188e-02 4.02061937e-09 4.90879637e-02
  1.00000000e+00]
 [6.06768192e-01 7.96789911e-01 3.93398364e-03 5.73482509e-02
  6.34535448e-01 1.34186067e-01 6.12028112e-02 5.10633399e-02
  1.00000000e+00]]",[0.62799465 0.81254596 0.95740295 0.32220109],4,0.14094987403266634,0.9091010609335288,0.9326802559671544,0.07030142336307461,0.14040847152316904
149,"[[ 8.86657288e-02 -1.53989129e-01  8.88900647e-02  4.51845114e-01
   4.90109684e-01 -1.45822303e-01  4.93931874e-01  4.32285641e-01
  -2.53079171e-01]
 [-1.65324183e-01  3.68169612e-01 -1.93958368e-02  1.82741054e-01
  -8.34515775e-01  2.35526076e-01  6.85587054e-04  4.83388767e-02
   2.21635582e-01]
 [-2.22388376e-01  7.33177149e-01  3.49878237e-01  3.52879473e-02
  -2.81925393e-01  2.01963157e-01  2.44576094e-01 -1.16921167e-01
  -3.09153020e-01]
 [ 1.89283998e-01  4.34246810e-01  2.33723158e-01  5.86246499e-01
   2.99070873e-01 -9.05200246e-02 -1.84732183e-01 -4.88289430e-01
   8.42614752e-02]]","['bbo_main', 'random_fill', 'random_fill', 'random_fill']","[[3.38197343e-01 2.68709251e-01 4.37496616e-02 4.78531562e-01
  1.61635154e-01 8.73147327e-10 3.34716523e-01 5.44423376e-01
  1.00000000e+00]
 [6.60225756e-11 8.75028280e-01 1.61011924e-03 2.09899914e-01
  3.41484118e-02 4.81043922e-01 3.84369716e-08 4.26081090e-02
  1.00000000e+00]
 [4.19531009e-12 1.00000000e+00 3.72859872e-01 5.49467696e-02
  1.37310425e-01 1.47704586e-01 3.90885494e-02 4.48996637e-02
  8.95090698e-01]
 [9.99999992e-01 6.64121882e-01 3.76472358e-02 4.87925358e-01
  3.32777061e-01 5.08383808e-03 2.46506166e-07 4.48883013e-02
  1.00000000e+00]]",[0.43553262 0.66898113 0.58428166 0.93392705],4,0.16126490522474668,0.9075010388921397,0.9312846081926843,0.0703998228549371,0.14037666154477868
150,"[[ 0.0335911   0.41345376  0.01392874  0.56601148 -0.52605065  0.24606781
  -0.26288363 -0.20923729 -0.23916086]
 [ 0.25997539  0.21023263 -0.09371921  0.58556198  0.45407712  0.09941437
   0.37625952  0.07392396 -0.41646571]
 [-0.0080526  -0.54302431 -0.32413069 -0.37437944 -0.41066025  0.06780844
   0.04924833 -0.52603556  0.08637393]
 [ 0.09526819  0.4683924  -0.05292254  0.56908617 -0.45910431  0.18732899
  -0.19139853  0.29152523  0.2781787 ]]","['bbo_main', 'random_fill', 'random_fill', 'random_fill']","[[1.43742856e-01 3.94056893e-01 3.17056671e-11 7.49707235e-01
  4.78616739e-02 3.87276426e-01 2.74143524e-09 1.99831783e-02
  1.00000000e+00]
 [1.00000000e+00 4.03817061e-01 1.30622731e-03 3.69727455e-01
  2.47505440e-01 3.07553467e-02 2.46900673e-02 5.05239939e-02
  3.42231966e-01]
 [9.99999995e-01 1.22392854e-01 4.36770547e-11 2.73061019e-01
  5.05313543e-11 4.66819778e-01 1.27100223e-01 7.76882268e-02
  1.00000000e+00]
 [9.99999999e-01 6.26503134e-01 4.68578750e-11 5.39635690e-01
  7.16730032e-02 9.88502211e-02 1.44854086e-08 1.31484268e-01
  1.00000000e+00]]",[ 0.4188722   0.54718785 -0.09332237  0.99793851],4,0.14797632301897728,0.9123049271333655,0.9354677303650744,0.0707957234235918,0.149249362412064
151,"[[-0.2250369  -0.28027754  0.38919587 -0.13590731 -0.54572089  0.20247655
  -0.16567911  0.35401524 -0.45746506]
 [-0.0785212  -0.76975355 -0.16809373 -0.47502605 -0.07990345  0.25488343
   0.15844132  0.03932466 -0.2222801 ]
 [ 0.14528027 -0.44740216 -0.36195847  0.21894883 -0.31743571  0.23771476
   0.48529163 -0.11438073 -0.4403496 ]
 [-0.16081884 -0.13781248  0.42497557 -0.22195591  0.01283634 -0.28402763
  -0.05073485 -0.50186428 -0.62449829]]","['bbo_main', 'random_fill', 'random_fill', 'random_fill']","[[1.23839582e-10 2.29227173e-01 6.27316224e-01 2.23291850e-01
  6.45214466e-02 1.56820372e-01 2.08343904e-08 6.39666640e-02
  4.63780432e-01]
 [9.94148953e-02 1.36752506e-01 1.15121205e-01 2.84807775e-01
  2.42723668e-02 4.26818774e-01 2.99967905e-02 9.20850478e-02
  6.34827997e-01]
 [9.99999994e-01 2.07475935e-01 3.10227468e-10 3.83691346e-01
  2.32563223e-02 1.04884329e-01 3.95049637e-01 6.10913822e-02
  6.66217757e-01]
 [1.43620492e-10 4.19824566e-01 3.45720811e-01 2.05215542e-01
  1.08785581e-01 6.66901235e-02 6.07831055e-03 5.45022452e-02
  1.58341580e-01]]",[-0.04342177 -0.29360027  0.04537191 -0.10057356],4,0.14636336191668928,0.9128394151545094,0.9359317992437964,0.06979525740964662,0.13902213613885114
152,"[[ 0.06081494 -0.26025284 -0.14633339  0.49618085  0.40905327  0.42571709
   0.3772499   0.2098132  -0.3550527 ]
 [ 0.11421302  0.25205351  0.05615037  0.68985958  0.35767642  0.40124922
  -0.09237722  0.3699332  -0.10023888]
 [ 0.04938928 -0.18906501 -0.28839362 -0.33124827 -0.56334969 -0.56490669
  -0.15142354  0.21486811 -0.25167239]
 [ 0.11435422  0.5125277  -0.08434085 -0.0744243   0.836337   -0.04041203
  -0.07410093  0.04671362 -0.05310646]]","['bbo_main', 'random_fill', 'random_fill', 'random_fill']","[[2.75382780e-01 1.54965215e-01 5.60559588e-10 6.34608849e-01
  1.01000891e-01 6.88043163e-01 1.92203867e-02 3.53399710e-02
  1.00000000e+00]
 [9.41757051e-01 2.69349819e-01 8.50802973e-11 7.47777090e-01
  1.82423300e-01 2.87837455e-01 7.01375113e-09 3.06173373e-02
  1.00000000e+00]
 [9.99999999e-01 3.70862472e-01 1.72175882e-10 1.95167199e-01
  8.08812752e-02 5.18633435e-02 3.40287024e-08 1.07154570e-01
  2.60908159e-01]
 [3.17118626e-01 6.75338371e-01 2.61595280e-02 1.64802520e-01
  9.26870153e-01 1.99491862e-02 1.96633006e-08 6.83311180e-02
  1.00000000e+00]]",[ 0.28513747  0.78314323 -0.20287831  1.09237699],4,0.15101011937718223,0.909634680588716,0.9331451929865192,0.06985304626415473,0.13633952994427334
153,"[[ 0.08659039  0.26879421  0.1769784   0.03193291 -0.45150582  0.5372735
   0.39957773 -0.47456465 -0.10254957]
 [ 0.18258935  0.24420677  0.26870556 -0.26061611  0.07020323 -0.02698761
   0.46277239 -0.29948261 -0.67631044]
 [ 0.04382194  0.4825515  -0.33804134  0.3412519  -0.14161358  0.38262325
  -0.06386548  0.59742402 -0.08396228]
 [ 0.30259467 -0.23336054  0.34715135  0.34197856  0.30586697  0.44951617
  -0.13861772  0.36265116 -0.41251157]]","['bbo_main', 'random_fill', 'random_fill', 'random_fill']","[[2.75382781e-01 4.52405055e-01 1.41073199e-01 2.00361016e-01
  8.48237926e-02 9.44538076e-01 3.48613239e-02 3.08678150e-02
  1.00000000e+00]
 [9.99999959e-01 5.13684555e-01 1.22773493e-01 1.71465434e-01
  1.35212696e-01 5.07876154e-02 3.58607203e-02 5.17681688e-02
  2.14537399e-01]
 [1.79222590e-01 5.85392409e-01 2.31203541e-12 2.57918734e-01
  1.48068640e-01 9.92467974e-02 1.23436080e-09 9.16296784e-01
  1.00000000e+00]
 [9.99999996e-01 1.46738252e-01 4.25309924e-01 3.46254616e-01
  8.37974726e-02 3.16209705e-01 8.40669914e-08 4.49272556e-02
  6.84384228e-01]]",[0.5427227  0.16045739 0.85881216 0.43615908],4,0.15140992113476837,0.9144437809006034,0.9373231044418538,0.07021430792341239,0.12824876227842028
154,"[[ 0.03875154 -0.2646602  -0.33713796 -0.68927265  0.48029003 -0.25652897
   0.0714416   0.01834155 -0.19434139]
 [-0.34105663 -0.01172983 -0.04662764 -0.51077514 -0.47208552 -0.43696733
  -0.15505796 -0.41796378 -0.08908157]
 [-0.01206722 -0.49664289 -0.11230236 -0.6351237  -0.41687117 -0.38085242
  -0.03081696 -0.03318285 -0.12777076]
 [ 0.04377888  0.14422783 -0.30179576 -0.2532295  -0.1341619   0.60056942
   0.32502833 -0.23431244 -0.53183373]]","['bbo_main', 'random_fill', 'random_fill', 'random_fill']","[[2.98088193e-01 4.63642321e-01 7.87038581e-11 1.81565838e-01
  9.24166127e-01 2.43924076e-02 8.27905357e-03 9.37497076e-02
  1.00000000e+00]
 [6.07123820e-10 7.12493807e-01 2.54113948e-01 3.69372240e-02
  1.27214785e-01 9.23436032e-03 5.22299102e-07 4.48883040e-02
  6.03617176e-01]
 [8.78913306e-01 2.14535841e-01 2.85896747e-01 1.48554087e-01
  3.41081952e-02 1.00251605e-01 7.51209484e-03 1.21116763e-01
  4.98347379e-01]
 [2.75382781e-01 4.91868579e-01 3.45775437e-10 2.03709000e-01
  1.06144353e-01 3.10224910e-01 2.69043187e-02 4.46592502e-02
  2.39410463e-01]]",[ 0.00927535 -0.17569709 -0.36393535  0.07443691],4,0.1462325448247859,0.9235625270287396,0.9451798350449641,0.06912861083525197,0.1420935965937399
155,"[[-0.02394652 -0.11460459  0.12030256 -0.64175722 -0.53851649 -0.37210773
   0.19383502  0.26147229 -0.15988551]
 [-0.04226943 -0.3037963   0.22410397 -0.53887353 -0.00530548 -0.40831327
   0.40687321  0.47344051  0.09420316]
 [ 0.06826618  0.56237505 -0.15555323  0.02001297 -0.3629408   0.46263365
  -0.11017245  0.47216821 -0.2713669 ]
 [ 0.0577816  -0.44641436  0.27759899 -0.32608036 -0.53802804  0.10603202
   0.25705841 -0.25302531 -0.42798143]]","['bbo_main', 'random_fill', 'random_fill', 'random_fill']","[[2.16856002e-01 4.32004061e-01 3.20561088e-01 7.94522829e-02
  6.75295691e-02 4.47163932e-02 4.19014511e-01 4.61505739e-01
  1.00000000e+00]
 [1.43763612e-01 4.14423238e-01 3.58415827e-01 1.14249963e-01
  8.32903097e-02 3.27815258e-02 3.62249520e-01 5.37519083e-01
  1.00000000e+00]
 [2.75382778e-01 7.34393258e-01 3.84402338e-10 1.46307258e-01
  1.47152175e-01 2.44101065e-01 1.38793034e-07 6.73710780e-01
  1.00000000e+00]
 [3.33970574e-01 2.24903872e-01 5.64053790e-01 1.96803443e-01
  6.39792260e-02 1.49628769e-01 1.35243354e-02 5.53175015e-02
  4.02178303e-01]]",[-0.07812731  0.36902814  0.54099155 -0.18989814],4,0.15404319215976986,0.9273321050981531,0.9484001640078162,0.06924759494151475,0.1336730165701931
156,"[[-9.65601539e-02  1.03913208e-01  2.07662371e-01  2.70032967e-01
   5.20234200e-01  9.73113591e-02  4.46189636e-01  4.59981143e-01
  -4.15999702e-01]
 [ 5.22929473e-01  5.79557312e-01 -5.94249073e-04 -4.62116702e-01
   2.31091640e-01 -1.69106176e-01  2.97249258e-01  5.44089652e-02
   6.15482522e-02]
 [-1.37619834e-04  4.53200266e-01  3.39208767e-01  6.28536235e-01
  -3.00361534e-01 -1.48178083e-01 -1.70303191e-01 -3.77510350e-01
   2.82502590e-02]
 [-3.10639671e-01  2.77462032e-01 -2.45190626e-01  5.08933200e-01
   2.26358866e-01  5.65518756e-01  1.75706563e-01 -2.75859105e-01
  -1.71363732e-01]]","['bbo_main', 'random_fill', 'random_fill', 'random_fill']","[[9.77303019e-10 4.64488338e-01 8.21541788e-02 2.89550143e-01
  2.74001373e-01 4.98380404e-04 2.91238611e-01 6.40261840e-01
  9.99999998e-01]
 [1.00000000e+00 9.88873689e-01 3.61465325e-02 5.03896526e-02
  2.16146215e-01 4.91616103e-11 2.66889860e-01 5.53370499e-02
  1.00000000e+00]
 [1.06093494e-03 4.25695662e-01 2.40491175e-01 7.69620716e-01
  8.74919841e-02 6.86285821e-03 6.21528604e-07 4.48883043e-02
  1.00000000e+00]
 [2.45042992e-10 4.40785533e-01 1.92816194e-10 4.01842018e-01
  1.36082016e-01 9.04232197e-01 1.11472366e-02 2.79996633e-02
  1.00000000e+00]]",[0.29456459 1.26657255 0.74224467 0.69184658],4,0.1456801592327019,0.9219497653538415,0.9437969232344016,0.06976497865280065,0.13017823501992098
157,"[[ 0.07853806 -0.70814581  0.18272463  0.05261732  0.26243363  0.28979273
   0.39895979 -0.08257912 -0.37062778]
 [-0.15177397 -0.11044535 -0.39293092 -0.72841351 -0.03991468 -0.49411712
  -0.07024396  0.12194517  0.11931383]
 [ 0.13785635 -0.4450905   0.09275484  0.08283501 -0.36262042  0.2921739
   0.15764296 -0.38280126 -0.61577407]
 [ 0.10344382  0.5490771  -0.00665153 -0.15213949  0.30543575 -0.59995241
  -0.02129696  0.3282045  -0.32127466]]","['bbo_main', 'random_fill', 'random_fill', 'random_fill']","[[9.34712119e-01 1.45159411e-01 2.49536707e-01 3.50848740e-01
  8.00785802e-02 1.50972065e-01 1.66430956e-01 5.24387754e-02
  5.62290205e-01]
 [1.11733210e-10 7.63744383e-01 5.60639292e-11 3.44289751e-02
  1.68777030e-01 3.63978751e-02 4.58647876e-08 5.66105738e-01
  1.00000000e+00]
 [9.56326566e-01 2.45127828e-01 7.35085016e-02 3.23603688e-01
  6.45985478e-02 1.28458443e-01 1.47603799e-03 5.58910096e-02
  2.11982058e-01]
 [9.99999996e-01 9.82318384e-01 1.84000820e-02 8.31790732e-02
  2.33930047e-01 1.31063109e-10 6.35610127e-08 7.40129776e-02
  7.72336728e-01]]",[-0.04689187  0.05419565 -0.08123245  0.47764491],4,0.1485268751220593,0.9230247602965744,0.9447190438887395,0.06885246111840752,0.12663132711178193
158,"[[ 0.02032269 -0.21377141 -0.00496011 -0.79892293  0.24602995 -0.13270477
  -0.31627746  0.27982096 -0.24313334]
 [ 0.28117891 -0.03577442 -0.15934602 -0.6860933   0.40049929  0.38202769
   0.10503274  0.24509034  0.21470317]
 [-0.11672919  0.2283698  -0.05208438  0.16375329 -0.66355857 -0.18719524
  -0.41520897 -0.47146997 -0.18616968]
 [-0.22566225 -0.18810552 -0.30822823 -0.71410015  0.18494664 -0.34257855
   0.32043668  0.22665761 -0.05595127]]","['bbo_main', 'random_fill', 'random_fill', 'random_fill']","[[4.28940743e-01 4.48329587e-01 2.99350077e-01 4.23929816e-02
  2.53330410e-01 4.31942376e-02 1.69433454e-08 6.41713231e-01
  1.00000000e+00]
 [1.00000000e+00 5.71602529e-01 9.51655261e-03 7.08437141e-02
  4.60707802e-01 4.04531807e-01 3.45966399e-03 7.10257052e-02
  1.00000000e+00]
 [2.07857240e-10 6.68653196e-01 3.46732722e-02 3.21008916e-01
  7.07974723e-02 4.31147406e-02 2.08274589e-08 4.48883048e-02
  3.56439543e-01]
 [6.21592287e-11 5.31565338e-01 1.36577981e-10 1.50056496e-01
  2.02273801e-01 5.28173489e-03 8.94094771e-01 5.67327676e-02
  1.00000000e+00]]",[-0.1294501   0.7821381   0.06088965  0.07186311],4,0.13997476884211185,0.9332755306278921,0.9534408855991012,0.06875359507300678,0.13430917177129498
159,"[[ 0.00750316  0.29871516  0.2827217  -0.16667814 -0.81069003  0.10328054
   0.20660342  0.16700994 -0.25404196]
 [ 0.33023529  0.2292668  -0.01721317 -0.59261899  0.5542611  -0.21620248
   0.27456171  0.22351994  0.08714158]
 [-0.07626734 -0.82443207  0.15145662 -0.0770798   0.37848436  0.16306213
   0.19984755  0.26197525  0.08488169]
 [-0.45268822  0.49138703  0.39145593  0.43406028 -0.08893646  0.28335546
  -0.12231888  0.32044862  0.07821029]]","['bbo_main', 'random_fill', 'random_fill', 'random_fill']","[[1.00770634e-01 6.26239027e-01 4.61997944e-01 6.87071675e-02
  4.91501772e-02 1.44824499e-01 1.42289148e-01 5.61175224e-02
  6.82385381e-01]
 [1.00000000e+00 6.41113940e-01 7.26169007e-02 1.19101788e-01
  7.90601993e-01 5.14620105e-03 1.32906005e-02 7.62431773e-02
  1.00000000e+00]
 [3.45918486e-10 1.24939423e-01 5.49773313e-01 3.31964615e-01
  4.77989712e-01 1.46048048e-01 3.36530614e-03 6.62230765e-02
  1.00000000e+00]
 [7.43979119e-10 7.68542376e-01 5.31673892e-01 2.25526367e-01
  1.53955578e-01 3.11463920e-01 4.38588101e-07 4.99674804e-02
  1.00000000e+00]]",[0.14751513 0.95030932 0.26230455 0.85245568],4,0.15257028311896303,0.9294904305432127,0.950236072721109,0.06796857668159977,0.1333282982427052
160,"[[ 0.15060173  0.10820168  0.30703384 -0.61123126  0.41037403 -0.12312598
   0.26157058  0.44361027 -0.22127357]
 [ 0.04358339  0.43151678 -0.07936046  0.52173288 -0.59797277 -0.1857105
   0.25055034 -0.22714351 -0.16419808]
 [-0.34758974 -0.35934444 -0.09191723  0.02797129  0.24934473 -0.09716135
   0.64814217  0.45204081 -0.21161165]
 [ 0.13946248 -0.87928337 -0.20067725 -0.08130063  0.21595933 -0.085994
   0.22353453  0.13421168 -0.19625485]]","['bbo_main', 'random_fill', 'random_fill', 'random_fill']","[[9.99999999e-01 5.58935270e-01 3.14470047e-01 6.75467169e-02
  3.13562067e-01 2.32171124e-03 8.18932513e-03 5.27733528e-01
  1.00000000e+00]
 [1.54923695e-01 6.20291082e-01 5.10337196e-11 6.01209528e-01
  6.36149638e-02 8.28913851e-11 2.77237083e-01 4.48882993e-02
  1.00000000e+00]
 [9.22656151e-10 3.39613346e-01 3.27836482e-02 2.86292331e-01
  1.20707043e-01 3.58231343e-02 9.27970926e-01 6.34299936e-02
  1.00000000e+00]
 [9.99999998e-01 8.47589051e-02 4.37368773e-02 3.99616510e-01
  3.99052170e-02 1.07650568e-01 1.89855417e-01 9.43490860e-02
  6.61331500e-01]]",[ 0.40971414  0.44511656  0.32809184 -0.05165761],4,0.14112284747025206,0.9300305209727179,0.9506945410275383,0.06817910309959242,0.13851974690874447
161,"[[-0.28803682  0.31582513  0.05128692  0.57785696 -0.53588527  0.0130403
   0.29051007  0.31863578  0.08644265]
 [-0.00267625 -0.38040322 -0.46077525  0.18565324 -0.57308419 -0.10155368
  -0.20643499 -0.47061305  0.07532986]
 [-0.1062968  -0.04792567 -0.16842555  0.21665969  0.39456798  0.4823758
   0.42751678  0.56656398  0.13769492]
 [ 0.16921096 -0.43205583  0.47218726  0.03040607  0.02347441 -0.43557249
   0.41363967 -0.44282252 -0.05784528]]","['bbo_main', 'random_fill', 'random_fill', 'random_fill']","[[2.64769204e-11 2.99518587e-01 2.83252950e-02 6.83161517e-01
  5.88257634e-02 1.70645981e-02 2.74156475e-01 3.59046202e-01
  1.00000000e+00]
 [2.12663019e-01 8.54746904e-02 1.45425558e-10 9.35398448e-01
  5.80277973e-02 7.95541537e-02 6.02821006e-08 5.47595240e-02
  1.00000000e+00]
 [5.06437835e-10 3.51707098e-01 1.61012295e-03 3.60700469e-01
  1.74211954e-01 1.97746660e-01 1.97246128e-02 8.33020362e-01
  1.00000000e+00]
 [1.00000000e+00 1.56226826e-01 9.52947747e-01 2.42559152e-01
  8.96381566e-02 2.29619499e-10 1.40751188e-01 5.29880728e-02
  1.00000000e+00]]",[0.74000935 0.14880124 0.84323578 0.53807219],4,0.14002037277700097,0.9338171347399997,0.9538978408483708,0.06820028742180403,0.12578406949992632
162,"[[-0.04647731 -0.1126026  -0.09695849 -0.11889336  0.1822083   0.53034216
   0.42791435  0.48951053 -0.47374045]
 [ 0.18514104 -0.15950677  0.45485254  0.12173968 -0.13831715 -0.39917121
   0.69238438 -0.21874699  0.11337257]
 [-0.29466026 -0.1516227   0.0406321  -0.30423844  0.34149612  0.48814964
   0.40405541  0.33615977 -0.40595572]
 [-0.11936978  0.56845067  0.58287999  0.088132   -0.20532775  0.15609584
  -0.09186238  0.36050871 -0.33191526]]","['bbo_main', 'random_fill', 'random_fill', 'random_fill']","[[8.28805468e-10 3.78282347e-01 4.25858663e-02 2.67119915e-01
  1.14839773e-01 3.16491747e-01 2.25953588e-02 6.02318636e-02
  2.32329744e-01]
 [1.00000000e+00 3.15429907e-01 5.06556269e-01 1.56199024e-01
  5.91437401e-02 6.51202020e-03 6.40286102e-01 4.51866774e-02
  1.00000000e+00]
 [2.41080779e-10 4.24467924e-01 1.24222615e-01 1.95845490e-01
  2.00369550e-01 8.74200211e-01 7.19033962e-02 5.55121602e-02
  9.99999998e-01]
 [5.64936601e-11 6.19303999e-01 9.19599225e-01 7.58675652e-02
  1.09535643e-01 1.36195356e-01 1.09897799e-08 5.92996241e-02
  1.00000000e+00]]",[0.03937927 0.92028407 0.01802886 0.58297771],4,0.14391059543207496,0.9381583987067307,0.9575450555851267,0.06761498729386747,0.12676705358101414
163,"[[ 0.06789532  0.61296774  0.23493184 -0.3021637  -0.01390706  0.42082955
  -0.1886246  -0.32863762 -0.39024615]
 [ 0.17872347  0.53201733  0.35860617  0.55054621  0.30691451  0.23955635
  -0.12921279 -0.07133455 -0.28275014]
 [-0.01350345 -0.16042648 -0.32281533  0.07116251 -0.50589048  0.545219
   0.23890573 -0.07313902 -0.49919231]
 [ 0.10120722 -0.06465059  0.35604612 -0.39713692  0.58557578  0.25679665
   0.0400198   0.32155396 -0.43272252]]","['bbo_main', 'random_fill', 'random_fill', 'random_fill']","[[2.75382781e-01 9.28674381e-01 2.44371408e-01 7.29184267e-03
  1.75764104e-01 4.96298649e-01 3.65112208e-08 3.44663413e-02
  1.00000000e+00]
 [1.00000000e+00 9.06059292e-01 2.25801033e-01 2.27984260e-01
  2.20509422e-01 1.49950251e-01 1.43441996e-07 3.85248861e-02
  9.99999995e-01]
 [2.53298851e-01 2.71791550e-01 9.44586592e-11 3.30017909e-01
  5.07562046e-02 4.10216578e-01 1.63269914e-02 5.32078593e-02
  3.65577820e-01]
 [9.84360712e-01 4.04439762e-01 3.56595351e-01 1.00598490e-01
  7.21439518e-01 1.03758106e-01 4.11348921e-08 5.12281411e-02
  1.00000000e+00]]",[ 0.44799162  0.68535299 -0.00804187  0.19334249],4,0.13958983648922274,0.9354433217491056,0.9552673325294242,0.06751284724995067,0.14326999703220344
164,"[[-0.02109044  0.38623165  0.27256778  0.43054396 -0.69724087  0.07213817
   0.1113936  -0.16239858 -0.24614717]
 [ 0.28895996  0.03505559  0.31089527 -0.43995736  0.06750088 -0.2852499
   0.64312867  0.35427768 -0.00196515]
 [-0.1489846  -0.57771719  0.15494833 -0.29714035  0.39805507  0.19175709
   0.42140447 -0.3053006  -0.25639086]
 [-0.26562002 -0.1059459   0.35428205 -0.11353956 -0.09602057 -0.10951062
   0.60460244 -0.00735642 -0.62690008]]","['bbo_main', 'random_fill', 'random_fill', 'random_fill']","[[4.28605269e-04 5.95829177e-01 2.61972248e-01 4.13334681e-01
  6.28207910e-02 6.72321158e-02 3.93377316e-07 4.53020570e-02
  6.03209271e-01]
 [1.00000000e+00 4.78164295e-01 3.17906068e-01 7.42260174e-02
  8.28197436e-02 4.51136903e-03 7.44424999e-01 4.73323051e-02
  1.00000000e+00]
 [8.19467316e-10 2.92699255e-01 3.55843606e-01 1.80555980e-01
  1.23959718e-01 7.99999680e-02 7.67971743e-01 5.47643105e-02
  1.00000000e+00]
 [9.18835169e-10 4.21478046e-01 2.92669612e-01 1.88385196e-01
  7.30044826e-02 2.83864453e-02 5.51940241e-01 5.15689030e-02
  5.94137549e-01]]",[ 0.28469657  0.86976973 -0.05241085 -0.01161383],4,0.13489206561352746,0.9452483296818558,0.9634364204874016,0.06764825093219161,0.12607998053984792
165,"[[-0.12875948  0.24532556 -0.54889344 -0.20258912 -0.35665588  0.42800725
   0.43609598 -0.28310399 -0.01374074]
 [-0.2538851  -0.45455986  0.03269085  0.21109189  0.52273873  0.21403517
  -0.13300704 -0.3642227  -0.4624644 ]
 [-0.20634015 -0.15703041 -0.35485116 -0.13553931 -0.47776492  0.23252173
   0.38220041 -0.57985389  0.15440721]
 [-0.07948676  0.58006705  0.58669635 -0.39489045  0.04902199 -0.1198302
   0.2137518   0.06815519 -0.299926  ]]","['bbo_main', 'random_fill', 'random_fill', 'random_fill']","[[3.37536651e-10 5.90737627e-01 7.56803856e-11 1.57515231e-01
  6.98275505e-02 2.58756059e-01 7.80831090e-01 3.96504851e-02
  1.00000000e+00]
 [3.87497964e-11 2.57233455e-01 7.42201758e-02 4.33496298e-01
  1.58878997e-01 1.02297594e-01 1.04169153e-08 4.62377964e-02
  1.32938586e-01]
 [5.73694508e-10 3.69678416e-01 2.17093852e-09 2.53865033e-01
  2.33261261e-02 1.57449388e-01 8.90503502e-01 5.49434236e-02
  1.00000000e+00]
 [3.68966443e-10 6.82271489e-01 8.56231514e-01 1.28160034e-02
  1.99555904e-01 1.07449531e-02 2.26826739e-02 6.00349838e-02
  1.00000000e+00]]",[0.51440858 0.00363314 0.39590541 0.61055941],4,0.13988626843370688,0.9425158473073122,0.961176093677008,0.06773557624109165,0.12767054444311635
166,"[[-0.14200044  0.52189868 -0.22285143 -0.70771081 -0.04077711 -0.30382924
   0.14930196 -0.18908577  0.07014851]
 [ 0.0901557  -0.27690216  0.27803708  0.48955788 -0.41654315  0.44032789
   0.42910576  0.21541346 -0.0171479 ]
 [ 0.10654881 -0.16365679  0.02724948 -0.23022283  0.66029618 -0.08557421
   0.45758563 -0.20523159 -0.46184425]
 [-0.11507645 -0.34451823  0.42421237  0.45034244 -0.34926409 -0.23208207
  -0.13789178 -0.16007315 -0.51460189]]","['bbo_main', 'random_fill', 'random_fill', 'random_fill']","[[2.15012821e-09 1.00000000e+00 2.26345791e-03 2.47511792e-02
  2.10382249e-01 3.33855504e-09 4.04815060e-01 6.88949674e-02
  1.00000000e+00]
 [3.38197389e-01 1.26661407e-01 1.56351819e-01 5.05857752e-01
  1.39914940e-02 5.77715269e-01 2.20472793e-01 4.46912758e-02
  1.00000000e+00]
 [8.49841247e-01 4.36988001e-01 8.59109294e-02 2.12146488e-01
  8.02560403e-01 1.08809649e-02 1.51074229e-01 5.36238834e-02
  1.00000000e+00]
 [3.25709951e-09 1.88119963e-01 4.97461582e-01 4.38193966e-01
  7.82874906e-02 3.72626684e-02 2.39341857e-07 5.72149735e-02
  4.34289417e-01]]",[0.61285994 0.62217728 0.09780986 0.07492017],4,0.1407126338121404,0.9349010273539713,0.9548110672573905,0.06711523587440141,0.12960862251832417
167,"[[ 0.08192983  0.17488631  0.27341754  0.5884986   0.41244092 -0.27166479
   0.40393116  0.07689962 -0.3586521 ]
 [ 0.03756724 -0.63918226  0.25468584  0.50569446 -0.03987375 -0.15354982
   0.03407695 -0.38136727 -0.31252726]
 [ 0.0879016   0.1533852  -0.14779395 -0.26656995  0.37460738 -0.01114927
   0.69339521 -0.02252284 -0.50406796]
 [-0.25423469  0.13233292  0.09884528  0.535609    0.16446011 -0.40405486
  -0.10075191 -0.43753978 -0.47885892]]","['bbo_main', 'random_fill', 'random_fill', 'random_fill']","[[2.75382779e-01 2.87048649e-01 5.52771291e-02 5.60772694e-01
  1.90541240e-01 2.25460278e-10 2.67265461e-01 4.50736755e-02
  5.30056731e-01]
 [1.82910365e-01 1.03211332e-01 3.06429054e-01 6.97582462e-01
  8.10966219e-02 1.48828722e-02 3.69393560e-07 4.48883024e-02
  6.87543799e-01]
 [2.40112578e-01 6.12532689e-01 1.87237824e-02 1.40007715e-01
  1.18869379e-01 4.98241184e-04 9.46521987e-01 4.59112290e-02
  1.00000000e+00]
 [1.82866812e-09 4.01362936e-01 5.30384123e-02 4.43372716e-01
  1.30664030e-01 4.22940408e-03 4.46721402e-07 5.84736742e-02
  1.08882334e-01]]",[0.41779466 0.13419332 0.27070621 0.23788677],4,0.1413666533387199,0.9425158473073122,0.961176093677008,0.0672607244441983,0.1276877502190386
168,"[[ 0.0256463  -0.07812908  0.09749436 -0.64758089 -0.6261806  -0.18012026
  -0.09553936 -0.32041697 -0.16742672]
 [-0.24458053 -0.60768089 -0.04922373  0.16435122 -0.46700795 -0.53214876
  -0.03291499  0.13107977  0.14807423]
 [ 0.06144776  0.45765326  0.12541619 -0.23291052 -0.66033568 -0.18377245
   0.22581154  0.39093723  0.20775666]
 [ 0.03978524 -0.00620412 -0.27191624  0.60960251 -0.00167837  0.37536765
   0.4742337  -0.27647792 -0.33254119]]","['bbo_main', 'random_fill', 'random_fill', 'random_fill']","[[9.89823970e-01 3.99246146e-01 4.61592341e-01 4.41814566e-02
  7.28424782e-02 1.48368164e-01 1.19852229e-07 6.40315799e-02
  5.58483718e-01]
 [7.24512904e-10 7.25994761e-02 5.71685831e-02 8.46640372e-01
  7.32038454e-02 3.47021587e-02 5.41488810e-07 2.07192382e-01
  1.00000000e+00]
 [3.35435046e-01 7.73228033e-01 1.17013582e-01 1.11923295e-01
  1.23380424e-01 1.53061082e-02 4.10782849e-02 6.67458423e-01
  1.00000000e+00]
 [1.83115754e-01 2.14451503e-01 2.40141175e-11 6.48423862e-01
  3.33397429e-02 2.33727953e-01 5.05543144e-01 3.41804357e-02
  1.00000000e+00]]",[-0.1757744   0.21479446  0.75677097  0.38666786],4,0.13849170765383942,0.9457957246435238,0.963887587896982,0.06693986970683975,0.12890767335710654
169,"[[-0.14042724 -0.29620161  0.35996152 -0.01674842 -0.18246181  0.40461875
   0.45975897  0.59309123  0.05047602]
 [ 0.07302092 -0.59227684  0.20206759 -0.04790859  0.46499846  0.34384385
   0.39109347 -0.31608877 -0.11589291]
 [-0.2536445  -0.03171053  0.17722906 -0.36462762  0.38301554 -0.37850752
   0.11498005  0.62071072 -0.28604964]
 [-0.23491191 -0.19053762  0.39249756  0.10309114  0.48063427  0.36672869
  -0.15254525  0.59078841  0.07764961]]","['bbo_main', 'random_fill', 'random_fill', 'random_fill']","[[3.34403068e-10 2.65912984e-01 3.44106689e-01 2.31702181e-01
  6.48220313e-02 2.01705206e-01 2.54045114e-02 7.41533640e-01
  1.00000000e+00]
 [3.38197454e-01 2.11108405e-01 4.37438975e-01 2.26175242e-01
  5.50613834e-01 2.58700039e-01 7.11205891e-02 4.55603296e-02
  9.99999998e-01]
 [1.89920783e-11 5.45850512e-01 1.21650540e-01 1.83166140e-01
  1.70841606e-01 1.47476823e-02 2.08546574e-08 9.38951582e-01
  1.00000000e+00]
 [1.83345029e-10 2.93675059e-01 3.96026232e-01 2.45708384e-01
  1.75256586e-01 1.48687557e-01 2.96290741e-08 7.26560670e-01
  1.00000000e+00]]",[0.6129599  0.21972516 0.29408393 0.77046908],4,0.14227662934690866,0.9441544521865335,0.9625331737918842,0.06684595547338097,0.12585386127083653
170,"[[ 0.11922352  0.36098157  0.27825964  0.33533521  0.50821879  0.03316742
   0.42983852  0.46381274  0.07956192]
 [-0.10330442 -0.13971232 -0.27609874 -0.16862785  0.6539371  -0.34695414
  -0.04661783 -0.1238509  -0.54737521]
 [ 0.07979567  0.01769845 -0.27774987 -0.18601117  0.42653583  0.7088873
   0.38804038  0.0684308   0.20460241]
 [-0.14641899 -0.52954496 -0.67346145 -0.03273219  0.0029878  -0.26996784
   0.12922254 -0.38199859 -0.08949265]]","['bbo_main', 'random_fill', 'random_fill', 'random_fill']","[[9.26305549e-01 5.39774041e-01 8.72156725e-02 2.10543736e-01
  3.05803731e-01 4.98384696e-04 8.11580398e-02 6.43889330e-01
  1.00000000e+00]
 [1.85976333e-09 5.07944058e-01 3.12196423e-02 2.52696224e-01
  3.09160982e-01 4.95297331e-03 5.66529966e-03 7.48536459e-02
  1.77327567e-01]
 [2.75382781e-01 4.73818653e-01 5.10932710e-11 2.03678354e-01
  1.67835182e-01 9.37584150e-01 2.64109955e-02 4.69974457e-02
  1.00000000e+00]
 [2.35880907e-10 1.43192009e-01 4.31485661e-11 5.98255886e-01
  6.38471439e-02 3.31272220e-02 5.52528103e-01 6.76859688e-02
  1.00000000e+00]]",[ 0.9686798  -0.0283435   0.94676999 -0.14811087],4,0.14940619813984424,0.9419702176397899,0.9607231620029015,0.06636579546405003,0.12781441413091837
