iteration,point,cut_direction,cut_support_value,trial_direction_gap,wall_time_seconds,ci_lower,ci_upper,mean_gap,max_gap
0,"[1.         0.28291391 0.23956716 0.30730677 0.18361192 0.04577661
 0.01561606 0.68371486 1.        ]","[ 0.24719672 -0.05496289  0.37439733  0.35370236  0.50533991  0.23205599
  0.3257219   0.50426845  0.03153262]",0.9148394972610833,1.826531307461578,45.9535521229991,0.0004226422228750862,0.003997683835657477,0.7686047805813035,1.866710506566273
1,"[1.44685419e-10 7.57210157e-01 2.27189268e-02 1.30306710e-01
 1.52227065e-01 3.79211711e-01 1.52381628e-02 5.96948205e-02
 4.95623095e-01]","[-0.33125302  0.41569605 -0.07946339 -0.27454479 -0.08024006  0.48918596
  0.32496022  0.31619171 -0.42948953]",0.2614411277436635,1.4014040375232044,36.617768950003665,0.0002078592656904649,0.003204185101432733,0.6167466027219971,1.351402626692059
2,"[1.         0.23665158 0.73505326 0.14426146 0.0660444  0.05640262
 0.41688264 0.04910737 0.99901577]","[ 0.33471637 -0.26539963  0.45147436 -0.19762263  0.1229881   0.1423752
  0.51216774  0.17789442 -0.49526275]",0.3188849777375795,1.261613798251711,36.29160923200834,0.0009545559495169254,0.005471167122258511,0.5782901292792608,1.1911291864122293
3,"[1.00000000e+00 2.39789234e-01 3.20280949e-10 4.64531693e-01
 5.58727248e-02 7.46423713e-01 1.27465569e-07 3.28756416e-02
 1.00000000e+00]","[ 0.57052882  0.078043   -0.36016397  0.47154434 -0.14988327  0.4392954
 -0.07991918  0.04607717 -0.30393811]",0.8253928027584951,1.1497075583807534,32.243777781986864,0.0018928073353613854,0.007533425909306678,0.543772638849118,1.1689888529213457
4,"[1.         0.49501862 0.09915968 0.2502381  0.13674374 0.09094727
 0.00272948 0.04664102 0.21337924]","[ 0.18137928  0.43031917  0.36046657  0.44811559 -0.04389337  0.32299083
  0.26243994  0.19539197 -0.48773024]",0.47140571963298444,1.1084407848663844,34.13396403400111,0.000675460545317257,0.004748549255124749,0.5261453172797453,1.1300828456706253
5,"[1.00000000e+00 8.32171895e-01 2.77179895e-02 7.78308696e-02
 2.70207064e-01 4.79334179e-01 4.25319907e-09 3.58882598e-02
 1.00000000e+00]","[ 0.17481887  0.52706737 -0.03172031 -0.30480218  0.44919183  0.54753237
 -0.13586524 -0.18535953 -0.20819532]",0.7578055122898962,0.9854742632985728,35.958387231003144,0.0004226422228750862,0.003997683835657477,0.46375025116391305,0.9796652441726963
6,"[2.67073082e-10 2.71537835e-01 5.47749510e-02 4.86320803e-01
 1.74124712e-01 6.63157776e-02 1.12773525e-07 4.99310376e-02
 1.55884283e-01]","[-0.28698501 -0.22765349  0.10946255  0.48712986  0.502788    0.04118038
  0.2121813  -0.11733831 -0.55068608]",0.1796572769377394,0.9892014064295203,29.84996995200345,0.0015668550208154987,0.006859658346015931,0.450254450756274,0.9506627631142743
7,"[3.35140010e-11 7.91653691e-01 7.27821128e-01 1.73425921e-02
 2.31243363e-01 1.02968913e-02 7.83502806e-09 6.58637616e-02
 1.00000000e+00]","[-0.24943856  0.54137731  0.52437771 -0.12296989  0.42358754 -0.14665304
 -0.29345932  0.12769244 -0.22636296]",0.6865929883005046,0.9139242448672925,53.09881793700333,0.0018928073353613854,0.007533425909306678,0.4370353106583744,0.8757819290485724
8,"[1.96196752e-10 4.28595676e-01 3.60289641e-11 2.15300990e-01
 7.57870567e-01 3.34155904e-01 1.88199271e-02 5.14251780e-02
 1.00000000e+00]","[-0.06656381 -0.3396875  -0.36296966 -0.48575678  0.42761985  0.39097614
  0.30169301  0.02793547 -0.29147024]",-0.07980083827277326,0.8779706249103321,47.54724026299664,0.0015668550208154987,0.006859658346015931,0.427450256558162,0.9019611250307507
9,"[5.93601963e-10 3.43986578e-01 1.45006963e-01 2.86247799e-01
 8.23346950e-02 6.11201997e-02 8.34781548e-03 8.58931803e-02
 8.03142210e-02]","[-0.22198494 -0.26002159  0.220539   -0.17326126 -0.29456958 -0.12808081
  0.19274308  0.58591638 -0.5664192 ]",-0.13269783391187565,0.8517494620178883,42.894972513997345,0.0022288860865596785,0.008196812805202274,0.40289735671716836,0.8039098270965755
10,"[8.40518524e-11 4.70396809e-01 5.03008724e-01 8.64343511e-02
 9.63244081e-02 7.70511415e-01 2.58529445e-08 4.43217677e-02
 1.00000000e+00]","[-0.30427136  0.18213596  0.43962484 -0.26542056 -0.11350174  0.57052099
 -0.10231832  0.50477987 -0.08293831]",0.6519642218993694,0.7858160459165081,35.71561141300481,0.0009545559495169254,0.005471167122258511,0.393218304657753,0.8103233362979568
11,"[1.         0.17289536 0.04094274 0.56607972 0.04396041 0.01435632
 0.54879368 0.04532052 1.        ]","[ 0.26136624 -0.58875642 -0.19244924  0.40313155 -0.36429345 -0.23127855
  0.44108556 -0.06638854  0.01839603]",0.6180156064264616,0.7735095954219805,30.13391533299,0.0018928073353613854,0.007533425909306678,0.38457776933850074,0.875512408733913
12,"[9.99999999e-01 7.30527702e-01 1.96561360e-01 3.89010736e-02
 1.46802368e-01 5.33160874e-10 6.25990760e-01 4.50736796e-02
 1.00000000e+00]","[ 0.29231485  0.47600488  0.18978009 -0.3348004   0.41961578 -0.08934735
  0.58012238  0.12975918  0.04923234]",1.1441618445392792,0.832585842443949,42.101681307001854,0.0018928073353613854,0.007533425909306678,0.3758055483528101,0.78251488593859
13,"[2.58246523e-11 1.63804840e-01 7.95550253e-02 4.02685792e-01
 2.56218723e-02 3.48202642e-01 5.67166834e-01 6.08534401e-02
 1.00000000e+00]","[-0.32791018 -0.66554213  0.02420941  0.12283121  0.03627681  0.4207965
  0.47695123  0.16618546 -0.01921462]",0.35123052559561746,0.7927580679279013,50.676492759012035,0.0032839908114535928,0.01013920583390629,0.3687212592129102,0.8273950142563862
14,"[8.78913287e-01 2.13814652e-01 6.30172870e-01 1.65824268e-01
 4.36088438e-01 2.26200398e-01 2.32657462e-08 4.50277895e-02
 1.00000000e+00]","[ 0.09329558 -0.44935188  0.37183158 -0.02428179  0.56104929  0.43250117
 -0.14545742 -0.1484436  -0.32481312]",0.22721420539288656,0.7660979766157839,32.65978528499545,0.0036481066926209622,0.010774069897874302,0.3603313065575381,0.7678715464000323
15,"[1.00000000e+00 5.53450789e-01 4.30400048e-02 1.75737355e-01
 1.59477649e-01 1.85743993e-02 9.51004938e-09 8.18825630e-01
 1.00000000e+00]","[ 0.31396425  0.22162534 -0.10446534 -0.20399898  0.36350197 -0.04353206
 -0.24090665  0.62649618 -0.4639158 ]",0.5025137201696456,0.731703781869305,30.172410352999577,0.002925546913451879,0.00949859344778915,0.3495358647521639,0.7601938176921569
16,"[1.00000000e+00 2.85350439e-01 3.02802452e-02 5.94948037e-01
 5.72294756e-01 4.57201327e-03 1.53591763e-08 5.51400286e-02
 1.00000000e+00]","[ 0.39786263  0.16318871 -0.02614175  0.70008461  0.53771955 -0.08869599
 -0.10674719 -0.0407115  -0.1192109 ]",1.0460238045873478,0.7309958583183763,32.42239765099657,0.005535345456196509,0.013881027001311346,0.34269211934550686,0.760599471883136
17,"[9.20386709e-10 3.30653497e-01 4.24800803e-10 5.36550231e-01
 5.46582461e-01 3.93552490e-01 7.69250255e-08 2.55269816e-02
 1.00000000e+00]","[-0.06050992  0.11888848 -0.21304244  0.60681332  0.51047592  0.47200002
 -0.10121374 -0.26401547  0.07263971]",0.8955708657320233,0.7551821070657526,34.109241590995225,0.005923482479462678,0.014491639800628302,0.33901191807669345,0.7651487341830903
18,"[1.71609544e-11 1.14905335e-01 9.54411869e-01 4.54250395e-01
 7.01579697e-02 1.67557324e-01 6.73977890e-09 5.07711187e-02
 1.00000000e+00]","[-0.35473297 -0.46130991  0.53179758  0.54576181 -0.06704116  0.25508047
  0.01425504 -0.01908471  0.10278654]",0.84231419142105,0.7447041127516052,33.05824902500899,0.005923482479462678,0.014491639800628302,0.3323468932397361,0.7113267545967856
19,"[9.33498419e-10 3.51599403e-01 2.87005542e-10 6.23993647e-01
 1.94853557e-01 6.41387229e-10 5.52306853e-01 4.75491194e-02
 1.00000000e+00]","[-0.03070218  0.28663869 -0.15380605  0.65255744  0.36735117 -0.16135258
  0.44870245 -0.11738083  0.30218279]",1.1239762452645723,0.7261149445288502,40.03561663899745,0.005923482479462678,0.014491639800628302,0.32618079507826164,0.6759804803058702
20,"[1.07322414e-10 5.60846752e-01 6.71316981e-01 7.76111118e-02
 1.30120186e-01 1.37359105e-03 5.55991289e-01 5.11597157e-02
 1.00000000e+00]","[-0.19039978  0.45374985  0.64745514 -0.25234251 -0.09424776  0.02581513
  0.47020526 -0.03680273 -0.20733454]",0.7095317659938732,0.645409896465692,37.99345203899429,0.0075031930421536955,0.016906759290684307,0.31989596325916964,0.6508216802155534
21,"[9.99999992e-01 5.09753067e-01 3.18318736e-09 1.52416971e-01
 8.75456361e-02 8.04413671e-01 1.34109675e-06 6.04729825e-02
 1.00000000e+00]","[ 0.1676727   0.26651723 -0.15839492 -0.32427346 -0.38347511  0.58100409
  0.09141532  0.47035418  0.23749416]",0.9538399659838596,0.6802651206534851,42.603876999011845,0.007904028017353142,0.017504600027769775,0.31732416453957973,0.6811949387675411
22,"[2.73896992e-01 2.52913734e-01 3.06447010e-02 4.75088038e-01
 7.21529100e-02 2.46612114e-01 3.89914346e-08 7.46051430e-01
 1.00000000e+00]","[ 0.08169494  0.10051411  0.03199543  0.62183544 -0.11118173  0.508742
  0.20920741  0.52878179  0.03101777]",0.8871605126798804,0.6372629371897326,32.73296778299846,0.008306936494150655,0.018100357576854038,0.31112124999669505,0.6605670389035523
23,"[1.         0.39116652 0.02969417 0.18370904 0.03961335 0.04920574
 0.85205532 0.06257912 1.        ]","[ 0.42427602 -0.12343543 -0.05474199 -0.13255094 -0.1430718   0.01390049
  0.69701556  0.52669474  0.01692078]",0.9888090054707417,0.6306267625204731,37.90501371299615,0.009118505830421869,0.019286095513680296,0.3033607644428724,0.6458666761617455
24,"[1.11848299e-08 7.32167804e-01 2.74792176e-02 2.08153662e-01
 2.39701317e-01 8.59776174e-09 1.10104245e-02 6.01433121e-02
 2.20996502e-01]","[-0.08290401  0.48724374 -0.09306445  0.07284409  0.50161007 -0.3133914
  0.32284573  0.03696091 -0.53509898]",0.3771088114120698,0.6407217466598547,34.622915895000915,0.007104564309876558,0.016306701312664172,0.29785296817144874,0.6326275329900718
25,"[1.00000000e+00 7.64921362e-01 6.20049912e-01 1.13439456e-01
 1.24739279e-01 7.45243818e-10 8.63402783e-08 5.45338733e-02
 1.00000000e+00]","[ 0.29954698  0.56828448  0.48224654  0.26062598 -0.2127723  -0.42082628
 -0.24675597 -0.05831939  0.01342627]",1.0465269160981767,0.5848545290250317,33.81569714700163,0.006708289504504065,0.015704276850168678,0.2943156233842326,0.5936535247994422
26,"[4.18072328e-11 7.21473159e-01 6.61942361e-02 1.27392764e-01
 3.91683408e-01 4.34443777e-02 1.96734581e-08 6.50580813e-01
 1.00000000e+00]","[-0.45078741  0.29595999 -0.05559976 -0.42708973  0.49207741  0.18482446
 -0.1243575   0.47099513 -0.10049856]",0.5621286350513839,0.6137369503318371,41.386631618006504,0.007104564309876558,0.016306701312664172,0.29036989474190195,0.6081090134880245
27,"[9.99999996e-01 2.15091323e-01 2.42301184e-02 3.94748656e-01
 8.57200752e-02 6.55394431e-02 1.00986341e-07 8.20572101e-02
 2.66949091e-01]","[ 0.20199045 -0.44419477 -0.30512786  0.20346168 -0.01153215  0.03551151
 -0.28367654  0.53019569 -0.51421521]",0.08694688843661852,0.6282681952872737,36.7416663269978,0.008711798638339738,0.018694152883190075,0.288591394883291,0.5699066749881418
28,"[1.00000000e+00 1.22297722e-01 9.54411869e-01 3.44903325e-01
 1.10290391e-01 1.48465483e-02 4.75168525e-09 5.48388891e-02
 1.00000000e+00]","[ 0.34021988 -0.36385282  0.54589923  0.61095946  0.24908698 -0.08561313
 -0.07244344 -0.07341832  0.02391417]",1.0735449954525362,0.6131191392657925,28.669963345993892,0.012848023284494036,0.024544187645002633,0.2815307227111737,0.5778171718918772
29,"[0.2065469  0.2839352  0.54498391 0.18840899 0.15230899 0.00336179
 0.67899079 0.04576745 1.        ]","[-0.00232958 -0.51879969  0.28675775 -0.20476159  0.5343945  -0.04464867
  0.53819605  0.15977034 -0.06270259]",0.36119561343675377,0.6502396183701722,77.13219671699335,0.014113886723585264,0.026274130259420443,0.27761916763839456,0.6115433839343287
30,"[2.92267021e-10 1.72364402e-01 2.41059448e-01 6.58653309e-01
 5.18000585e-02 1.36881179e-02 3.78375854e-01 4.73364335e-02
 8.51674651e-01]","[-0.04411953 -0.24792391  0.34365477  0.65931862 -0.21873706 -0.10166129
  0.40220102 -0.07986653 -0.39681521]",0.2720933204124656,0.563830408375189,31.105666626011953,0.014962973439029201,0.027422235885236176,0.27299805800939064,0.5857009288758593
31,"[9.99999998e-01 7.54741151e-01 1.09382063e-10 1.46988895e-01
 1.34230079e-01 4.11155886e-10 6.53087719e-01 5.78446788e-02
 1.00000000e+00]","[ 0.16160219  0.57224658 -0.10980957  0.38060858 -0.08010308 -0.07679019
  0.49854358  0.44511179  0.1746829 ]",1.1647161584015815,0.5535964195359204,35.0883324949973,0.017532051466203544,0.030844691844616696,0.2678515381060243,0.5538880553311736
32,"[9.99999999e-01 3.96391081e-01 9.18999259e-01 6.87485200e-02
 1.60470409e-01 2.22340477e-01 2.01349880e-08 3.94044815e-02
 1.00000000e+00]","[ 0.16128201  0.3694834   0.64279823 -0.20830446  0.43936584  0.36713815
 -0.02793799 -0.20385884  0.10352824]",1.1317825834465038,0.5718672188894363,32.81409997699666,0.01667229663273397,0.029707274902206645,0.2619735892992904,0.5805825829737667
33,"[9.99999999e-01 6.56380052e-01 9.14738129e-09 1.37346079e-01
 7.87281871e-01 4.09809300e-03 2.63776757e-06 7.72962909e-02
 1.00000000e+00]","[ 0.42179901  0.30164968 -0.28658867 -0.38827177  0.61754021 -0.27737858
 -0.11816604  0.07715178 -0.14140238]",0.916070580221837,0.5584036673862445,33.966648839996196,0.017532051466203544,0.030844691844616696,0.2609726210371623,0.5481000236679702
34,"[0.33543508 0.61333862 0.07978764 0.10100884 0.08389929 0.14086682
 0.8307003  0.04811319 1.        ]","[ 0.09025038  0.24303332  0.11871353 -0.421227    0.07009835  0.52882104
  0.59058302  0.05851753  0.32324375]",1.0432903347872944,0.5237829920846979,41.53312192799058,0.02231188838394824,0.037049221021403754,0.25664281975972975,0.5577821050641614
35,"[1.53196215e-01 2.38030968e-01 9.71377602e-01 4.58845743e-01
 1.20379443e-01 2.11947230e-03 7.66409974e-08 4.48883004e-02
 9.99999998e-01]","[ 0.05604088  0.37054596  0.51171143  0.62011598  0.31975761 -0.03867862
 -0.04625089 -0.31462513 -0.09106928]",0.8116072590684771,0.58352823956988,40.304975128005026,0.02539130519074852,0.04095980732680653,0.2546788208645477,0.549761726973213
36,"[1.00000000e+00 1.00000000e+00 3.82721727e-11 3.01140512e-01
 1.47257381e-01 3.35069092e-03 5.62306143e-09 5.71980576e-02
 1.00000000e+00]","[ 0.20880375  0.72388423 -0.20830007  0.55917131 -0.10917453 -0.15200866
 -0.19005339 -0.06687941 -0.02668859]",1.0539770588088628,0.5877777723844644,34.34705584800395,0.02760575837086324,0.04373819813760526,0.2506966464836375,0.5516624432176619
37,"[9.38965608e-01 2.62373122e-01 3.68041525e-01 1.37119572e-01
 1.22141642e-01 2.48716134e-01 1.76001717e-07 6.34372631e-02
 4.56245571e-01]","[ 0.08599086 -0.42396509  0.23786806 -0.40322575  0.21394197  0.40858914
  0.09159667  0.38904964 -0.47034151]",-0.06039643625447045,0.6013319227095925,40.10168540300219,0.028939761796717287,0.04539989621753072,0.24806502507853967,0.5210775834965635
38,"[4.82482091e-11 7.03587826e-01 5.98443743e-02 2.75391569e-01
 1.77530819e-01 7.41393096e-01 5.75527155e-02 1.90490297e-02
 1.00000000e+00]","[-0.28796129  0.45154409  0.21751676  0.45498533  0.32387611  0.43799693
  0.37625456 -0.09465636 -0.10768782]",0.7504066304781278,0.5667630113686005,41.64593510699342,0.02716195448589473,0.043183434086322615,0.24288585356731646,0.5428215833536121
39,"[0.16028462 0.97556624 0.2128469  0.06966339 0.1612256  0.07686487
 0.00428893 0.39339813 1.        ]","[ 0.04416676  0.74834873  0.30815829  0.0624188  -0.22714756  0.22196999
  0.15812048  0.4463994   0.11842566]",1.0822380591035305,0.5613272000124366,37.07116607100761,0.024068399160635752,0.03928700120824358,0.24110596597634526,0.49930528198133534
40,"[2.42208464e-01 1.60390139e-01 5.23146165e-02 5.78556985e-01
 3.95658299e-02 7.84879577e-01 2.19278482e-07 3.03978469e-02
 9.99999911e-01]","[ 0.04657093 -0.19995119  0.18493476  0.50684861 -0.23662592  0.53390298
  0.12841189 -0.31764941 -0.4564201 ]",0.22573663399143723,0.5045938442910444,40.90822851700068,0.024068399160635752,0.03928700120824358,0.23586698292644018,0.4858795994289904
41,"[2.61422154e-11 1.00000000e+00 2.84928110e-11 3.47911668e-01
 1.24942415e-01 9.35315657e-03 9.61819767e-09 2.06190487e-01
 1.00000000e+00]","[-0.38581659  0.58685116 -0.25505925  0.48974948 -0.25428872  0.05347705
 -0.22070425  0.28973478 -0.04077178]",0.744938230888921,0.5075373130178513,46.14845478400821,0.025833262886290367,0.04151641933047262,0.23396583933650403,0.5198442915083676
42,"[4.29360159e-10 5.01875003e-01 4.78115145e-01 1.32090498e-01
 7.21025040e-01 1.66666089e-01 7.36523308e-08 5.01590603e-02
 1.00000000e+00]","[-0.1048549   0.19792934  0.42160349  0.1952131   0.51780464  0.38577907
 -0.01795695  0.38578448 -0.40972249]",0.3739710966670862,0.5145737560602592,38.37692201299069,0.031618694045711056,0.04871235792617862,0.23061851944087366,0.485418402675184
43,"[8.45623960e-11 3.11652024e-01 8.74938019e-01 1.82099394e-01
 1.21887773e-01 2.63700545e-02 2.40422626e-02 3.93522057e-01
 1.00000000e+00]","[-0.08099583  0.03635773  0.64214413 -0.14493773 -0.24291505 -0.05288008
  0.36141936  0.60162298 -0.06620864]",0.6950039825871805,0.4761710888995849,32.28914136700041,0.030277476523643463,0.04705787985950256,0.2271226094199742,0.48047051933489654
44,"[1.03616067e-09 2.33745402e-01 5.31826622e-02 3.04483623e-01
 1.98746249e-02 1.21801480e-01 3.82848807e-01 5.62765762e-01
 1.00000000e+00]","[-0.08165393 -0.60631968 -0.12808375 -0.25709276 -0.237613    0.22055785
  0.44087593  0.48971787 -0.06249853]",0.1772117436019935,0.4799963087515715,37.392259062995436,0.03837125759183781,0.05693823992411016,0.22455135059482706,0.5329986409012958
45,"[3.48948947e-10 2.64976815e-01 7.60825991e-02 4.09024072e-01
 1.64249767e-01 3.89938464e-02 1.28389378e-03 9.00594399e-01
 1.00000000e+00]","[-0.2448756  -0.55389267  0.01202429  0.08930201  0.56032276 -0.09903288
 -0.00466528  0.5367314   0.11509972]",0.5773150354835412,0.5369438843498133,33.182758092007134,0.03746682620811578,0.05584554781346653,0.2217348457455419,0.47821607204921446
46,"[1.00000000e+00 2.56090931e-01 2.42301177e-02 2.43306883e-01
 7.27398787e-01 9.64647283e-02 4.58173618e-08 9.84424040e-02
 1.00000000e+00]","[ 0.1111141  -0.5863663  -0.27362844 -0.32704348  0.50627876  0.05967986
  0.02795044  0.43278759  0.11845703]",0.4098342619717876,0.4872016743280266,36.810107105004136,0.033861334713052915,0.051462537869644824,0.2190692980554039,0.47657932433134426
47,"[0.27538278 0.73520725 0.06611944 0.14022183 0.14633965 0.01218496
 0.10652871 0.07035505 0.28078737]","[ 0.07245529  0.52965086  0.07853564 -0.06301696 -0.51067732 -0.05484098
  0.29830934  0.42501802 -0.41310238]",0.2759986333568178,0.48206571253984126,32.4752465079946,0.036112412103017945,0.05420427535647621,0.2175055168789563,0.4709031603699408
48,"[0.23365999 0.20680141 0.85779228 0.20177362 0.06159323 0.26251066
 0.2882405  0.04348667 1.        ]","[ 0.01287281 -0.18438046  0.53747555  0.06404252  0.04944428  0.50556209
  0.52148337  0.33567867  0.17376387]",0.9132771051749642,0.49477409161253494,33.845499018003466,0.04382084801939801,0.06347137804172286,0.2123038086313954,0.5227425866135451
49,"[1.         0.31422237 0.04598968 0.36880776 0.19586372 0.0499078
 0.01912645 0.04616489 0.25643538]","[ 0.2878396  -0.06802398  0.13652952  0.42046967  0.50866904  0.12036616
  0.44715099  0.04755782 -0.49157714]",0.4181435293179663,0.5078350276534904,53.36632241400366,0.033861334713052915,0.051462537869644824,0.21244979891431218,0.45545084651250556
50,"[4.74038435e-10 3.12076905e-01 4.28168686e-01 1.54022780e-01
 4.14779378e-02 1.49071061e-01 4.72123405e-01 5.64045511e-02
 7.18632238e-01]","[-0.41714066 -0.25819306  0.27128704 -0.42490822 -0.28076407  0.2827901
  0.40982751  0.06612103 -0.41720149]",-0.10195047017410444,0.4403827004219246,30.804140298991115,0.03701505247000205,0.055298759546085506,0.20822020607873734,0.42927783886663107
51,"[3.24205785e-10 6.73478680e-01 7.94805135e-02 1.25635154e-01
 3.78453380e-01 2.93999969e-02 1.02084747e-01 6.24112738e-01
 1.00000000e+00]","[-0.07328139  0.20602046  0.01876824 -0.51154646  0.49169512  0.13716383
  0.42108172  0.48799638 -0.11884901]",0.4947919430049433,0.441312649039338,41.29860115500924,0.037918896087541135,0.056392039765478914,0.20641050580637207,0.44868664638411654
52,"[4.23420667e-09 1.58178085e-01 5.91637800e-09 2.75809492e-01
 4.71358308e-02 1.53044928e-01 3.32544732e-01 1.10724982e-01
 1.00000000e+00]","[-0.11833913 -0.65579276 -0.36629803 -0.52804867 -0.04695055 -0.3167639
  0.0157369  -0.16099679  0.11920871]",-0.19344947219272896,0.44682422387393506,38.86497606699413,0.042454944414873325,0.06184160129326931,0.204364236378536,0.43446133637875795
53,"[5.32828548e-10 1.87303814e-01 1.61184561e-10 5.81424670e-01
 1.03233312e-01 1.33658698e-01 1.89565305e-01 5.37327621e-01
 1.00000000e+00]","[-0.05316533 -0.3293966  -0.24367521  0.43167138  0.25893219  0.31257034
  0.42986732  0.43193925 -0.3268792 ]",0.24449694633800362,0.4566055170678549,51.85936459599179,0.04336530014421307,0.06292836591752388,0.2034084575230582,0.4495884749290566
54,"[1.         0.36272648 0.81559496 0.11087039 0.13875796 0.01823267
 0.00883897 0.06014129 0.74034792]","[ 0.1683846   0.23975599  0.64909951 -0.23384179  0.01628714 -0.26153819
  0.15932237 -0.12247894 -0.5736718 ]",0.32564351924648305,0.43453411068650927,27.682679987003212,0.04200014332351006,0.06129784202347339,0.20039915352765197,0.4105512808765177
55,"[1.00000000e+00 2.51891189e-01 6.50779149e-02 8.46660856e-01
 9.05364945e-02 4.29011214e-03 2.54570152e-08 4.97239655e-02
 1.00000000e+00]","[ 0.23677715  0.40073617  0.31692002  0.78203053 -0.20505996 -0.07315039
 -0.06445137  0.02031689  0.13917521]",1.1417643940998286,0.4214165243379051,29.313253692002036,0.04063728946453968,0.05966501401688203,0.19871672679988533,0.43352195121188863
56,"[9.99999974e-01 2.03788916e-01 2.05614514e-01 4.44831602e-01
 7.64403761e-02 3.02830427e-02 2.99386697e-07 6.31522611e-01
 1.00000000e+00]","[ 0.16131867 -0.06083707  0.37533154  0.61192128 -0.24773692 -0.07975219
  0.13560595  0.5191911  -0.31507357]",0.48975142359587065,0.42906780996040134,35.972169631000725,0.046559114400898785,0.06672446937210784,0.19770108027173997,0.3841891185668289
57,"[0.33066828 0.8983608  0.32089022 0.05622951 0.53473111 0.08062619
 0.00967712 0.04779618 1.        ]","[ 0.10228521  0.6572941   0.43028887  0.15352705  0.48039742  0.15885776
  0.26919306 -0.02590711  0.14010561]",1.1821818721316926,0.40297161068994014,44.47691078300704,0.04976392727889096,0.07050956945678731,0.19592403864985594,0.4479643036559483
58,"[1.00000000e+00 3.54355080e-01 4.48406224e-01 1.02288629e-01
 7.50487007e-02 7.15495815e-01 4.33836406e-09 3.02665654e-02
 1.00000000e+00]","[ 0.26501034 -0.01115954  0.40547312 -0.23755208 -0.01462429  0.72674115
  0.13741659 -0.21523062 -0.33945755]",0.5914845723704996,0.3959621004571911,31.51719115600281,0.05851143274260523,0.08073466667425805,0.1936284969648555,0.41239274078298094
59,"[5.78869985e-02 3.20526291e-01 1.61011922e-03 6.63928933e-01
 1.45185200e-01 4.57201278e-03 5.83580017e-09 6.28561163e-01
 1.00000000e+00]","[-3.41779434e-04  3.12521074e-01 -1.02640642e-01  7.59511027e-01
  2.63484696e-01  3.78278465e-03 -1.84072500e-02  4.54840937e-01
 -1.95654698e-01]",0.7327595406072492,0.43982986340918506,29.49848403299984,0.05068147926309873,0.07158913470494187,0.1930418756255847,0.38135155164435247
60,"[0.27538278 0.22879845 0.04445461 0.37094341 0.04065835 0.09410169
 0.19638933 0.06405137 0.25467583]","[ 0.02587701 -0.550793   -0.15227499  0.01922994 -0.31691044  0.01547041
  0.50045554  0.07063921 -0.56239024]",-0.17037839813268685,0.42567300365957417,30.908503220009152,0.048389149978867674,0.06888867029918733,0.19167410247482794,0.4055009553962155
61,"[9.99999983e-01 4.13513418e-01 5.57283266e-10 2.29215064e-01
 8.68976453e-02 2.48428410e-01 1.19062803e-01 4.59644751e-02
 3.85219042e-01]","[ 0.15473539  0.12587758 -0.2251725   0.10265684  0.0162905   0.56095532
  0.52072421 -0.14990798 -0.53889549]",0.2186064337514034,0.38935501983647547,33.92587522001122,0.061750124049437145,0.08448587643311363,0.1896223009521177,0.4112214095229588
62,"[1.18525014e-10 2.15345845e-01 5.30708328e-02 6.07982015e-01
 7.32006959e-01 1.66958300e-02 2.05622092e-08 7.19206326e-02
 9.99999999e-01]","[-0.14931311 -0.52937922 -0.12450653  0.44587454  0.60517803 -0.2614297
  0.08450123 -0.09415929 -0.18045744]",0.4018767260153885,0.3939171236156823,34.72703828600061,0.04930545897246173,0.0699694790272821,0.18760112477289898,0.37882483336194794
63,"[0.98981827 0.52611999 0.31224149 0.09970544 0.30664356 0.02463896
 0.04045493 0.05486818 0.48304765]","[ 0.10969962  0.13905038  0.33361474 -0.34765816  0.47177952 -0.23873124
  0.31381819 -0.37930195 -0.46319072]",0.15817159058061844,0.39004316529520194,43.324221597998985,0.05804941961538191,0.08019812230838554,0.18590224053637933,0.39863852501136543
64,"[1.         0.40848377 0.46634405 0.10167553 0.07669472 0.00271762
 0.67079454 0.04502095 1.        ]","[ 0.16536396  0.21201622  0.52855238  0.13348489  0.14514797  0.04088239
  0.76463679 -0.02888924  0.14924722]",1.1841325125146167,0.38755493059055945,34.39020278600219,0.06453226963492568,0.08769507286663444,0.18452770537516375,0.38113647966172537
65,"[3.38197383e-01 1.41350702e-01 6.83343354e-02 2.71858208e-01
 1.42391224e-02 2.74475601e-01 4.76296020e-08 5.98569375e-01
 1.00000000e+00]","[-0.00408926 -0.67525584 -0.25237536 -0.58668352 -0.19433311  0.18654463
 -0.0270445   0.24470401 -0.05427915]",-0.13294350394114793,0.38382973448470126,36.53207151198876,0.06499648647198233,0.08822941289002495,0.18364536022519298,0.3837418861541231
66,"[1.00000000e+00 5.47193237e-01 5.17454499e-11 3.09390700e-01
 3.08487869e-01 5.98566369e-01 1.02361019e-03 2.68241663e-02
 1.00000000e+00]","[ 0.15535841  0.37120953 -0.2211309   0.55150463  0.43343626  0.43672735
  0.18292639  0.26995805 -0.00859281]",0.9230681169932835,0.4153173172626051,45.770787205998204,0.06128697223522057,0.08395047109351546,0.18338131459500445,0.3850221040176694
67,"[5.17882821e-10 5.96609553e-01 8.57341692e-01 3.78256884e-02
 8.11624689e-02 2.47766776e-01 1.38347817e-02 4.93205643e-02
 9.99999954e-01]","[-0.18140048  0.35589704  0.39476661 -0.28290139 -0.67883208  0.17338421
  0.10776474  0.10095254 -0.30311311]",0.2313005102411628,0.35158697864569666,50.514600082999095,0.0636042811933132,0.086625947468303,0.18098506105693457,0.36308943044365727
68,"[9.21333163e-10 2.31897201e-01 5.91597887e-01 1.89797325e-01
 1.56077752e-01 5.68463519e-02 8.82811192e-08 1.00398332e-01
 5.09312776e-01]","[-0.11581133 -0.62773177  0.13215798 -0.60551388  0.27201974 -0.21558125
 -0.13341419 -0.00305206 -0.26485676]",-0.28730991782978066,0.394414056365006,39.55423632200109,0.06964650901897107,0.09356495694002617,0.17977254592866654,0.36676693922492987
69,"[1.92905540e-10 6.21126331e-01 1.07897055e-10 6.45011125e-01
 9.24774341e-02 1.86415483e-10 2.35523910e-01 4.59199683e-02
 1.00000000e+00]","[-0.11865579  0.51514322 -0.22755273  0.63937051 -0.26920428 -0.25904848
  0.24984258 -0.22202742 -0.09316019]",0.6629630065750237,0.38021294150551277,30.324610853000195,0.06778482131075662,0.09143241842804097,0.17798230835793824,0.373462841262621
70,"[1.         0.20951546 0.16691628 0.28461771 0.10634883 0.19946962
 0.59367185 0.04766038 1.        ]","[ 0.24411251 -0.59308769  0.19746294  0.15085986  0.43348624  0.3140001
  0.47762564 -0.04433408 -0.10152642]",0.48439637109227823,0.3778708996769456,40.299670456995955,0.06546084993188299,0.08876360625192539,0.17739640927819442,0.3752476131105385
71,"[0.13257386 0.26357191 0.82685332 0.20302853 0.10198382 0.0902855
 0.00870129 0.0448883  0.58677279]","[-0.04136548 -0.0703653   0.67722502 -0.04797101 -0.22713731  0.19929241
  0.20033642 -0.11094858 -0.62341767]",0.15198323000459804,0.3608254323822799,32.92396630300209,0.06453226963492568,0.08769507286663444,0.17688219294142565,0.3594251262181888
72,"[9.99999998e-01 3.22574707e-01 4.84979793e-01 1.14626100e-01
 7.69633568e-02 1.72955642e-01 2.60841572e-08 5.69567359e-01
 1.00000000e+00]","[ 0.13720615  0.01122747  0.45355227 -0.17251953 -0.31394546  0.38356766
 -0.04447063  0.60920444 -0.35606484]",0.3741123104543448,0.36623246689687533,30.934293818994774,0.07290959433200023,0.09729176630442149,0.17613278563866577,0.3651655950435319
73,"[0.27538278 0.38304516 0.072507   0.25278402 0.06245498 0.04551895
 0.54474734 0.05594206 0.48329363]","[ 0.08285708 -0.13977188  0.08893749 -0.03681771  0.13156687  0.16279141
  0.57893774  0.52416559 -0.55731835]",0.057396519748418987,0.35597733365309425,33.89232363100746,0.07571148722387995,0.10048121060272348,0.17447671602598266,0.35493188770404216
74,"[9.03793138e-11 1.35476362e-01 3.59877065e-01 6.70855054e-01
 1.12707468e-01 4.42225556e-01 2.52414527e-08 2.14632670e-02
 1.00000000e+00]","[-0.15652868 -0.34278641  0.2939364   0.51776381  0.40435151  0.36778714
  0.09166265 -0.43551109  0.08172399]",0.6872807919355626,0.35218670891658443,42.06813695700839,0.06871539180731565,0.0924989611078603,0.17372753986513176,0.3631116345781069
75,"[1.52999180e-10 1.97222437e-01 4.55916435e-01 1.98803678e-01
 2.95292674e-02 7.55810437e-01 8.41776968e-03 5.94314748e-02
 1.00000000e+00]","[-0.14132135 -0.61397911  0.21821532 -0.38802232 -0.31554182  0.47099911
  0.22343918 -0.18297698  0.00813853]",0.24707035556695592,0.3346282771515767,40.2302697289997,0.07945408820429338,0.10472705780495604,0.173310907936687,0.36467988052219696
76,"[1.00000000e+00 4.49122419e-01 1.06380015e-10 1.80377853e-01
 1.07077111e-01 6.19280265e-02 1.90882099e-08 8.41724580e-02
 2.06818455e-01]","[ 0.37771737 -0.15478572 -0.37280253 -0.65975697 -0.06492624 -0.18590128
 -0.11906349  0.06554053 -0.44929234]",0.0833242324649739,0.3430945597095694,33.971639452007366,0.07524419701594932,0.09994994467822388,0.17242628161453682,0.33999708884796764
77,"[4.59284077e-01 6.33881866e-01 7.15518320e-02 1.30446809e-01
 1.37549454e-01 2.18272081e-01 3.88022703e-08 7.47601994e-01
 1.00000000e+00]","[ 0.10521558  0.32554184  0.11405072 -0.21904615  0.06618528  0.53723102
 -0.33855556  0.53826711 -0.35300765]",0.4100337567427783,0.35973889623783506,41.995011286999215,0.06964650901897107,0.09356495694002617,0.17213802835074607,0.3626902965598696
78,"[2.73752724e-01 3.17185378e-01 4.26593973e-02 3.72739230e-01
 9.40410070e-01 1.93698248e-02 9.92053903e-08 7.15821271e-02
 1.00000000e+00]","[ 0.01261434 -0.39641129 -0.11556845  0.11683386  0.65350403 -0.13197048
 -0.00126859  0.39898507 -0.46045449]",0.09644706164894265,0.3334947942684773,34.64822101799655,0.07430998336256224,0.09888704598901059,0.171189051464123,0.3466691359197187
79,"[1.18294832e-10 2.41642809e-01 7.24745700e-01 3.03664520e-01
 6.59293585e-02 4.68809165e-03 5.39148494e-01 4.71621581e-02
 1.00000000e+00]","[-0.01849197 -0.03823197  0.43773041  0.46631889 -0.0026483   0.10738398
  0.54118532  0.4461999  -0.2926105 ]",0.47015057672967914,0.3526017192711046,35.799391925000236,0.08132815042093208,0.10684721913575586,0.17116384756225275,0.3615996628095568
80,"[1.93066156e-10 5.58910446e-01 1.10542950e-01 2.88530868e-01
 1.47885622e-01 2.08360029e-02 6.51557477e-08 9.24377361e-01
 1.00000000e+00]","[-0.44378267  0.47750988  0.32105692  0.46768121 -0.13366692  0.13873099
 -0.18670792  0.40204534  0.1400877 ]",0.9321687903701795,0.33450131514136916,29.47186825699464,0.07477702874360524,0.09941855679237424,0.16960538566335667,0.333786722741239
81,"[9.99999999e-01 1.31270578e-01 3.57526101e-02 7.93070676e-01
 1.13530534e-01 2.75635072e-01 7.33631081e-08 3.43082874e-02
 1.00000000e+00]","[ 0.16957941 -0.2352351  -0.00191872  0.71419237  0.4323206   0.40191635
  0.01082718  0.07685901 -0.22665054]",0.6408865806920968,0.3361287273414927,36.831073726993054,0.08226584864010149,0.10790663256441001,0.16722935102404038,0.3175459244895663
82,"[3.99387933e-10 8.65989253e-01 4.64179959e-02 6.56252817e-02
 1.46768656e-01 6.81431263e-01 4.92392859e-08 4.51906042e-02
 1.00000000e+00]","[-0.03628664  0.51172303 -0.02397464 -0.49833677 -0.47334439  0.50146266
  0.04096752 -0.0873532   0.05549651]",0.7331194819947806,0.34760027311360453,37.21559828100726,0.0841425479312939,0.11002415633012548,0.16456773355170964,0.3477938770017246
83,"[9.99999998e-01 8.14844185e-01 1.74079731e-02 1.29576896e-01
 2.07750042e-01 1.08042279e-09 1.24579183e-03 5.54872787e-02
 4.75213623e-01]","[ 0.23986591  0.61983316 -0.07037165 -0.17358239  0.37613045 -0.25930899
  0.21699255  0.03018143 -0.51621337]",0.5559905594590895,0.340931122670187,36.44689329799439,0.09496515753006049,0.12216832396109305,0.16489484511090377,0.34137972926435056
84,"[1.52221064e-11 1.53895780e-01 9.18766735e-01 3.34863130e-01
 3.34614443e-01 5.24825498e-03 3.17205058e-09 7.30546195e-02
 1.00000000e+00]","[-0.1019008  -0.54735782  0.43329533  0.06497072  0.56434675 -0.19084055
  0.14425609  0.15498183 -0.31354911]",0.2212275981701633,0.31643343834717136,39.84874892600055,0.09638051982153925,0.12374862768522062,0.1633271630018812,0.339205886153606
85,"[2.07452996e-10 9.40879456e-01 4.28399680e-02 8.13319593e-02
 6.62356455e-01 3.33913562e-03 1.10361928e-07 7.04788349e-02
 1.00000000e+00]","[-0.42599827  0.58149817  0.01647942 -0.36278982  0.50219406 -0.16210737
 -0.09382976 -0.12709597  0.21227869]",1.0537305326885311,0.3382258954858297,38.51257580600213,0.08978264761118236,0.11636672407884463,0.16318873348953417,0.33682863168842814
86,"[5.41816756e-02 9.16115339e-01 1.08718875e-01 1.20396872e-01
 1.67615916e-01 1.29456642e-09 6.12787863e-01 4.50907780e-02
 1.00000000e+00]","[ 0.03598419  0.62921485  0.33633422  0.42715793  0.02038419 -0.32650732
  0.38963716 -0.21978687 -0.00795515]",0.8906935428503453,0.3357648124032616,43.09204060000775,0.0926080548697075,0.1195326496569333,0.16197582566395294,0.35162500713346084
87,"[6.93248315e-10 8.40354710e-01 1.04360935e-01 4.78646011e-01
 1.83242781e-01 2.11305303e-01 4.33123343e-08 3.00656107e-02
 1.00000000e+00]","[ 0.00858054  0.55914751  0.33073663  0.68239937  0.14164385  0.23282804
  0.07280491 -0.07306143 -0.16527075]",0.7387115906547802,0.3427106095406668,38.52198484700057,0.09543685435237614,0.12269518249052834,0.1608806994846798,0.33530952047573437
88,"[5.84434531e-09 3.59122226e-01 2.13815784e-09 7.94262757e-01
 1.03367309e-01 4.15905081e-01 9.79108040e-07 2.23407548e-02
 9.99999953e-01]","[-0.06340015  0.42395104 -0.07400074  0.71607676 -0.04448656  0.35097172
  0.06722138  0.26340894 -0.31454844]",0.5537122057819849,0.31449242680207273,39.8704205009999,0.0977966894717253,0.12532812393438422,0.16090170701416184,0.3233186926094276
89,"[0.99999999 0.38867564 0.36677012 0.102795   0.20498364 0.62296553
 0.08052695 0.03392873 1.        ]","[ 0.17819379  0.03696263  0.22116467 -0.19942287  0.45388397  0.51483833
  0.46671199 -0.22761713 -0.37080809]",0.3259945497872126,0.3787225867124518,38.335796305997064,0.10820531235618504,0.1368877145011335,0.15917820961114215,0.3149175138084161
90,"[0.26302203 0.63297189 0.37093569 0.07610402 0.33937334 0.00706474
 0.01783593 0.57501387 1.        ]","[ 0.05749512  0.32378492  0.47902169 -0.25694599  0.49416824 -0.01912316
  0.27878293  0.49411494 -0.17302363]",0.6618449468534489,0.3654690976614624,45.25367489400378,0.11105077024360513,0.14003358671390378,0.15935834393730744,0.30869278328865696
91,"[9.99999930e-01 7.78467392e-01 7.54861266e-10 1.86028425e-01
 1.79186713e-01 4.33868683e-03 3.16226982e-01 3.26268645e-01
 9.99999998e-01]","[ 0.11826433  0.55661672 -0.06822722  0.39407467  0.34527808  0.03983732
  0.38309782  0.39342176 -0.30641964]",0.6300108717764041,0.30753877500868676,31.62420644600934,0.10678363001017536,0.13531373167255978,0.15889767084524864,0.31709329771012007
92,"[1.00000000e+00 1.61465352e-01 8.97091812e-01 1.43214130e-01
 5.93223782e-02 2.89512091e-01 7.31378031e-09 5.28529157e-02
 1.00000000e+00]","[ 0.13983488 -0.55193472  0.45084293 -0.38934207 -0.44319411  0.31952002
 -0.07489956  0.03271694  0.12559168]",0.5929392138084434,0.32940075085811626,36.78423787400243,0.12245900557854023,0.15259066886091613,0.15567771283793644,0.31348553351617864
93,"[6.53001379e-10 6.21955253e-01 4.97149988e-02 1.45741346e-01
 1.54053822e-01 4.35047568e-02 1.08204305e-07 9.59372739e-02
 1.37149208e-01]","[-0.15480028  0.05631943 -0.1749496  -0.67622564  0.20049371  0.01309899
 -0.11349639  0.46825095 -0.46094123]",-0.0590618155629464,0.33254112733595675,30.795818578990293,0.11817613603443017,0.14788654485306962,0.156034318964425,0.29932920075405434
94,"[1.83503146e-10 5.12313251e-01 3.32619377e-01 8.03560009e-02
 1.08167224e-01 1.58285192e-01 2.46175409e-02 7.61240844e-01
 1.00000000e+00]","[-0.21555366  0.1626491   0.23473933 -0.50560677 -0.3853542   0.30892161
  0.3139268   0.50476731 -0.13809649]",0.3818737297689677,0.32845010280772646,35.17489353798737,0.11627444734281812,0.14579401400241682,0.15402855242566918,0.323243362283729
95,"[1.         0.19314873 0.03316851 0.26527916 0.00845988 0.55850903
 0.29220807 0.0716267  1.        ]","[ 0.31525981 -0.45420298 -0.17990118 -0.19398679 -0.38149599  0.44204061
  0.37447794  0.37468876 -0.05245101]",0.497571818421437,0.3190497740656794,46.58181572500325,0.12198285810935988,0.15206826151831956,0.15362453945220375,0.29527446084578934
96,"[1.15157226e-10 1.59791697e-01 3.61825340e-01 3.06132266e-01
 2.84600558e-02 1.23354604e-01 2.02666780e-03 6.72581050e-01
 1.00000000e+00]","[-0.22625436 -0.69089976  0.23301508 -0.20303625 -0.3002912   0.05836893
  0.06433761  0.42735473  0.30918216]",0.5071517887066265,0.2975326707229523,33.36882704400341,0.12484074506643845,0.15520170333458075,0.15329292252628016,0.3330426060776509
97,"[4.99077245e-10 5.12530191e-01 1.82269684e-10 2.33730581e-01
 9.91729644e-02 2.28436079e-01 2.41890140e-01 6.56765313e-01
 1.00000000e+00]","[-0.12263971  0.25137217 -0.31005931  0.17350945 -0.14849903  0.52809064
  0.46733311  0.51485722  0.10544833]",0.8319301228583558,0.33040276527648615,38.680708548999974,0.11865173434640885,0.14840950140824855,0.15261269077770528,0.30121164801036215
98,"[0.99999999 0.23223029 0.48182198 0.23545815 0.07684941 0.0333323
 0.00325938 0.06870842 0.43720974]","[ 0.16892181 -0.43056966  0.27390146 -0.11032084 -0.38964714 -0.48352421
  0.13042643 -0.2042862  -0.5044978 ]",-0.10531725658239928,0.2996125321574747,33.99830718401063,0.1153240305322709,0.14474732099645266,0.15328167554913785,0.2939430152661827
99,"[1.67241983e-10 1.20280541e-01 5.40325644e-02 5.23327026e-01
 2.53421526e-02 4.06871197e-01 3.70211675e-08 6.98085339e-02
 5.68780835e-01]","[-0.41306292 -0.58480588  0.04908067  0.26549569 -0.18626347  0.35692302
 -0.25518443  0.26295237 -0.34370493]",0.03461716961577024,0.30572979291581526,37.289002967998385,0.11437390248222658,0.14370033919878814,0.15335113378864892,0.33135274049847396
100,"[1.         0.47137804 0.08474683 0.17449111 0.79782533 0.17541325
 0.0126881  0.04945469 1.        ]","[ 0.14657485  0.11957301  0.12242025 -0.08370648  0.51929069  0.45296283
  0.37438264  0.41219776 -0.39663221]",0.3209696893573782,0.3286808966031623,44.29924578999635,0.12674732121122934,0.157289346246398,0.15108519121090186,0.2983809259810164
101,"[1.00000000e+00 4.23441774e-01 1.91796278e-10 2.95413255e-01
 6.32729146e-02 2.39308081e-01 6.48908561e-01 3.10411318e-02
 1.00000000e+00]","[ 0.1892831   0.38805802 -0.05586699  0.55716106 -0.25144807  0.42191518
  0.49954522 -0.07949512  0.05412828]",0.9790735353968876,0.32061593267933053,31.05001681399881,0.12770099770307594,0.15833277924676376,0.15118664597189815,0.30831480943321304
102,"[2.42208465e-01 1.10468744e-01 2.30499302e-01 6.58341648e-01
 9.73382952e-02 8.93422688e-02 4.82684863e-07 4.64841537e-02
 5.52834463e-01]","[ 0.06398991 -0.63705936  0.26223873  0.49689057  0.28126703  0.12694239
  0.22623533 -0.13921173 -0.32955035]",0.182754901308693,0.3087541981116829,33.33035908600141,0.11912740244087267,0.14893238817374496,0.15086975634513242,0.31727781734057015
103,"[0.33119779 0.67549642 0.59778844 0.08305425 0.15778377 0.5167069
 0.00728918 0.01376942 1.        ]","[ 0.09281797  0.56401748  0.45906209  0.24351547 -0.05559714  0.45536633
  0.1765807  -0.36013302 -0.17862043]",0.7506063680644917,0.30888454845117297,37.66175013099564,0.1382078585197961,0.169794121401879,0.14898228624158627,0.31294206841440975
104,"[1.68905766e-01 4.14055818e-01 3.02802460e-02 4.47419919e-01
 2.56328335e-01 4.22948527e-03 2.51456008e-08 5.46734735e-02
 2.15130894e-01]","[ 0.04929754  0.28303744 -0.01703986  0.61152166  0.47210528 -0.2048286
 -0.24750504 -0.20533177 -0.41827316]",0.4175488928349837,0.2888568659000108,47.56885801399767,0.1305635538173641,0.1614615514707275,0.14806856412798158,0.2986262145150386
105,"[0.26605206 0.31553055 0.28760294 0.15216068 0.16789013 0.06574066
 0.01741568 0.79990191 1.        ]","[ 0.00734183 -0.49697649  0.00984423 -0.67264646  0.20632664 -0.00449765
  0.23667757  0.43346087 -0.11796094]",0.01285459196487575,0.30363511966301787,41.54126552399248,0.1439509480140314,0.17603368708592337,0.14661259995179862,0.28557628325342715
106,"[1.00000000e+00 9.38244399e-01 7.33363049e-11 1.35995216e-01
 8.70175698e-02 3.23944658e-01 2.60500540e-08 4.15770703e-02
 9.78432822e-01]","[ 0.32123122  0.56066999 -0.12313292  0.04937681 -0.54994405  0.33195092
 -0.07072487 -0.19048124 -0.33308392]",0.5798507469799924,0.2970582716350799,40.27816660300596,0.13964285848357239,0.1713547852927595,0.14642663265733763,0.29998060793511566
107,"[2.20107403e-10 1.00000000e+00 3.73287716e-02 6.62436438e-02
 4.43099689e-02 9.21631618e-02 3.60972694e-08 1.14714532e-01
 9.99999984e-01]","[-0.11364308  0.40836669 -0.09301182 -0.33544886 -0.77255484 -0.13349475
 -0.23088021 -0.15182716 -0.09014311]",0.22857824001865878,0.2805789899205726,69.73196386999916,0.14012130743273551,0.1718748909526829,0.14683047216586692,0.30298587299056495
108,"[9.99999885e-01 2.36843805e-01 5.61959288e-01 3.62796549e-01
 1.41120481e-01 4.47189942e-01 1.22752113e-06 1.72392712e-02
 1.00000000e+00]","[ 0.14758845  0.12078187  0.4321219   0.53032616  0.38808705  0.50592449
 -0.00984645 -0.21910157  0.20243671]",1.09110120139237,0.30193439655904397,34.29743068901007,0.12484074506643845,0.15520170333458075,0.14681574960925264,0.29592479523549675
109,"[2.75382782e-01 6.42327675e-01 9.78851217e-02 1.20466000e-01
 1.41993170e-01 1.61316122e-01 1.54249853e-07 5.16573518e-02
 2.02253848e-01]","[ 0.06274006  0.31762967  0.06942562 -0.62294231 -0.06773143  0.4012422
 -0.05971792 -0.23498466 -0.52719178]",0.08939640340352896,0.29058196512571416,38.37736956700974,0.1362953432806727,0.1677124181025011,0.14625447280884937,0.3060577341646483
110,"[3.22202610e-10 3.37386689e-01 8.32851920e-01 4.15751859e-01
 8.58267783e-02 3.35105996e-03 1.91191110e-07 6.48464274e-02
 8.67520614e-01]","[-0.46334367  0.41296412  0.38104143  0.47228465 -0.35530083 -0.08045825
 -0.15410941  0.09985422 -0.28301083]",0.3832263861841613,0.27514081527058365,69.42351525300182,0.14922250213380592,0.1817462330175714,0.14439004400731079,0.31051121026205564
111,"[3.15724900e-11 2.27019926e-01 4.95672711e-02 4.27392893e-01
 1.24101438e-01 9.04453083e-01 2.06101636e-09 4.92370873e-02
 1.00000000e+00]","[-0.07474688 -0.43914153  0.00960485  0.23230544  0.5002415   0.60703778
 -0.08825892  0.31820239 -0.14046611]",0.48638703189692234,0.2839393295558622,30.29296961100772,0.1516208171528174,0.18434069059612027,0.14525781018487613,0.31029159206103374
112,"[1.         0.15799735 0.31516605 0.11476254 0.00570835 0.16365381
 0.374458   0.10946495 1.        ]","[ 0.12793824 -0.58764894 -0.08743187 -0.67264511 -0.22746183 -0.14662661
  0.07881769 -0.27655449  0.1492377 ]",0.05352539776317214,0.2920322342798971,36.38828934200865,0.16170780938001852,0.19522334234341074,0.14443432539578033,0.28300779829435785
113,"[0.13573145 0.2988923  0.4751624  0.49539129 0.14608423 0.01465821
 0.30784605 0.04498421 0.82893214]","[ 0.05953152  0.26351944  0.37323175  0.59428751  0.34178631  0.1407424
  0.42277948  0.05702731 -0.34046   ]",0.4610854877955806,0.3149322894933442,32.2576664119988,0.15498065791364846,0.1879707313220379,0.14395552713361096,0.2927790626275374
114,"[2.40279142e-02 3.36678222e-01 9.54411869e-01 9.17684591e-02
 2.38708636e-01 2.66371321e-01 7.23776349e-08 4.48882987e-02
 1.00000000e+00]","[-0.03222042 -0.21679084  0.57346559 -0.49256143  0.48177966  0.35456344
  0.09883094 -0.1076636   0.03602997]",0.6690054527263749,0.2859967778642625,94.0493490749941,0.1391644671957543,0.17083462196695465,0.1424670183627378,0.285151637476191
115,"[1.         0.25444265 0.11266436 0.21668777 0.11497494 0.05309536
 0.53345598 0.06434089 0.7484665 ]","[ 0.14199508 -0.64438142 -0.01899882 -0.4435564   0.27032531 -0.06860217
  0.37541208 -0.12657699 -0.36437447]",-0.1733789344420292,0.33414960267094834,40.39704350299144,0.17470827823257926,0.20918384240562268,0.14104728165465133,0.2757267354231212
116,"[1.         0.21498819 0.95441187 0.13759184 0.10541992 0.01462197
 0.00323629 0.17237059 1.        ]","[ 0.22870273 -0.35275461  0.53360139 -0.45138398 -0.13047916 -0.176153
  0.09804864  0.49628645 -0.17553588]",0.4940292113453217,0.27830047141324576,33.76619779699831,0.14586711168578304,0.178111741670277,0.14170105896645385,0.28056502921235416
117,"[4.85369694e-10 1.54727101e-01 9.99999999e-01 3.04246274e-01
 8.31795217e-02 3.45579409e-04 1.90006041e-01 5.85297803e-02
 1.00000000e+00]","[-0.13681096 -0.56653083  0.59119066 -0.15221678 -0.14778808 -0.34402949
  0.24909244 -0.20148547 -0.21167945]",0.2686664895140621,0.28602783167158286,33.51272001300822,0.16363163093613028,0.19729373853032883,0.14086282084297858,0.27925839012006076
118,"[6.85184536e-10 2.31993821e-01 1.96452944e-02 5.66543770e-01
 4.63292665e-02 1.66068737e-02 7.37511266e-01 4.74774364e-02
 1.00000000e+00]","[-0.23750641 -0.361165   -0.30797978  0.40143002 -0.23837961 -0.32903984
  0.51875178 -0.33514964  0.10311248]",0.5908667238772145,0.27180113739372264,78.17685685900506,0.17470827823257926,0.20918384240562268,0.13960657354067518,0.2850767351121904
119,"[0.26571472 0.45584828 0.2939805  0.12745201 0.10571012 0.09276197
 0.04911183 0.05484802 0.15956744]","[ 0.02714777 -0.03625011  0.16383588 -0.52319754 -0.4251476  -0.06833261
  0.3526127  -0.35720666 -0.50992051]",-0.16275141596592785,0.26939421990076656,34.126173192009446,0.16459383160372107,0.19832864671684824,0.138845535711136,0.2739561483300035
120,"[1.57563666e-01 1.48211069e-01 7.25183369e-01 3.00397173e-01
 5.12369665e-02 3.48293528e-01 1.33566379e-07 2.83171916e-01
 1.00000000e+00]","[-0.01043857 -0.34789754  0.43339753  0.16731881  0.06403081  0.48970948
 -0.27595674  0.4768051  -0.34002763]",0.2801813098991461,0.2888137400848127,31.47247688099742,0.17374412471462705,0.20815088717973898,0.13855382337106176,0.28648953600551946
121,"[0.02402792 0.26283263 0.46015836 0.20378017 0.62140309 0.271616
 0.01485951 0.04708452 1.        ]","[-0.0568416  -0.55636032  0.29044349 -0.17265579  0.56240538  0.42831374
  0.23944763 -0.10835778  0.06508249]",0.4802266355382633,0.28250099882892454,42.528189032003866,0.16170780938001852,0.19522334234341074,0.13923075114931696,0.28255249246682923
122,"[9.99999987e-01 4.90484564e-01 3.80116665e-01 1.93901734e-01
 1.33815373e-01 1.40822176e-09 2.09983713e-03 6.36992209e-01
 1.00000000e+00]","[ 0.20798517  0.44572229  0.43054073  0.43408175 -0.26298082 -0.12310151
  0.19087866  0.43921621  0.26575005]",1.1851672707052558,0.2707857863293386,34.67297095899994,0.17278015178459474,0.2071177513562259,0.13835606511849313,0.26883324875153014
123,"[1.00000000e+00 3.02439661e-01 5.74188988e-02 2.29698487e-01
 7.33479752e-02 3.12785786e-01 5.67307233e-08 6.63910305e-01
 1.00000000e+00]","[ 0.14632063 -0.17492886 -0.06962353 -0.13503685  0.01469387  0.56922738
 -0.234267    0.55122186 -0.49187955]",0.11160605749240377,0.26900243028767234,34.543334513000445,0.1867750102768695,0.22208096889922696,0.1383492532415881,0.2791606308995408
124,"[0.25647578 0.28790169 0.29390736 0.18770632 0.01637103 0.09688323
 0.82441425 0.06693414 1.        ]","[ 0.03890054 -0.50431924  0.2491764  -0.12223825 -0.33832184  0.23469031
  0.63616547 -0.22827383 -0.20189388]",0.23956213681148303,0.2689336231568209,33.525161095007206,0.18097960473419994,0.2158937225125926,0.1372920666614373,0.2590278536211213
125,"[1.73731789e-09 3.35978138e-01 1.18065525e-01 3.76999397e-01
 9.44670945e-02 2.10817609e-01 1.70006821e-02 8.32292018e-01
 9.99999998e-01]","[-0.17740782  0.15455704  0.29638135  0.42066437  0.05072293  0.47452411
  0.23179734  0.47437069 -0.4163348 ]",0.33276096412256506,0.29093428198826726,29.062423298993963,0.19499542440912435,0.2308359778535107,0.13615741680237334,0.27207330854430384
126,"[1.00000000e+00 1.00000000e+00 9.46953147e-02 1.08263736e-03
 3.01825002e-01 3.24359175e-03 5.81553814e-04 9.56535220e-02
 1.00000000e+00]","[ 0.28763726  0.63016266 -0.01636458 -0.63298935  0.22333529 -0.04623813
  0.04374542  0.25222926  0.0408244 ]",1.0477996229834752,0.2816844800090772,42.013887256995076,0.17904917523741665,0.21382993463194191,0.13654155436842585,0.29225831905579436
127,"[1.49931768e-11 4.38063704e-01 8.52884455e-02 2.68022914e-01
 2.39890482e-01 6.81321661e-10 5.17404858e-01 4.57617133e-01
 1.00000000e+00]","[-0.35299794  0.04680849  0.22550435  0.2911596   0.51041142 -0.00451509
  0.5084184   0.46662474 -0.0284106 ]",0.6884013314774984,0.2831121175313662,53.78844713199942,0.1901584552626289,0.22568740407288782,0.13588373477062243,0.26628307398086515
128,"[1.00000000e+00 1.74669764e-01 1.96863782e-11 3.74088940e-01
 6.26339388e-02 7.71919369e-02 1.60587871e-01 5.81652924e-01
 1.00000000e+00]","[ 0.33141017 -0.62465514 -0.4495528   0.00127577 -0.05774739 -0.21430439
  0.31473009  0.37384619  0.09897862]",0.5695887263939058,0.2732075461872847,32.87665312299214,0.18725823511019385,0.2225962983801823,0.13505295913656487,0.27021368974421045
129,"[1.00000000e+00 1.94400323e-01 2.42472528e-02 5.75864885e-01
 1.51195961e-01 3.10555932e-03 9.56971669e-10 5.66313841e-01
 1.00000000e+00]","[ 0.20896644 -0.32443479 -0.19953706  0.52893481  0.35067849 -0.31437451
 -0.27254319  0.4740775   0.10320861]",0.8693830951388184,0.2742501508917743,37.914406563999364,0.19789952990979495,0.23392319802488337,0.13450964605102342,0.2675853985473251
130,"[0.99999999 0.51868043 0.38472327 0.06225882 0.11722209 0.16025569
 0.01475998 0.56586377 1.        ]","[ 0.14298661  0.31424006  0.38672509 -0.47091706 -0.18522672  0.30793163
  0.35411856  0.49633459  0.09279033]",0.8319501823329047,0.2744079524579429,71.98676773499756,0.18194507922232894,0.2169253567001683,0.1342983373536829,0.26700316567589416
131,"[3.33772840e-01 3.37780572e-01 9.99999984e-01 2.12183419e-01
 1.26319304e-01 3.45582023e-04 3.45399087e-07 5.92730971e-02
 8.58590659e-01]","[ 0.06694564  0.38394102  0.67903608  0.28256455 -0.01740028 -0.05714991
 -0.06613008  0.38426253 -0.38932645]",0.577310654506437,0.28028716356718475,34.659745486002066,0.18774150161425698,0.22311158618844443,0.1342455573609639,0.28793173432947206
132,"[1.         0.09305811 0.67475984 0.29012367 0.03092683 0.28461404
 0.10685311 0.08577696 1.        ]","[ 0.20515231 -0.57031236  0.2963824   0.21736617 -0.28481634  0.31717565
  0.37351317  0.36547107 -0.20679418]",0.36106017168592985,0.28006841357209994,39.62710877000063,0.19789952990979495,0.23392319802488337,0.13413552915260682,0.2536305031876764
133,"[9.99999997e-01 3.96545670e-01 2.14485186e-02 3.72399466e-01
 9.26761596e-02 1.26520405e-01 1.83450997e-07 4.77868074e-02
 2.72407532e-01]","[ 0.21445179  0.38175758  0.02843183  0.51596628 -0.40247227  0.27544868
  0.10810821  0.38644548 -0.37730441]",0.4718282425534474,0.24886083588568952,37.58674208399316,0.20419658873066146,0.2406073446245766,0.1333833439829813,0.2690120119800678
134,"[9.99999999e-01 3.80150865e-01 3.14888748e-01 1.13119837e-01
 7.25112274e-01 3.26133511e-02 5.03266569e-07 6.89296379e-02
 1.00000000e+00]","[ 0.19853868 -0.37477132  0.11856099 -0.55607239  0.40749943 -0.36676946
 -0.03328156 -0.42986974  0.10190367]",0.3862938913329338,0.27496944468492324,67.37402332499914,0.21001497835289004,0.246771605931358,0.1330278527460427,0.267566525769226
135,"[1.42469983e-09 4.71680231e-01 7.54277087e-04 3.27239813e-01
 1.02079828e-01 2.25832751e-02 2.83032735e-01 5.48804212e-02
 2.57901237e-01]","[-0.41966829  0.19674991 -0.35120944  0.23376512 -0.43982403 -0.2750559
  0.36523449 -0.00209951 -0.45240715]",0.1045082932718239,0.2624018638852935,33.32008429300913,0.19644729879180636,0.23237976631450089,0.13227022231524282,0.2771575075071599
136,"[2.03022282e-10 4.40866782e-01 1.89783028e-03 1.64741241e-01
 8.55773000e-02 1.99256991e-01 2.13609430e-07 8.26400914e-02
 2.45267938e-01]","[-0.3737795  -0.34200486 -0.29735109 -0.71271101 -0.09712536  0.01050787
 -0.06235846 -0.33077984 -0.15523943]",-0.3403847067397255,0.26995193171457654,35.13801885700377,0.20419658873066146,0.2406073446245766,0.13345740972871453,0.260863179179258
137,"[1.00000000e+00 9.67998739e-02 4.46733951e-02 3.92225999e-01
 1.86968019e-02 6.84946121e-01 4.22165199e-09 7.30824362e-02
 1.00000000e+00]","[ 0.09740298 -0.86456548 -0.17435695  0.00196285 -0.05975605  0.41961891
  0.05385054  0.14504791  0.09510726]",0.39870073075397366,0.24505822910920255,39.02820436299953,0.20419658873066146,0.2406073446245766,0.13184536304468347,0.2623631434329572
138,"[1.86662995e-10 1.71873594e-01 8.51456944e-02 6.32962421e-01
 1.27312366e-01 2.24235690e-02 7.50900722e-02 6.18484572e-01
 1.00000000e+00]","[-0.22208416 -0.50014144  0.22943356  0.5082573   0.29988713 -0.03943089
  0.33281748  0.41741724  0.1143688 ]",0.690103305170404,0.2618897943992663,31.492580491001718,0.21389687668505014,0.25087814143897125,0.13170679303349328,0.2638793942039095
139,"[6.25719870e-11 3.05780702e-01 3.61142875e-01 1.69534203e-01
 1.19263511e-01 2.75133590e-01 6.47604587e-01 4.83886209e-02
 1.00000000e+00]","[-0.23003488 -0.32025397  0.24845712 -0.29943262  0.32514096  0.48356396
  0.58309501 -0.08764491  0.07680068]",0.563033770106556,0.2546252720707589,43.03901781899913,0.20468124716055824,0.24112124044686828,0.13110306169832522,0.26786919635697537
140,"[1.21363041e-09 9.54796888e-01 1.61012101e-03 2.08237685e-01
 9.72466329e-02 1.52354560e-01 1.41680064e-07 4.50524091e-02
 6.67298058e-01]","[-0.09624769  0.60153717 -0.106834    0.29055358 -0.51178671  0.23147359
 -0.20906754 -0.23671049 -0.34323138]",0.3804724830540693,0.2524236100122243,48.465095089995884,0.20952990680638012,0.24625812324170426,0.13086632297946493,0.2561758268878399
141,"[6.64314548e-11 8.97518523e-01 1.05791905e-02 9.35369041e-02
 3.86032925e-01 9.94374082e-02 2.99072229e-08 5.18561375e-02
 6.09773919e-01]","[-0.20170576  0.49112563 -0.14220086 -0.40595     0.50021034  0.15670675
  0.10322744 -0.23897984 -0.43653093]",0.3314211063263218,0.2441215507096235,44.15306131100806,0.2027428423821658,0.2390654282073557,0.13132476013963748,0.2659167478774085
142,"[3.19849377e-09 2.91072842e-01 4.95715348e-02 3.71480329e-01
 6.53581983e-01 5.09514798e-02 3.43713073e-01 4.95327355e-02
 1.00000000e+00]","[-0.33662726 -0.51552697 -0.18337222 -0.00584059  0.521565    0.1199094
  0.45784951 -0.16068466  0.25573521]",0.5908243701792313,0.2589436375176529,62.39027481198718,0.2197240747011853,0.2570335940249183,0.13047349837429958,0.2474396790210922
143,"[1.00000000e+00 5.38719015e-01 2.84785702e-02 4.61510087e-02
 5.59429889e-02 1.07259248e-01 6.98168550e-08 8.24841917e-02
 1.00000000e+00]","[ 0.27785018 -0.11411113 -0.17330258 -0.56875212 -0.47150887 -0.19760381
 -0.23482835 -0.45418893  0.18293539]",0.2830919635282001,0.26717204207602796,47.736444763999316,0.20128944139776142,0.23752316641209076,0.1297228461609597,0.2473884595335326
144,"[5.76173659e-11 4.78301502e-01 5.33453148e-04 1.90287884e-01
 9.31815339e-02 2.67578621e-01 1.05989023e-08 8.05202754e-01
 1.00000000e+00]","[-0.22097711 -0.02439662 -0.26919317 -0.52347487 -0.32178729  0.46585047
 -0.1614259   0.50520944  0.04716365]",0.4372032018849302,0.2542403592238399,33.15721929600113,0.21195563398686038,0.24882516722815842,0.13043208225518224,0.25323931177102443
145,"[3.02035704e-11 6.99911469e-01 2.57014534e-01 5.08402167e-02
 1.15650877e-01 7.76247296e-02 7.78895845e-01 4.52044317e-02
 1.00000000e+00]","[-0.11390048  0.44568889  0.27650467 -0.24725763 -0.08214639  0.43180837
  0.54294735 -0.13246274 -0.3811197 ]",0.43024838958438033,0.2655382449172672,54.239453432994196,0.21680982990534428,0.25395651354262466,0.1291265661309446,0.2527486855832284
146,"[1.14287393e-09 2.33824193e-01 4.33969529e-01 2.22393058e-01
 1.27704753e-01 2.53778647e-01 4.46657393e-02 5.50177932e-02
 4.31902917e-01]","[-0.16225375 -0.56221408  0.24950313 -0.17598145  0.25666582  0.37112297
  0.39508507 -0.02931215 -0.45144962]",-0.11430735144921399,0.2687494876227683,39.203656323006726,0.20468124716055824,0.24112124044686828,0.13018848329851618,0.2522658775757489
147,"[2.72544118e-01 4.01501784e-01 2.15261435e-10 2.86885655e-01
 2.23338822e-01 2.47877738e-01 6.87570589e-08 4.46952794e-02
 2.27020495e-01]","[ 0.02970467 -0.0018827  -0.30724282  0.09964164  0.49429268  0.52586351
 -0.12121222 -0.34589619 -0.4894826 ]",0.1500877697818552,0.2651988808625371,37.61561652700766,0.20904487237592706,0.24574460343458635,0.12971665751545913,0.2580348016230233
148,"[1.79155852e-01 1.06120288e-01 5.57911455e-02 5.00135831e-01
 3.31743552e-02 9.08894555e-02 2.55496274e-07 7.65340667e-02
 4.19498607e-01]","[-0.05191561 -0.55293397 -0.18788955 -0.09371    -0.39961579 -0.33935563
 -0.28733252 -0.52886897 -0.10182023]",-0.25261965543343373,0.2553198716706326,64.90359964998788,0.22701522817742417,0.2647207535550395,0.12899037539212668,0.24366245843162843
149,"[0.70552332 0.33510197 0.08010811 0.19072442 0.07147398 0.08020864
 0.00228526 0.09976348 0.18819864]","[ 0.04219193 -0.34605285 -0.11746803 -0.60384227 -0.53055715 -0.17416216
 -0.0021295   0.17836527 -0.39547566]",-0.3193020578234596,0.25154066150168697,30.69883437899989,0.21244088983341372,0.24933846561087358,0.12921826466675043,0.26787315987986715
150,"[2.17245161e-10 1.14651718e-01 3.04534464e-10 7.67266381e-01
 3.02276937e-02 4.91418087e-01 4.91729532e-07 4.20396687e-02
 1.00000000e+00]","[-0.3371408  -0.47555563 -0.31159384  0.42227358 -0.43367428  0.25512032
  0.19435903 -0.29698772  0.07510209]",0.4443517306162865,0.2527924276719454,43.88889443699736,0.23382727464993883,0.27188846566249547,0.12788816304951847,0.265624536519724
151,"[8.88464422e-12 2.01587280e-01 5.19815417e-02 3.15460101e-01
 7.09009422e-01 1.32540641e-01 2.66314262e-09 1.11655254e-01
 1.00000000e+00]","[-0.28737973 -0.77025317 -0.26893001 -0.33842395  0.27077299 -0.04209197
 -0.19410908  0.06827682 -0.14085101]",-0.2228377264742658,0.2640322074201381,55.719694718005485,0.23188030060462542,0.26984122299177377,0.12840337474335395,0.24503331300732745
152,"[0.99999974 0.33846822 0.06802418 0.2470737  0.41692065 0.01001498
 0.53757613 0.05484854 1.        ]","[ 0.12123114 -0.26424875  0.06440562  0.08747361  0.59558627 -0.0334734
  0.54692397  0.49258279  0.07790238]",0.7046949539336447,0.25244445691702644,39.10270052400301,0.2348009620458891,0.2729118866184429,0.12751105701542198,0.2458274492836648
153,"[1.00000000e+00 7.04036820e-01 3.00339048e-01 6.37758276e-02
 1.71388193e-01 5.69836338e-03 6.17773103e-07 6.59135938e-02
 4.85536110e-01]","[ 0.28936529  0.57538409  0.43779248 -0.3200294  -0.09874114 -0.14630583
  0.11394996  0.12900817 -0.47993426]",0.5632541877941393,0.2513383997140529,33.32781364998664,0.22020990654655287,0.2575463163882453,0.12765795564650168,0.24310132059497258
154,"[0.24220846 0.58475125 0.95441187 0.07451411 0.12429923 0.0374462
 0.03353208 0.0448883  1.        ]","[ 0.0294626   0.47579832  0.55743195 -0.17399558 -0.35094944 -0.12690018
  0.22992036 -0.46976459 -0.13759272]",0.6050696740662868,0.23783662841669673,64.97884618699027,0.22750158220111982,0.2652329537226165,0.127930151970089,0.2514849606418994
155,"[0.27538278 0.22609205 0.0723593  0.31436598 0.1204771  0.20628435
 0.02359671 0.82302611 1.        ]","[ 0.03643433 -0.5633752   0.02601715 -0.08319148  0.31380517  0.3966747
  0.39116158  0.47486347  0.1983835 ]",0.576461524225488,0.27125613560005235,64.22232827800326,0.2328537206604735,0.2708649112960002,0.12736214568925563,0.24480304194647728
156,"[3.33970600e-01 2.69946016e-01 5.73664639e-01 1.84390511e-01
 6.62682703e-01 4.85917836e-02 1.01730741e-07 7.55542730e-02
 9.99999997e-01]","[ 0.07198812 -0.36907199  0.32973631 -0.2430179   0.54600093  0.02833871
 -0.20548774  0.4483361  -0.38557655]",0.08025980571679013,0.2478866399796632,34.01435004398809,0.23090701501515387,0.2688174002170045,0.126145425284735,0.2796549213440528
157,"[0.03483465 0.9714078  0.01146528 0.0968509  0.20038874 0.15667833
 0.46688342 0.04358146 1.        ]","[ 0.03352436  0.68118585 -0.058516   -0.13935777  0.38416773  0.42012545
  0.42312949 -0.00155396 -0.09426568]",0.8947354225715258,0.2612498125679453,41.9037658390007,0.2372357607797467,0.2754698587468838,0.12621622533207238,0.25765992167561985
158,"[0.22101488 0.21353791 0.11186618 0.25987982 0.11173628 0.07403036
 0.03936007 0.79421075 1.        ]","[-0.05870003 -0.66655033 -0.08801796 -0.43794894 -0.02373359 -0.53995988
  0.09541146  0.17893325 -0.13956399]",-0.3152908735496066,0.23743475459367636,33.40963662399736,0.22993386443052097,0.2677934424331777,0.1269467652351556,0.26295164307809715
159,"[1.01577951e-10 2.45107132e-01 9.70221864e-01 1.37479588e-01
 6.03776472e-02 3.35805688e-01 6.50909169e-09 5.29313687e-02
 1.00000000e+00]","[-0.10379059 -0.19156891  0.4884403  -0.46549083 -0.52431452  0.25364301
 -0.31332929  0.19980819  0.14118844]",0.5682275171717543,0.25578253284516306,49.22915228699276,0.22847439287976976,0.2662572514232108,0.12609487548815923,0.2425810546003469
160,"[1.         0.27855137 0.11090774 0.27470732 0.06758846 0.0605645
 0.00116301 0.81987262 1.        ]","[ 0.22405281 -0.31297216  0.1785692  -0.1071119  -0.45979573 -0.22192971
  0.09654397  0.6891986   0.25200893]",0.8999125833516121,0.24543232268721726,30.678972487992723,0.23382727464993883,0.27188846566249547,0.12492114226440006,0.2533276384589321
161,"[9.99999992e-01 1.61243902e-01 5.55876534e-01 5.15002409e-01
 4.77653997e-02 2.87786032e-01 9.09389792e-08 3.48546683e-02
 1.00000000e+00]","[ 0.1360608   0.17370953  0.38511413  0.60723598 -0.44221664  0.31911825
 -0.26322623  0.17321639 -0.19385574]",0.5737710560558247,0.2485432077500116,34.80301541800145,0.25674313207432137,0.29590465353419926,0.1244021564375214,0.2539669898866612
162,"[1.28830322e-10 5.27683914e-01 5.30226398e-01 1.08382427e-01
 1.48164165e-01 2.66411233e-02 2.57652806e-02 7.99754633e-02
 3.74923965e-01]","[-0.25321802  0.25553829  0.52381602 -0.23855618  0.18569737 -0.17051763
  0.28640829  0.33544721 -0.53025864]",0.24510040878071893,0.26773898459420586,33.544397474994184,0.23820991102675576,0.2764928168379448,0.12466504339242986,0.2577509932427467
163,"[1.00000000e+00 7.99112096e-01 2.39415548e-11 3.32611527e-02
 1.26606620e-01 2.15662827e-01 3.58002011e-01 7.07108407e-02
 1.00000000e+00]","[ 0.14151874  0.42336332 -0.1883346  -0.58738901 -0.43890555  0.28274616
  0.29840593  0.24195515 -0.00826492]",0.5813796021967759,0.24125734819297628,49.71207863900054,0.2626050551765037,0.3020253800039886,0.12291619547789319,0.2398951973860322
164,"[1.19972321e-11 5.41936953e-01 1.56050663e-11 1.30097288e-01
 8.47485562e-01 6.04173847e-02 4.93981436e-09 1.18049780e-01
 1.00000000e+00]","[-0.22033506 -0.15368604 -0.30808073 -0.75341909  0.41591391  0.00879137
 -0.1110069   0.28161007 -0.02430167]",0.18064859311987608,0.2286154466531987,49.776207531002,0.26162776550210265,0.3010055614237159,0.12359719038679273,0.2461673310269235
165,"[0.26447179 0.47799047 0.46160183 0.12125487 0.12731634 0.01168989
 0.07409323 0.71240267 1.        ]","[ 0.01241014  0.15974215  0.3653289  -0.26077428 -0.45528455 -0.39770309
  0.30109682  0.46070319 -0.32326693]",0.18128792167392457,0.25477068426801913,41.1094552489958,0.24942193970883805,0.2882475337789712,0.12362387035194276,0.27143234255903725
166,"[3.38197379e-01 5.83669557e-01 1.91206794e-10 2.78611676e-01
 1.07997949e-01 8.58296835e-01 6.07854829e-08 5.25365277e-02
 1.00000000e+00]","[ 0.08842816  0.48739556 -0.06830041  0.43133367 -0.37870779  0.44939781
 -0.18656315  0.40138685 -0.15039001]",0.6500732227352994,0.24429713239818684,33.011125734003144,0.24942193970883805,0.2882475337789712,0.12319267313886388,0.2548097565364743
167,"[1.55489925e-09 8.65675625e-01 3.23627177e-01 3.26203623e-02
 1.97291953e-01 1.52566932e-01 6.37030739e-03 4.59598174e-02
 5.89681672e-01]","[-0.12682912  0.64811705  0.37027512 -0.3024415  -0.01414362  0.29694763
  0.1688151  -0.16476775 -0.43733197]",0.4491545027353699,0.26867374001338923,30.010604254013742,0.2479585437054324,0.28671526733620945,0.12298542190759795,0.27861539076658326
168,"[6.14671579e-11 3.27702996e-01 8.42805194e-03 6.97901466e-01
 8.15850652e-02 6.87218772e-03 3.83851851e-01 2.22863288e-01
 1.00000000e+00]","[-0.14498679  0.41318345  0.00848349  0.65260995 -0.28684051  0.12478969
  0.37266404  0.33708399 -0.17869668]",0.6078608228189197,0.24446403260290928,32.274395252010436,0.271406020288893,0.31119838905926417,0.12200036521486515,0.24108701345083583
169,"[9.99999999e-01 1.32222374e-01 2.42301179e-02 4.49101690e-01
 7.82435758e-02 2.11127461e-01 2.78368579e-08 5.70646062e-01
 1.00000000e+00]","[ 0.34527641 -0.54909448 -0.20377179  0.18641392  0.33563825  0.25119198
 -0.41734682  0.29561899 -0.25629468]",0.3431494101445554,0.23967469319044576,44.57606580200081,0.26162776550210265,0.3010055614237159,0.12211898792403528,0.2300690481698986
170,"[7.92550231e-10 4.26473993e-01 1.24071289e-01 1.59351433e-01
 6.63152851e-02 9.23695777e-01 1.73765503e-07 6.33418902e-02
 1.00000000e+00]","[-0.14786815 -0.13530802 -0.06626092 -0.70408654 -0.42302091  0.47195115
  0.04567837  0.16778909 -0.16665567]",0.07373532358017668,0.2429967183993717,49.46784002799541,0.27385242229527584,0.3137447576171249,0.12232652973446002,0.2549740510572457
171,"[1.         0.30785533 0.04335893 0.37606224 0.0697366  0.01306253
 0.33353676 0.53368288 1.        ]","[ 0.16419697 -0.02063648  0.02079372  0.43612431 -0.25282563 -0.32404919
  0.50820546  0.5534643  -0.22011928]",0.5456516392301662,0.2424498119320947,33.654928433010355,0.2606505962955063,0.2999856223727552,0.12173377244300605,0.24360979979968
172,"[2.89173197e-11 3.47815814e-01 1.34591394e-01 3.18062358e-01
 4.25793187e-02 3.85793121e-01 6.62103809e-01 3.65955262e-02
 1.00000000e+00]","[-0.0486439   0.22015993  0.3059325   0.46143069 -0.02988648  0.47870515
  0.50117612  0.40130189 -0.01943874]",0.775001063957245,0.24967230751794656,29.323826670995913,0.2660265121325925,0.30559380191702945,0.12160287656002623,0.23541285021573666
173,"[1.00000000e+00 2.11693551e-01 3.55638897e-01 4.77184769e-02
 2.23843520e-01 3.11239602e-01 1.37926161e-07 9.51477507e-02
 1.00000000e+00]","[ 0.27410608 -0.53329375 -0.08639434 -0.76918508  0.16210727  0.0931258
  0.01618088  0.05621213 -0.05459996]",0.10980129857684431,0.23859880444633425,49.521357491990784,0.2626050551765037,0.3020253800039886,0.12117395561151097,0.23348420732170327
174,"[1.92442588e-01 6.61459903e-01 5.95513371e-10 1.46655783e-01
 1.29962723e-01 9.80399951e-03 6.18503857e-01 4.49459955e-02
 6.39190006e-01]","[ 0.02243705  0.26052833 -0.26635982 -0.40071218  0.2277281   0.15343456
  0.54728146 -0.17459509 -0.54286377]",0.13263581040714822,0.24756092328803947,36.83509800700995,0.27238449384341723,0.3122170237323394,0.12046559735644453,0.2437026934114369
175,"[1.00000000e+00 1.70214094e-02 4.21651244e-02 4.69506352e-01
 2.03626405e-02 1.41559589e-01 6.46771843e-08 1.15991588e-01
 1.00000000e+00]","[ 0.2552276  -0.67130868 -0.18067057 -0.06991232 -0.47236909 -0.4223438
 -0.18596869 -0.06023651  0.08339252]",0.2103587879895005,0.23976236806913592,48.8861246350134,0.26749329706830266,0.3071226793434599,0.12133223294254715,0.23513008380673495
176,"[1.58091123e-01 1.22791576e-01 9.03941090e-01 4.02054427e-01
 1.04834444e-01 8.43962221e-04 2.43283820e-08 2.49535749e-01
 1.00000000e+00]","[-0.03346239 -0.55130481  0.38687064  0.43070789  0.05289363 -0.22274622
  0.00736221  0.42787554 -0.3524483 ]",0.20956961475255972,0.24263818436198087,29.81288916199992,0.271406020288893,0.31119838905926417,0.12077094608331972,0.2427260248945673
177,"[7.78911073e-11 2.35500115e-01 6.11951790e-01 5.05436595e-02
 1.26231233e-01 3.55385397e-01 1.52511221e-07 8.18551602e-02
 1.00000000e+00]","[-0.17831534 -0.49952252  0.00285761 -0.70746444  0.08849181  0.03088007
  0.04150514 -0.35525876  0.28539612]",0.12681438129283656,0.23221618326664506,51.43141275800008,0.2762995484755012,0.3162904019855294,0.11990891500420943,0.2351817650002015
178,"[1.02206168e-09 4.46726088e-01 3.60112020e-01 1.11117667e-01
 2.51218040e-01 2.95162442e-02 3.49706653e-01 4.50990585e-01
 1.00000000e+00]","[-0.33383193 -0.1825125   0.3092413  -0.33913832  0.49956706  0.1336479
  0.41442057  0.44529984 -0.08446939]",0.38287147246927616,0.22785889546381977,40.13244941701123,0.2660265121325925,0.30559380191702945,0.11995003813963485,0.24069486890820735
179,"[2.86917813e-11 5.74148230e-01 6.99517629e-11 2.93029107e-01
 9.62698971e-01 2.30630651e-02 9.51735958e-03 6.22465989e-02
 1.00000000e+00]","[-0.55564428  0.31734172 -0.32413799  0.37444218  0.54392665 -0.01301993
  0.18777554 -0.10999461  0.04355574]",0.8537570645393665,0.23288653148577965,38.19624871799897,0.2699385289590611,0.30967021804286876,0.12061014675015633,0.2383010758328596
180,"[1.27583617e-08 8.92442321e-01 8.11006963e-10 2.15343238e-01
 1.73884297e-01 3.72808410e-01 3.03490573e-01 2.37618962e-02
 1.00000000e+00]","[ 0.01264048  0.62512131 -0.09529829  0.45854979 -0.06154233  0.37336246
  0.37117286 -0.21142458 -0.25309537]",0.6396499735511146,0.2322213579410154,36.5085730550054,0.27874739349065,0.31883532750383237,0.11919670435454364,0.22816389700559325
181,"[2.75382781e-01 2.87572118e-01 4.57970237e-10 4.31295708e-01
 7.13651331e-01 1.43549162e-01 1.79126392e-01 4.63521274e-02
 1.00000000e+00]","[ 0.07487399 -0.12813694 -0.12934147  0.43790872  0.56253602  0.43458467
  0.50701558  0.08411045 -0.00561945]",0.7255765141641375,0.24669385365339092,35.635701746999985,0.2802164433679605,0.3203619399394832,0.11996868908728825,0.24839826470341364
182,"[0.25135486 0.11573548 0.02423012 0.82884171 0.06179884 0.09733229
 0.28807911 0.05455787 1.        ]","[ 0.08133002 -0.3919911  -0.18681119  0.6995137  -0.06889925  0.21899507
  0.4256973   0.26919482 -0.09550169]",0.6092119954622006,0.2268780521175804,36.565567550002015,0.2792370482931751,0.31934422680621366,0.11919707760216135,0.2551902246177729
183,"[9.99999993e-01 1.32237419e-01 2.93475004e-01 4.07822260e-01
 9.45459367e-02 1.26533329e-01 4.72677461e-08 5.44570606e-02
 4.80912138e-01]","[ 0.13733322 -0.51161031  0.28119945  0.35499008  0.36003229  0.26121324
 -0.16309789  0.37222545 -0.38896668]",0.1972803253383828,0.2517200384075253,29.7331532209937,0.290506895080073,0.33104112427660926,0.11793782808850367,0.23870185584635606
184,"[1.         0.49192023 0.00463202 0.11973852 0.06099735 0.21001795
 0.47757905 0.06433282 0.80219984]","[ 0.11140967  0.11250759 -0.18443428 -0.54680917 -0.43208459  0.37281471
  0.36574237  0.17512867 -0.38960009]",0.02576805617758311,0.2291416336487207,34.45046736999939,0.2865852682265324,0.326974318377824,0.11842376627509538,0.23146450225621096
185,"[0.91811865 0.2091364  0.23194728 0.22419351 0.04077936 0.80133796
 0.01372902 0.05384603 0.99999992]","[ 0.08506484 -0.55026382  0.18127483 -0.167231   -0.10762603  0.56317335
  0.34481124 -0.36765376 -0.21525626]",0.18415776613777252,0.23008977852946014,35.83579079499759,0.2934492759866633,0.33409006791249557,0.11821488838038062,0.23240999627671027
186,"[6.25695328e-11 4.23298216e-01 1.10202907e-01 2.15073050e-01
 2.25787056e-01 1.32680946e-02 4.96131270e-01 5.01717578e-02
 5.35590025e-01]","[-0.30270943 -0.35682336  0.06289483 -0.36294817  0.45139791 -0.03067898
  0.45043619 -0.17976784 -0.45326201]",-0.14896551112999057,0.2455839119037811,50.28042077700957,0.29982780792817165,0.340692739085442,0.11651256405523569,0.2347995903840468
187,"[1.31517962e-01 9.99999994e-01 4.16320092e-10 1.27463122e-01
 3.37776736e-01 1.25163383e-01 1.23078724e-07 3.13552758e-01
 1.00000000e+00]","[ 0.04366214  0.68444062 -0.10310496  0.05508848  0.3986624   0.34624728
 -0.1092147   0.4171571  -0.22627968]",0.7797221528066048,0.22674480647846607,50.73124368599383,0.3071933072668609,0.34830555093532073,0.11702377967868069,0.22964514350736076
188,"[1.00000000e+00 1.72154615e-01 7.28777348e-02 4.54378655e-01
 6.54433810e-01 3.50459388e-02 5.52311308e-08 7.19570231e-02
 1.00000000e+00]","[ 0.18903582 -0.79121923  0.03955028  0.09296305  0.43676742 -0.26607499
 -0.02653567 -0.19649798 -0.16478458]",0.1955330680782611,0.23466078376379834,41.187126111995894,0.3057197276314473,0.34678346834098905,0.11635376083007876,0.2319103200976862
189,"[0.27538278 0.36285983 0.0034175  0.1471992  0.15192878 0.62094178
 0.19737734 0.05217887 1.        ]","[-0.01719134 -0.41060537 -0.3047461  -0.70625254  0.0957089   0.21679655
  0.16081189 -0.3527324  -0.18166811]",-0.277901364691152,0.2250187116617773,68.06149098799506,0.2973739833886989,0.3381537932058908,0.11727304452743506,0.22899923674974276
190,"[8.56332472e-01 4.88359532e-01 3.54215328e-09 1.51223271e-01
 3.04578845e-01 4.07699908e-03 7.16070947e-01 4.75693822e-02
 1.00000000e+00]","[ 0.09280227 -0.1117321  -0.24078918 -0.57793306  0.5450908  -0.01102337
  0.52195373  0.05523981  0.11910077]",0.5989698218920723,0.23488424802545305,59.55409543598944,0.3086671250775179,0.34982739535055424,0.11694386386852058,0.24492457788992875
191,"[3.87885072e-09 6.19400628e-01 4.78413316e-01 9.74537632e-02
 1.52675951e-01 1.52568611e-01 2.81422356e-07 6.03347125e-01
 1.00000000e+00]","[ 0.02203896  0.52741649  0.49871748  0.2616911  -0.13209534  0.31473222
  0.08795891  0.44534194 -0.28560991]",0.6017143407824024,0.23509393436853032,33.874116330000106,0.3022823061554332,0.343231011265579,0.11630157626772622,0.22252998832823567
192,"[4.71945820e-10 4.87723311e-01 2.13364540e-01 1.31351149e-01
 2.69532980e-01 8.17042043e-01 1.60680379e-07 4.51906042e-02
 1.00000000e+00]","[-0.07766126 -0.03720909  0.06166688 -0.58731753  0.51641999  0.55981966
  0.09702828 -0.21809491  0.0822921 ]",0.5868896470949975,0.24165800688979677,42.45476041499933,0.3096498021924772,0.350841826384078,0.11578704234782651,0.2416799653328301
193,"[5.74840923e-11 3.11344051e-01 2.97192599e-02 2.90969918e-01
 1.68777413e-01 3.24963817e-01 6.98939518e-09 7.28088627e-01
 1.00000000e+00]","[-0.10025488 -0.36881859 -0.19461016 -0.17216499  0.48491452  0.51648939
  0.03633163  0.48128582 -0.22704296]",0.20235077401546164,0.22414649556102628,41.539905457000714,0.32538679017169986,0.36705856856573055,0.11519996679155739,0.2358157015858401
194,"[1.24298941e-10 1.00000000e+00 4.23779818e-01 1.02050119e-01
 1.14814327e-01 3.45578718e-04 9.32510067e-04 4.78822159e-02
 9.54822896e-01]","[-0.11434961  0.67935679  0.29075979 -0.02138424 -0.45488773 -0.27428459
 -0.04034573 -0.30973777 -0.24633275]",0.49799754133682284,0.21967452294253503,41.291583780999645,0.3155480665874764,0.3569262108455962,0.11543418526545979,0.22702010134563666
195,"[0.99999995 0.37222254 0.79480476 0.10642901 0.09394705 0.27273629
 0.16649163 0.03516767 1.        ]","[ 0.15659563  0.40405311  0.54368736  0.21573117 -0.23481061  0.44059896
  0.46177894  0.07095062 -0.05045556]",0.8891081581453452,0.22639096279303628,33.949791820006794,0.3406568310005124,0.382743703487217,0.11403342361594787,0.2231495044713132
196,"[1.         1.         0.28074634 0.05789533 0.23216695 0.00157165
 0.00141951 0.0448883  0.95646204]","[ 0.12926833  0.68459446  0.3477871   0.20609257  0.37396817 -0.26278759
  0.06913361 -0.19395176 -0.31604408]",0.69895239702472,0.2377948800632197,28.463436796999304,0.32391032842821343,0.36553936812286975,0.11445841254468599,0.223010227549316
197,"[1.74013972e-01 2.51524350e-01 7.92741867e-01 2.02512467e-01
 6.92256876e-02 5.80066307e-01 4.46442273e-07 2.12374559e-02
 9.83706768e-01]","[ 0.00467436 -0.06295124  0.45461731  0.09057817  0.05262726  0.55794072
 -0.02366708 -0.46853093 -0.496976  ]",0.19217371864850127,0.2258579022265096,29.45921519600961,0.3367138782161129,0.37869822384909096,0.11417552219318168,0.23791152279022393
198,"[0.27538279 0.2675576  0.0481584  0.37508858 0.13664034 0.00857699
 0.58074252 0.04534309 0.65445471]","[ 0.04205238 -0.5348454  -0.07550485  0.06240712  0.25991607 -0.52281899
  0.40914184 -0.26805248 -0.34990159]",-0.08426164774845532,0.21758922847820758,42.59588908999285,0.3219420697609592,0.36351341053667285,0.11400942484667656,0.23950692363341908
199,"[1.         0.41432385 0.04808076 0.51146807 0.13030924 0.13437737
 0.2342218  0.24597537 1.        ]","[0.12608938 0.33338368 0.25846702 0.60838744 0.23372537 0.34115298
 0.37007197 0.35093181 0.06997864]",0.9070941954365839,0.2359612232604107,33.9397592569876,0.32587899494506956,0.3675649178537742,0.1140257437232573,0.22119441171424858
200,"[0.25476304 0.22280116 0.99999998 0.16557408 0.09360643 0.09799421
 0.07829341 0.0459769  0.87935309]","[ 0.01024031 -0.30278995  0.60854608 -0.48703661 -0.15164316  0.07329234
  0.27629349 -0.25213877 -0.36386937]",0.14610952998790924,0.23428117923894945,71.04442543099867,0.32587899494506956,0.3675649178537742,0.11330097634565442,0.21344279260720073
201,"[3.30437328e-10 5.33479577e-01 4.82912235e-01 3.19455246e-01
 8.85572569e-02 3.04526910e-10 3.19996695e-01 2.19743392e-01
 1.00000000e+00]","[-0.16534022  0.42025718  0.3373396   0.47357683 -0.38241841 -0.29792457
  0.29990299  0.30198097 -0.20453922]",0.4623117894094594,0.21758035938450165,39.09253306000028,0.3436150822696163,0.3857767765225813,0.11350276276234017,0.22820052763493018
202,"[4.95881826e-11 3.23111668e-01 1.02114077e-01 2.06702887e-01
 6.05733483e-02 1.04236634e-01 2.70507718e-02 8.40963142e-01
 1.00000000e+00]","[-0.22777278 -0.41405454 -0.12955076 -0.65710372 -0.36906179 -0.05473119
  0.14446337  0.30569836 -0.27310518]",-0.3230166356413935,0.21422372280394858,51.45361745200353,0.3234182254596438,0.36503291702861496,0.11288695026561928,0.2180899276189986
203,"[1.00000000e+00 5.25228188e-01 1.53833799e-11 1.14273257e-01
 6.85018941e-02 6.61832302e-02 6.47182673e-09 6.32213793e-01
 1.00000000e+00]","[ 0.09080232  0.07811547 -0.25671636 -0.48034294 -0.73069756 -0.25075355
 -0.11692603  0.23782599 -0.14829404]",0.01235339659125447,0.21720717002435136,47.55770193299395,0.33868515654909737,0.38072116172978043,0.1127646002380136,0.22960727895891764
204,"[0.24702856 0.4377487  0.37455068 0.10784029 0.05155215 0.24767215
 0.69528489 0.03839751 1.        ]","[ 0.05978705  0.17781515  0.39200931 -0.01520327 -0.23872772  0.50736757
  0.53982486 -0.15066308 -0.42706185]",0.2936343023007375,0.24499180091915385,32.34396831999766,0.3293251377411423,0.3711086534779599,0.11305794882434578,0.21100672851418248
205,"[1.12138875e-10 8.09187870e-01 6.88617861e-03 7.06897895e-02
 1.67545010e-01 1.56934387e-01 1.62880146e-08 6.27813814e-01
 1.00000000e+00]","[-0.13211033  0.46648456 -0.17815876 -0.63211793 -0.15939059  0.2303316
 -0.17921099  0.46245926  0.095824  ]",0.7271666938747057,0.22105560945641567,43.29680778599868,0.3426289001358332,0.38476585055603213,0.11220969755555767,0.2273998790207258
206,"[3.35435045e-01 7.58844696e-01 5.86396767e-03 9.24076699e-02
 8.06830972e-01 7.62780891e-02 1.16675548e-08 6.28426954e-02
 1.00000000e+00]","[ 0.05386953  0.27429434 -0.19027378 -0.68111008  0.52490145  0.11356117
 -0.09069496 -0.23631054 -0.26317241]",0.31630715683525923,0.22085147345336076,46.40695107400825,0.33819229977306825,0.38021546445284726,0.11219169055420712,0.20806409772002482
207,"[9.99999996e-01 4.59605634e-01 3.09204064e-02 2.76570518e-01
 8.68244681e-01 2.63446304e-02 5.91311475e-08 4.82487875e-02
 9.99999999e-01]","[ 0.23620175  0.03303023 -0.07029914  0.32191052  0.73740001 -0.15998769
 -0.12692945 -0.42308176 -0.26473626]",0.6891192709360255,0.2212063395533811,38.036288554008934,0.3391780380823845,0.38122683424915405,0.1125333330569465,0.21327358840906707
208,"[0.23854676 0.43494937 0.05003339 0.17741294 0.06948938 0.12090768
 0.48561449 0.52315093 1.        ]","[-0.00525453 -0.23648022 -0.13824511 -0.57443959  0.10567564  0.36973216
  0.46795027  0.47051818  0.08199342]",0.39449540241496567,0.23244430064750876,36.95005087299796,0.3475607905628412,0.38981950061941334,0.11186013871671502,0.2137092942387287
209,"[3.38197382e-01 3.79810099e-01 2.42301184e-02 4.14670558e-01
 1.36782931e-01 8.49877569e-03 1.20710284e-07 6.78785911e-02
 8.48311344e-02]","[ 0.10813855  0.09035359 -0.10944249  0.50122613  0.21480612 -0.07821592
 -0.41481136  0.48811957 -0.50432968]",0.2951483252385283,0.20900794229801684,37.288602921995334,0.35200157606117566,0.3943657015390907,0.11148556448688865,0.21284396037374642
210,"[1.68159278e-10 1.00000000e+00 3.74964119e-01 1.74373367e-01
 2.60726346e-01 7.06650150e-02 2.50653998e-08 6.62094794e-02
 1.00000000e+00]","[-0.15042926  0.57496317  0.39737563  0.39848642  0.30879481  0.10686914
 -0.33070732  0.28383318  0.18271758]",1.0830230609085023,0.21685553872810037,37.105564458994195,0.3707729967845801,0.4135393343617961,0.1107608858480115,0.23341900569416696
211,"[0.27115597 0.29556776 0.82815137 0.17673553 0.11945247 0.0096127
 0.29831205 0.06337658 0.81990402]","[ 0.08231438 -0.05553143  0.53910879 -0.1218331   0.26684369  0.08631259
  0.4871792   0.33135765 -0.50878496]",0.21271992173518445,0.22101662651334653,30.586279270006344,0.3697841728000816,0.4125310502729943,0.10965935227046356,0.22321410719185894
212,"[2.71847157e-01 1.26436126e-01 4.68199794e-02 4.75326362e-01
 2.93786515e-02 1.09585631e-01 3.17400478e-08 7.70764501e-01
 1.00000000e+00]","[-7.26874071e-05 -7.17218390e-01 -1.79075113e-01  2.37385410e-01
 -3.04976800e-01  6.40350076e-02  1.56793727e-01  4.66420910e-01
  2.40694782e-01]",0.6120021527549502,0.21837419839414063,31.619859778991668,0.35150805843874455,0.39386066511613127,0.11118797481776989,0.20583614880756507
213,"[1.         0.32637691 0.27912281 0.10479195 0.17592493 0.04815529
 0.01159743 0.66541325 1.        ]","[ 0.1039919  -0.36546077 -0.02271936 -0.72553658  0.13261944 -0.27724968
  0.11843241  0.35771876 -0.3037439 ]",-0.15201750051701865,0.22038893239612364,44.166717987987795,0.35150805843874455,0.39386066511613127,0.11096126480202435,0.2170523426721898
214,"[0.99999999 0.26401383 0.03108244 0.32329704 0.04252598 0.15148577
 0.65342631 0.05240779 0.9091015 ]","[ 0.15018851 -0.3308474  -0.11286405  0.3038739   0.04550517  0.39484944
  0.58090776 -0.19727403 -0.47807751]",0.15394361392465114,0.21395701136465922,31.130662449009833,0.3436150822696163,0.3857767765225813,0.11098613949583969,0.2092765707971172
215,"[0.20275876 0.50358521 0.28963432 0.09173821 0.4173949  0.00395529
 0.6200761  0.0448883  1.        ]","[ 0.00237835 -0.1148403   0.17823378 -0.52734767  0.53455367  0.01325417
  0.46171457 -0.41221257 -0.08899634]",0.3478657528093988,0.21974933135834296,40.28971689699392,0.36335911818963573,0.4059749023861221,0.10995985837881882,0.2051302532654647
216,"[1.         0.42590782 0.69020846 0.10250283 0.47375229 0.01680377
 0.01640873 0.05925075 1.        ]","[ 0.13682766  0.31025957  0.59013261 -0.03079345  0.62468698 -0.20090516
  0.28870415 -0.14618173 -0.02228373]",0.9394908255307672,0.2069773955193207,49.9256835970009,0.3707729967845801,0.4135393343617961,0.11025396070911284,0.20551676141547115
217,"[5.76683128e-11 3.91197064e-01 2.27035490e-03 3.10762367e-01
 8.75756854e-02 2.01061550e-01 2.08203178e-02 5.13235748e-02
 1.19165010e-01]","[-0.41939488 -0.03137839 -0.30098549  0.08634271 -0.3036698   0.49609032
  0.2403368  -0.1068074  -0.5635472 ]",0.01939122744859929,0.2184028445395409,29.409051287002512,0.3796766295977023,0.4226096741723639,0.10902599092941827,0.20299727668840106
218,"[3.14576423e-10 5.70353858e-02 5.21204908e-02 8.55919787e-01
 6.88222309e-02 5.51254049e-02 1.47937107e-07 7.09610138e-02
 8.98316706e-01]","[-0.31020986 -0.71171436 -0.19758236  0.23828547 -0.4425846  -0.26566611
 -0.10837404  0.00194418 -0.15233331]",-0.028747961966067638,0.2118795198890417,30.350532779993955,0.3796766295977023,0.4226096741723639,0.10905941633290403,0.21457443841838592
219,"[2.75382782e-01 2.62624941e-01 4.86179227e-10 3.00760193e-01
 9.54462172e-02 1.27939398e-01 8.30856439e-01 5.91252808e-02
 1.00000000e+00]","[ 0.03883115 -0.67444744 -0.26674569 -0.1015489   0.33660858  0.22538738
  0.44069982 -0.19631202 -0.25551479]",-0.03697471987565717,0.22008256641018986,45.628269075008575,0.359901134272885,0.4024430080194298,0.10915797775818142,0.21266714953546617
220,"[1.00000000e+00 1.00936398e-01 2.42301172e-02 8.49927756e-01
 1.24366890e-01 8.60304388e-10 7.25997904e-08 6.71738586e-02
 1.00000000e+00]","[ 0.20043106 -0.68608565 -0.33666565  0.47089066  0.20322315 -0.28802362
  0.00198861  0.1256809   0.1182168 ]",0.6751791355093334,0.21598187451646855,29.72006475699891,0.3707729967845801,0.4135393343617961,0.10912774534496904,0.2017545891296213
221,"[3.04439777e-11 4.15674273e-01 3.32566052e-01 2.45312126e-01
 8.67959629e-01 3.55781971e-02 1.78545860e-02 5.42140534e-02
 1.00000000e+00]","[-0.33964448 -0.10326758  0.43482989  0.09580675  0.69557627 -0.17607104
  0.22890127 -0.3144423  -0.09810382]",0.6115902960089662,0.21577184452253761,47.47037584500504,0.37819216562286956,0.42109847604759304,0.10852514784310577,0.2130060912867347
222,"[0.27538278 0.26634946 0.02423012 0.29836366 0.059561   0.96131372
 0.01781558 0.06114414 1.        ]","[ 0.04519288 -0.27990889 -0.21510415 -0.17748497 -0.11371536  0.58846326
  0.42633677  0.33309226 -0.43578001]",0.03083156976577011,0.22177348436442818,55.60673178000434,0.3861117186671832,0.4291557875156993,0.10826656695515471,0.22712944660092899
223,"[2.51670897e-01 3.85251227e-01 7.96033774e-01 8.40229207e-02
 1.22644368e-01 1.64710892e-01 5.70252333e-08 3.91579334e-01
 1.00000000e+00]","[ 0.00987908 -0.09657708  0.46015723 -0.59259116  0.06358645  0.25668437
  0.02124488  0.47035868 -0.36884627]",0.14720299761547587,0.20508771938971693,38.366405688007944,0.3752238666638341,0.41807545080230624,0.10834156226031368,0.23498694640864898
224,"[3.33970569e-01 4.66668301e-01 3.57704805e-01 2.11004542e-01
 1.21730077e-01 5.35734172e-02 4.77290621e-07 4.52769515e-02
 1.89552665e-01]","[ 0.07474024  0.40026932  0.42340226  0.30554289 -0.52808362  0.0221471
 -0.00662979 -0.31937489 -0.4244589 ]",0.2696632012295055,0.21146221618310626,35.61118746799184,0.39899356007156767,0.442236350853365,0.10718998647648408,0.19666569862792427
225,"[1.32049805e-10 2.15561937e-01 2.39232421e-01 3.98278355e-01
 4.08435204e-02 6.48450179e-02 3.06872279e-01 6.43667169e-02
 4.71837271e-01]","[-0.15294942 -0.31585754  0.29714213  0.30599417 -0.32642542  0.14830257
  0.43364084  0.42608758 -0.44359036]",0.07235009202634131,0.222618987698207,31.7368496650015,0.39502826961516246,0.4382132090924953,0.10753559929087413,0.20356698025526715
226,"[1.12545983e-10 4.11508490e-01 1.00000000e+00 7.93748180e-02
 1.31172540e-01 3.28547529e-10 5.32308266e-08 4.71949934e-02
 1.00000000e+00]","[-0.40532582 -0.06144014  0.27122197 -0.48736007 -0.40961603 -0.45049862
 -0.26326616 -0.28423516  0.00468013]",0.1447899732209956,0.22899220867406037,41.0925200519996,0.40246438338534785,0.44575540572225913,0.10707412863648028,0.21209725347414965
227,"[2.64714215e-10 2.46006633e-01 8.19784064e-02 4.25610596e-01
 1.51938533e-01 4.25276523e-02 1.89704982e-02 8.06728309e-02
 1.41176206e-01]","[-0.30118192 -0.51045886  0.09634581  0.15354632  0.41946443 -0.06427432
  0.31587576  0.41955502 -0.39997089]",-0.007955032092848738,0.212384355347405,39.71544420799182,0.39601945546055584,0.4392191313022982,0.10703397268372371,0.20941256751147563
228,"[9.99999999e-01 9.82455452e-01 2.27606283e-01 3.26546454e-03
 1.49349985e-01 2.17117673e-01 1.25850007e-07 5.30712673e-02
 9.99999999e-01]","[ 0.11065374  0.72506446  0.24221417 -0.34660107 -0.28340927  0.3299897
 -0.13052042  0.09175123 -0.26185757]",0.6493261232419609,0.21042349345021882,42.55418881500373,0.3999851103305949,0.4432419086472217,0.10757045720750807,0.21225819802713486
229,"[5.03861446e-10 5.09674293e-01 1.06799602e-01 1.76004502e-01
 3.04161682e-01 4.28398437e-02 2.26878914e-02 8.47669712e-02
 2.01165426e-01]","[-0.09412947 -0.08226872  0.11759747 -0.31190167  0.58002269  0.07312563
  0.22772048  0.49425172 -0.48512331]",0.04475906199789228,0.20910264918483729,54.901001620994066,0.3930461720204718,0.4362010905749867,0.10651537231365336,0.2162608559807943
230,"[0.27538283 0.39293723 0.04196855 0.24454632 0.23401903 0.03761399
 0.1269304  0.05435721 0.19705737]","[ 0.0476471  -0.38107372 -0.22035146 -0.37211039  0.45263522 -0.15758427
  0.31345069 -0.42762588 -0.3932747 ]",-0.19782084339562384,0.2100932861063842,83.18789616499271,0.3895783826271689,0.4326790017659654,0.10718233057768396,0.22976764003687958
231,"[2.42208465e-01 1.89942849e-01 5.63926340e-01 3.08141525e-01
 8.30336202e-02 3.79307177e-02 3.52937471e-08 7.37551337e-02
 3.82848752e-01]","[ 0.02953776 -0.46532741  0.40615393  0.09870829 -0.19043056 -0.19036929
 -0.02925269  0.49221229 -0.54061136]",-0.015476478976263412,0.211014871286365,29.7135756189964,0.40246438338534785,0.44575540572225913,0.10632663414111793,0.1962124908128131
232,"[9.99999985e-01 3.45376726e-01 3.50404279e-10 3.74041404e-01
 2.16121413e-01 4.70982048e-03 1.25223146e-02 7.26183120e-01
 1.00000000e+00]","[ 0.13297459 -0.0567006  -0.27835396  0.37492778  0.42132493 -0.31208277
  0.2746691   0.48432841 -0.41967076]",0.27869737122415333,0.20650295083430564,41.43249648399069,0.38908307591309277,0.43217575445049977,0.10612364819050461,0.20822810051609322
233,"[9.99999999e-01 3.48380278e-01 4.99212493e-01 9.67092493e-02
 8.52355404e-02 1.53718237e-01 3.24084538e-08 4.84148634e-02
 4.51807154e-01]","[ 0.14413498  0.07634056  0.42791045 -0.44869106 -0.50141066  0.25328698
 -0.00475856 -0.136621   -0.50468933]",0.10251627502652308,0.2204274966981043,28.161402686004294,0.4059363173478317,0.4492733499358751,0.1052224523644281,0.21427711830925641
234,"[2.52627841e-10 7.11612011e-01 3.43524221e-02 1.38916673e-01
 4.61017749e-01 9.39309155e-03 5.99803436e-01 4.70838677e-02
 1.00000000e+00]","[-0.20020855  0.44089195 -0.02001262 -0.09774423  0.5763926   0.03014163
  0.50241584 -0.3566611   0.20690727]",1.0569536036009195,0.21018335426294843,41.41555620500003,0.4059363173478317,0.4492733499358751,0.10589183877807053,0.20130727667476744
235,"[2.16084687e-01 1.84768240e-01 3.24979680e-09 6.27686343e-01
 6.93739971e-02 4.18776786e-02 1.04491413e-06 6.85292235e-02
 3.50491809e-01]","[ 0.02466503 -0.32337911 -0.38115185  0.51954663 -0.40481128 -0.17560966
  0.12634191  0.30169858 -0.42180198]",0.10909153109461545,0.2328227974608139,32.70494002899795,0.4113944491020786,0.45479931244590627,0.10533646894043201,0.20995248109483677
236,"[2.99254046e-09 1.16781096e-01 5.46475628e-01 1.91759719e-01
 2.66533242e-02 1.42368485e-01 4.82672989e-08 1.11992805e-01
 1.00000000e+00]","[-0.08011777 -0.50138296 -0.02800495 -0.46432933 -0.53807279 -0.33992943
 -0.23146469 -0.25575691  0.04181406]",-0.21246128887042504,0.22614686787180865,66.83324074499251,0.41387631836462696,0.45731021329875693,0.10531324045809529,0.20307142783150567
237,"[2.63947584e-01 7.80071796e-01 1.71924303e-01 2.78956849e-01
 2.02737943e-01 5.05558325e-10 1.01011367e-07 5.24177961e-01
 1.00000000e+00]","[ 0.07193091  0.52052173  0.36144408  0.55211881  0.33981842 -0.24234202
  0.0177822   0.33015904 -0.06984746]",0.8132973764847545,0.21359298591196574,34.26794783699734,0.4292763911690864,0.4728653151521764,0.10448631153430207,0.20216023794369986
238,"[2.59942028e-09 7.08154244e-01 2.90377072e-01 7.73126101e-02
 1.70884316e-01 1.93498075e-02 1.32949957e-01 6.34378223e-02
 3.64473837e-01]","[-0.01453713  0.40120148  0.34743254 -0.35030233  0.38369164  0.04060141
  0.42271869  0.09063253 -0.50954082]",0.3005043623673379,0.2061180387987428,38.78925425901252,0.41983509175411315,0.46333408817509325,0.10453517711506657,0.22596494717882343
239,"[1.60777377e-10 7.99560036e-01 3.42073789e-01 4.75288054e-02
 3.87702540e-01 4.38181966e-01 8.76813063e-03 2.80036039e-02
 1.00000000e+00]","[-0.11386358  0.48436038  0.36274093 -0.15255148  0.47521641  0.47948719
  0.23254775 -0.25836778 -0.14493518]",0.748322620904556,0.2210346919483921,43.39386707000085,0.4089131420463166,0.4522878493833636,0.10554039237907058,0.2035438350992437
240,"[2.47475495e-09 7.45428098e-01 8.39571376e-10 1.04536853e-01
 1.08998645e-01 3.22565077e-03 8.52017719e-01 5.31707796e-02
 1.00000000e+00]","[-0.11231028  0.34590838 -0.42063528 -0.39401394 -0.58143163 -0.23464316
  0.33489652 -0.02147518 -0.17267239]",0.26405223645309206,0.1944986455371736,41.87536814798659,0.4262940599638229,0.4698563222371501,0.10438935402239587,0.206689366178253
241,"[2.11659862e-01 9.50519449e-01 3.57093998e-01 2.99565521e-02
 2.26525750e-01 1.68559005e-01 6.42835125e-09 2.33883178e-01
 1.00000000e+00]","[ 0.06903494  0.61838958  0.42984961 -0.03626899  0.33314228  0.36556925
 -0.12631408  0.40634116 -0.03239346]",0.9545416668621578,0.20145122675644966,42.32361790499999,0.42380939564450354,0.46734821645381486,0.10443386979889564,0.2167267782906206
242,"[7.83963111e-11 9.99999999e-01 1.90011623e-10 7.67081383e-02
 2.38474147e-01 2.76735794e-10 5.37869253e-02 6.61556653e-02
 6.25746912e-01]","[-0.40235742  0.6136585  -0.18084197 -0.43195295 -0.00857026 -0.32699174
  0.19606391 -0.06233816 -0.30482852]",0.39415656090151524,0.198183223353122,41.367223394001485,0.4079207769031695,0.451283106478348,0.10449031682059791,0.19879970969005056
243,"[1.00000000e+00 1.01866884e-01 4.81839446e-02 3.63250345e-01
 1.39019586e-02 1.98320743e-01 6.40947155e-08 8.57159093e-02
 4.79567837e-01]","[ 0.13663875 -0.76628856 -0.1032096  -0.18099815 -0.42858216  0.16559315
 -0.20682144 -0.03056134 -0.30968739]",-0.13639466115131638,0.2017999873414354,30.846491401011008,0.4307678566229207,0.4743695117573592,0.10394150936895087,0.2172364284997504
244,"[1.10023779e-09 1.36341059e-01 5.35036355e-02 6.15617212e-01
 7.47695682e-02 9.28908368e-02 1.94163547e-01 4.97850481e-02
 5.27576806e-01]","[-0.15344629 -0.65391478 -0.13481455  0.24877735 -0.19608659  0.04066782
  0.25287592 -0.52533898 -0.2979152 ]",-0.08832841612687233,0.20050833605662385,37.363900041003944,0.4277851255558205,0.4713609187056815,0.10410756807830253,0.2128197166389838
245,"[1.         0.23923121 0.36656773 0.12941516 0.01425239 0.31603093
 0.47626648 0.05941194 1.        ]","[ 0.22778133 -0.40957276  0.20890233 -0.38973681 -0.09107335  0.48217357
  0.51931583  0.00603635 -0.27261654]",0.28209630718519035,0.20389938956234027,33.1853306349949,0.43375138635801186,0.4773773061381676,0.10363321531072858,0.21230629624656952
246,"[8.62184695e-11 5.26379626e-01 7.76567624e-04 3.37117324e-01
 1.41870624e-01 6.80305380e-03 3.98195966e-08 7.67240501e-02
 7.22640415e-02]","[-0.16238742  0.36362697 -0.28011078  0.37522293 -0.43136637 -0.35188648
 -0.03964524  0.37959394 -0.40815084]",0.2537196903686369,0.20377729796168156,28.1379060199979,0.4307678566229207,0.4743695117573592,0.10384373198873761,0.20234594186446136
247,"[9.99999981e-01 3.11996243e-01 6.75333109e-10 6.49455110e-01
 9.92185545e-02 1.58154374e-09 1.40310905e-07 6.53009769e-02
 6.10188555e-01]","[ 0.12737251  0.35089506 -0.14776491  0.69421394 -0.36688105 -0.28660385
  0.02918113  0.0133377  -0.37297255]",0.42459722223420066,0.19572108854996279,27.711192711998592,0.4486809715813355,0.4924043414578108,0.10235153740468982,0.20014187686817397
248,"[1.00000000e+00 2.45286037e-01 7.33400545e-12 1.56708274e-01
 2.92213527e-02 1.41895566e-01 6.39362920e-09 1.13485311e-01
 9.16692874e-01]","[ 0.0545346  -0.41090692 -0.41943783 -0.61288701 -0.27084949 -0.40273548
 -0.11998439 -0.15998176 -0.03282037]",-0.2556023416511889,0.20349953792581138,44.302050035999855,0.43375138635801186,0.4773773061381676,0.10280725281253944,0.20558669716226602
249,"[0.25531374 0.29248553 0.35393894 0.16595798 0.0545438  0.32401616
 0.01570061 0.64554744 1.        ]","[ 0.00655151 -0.12072267  0.16109696 -0.31664405 -0.49848771  0.4612357
  0.25300224  0.48153409 -0.31945868]",0.08845704428881444,0.2117987389996998,32.97675557600451,0.4471871200801769,0.490902530907027,0.10286162855107928,0.192541426495144
250,"[0.25550864 0.22513241 0.52832883 0.18703485 0.116916   0.136466
 0.07732116 0.05532032 0.43058784]","[-0.00611961 -0.55288745  0.22861116 -0.56759071  0.21218361  0.14957427
  0.3321991   0.04224692 -0.37459358]",-0.19946671894511164,0.1921670156417612,50.34871178100002,0.45166926848959954,0.4954073686521384,0.10199029007382569,0.2066293147421005
251,"[0.19650642 0.32055442 0.11960721 0.40946693 0.07494396 0.9113608
 0.02016725 0.02847159 1.        ]","[ 0.05924588  0.28585088  0.29821697  0.53362977 -0.12226818  0.50166523
  0.28525455  0.123038   -0.42185197]",0.39288428215871235,0.19968757300293705,31.059450982997078,0.44818299907540016,0.4919037599464819,0.10261605603957141,0.19825519009696532
252,"[0.27538278 0.62353376 0.57542691 0.01059441 0.26455199 0.44373711
 0.04583031 0.03209361 1.        ]","[ 0.05687325  0.25038644  0.38058268 -0.49401338  0.39900635  0.44374769
  0.38958428  0.17796715  0.07492243]",0.786504099115458,0.21568965198216394,42.76539902501099,0.4556548950237101,0.4994101742524015,0.10177571016947873,0.20218729050359116
253,"[1.         0.4457758  0.37221076 0.15278067 0.11771591 0.013293
 0.10795916 0.06159183 0.40160067]","[ 0.33601371  0.23459098  0.4072801   0.16885273 -0.10780456 -0.02756311
  0.41990691  0.46672044 -0.48077251]",0.4859238486569172,0.19082805899948135,32.06636037699354,0.44818299907540016,0.4919037599464819,0.10258809333349111,0.18986542988669675
254,"[1.00000000e+00 1.08721353e-01 6.68911493e-01 2.62900881e-01
 3.27507708e-01 9.37300018e-02 9.92374701e-09 5.78031994e-02
 1.00000000e+00]","[ 0.16039587 -0.87246998  0.14951675 -0.21826593  0.33470047 -0.04364084
  0.02880603 -0.02085451 -0.16697423]",0.04551776026836293,0.18873088576254957,28.948123651003698,0.4616359686860779,0.5054117487872873,0.10147446172050681,0.20675847738291142
255,"[0.00238537 0.95307439 0.10413736 0.27099117 0.08573996 0.34208226
 0.01002474 0.03383022 1.        ]","[ 0.0223388   0.54719542  0.28257023  0.43354151 -0.38351669  0.30822437
  0.18979064  0.2424381   0.30885262]",1.059995604078038,0.203047717336718,48.04444672900718,0.44818299907540016,0.4919037599464819,0.10206451753446377,0.19534434806937306
256,"[3.83954675e-09 2.03177186e-01 2.45921446e-01 4.01682483e-01
 4.02929258e-01 1.48634863e-01 3.82710042e-01 5.38292003e-02
 1.00000000e+00]","[-0.03882267 -0.39842017  0.24773096  0.28636529  0.45390467  0.30785977
  0.45211969  0.33048429  0.2862504 ]",0.8007214082789408,0.20533005881125188,34.99404813098954,0.4556548950237101,0.4994101742524015,0.10136170047333863,0.2075019627738263
257,"[2.42208466e-01 3.32271552e-01 7.92908973e-02 3.28712675e-01
 8.63910328e-01 2.14839821e-01 2.79821124e-08 4.58292206e-02
 1.00000000e+00]","[ 0.06897308 -0.04188096  0.24047912  0.31428153  0.60723766  0.55631556
 -0.02473328  0.17728614 -0.35583553]",0.42157311140931125,0.20898434834314566,32.85479373000271,0.4701145594078552,0.5139085763386231,0.1014980743737289,0.20506435658203104
258,"[0.27538278 0.64362056 0.01928909 0.15306236 0.1527401  0.87970176
 0.02032686 0.04374415 1.        ]","[ 0.07249973  0.32683868 -0.12126205 -0.24850848  0.40336443  0.69945087
  0.38134057  0.1181357   0.01217599]",0.8919622260956412,0.20827914089207245,36.29648632700264,0.45764823524440035,0.5014110500979836,0.10132770369918502,0.18803011370134892
259,"[6.72937704e-12 6.33556050e-01 3.53534835e-12 1.87643208e-01
 3.60680261e-01 7.35210858e-01 1.81183526e-09 5.60546921e-02
 1.00000000e+00]","[-0.26025852  0.29913817 -0.30210766  0.00368097  0.53561045  0.55937283
 -0.0264351   0.38760152  0.02808922]",0.8444686970561751,0.19452305975981077,29.167814895001356,0.4601404041715674,0.5039116512529054,0.10072538735237177,0.19216078323940022
260,"[9.19459354e-11 2.55993746e-01 3.93821721e-02 4.12880823e-01
 5.37447631e-02 9.07844406e-02 2.65833291e-08 9.00574287e-01
 1.00000000e+00]","[-0.25898548 -0.08620836 -0.11966125  0.22415095 -0.79545173 -0.01772871
 -0.04473285  0.47116157 -0.06229093]",0.38343051127470174,0.19538187907611188,34.53235084499465,0.4626331213063438,0.5064117041994798,0.10167550175958052,0.20734915196093062
261,"[1.72891380e-10 2.95106516e-01 1.64892455e-10 1.77191674e-01
 3.20529506e-02 1.58277837e-01 5.85187260e-08 1.36977831e-01
 1.00000000e+00]","[-0.39756699 -0.24573487 -0.54881266 -0.3658971  -0.2381244  -0.1839751
 -0.37646456 -0.07122379  0.33034887]",0.14648911980061768,0.1893080272450262,49.52262437299942,0.4850922130034915,0.5288875432182257,0.10045999277183008,0.19524069303424546
262,"[3.38197372e-01 2.21676391e-01 8.35992690e-02 2.81429274e-01
 1.05700934e-01 2.79325590e-01 4.06615279e-07 5.56429412e-02
 2.66172160e-01]","[ 0.02367811 -0.60578182 -0.08077242 -0.34389505  0.11858264  0.40327496
  0.11751205 -0.36547446 -0.42849335]",-0.23902401829021447,0.18722004852812615,38.409251079006935,0.4726094670308203,0.5164064387950816,0.10089198332460594,0.19416339309791802
263,"[0.39824967 0.21644447 0.02423012 0.37712057 0.74669853 0.10991734
 0.10806534 0.06491984 1.        ]","[ 0.0765181  -0.56740305 -0.26079804  0.02123876  0.46301021  0.19274473
  0.39569934  0.29051667 -0.33350437]",0.004384796335742644,0.22076658096911336,34.14032051099639,0.4810962459910478,0.5248950781038433,0.10027862289926873,0.1919308045667485
264,"[2.97381928e-10 2.49142204e-01 1.67678952e-01 3.71712168e-01
 8.41150013e-01 6.81860257e-02 8.54834492e-03 5.49531436e-02
 1.00000000e+00]","[-0.18000528 -0.58839422  0.03154052 -0.19873872  0.2981736  -0.33691913
  0.07522069 -0.5818975   0.18496925]",0.1662919630556932,0.1937017989747965,44.851013389008585,0.46662260832165287,0.5104106493130544,0.10008275476434164,0.20279947802183707
265,"[9.41093445e-10 2.98069121e-01 6.79197363e-01 9.18260560e-02
 5.31164179e-02 6.21432381e-02 4.21192311e-01 1.01036822e-01
 1.00000000e+00]","[-0.10129828 -0.42900351  0.13063144 -0.77509937 -0.35381221 -0.19430177
  0.14861915  0.03493453 -0.04008374]",-0.11514708504771706,0.21165178517707284,33.675279136994504,0.4756040785314651,0.5194031513894666,0.10002861690612193,0.19145830350747683
266,"[2.93228980e-10 7.74131444e-01 5.53486855e-03 3.38216227e-02
 1.67006813e-01 3.51345811e-02 1.43064675e-07 5.76261944e-01
 1.00000000e+00]","[-0.12522989 -0.01920646 -0.28217598 -0.6796702  -0.23814602 -0.60089897
 -0.05022819  0.14627542 -0.02571473]",-0.041723800070199206,0.18516941509610654,36.37891234099516,0.48958935068694565,0.5333773916783471,0.09950886241127058,0.20826929768399688
267,"[2.42208464e-01 1.10935600e-01 1.85772637e-01 4.46806407e-01
 5.13967042e-01 3.12269493e-01 3.65972200e-08 6.04877478e-02
 1.00000000e+00]","[ 0.01009471 -0.8169914   0.11937492  0.11384669  0.38871549  0.30727729
 -0.16328639  0.01728383  0.1809184 ]",0.4625597446847832,0.2051477700163864,33.75156525299826,0.4656251051171358,0.50941104448548,0.10040164557785543,0.19126842962579732
268,"[2.89213940e-10 2.67434500e-01 4.43411005e-02 2.81808040e-01
 1.79398440e-02 9.02036942e-02 6.54316592e-01 7.92161209e-02
 7.30866052e-01]","[-0.42299015 -0.48912861 -0.26917263 -0.3758288  -0.39973668 -0.08728758
  0.3121202  -0.10203883 -0.30478165]",-0.2903139903921397,0.19032457016178372,34.1360337340011,0.47959811950847553,0.523397542538959,0.09966656786336323,0.19378007641207365
269,"[0.33819738 0.16065245 0.08357119 0.58323687 0.09979099 0.13786514
 0.20643524 0.04588351 0.54405172]","[ 0.09181212 -0.24930928  0.26740552  0.49339598  0.39419873  0.3521607
  0.42209803  0.15490449 -0.364552  ]",0.28490908765164735,0.19817610567138677,32.06526162700902,0.47859947795006785,0.5223990760657427,0.09984592839468706,0.20060970604881442
270,"[1.00000000e+00 2.77671011e-01 6.76338666e-01 4.22074342e-01
 9.43018680e-02 8.88516588e-11 1.91227402e-01 4.48882988e-02
 1.00000000e+00]","[ 0.28187456  0.35992096  0.40608076  0.60285943 -0.22973706 -0.16755723
  0.32138083 -0.27610163  0.04785672]",0.9861689770083019,0.18747671791912268,33.46907364099752,0.48659106183082185,0.5303843564386214,0.09954956902048093,0.1940306930903848
271,"[1.00000000e+00 2.61842078e-01 2.94199256e-02 2.63688056e-01
 1.35006339e-01 8.35110151e-01 2.36907811e-08 4.68122611e-02
 1.00000000e+00]","[ 0.1814942  -0.45612367 -0.1774919  -0.14542008  0.47079871  0.63890817
 -0.24809333  0.03067047  0.11838336]",0.7354331104563785,0.1940168535401242,43.77620378600841,0.5040922037598456,0.5478326050814755,0.09911014405811247,0.20200438811322563
272,"[9.99999983e-01 3.74664908e-01 3.09204206e-02 3.13913097e-01
 9.81453672e-02 5.73817072e-02 4.40920947e-07 4.82495611e-02
 1.62027015e-01]","[ 0.20287242 -0.0579207  -0.17751396  0.10366973 -0.26201973 -0.276617
 -0.00297092 -0.61783613 -0.62155268]",0.036118614334179545,0.18488160615453736,30.582671740005026,0.4955882943105266,0.5393610962486748,0.0995018104347065,0.19886654414862903
273,"[2.53575779e-11 4.67427637e-01 3.82736225e-01 8.29715993e-02
 2.45477567e-01 2.49312984e-01 1.36427737e-08 4.50583183e-02
 4.24936037e-01]","[-0.26131745 -0.0546257   0.20833978 -0.59990007  0.31887432  0.2630125
  0.02284105 -0.48258477 -0.34810557]",-0.021387190306274076,0.20073394953768264,44.47009956999682,0.4875904038561354,0.5313821224451933,0.09917779736937243,0.1983241983629902
274,"[1.         0.78436412 0.00669152 0.28036027 0.0634017  0.00374643
 0.36803713 0.0448883  1.        ]","[ 0.16050809  0.38436018  0.07242325  0.34748231 -0.71168028 -0.09809147
  0.23316978 -0.30084903 -0.19881218]",0.3879003992276668,0.20312936389508168,48.08627923201129,0.49858894990201647,0.5423517647555997,0.099262422888507,0.20207496553464158
275,"[1.         0.09893205 0.10201692 0.43917499 0.02155721 0.08743571
 0.19868899 0.08955098 0.65521041]","[ 0.20066586 -0.7545759   0.13388674  0.19990305 -0.32442029 -0.13504871
  0.2688816   0.2422809  -0.27924453]",0.10081995817855377,0.19842310419585094,39.38953880300687,0.49308835097122694,0.5368682695067587,0.098714315326954,0.19235741280457297
276,"[3.38197380e-01 5.97380358e-01 1.05162497e-01 2.11714226e-01
 1.63168326e-01 3.41602362e-03 1.23261303e-08 9.23658715e-01
 1.00000000e+00]","[ 0.11639553  0.45385665  0.33979358  0.23716607  0.32487811  0.03659089
 -0.00127206  0.53087396 -0.46908991]",0.47082594169542547,0.19220091910731174,28.65214721999655,0.5171104741311386,0.5607767391670402,0.09804241102485392,0.1885083407732704
277,"[1.40720184e-09 2.36218670e-01 3.17991366e-01 1.65289079e-01
 5.93610700e-01 2.33304961e-01 3.00938423e-07 8.62532589e-02
 1.00000000e+00]","[-0.16002373 -0.63332384 -0.05659212 -0.62947099  0.30121873  0.1771806
 -0.07123345  0.1280755  -0.1739359 ]",-0.2143886224211086,0.20019794486260625,49.083815149002476,0.4955882943105266,0.5393610962486748,0.09904465408960629,0.19108142674570175
278,"[7.15238062e-11 1.65688465e-01 3.39351763e-01 1.93143820e-01
 2.27934557e-03 1.73418920e-01 5.47301889e-01 1.08439622e-01
 1.00000000e+00]","[-0.19027214 -0.73729576  0.10031794 -0.46079735 -0.12542683  0.17074396
  0.30418689  0.24238242  0.04036442]",0.08533618242880556,0.20948350607457325,48.11181599799602,0.499089135945169,0.5428501327289625,0.09826614647908216,0.1821196045484712
279,"[2.51354851e-01 4.99337201e-02 2.42301213e-02 7.36024479e-01
 2.85653834e-01 9.95472709e-02 2.83020692e-07 8.41572461e-02
 1.00000000e+00]","[ 0.01896562 -0.82987536 -0.25490284  0.30592703  0.28164401  0.05685807
 -0.0247292   0.21837141  0.14671947]",0.43353154504984104,0.19528826483751072,31.944335734995548,0.4955882943105266,0.5393610962486748,0.09856033721949435,0.18013426543919897
280,"[2.50909191e-11 6.57211455e-02 7.66775799e-01 3.27086828e-01
 4.59671899e-02 1.50900731e-01 3.77220384e-09 8.01077575e-02
 8.26273144e-01]","[-0.12397689 -0.86512061  0.1601285  -0.18362347 -0.34945396  0.05183772
 -0.05619972 -0.04385492 -0.21668057]",-0.18492639611370032,0.19101569669451443,34.24745472299401,0.516609495874806,0.5602791634050857,0.09732125337423216,0.21322557155426725
281,"[1.         0.68467601 0.28660319 0.0615363  0.04866167 0.04653284
 0.47168086 0.04757033 1.        ]","[ 0.13325617  0.35274776  0.19446596 -0.07550588 -0.82128157  0.12178443
  0.21676111 -0.15855008 -0.22985928]",0.2564048591082076,0.19840711372510306,41.932703112994204,0.49658842511186396,0.5403580734800186,0.09833419146177505,0.19778854847489957
282,"[5.84815053e-11 3.86869652e-01 3.05094039e-01 2.58139883e-01
 1.86568352e-01 1.92001278e-02 1.57380692e-08 6.96334151e-02
 1.77365683e-01]","[-0.29793968 -0.24682638  0.32562501 -0.09662652  0.2941844  -0.44890684
 -0.18544141 -0.33387744 -0.54864914]",-0.09538067248810875,0.18324385540072727,47.2068841260043,0.5010900995822929,0.544843385158254,0.0977477534858304,0.18992737206929505
283,"[7.40359862e-11 1.56650615e-01 4.18034131e-02 3.25692786e-01
 4.07286503e-03 7.53347565e-01 4.31637882e-08 7.59054200e-02
 1.00000000e+00]","[-0.22976157 -0.52897987 -0.2156528  -0.34870846 -0.4023471   0.1646659
 -0.04965588 -0.45247094  0.3210802 ]",0.20369527268411775,0.17877348177307348,33.630976608008496,0.509097469092973,0.5528128799198231,0.09764297818709661,0.1886634432032202
284,"[0.33169874 0.14516357 0.18605853 0.42641393 0.02875137 0.05932482
 0.67243327 0.0681838  1.        ]","[ 0.05660139 -0.6718567   0.19846893  0.21630389 -0.09115186  0.03926584
  0.49376608  0.35508464 -0.2819345 ]",0.12441727561517069,0.19270688015631782,45.580155377989286,0.5151066935750743,0.5587863036503369,0.09740609652952216,0.19120899100576683
285,"[1.14852124e-10 9.35308806e-01 2.62090903e-01 1.11709943e-02
 2.30013932e-01 4.26442459e-10 4.75978932e-08 4.37406888e-01
 1.00000000e+00]","[-0.23828031  0.5905417   0.30578648 -0.40783112  0.07477849 -0.21326237
 -0.0466051   0.43350773 -0.30574132]",0.5290048633715753,0.19427162379947732,37.538002374989446,0.5116009269812932,0.5553021921191105,0.0976236806348846,0.18125605539103457
286,"[1.00000000e+00 5.99238922e-01 3.32178554e-01 6.28756361e-02
 1.47515383e-01 1.65416662e-01 7.75790655e-09 4.68287606e-02
 4.57410458e-01]","[ 0.21028017  0.45149054  0.3755183  -0.19609019  0.17035102  0.52407769
 -0.01655015 -0.00569405 -0.51816016]",0.4677827616623457,0.19528431520206224,27.079253736999817,0.5015903953722096,0.5453416433850335,0.09791224773500024,0.18464376049827394
287,"[1.         0.73542225 0.01738519 0.12381356 0.15303726 0.22831733
 0.00128564 0.0469116  0.49939977]","[ 0.39580238  0.55393212 -0.04096412 -0.0935219  -0.0815344   0.43946702
  0.30268959 -0.14429753 -0.46244285]",0.6414211481959936,0.18854436433237665,44.287544571998296,0.5085968435691106,0.5523149514263213,0.09752691145481648,0.18785966215878663
288,"[7.48378242e-01 1.24258912e-01 9.54411866e-01 2.98838480e-01
 5.68855734e-02 2.27133477e-01 3.53381578e-08 4.04189146e-02
 1.00000000e+00]","[ 0.0935741  -0.3399341   0.49959282  0.24573081 -0.46031453  0.28606148
  0.04943731 -0.35847553 -0.37555651]",0.22678329832354743,0.18029300257201247,45.387498372991104,0.509097469092973,0.5528128799198231,0.09678784109552033,0.1843834813169678
289,"[1.00000000e+00 3.31462648e-01 9.99999999e-01 9.61793224e-02
 1.18704639e-01 4.16789721e-08 3.66801879e-07 6.70895753e-02
 1.00000000e+00]","[ 0.22178109  0.08807876  0.48287669 -0.36196302 -0.52594238 -0.442719
 -0.18750483 -0.25165944  0.08810282]",0.7078264510888594,0.18472705271086676,49.164847564010415,0.5306452544004301,0.574202917418948,0.0965966950444576,0.19509707150600444
290,"[0.39646935 0.80492287 0.05103932 0.12268524 0.1752261  0.1693023
 0.23242841 0.04227052 0.58591306]","[ 0.10036733  0.54992726  0.11099603  0.0330882   0.32814601  0.41949255
  0.42050149 -0.18056661 -0.42545487]",0.4615112783266606,0.20502339111843382,49.77006999499281,0.5286390812943185,0.5722148744441795,0.09629632272099184,0.19533046829246004
291,"[0.99999998 0.26210385 0.18785845 0.30540241 0.04441311 0.03342127
 0.55404841 0.04870329 0.76788123]","[ 0.15283457 -0.33549717  0.32765887  0.27278879 -0.08897381  0.06300616
  0.60714188 -0.13110677 -0.53349116]",0.1282602674167649,0.19861443474811225,50.49876971899357,0.5431919219497896,0.5866201004096796,0.09573489174990768,0.19431089132911272
292,"[1.00000000e+00 9.65062209e-01 1.20202079e-10 4.11007685e-02
 8.52288614e-02 4.49292472e-02 8.34764653e-04 1.15222369e-01
 1.00000000e+00]","[ 0.09385426  0.26964417 -0.20489716 -0.53988918 -0.69842131 -0.27569465
 -0.00143873 -0.09761799  0.10811579]",0.3568421974556677,0.1923424020015685,47.473186953997356,0.5311468532903989,0.5746998725494193,0.09645633276941937,0.2024940157046924
293,"[1.60478303e-01 4.43575883e-01 2.74049495e-09 7.20477423e-01
 4.23106844e-01 6.14769361e-02 8.73586447e-07 4.48883012e-02
 1.00000000e+00]","[ 0.05654415  0.44498097 -0.23289535  0.71461201  0.3597239   0.09715605
  0.12296676 -0.2733533   0.07211584]",0.9393388335780752,0.17943055489030946,47.40271794699947,0.5236252033316497,0.567243212210496,0.09578328848718345,0.19417547151260028
294,"[0.5581797  0.07397329 0.95441187 0.29951026 0.07354892 0.03109038
 0.08900374 0.0655646  1.        ]","[ 0.03938871 -0.79953214  0.30480519 -0.10837098 -0.39414839 -0.14425622
  0.18907629 -0.0761138   0.19193869]",0.3915960636828534,0.18083407452461003,50.88497717099381,0.5356622458558454,0.5791714661720886,0.09540888125006176,0.19035599209079046
295,"[2.82551472e-01 9.36355874e-01 4.91393213e-11 2.65523800e-01
 4.98750685e-01 1.32595019e-01 3.43786678e-09 5.10285241e-02
 1.00000000e+00]","[ 0.08850398  0.62203972  0.10925517  0.54890577  0.42959236  0.28529213
 -0.10349848  0.07217355 -0.10068388]",0.9082918523743825,0.18456997100892014,38.69816644898674,0.5446984624434739,0.5881092219852329,0.09524509367540177,0.19325640172190528
296,"[1.94900503e-01 4.63116169e-01 3.83429484e-01 1.39313965e-01
 1.05130843e-01 1.30049691e-01 1.26449851e-08 7.89435088e-01
 9.99999986e-01]","[ 0.0308474   0.2915513   0.41684743  0.08804649 -0.42786076  0.26599873
 -0.13873867  0.498114   -0.45972402]",0.23624834387588123,0.18726149378052023,38.70831490200362,0.5376696671642415,0.5811582609498117,0.09563367732137287,0.18202268777079988
297,"[0.27493731 0.4466228  0.02423012 0.20660269 0.24159287 0.01794762
 0.37110345 0.59929207 0.99999998]","[ 0.00716927 -0.17787978 -0.17166218 -0.19722028  0.52846832  0.06613883
  0.44901087  0.47420879 -0.43566707]",0.021633497428338432,0.17604477869545715,50.554248751999694,0.5326517835461851,0.5761906043554965,0.09574386722074502,0.17970915632569934
298,"[1.         0.31476098 0.30804268 0.10154892 0.02785541 0.06822549
 0.69913307 0.06854111 1.        ]","[ 1.01042627e-01 -3.76256618e-01  1.35084172e-01 -6.87956445e-01
 -3.65920047e-01 -6.55652266e-04  4.03427807e-01  2.41885378e-01
 -3.91036941e-02]",0.2036497172372826,0.1773827155095011,31.359633326996118,0.5597750377288491,0.6029892674536912,0.09479502314847768,0.1859048258816901
299,"[3.33970571e-01 1.91736334e-01 8.10605079e-01 2.87639895e-01
 8.66259824e-02 3.45580019e-04 1.04990587e-01 3.69385039e-01
 1.00000000e+00]","[ 0.11403761 -0.17990112  0.48322009  0.25376529 -0.30662369 -0.3057507
  0.42972586  0.53226499  0.03550536]",0.7188513121133158,0.18246550000441875,70.76114454500203,0.5411835155795469,0.5846342906891742,0.09487148247808687,0.1937627241059754
300,"[1.         0.19786491 0.59943113 0.16233369 0.13241831 0.07755072
 0.01409601 0.45012029 1.        ]","[ 0.10335881 -0.62673095  0.27995849 -0.26137767  0.34373175  0.04986574
  0.30872254  0.43796654 -0.20510442]",0.1505046407353751,0.18999848185051663,48.322335568998824,0.5406814700512428,0.5841377821950648,0.0946700899971013,0.17833064478057808
301,"[1.         0.438678   0.24375164 0.0035806  0.46306288 0.04976512
 0.01239139 0.13352791 1.        ]","[ 0.02593362 -0.31040591 -0.17145009 -0.88391239  0.12393674 -0.24988961
  0.03165863  0.0749121  -0.08865751]",-0.18849844506693916,0.19231999973106534,61.58001526098815,0.5401794469313941,0.5836412512926079,0.09529112611669091,0.17974096480089774
302,"[2.89864746e-10 6.87907163e-01 4.61807546e-01 3.52882615e-02
 1.57993910e-01 2.58631375e-01 1.13697791e-01 3.60316658e-01
 1.00000000e+00]","[-0.27567808  0.33088501  0.3571383  -0.24921653  0.20278385  0.3950582
  0.37807037  0.39069657 -0.36343743]",0.3382887924126532,0.20110461292318788,39.49398270100937,0.5361640676730559,0.5796681983762584,0.09514449538698395,0.18339306945511819
303,"[1.19485153e-10 3.97626833e-01 9.54411869e-01 1.21841596e-01
 2.49155531e-01 1.81286542e-10 2.11343188e-02 6.38359115e-02
 8.82509542e-01]","[-0.20856833  0.11617313  0.57085288 -0.08890866  0.44172691 -0.47227014
  0.2007098  -0.0710283  -0.38175136]",0.3530567388844814,0.1827428962550538,35.97956380000687,0.5507266500641249,0.5940636826521684,0.09430010525055094,0.18251405200858262
304,"[3.27953261e-10 1.62642999e-01 2.45527045e-01 4.14646407e-01
 5.66672802e-01 3.03714138e-01 7.10145789e-03 5.81985726e-02
 1.00000000e+00]","[-0.34851186 -0.53568132  0.18468155  0.12405483  0.40538975  0.32664407
  0.27323852  0.30875947 -0.31789814]",0.040599766861654694,0.18733269873505395,36.50767458601331,0.5532393541854216,0.5965437486560017,0.09436079872603005,0.19127710899758488
305,"[1.90222844e-09 7.04824734e-01 2.91146121e-01 7.42789261e-02
 8.12329077e-01 2.19621061e-02 8.88358404e-04 7.02115835e-02
 1.00000000e+00]","[-0.08752537  0.42664904  0.47124444 -0.35150876  0.65765291 -0.12027144
  0.05397493  0.07987894  0.09172606]",1.0407757045639177,0.17860951996205598,41.21556778499507,0.5492192988010374,0.5925753718417108,0.09445846014819886,0.20035948215621846
306,"[5.69335222e-03 5.33011103e-01 1.84833080e-10 1.67480535e-01
 2.49843285e-01 1.65713595e-01 7.75594614e-01 4.51906039e-02
 1.00000000e+00]","[-0.01943251  0.02393604 -0.31328161 -0.38391106  0.44032152  0.47176355
  0.51248293 -0.27014971  0.0381165 ]",0.5599261952891219,0.17988990291876472,43.052184086991474,0.5467074978524052,0.5900944026702362,0.0949364753448006,0.19059535206416273
307,"[3.35435045e-01 6.58378403e-01 9.30167101e-03 9.72275323e-02
 3.57501593e-01 3.25797963e-01 6.12906602e-09 4.29307232e-01
 1.00000000e+00]","[ 0.05528592  0.12358569 -0.10048208 -0.56969208  0.47577144  0.45650593
 -0.0337264   0.42966697 -0.16284045]",0.3840230171410585,0.19150879763674722,36.958537490994786,0.5431919219497896,0.5866201004096796,0.09450901994326222,0.177573221265928
308,"[9.99999997e-01 6.75818053e-01 3.09534322e-01 5.99889745e-03
 1.19435889e-01 5.56347730e-01 1.34083671e-07 3.53360484e-02
 1.00000000e+00]","[ 0.13514187  0.37175436  0.14705538 -0.63522529 -0.28970612  0.50588239
 -0.1530136  -0.18096051  0.14964095]",0.8181799293677409,0.1872267211911094,34.452248765010154,0.5622897862569125,0.6054672890632522,0.09420374291044852,0.18210198025632418
309,"[3.87982130e-01 1.55552309e-01 4.48109140e-02 3.00521391e-01
 6.14362798e-01 1.93652502e-01 9.58117321e-09 8.41702793e-02
 1.00000000e+00]","[-0.00999703 -0.72471353 -0.27900495 -0.42884844  0.15793699 -0.06657351
 -0.1237563  -0.39804596  0.09901151]",-0.10834377934034936,0.18284877973326621,40.696027833007975,0.5748721268547554,0.61784879921285,0.09329586382334518,0.1927105919153813
310,"[9.99999996e-01 8.31541907e-01 2.21311655e-10 1.09793487e-01
 2.23962053e-01 2.29937487e-05 1.59605391e-03 5.06121949e-01
 1.00000000e+00]","[ 0.15603005  0.55163129 -0.31334209 -0.34326698  0.40257294 -0.0091335
  0.21812944  0.47914719 -0.1266143 ]",0.7834477154175332,0.18253930163185839,52.04989350300457,0.5663145724940596,0.6094309350542068,0.09424890621943958,0.17551267818754915
311,"[3.66989222e-10 4.90510445e-01 1.19485392e-01 1.92246724e-01
 1.20316454e-01 1.34416450e-01 3.32174372e-02 5.16038033e-02
 7.75847687e-02]","[-0.19785485  0.01595699  0.22166027 -0.25704482  0.2509751   0.38294192
  0.42725055 -0.24435297 -0.62730304]",0.019479801568826016,0.17493483862315695,29.14477790800447,0.5703408270920869,0.6133931126944948,0.0938983645725177,0.18022180782676644
312,"[1.         0.22453566 0.10551314 0.56303121 0.07297667 0.00721392
 0.20352681 0.0448883  0.6280521 ]","[ 0.2547894   0.00476203  0.33067693  0.58602121 -0.24971865 -0.29532046
  0.33051723 -0.21082862 -0.42311661]",0.3924096949981214,0.19113564165559177,30.193991697000456,0.5698374647451769,0.6128979210110375,0.09350816408603681,0.17060390016933027
313,"[1.00663789e-10 7.56092679e-01 3.48858982e-11 2.34414616e-01
 4.84729379e-02 6.53663433e-01 1.00246635e-02 5.71310857e-02
 1.00000000e+00]","[-0.07137191  0.43066688 -0.24946402  0.303823   -0.63050867  0.33628518
  0.16167075  0.30489961 -0.15862301]",0.446516277962411,0.17975191175586025,42.790339243001654,0.5794053032039121,0.6223026091592013,0.09298980472226637,0.17179756609364383
314,"[2.93923714e-10 4.73738394e-01 9.99999997e-01 2.04038116e-01
 1.72453035e-01 8.27224856e-02 2.10615022e-02 4.48882986e-02
 1.00000000e+00]","[-0.39148431  0.40566968  0.55799811  0.3721173   0.24667648  0.11608679
  0.21301052 -0.23975171  0.23485993]",1.106832817609724,0.19413693361427886,37.02606138899864,0.5854524755922206,0.62823808518893,0.09308397702412077,0.17656920867440073
315,"[5.90536956e-10 5.44962212e-01 5.88154938e-02 1.54221934e-01
 8.31235428e-02 2.80721593e-02 7.45398578e-01 5.77099641e-02
 7.20725798e-01]","[-0.16109957 -0.01554193 -0.12513302 -0.60098084 -0.16931785 -0.03671645
  0.44401072  0.40850938 -0.45047426]",-0.09374735884435578,0.1757281901634264,46.22808532600175,0.5778940352788013,0.6208182149841472,0.09359018315266912,0.17963894731368157
316,"[1.         0.56992805 0.08279352 0.12193363 0.31225688 0.09030046
 0.00319309 0.0491765  0.40126777]","[ 0.12399464  0.10861382 -0.02170305 -0.71993662  0.44229384  0.172242
  0.05778896 -0.17328526 -0.44202954]",0.06426892263013137,0.18194256562355596,41.78374868299579,0.5778940352788013,0.6208182149841472,0.09320841891369218,0.17605757525092125
317,"[2.42208997e-01 5.55500775e-01 4.53672844e-01 7.32506218e-02
 5.50659250e-02 2.95772587e-01 4.67734064e-08 5.07634661e-02
 5.82018459e-01]","[ 0.02976514  0.3224572   0.28009642 -0.15974623 -0.73823069  0.30041553
 -0.20763676  0.02252401 -0.33512405]",0.15600356572002191,0.17692851910601692,40.754250462996424,0.5698374647451769,0.6128979210110375,0.09291202574066713,0.18534077439348284
318,"[0.27538278 0.56362767 0.02423012 0.22566032 0.87150924 0.01009158
 0.18120032 0.04934047 1.        ]","[ 0.06968565  0.24230925 -0.12483462  0.09865925  0.74005155  0.03715268
  0.55635747 -0.20529084  0.10187358]",1.012894424889985,0.1842062687281364,38.84762590500759,0.5703408270920869,0.6133931126944948,0.09318166274082128,0.17246336457398068
319,"[0.33543505 0.9318281  0.03008637 0.10360796 0.11188758 0.10644558
 0.07802633 0.04762669 0.6399707 ]","[ 0.05758529  0.53686028 -0.07599922 -0.27110382 -0.53239482  0.17017067
  0.23306931 -0.38381552 -0.33934327]",0.2304840463951981,0.18390160592734844,43.84575966199918,0.5708442124843007,0.6138882813328168,0.09307987979941358,0.20585882007176626
320,"[1.82910360e-01 5.77387269e-02 7.10913838e-02 9.27034873e-01
 6.50842925e-02 4.61835465e-02 1.59763251e-08 7.82784470e-02
 1.00000000e+00]","[ 0.03240933 -0.61780642  0.20057152  0.4945477  -0.42126992 -0.06947731
 -0.01492648  0.24245271  0.30192207]",0.7332526513468743,0.1892587856740886,40.46316192501399,0.5794053032039121,0.6223026091592013,0.09303384276125501,0.182976933831051
321,"[1.         0.64612854 0.59818348 0.06440569 0.15290562 0.03898871
 0.29725744 0.04505516 1.        ]","[ 0.20104088  0.55563667  0.54311897 -0.05003532  0.21796229  0.13638846
  0.37893685  0.10475836 -0.36426899]",0.6734538022218444,0.19759165282124536,38.98580938600935,0.5723545070651908,0.6153736488445563,0.09283783112947808,0.18452124752861288
322,"[5.67423385e-10 3.45614505e-01 7.27420781e-10 4.49680171e-01
 2.10291792e-01 1.28176543e-01 1.93913521e-07 8.02873809e-01
 1.00000000e+00]","[-1.76420953e-01 -6.35804503e-05 -2.81754355e-01  4.48729072e-01
  5.04301190e-01  3.30548332e-01  1.25993722e-01  4.74892226e-01
 -2.88363334e-01]",0.4430967555514814,0.18612472961773752,32.44997528100794,0.5794053032039121,0.6223026091592013,0.09274603102371987,0.1946642356784366
323,"[1.         0.20026569 0.50497703 0.20907311 0.08367793 0.62810503
 0.01116677 0.04469826 1.        ]","[ 0.46183188 -0.15569411  0.36169617  0.23601604  0.26813373  0.51912889
  0.23179393  0.40762287 -0.12111007]",0.9108472462598287,0.16780811211602376,36.517226586991455,0.5844443794620279,0.6272490732474658,0.09228809570661739,0.20036851802836925
324,"[1.35731449e-01 3.22699461e-01 2.65821219e-01 8.17965872e-01
 8.24971712e-02 7.42930280e-02 3.05685487e-08 4.52220001e-02
 1.00000000e+00]","[ 0.04687933  0.44999618  0.37255167  0.69726299 -0.16388738  0.16179381
 -0.06697481  0.22508881 -0.24929588]",0.5803289788597424,0.1806138176967269,33.096618367999326,0.5899900722332674,0.6326874748805924,0.09189008485518024,0.1828281831984061
325,"[0.24220847 0.09707315 0.43051462 0.32617395 0.00773536 0.38291955
 0.31671107 0.06265363 1.        ]","[-0.0012538  -0.84596462  0.17949606 -0.00099461 -0.13685652  0.30052626
  0.3664863  -0.07866637  0.05075545]",0.2704428686700431,0.17209458432070462,39.97306220199971,0.5834363771220619,0.6262599675165819,0.09214136775175512,0.17985180115550714
326,"[1.00000000e+00 6.69776431e-01 1.57421533e-10 9.50665825e-02
 1.67581031e-01 3.81800909e-10 7.10067772e-01 4.87506126e-02
 1.00000000e+00]","[ 0.31169958  0.11837688 -0.28652724 -0.61694253  0.28771412 -0.25139593
  0.38826649  0.18327412 -0.30950726]",0.3556734159339475,0.17747469206541516,38.56511998700444,0.5743685566177879,0.617353815417893,0.09215262652527044,0.1717720859235058
327,"[1.         0.24959629 0.95441186 0.14568752 0.22775275 0.12027121
 0.02655332 0.0448883  1.        ]","[ 0.12617056 -0.0960617   0.56716267  0.06184893  0.58454511  0.21742447
  0.43478753 -0.2249859   0.14397611]",0.9572148982538174,0.1906232210690887,38.040154179005185,0.5915030291026646,0.6341701801259344,0.09142516137765269,0.18369098457550254
328,"[1.00000000e+00 1.22032401e-01 1.20812393e-10 6.39417054e-01
 2.61066308e-02 3.85983030e-01 1.41819008e-01 3.99035892e-02
 1.00000000e+00]","[ 0.26809424 -0.42931077 -0.35098105  0.41630009 -0.40932855  0.32077906
  0.30538632 -0.26232037 -0.12166529]",0.5061996458436699,0.17312950048974246,41.75668612701702,0.5995757424078282,0.6420743314669832,0.0914298292388541,0.18020228457877152
329,"[4.20898663e-10 9.99999994e-01 5.72693090e-02 1.96723134e-01
 1.74470908e-01 8.19235937e-10 7.68450567e-02 5.70375987e-02
 6.63149976e-01]","[-0.13673321  0.71582766  0.25481483  0.43034066 -0.00680873 -0.16607715
  0.27992141  0.0439915  -0.33294428]",0.6171185108549134,0.165285653756451,30.935819760983577,0.5995757424078282,0.6420743314669832,0.09097245411956846,0.16929238858540152
330,"[0.93896557 0.30486952 0.10728446 0.34221276 0.8119522  0.03907849
 0.01422154 0.04909676 1.        ]","[ 0.13183383 -0.32053612  0.28446689  0.31043244  0.64384284 -0.19049598
  0.28348472 -0.39658806  0.11882227]",0.7815265268840146,0.17271349970626537,35.82003838798846,0.6162451737308234,0.6583571836787964,0.09091556464949124,0.17864416172739728
331,"[4.78482686e-11 9.72523149e-02 6.18198635e-02 6.09844886e-01
 5.87663254e-02 4.72676979e-02 4.80330874e-01 6.80244486e-02
 1.00000000e+00]","[-0.2622702  -0.85257732 -0.03422266 -0.03335411  0.10020872 -0.23986261
  0.17650984 -0.30366561  0.10534795]",0.058653938035468485,0.18455903921485528,38.778108814993175,0.6309161864987776,0.672644238520218,0.09095867882130307,0.1870973060410569
332,"[4.91721167e-10 6.18814318e-01 1.93567092e-02 1.53762313e-01
 7.29636863e-02 3.83367452e-01 6.32892743e-01 3.67180316e-02
 1.00000000e+00]","[-0.19770345  0.34420241 -0.03030286 -0.08343309 -0.57838017  0.44855313
  0.39122914 -0.25863655 -0.28085952]",0.28659180390536726,0.17861342728334667,35.419631110999035,0.6015948761629544,0.6440494138828463,0.09151876455465185,0.1824117745681504
333,"[6.58119668e-03 8.46869535e-01 2.58402369e-02 5.52076286e-01
 1.12793163e-01 3.04085371e-03 2.49601670e-08 4.86277930e-02
 1.00000000e+00]","[ 0.00324359  0.54719879 -0.00252095  0.64727045 -0.18072557 -0.26451599
 -0.12912187 -0.33004274 -0.23101182]",0.5524548234655708,0.1737764300945358,38.45582066097995,0.5915030291026646,0.6341701801259344,0.09131053190102179,0.16770063496623844
334,"[9.99999992e-01 3.74229115e-01 7.40399913e-01 1.00336978e-01
 3.71342975e-01 2.12553412e-01 1.67299633e-08 4.37323623e-02
 1.00000000e+00]","[ 0.1107699   0.1611836   0.4293544   0.15368449  0.50180135  0.415336
 -0.27434195  0.3374016  -0.37466494]",0.4191156118948483,0.19205097225939666,44.359011020016624,0.6005852612953533,0.6430619206644641,0.09160682475086478,0.1805849269219607
335,"[9.99999999e-01 7.87530039e-01 3.16651507e-01 1.37613467e-01
 8.20861746e-02 8.58736258e-03 5.56498658e-08 3.00887743e-01
 1.00000000e+00]","[ 0.13472119  0.45056227  0.30358741  0.27858031 -0.62699582 -0.05557997
 -0.23475453  0.32234921 -0.23203437]",0.43703189395853764,0.16712084562608576,39.117958279006416,0.6091700624556753,0.6514525382673111,0.09084210725764748,0.17220331680528198
336,"[9.18206953e-10 4.17786720e-01 9.99999992e-01 1.00379780e-01
 1.32586085e-01 1.47085525e-01 1.46205189e-01 4.48882973e-02
 1.00000000e+00]","[-0.0911663   0.23081256  0.69289269 -0.15991306  0.06952527  0.26221412
  0.39615677 -0.22562397 -0.38897999]",0.4798693571341194,0.17021471207721572,40.604866023000795,0.617256296512783,0.6593431689994875,0.09013992577770925,0.16160236741280606
337,"[2.72893014e-01 1.38074070e-01 4.47401965e-02 4.08736436e-01
 3.73916332e-02 1.73535751e-01 5.80729656e-08 7.56110031e-02
 2.42021543e-01]","[-0.03305729 -0.82599982 -0.22992031 -0.105902   -0.14694108  0.20715962
  0.03680339  0.12379031 -0.41396571]",-0.23701642354612087,0.1759373133603808,30.20926469899132,0.6031094787558282,0.6455304734208042,0.0908899702438148,0.16569084963711528
338,"[0.24220846 0.10507325 0.76101251 0.58141434 0.07436271 0.00191693
 0.0859812  0.06355582 1.        ]","[ 0.07468329 -0.36492652  0.40807107  0.62236624 -0.46592213 -0.11844325
  0.26555995  0.06724604  0.0351135 ]",0.6794910163747104,0.171663403824329,41.801695711008506,0.6137177973101235,0.6558917898479408,0.09061042597881054,0.1671702967857826
339,"[2.28979529e-01 6.24571684e-02 3.19361435e-01 6.36070709e-01
 5.26814965e-02 3.34915513e-01 6.61158854e-08 1.81554359e-01
 1.00000000e+00]","[ 0.0420151  -0.68804523  0.2598914   0.45040505  0.12609433  0.32212547
  0.00094595  0.3336492  -0.15307828]",0.3581608388457461,0.1799733554628054,34.85802331499872,0.6066443955132945,0.6489854349774806,0.09063558376188595,0.1704413455574646
340,"[2.53748908e-10 4.35843641e-01 1.31159946e-01 2.00861939e-01
 7.10950877e-01 2.15090700e-01 2.22499411e-01 4.46593712e-02
 1.00000000e+00]","[-0.37648237 -0.11968064  0.15066982 -0.10486314  0.51014132  0.43022798
  0.44314178 -0.40754598  0.04930773]",0.5314660128156601,0.17803319493454672,74.40349632198922,0.6197845355471527,0.6618077002269318,0.09027264319679343,0.1746237569546143
341,"[2.73217154e-09 3.79377388e-01 9.54411864e-01 1.09019297e-01
 1.35396874e-01 4.18587780e-10 2.75326960e-01 5.23149812e-02
 1.00000000e+00]","[-0.05580364 -0.21408181  0.41359066 -0.58862014  0.29146572 -0.28601712
  0.31383847 -0.28367785  0.2963077 ]",0.6566859232452287,0.17186008371398775,39.46441193300416,0.6071494803690315,0.6494789041676564,0.0906792134999643,0.1719498008497682
342,"[2.43322920e-09 3.05418430e-01 8.05348424e-02 4.58486201e-01
 8.55870155e-02 5.34526603e-02 4.66000340e-07 5.47447186e-02
 1.12888930e-01]","[-0.11280411  0.00656269  0.17421502  0.46613433 -0.66173439 -0.14268339
  0.10771572 -0.19584839 -0.48102999]",0.10046364798803993,0.17075210159613025,31.065735757001676,0.5945295825293127,0.6371349509347317,0.09104641374040218,0.20525257877035885
343,"[2.75382780e-01 6.24669050e-01 1.32428004e-01 8.72445319e-02
 3.39322575e-01 3.17238028e-10 3.54141594e-01 6.81245454e-02
 6.42945471e-01]","[ 0.03387545  0.05384247 -0.01603236 -0.63718721  0.37589059 -0.28489908
  0.34078653  0.33945724 -0.36859322]",0.019623089457571213,0.1684826370077551,45.300414897996234,0.6197845355471527,0.6618077002269318,0.08998450641914263,0.17751761884145567
344,"[0.27538278 0.76772244 0.69333893 0.0595458  0.08002292 0.01704825
 0.02620731 0.0807604  1.        ]","[ 0.02963672  0.34979016  0.30182964 -0.28577449 -0.79183738 -0.1713858
  0.12838008  0.16928473  0.04982001]",0.4695258040888114,0.17450826732801855,41.057157904986525,0.6101804993805866,0.6524392094371587,0.0904860806761738,0.17213667653561718
345,"[0.30502303 0.06586256 0.17775098 0.34774269 0.31126482 0.1472164
 0.14619943 0.11141714 1.        ]","[-0.02409453 -0.91475357 -0.03271691 -0.27671136  0.17613763 -0.03896448
  0.14910907  0.14784891  0.09148919]",0.009213771753325604,0.1801042690905042,34.97860707101063,0.6157396492864745,0.6578641540722578,0.09060092382148414,0.17400389874362532
346,"[9.21003334e-04 4.54004461e-01 8.57121947e-02 3.49567584e-01
 1.13201835e-01 5.21868054e-03 2.73574195e-01 7.40995745e-01
 1.00000000e+00]","[ 0.00999844  0.32154017  0.29689547  0.49360077 -0.03838196  0.09370961
  0.42270376  0.4531047  -0.41289987]",0.3786180351465432,0.16957926910930504,29.136763115995564,0.6207960044646217,0.662793339416298,0.0899337048506591,0.16710975713794504
347,"[9.99999907e-01 5.90575153e-01 6.90838930e-11 1.75253510e-01
 6.72488600e-02 5.27891075e-01 2.69070796e-01 3.13495700e-02
 1.00000000e+00]","[ 0.0919202   0.40386743 -0.09918004  0.13770479 -0.61808211  0.41787271
  0.33659888 -0.22352614 -0.28237678]",0.3347781673016825,0.17508944073196442,40.83072937800898,0.6283851996132199,0.6701824551089952,0.09004663350769383,0.16634845135974363
348,"[3.38197380e-01 2.76268347e-01 1.41183327e-01 3.10006978e-01
 8.94989277e-02 1.09808900e-01 2.22375458e-08 5.55453221e-02
 7.78040573e-02]","[ 0.13210089 -0.4957997   0.29992368 -0.1591116  -0.03253867  0.17718584
 -0.05121124 -0.06808987 -0.76272465]",-0.1458598145769414,0.16708225221226722,27.88317506000749,0.6218075726862599,0.6637788793027208,0.09029892355035259,0.18415644204600712
349,"[2.75382677e-01 1.85677339e-01 4.45288837e-02 4.25481577e-01
 7.80699185e-01 4.85748778e-02 1.53209512e-07 7.84607094e-02
 1.00000000e+00]","[-0.03391209 -0.6535622  -0.29370824 -0.21528446  0.19129127 -0.32067334
 -0.3929442  -0.35365851 -0.14209595]",-0.27144860059344433,0.1658745693287336,41.67865304200677,0.6167507227989202,0.6588501886618785,0.08972581900890969,0.16745314337245049
350,"[1.74839441e-08 5.06228654e-01 3.53789829e-01 9.19755178e-02
 7.78043322e-02 1.37264741e-02 8.71886358e-01 4.91883998e-02
 1.00000000e+00]","[-0.16429834 -0.05579651  0.41081624 -0.49958885 -0.06087409 -0.07394634
  0.72009558 -0.02928347 -0.15154179]",0.5402548931692677,0.17296953441589957,33.675420289015165,0.6147286741815099,0.6568780210763154,0.08974631107324693,0.17591072066288038
351,"[8.49766780e-02 9.58715529e-01 2.11454464e-01 2.05770987e-02
 6.56627149e-02 3.52583780e-01 7.86877563e-07 7.05035436e-02
 1.00000000e+00]","[ 0.01749314  0.44884413  0.11701956 -0.21384057 -0.71205391  0.26860429
  0.03552567  0.28180316 -0.28101145]",0.23895125795465097,0.1934943920750599,41.21036689900211,0.6385129566055077,0.6800257793561283,0.0887011260681966,0.17318067411039506
352,"[1.         0.56552136 0.06784071 0.0954254  0.09213685 0.03861302
 0.47913606 0.34455126 1.        ]","[ 0.11442141  0.13220902 -0.09264397 -0.73095105 -0.32674762 -0.01694648
  0.35190866  0.42535043  0.12141787]",0.5189772802506549,0.18349167976682368,40.83633974500117,0.6471296270371343,0.6883845280943273,0.0887568335226237,0.17013287859903536
353,"[1.         0.70770153 0.06223568 0.11043775 0.1575303  0.19491994
 0.00298212 0.56995546 1.        ]","[ 0.33324846  0.49834154  0.09282203 -0.21214935  0.0888624   0.4203855
  0.33840683  0.46639381  0.26516982]",1.2962158032015492,0.16815060374770874,36.35930782198557,0.6461155110113813,0.6874015359765443,0.08874791226250565,0.1765243676285017
354,"[0.99999999 0.35934608 0.43750237 0.08128057 0.54196378 0.19415672
 0.0745081  0.05550568 1.        ]","[ 0.06870963 -0.25159177  0.27060923 -0.57021316  0.47235384  0.28083872
  0.37986268  0.29543906  0.00630275]",0.4118755840665613,0.19065920093666983,63.5851248310064,0.6263608635737882,0.6682125749170069,0.08925835805041772,0.16339350414992834
355,"[2.35737659e-01 4.54415418e-01 2.16464075e-09 1.88013676e-01
 9.50959483e-02 1.99474841e-01 1.49101884e-02 6.80122997e-02
 1.39655178e-01]","[-0.00959865 -0.0866398  -0.29796096 -0.51687617  0.01338816  0.42269691
  0.19999279  0.45789133 -0.45601117]",-0.08278260265764181,0.18134089815914187,37.29578843098716,0.6390196125866864,0.6805176774406905,0.08916051269615521,0.17138183010095798
356,"[1.         0.48397532 0.05925875 0.09204068 0.08830288 0.2669587
 0.01636268 0.57788136 1.        ]","[ 0.23159317 -0.07078055 -0.12122884 -0.78863911  0.00572981  0.32597762
  0.20512585  0.36994072 -0.13956954]",0.2826636174959373,0.1678751042785353,34.91764204399078,0.6481438478256227,0.6893674154510061,0.08856874194849586,0.18627291249297617
357,"[1.73489282e-09 1.82057044e-01 9.25027633e-01 3.42608715e-01
 1.06482097e-01 2.70822361e-09 2.58093303e-07 5.36606058e-02
 7.47922120e-01]","[-0.26656657 -0.22469822  0.3963794   0.29073726 -0.04311542 -0.50011662
 -0.30895922 -0.34501358 -0.41272564]",0.09357175474841296,0.1709806841189936,27.078655331017217,0.6309161864987776,0.672644238520218,0.08902767912353407,0.17591171205821737
358,"[2.00981256e-10 7.54955110e-01 1.16016839e-10 1.87560453e-01
 1.87895981e-01 2.32697273e-01 3.01615627e-02 6.40681113e-01
 1.00000000e+00]","[-0.10132884  0.47386555 -0.1016098   0.28942744  0.35131945  0.44329083
  0.34692539  0.42658454  0.22096924]",1.0859341474912516,0.1755445686806909,35.74690955600818,0.6628619747253387,0.7036073568510084,0.08773152094774142,0.1668003298694839
359,"[0.24648779 0.3312107  0.37581967 0.1555988  0.13522966 0.80614328
 0.07399254 0.04424765 1.        ]","[ 0.01040462 -0.15268206  0.2745435  -0.27246302  0.36479181  0.6257687
  0.53405724  0.07249997 -0.10879705]",0.5004956677598675,0.1758846249660665,41.00026216200786,0.6587995527160713,0.6996813461879156,0.08786309496222094,0.16987469879063619
360,"[1.         0.24953667 0.30821187 0.16723485 0.04861177 0.10287629
 0.07983213 0.09112595 0.42248801]","[ 0.09942341 -0.31138413  0.21913094 -0.23339534 -0.45220095  0.07124166
  0.3523885   0.48928199 -0.4663985 ]",-0.08875419950593681,0.17685021824765657,36.32753671199316,0.631928758244763,0.6736287748953276,0.08897365831519596,0.17732924620789436
361,"[8.43061105e-10 5.20437698e-01 1.61012207e-03 3.69319564e-01
 3.21995626e-01 1.46962403e-01 2.36909314e-07 4.37813889e-02
 3.31088759e-01]","[-0.22331439  0.31255117  0.02463166  0.53389508  0.48277433  0.41044098
 -0.01991563  0.09017949 -0.39589134]",0.44852458916501076,0.17663213948815415,33.10786714099231,0.6364865894633271,0.6780579302390408,0.08846134079568246,0.1779889916184188
362,"[1.24400378e-10 5.96938168e-01 1.16411883e-03 1.71290143e-01
 1.29151325e-01 4.73046542e-02 6.20668487e-02 8.85150881e-01
 1.00000000e+00]","[-0.23452339  0.26370527 -0.1985307  -0.26291602 -0.71409714 -0.07754688
  0.25428054  0.42783798 -0.05715653]",0.35358180689097773,0.17091587869486496,50.75830667698756,0.654231386127071,0.6952625260558294,0.08734057179410316,0.16813301880898185
363,"[1.         0.09297063 0.04743864 0.34358138 0.00853527 0.11631647
 0.4709776  0.10139229 1.        ]","[ 0.13723398 -0.84862799 -0.14595403 -0.27007065 -0.05961857 -0.18984742
  0.16462609 -0.27746246  0.15189817]",0.1373309725738248,0.16157705348048826,37.86717652401421,0.653216531659011,0.6942802723685527,0.08831445168735609,0.16621627342915868
364,"[1.68264551e-10 6.63674587e-02 4.49604757e-02 5.13271712e-01
 1.35379341e-02 1.59524453e-01 2.53630719e-04 5.49341800e-01
 1.00000000e+00]","[-0.35528011 -0.72996834 -0.23725159  0.13139762 -0.4293059   0.02108225
  0.11767909  0.23549917 -0.11537926]",0.019900937780257928,0.16860910039153124,37.28483668298577,0.6603227581879842,0.7011538029645987,0.08799687800968488,0.17281502322268366
365,"[1.15371501e-09 8.67336471e-01 1.65921899e-01 2.09805056e-02
 1.61075770e-01 1.63948601e-01 4.92677715e-01 1.05146529e-01
 1.00000000e+00]","[-0.02524094  0.39908052  0.09279885 -0.52853978  0.23030613  0.37841224
  0.37283175  0.38862849 -0.25663078]",0.41750036522983,0.1718992238830132,34.67497683898546,0.6537239455981737,0.6947714125068394,0.08812256836460819,0.17134742664244018
366,"[9.99999998e-01 6.58324151e-01 4.99656452e-01 2.30656655e-01
 1.07830560e-01 1.11989383e-10 2.02676896e-01 4.52671370e-02
 1.00000000e+00]","[ 0.10661845  0.53030169  0.40478796  0.55034776 -0.23951182 -0.17808527
  0.30734583  0.0548608  -0.23264828]",0.5912254637309421,0.18016053227356332,34.68701262501418,0.6511871411699661,0.6923154465521302,0.08760827319769236,0.17756887195872706
367,"[9.99999999e-01 1.73749568e-01 4.81961764e-02 6.18927341e-01
 5.48320818e-02 1.05021806e-01 2.40036042e-07 4.85294520e-02
 5.45810585e-01]","[ 0.13306291 -0.00898697  0.17170464  0.57998204 -0.62940564  0.20824861
  0.01463668 -0.15486615 -0.3906855 ]",0.2653468474642042,0.1661277268392186,31.341541382018477,0.6669261366663226,0.7075316276133164,0.08751247387329085,0.18129831674599872
368,"[3.33970572e-01 3.24533263e-01 4.05685735e-01 2.32672717e-01
 1.10132511e-01 3.12388533e-02 7.07757437e-08 8.07099540e-01
 1.00000000e+00]","[ 0.12960506 -0.15533655  0.4832502   0.01932889  0.16263361 -0.22999112
 -0.16185734  0.75973494 -0.20598093]",0.6113447795544066,0.16709522632206653,32.839372930000536,0.6654018709099148,0.7060602311022779,0.08748767545323897,0.17131795380950798
369,"[9.99999995e-01 4.68101542e-01 5.35461748e-01 1.36116524e-01
 9.81246728e-02 5.75416132e-01 4.82730808e-08 2.61944398e-02
 1.00000000e+00]","[ 0.16227023  0.42668478  0.39990042  0.37268696 -0.14537298  0.47670855
 -0.153823    0.41872937 -0.21310188]",0.6847698712139718,0.17143641817678068,36.597088973998325,0.6628619747253387,0.7036073568510084,0.08806164388118906,0.16250007904026545
370,"[1.00000000e+00 7.13580208e-01 4.27027634e-01 6.88310582e-03
 3.85733515e-01 2.50324160e-01 8.14095180e-09 3.82404361e-02
 1.00000000e+00]","[ 0.23008957  0.41595806  0.34930016 -0.26934425  0.40417308  0.30076714
  0.0136117  -0.53539481 -0.19705614]",0.6878784213338112,0.1714836697330785,49.19703267599107,0.6659099320875044,0.7065507240133366,0.08724637773602935,0.16637164696568396
371,"[1.38293553e-12 5.73971850e-01 1.60458075e-01 4.32419396e-12
 4.10053885e-02 4.11217715e-01 4.95249730e-02 7.06039888e-02
 1.00000000e+00]","[-0.36722452 -0.11638033 -0.13000355 -0.75861569 -0.38166867 -0.01222742
  0.00440783 -0.33412207  0.04154049]",-0.0901693195940366,0.15838917014732745,54.46097147002001,0.6486509975805126,0.6898588197693168,0.08758660495069871,0.1648468342853816
372,"[2.49475227e-10 4.72608322e-01 1.61664845e-10 6.99942991e-02
 3.41160103e-02 6.03600453e-01 3.44636304e-08 1.29891246e-01
 1.00000000e+00]","[-0.12638587 -0.26637155 -0.30768972 -0.78193601 -0.30672302  0.20505878
 -0.17807404  0.1783689  -0.08556857]",-0.12971108422253164,0.16088966074380623,42.42826167799649,0.6862552423828752,0.7261475777047242,0.08664461871562795,0.17389175723736716
373,"[2.08844641e-09 7.40994519e-01 4.45587814e-02 1.46735604e-01
 8.40743910e-01 1.34412520e-01 3.74709677e-02 5.09441366e-02
 9.99999999e-01]","[-0.04817278  0.41479602 -0.03558559 -0.13741935  0.6005465   0.40008921
  0.38714634 -0.10713135 -0.35126392]",0.5020795392764404,0.16897422178823085,40.6675767020206,0.6659099320875044,0.7065507240133366,0.08731363004492121,0.18736646095986412
374,"[1.         0.16894774 0.44725898 0.31741141 0.0678973  0.20786806
 0.00364661 0.46630043 1.        ]","[ 0.15469869 -0.20400792  0.3881286   0.36599244  0.09520125  0.4527049
  0.27576974  0.51682289 -0.30445846]",0.4481048947871863,0.17076888583870492,32.18508721300168,0.6776029745424841,0.7178244257409006,0.08649315543628293,0.15988103263811518
375,"[1.67202557e-12 5.65596615e-01 1.09248010e-12 2.03865574e-01
 1.23533466e-01 9.51953835e-01 7.92787302e-10 4.69010993e-02
 1.00000000e+00]","[-0.41603207  0.27863044 -0.48199087 -0.03543578  0.03471939  0.67574518
  0.01496125  0.07461205 -0.22821858]",0.5732163257263506,0.1636345283149035,27.155488650983898,0.6715004211104054,0.7119443299991495,0.08725692545433061,0.1649584133425575
376,"[2.75382781e-01 4.65741187e-01 1.05163206e-01 1.46619590e-01
 8.81043175e-01 1.71062417e-01 5.97480601e-08 4.86719174e-02
 1.00000000e+00]","[ 0.01262938 -0.13403005 -0.04445452 -0.71927135  0.51086002  0.3371281
 -0.00518979 -0.23302478 -0.18327075]",0.1440675272586111,0.1615475850684515,65.52618673100369,0.6765856015148308,0.7168446905673855,0.08667309010047927,0.16453913339889814
377,"[1.13730115e-10 3.60426716e-01 1.02684004e-10 3.38219474e-01
 4.52186839e-02 3.76587857e-01 6.92042800e-01 4.40684728e-02
 1.00000000e+00]","[-0.19967454  0.0630172  -0.2751344   0.33993346  0.14762992  0.50506242
  0.53338428  0.30427662 -0.33307585]",0.38401911095910574,0.16708559339162105,32.90151508001145,0.6877829762676606,0.7276155061565828,0.0863832851009821,0.1647997077544049
378,"[0.33397057 0.38779861 0.67876035 0.12053164 0.12778848 0.01301398
 0.00180474 0.06820488 0.48119008]","[ 0.02734587 -0.02037649  0.32789228 -0.50221439 -0.4482461  -0.41969796
 -0.13862063 -0.34488134 -0.35195824]",-0.09261590965297081,0.1705901241682981,42.97013166101533,0.6791292461480838,0.719293816441317,0.08676037217243772,0.16194331205854762
379,"[0.99999998 0.51240237 0.00300405 0.17688914 0.10868404 0.00792153
 0.83967692 0.04500995 1.        ]","[ 0.17159743  0.17424275 -0.03750978  0.15747471  0.3820448   0.19623455
  0.72476453 -0.45156524 -0.01809694]",0.9018455399165946,0.15638898243239974,42.71982305799611,0.6852368980347159,0.7251688138315826,0.08618992679890991,0.17095142872399982
380,"[2.84175724e-10 3.19923999e-01 1.45630256e-01 2.84408563e-01
 4.75390774e-02 5.09424527e-02 9.24167693e-01 5.94523404e-02
 9.99999999e-01]","[-0.22255618 -0.41498483  0.26358752  0.08466836  0.11856109  0.19835262
  0.72820316 -0.05359277 -0.33920008]",0.2760395086211772,0.15228030004733367,38.593671061011264,0.6898203623581235,0.7295723365238889,0.08617678137687387,0.16322439601579983
381,"[3.38197409e-01 4.23866324e-01 1.37685211e-01 1.83353404e-01
 8.77527820e-02 3.72616081e-01 7.50125442e-08 4.90529772e-02
 3.05462261e-01]","[ 0.1032974   0.07508662  0.12034369 -0.30116722 -0.10953964  0.67510288
 -0.26350054 -0.03106204 -0.58339278]",0.09032471045265644,0.17322529641906081,29.000767296995036,0.6867644579861191,0.7266369162130657,0.0854691244441861,0.17249679316265776
382,"[3.14391074e-10 1.45503226e-01 5.02953001e-02 9.17110982e-01
 1.27030712e-01 2.73695801e-01 4.27858452e-08 3.67832774e-02
 1.00000000e+00]","[-0.14323694 -0.15826993  0.18611088  0.71758226  0.39315805  0.36854723
 -0.15864528  0.29182682  0.06434832]",0.8703299302337797,0.1657630412220853,32.48611208598595,0.6979746199960114,0.7373949448234963,0.08593651190187039,0.16803982917152444
383,"[8.50563223e-01 5.77393431e-01 2.98233727e-09 2.41082146e-01
 1.60460037e-01 8.74865442e-03 4.96602448e-07 5.73214445e-02
 1.85911600e-01]","[ 0.1245824   0.23808626 -0.43978807  0.02047475  0.29407836 -0.30876646
 -0.01389078 -0.52375989 -0.52690152]",0.16487748708605093,0.16294459217877885,29.262911088997498,0.698484514251747,0.7378836046947393,0.08580552912034707,0.16590021596239835
384,"[9.99999995e-01 5.78632738e-01 1.68803722e-09 6.25853993e-01
 1.57972668e-01 1.14172328e-01 2.74470415e-05 3.98006575e-02
 1.00000000e+00]","[ 0.09900119  0.48157121  0.05886807  0.67177462  0.19478404  0.15511949
  0.24661758 -0.38270204 -0.18508751]",0.6462552532649884,0.16748552084381996,33.32000882999273,0.7071573577138928,0.7461861815043657,0.0845852626606387,0.17198284691148236
385,"[9.99999993e-01 7.16371296e-01 3.08861794e-01 1.39623712e-01
 1.76447138e-01 8.66631780e-02 5.47625981e-08 4.48882991e-02
 5.64645959e-01]","[ 0.12666879  0.54305238  0.40534653  0.42038396  0.2728036   0.26931838
 -0.15226214 -0.14999536 -0.39418788]",0.5417533098390794,0.16944737398386078,66.71497951302445,0.7061365641279054,0.7452098668116429,0.08464092911200106,0.16020024870627986
386,"[1.00000000e+00 4.08027855e-01 4.31748871e-01 3.44795433e-02
 7.66810541e-02 5.94411631e-02 1.34092754e-08 4.83260939e-01
 1.00000000e+00]","[ 0.17405618 -0.04870682  0.11535499 -0.67518804 -0.57349831 -0.33874513
 -0.08728847  0.19747419 -0.08878356]",0.12324279602875697,0.16990694386011435,49.268899424001575,0.7132847326637906,0.7520414562945676,0.08464287771012892,0.16392857214855083
387,"[1.14984187e-10 1.57979902e-01 9.54411868e-01 1.91297986e-01
 6.96876218e-02 4.99290910e-02 1.05744808e-08 1.52756633e-01
 1.00000000e+00]","[-0.07890516 -0.47150514  0.1643026  -0.4416044  -0.62062096 -0.36263546
 -0.04596761  0.17428453  0.01685618]",-0.020030379427050656,0.15973120807526575,32.823613884014776,0.7076678008795835,0.7466742924792151,0.08501297389143067,0.16330836097532253
388,"[3.21343724e-01 1.01350425e-01 6.56483582e-01 2.00354141e-01
 5.38007783e-02 5.16670868e-01 1.96064637e-07 6.08729368e-02
 1.00000000e+00]","[ 0.0078627  -0.85626924  0.12739416 -0.35365217 -0.03491505  0.23275696
  0.07280133 -0.25069507 -0.0435789 ]",-0.011939265023878376,0.1654660659043543,35.81521408399567,0.7056262136020892,0.7447216631992797,0.08475442606198304,0.1673789486164755
389,"[1.38531464e-10 3.37834724e-01 8.00376833e-01 3.27362908e-01
 2.10162048e-01 3.47848285e-01 3.53751285e-02 2.24353054e-02
 1.00000000e+00]","[-0.16711131  0.28293833  0.40291     0.51841218  0.40469169  0.36270404
  0.38579083 -0.09595973 -0.08694615]",0.7235403168779772,0.18438367585680115,45.75360281398753,0.6882922790332893,0.7281047575044345,0.08524050779737848,0.17434992950336042
390,"[1.48400612e-01 7.70280130e-01 3.01427712e-11 1.54640174e-01
 1.37563720e-01 1.32619446e-01 7.46015969e-01 4.05882211e-02
 1.00000000e+00]","[ 0.05842824  0.47210354 -0.36234916  0.35146493  0.075614    0.3713882
  0.42930856  0.34083931 -0.2734153 ]",0.5470182080618295,0.16179714086112207,33.2154538629984,0.7061365641279054,0.7452098668116429,0.08465725384723695,0.16213892778516098
391,"[3.96469470e-01 6.44489314e-01 6.75553959e-03 6.65603522e-02
 1.44114919e-01 2.91523664e-02 2.82991782e-07 7.11714980e-02
 4.92028368e-01]","[-0.01511421 -0.20583519 -0.28961225 -0.78972744 -0.0673076  -0.34030041
 -0.16903895 -0.29929901 -0.10663025]",-0.28655923072546213,0.17060528060686508,48.40140202798648,0.7137955512476025,0.7525291918611721,0.08460264630081384,0.1704788857611197
392,"[9.99999999e-01 3.24369677e-01 1.35727428e-01 8.28232218e-02
 5.27527657e-02 6.32171397e-01 3.65091779e-08 9.34795318e-02
 1.00000000e+00]","[ 0.14011906 -0.34017124 -0.17488763 -0.83475381 -0.05971888  0.25510492
 -0.10436412  0.15168974 -0.18629026]",-0.07708689548015772,0.15773741801404678,44.012718672980554,0.7132847326637906,0.7520414562945676,0.08443235445015743,0.1767056175159118
393,"[2.11658797e-09 6.06169462e-01 9.22298860e-01 2.12675215e-02
 2.09562841e-01 5.74217223e-02 4.38977291e-08 4.48882988e-02
 1.00000000e+00]","[-0.00195477  0.27397314  0.42037158 -0.45490194  0.30237488  0.03488631
 -0.21929467 -0.57314101 -0.26843707]",0.31531310768463383,0.15221871684144794,40.04841901999316,0.6949158832035325,0.7344623568689224,0.08489147248530471,0.17290388259094802
394,"[5.33678365e-09 1.12748178e-01 4.84985382e-02 4.41381588e-01
 6.46453243e-03 7.71082442e-01 6.45515595e-08 8.38164376e-02
 1.00000000e+00]","[-0.07278333 -0.69530426 -0.2163032  -0.00728337 -0.30703931  0.41648243
  0.17580271  0.35802145 -0.19390138]",0.06316471279807491,0.16146402455102066,34.72302059800131,0.7153281970988781,0.753992208466299,0.08384209561269233,0.1583446565123754
395,"[6.60643305e-11 2.84622959e-01 6.24366532e-01 2.97863343e-01
 2.03221947e-01 6.20637228e-03 1.46254766e-08 5.64696000e-01
 1.00000000e+00]","[-0.26069012 -0.02358289  0.43438011  0.3338629   0.53881085  0.03472746
 -0.21630362  0.52010301  0.15005489]",0.9174143885325524,0.15964189666776185,28.96654716102057,0.7000143776272447,0.7393494037044936,0.08480567518181285,0.1600830356644046
396,"[1.58839028e-10 4.30429849e-01 7.22508109e-02 2.58890517e-01
 1.88406190e-01 3.31644815e-01 1.98393454e-02 4.19913323e-02
 2.82975601e-01]","[-0.26755109  0.05841846  0.08272382  0.03109692  0.39693012  0.56917082
  0.30304025 -0.30776356 -0.49913195]",0.15456581034329903,0.16192026297022083,42.58220860999427,0.711241773656546,0.7500901987085993,0.08465162189344146,0.18018360685306933
397,"[0.24220844 0.22116057 0.49777925 0.29354287 0.60561095 0.06088672
 0.13034172 0.04495353 0.99999986]","[ 0.01895109 -0.44902606  0.2738601   0.10149727  0.50461943  0.12472136
  0.4361077  -0.30695671 -0.39762654]",0.030013614535901345,0.1737099485017935,41.42954996498884,0.7066469454809644,0.7456980395975454,0.08410151618921097,0.16092734412141352
398,"[0.11274726 0.3015667  0.153053   0.15333222 0.11919091 0.06174613
 0.76990071 0.08836839 1.        ]","[-0.05230192 -0.58309993 -0.11670476 -0.64207823  0.19276827 -0.29334074
  0.20706501  0.15625672  0.20217332]",0.0822108286470761,0.16824197639501293,46.38074488402344,0.7040953464658007,0.7432568679256786,0.0845872745298351,0.16318802197193194
399,"[9.99999908e-01 2.45978614e-01 7.85062663e-10 3.55478605e-01
 4.81467334e-02 2.57094144e-01 1.72294025e-07 6.60754501e-02
 3.69574855e-01]","[ 0.11904874 -0.05537192 -0.21897904  0.2937351  -0.41625159  0.45971906
 -0.1820911   0.46667244 -0.46149961]",0.1682717974258523,0.16916387467891775,33.587016814009985,0.718905487051675,0.7574047976091782,0.08405914311558775,0.16501734905033527
400,"[1.80978481e-10 2.64520266e-01 1.24612589e-01 5.69634085e-01
 1.81159916e-01 5.53433608e-02 6.88693002e-09 6.94583118e-01
 1.00000000e+00]","[-0.00811202  0.13317186  0.35927469  0.59570134  0.38645599  0.22738376
  0.04571519  0.43369496 -0.32715174]",0.4760085620908389,0.18259440619924028,32.57340675999876,0.718905487051675,0.7574047976091782,0.08414175945367307,0.18435926467052566
401,"[1.91866158e-10 4.34511563e-01 3.15916540e-01 1.01685920e-01
 8.04563989e-01 3.15908768e-02 1.91992094e-08 9.84731879e-02
 1.00000000e+00]","[-0.145278   -0.34970092  0.10000391 -0.72443281  0.32567804 -0.29063809
 -0.34390447 -0.08466551 -0.07631956]",-0.025830361949456263,0.15650397700432864,39.86073756800033,0.7199278590502424,0.7583795339317589,0.08374311526808735,0.15858387734365403
402,"[5.63045651e-09 5.66866825e-01 5.41578030e-01 4.19747610e-02
 1.25026803e-01 2.68233377e-01 2.41613351e-02 4.48882995e-02
 5.60609944e-01]","[-0.01305583  0.1587784   0.35421901 -0.66851096 -0.029448    0.26825566
  0.23358783 -0.35746945 -0.38349053]",0.09666517798224337,0.1680436441695263,38.14829576498596,0.7311825997829955,0.7690929849848461,0.0835677820404978,0.15979178605715794
403,"[2.55655308e-01 3.06768099e-01 1.98128211e-01 2.25835838e-01
 1.64769388e-01 2.61703802e-01 2.72569831e-08 7.68093018e-01
 1.00000000e+00]","[ 0.06856291 -0.1196863   0.25537544 -0.0382719   0.46051711  0.56290265
 -0.2513505   0.56760187  0.00293312]",0.6848634778083805,0.16761600700485324,32.95098049700027,0.7219729916933896,0.7603286179419935,0.08360745125971286,0.16528842676319055
404,"[1.00000000e+00 7.49076029e-01 2.61901454e-01 8.49320847e-03
 5.72126224e-01 7.09706327e-03 1.23137001e-08 8.70756961e-02
 1.00000000e+00]","[ 0.24790344  0.41011847  0.25894532 -0.5868774   0.52417064 -0.14784612
 -0.00466586  0.24908289 -0.01384142]",0.9246371705304738,0.16290636621987975,44.79617714800406,0.71583914260623,0.7544798171128164,0.08404549035614738,0.17555456894567734
405,"[1.00000000e+00 5.46924312e-01 7.12621248e-02 1.62670458e-01
 3.03669155e-01 1.45643659e-09 4.11760813e-01 4.48882993e-02
 6.89416151e-01]","[ 0.34462593  0.30194902  0.16720609  0.10792806  0.52797234  0.00069262
  0.48171344 -0.22351156 -0.43553747]",0.5876213721676611,0.15718081501411185,31.243514433008386,0.7398906002742554,0.7773604057655417,0.08312035729050621,0.15835926487644963
406,"[1.00000000e+00 4.79599096e-01 5.36847277e-10 3.16306835e-01
 1.57200786e-01 7.66277208e-01 3.32248233e-07 2.89298008e-02
 9.99999972e-01]","[ 0.27388591  0.30264405 -0.15089955  0.47622183  0.31584868  0.51262893
  0.13015338  0.11262746 -0.43779163]",0.5776001894523533,0.15694946217258054,42.18365588501911,0.7163501199879381,0.7549673938858541,0.08343934237840023,0.1655728507183476
407,"[0.05502605 0.55050127 0.03665382 0.3711584  0.04918313 0.26640622
 0.00952987 0.03348492 0.44410859]","[ 0.01150437  0.35651449  0.08873455  0.33557593 -0.62480429  0.21462477
  0.10784273 -0.48192279 -0.26824656]",0.21690653010677335,0.15528475584286694,47.13237040900276,0.7240186457880471,0.7622771805158042,0.08368249426617896,0.1679623898276359
408,"[0.33819738 0.10975371 0.0432111  0.59083243 0.40862346 0.02754543
 0.22327088 0.05744913 1.        ]","[ 0.01244292 -0.69058519 -0.29034188 -0.06258516  0.15426657 -0.30336972
  0.13046343 -0.54837605  0.03396451]",-0.034839500921624064,0.16240811664094407,40.09375889299554,0.7393780887761365,0.7768743630621384,0.08296664228204784,0.15150152049385102
409,"[5.06578869e-10 9.15653425e-01 2.39367797e-10 1.92880646e-01
 6.52661663e-01 4.98377196e-04 4.88292424e-02 4.48882989e-02
 1.00000000e+00]","[-0.0774438   0.54509307 -0.0838278   0.36223851  0.39066388 -0.10217645
  0.28634535 -0.51703619  0.21506692]",1.0297456238951859,0.16172991320664032,30.74896874697879,0.7347670462773834,0.7724984177988802,0.08370664546245006,0.16834066909017043
410,"[0.45928407 0.26756446 0.07501809 0.30044116 0.01427915 0.27769868
 0.74005876 0.05225354 1.        ]","[ 0.11813527 -0.17488034  0.18978325  0.26558081 -0.30270445  0.53408966
  0.64459395  0.13937644  0.19261663]",0.9224250435437503,0.15939893116110126,32.46735625498695,0.7327185872569963,0.7705526600651338,0.08310720271577345,0.1717427332489601
411,"[5.47893939e-10 1.57972116e-01 1.06242623e-09 8.26756800e-01
 5.93864192e-02 9.51419327e-02 2.08947675e-07 3.28803554e-01
 1.00000000e+00]","[-0.29028517 -0.11870985 -0.26684439  0.69766235 -0.42399685  0.11756152
  0.00391815  0.37761558  0.08660767]",0.7548186339136108,0.15763353984932404,31.994791714008898,0.7419409965813348,0.7793042262763874,0.0827464184107664,0.16137338153763192
412,"[1.31799835e-09 3.65491452e-01 7.78140233e-01 2.47754802e-01
 7.04269627e-02 5.08299544e-01 2.39681885e-02 2.03146362e-02
 1.00000000e+00]","[-0.11239863  0.40057629  0.41365644  0.37104273 -0.47441956  0.36344961
  0.26963495  0.00113822 -0.29706394]",0.4209687317104091,0.1793981522889153,29.79817115800688,0.7378407632852293,0.7754160259554601,0.08290801868316751,0.1596982621602107
413,"[1.00000000e+00 1.33255368e-01 7.19303307e-01 1.19038474e-01
 6.83930887e-02 9.26397867e-02 6.36555510e-09 1.17078665e-01
 9.44806507e-01]","[ 0.19871634 -0.5914483   0.02937667 -0.69391363 -0.09008027 -0.2342378
 -0.14895905 -0.16171322 -0.13038345]",-0.1115499079773174,0.17981289482244373,41.62877499999013,0.7414283448077865,0.7788183238436632,0.08269017198688765,0.15414741611536284
414,"[1.         0.34862301 0.05337195 0.20764048 0.0422287  0.52222909
 0.42169466 0.05487321 1.        ]","[ 0.1785733   0.0044717  -0.01117525 -0.11150321 -0.3395278   0.56981639
  0.49700792  0.51015151 -0.09106283]",0.58613649217285,0.1630389359484664,29.781609094992746,0.7557961795590281,0.7924100073517122,0.0823943277826332,0.1639804544736061
415,"[9.99999999e-01 3.52046086e-01 2.93479221e-10 1.60315693e-01
 1.83050897e-01 1.21619198e-01 1.96281440e-07 7.04951635e-01
 1.00000000e+00]","[ 0.1287738  -0.35405028 -0.38527666 -0.69146895  0.2001332   0.16068095
  0.01427578  0.32516703 -0.24431379]",-0.06563184364377912,0.15157834207124715,35.01870110500022,0.7368160530633864,0.7744436277846549,0.08314609870107989,0.16314524313985712
416,"[4.82641014e-10 3.44318545e-01 4.77921144e-01 1.49239343e-01
 7.42515545e-02 1.32288996e-01 1.37732106e-01 6.13810771e-01
 1.00000000e+00]","[-0.08226608 -0.18072745  0.33792614 -0.42956412 -0.39508054  0.21178278
  0.38163338  0.48596398  0.28125587]",0.6659565170447435,0.1457903740456038,43.559805213997606,0.7342548803446842,0.7720120295414096,0.08305994020537333,0.15496016397654755
417,"[0.99999999 0.23237098 0.03859693 0.35707832 0.02216336 0.06381201
 0.44975794 0.06366564 0.65918467]","[ 0.12521428 -0.16093564 -0.11294199  0.19347243 -0.68977507 -0.0972389
  0.3935044   0.33493931 -0.39491585]",0.06903372883772063,0.15682809787333296,36.992210392985726,0.7357914809178672,0.7734710915420515,0.08278299359013294,0.16179418071868046
418,"[1.         0.85557296 0.08193331 0.03600453 0.51996507 0.06828615
 0.02690622 0.04922861 1.        ]","[ 0.1496297   0.40805861 -0.02338523 -0.63340983  0.41331218  0.03635036
  0.25103032 -0.4150244   0.04398258]",0.7217278707343739,0.1608319505196405,44.151522669999395,0.7537418767582957,0.7904700931936199,0.08228666396044518,0.15317092304139313
419,"[2.70052825e-09 3.05928903e-01 1.51474610e-01 2.33154220e-01
 1.85472581e-02 2.84602033e-01 5.68378598e-01 2.71016963e-01
 1.00000000e+00]","[-0.04700569 -0.1852637   0.07914523 -0.32856575 -0.28632398  0.44917695
  0.45361998  0.45559039 -0.39009403]",-0.0075627907244751455,0.16010058675501065,37.39598602600745,0.7419409965813348,0.7793042262763874,0.08232623901864501,0.16279963701168054
420,"[2.75382780e-01 2.04629362e-01 9.84689693e-07 4.23533019e-01
 2.23118484e-02 6.86480757e-01 2.68969336e-01 4.57805611e-02
 1.00000000e+00]","[ 0.0482438  -0.37785195 -0.222329    0.18210462 -0.17313463  0.53717545
  0.48220469 -0.45072852  0.13452706]",0.621581396322586,0.15675517727480803,41.93494873697637,0.7424536836117547,0.7797900934534472,0.08235416839066523,0.16760346897398193
421,"[7.32144017e-11 6.86835874e-01 6.38580507e-02 1.48225927e-01
 9.92776338e-02 6.23055902e-02 1.74785764e-02 5.02989030e-02
 3.08710107e-01]","[-0.25388873  0.08925471 -0.07498969 -0.38006853 -0.64455413 -0.23496612
  0.02480577 -0.52339958 -0.17965805]",-0.1598059890421689,0.15382003942884293,51.2893214590149,0.7439919570067017,0.7812474826882608,0.08276488763791118,0.1688335630604163
422,"[0.27538278 0.35871917 0.02423012 0.25113145 0.05351485 0.04684706
 0.46992912 0.5849574  1.        ]","[ 0.03221194 -0.29347977 -0.27409499 -0.30558501 -0.45914341 -0.35693407
  0.41689962  0.4799985   0.04362686]",0.29923693325389566,0.15696301391740142,51.902212490007514,0.7434791637477711,0.7807617217360427,0.08229165449857169,0.1516863702076634
423,"[9.99999995e-01 3.65130385e-01 4.85498329e-11 3.76585381e-01
 8.92715807e-02 3.40914217e-02 1.08461533e-08 7.81082693e-01
 1.00000000e+00]","[ 0.11406685  0.246928   -0.389159    0.46575657 -0.55214378 -0.06381999
 -0.28503724  0.40266668  0.07293133]",0.7156057307780875,0.16590917057066634,35.61664270499023,0.7419409965813348,0.7793042262763874,0.08237872773084105,0.17126462102321316
424,"[2.16470523e-01 3.30813571e-01 7.06256973e-12 4.04762109e-01
 4.17533545e-02 2.07941647e-02 8.91540738e-01 4.68849498e-02
 1.00000000e+00]","[ 0.06903857  0.09965586 -0.42759413  0.48136313 -0.42982027 -0.12401635
  0.60748696 -0.00632557 -0.03936052]",0.7241669012758131,0.15540095389262099,33.52332009800011,0.7557961795590281,0.7924100073517122,0.08173496960758499,0.15680474712490639
425,"[2.42208463e-01 2.93322174e-01 8.45792058e-01 2.01951743e-01
 8.94188958e-02 2.18320260e-10 4.84086425e-01 4.57782956e-02
 1.00000000e+00]","[ 0.03654959  0.168565    0.621321    0.12417718 -0.44482716 -0.25310015
  0.47224924 -0.17495661 -0.23071663]",0.5589902845909273,0.15234971614240245,27.554738316976,0.7629909980426755,0.799194948410514,0.08150327393036125,0.15864731773336643
426,"[3.96469472e-01 6.01322929e-01 3.07814641e-01 6.91662863e-02
 1.08022946e-01 4.53591028e-10 8.11990456e-01 4.49877026e-02
 9.99999999e-01]","[ 0.10757092  0.35094245  0.35211691  0.13081427  0.18961878 -0.25378228
  0.54121971  0.40082048 -0.41259259]",0.4365008290879664,0.15097408767656784,38.4676284219895,0.7429664059750817,0.7802759252988147,0.08183337561418809,0.14923537207247423
427,"[9.99999999e-01 1.99607007e-01 4.20374935e-01 2.25574102e-01
 3.69486459e-02 3.57638016e-01 5.26058978e-08 4.79913429e-02
 6.29737704e-01]","[ 0.12642378 -0.16754307  0.29940238  0.09522917 -0.56867044  0.41410322
  0.09302917 -0.39928969 -0.44077403]",0.07067648099511949,0.18021832368711355,37.92419803098892,0.7727675981380594,0.8083908796292765,0.08141264699152802,0.16250060794014487
428,"[1.54708790e-01 9.29309763e-01 5.28372646e-02 1.71845209e-01
 1.93923463e-01 5.73689695e-01 6.09721402e-08 4.04597034e-02
 1.00000000e+00]","[ 0.06670635  0.62926857  0.24112933  0.40263779  0.12540783  0.42612043
  0.11380488  0.38029325 -0.15630267]",0.804901782717284,0.15863133103625227,39.75641473400174,0.7696786980522677,0.8054884539697791,0.0813561306349319,0.16428152753836422
429,"[1.96971029e-10 9.99999996e-01 2.12018848e-10 1.12087954e-01
 2.22450553e-01 4.72810133e-10 1.39923804e-07 4.74732143e-01
 1.00000000e+00]","[-0.30913407  0.7260773  -0.381092   -0.18556472 -0.00940356 -0.29892677
 -0.01803566  0.29763126  0.13866225]",0.9831432688746315,0.15812816143523611,31.349097736994736,0.7583649017360676,0.7948340564058249,0.08124104812797138,0.15291106922209374
430,"[9.99999999e-01 3.07144665e-01 1.50856276e-10 3.54943517e-01
 1.80559478e-01 7.68484955e-01 2.68642331e-07 4.57199885e-02
 1.00000000e+00]","[ 0.27213926  0.00438639 -0.25950429  0.36747834  0.43780467  0.45824968
  0.14069174  0.39319154 -0.38402958]",0.4690755175266566,0.16391362317641245,31.960550099000102,0.7763731675629029,0.8117751903240104,0.0807370466708218,0.1660926443959209
431,"[8.78913296e-01 2.43053537e-01 7.02759205e-01 8.76325191e-02
 4.89363248e-02 5.00650964e-01 2.46755973e-07 3.94063130e-02
 1.00000000e+00]","[ 0.0289819  -0.24003189  0.25051895 -0.52920105 -0.50347694  0.31758962
  0.06195018 -0.46659758  0.15108913]",0.36387674961420374,0.165696745575255,37.328134659997886,0.7660768019751166,0.802100470090205,0.08133931875987808,0.15963768891977625
432,"[1.         0.31332204 0.14279815 0.2822052  0.20550916 0.01236228
 0.02843547 0.07305348 0.28710828]","[ 0.27565231 -0.32239165  0.21801507  0.00553109  0.51166019 -0.32057112
  0.35226298  0.31945812 -0.42639602]",0.21945328291093083,0.17380650163957645,36.873212915001204,0.7671057169442208,0.8030686636716644,0.08100615727516355,0.1617282385720047
433,"[1.00000000e+00 6.68601915e-01 9.58034191e-12 1.26862296e-01
 1.63271873e-01 3.21609026e-02 4.72320135e-09 8.33050712e-02
 3.23853037e-01]","[ 0.34101858  0.33527015 -0.28539237 -0.46705154  0.14700494  0.08501442
 -0.00454623  0.47506125 -0.46601775]",0.42131926894851146,0.1554018935387238,28.55193445601617,0.7825588907139042,0.8175721190289412,0.08018070595725632,0.1572477348846525
434,"[8.09280603e-11 1.88843763e-01 4.64177386e-02 7.48506023e-01
 1.55770292e-01 5.75633931e-03 2.01555048e-08 6.61702465e-02
 5.23463413e-01]","[-0.24459214 -0.25497426 -0.09132089  0.7444217   0.33832928 -0.07198768
 -0.04511855  0.04434458 -0.43475118]",0.33246014091762727,0.1599056874561287,29.277203664008994,0.7568235554078752,0.7933797399909165,0.08139808717836665,0.15182556538430395
435,"[0.99399618 0.6268188  0.34641768 0.00462023 0.14067165 0.16318491
 0.01787732 0.06592617 0.58271383]","[ 0.08772373  0.20824572  0.25880652 -0.70759456  0.06016913  0.22799474
  0.27716874  0.35996922 -0.34534782]",0.1772321497449881,0.1530248058392707,48.34342447199742,0.7768884138115556,0.812258498385743,0.08032049395367627,0.15272961544659058
436,"[2.67462026e-10 5.48075304e-01 9.68168941e-02 1.48991114e-01
 9.18867574e-01 8.31044730e-02 4.42426894e-02 5.52171622e-02
 1.00000000e+00]","[-0.21086165 -0.14143765 -0.08288785 -0.70327459  0.41688532 -0.01833581
  0.23395037 -0.38274333 -0.24230644]",-0.06187631987526461,0.14791245737327055,50.148658049001824,0.7737975558045727,0.8093580305590107,0.08076333962401938,0.155095017555186
437,"[1.45571117e-10 1.84240588e-01 5.70794391e-02 8.14714038e-01
 4.25291543e-02 1.39772825e-01 3.22306452e-01 4.19219750e-02
 1.00000000e+00]","[-0.18722368  0.12395704  0.19031443  0.63343328 -0.4516293   0.20000867
  0.28754535 -0.19581962  0.38356811]",1.0265529995774743,0.15675931792249653,32.44592507299967,0.7542553965654136,0.7909551276240729,0.08131841853809652,0.1599478026525143
438,"[0.33819738 0.36217983 0.02423012 0.3080108  0.09020287 0.09629559
 0.01650956 0.95817776 1.        ]","[ 0.13713685 -0.12190764 -0.27564848  0.06279899  0.03806862  0.3051234
  0.4041682   0.78582146  0.10483037]",0.9121662049532623,0.15555622325302654,44.41873348801164,0.7629909980426755,0.799194948410514,0.08086785731865773,0.1537160098377255
439,"[5.92981121e-02 3.64585499e-01 9.31503703e-01 1.42295289e-01
 3.80287548e-01 3.45579044e-04 2.14882383e-02 7.01744845e-02
 1.00000000e+00]","[ 0.01297091  0.24855074  0.61519111  0.10345195  0.56594175 -0.17970444
  0.2734226   0.20471023  0.28220904]",1.196769006554888,0.15410315632813076,36.39306418999331,0.7722526803781511,0.8079072430938099,0.08076781271633307,0.1707882863626925
440,"[4.64345811e-12 4.71619912e-01 2.44894342e-01 5.10817258e-02
 2.61337038e-01 6.25308942e-02 2.56714785e-02 6.35764015e-01
 1.00000000e+00]","[-2.91404596e-01 -2.80444683e-01 -1.27270726e-01 -8.06607614e-01
  1.92411992e-01 -4.35331106e-05  1.70205833e-01  2.53092091e-01
 -1.98928259e-01]",-0.18800440872422378,0.15399430456232518,59.951757508999435,0.7624768335879093,0.7987105586022386,0.08113948216036516,0.1611562173340632
441,"[0.27538278 0.28668102 0.03341735 0.37054831 0.08480555 0.03600689
 0.01323006 0.94708663 1.        ]","[ 0.03181841 -0.33474016 -0.26101816 -0.03294664 -0.29958985 -0.59304868
  0.23599136  0.41886275 -0.3809487 ]",-0.13602018933498772,0.16391126720277707,37.79097714100499,0.7645337243124907,0.8006478849394354,0.08061497150125553,0.1588966510791055
442,"[4.38475845e-10 3.25455747e-01 2.33781997e-01 3.50546521e-01
 8.15292951e-02 2.33832368e-02 2.51154608e-01 5.07285836e-02
 3.12850397e-01]","[-0.08991987 -0.18453011  0.29619273  0.07126593 -0.12545473 -0.41666431
  0.39474383 -0.50656808 -0.51310053]",-0.0728804832826326,0.16208058926296837,32.800961191998795,0.782043180971368,0.8170892744389281,0.08025746569884425,0.14959476100358543
443,"[9.99999996e-01 1.00916815e-01 3.48101376e-01 3.63544378e-01
 5.55928637e-02 3.50720070e-01 4.38959584e-07 4.91513090e-02
 7.20775637e-01]","[ 0.09402192 -0.74538373  0.1332291   0.03105602  0.0562235   0.26176008
  0.16659888 -0.49494567 -0.26915178]",-0.04692741972417017,0.14928763548641827,43.55567716702353,0.782043180971368,0.8170892744389281,0.08015120168175385,0.15757922066685087
444,"[3.19316298e-10 6.57017005e-01 4.77212121e-10 3.20520285e-02
 3.72465576e-01 1.63646355e-02 3.28141664e-03 4.89715067e-02
 1.00000000e+00]","[-0.25040629 -0.28690926 -0.28975955 -0.67682842 -0.0495297  -0.38866284
 -0.04036154 -0.34211461  0.20183906]",-0.05005367944657946,0.1525334043541118,48.58774509298382,0.7794652707212708,0.8146744130573461,0.07998663378531881,0.14897342233569558
445,"[2.48126819e-11 1.47024564e-01 7.92578822e-02 8.18592154e-01
 4.41141497e-02 4.58465558e-01 1.06627588e-07 3.51061111e-02
 9.99999999e-01]","[-0.09511734  0.01523965  0.31338477  0.64857713 -0.33153068  0.37066434
  0.27349898  0.17539608 -0.3449464 ]",0.3745217008517924,0.14430690412629626,29.047799871012103,0.7758579627614761,0.811291840816977,0.08030376598593017,0.1573543240068922
446,"[1.         0.3573745  0.287949   0.4179109  0.07484822 0.5571319
 0.01344598 0.00853168 1.        ]","[ 0.13095884  0.35489716  0.28979788  0.50721213 -0.35470269  0.3328066
  0.27894573 -0.43495569 -0.10990642]",0.602208213682292,0.15300633183242895,47.54396900700522,0.7841062774874075,0.8190203952658001,0.07999580025101141,0.1618965440056025
447,"[1.         0.16761117 0.63822223 0.17783047 0.05308026 0.04069168
 0.42195274 0.06736889 1.        ]","[ 0.11465318 -0.75896226  0.10519681 -0.31656122 -0.22796244 -0.35016995
  0.24005055 -0.1120437  -0.23407187]",-0.16839210878445507,0.15293618391215968,45.165731853980105,0.7949490664725153,0.8291472479235142,0.08014525269944937,0.1684240684606902
448,"[9.99999999e-01 5.98798020e-01 2.46250883e-10 6.61804464e-02
 2.93055762e-01 3.35293396e-01 2.89363432e-01 4.41137705e-02
 1.00000000e+00]","[ 0.30574742  0.01087554 -0.25951504 -0.62766407  0.34809424  0.33323511
  0.30851112 -0.34306358  0.00173807]",0.5603392166845824,0.15348027977713308,49.24146608999581,0.7825588907139042,0.8175721190289412,0.08002190562332905,0.15487256955015882
449,"[1.05092339e-10 2.39222056e-01 8.25801851e-11 9.66507926e-01
 7.36047456e-02 5.48738554e-02 1.11949637e-07 4.48882988e-02
 1.00000000e+00]","[-0.397849    0.1716167  -0.30217238  0.58504448 -0.37350753  0.0378558
  0.05849559 -0.4522011  -0.17271417]",0.38807729633879917,0.14976479365666784,38.780229378986405,0.8042589857381179,0.8378113080982825,0.07896737578628507,0.15377368305198785
450,"[9.99999999e-01 9.83757741e-01 6.01504134e-11 2.62049227e-02
 1.89245716e-01 2.82252555e-01 3.94117407e-08 7.35300806e-02
 1.00000000e+00]","[ 0.20990648  0.58121286 -0.3223565  -0.49062525  0.02021954  0.30515892
 -0.05680734  0.3423722  -0.24398246]",0.6399728738773001,0.15427611891073656,36.27308379000169,0.7851380845129806,0.8199856969245616,0.07967685943059934,0.15505393586564925
451,"[0.27115597 0.47963195 0.27706093 0.16410991 0.10908938 0.03664584
 0.18051258 0.76557246 1.        ]","[ 0.08764098  0.15321426  0.39643346  0.08538019  0.15991457  0.26270424
  0.52276497  0.5995518  -0.27760301]",0.5239337716558725,0.15103821153806307,33.13879175001057,0.7902997473677595,0.8248095776257135,0.07968475664023403,0.1641160634184034
452,"[2.87840548e-01 6.60221066e-01 2.79180130e-01 4.94242629e-02
 1.61875655e-01 7.53328432e-01 3.32163602e-08 4.25215597e-02
 1.00000000e+00]","[ 0.08219011  0.28429483  0.19769684 -0.47223212  0.33763968  0.56022507
  0.12141894 -0.06407827 -0.45125686]",0.26591593713749534,0.16498282947633974,42.24611291399924,0.7830746432998317,0.8180549207776711,0.07950971524386534,0.15946880178532524
453,"[9.99999998e-01 1.95186661e-01 9.44970911e-01 2.39639212e-01
 1.78686023e-01 3.45578530e-04 1.54058422e-08 5.19858435e-02
 9.28044346e-01]","[ 0.12959887 -0.20419232  0.50210646  0.21363188  0.5515996  -0.2644541
  0.00705381 -0.23305187 -0.4638956 ]",0.2712544897280163,0.16035848032298933,29.2127135740011,0.7835904388503435,0.8185376795639412,0.07967104337211228,0.14316361974400316
454,"[8.22465262e-12 7.05709674e-02 8.51684689e-01 4.61030911e-01
 9.68710110e-02 4.81593761e-03 2.99501356e-09 4.67827966e-02
 1.00000000e+00]","[-0.45978023 -0.56949369  0.04237878 -0.03162205 -0.19758174 -0.46678844
 -0.27530314 -0.30535616  0.18846476]",0.13411626560864287,0.15371233843339438,55.12288362899562,0.7861700653680581,0.8209508247625834,0.07943619896949287,0.1488989473374488
455,"[2.50007402e-10 5.75713514e-01 7.52735564e-01 3.10336579e-01
 6.81304876e-02 1.02867950e-01 1.82486268e-08 5.00941562e-02
 1.00000000e+00]","[-0.01071544  0.40841957  0.33772764  0.39209444 -0.71771502  0.10837751
 -0.04958411  0.17599772  0.07061381]",0.6527140829156457,0.14615189655135175,39.439515378995566,0.8001193498811631,0.8339625085383151,0.0784703452575022,0.14589068025542865
456,"[2.65603019e-10 3.69617377e-01 1.47708306e-02 3.17735535e-01
 1.70351858e-01 8.40613595e-03 9.02652076e-01 4.71688577e-02
 1.00000000e+00]","[-0.29260782 -0.20044933 -0.25559056  0.20144102  0.46699345 -0.11724614
  0.57051715 -0.44009174 -0.13151281]",0.42741479522747117,0.16108894207642444,52.33962203498231,0.8047766576565892,0.8382921906199815,0.0796547667779849,0.15442091249537687
457,"[1.37350933e-11 1.00000000e+00 4.10762674e-01 3.07534604e-03
 1.56976598e-01 2.16017799e-01 5.39006991e-02 4.48882986e-02
 1.00000000e+00]","[-0.1474255   0.6972944   0.3923104  -0.35140314 -0.21643278  0.25163168
  0.27194758 -0.16945911 -0.04267437]",0.8421192835997112,0.16513268096352174,40.55373600200983,0.8052943784228086,0.8387730242969164,0.07921393765592934,0.15699323411009036
458,"[0.33819738 0.2557979  0.11725798 0.35968665 0.73331912 0.02311148
 0.20994824 0.06005135 0.99999999]","[ 0.06580349 -0.58092534  0.14321526  0.018411    0.4878021  -0.16268725
  0.41229651  0.26794443 -0.36214005]",-0.008463608007542008,0.1601779635474192,49.57271124000545,0.7856540531493631,0.8204682826336246,0.07916187497079821,0.15212663240073843
459,"[4.29853755e-10 1.48122403e-01 9.37895520e-02 3.39137061e-01
 3.93184104e-02 1.61186219e-01 1.41321321e-02 1.09758000e-01
 3.50763354e-01]","[-0.32244115 -0.74971999 -0.14834127 -0.46257217 -0.12923955 -0.10423934
 -0.00712293 -0.17089238 -0.20285426]",-0.3937333011824245,0.15745709696972254,36.225922890997026,0.8032237878034907,0.8368493971614197,0.0790744904316433,0.1634676333427797
460,"[0.24220847 0.58789946 0.35035927 0.15961444 0.26650454 0.00721748
 0.01315074 0.05485479 0.3239124 ]","[ 0.06375431  0.43411443  0.46478972  0.33661628  0.46765962 -0.07241873
  0.25717829 -0.12465077 -0.41534511]",0.473349372295874,0.16177897541378283,41.36439206599607,0.8094379227129258,0.8426179156625849,0.07865168468667735,0.15276790517710812
461,"[6.31423168e-10 2.50592770e-01 3.65032325e-01 1.61079987e-01
 3.70579663e-02 2.53259360e-01 8.21921653e-08 8.89445932e-02
 4.22648658e-01]","[-0.1568471  -0.34491138  0.11715565 -0.56016722 -0.47976374  0.23176406
 -0.24303052  0.28766778 -0.32127551]",-0.20318127031045347,0.16301178801187904,39.31966870499309,0.8011539711193764,0.8349249961372653,0.07860370471110924,0.15645483151494705
462,"[1.         0.20689104 0.02446113 0.63116242 0.05763009 0.0066595
 0.32487115 0.0464159  0.81244536]","[ 0.12906167  0.00510126 -0.0886183   0.54555145 -0.4840679  -0.34353414
  0.30111441  0.34968862 -0.33548178]",0.283590192168339,0.15677217010739514,32.20262451999588,0.8073657532154037,0.840695867307293,0.07859766060956437,0.14766126529334844
463,"[1.00000000e+00 5.16701726e-01 6.73635257e-02 2.77046082e-01
 2.44723797e-01 6.04587180e-02 5.94446710e-08 6.95750251e-01
 9.99999972e-01]","[ 0.24413841  0.35169337  0.25931436  0.50801126  0.35388109  0.2080114
 -0.2501061   0.37958994 -0.34094968]",0.6063991764005628,0.15785101856943318,44.57615943899145,0.7923656580893081,0.8267378843918751,0.07870486777077688,0.15087070556416926
464,"[1.00715246e-09 2.23260783e-01 5.59598316e-01 2.38741588e-01
 3.17920999e-02 3.04076307e-01 4.96486101e-01 4.28135394e-02
 9.99999991e-01]","[-0.21131775 -0.42641065  0.30906338  0.14181621 -0.14801564  0.41193931
  0.4894433  -0.24383761 -0.40898975]",0.05573575272421835,0.15244145049559266,31.66736212899559,0.8027062614696712,0.8363683690638697,0.07877076743216213,0.15975784427481773
465,"[0.01623936 0.13561241 0.15018109 0.27711747 0.04311996 0.39366635
 0.09661503 0.09280644 0.67565248]","[-0.0807841  -0.77872893 -0.08979899 -0.41578761  0.08723094  0.2704613
  0.20632833  0.15861594 -0.24004797]",-0.25292641013555134,0.15963767941698956,44.39480291097425,0.794432293395722,0.8286654666123248,0.07885720821654357,0.1543770348527307
466,"[0.15918727 0.60347665 0.27055216 0.02396831 0.08356627 0.37604438
 0.48083159 0.04346438 1.        ]","[ 0.01095096  0.12195218  0.02104514 -0.75446017 -0.18838638  0.45046265
  0.38061029 -0.16607019  0.06712061]",0.4595123410270734,0.14400056322124188,33.12603501501144,0.8099560905230176,0.8430983023236894,0.07821005270507925,0.14397887520160602
467,"[1.00000000e+00 2.22393285e-01 4.14902333e-02 2.55177410e-01
 5.53869588e-01 3.44266747e-01 2.63632791e-08 6.92702741e-02
 9.99999997e-01]","[ 0.06775086 -0.59969336 -0.13636202 -0.25562896  0.43818641  0.40740331
 -0.00342161  0.26365314 -0.35260099]",-0.08788946466023312,0.15837833539246593,30.086577838024823,0.8016713532831518,0.8354061683962789,0.07876195514285005,0.15209742277752958
468,"[2.51889522e-01 2.64292961e-01 6.86717164e-01 8.33334950e-02
 6.86100428e-02 1.19268322e-01 4.01752937e-09 3.72535252e-01
 1.00000000e+00]","[-0.03202387 -0.43080623  0.15944978 -0.78078429 -0.18393412 -0.025883
 -0.25839322  0.2369818   0.14457872]",0.13966193642281524,0.15415669063725954,51.57773564901436,0.8104743088503016,0.8435786384708551,0.07775204740058342,0.1553991185596082
469,"[1.00000000e+00 9.48332269e-02 3.76759465e-01 6.89976294e-01
 5.40997808e-02 6.55440831e-02 1.65520169e-07 5.08784903e-02
 1.00000000e+00]","[ 0.30694317 -0.30673482  0.23304973  0.43503087 -0.70567849 -0.14510019
 -0.07280381 -0.16786053 -0.12498743]",0.48460375517408066,0.14653624790789221,33.1289235370059,0.8068478354301851,0.8402152306371631,0.07862600651818477,0.1590662437018795
470,"[1.61508173e-10 2.37849514e-01 6.88707469e-01 2.02832284e-01
 1.52633249e-01 2.14168769e-01 3.47955323e-08 4.54511850e-01
 1.00000000e+00]","[-0.18740727 -0.37964045  0.42957349 -0.08741557  0.41214088  0.42561361
  0.01679147  0.52645221  0.01165551]",0.592816292979679,0.14310663600863305,31.405622696998762,0.7975336244129675,0.831555461961608,0.0785357805970059,0.14867785933008787
471,"[9.99999960e-01 1.66959958e-01 4.75396276e-02 5.01062478e-01
 7.79668643e-02 1.03144536e-09 1.59285773e-07 4.57985631e-02
 1.00000000e+00]","[-0.00666376 -0.2868893  -0.12926516 -0.17880484 -0.15269188 -0.43985693
 -0.35216703 -0.70144913  0.19007377]",-0.004256957624505402,0.148907433956514,31.260112454998307,0.7985677734699778,0.8325184217144425,0.07829232735104279,0.15808034351679692
472,"[5.77721293e-11 5.03985559e-01 3.96354352e-03 2.82074796e-01
 2.82938773e-01 7.16965649e-02 3.69935854e-01 4.51521144e-02
 4.98537889e-01]","[-0.20361675  0.0742944  -0.10695592  0.18514652  0.57385556  0.3105048
  0.49882522 -0.11405761 -0.46876709]",0.21955789386521765,0.16683514051725234,48.641126108006574,0.8192919228471397,0.8517364510665557,0.07809458636424646,0.15761092023407897
473,"[3.38197380e-01 6.24248484e-01 6.60301529e-01 6.18468508e-02
 1.24352963e-01 7.10356665e-02 1.19810166e-07 6.19488428e-02
 6.67221997e-01]","[ 0.07934938  0.526431    0.52323887 -0.20924291 -0.36962862  0.05367117
 -0.17407575  0.23734029 -0.41578105]",0.38314674589041703,0.15097359254324438,33.815948927018326,0.8125476908230438,0.8454994744290227,0.07812374151575747,0.14968791471130083
474,"[0.85858961 0.38699968 0.10426799 0.19723888 0.09424971 0.15789381
 0.01378531 0.05009193 0.17008162]","[ 0.1357996  -0.01833611  0.19815037 -0.17112726  0.03719252  0.52558004
  0.40775153 -0.14563415 -0.66901858]",0.0674371835054689,0.14887201661651508,28.000777373003075,0.7980506755185655,0.8320369652595945,0.0777341412682567,0.15693601370398885
475,"[4.10819278e-10 1.00000000e+00 7.57334526e-10 1.93768229e-01
 7.81305988e-02 5.82151616e-03 3.50043123e-01 4.49969957e-02
 1.00000000e+00]","[-0.16406219  0.54947863 -0.188223    0.15824686 -0.62764484 -0.15489827
  0.1688336  -0.40526945  0.00268968]",0.5737546475676305,0.1722487469298593,43.79429504700238,0.8115108977522387,0.844539158527692,0.07793037056220266,0.1647870943673042
476,"[0.25770492 0.42388187 0.46728097 0.08467661 0.15821672 0.27889059
 0.03884403 0.04887484 0.47350147]","[ 0.02798527 -0.11871794  0.34055037 -0.46117906  0.29691824  0.41535322
  0.37934318  0.29978826 -0.40250367]",0.07858796066596581,0.16333790408876295,43.5448845270148,0.8125476908230438,0.8454994744290227,0.07802660780905668,0.15890996197557872
477,"[9.92398088e-02 8.09032529e-01 3.37245190e-10 1.50478616e-01
 1.78745365e-01 1.84049023e-01 7.12569228e-02 5.77137541e-02
 4.09448512e-01]","[ 0.0406082   0.58212621 -0.01826042  0.15509507  0.13106455  0.39230497
  0.35208251  0.41301048 -0.41166888]",0.47432550235377285,0.14494105936659385,31.90375273200334,0.8099560905230176,0.8430983023236894,0.07736928008559597,0.1481148726629098
478,"[1.         0.32686656 0.61948377 0.04852902 0.05439299 0.16697394
 0.37664536 0.04762939 1.        ]","[ 0.05763018 -0.08106635  0.25026651 -0.63873481 -0.55095353  0.12691778
  0.2447663  -0.35016901 -0.13154748]",0.09035939757807539,0.15360161301315287,40.92548781898222,0.8001193498811631,0.8339625085383151,0.0783067737676113,0.1462705012281129
479,"[4.78125070e-10 9.59242613e-01 2.56638082e-01 1.72000347e-03
 2.01794963e-01 1.13260833e-09 4.51306943e-01 5.30701183e-02
 1.00000000e+00]","[-0.38908323  0.44364063  0.21408302 -0.54204242  0.13468956 -0.40236905
  0.25636702 -0.22928843  0.11754294]",0.72782299772596,0.14514323018239506,34.745774965995224,0.8395811203462294,0.8703908837891798,0.07730399940044998,0.1466636789712145
480,"[1.         0.89512102 0.23518661 0.06010725 0.18989811 0.00455355
 0.01361866 0.34003489 1.        ]","[0.2354153  0.70274501 0.3548672  0.04761062 0.00843269 0.04996339
 0.30774372 0.4633901  0.10260382]",1.216971429325395,0.14586429766942355,34.46589557200787,0.8120292686779621,0.8450193420863515,0.07755282245525459,0.14051202804281088
481,"[3.38197380e-01 3.55046470e-01 8.52334396e-01 8.29496133e-02
 4.07307651e-01 5.78544161e-02 1.32618878e-08 4.90049933e-02
 1.00000000e+00]","[ 0.01399113 -0.31429861  0.23799485 -0.73722338  0.32595446 -0.12337078
 -0.24180709 -0.28661677 -0.19696263]",-0.05054212625696812,0.16034859440681837,46.75668306299485,0.8250056735032996,0.8570068005496067,0.07691017468279907,0.14463295833724332
482,"[1.21739379e-09 1.28155683e-01 5.52210656e-02 6.72888965e-01
 4.34152005e-01 2.79257460e-01 1.56931136e-07 4.59174409e-02
 1.00000000e+00]","[-0.12302988 -0.6941386   0.05691288  0.38112822  0.38736524  0.29158955
 -0.11941887 -0.20977511 -0.24737561]",0.1632379414479734,0.14194324687350693,30.138560001010774,0.8229271750836442,0.8550910806801827,0.07763359211158817,0.15287746641056243
483,"[0.26929952 0.42481548 0.92208979 0.04668554 0.11170074 0.35995534
 0.02978697 0.04095817 1.        ]","[ 0.04842488  0.17921827  0.5588569  -0.43681653 -0.32067661  0.45140256
  0.33357073  0.20966137 -0.02410468]",0.7051824020485744,0.14148175959121712,44.444311970990384,0.8234467162597683,0.8555700940701072,0.07722298333251758,0.1372615539526047
484,"[9.99999994e-01 2.36791240e-01 9.60233221e-01 2.28531563e-01
 9.58130653e-02 3.45580789e-04 1.37879351e-01 4.58628769e-02
 9.99999999e-01]","[ 0.12959106  0.13963906  0.56414765  0.19155235 -0.50961656 -0.20604821
  0.28766856 -0.32887793 -0.34010796]",0.38371860432038174,0.15095735526248183,32.836477665026905,0.8208495609959573,0.853174476544123,0.07750368084482057,0.15096056320403578
485,"[1.06275936e-09 1.86536281e-01 5.99746481e-01 3.18682309e-01
 1.35157219e-01 6.36333070e-02 8.29036188e-04 4.70019061e-02
 4.76425083e-01]","[-0.10840757 -0.60165608  0.07447434 -0.18438253  0.22083955 -0.29008597
  0.01144872 -0.63469254 -0.22545231]",-0.252168892162933,0.14653460300674345,47.147951357008424,0.8229271750836442,0.8550910806801827,0.07675705096936508,0.14061473912220573
486,"[0.62126461 0.74496219 0.11579432 0.09105612 0.70254974 0.18155979
 0.00516979 0.0448883  1.        ]","[ 0.11896732  0.44042956  0.17338987 -0.27080142  0.56923851  0.4521031
  0.23897842 -0.31098698  0.0788533 ]",0.9455641908513353,0.1434406584288852,44.82744286698289,0.8255254378653969,0.8574855907702804,0.07767892783308068,0.1636809824584241
487,"[4.02090956e-04 2.66375880e-01 1.03573372e-01 3.31635655e-01
 1.06146724e-01 4.34215373e-01 5.82991572e-01 2.99468689e-02
 1.00000000e+00]","[-0.01108271 -0.35578333  0.10127366  0.07983606  0.4410626   0.43156028
  0.4600986  -0.50655363  0.08716336]",0.5166239077489645,0.14724620827873003,53.52457854102249,0.8395811203462294,0.8703908837891798,0.07686566466494096,0.16182350086925193
488,"[1.21357612e-09 2.60000154e-01 1.33753446e-01 3.54935607e-01
 5.49836685e-02 1.82392494e-01 6.91573967e-03 5.73043963e-02
 1.59009157e-01]","[-0.20477786 -0.26125335  0.17259677  0.06491263 -0.54316905  0.35202532
  0.11989551 -0.44109307 -0.47740648]",-0.08781875058011822,0.13848060223812264,32.386849630012875,0.8276050608266082,0.8594001861833793,0.07697858360404733,0.14825205381938703
489,"[0.87891314 0.35400707 0.39074388 0.12597831 0.07526046 0.35583089
 0.0179571  0.49310011 1.        ]","[ 0.10600443  0.17625404  0.36446761  0.12359271 -0.15977629  0.50852132
  0.35335486  0.49496361 -0.39448035]",0.33840160468230285,0.16340124651398763,42.68992568200338,0.8364538509232285,0.8675268250071184,0.07669141875789526,0.14798062759211444
490,"[3.38197381e-01 2.18704476e-01 3.91415217e-02 4.64088127e-01
 1.01133526e-01 9.76706401e-02 2.79229449e-07 4.83552242e-02
 1.33453800e-01]","[ 0.09744488 -0.35545365 -0.22034174  0.34400492 -0.08786894  0.09122045
 -0.09961271 -0.62068743 -0.53483608]",0.004874037020750952,0.1427804822007329,30.015458065026905,0.8125476908230438,0.8454994744290227,0.07743650342205224,0.1381443998050481
491,"[9.99999945e-01 5.08129565e-01 9.46173704e-02 1.95974616e-01
 1.39558329e-01 1.33929503e-02 3.94449750e-07 7.06170225e-02
 1.74469950e-01]","[ 0.22465415  0.14803061  0.25620586 -0.26366431  0.2829363  -0.13306919
  0.06131046  0.25988897 -0.78955401]",0.19074596825529552,0.15546740546418375,29.32546577299945,0.8239663129140766,0.8560490519859686,0.07741336767178048,0.15718945376435078
492,"[9.99999999e-01 2.42160293e-01 8.43987648e-01 2.26438806e-01
 1.11825486e-01 1.00227452e-01 2.08468838e-07 4.48882989e-02
 7.74606092e-01]","[ 0.18803372  0.11935244  0.58491412  0.37408975  0.0988251   0.26252754
  0.11079417 -0.34002287 -0.51161767]",0.42110331436112314,0.1481951154860945,31.702791545016225,0.8348910472621988,0.8660939646374991,0.07685825862833365,0.14892657033272427
493,"[3.17554529e-10 3.19509792e-01 8.09515205e-10 4.12475993e-01
 6.16142326e-02 9.37922555e-01 7.20870415e-08 3.65454138e-02
 1.00000000e+00]","[-0.298125    0.05064857 -0.30701219  0.26327332 -0.52497217  0.5850568
 -0.14612198 -0.30012737 -0.12518616]",0.5050143954591149,0.1493365259274433,29.79459504998522,0.8198110814513675,0.852215847000584,0.07709131254043715,0.15735369548525557
494,"[9.99999998e-01 2.51631422e-01 2.53544469e-10 7.37566960e-01
 6.72041174e-02 3.56897016e-01 4.03349132e-05 2.89073311e-02
 9.99999996e-01]","[ 0.1613966   0.29384438 -0.0858942   0.6772955  -0.20051612  0.35599726
  0.31848138  0.22059645 -0.32321147]",0.5316449514947479,0.14594819798510023,37.40992831598851,0.8291653780330454,0.8608355328042457,0.07648129852000446,0.14194378813574127
495,"[1.99138594e-10 2.66153634e-01 4.09549269e-01 4.47364253e-01
 6.77103857e-01 2.24149835e-02 2.33923348e-08 5.37765087e-02
 9.99999997e-01]","[-0.07138996 -0.00996162  0.39859107  0.54238133  0.53053394 -0.12104691
  0.09169369 -0.27386968 -0.40276661]",0.3422523289676057,0.1408338590315017,28.343364391999785,0.842710653753602,0.8732526787887707,0.0759257275116246,0.1476577655234167
496,"[2.75382781e-01 5.53134721e-01 2.02454871e-10 1.84096029e-01
 1.38585855e-01 3.27228205e-02 9.91646775e-08 9.52294460e-01
 1.00000000e+00]","[ 0.0584072   0.03872285 -0.433902   -0.52853236  0.08355747 -0.04806141
 -0.00665815  0.71428069  0.08909971]",0.719515002082051,0.14222577030762906,35.36208310601069,0.8453203709405248,0.8756357354380268,0.07596480058255617,0.15194717803258007
497,"[1.         0.75520839 0.07512586 0.16935146 0.183118   0.08855169
 0.0155124  0.55925236 1.        ]","[ 0.20138835  0.50568249  0.2851742   0.26906051  0.29681578  0.30344039
  0.29447144  0.39883602 -0.35220844]",0.6069057324838524,0.14676476222525237,33.4815051999758,0.8348910472621988,0.8660939646374991,0.07656255974784065,0.15373604854911138
498,"[1.57124828e-10 7.34286745e-01 7.61326810e-11 7.41326466e-02
 6.24582944e-02 7.19470759e-02 1.06041831e-07 7.16902742e-02
 1.00000000e+00]","[-0.08392004 -0.08446487 -0.37546388 -0.37520495 -0.60502073 -0.41089363
 -0.07552092 -0.35164054  0.19958231]",0.017185567304737814,0.14058841968272018,66.99847520000185,0.8468869910200882,0.8770647797352613,0.07599129462984701,0.1425570180052702
499,"[2.75382786e-01 2.69418495e-01 6.48081050e-01 8.61523460e-02
 1.73071397e-01 5.91145994e-02 4.99140479e-07 5.45592083e-02
 1.00000000e+00]","[-0.02917934 -0.35188319 -0.07643406 -0.44944489 -0.05864929 -0.1466718
 -0.12813276 -0.77838766  0.14221885]",-0.11016591492157712,0.14525778216977142,78.31432680800208,0.8395811203462294,0.8703908837891798,0.07652362790986512,0.16033790835321649
500,"[2.07574051e-10 4.79767330e-01 3.32002021e-02 5.30559850e-01
 2.60285416e-01 9.08214120e-03 6.74671244e-08 5.86379025e-02
 4.19371000e-01]","[-0.06683191  0.45218083  0.09965247  0.6747085   0.39434602  0.00672575
  0.19304348  0.1475326  -0.33364372]",0.5496574309468832,0.14809097148357764,34.58593334298348,0.830205878598121,0.8617921414802039,0.0761110392406753,0.13503128442191936
501,"[4.81687029e-10 3.23326156e-01 3.65800108e-10 4.52682069e-01
 5.93446153e-02 1.73385932e-01 3.17726534e-01 4.53249223e-02
 4.60018222e-01]","[-0.29549769  0.10151318 -0.30118757  0.49454959 -0.33824168  0.33575611
  0.3925301  -0.15740108 -0.40135813]",0.22778914610894654,0.14540053626740274,29.66976313799387,0.8343702341142296,0.8656162231188761,0.07571815992211625,0.13968533359393365
502,"[2.75382780e-01 6.93214473e-01 2.38403858e-11 2.15581536e-01
 8.52652002e-01 9.59895104e-02 5.07582066e-02 4.48882989e-02
 1.00000000e+00]","[ 0.08090691  0.4842439  -0.00526543  0.33140696  0.51449286  0.31080443
  0.38992544 -0.3676781  -0.02392272]",0.8772925567462826,0.14125769584303316,35.450532836985076,0.8494993669711851,0.8794451778766983,0.0757517023681904,0.14309267069667578
503,"[9.99999990e-01 7.41358248e-01 2.00659977e-10 4.12781319e-02
 2.03392322e-01 2.92823872e-01 1.78667718e-03 7.65745828e-02
 7.11106131e-01]","[ 0.1007588   0.20089821 -0.30942874 -0.65949078  0.2897714   0.33185669
  0.12859288  0.30855227 -0.33611959]",0.1634269453620138,0.14165298137318671,40.052115856000455,0.8296855992532253,0.8613138662022697,0.07619553707774611,0.1446488358179583
504,"[1.90579364e-10 5.24044856e-01 7.60098732e-11 2.80586208e-01
 2.87826759e-01 5.65718775e-03 3.58676134e-08 8.58833125e-01
 1.00000000e+00]","[-0.21645128  0.01231718 -0.51180284 -0.01152294  0.44634466 -0.25661556
 -0.20528791  0.51559067 -0.34332237]",0.22972375979305232,0.14240764102085812,35.33468004199676,0.8479317384816805,0.8780171418906402,0.07547485361555253,0.14443601135533907
505,"[1.         0.59017235 0.07603346 0.12013814 0.31212328 0.01148261
 0.64273715 0.04497634 1.        ]","[ 0.1488372   0.35495601  0.26352097  0.02119111  0.60057398  0.13448193
  0.62618266 -0.01170211  0.10461926]",1.0764658184169638,0.14292064364056234,29.6338258869946,0.848976756082874,0.8789692339330418,0.07600343887350723,0.1559376326384079
506,"[2.20525073e-01 9.99999999e-01 3.18848930e-01 1.02889359e-02
 1.94797080e-01 3.45578808e-04 1.26381809e-01 5.69975999e-02
 8.74271159e-01]","[ 0.05441909  0.63492819  0.35743358 -0.39104603 -0.17733134 -0.24609605
  0.20970733 -0.28569972 -0.30922132]",0.4621198707169655,0.14359522908486866,36.83967421299894,0.8432324669367515,0.8737294203606539,0.07572283967020599,0.1442623776007408
507,"[9.99999983e-01 6.33326415e-01 8.08462188e-11 3.40198748e-01
 1.89802965e-01 2.67932845e-01 2.98988481e-01 2.51697482e-02
 9.56202002e-01]","[ 0.09374659  0.35196758 -0.3650316   0.5024716   0.29543807  0.32972444
  0.334163    0.30452289 -0.28496258]",0.4671100568052656,0.1609098478230403,29.935733808000805,0.8442762881022081,0.8746827087234359,0.07585343184466845,0.1426656308712031
508,"[4.44173002e-12 1.43066945e-01 7.91314487e-01 6.15019595e-01
 9.82922911e-02 1.77123983e-11 2.62559818e-09 5.59630019e-02
 1.00000000e+00]","[-0.35361816 -0.00827499  0.47902733  0.7590965  -0.00266415 -0.21621954
  0.11603328  0.02015629 -0.0925368 ]",0.7530659550343721,0.13946805920715832,31.686093883996364,0.8322875818974989,0.8637046567193273,0.07635665748315054,0.15749569510677502
509,"[0.31665742 0.14804088 0.95441187 0.20131415 0.06375227 0.22945177
 0.01382228 0.15720446 1.        ]","[ 0.01600832 -0.47433921  0.47414064 -0.18347459 -0.42921627  0.26771401
  0.24585839  0.44325199 -0.05880223]",0.39877820763559885,0.15435353727958062,36.45266729599098,0.8421889051204763,0.8727758726728359,0.07565159635301835,0.15016788400117836
510,"[0.25642495 0.21891366 0.38310335 0.08942349 0.01028787 0.30553367
 0.32507781 0.14999628 1.        ]","[-0.02320748 -0.51563362  0.1023755  -0.72807419 -0.15819331  0.1724192
  0.22165327  0.24275365  0.17377458]",0.18857691956772005,0.158010836508266,44.13070482100011,0.8374960260924454,0.8684817592179253,0.07572213265436577,0.16209572119078766
511,"[1.00000000e+00 3.48003851e-01 3.24910020e-01 1.72243973e-01
 1.75367701e-01 8.09022811e-02 1.01331411e-07 4.68032642e-02
 3.21039670e-01]","[ 0.23505781 -0.20054987  0.40946686 -0.0297757   0.44594789  0.16186816
 -0.11036222 -0.26383854 -0.65506981]",0.16182533384956266,0.14123255628973236,37.622550227009924,0.8505447945192487,0.88039686001329,0.07536233889170403,0.14287538352857426
512,"[0.27538276 0.40464146 0.03249065 0.18613275 0.06451612 0.04244634
 0.95628127 0.05962983 0.9999968 ]","[ 0.00629025 -0.42578581 -0.16835709 -0.41275409 -0.00561147 -0.18441762
  0.4957944  -0.4271427  -0.39705479]",-0.20945040471266768,0.1428054185020414,37.30843907399685,0.8542059859975832,0.8837255526571819,0.0749930628427795,0.15103709059211567
513,"[6.36745647e-11 3.23050800e-01 1.96052443e-01 2.60797711e-01
 6.32321806e-02 9.47783679e-01 3.56705214e-02 4.30606336e-02
 1.00000000e+00]","[-0.25605415 -0.11352395  0.22214288 -0.05635258 -0.23065403  0.6316622
  0.49134011 -0.41792224 -0.0274409 ]",0.5483648545743359,0.1503980126095274,40.52870147599606,0.8468869910200882,0.8770647797352613,0.07535175914778433,0.14515575831195932
514,"[9.99999993e-01 2.37923253e-01 2.19626386e-10 3.72242367e-01
 1.79392540e-02 2.39252517e-01 6.08780452e-01 5.55507105e-02
 1.00000000e+00]","[ 0.13237175 -0.25834368 -0.43916657  0.34649252 -0.15629647  0.40828205
  0.49592828  0.37575104 -0.15670164]",0.4608466800184255,0.14689191255256162,37.19445377099328,0.8578706812777567,0.8870507418729044,0.07549478754503942,0.14139208785737
515,"[9.99999999e-01 4.59815341e-01 4.15710402e-11 1.76019511e-01
 7.67498874e-02 2.43501801e-02 4.75697370e-01 4.43145282e-01
 1.00000000e+00]","[ 0.15071731  0.05234258 -0.4324153  -0.39379432 -0.50188517 -0.30460048
  0.2846117   0.36161538 -0.27576786]",0.0794023734306278,0.14306459862162343,34.729798312997445,0.8615390041375073,0.8903723039145934,0.07439447807941121,0.13925239461571143
516,"[2.75382781e-01 1.53524913e-01 2.42301177e-02 5.39932186e-01
 1.07548307e-01 3.88214223e-02 2.88095741e-08 7.55008040e-01
 1.00000000e+00]","[ 0.00892755 -0.71254104 -0.34652093  0.1030147   0.15103655 -0.38937211
 -0.0990062   0.30850624 -0.28655851]",-0.11221567293043538,0.16104814090661523,33.68083943898091,0.8500220463425976,0.8799210533441342,0.0756412438798041,0.14469242889141665
517,"[5.66560885e-11 1.50972283e-01 8.52369447e-01 3.07112736e-01
 1.06936944e-01 4.31692733e-01 1.23231742e-08 2.80210477e-02
 1.00000000e+00]","[-0.30448531 -0.60788394  0.32741274 -0.00600814  0.3560806   0.38790343
 -0.07962736 -0.38249607 -0.0249879 ]",0.3552852293952257,0.1482663938223775,33.29012522500125,0.8625877809855331,0.8913206371177739,0.0747766361672917,0.1440281360970631
518,"[8.41258330e-01 7.19812580e-01 2.81636841e-01 6.26256110e-02
 6.57402492e-01 9.02089072e-02 2.55515693e-07 5.41406655e-02
 9.99999957e-01]","[ 0.12265863  0.53890587  0.35540853  0.01713893  0.52429667  0.23010875
 -0.08732962  0.25327822 -0.41025967]",0.5611530642110485,0.14654679931678027,33.28413688897854,0.864161528753646,0.8927425544958975,0.07431349309855065,0.145764619852498
519,"[2.55336718e-01 3.92567769e-01 2.15187362e-01 2.30685034e-01
 2.29765621e-01 1.65354127e-01 7.28586279e-08 4.50583197e-02
 2.05846582e-01]","[ 0.05873982  0.01701828  0.3098317   0.09965341  0.52266269  0.40367378
 -0.43161123 -0.14613783 -0.49654827]",0.18938120355148436,0.14461133717610603,33.485703078011284,0.8615390041375073,0.8903723039145934,0.0752698073446494,0.14364872369282466
520,"[1.86826603e-01 1.71300451e-01 8.14306567e-11 8.58447641e-01
 1.38875545e-01 8.75190482e-11 2.89944307e-01 5.31625678e-02
 1.00000000e+00]","[ 0.02865393 -0.26718416 -0.19332685  0.68907463  0.43121638 -0.07546859
  0.42005813  0.21790816 -0.00407287]",0.7403095983913047,0.1493228000442467,33.274873865011614,0.8615390041375073,0.8903723039145934,0.07423869196052103,0.14611651559077082
521,"[1.88272134e-10 4.93578029e-01 7.32671016e-01 1.07845683e-01
 2.00975335e-01 5.08994538e-01 4.44132318e-02 1.99978544e-02
 1.00000000e+00]","[-0.25008012  0.21327241  0.42704634  0.05939518  0.41631678  0.45523992
  0.42545317 -0.09974049 -0.36681991]",0.39002184198668416,0.13785752625517284,49.33258848800324,0.8694125403521918,0.8974770940255061,0.07486516294884857,0.14872984923030208
522,"[7.51896216e-12 6.93513636e-01 2.96277368e-01 6.43661001e-02
 1.00153942e-01 2.34531407e-02 1.20030889e-08 6.18944466e-01
 1.00000000e+00]","[-0.37076442  0.13298348  0.06340201 -0.43042132 -0.62975312 -0.45890738
 -0.01245374  0.21511328 -0.04419292]",0.09842107237624127,0.14309390421670293,40.01588714000536,0.8620633540003357,0.890846509072815,0.07422534590565277,0.14536572107458834
523,"[0.14294097 0.75751134 0.39381148 0.06379157 0.2104154  0.11247262
 0.52244858 0.0385549  1.        ]","[0.06021515 0.46781422 0.40767272 0.163956   0.40105987 0.34455021
 0.42252926 0.26107805 0.2412235 ]",1.1291677881218698,0.14844309144675427,31.208854633005103,0.8615390041375073,0.8903723039145934,0.07508680372174595,0.14725545170232812
524,"[1.29577490e-10 3.28580720e-01 4.29855934e-01 1.53001031e-01
 1.91691037e-01 1.06833868e-01 1.48244684e-01 5.78121387e-02
 4.38540364e-01]","[-0.16538174 -0.46507569  0.20040506 -0.54732404  0.41980654  0.08163909
  0.32836645  0.03754003 -0.35283344]",-0.16509862716008897,0.13583380230202266,50.81131531999563,0.8715152493093039,0.899368605816274,0.07458811872726925,0.14422116545956265
525,"[1.         0.33022085 0.10496223 0.19414036 0.08351722 0.19937349
 0.72233176 0.05625412 1.        ]","[ 0.13882097 -0.04352887  0.22101354  0.07919226  0.29358027  0.51900886
  0.5716876   0.49053143  0.02661222]",0.7581696699091793,0.1482835073276052,30.797778598993318,0.8788856677298644,0.9059779615230579,0.07404863061806023,0.13767816076373957
526,"[2.68283696e-11 6.58218721e-01 5.79133380e-01 2.69653796e-02
 9.47457071e-02 1.58318305e-02 4.00559560e-01 5.58220870e-02
 1.00000000e+00]","[-0.07042237  0.12777602  0.18709562 -0.65674895 -0.54816664 -0.28221726
  0.10897846 -0.29194526 -0.18747919]",-0.041779861531729204,0.14027287146120307,46.871870477014454,0.8620633540003357,0.890846509072815,0.07476440622840158,0.14006497165254445
527,"[0.13573145 0.31849154 0.86813867 0.36650358 0.11021739 0.31441697
 0.02541144 0.02551652 1.        ]","[ 0.05603273  0.40300234  0.43561218  0.55443995 -0.04528782  0.35027395
  0.33839612  0.30857728 -0.05303882]",0.7859089527811811,0.13466650308408812,40.84298168399255,0.8683616869684782,0.8965308371010184,0.07409850333838064,0.1368869613426118
528,"[1.27386917e-01 7.65452416e-01 8.08876982e-02 1.41921955e-01
 1.95229179e-01 2.32237964e-02 1.55306246e-07 5.07211310e-02
 2.14288688e-01]","[ 0.01662386  0.63475579  0.22872843 -0.15988148 -0.09373645 -0.05454771
 -0.21620946 -0.39279741 -0.55329164]",0.3257494410878313,0.13738339037379227,32.30400818400085,0.864161528753646,0.8927425544958975,0.07500869420929729,0.14181416691828275
529,"[9.99999852e-01 3.30010119e-01 9.85668201e-02 2.88907529e-01
 7.66332458e-02 8.52089804e-01 5.19694749e-06 3.11733824e-02
 9.99999996e-01]","[ 0.18815543  0.15528892  0.27522228  0.36347093 -0.03796661  0.73786679
  0.16621055 -0.32133405 -0.23633466]",0.7510079973991506,0.13720797794365602,33.489461185003165,0.856823260891967,0.886101052362801,0.07425402296566565,0.14620024519111385
530,"[0.39646947 0.69798387 0.03051474 0.07599993 0.59512595 0.29712281
 0.10216024 0.06183206 1.        ]","[ 0.0631106   0.16755886 -0.08781243 -0.52271793  0.47935594  0.43938801
  0.40591606  0.30548853 -0.07785241]",0.49790312704215045,0.1460820793749849,54.06060311300098,0.8762513723147793,0.9036194801784607,0.07374197661106904,0.13568726912810047
531,"[0.99999999 0.54467558 0.01885241 0.13894924 0.05993701 0.11755943
 0.67209694 0.14132727 1.        ]","[ 0.11563249  0.40002205 -0.02629025 -0.07497704 -0.5521048   0.35516853
  0.43544478  0.44690138  0.00116186]",0.6882453156037952,0.14939840657272374,44.05305087700253,0.8683616869684782,0.8965308371010184,0.07418327600647001,0.1343161530963079
532,"[6.43673455e-11 4.87782938e-01 3.15279693e-01 1.24055973e-01
 1.40429611e-01 2.95685746e-02 2.47821959e-08 8.46534530e-01
 1.00000000e+00]","[-0.47847506 -0.16586805  0.23948777 -0.47533213  0.12848965 -0.37245063
 -0.19997412  0.5017534  -0.11523541]",0.25217731939833515,0.1406271543121536,40.95341918701888,0.8699380916121262,0.8979500979358932,0.07417707452090788,0.14759325480299548
533,"[1.         0.30229227 0.10507052 0.35209898 0.72680962 0.1565225
 0.01649729 0.04167233 1.        ]","[ 0.18261212  0.01481426  0.28972076  0.43849728  0.4712051   0.34218759
  0.37742207 -0.44477432 -0.10400556]",0.6516484599472185,0.13827165841994316,36.46669837401714,0.8699380916121262,0.8979500979358932,0.07399181796032142,0.14952934138296936
534,"[2.21212739e-09 2.00637714e-01 9.54411859e-01 2.14844389e-01
 1.47350780e-01 5.99655111e-02 4.77776734e-02 2.47238079e-01
 1.00000000e+00]","[-0.07647008 -0.49871055  0.43592745 -0.18426818  0.27013685  0.10210183
  0.33566974  0.41988828 -0.38610046]",0.05608208995741444,0.13951218230756007,37.15024065997568,0.875724784561092,0.9031475126196827,0.0738896796603823,0.14290379373399242
535,"[9.99999996e-01 1.73156458e-01 4.74823460e-02 7.37662084e-01
 1.51472716e-01 9.06384630e-10 2.23058992e-07 6.92230769e-02
 7.32997816e-01]","[ 0.13334508 -0.05479067  0.18042759  0.65961331  0.38193947 -0.32404759
  0.04979295  0.35864084 -0.35998061]",0.43781121896039765,0.1456449607601274,31.888224452006398,0.8715152493093039,0.899368605816274,0.07410392970181386,0.14997219589315147
536,"[1.72351885e-09 3.21706338e-01 5.37543039e-10 2.95285004e-01
 2.18670419e-02 9.07253217e-02 9.13219874e-01 7.46909338e-02
 1.00000000e+00]","[-0.11867025 -0.38672257 -0.43731824  0.06187011 -0.00747118  0.18893096
  0.60109968  0.43540164  0.23375573]",0.7260481178679002,0.13311795607089005,32.1600997709902,0.8652110870941869,0.8936901063004855,0.0742400946486267,0.14764057518888768
537,"[1.24987604e-12 6.88347708e-02 4.90287685e-13 4.57741468e-01
 7.20964869e-03 1.61218288e-01 2.88639809e-10 1.09756744e-01
 1.00000000e+00]","[-0.24110977 -0.52846254 -0.49555534 -0.19740288 -0.27416217 -0.1440864
 -0.35685209 -0.39340452  0.00375757]",-0.19136329032316884,0.1438197653971359,44.06251511600567,0.8788856677298644,0.9059779615230579,0.07366748081403872,0.15652748757942575
538,"[2.75382781e-01 6.92013298e-01 6.20749004e-02 1.65381334e-02
 7.60346755e-02 6.31494781e-01 7.31908360e-08 6.81266565e-02
 1.00000000e+00]","[ 0.0014784   0.12409762 -0.10014647 -0.68455063 -0.5748631   0.26305695
 -0.15505973 -0.2021413  -0.20343927]",-0.026054379113134383,0.1480292514358032,38.112519153015455,0.8815222755663781,0.9083341307924867,0.0731538979970062,0.1358983564037637
539,"[0.22257397 0.63980679 0.22819421 0.052153   0.62894055 0.3343059
 0.01880734 0.0448883  1.        ]","[ 0.02836935  0.10892418  0.03943921 -0.56219167  0.48339058  0.4296656
  0.16561124 -0.27107655 -0.38797837]",0.10631637486755427,0.13632911184496316,49.63484378802241,0.8751982859877346,0.9026754558933143,0.07377385673749896,0.13038397835637333
540,"[1.         0.61250281 0.17806744 0.01594591 0.09288931 0.02848611
 0.5455139  0.0448883  1.        ]","[ 0.21289942 -0.05080905 -0.1383774  -0.6278369  -0.23249648 -0.14055924
  0.05530247 -0.672577   -0.09764781]",0.023855986581006565,0.13410672546534716,44.15101212199079,0.8746718760656158,0.9022033105282747,0.07331096255625179,0.1459965929210244
541,"[4.59284057e-01 1.50389012e-01 1.69304724e-10 5.56559891e-01
 8.44469194e-02 3.45365489e-02 3.65094618e-01 6.26895770e-02
 6.80109966e-01]","[ 0.06361205 -0.67142809 -0.41140347  0.18766801  0.28638994 -0.11948426
  0.3292428   0.25982018 -0.26165379]",0.011286695265970561,0.14264984255659077,36.51864757397561,0.8720411381119254,0.8998412722288597,0.07375772954638112,0.14541456557888377
542,"[2.38353850e-10 3.45378840e-01 4.93078476e-01 2.39950109e-01
 9.75542975e-02 9.92212347e-02 1.50718240e-02 4.94541622e-02
 2.78925944e-01]","[-0.37473056  0.11358597  0.53535099  0.24349316 -0.04053705  0.27057223
  0.20974997 -0.16787559 -0.59477373]",0.213479738596447,0.13171443449908538,30.87817717398866,0.8868027263566443,0.9130392353574116,0.07264830059732393,0.14469878648653478
543,"[2.30614243e-01 3.79569183e-01 1.12150280e-11 2.12877344e-01
 2.15806051e-01 8.99917279e-02 1.82127893e-02 8.64623155e-01
 1.00000000e+00]","[-0.02759655 -0.39681505 -0.50498417 -0.46915853  0.36350514  0.13253915
  0.23419736  0.33827165 -0.2183547 ]",-0.08809391919384904,0.14092873668397315,55.75271467200946,0.8794128020177072,0.9064493826279214,0.07337908377510453,0.13980723067366296
544,"[9.99999998e-01 1.67494395e-01 3.11109758e-01 1.52509548e-01
 8.73715952e-02 2.08915433e-01 3.40481892e-08 7.92897201e-02
 5.61165453e-01]","[ 0.04619614 -0.72807329 -0.05048549 -0.49758404  0.17263317  0.05339698
 -0.30763332 -0.23582024 -0.18636966]",-0.26438855389857074,0.13842071926548352,40.685623326018685,0.8841612691712563,0.9106879146653029,0.0730361317088395,0.14644390902185894
545,"[2.55419281e-01 2.94707507e-01 2.09438242e-01 2.36030639e-01
 1.67584046e-01 2.14950520e-01 1.23491385e-07 7.98148367e-01
 9.99999998e-01]","[ 0.0331365  -0.27795816  0.23333446 -0.01777517  0.54811129  0.39096189
 -0.06293066  0.47978185 -0.42361802]",0.10643226509658071,0.13684690433352115,33.552069262979785,0.8868027263566443,0.9130392353574116,0.07340870549684889,0.1398721820836194
546,"[1.70454917e-09 4.32406374e-01 1.25432444e-01 1.80667696e-01
 7.84093653e-02 1.49238499e-01 9.04597116e-01 5.27012804e-02
 9.99999999e-01]","[-0.02758696 -0.12851561  0.18130546 -0.20252118  0.28826547  0.45415952
  0.63881326 -0.03495419 -0.45844757]",0.1385413106532995,0.13965546860754702,39.4963741840038,0.8846893609490565,0.9111583784300715,0.07270567038378908,0.136897759114044
547,"[0.24220846 0.21791857 0.41033685 0.37718542 0.06350373 0.1756968
 0.14812067 0.04397746 0.47796779]","[ 0.07717708 -0.03550803  0.38979902  0.48532645 -0.04319327  0.38089044
  0.4523206  -0.23639969 -0.44483244]",0.26212653726027707,0.14362325332891218,30.195661920006387,0.8831053805615025,0.9097466922376344,0.072790838733818,0.13357307616959202
548,"[2.43202863e-09 2.17733200e-01 7.88544755e-01 2.22318168e-01
 8.63733154e-02 2.72864091e-02 2.83040272e-02 9.02673533e-02
 6.32882132e-01]","[-0.18729807 -0.37740879  0.30848267 -0.36841869 -0.51380508 -0.3637566
  0.17161006  0.20609993 -0.35120711]",-0.17394421063149837,0.14848061273563515,46.64293661099509,0.8820498810025484,0.9088050808212563,0.0727091509572444,0.13902900057607237
549,"[3.38197380e-01 6.31238231e-02 2.42301180e-02 6.77437706e-01
 4.82619063e-02 5.43188903e-01 1.78361620e-07 4.35091015e-02
 1.00000000e+00]","[ 0.03681136 -0.81589614 -0.25059594  0.20389957  0.10980721  0.20827423
  0.13889794 -0.37556012  0.11318674]",0.30828254656152365,0.1387454811958374,40.52045601399732,0.8709894456139349,0.8988958543078788,0.07289268432422882,0.14063449542895462
550,"[1.00000000e+00 3.16268253e-01 2.88975094e-11 2.40447172e-01
 5.75025290e-02 8.59338071e-01 8.95348688e-09 4.67959215e-02
 1.00000000e+00]","[ 0.25474819 -0.17157446 -0.31403326 -0.19746931 -0.51981111  0.66515899
 -0.0413272  -0.23169876 -0.00471447]",0.6791526668014264,0.1354331737818335,30.242819945997326,0.8905050636291235,0.9163267878446192,0.07291714524537196,0.13371779444263177
551,"[9.82277238e-01 5.57907804e-01 5.27268019e-02 2.16117636e-01
 8.62691241e-01 1.26127452e-02 1.57726103e-07 5.54259777e-02
 9.99997390e-01]","[ 0.13903333  0.36418825  0.12523894  0.12224304  0.66198932 -0.16736473
  0.03473527 -0.24030269 -0.54056985]",0.3878690732045364,0.14139224905016712,33.042352530988865,0.8820498810025484,0.9088050808212563,0.07260603362869605,0.13774322741965528
552,"[2.22997592e-01 4.31559238e-01 1.31008381e-09 2.03301468e-01
 1.20730490e-01 5.49483962e-02 4.62385518e-03 1.02366396e-01
 9.94456038e-02]","[-0.05479038 -0.35412987 -0.39004063 -0.52229898  0.07158007 -0.30640231
 -0.08977906  0.38524202 -0.43724633]",-0.2838862198770444,0.1377726881284335,32.78628225400462,0.8899758436698745,0.9158574520687061,0.07303067763251352,0.15776934989344996
553,"[0.31224809 0.11083574 0.16081199 0.41640256 0.00744686 0.72482618
 0.10475576 0.06814682 1.        ]","[ 0.05155476 -0.54051462  0.17580675  0.22164886 -0.35784013  0.44491688
  0.36891681  0.38464838  0.1228627 ]",0.5843005680160488,0.14534498460892642,34.20663401801721,0.89209336743559,0.9177341513598986,0.07250650142349642,0.1393230450328817
554,"[3.28221329e-09 4.77911117e-01 3.26697945e-01 1.45802602e-02
 3.77126420e-01 2.26438852e-01 2.99119883e-01 4.60976340e-02
 1.00000000e+00]","[-0.1149807  -0.29796085 -0.08677418 -0.84789974  0.21360247  0.14913122
  0.1636469  -0.2699928  -0.06318612]",-0.09546822440060775,0.1397568933101193,57.796150052017765,0.891563824757692,0.9172651382441985,0.0723431650978473,0.14350362836122604
555,"[3.15473004e-10 9.99999999e-01 1.11703164e-10 2.61167313e-02
 1.40639081e-01 7.07662662e-02 3.19314918e-01 9.95811250e-02
 1.00000000e+00]","[-0.07291769  0.59562097 -0.2744243  -0.60912132 -0.34361199  0.08264625
  0.19078846  0.12806543 -0.12601824]",0.4848922650576648,0.1342281585221159,41.25631011399673,0.8846893609490565,0.9111583784300715,0.07233360422666661,0.1406416587672612
556,"[2.52661993e-10 3.16491367e-01 3.62738927e-01 1.54569271e-01
 1.66369793e-01 3.11265011e-01 4.69738523e-08 6.09886130e-01
 1.00000000e+00]","[-0.2491538  -0.32131053  0.14542536 -0.50783652  0.30393737  0.42990316
 -0.18047758  0.43243535 -0.24262796]",0.07805167269557953,0.14928043464088955,50.19829280101112,0.8926230192113742,0.9182030553978138,0.0729185173684133,0.13266331828843747
557,"[1.47130225e-10 7.25805355e-01 1.25559362e-02 3.72584338e-02
 9.41926243e-02 3.79976203e-01 3.99109321e-01 8.80085981e-02
 1.00000000e+00]","[-0.08356113  0.20654302 -0.14023386 -0.71627573 -0.26101999  0.38102025
  0.31311429  0.32399843 -0.03629956]",0.35883634147649585,0.14681719126558102,36.23903755302308,0.9016445887017706,0.9261569381577361,0.07218188371735985,0.13481516927617332
558,"[3.11377995e-11 2.74490863e-01 5.57634123e-01 3.05054515e-01
 9.13092537e-02 2.04245007e-02 2.24794945e-02 6.64686088e-01
 1.00000000e+00]","[-0.1995789   0.02792475  0.38579364  0.2344     -0.56937342 -0.37927413
  0.21733903  0.48298528  0.08403803]",0.6445233169451697,0.14184212782314976,35.91864226499456,0.8910343904085909,0.9167960168194875,0.07270479797297807,0.14333781155695405
559,"[1.00000000e+00 9.42787473e-02 4.49515176e-02 6.80407821e-01
 3.63888922e-02 1.36334316e-01 3.77426367e-08 3.12454262e-01
 1.00000000e+00]","[ 0.23692639 -0.49120535 -0.05751493  0.54014417 -0.44264051  0.21990291
  0.10013983  0.37239753  0.12051418]",0.8062936015779318,0.14569481203929946,29.925217901007272,0.8825775824626743,0.9092759348411478,0.07249658952991127,0.12762710832678947
560,"[0.86891181 0.33609012 0.4346253  0.12555562 0.10728223 0.0425247
 0.00206836 0.08743624 0.37203417]","[ 0.09544764 -0.27460491  0.3430334  -0.43720614  0.15344356 -0.21074921
 -0.00271476  0.46555063 -0.56741154]",-0.07805548610359812,0.13880662069160116,28.57653921097517,0.8968642566573578,0.9219502652253094,0.0718253035881093,0.14081596621142223
561,"[6.38073119e-11 4.19014760e-01 2.70107780e-01 9.32572273e-02
 8.23255244e-02 6.47762889e-02 1.31032732e-08 1.25530562e-01
 3.54767776e-01]","[-0.17284921 -0.22542299 -0.13158391 -0.50416494 -0.47289712 -0.55635034
 -0.33027765 -0.05501568 -0.05043386]",-0.2767826979791027,0.15784258311415564,42.34077002599952,0.8894467297910009,0.9153880102312945,0.07243903233449937,0.14704251013808245
562,"[1.         0.22937863 0.084019   0.1870822  0.08766006 0.08759269
 0.6822557  0.08753489 1.        ]","[ 0.17639222 -0.67278864 -0.08783282 -0.46259035  0.32472878  0.08087901
  0.34614295  0.19949979  0.1514315 ]",0.36874968729049057,0.13844510089114415,42.45970491101616,0.8995187893972765,0.92428851277612,0.07186305867848838,0.13639833969316276
563,"[3.38197380e-01 5.27227141e-01 3.00977222e-02 3.35191825e-01
 7.01383185e-02 5.22315702e-12 2.92742915e-01 5.86178404e-01
 1.00000000e+00]","[ 0.06810688  0.35136143  0.02882103  0.35209814 -0.6279823  -0.43551696
  0.25457856  0.31035799 -0.04397411]",0.4956002067639313,0.14878373876897633,43.06353330399725,0.89209336743559,0.9177341513598986,0.07226697881536649,0.14467097062234183
564,"[1.00000000e+00 9.99999999e-01 2.07000199e-10 1.05051667e-01
 1.71343292e-01 5.67445279e-10 2.67797629e-01 4.48882994e-02
 1.00000000e+00]","[ 0.36640729  0.64871535 -0.24846761 -0.12465275 -0.12335169 -0.21084741
  0.2148455  -0.47286313 -0.19547179]",0.8217294830390469,0.136281007027391,38.278445346019,0.8947427330329794,0.9200775650385821,0.07247240148801393,0.14032241151950414
565,"[0.93896557 0.30686398 0.98665994 0.12673414 0.07037987 0.16771299
 0.02129821 0.05050609 0.99999999]","[ 0.07826154  0.17642404  0.52371316 -0.01470412 -0.63604403  0.19006565
  0.23108507  0.31280687 -0.31037493]",0.33994355351423716,0.153064023256285,32.629963204002706,0.8857458426756859,0.9120990078374837,0.07203232412621272,0.13378746284090903
566,"[1.00000000e+00 8.92218939e-02 3.52714007e-01 2.80979039e-01
 9.43661304e-03 1.16973857e-01 1.82414636e-06 4.37429116e-01
 1.00000000e+00]","[ 0.45123634 -0.54697943  0.04567552 -0.12680921 -0.5472525  -0.34336724
  0.01136939  0.14464958  0.20147783]",0.6023360506779221,0.1388504140260799,32.617791894008406,0.8905050636291235,0.9163267878446192,0.07265913930020773,0.1512440620988838
567,"[0.30502307 0.08625224 0.09518583 0.45128246 0.01628765 0.12970595
 0.10027813 0.08156914 0.46896627]","[ 5.55410138e-04 -7.20475967e-01  2.34026170e-03 -4.60601543e-02
 -3.91304925e-01 -1.79382422e-01  1.00972812e-01 -5.09485715e-01
 -1.54007333e-01]",-0.21583422817270914,0.1392822453672966,31.66207694701734,0.9043046554111189,0.9284896529207503,0.07160425024211642,0.14783154781285623
568,"[1.92463546e-10 5.28198331e-01 3.20987516e-01 1.66902046e-01
 1.31643804e-01 8.40612379e-03 2.44071676e-01 6.73154407e-01
 9.99999977e-01]","[-0.18757887  0.10795397  0.38148054  0.07224483  0.21946828 -0.12884758
  0.46707336  0.52965924 -0.48882402]",0.2010557538551624,0.1483993854872292,31.778832885000156,0.8968642566573578,0.9219502652253094,0.07168942439349274,0.13229857155767932
569,"[6.94341555e-03 6.09964636e-01 7.65002942e-11 2.02325887e-01
 1.58402099e-01 1.28237381e-01 2.88948242e-08 5.45575238e-02
 1.14737095e-01]","[-0.04156703  0.267454   -0.40113896 -0.09203567  0.34388409  0.3922712
 -0.07019544 -0.28180207 -0.63315459]",0.1609827133752388,0.14006959001901947,30.566315474978182,0.9011129540109895,0.9256900166374378,0.07203052026559836,0.14555283860764728
570,"[0.72407071 0.43052664 0.02423012 0.18383849 0.88656498 0.08160318
 0.01059872 0.06276927 1.        ]","[ 0.08682676 -0.24109441 -0.24928003 -0.58534896  0.623556    0.03394624
  0.19787612  0.11838229 -0.29396752]",0.11657490287064295,0.13490186444379665,48.463240920973476,0.8984566196747441,0.9233535703093357,0.07150020984888535,0.13627410668144413
571,"[3.32239454e-10 3.18596920e-01 2.94457280e-02 4.08633920e-01
 9.13385814e-01 9.58587280e-02 3.05326399e-03 4.49774172e-02
 1.00000000e+00]","[-0.21691977 -0.305761   -0.27302349  0.25041133  0.65454915  0.23692353
  0.13205842 -0.46188794  0.08283187]",0.679900323449619,0.1341528722136821,37.1960980349977,0.9027082336955785,0.9270904056679998,0.07180013998169214,0.13230445561742094
572,"[2.34807155e-01 1.11985225e-01 5.19159547e-10 6.25816529e-01
 2.52588894e-02 3.27212472e-01 1.30187569e-07 6.88256018e-02
 6.30649008e-01]","[ 0.02033692 -0.56435469 -0.39297648  0.41094087 -0.28850253  0.30361357
 -0.06665267  0.24679728 -0.34208318]",0.09205989639196313,0.14495928478566517,30.228006843011826,0.9075010388921397,0.9312846081926843,0.07117237148297338,0.14310864012627605
573,"[1.58450165e-10 3.91829540e-01 3.59984794e-01 2.49082257e-01
 1.46820997e-01 1.51542263e-01 3.87193582e-02 4.88215406e-02
 2.57700878e-01]","[-0.09570251  0.16439843  0.35229524  0.33037218  0.28648118  0.40200668
  0.40949865  0.39086389 -0.40793616]",0.3063219901154748,0.15027137618100211,40.30297077499563,0.9016445887017706,0.9261569381577361,0.07048554034138593,0.13513239136116306
574,"[1.         0.14690371 0.03897861 0.21691891 0.00111977 0.25109448
 0.26380728 0.25800158 1.        ]","[ 0.41199798 -0.58068506 -0.23448273 -0.54275149 -0.19710942  0.14956137
  0.15126448  0.18217344 -0.1619023 ]",0.16215703792147093,0.14067542341124334,42.91806131301564,0.8995187893972765,0.92428851277612,0.07141420045806399,0.14409153132807329
575,"[0.33819737 0.22729421 0.21276763 0.29686205 0.12290033 0.89376443
 0.014222   0.03135859 1.        ]","[ 0.07253677 -0.36365353  0.19336302  0.06615851  0.42632212  0.49634557
  0.38589584 -0.33432259 -0.36322398]",0.1304482313685039,0.14402102943309347,38.29146262598806,0.9048370545999048,0.9289558101133676,0.07120300094562024,0.14438413817249862
576,"[5.97363294e-10 1.00970700e-01 3.01400369e-01 5.10166817e-01
 4.13911478e-02 6.11908113e-02 2.32079459e-07 1.02093441e-01
 5.51062024e-01]","[-0.24401226 -0.53292783  0.06908298  0.08764621 -0.57838347 -0.50084494
 -0.11592848  0.14969582 -0.15089823]",-0.11073268751620713,0.14252217964558062,45.76847018598346,0.8910343904085909,0.9167960168194875,0.07167265543756815,0.13844672294507
577,"[1.00000000e+00 2.00791585e-01 4.68042776e-02 2.31229479e-01
 1.06991632e-01 6.87220884e-02 2.86246225e-07 8.97710874e-02
 1.00000000e+00]","[ 0.1418435  -0.51654134 -0.21777301 -0.42882769 -0.02893812 -0.62678002
 -0.07341822 -0.19769741  0.20876323]",0.07362195532764479,0.1442753026880168,61.269321211992064,0.9037723862338595,0.9280233657462773,0.0711759564587907,0.14704459037568274
578,"[3.33970569e-01 1.58591510e-01 9.54411863e-01 3.26121643e-01
 3.06835368e-01 8.43962138e-04 8.01529501e-08 6.21887310e-02
 1.00000000e+00]","[ 0.10081632 -0.17206238  0.56203804  0.44788581  0.57726735 -0.10699417
  0.1988055   0.22650744 -0.09070587]",0.7892791804142443,0.1333745323778055,42.86442928499309,0.9059022473255467,0.9298877302417297,0.07136359070400115,0.14876457305449714
579,"[1.92083717e-01 3.45145986e-01 2.68922398e-09 1.63252077e-01
 1.81737221e-01 8.74442334e-02 2.74119560e-06 6.43922158e-01
 1.00000000e+00]","[-0.06244607 -0.45634621 -0.36728252 -0.65068184 -0.03956506 -0.26534667
 -0.04623337  0.08663958  0.38463895]",0.13430839345172413,0.1320675849510945,40.464744508004515,0.89209336743559,0.9177341513598986,0.07174580950392283,0.14186899593121377
580,"[2.64625471e-09 3.60491235e-01 8.16283139e-02 3.50693338e-01
 6.59624591e-02 1.43442195e-02 6.41134790e-01 4.70645945e-02
 6.24459557e-01]","[-0.1401735  -0.00875538  0.15521123  0.33747162 -0.19261813 -0.23829392
  0.47973873 -0.59960042 -0.39842372]",0.14229647874462656,0.1400276529011591,34.47965004097205,0.9011129540109895,0.9256900166374378,0.0709798679208189,0.1367529692466321
581,"[5.07322494e-10 2.41754064e-01 9.54411866e-01 1.87324886e-01
 1.99244511e-01 8.71990972e-02 6.04408194e-08 4.75323869e-02
 8.03793607e-01]","[-0.16078586 -0.38581794  0.42730122 -0.33758288  0.45697836 -0.01165465
 -0.2494316  -0.33971788 -0.37703378]",0.02213981853321387,0.13039759665488054,37.59856358700199,0.9064350430599738,0.9303534909810289,0.07114703359145906,0.13400158712161878
582,"[9.99999943e-01 1.16856484e-01 2.42301178e-02 8.65858729e-01
 6.73826738e-02 6.18346847e-02 1.56078657e-07 4.48883004e-02
 9.99999959e-01]","[ 0.10408511 -0.34345474 -0.24960784  0.67037872 -0.40384485  0.01436563
  0.0325065  -0.33842997 -0.28390998]",0.31293007197229483,0.14214095329496312,31.034272416989552,0.9192653333257419,0.9414885672573947,0.07052459809542087,0.13339414099410107
583,"[8.64635631e-10 4.70626927e-01 5.33076860e-02 1.55606503e-01
 8.09231042e-01 2.48798965e-02 6.59113207e-08 5.06978867e-02
 1.00000000e+00]","[-0.09334927 -0.37120068 -0.23679452 -0.62824978  0.15436137 -0.24010741
 -0.24616822 -0.50193329 -0.09333658]",-0.2849231404743165,0.1312850744637799,74.33471714099869,0.9043046554111189,0.9284896529207503,0.07092418926602913,0.12958261368019636
584,"[5.78294639e-03 3.17280909e-01 6.68924508e-11 6.06394188e-01
 8.14069969e-02 7.81310252e-02 2.32742126e-08 5.75707968e-02
 3.24545009e-01]","[-0.00747519  0.29672567 -0.3341795   0.56194316 -0.45428472  0.12978722
 -0.10319154  0.36435576 -0.34324774]",0.3175965883543265,0.13659465237031132,30.84002748999046,0.9187289565374818,0.941026386604194,0.07056513440283434,0.14789186097011653
585,"[1.08624431e-08 1.84803102e-01 6.54903723e-01 3.57104280e-01
 4.90196580e-02 1.73734870e-01 4.01096031e-07 4.58702379e-01
 1.00000000e+00]","[-0.03222354 -0.00630394  0.35216617  0.31890261 -0.67037234  0.21568341
  0.10571619  0.38812996 -0.33979822]",0.18619970862850724,0.12691129505606208,29.476830672996584,0.9144437809006034,0.9373231044418538,0.07043937891406248,0.13278472930833538
586,"[2.47464566e-10 7.34078298e-01 8.97851544e-11 1.66885443e-01
 8.84222744e-01 3.16735192e-03 9.32175657e-03 8.65948677e-02
 1.00000000e+00]","[-0.11543671  0.39964858 -0.14545983 -0.04844196  0.56248459 -0.15845167
  0.1691943   0.48785218 -0.44195915]",0.3840124184195556,0.13953582806114995,48.904974222998135,0.9123049271333655,0.9354677303650744,0.0711212443883072,0.14550292159754774
587,"[1.         0.36402142 0.87191403 0.07325388 0.14186364 0.04804444
 0.21370082 0.04574583 1.        ]","[ 0.15981386  0.01275281  0.47960307 -0.6216781   0.37848699  0.00691002
  0.38059944 -0.23374225  0.12248513]",0.7842408055916258,0.14141487830699517,33.51552271199762,0.9160495289064845,0.9387130277647794,0.07065989906360562,0.13265514355658817
588,"[2.75382781e-01 4.71330200e-01 2.41113954e-10 1.21234595e-01
 2.29758309e-01 7.86037093e-01 7.11101901e-08 8.32126825e-02
 1.00000000e+00]","[ 0.00762651 -0.19615422 -0.43671562 -0.67023526  0.23611857  0.35391486
 -0.23696416  0.24397158  0.15763142]",0.33876444300925074,0.13347189847504876,54.27262994897319,0.9160495289064845,0.9387130277647794,0.07044395090342769,0.1460754317551557
589,"[0.99999999 0.2363956  0.33109767 0.16125754 0.11258059 0.20364799
 0.23694447 0.06385565 0.64301537]","[ 0.16673892 -0.43753623  0.20553699 -0.15014758  0.27525739  0.38366385
  0.45504527  0.30422249 -0.43975939]",0.06074342472555651,0.13770664756912343,45.48979756000335,0.9128394151545094,0.9359317992437964,0.07046967084201576,0.1471345872391389
590,"[6.56309090e-11 1.95886601e-01 9.11951580e-02 9.51634978e-01
 1.82528013e-01 5.69855122e-02 1.85745234e-08 4.48882988e-02
 1.00000000e+00]","[-0.20303604  0.20253     0.34607513  0.77962001  0.35961196  0.12687105
  0.01848496 -0.11827526  0.17445587]",1.0551627227249984,0.13315590411328904,30.022632634994807,0.9149788747237455,0.9377865676844042,0.07020927345758983,0.12951497424745295
591,"[1.         0.32368166 0.0769773  0.17835923 0.74994533 0.16805529
 0.00976797 0.04792872 1.        ]","[ 0.09464766 -0.41428896 -0.11878875 -0.59550627  0.38865393  0.26844412
  0.19407939 -0.43113234  0.06334   ]",0.22634663448890113,0.1355415784801302,53.72163519100286,0.9080342412899183,0.9317499623662128,0.07036553203093285,0.13278690722489866
592,"[4.52285506e-10 6.71222155e-01 5.37865276e-02 1.78692389e-01
 1.38482694e-01 5.38966273e-03 4.42436065e-01 4.75200412e-02
 4.57180480e-01]","[-0.22057383  0.51977426  0.07858165  0.11764708 -0.27866039 -0.00254408
  0.43589174 -0.38709785 -0.49362086]",0.284315416159189,0.13943652243089258,32.48551831700024,0.9048370545999048,0.9289558101133676,0.07019413164653808,0.13623041939248837
593,"[0.81609866 0.32878046 0.34396848 0.16159725 0.04386723 0.02835142
 0.76307519 0.05508344 1.        ]","[ 0.10030314 -0.27174405  0.27213757 -0.07739288 -0.15621473 -0.39381821
  0.66158932  0.41047266 -0.22441453]",0.3586334884885305,0.12991918326642427,34.11846572600189,0.9091010609335288,0.9326802559671544,0.07059090338002431,0.1438262580307249
594,"[9.38965567e-01 1.16789901e-01 5.05927585e-01 3.65851095e-01
 6.26083035e-02 2.87539878e-02 7.63406815e-07 4.26622041e-01
 1.00000000e+00]","[ 0.05450497 -0.65008241  0.1378857   0.06322019 -0.36495693 -0.5756526
  0.07652958  0.26299989  0.10870886]",0.24965341199214144,0.13865875127663144,34.06064740399597,0.9128394151545094,0.9359317992437964,0.07039437730089348,0.13712910307369472
595,"[1.07406773e-01 5.50919235e-01 9.31580626e-02 2.75043156e-01
 3.14659820e-01 7.63237977e-01 2.92312209e-08 2.30762037e-02
 1.00000000e+00]","[ 0.04208475  0.29521811  0.22856436  0.3074447   0.43294726  0.45379124
 -0.41877708 -0.2910937   0.33291385]",1.0817930133917308,0.1336423471001651,39.78258232600638,0.9155141235668863,0.9382498759505629,0.07037671744782685,0.13967094713554218
596,"[0.87891331 0.32987252 0.49906198 0.190509   0.58483815 0.00406906
 0.11423801 0.06325076 1.        ]","[ 0.11668695 -0.11582477  0.39687414  0.12603977  0.60854108 -0.16322649
  0.44062585  0.23184307 -0.39332708]",0.31333406046342777,0.13830359832086891,36.179580244002864,0.9219497653538415,0.9437969232344016,0.07016634969293582,0.13433491700617717
597,"[1.         0.61310543 0.76594724 0.00871812 0.16591873 0.01425963
 0.00594983 0.07475857 1.        ]","[ 0.20546452  0.5093659   0.5410569  -0.49597985  0.043386   -0.06700551
  0.12928953  0.36554484 -0.05367716]",0.9085193246391079,0.14027272425555393,46.31327187898569,0.9144437809006034,0.9373231044418538,0.07038633845814138,0.133650115548738
598,"[0.96649399 0.98641592 0.02887443 0.06665995 0.25600309 0.04035662
 0.24236413 0.05438517 1.        ]","[ 0.12283797  0.67714782  0.00221426 -0.2861942   0.41976929  0.20930789
  0.38759758  0.27056054 -0.03191718]",0.9603040436418017,0.1293958287564726,32.788903245003894,0.9171208151082905,0.9396388560079088,0.06989536220791384,0.12878682742957953
599,"[0.99999998 0.48733282 0.09003682 0.16367082 0.08709243 0.01070831
 0.56436889 0.04577798 0.65520945]","[ 0.26737138  0.28701105  0.19248475 -0.11936529 -0.31143444 -0.03234975
  0.59121851 -0.03144741 -0.58844929]",0.3242335833640593,0.13356428101358897,35.54883373199846,0.9155141235668863,0.9382498759505629,0.07001425200009939,0.13822355494149496
600,"[2.75382791e-01 1.43608994e-01 4.79244374e-02 6.56389827e-01
 1.26693041e-01 4.23078005e-02 1.37516785e-06 4.48883097e-02
 3.98608498e-01]","[ 0.04366485 -0.57873385  0.01164812  0.33313565  0.37530874 -0.16240552
 -0.09756398 -0.52833034 -0.31009932]",0.0414920122758109,0.12785655346455943,35.79882253400865,0.9112363937480746,0.934539150068117,0.07022294458540586,0.13695920973345094
601,"[0.24953119 0.45373216 0.13806765 0.1767159  0.08100782 0.88630577
 0.10948955 0.05665517 1.        ]","[ 0.03827336  0.23153097  0.16871439 -0.11346162 -0.26796744  0.52949675
  0.4356661   0.43837851 -0.41162658]",0.22634625090606952,0.1385519793328564,38.89779536201968,0.9224871737034429,0.9442580726538378,0.06968875249739434,0.13553663468531207
602,"[1.00000000e+00 8.08379405e-01 7.42748992e-12 2.00515240e-01
 1.07343592e-01 3.21965410e-02 1.44450730e-03 4.78874184e-01
 1.00000000e+00]","[ 0.11612358  0.53006535 -0.35820446  0.24490627 -0.55988137  0.12809891
  0.19843819  0.37807522 -0.07114397]",0.6479427290485378,0.14389199917459417,39.910935185005656,0.9149788747237455,0.9377865676844042,0.07003703954259871,0.13774886515596785
603,"[1.         0.89118816 0.07439536 0.11124603 0.09724989 0.0984882
 0.35287638 0.04615466 1.        ]","[ 0.10129016  0.5852265   0.21335031  0.14088298 -0.52157376  0.28395184
  0.32816618  0.09904546 -0.33423496]",0.41776348820258047,0.1375861259328756,55.62827279799967,0.9198018776916145,0.9419505803846181,0.06977058102709634,0.13776174605183678
604,"[1.00000000e+00 3.98924301e-01 2.60536229e-01 4.78886142e-02
 6.06946260e-02 2.56724273e-01 2.50683364e-08 5.76029750e-02
 5.60969361e-01]","[ 0.06364859 -0.15886484 -0.14017008 -0.682528   -0.48137744  0.03796504
 -0.18013436 -0.44625561 -0.14304072]",-0.19434875196230905,0.1405609099390784,39.43459396099206,0.9235625270287396,0.9451798350449641,0.06956185972053128,0.13832427557645832
605,"[4.59284081e-01 2.75184660e-01 7.30748458e-02 4.17295332e-01
 1.23597047e-01 1.66315348e-01 1.16865471e-07 4.74516460e-02
 1.80143328e-01]","[ 0.11863616  0.09953085  0.26094822  0.48003467  0.28903263  0.44682264
  0.16873703  0.42482365 -0.43052776]",0.3539009803725425,0.1499522578299191,33.885191537992796,0.9171208151082905,0.9396388560079088,0.06974464510434468,0.13370098476263398
606,"[5.90676746e-02 7.42511979e-01 3.43233272e-01 6.26651701e-02
 2.48368501e-01 1.24979254e-10 4.00100634e-08 7.28783691e-02
 4.30542304e-01]","[ 0.00732443  0.3601977   0.38181334 -0.44936258  0.35760328 -0.41860428
 -0.04311607  0.25761944 -0.38879222]",0.3109761815871895,0.13460948842508186,32.49519784300355,0.9149788747237455,0.9377865676844042,0.0696829606136952,0.1269703209550773
607,"[0.33397057 0.15008322 0.77967763 0.34318328 0.06411958 0.07521684
 0.37100449 0.0448883  1.        ]","[ 0.10329312 -0.4947597   0.38951577  0.39109155  0.09645599  0.24057054
  0.51168952 -0.32847176  0.05450164]",0.6520304329327877,0.14091369560188183,35.76585930099827,0.9219497653538415,0.9437969232344016,0.06920173023128283,0.13999955519621998
608,"[9.99999998e-01 3.52068994e-01 8.91933379e-10 3.63601306e-01
 1.94567724e-01 1.04410702e-09 3.83736184e-01 4.52688437e-02
 6.06013234e-01]","[ 0.29998445  0.05807627 -0.212592    0.43444548  0.38741287 -0.25983819
  0.46109317 -0.30125852 -0.38952538]",0.48101725897587655,0.12917109980326313,35.887705687986454,0.9192653333257419,0.9414885672573947,0.06916963728704187,0.13725903668065076
609,"[6.60136617e-10 8.86508036e-01 3.36151409e-01 5.37430298e-02
 2.45593718e-01 8.93534102e-02 4.16830138e-01 4.29741066e-02
 1.00000000e+00]","[-0.00118866  0.55146853  0.4090361   0.1896512   0.39225961  0.25987787
  0.35998912 -0.1785888  -0.33122908]",0.5672797847675038,0.12746827390640114,36.79719558899524,0.920338591332829,0.9424124242892724,0.06941121357033521,0.14843502531458957
610,"[0.26225773 0.5688158  0.00159753 0.12862622 0.09397675 0.02072199
 0.39272841 0.05888312 0.5402477 ]","[-0.03183499 -0.11056614 -0.25185619 -0.59438    -0.47473363 -0.47566841
  0.03291952 -0.32217498 -0.11631711]",-0.2714489389999178,0.14518706905374718,52.892270515993005,0.921412533387405,0.9433355974894767,0.069617207336746,0.12987793490624178
611,"[1.         0.28114028 0.03477927 0.25258923 0.07385348 0.1668929
 0.01885437 0.05447881 0.23806462]","[ 0.33039393 -0.40920163 -0.25152073 -0.29455125 -0.05326776  0.18199655
  0.29274929 -0.54171866 -0.39780562]",0.03994658885775102,0.131249997053579,33.75191615099902,0.92410047583152,0.9456404441923325,0.06924916848818083,0.14474883529232918
612,"[1.00000000e+00 1.54604945e-01 4.08077873e-01 1.48576934e-01
 1.33019921e-02 6.11949306e-01 2.85637127e-08 7.96979520e-02
 1.00000000e+00]","[ 0.30706376 -0.5378407   0.10431262 -0.38344475 -0.42080561  0.37604342
 -0.05183234  0.32494041 -0.17823959]",0.28168700659844864,0.1321957725065596,37.88024625799153,0.9327341508251472,0.9529837061370092,0.06943817859922898,0.1333122911021183
613,"[2.75382781e-01 7.56139286e-01 6.79529403e-02 1.19360438e-01
 1.81371683e-01 2.43516179e-02 1.55843967e-08 7.98262395e-01
 1.00000000e+00]","[ 0.07975033  0.63945536  0.05358301 -0.43922506 -0.02581561  0.05781601
 -0.04687328  0.60904269 -0.10866326]",0.8309325204121232,0.13587960526748588,29.271225967007922,0.9273321050981531,0.9484001640078162,0.06945544643963154,0.14078350476640794
614,"[1.00000000e+00 3.57598320e-01 3.16769730e-02 1.91491077e-01
 2.17787179e-01 2.32619978e-02 9.30802559e-09 7.49147081e-01
 1.00000000e+00]","[ 0.27686103 -0.41089381 -0.23393641 -0.37882647  0.2116458  -0.61857993
 -0.16107053  0.25571227 -0.19367743]",0.07956682120839204,0.1286425349982731,48.6935591440124,0.9149788747237455,0.9377865676844042,0.06897764472833227,0.1332983014667232
615,"[1.         0.50247724 0.31058115 0.09179371 0.29931175 0.00196792
 0.03483366 0.56179359 1.        ]","[ 0.26377265  0.02956888  0.28477308 -0.43780147  0.44954774 -0.21512123
  0.31573597  0.43902274 -0.34056328]",0.37809477413895887,0.14085940104872025,40.31398634699872,0.9251769275615176,0.9465611085537405,0.06950833822972047,0.13486915299596938
616,"[0.27359685 0.21885974 0.11338652 0.37277583 0.11433238 0.04114914
 0.20368492 0.73218183 1.        ]","[ 0.05470964 -0.57774483  0.16725814  0.02553253  0.23019759 -0.21985181
  0.50508899  0.52199714 -0.0752922 ]",0.3440619771529817,0.13969583877293823,49.82740840499173,0.9192653333257419,0.9414885672573947,0.06928498129052034,0.12951873061448793
617,"[9.99999995e-01 1.43727622e-01 2.26419964e-10 5.03239395e-01
 4.83626738e-01 2.28857922e-01 6.92827372e-04 4.90740841e-02
 1.00000000e+00]","[ 0.0765853  -0.7049326  -0.33597619  0.19235805  0.36399747  0.26157092
  0.23378268 -0.16372138  0.254854  ]",0.5549521443891726,0.12545840971029532,41.66598873701878,0.9171208151082905,0.9396388560079088,0.06937007469888797,0.1328696729122913
618,"[1.16586925e-09 2.81858023e-01 2.52011734e-02 3.17968691e-01
 1.24181521e-01 1.02478577e-01 7.69190280e-03 9.78463920e-02
 1.32043487e-01]","[-0.12001783 -0.5353819  -0.38272231 -0.29748108  0.12136395  0.05648558
  0.10807727  0.46752808 -0.46455092]",-0.24904035090068422,0.13758267991380732,36.22665966700879,0.9171208151082905,0.9396388560079088,0.06950711030202379,0.12899721077946152
619,"[9.99999999e-01 1.89768947e-01 4.94801407e-02 3.78736881e-01
 1.21404755e-01 4.83606369e-02 2.19689537e-08 7.38679212e-01
 1.00000000e+00]","[ 0.12765806 -0.73970564 -0.05548032 -0.05358891  0.34034912 -0.2706001
 -0.14309967  0.40597155 -0.237143  ]",0.055216977665603205,0.13318763754975116,38.747913128026994,0.9311113297008127,0.9516108500211323,0.06973614188263628,0.12640597273486753
620,"[3.33970570e-01 2.67505866e-01 4.51294824e-01 9.26385975e-02
 1.33731612e-01 7.11783968e-01 2.14323769e-08 4.92896878e-02
 1.00000000e+00]","[ 0.01416952 -0.5006759   0.12431582 -0.66675663  0.30521155  0.40221173
 -0.1678138   0.00829413 -0.07710653]",0.11554072591945555,0.14683789895795304,44.93550465599401,0.932192992544572,0.9525263052467499,0.06902973918355175,0.12478745983739492
621,"[4.89778486e-11 2.40273137e-01 2.32881180e-11 3.48866325e-01
 4.58688681e-02 4.06606926e-01 2.14627189e-02 6.12224196e-01
 1.00000000e+00]","[-0.23778941 -0.33039409 -0.52570339 -0.05347913 -0.13481408  0.40629416
  0.31059857  0.3974771  -0.34258221]",-0.03159446887624672,0.12809166509738967,44.44913660999737,0.92410047583152,0.9456404441923325,0.06919679740635308,0.13354732806266922
622,"[9.99999998e-01 2.15504835e-01 3.65490354e-01 6.98425485e-01
 1.54609697e-01 3.45560233e-04 1.56713387e-04 4.48882991e-02
 1.00000000e+00]","[ 0.12339753  0.20821758  0.36418866  0.6605495   0.26998664 -0.0981866
  0.1989236  -0.47235083 -0.16504597]",0.6182122786390952,0.12798850719780264,31.48485695599811,0.9208754759779967,0.9428740972439189,0.06958816484788082,0.13511436536668855
623,"[0.00134645 0.55290067 0.11305067 0.20179457 0.16101081 0.91504423
 0.0326946  0.03429815 1.        ]","[ 0.01228257  0.32275806  0.25537573  0.18606181  0.37349122  0.61690162
  0.43984755 -0.28677753  0.00837204]",0.8824314865554284,0.13858859706824844,39.29472596000414,0.932192992544572,0.9525263052467499,0.06882358465303526,0.13907809058269682
624,"[2.58578151e-01 3.84457554e-01 3.04967125e-01 1.06102468e-01
 8.41272500e-02 1.35614902e-01 1.00894073e-07 8.06990754e-01
 1.00000000e+00]","[-0.0090403  -0.35993654 -0.01609181 -0.75078117 -0.02105102  0.17589773
 -0.13005233  0.3803169  -0.3368901 ]",-0.2331796570453072,0.14409256107884216,33.89790130700567,0.9246386086735486,0.9461008693636581,0.06930016281755576,0.13230950542745432
625,"[0.93896557 0.20175299 0.04699048 0.24544649 0.01896081 0.10942139
 0.29993513 0.50013517 1.        ]","[ 0.05965348 -0.63349334 -0.17876503 -0.42384881 -0.20302576  0.02742314
  0.32773193  0.39968167 -0.27275952]",-0.15964426134867832,0.14573673256408026,35.06510850900668,0.9273321050981531,0.9484001640078162,0.06882352527098719,0.1456469451908134
626,"[4.54443499e-11 1.19444164e-01 9.17345520e-11 4.66980907e-01
 6.46802587e-02 1.80785183e-01 2.04072551e-08 8.33456450e-02
 4.11897095e-01]","[-0.43784694 -0.68026645 -0.40415696 -0.07146557  0.16253549 -0.01424036
 -0.20544921 -0.30095073 -0.13295168]",-0.18653387117628628,0.12919634596884003,36.87734793499112,0.9267930211610322,0.947940689592203,0.06899725050207738,0.1341509121366632
627,"[0.34796752 0.44449509 0.02584018 0.31452204 0.10519629 0.01292599
 0.28656924 0.04526906 0.25146865]","[ 0.13848313  0.04308417 -0.22324165  0.24574301  0.16779908 -0.15851609
  0.61040032 -0.12540374 -0.65356039]",0.15935928595764481,0.14253877725788877,31.972148353990633,0.9267930211610322,0.947940689592203,0.06913852119518432,0.1448747437019381
628,"[0.27115597 0.3400039  0.61260425 0.23035866 0.13382834 0.00262257
 0.03094157 0.64274913 1.        ]","[ 0.09239698  0.12473532  0.45228668  0.27665453  0.16362887 -0.05684343
  0.39663644  0.53515692 -0.47019565]",0.316064649508664,0.1359900583954422,32.367255610995926,0.9257154345412206,0.9470211597183252,0.06860472331363802,0.1266737078311606
629,"[9.99999993e-01 9.99999998e-01 4.13541265e-10 1.30326411e-01
 4.03888569e-01 7.27312607e-02 1.90786490e-07 4.49387851e-02
 1.00000000e+00]","[ 0.15538663  0.7461822  -0.12280018  0.20819886  0.45165544  0.12776827
 -0.04688587 -0.37111243  0.02000954]",1.123746046571726,0.13697261860068766,40.324750772997504,0.9338171347399997,0.9538978408483708,0.06844930559472519,0.12572972847368025
630,"[0.99999999 0.31889939 0.07388917 0.2650569  0.14542132 0.00254998
 0.78415808 0.04532578 1.        ]","[ 0.11560146 -0.27042524  0.11135797  0.12699247  0.30710509 -0.43118283
  0.51751064 -0.52770915 -0.24176935]",0.25493348255343895,0.1264626889347764,55.14727569601382,0.9370716340824761,0.956634699855787,0.06869753771639923,0.1265944812109414
631,"[1.81877633e-01 2.21641330e-01 5.76222453e-02 6.60974084e-01
 7.03138626e-02 6.53861771e-02 7.52620378e-08 6.43268269e-01
 1.00000000e+00]","[ 0.07158073  0.1548085   0.2625893   0.7137852  -0.38672287  0.16945475
  0.0868205   0.45299247 -0.03819187]",0.7713472293929226,0.13596445881279928,43.06089171799249,0.9257154345412206,0.9470211597183252,0.06798995600669987,0.1258156508849787
632,"[3.28257510e-01 1.89468461e-01 7.47276655e-01 1.91130176e-01
 7.58177542e-02 6.00302880e-02 1.44522353e-08 9.14296933e-02
 6.02319115e-01]","[-4.11742834e-04 -5.91274607e-01  2.86327227e-01 -4.64677071e-01
 -1.39486463e-01 -6.12980468e-02 -3.08001838e-01  3.44404075e-01
 -3.40283537e-01]",-0.17473701959696084,0.13133396676458892,32.89145905399346,0.9284108652950581,0.9493185207369013,0.06836915704221971,0.1346624581942123
633,"[1.79403342e-09 1.65763239e-01 2.26047847e-01 4.19918581e-01
 2.51216006e-02 8.31163928e-01 2.25319205e-07 5.81934603e-02
 1.00000000e+00]","[-0.0574014  -0.18650867  0.31786176  0.34367591 -0.46247578  0.51833106
  0.11876947  0.27945378 -0.409901  ]",0.2108129391524174,0.12877787914833022,32.553078759025084,0.9392461732014321,0.9584544019405131,0.06813434380346939,0.13434903800716985
634,"[0.33819738 0.13015242 0.04467243 0.47075435 0.00396049 0.30343206
 0.52578106 0.05645474 0.99999999]","[ 0.05327012 -0.58283226 -0.04345773  0.22396147 -0.42409299  0.26491069
  0.39193576 -0.34214122 -0.29105799]",0.020049958646923827,0.13015496782723818,35.901232274016365,0.9284108652950581,0.9493185207369013,0.06877416765975362,0.12342374122201277
635,"[6.21043082e-02 6.71284531e-02 9.99999987e-01 3.37797782e-01
 8.73382749e-02 7.60696936e-02 4.72467083e-07 6.16639069e-02
 1.00000000e+00]","[-0.0753769  -0.84009947  0.44722376 -0.09880995  0.08321438 -0.04453237
 -0.20460856 -0.16730585 -0.00387634]",0.34245722376267757,0.13060789249742305,37.576334562996635,0.9354433217491056,0.9552673325294242,0.0687776016314524,0.13199967108956287
636,"[2.69109002e-01 3.98255029e-01 3.39580349e-01 1.99661385e-01
 8.46102203e-01 8.43961869e-04 2.70326602e-02 7.42768894e-02
 1.00000000e+00]","[ 0.05069794 -0.18882998  0.28074791 -0.09236549  0.52713741 -0.54740954
  0.27659226  0.45820603  0.10215223]",0.604548935381599,0.13282298688237826,61.228380827989895,0.9327341508251472,0.9529837061370092,0.06787685512711232,0.13687789148948154
637,"[9.17963208e-02 1.87318922e-01 1.25142399e-01 3.52821629e-01
 4.75370417e-02 1.35228019e-01 1.40030839e-07 8.43703820e-01
 1.00000000e+00]","[-0.07735461 -0.60954798  0.10448051 -0.16147896 -0.06604916  0.20339559
 -0.28397784  0.50978245 -0.44634301]",-0.1570517189807579,0.1333939456953639,39.83192128399969,0.9414248668945246,0.9602699515597581,0.06821493410943376,0.1350689043296188
638,"[5.42270260e-10 5.13743326e-01 3.21001543e-01 6.31777206e-02
 7.24721266e-02 1.89077471e-01 5.71105798e-01 4.79153881e-02
 8.11048101e-01]","[-0.15075526  0.0767571   0.08436856 -0.53263922 -0.40053857  0.31160045
  0.332335   -0.42969551 -0.35769797]",-0.058147143838216925,0.13849838290220923,34.822075078001944,0.9284108652950581,0.9493185207369013,0.06852176114177165,0.1306894742718089
639,"[2.44860038e-10 3.03765474e-01 1.09603362e-01 2.34199434e-01
 1.75222285e-01 5.58274494e-02 8.19620255e-03 8.56548212e-01
 1.00000000e+00]","[-0.25510355 -0.59485212 -0.07851028 -0.52905624  0.2942219  -0.27438972
  0.05193447  0.26911886 -0.24089495]",-0.28692545197869446,0.1364845906366826,37.90754945500521,0.9305708198575118,0.9511528009612411,0.06859123610706919,0.1293752203180908
640,"[1.         0.10733969 0.08217535 0.52586022 0.07635641 0.04363123
 0.1053676  0.46325919 1.        ]","[ 0.40479002 -0.75586988  0.10274439  0.19866879  0.11826715 -0.19643822
  0.23055315  0.28704314  0.16326803]",0.7575661006656633,0.13032026242395356,35.11337610599003,0.9289505461176503,0.9497773984912372,0.06813723011964577,0.1455622461819236
641,"[4.71585521e-11 2.05811825e-01 7.69112042e-01 2.01809179e-01
 6.31676460e-02 9.19711762e-02 4.70889513e-01 4.60374366e-02
 1.00000000e+00]","[-0.21220717 -0.65044596  0.25744723 -0.44634448  0.03210468  0.05554232
  0.3302457  -0.38139938 -0.08799047]",0.031156265188690344,0.13167925104935488,39.15816490599536,0.9370716340824761,0.956634699855787,0.06830569952028474,0.1352809961543489
642,"[1.00000000e+00 3.50885153e-01 1.20911436e-11 1.90375474e-01
 2.07727985e-01 2.90374728e-02 3.72446622e-03 6.58226776e-02
 4.15460169e-01]","[ 0.05721799 -0.46707482 -0.49702455 -0.46801118  0.0765275  -0.35767493
 -0.07485471 -0.40212852 -0.10677527]",-0.2613673901548276,0.13082286733663062,57.89679610301391,0.9365286219582771,0.956179151980602,0.06828647390062889,0.13976354914419886
643,"[1.         0.328248   0.03524764 0.17003779 0.0569284  0.16269322
 0.40045157 0.06496844 0.63693054]","[ 0.08837018 -0.31016824 -0.20913892 -0.6154094   0.07128941  0.32936546
  0.38789759  0.26073584 -0.37617423]",-0.1351355678224796,0.13595589080446374,33.58123054599855,0.9463434302450716,0.964338444858914,0.06769094579969717,0.12225290898033975
644,"[6.37510446e-10 6.43614977e-01 2.74771632e-10 2.45443094e-01
 1.69209890e-01 7.84812463e-03 1.90749617e-07 9.15391679e-01
 1.00000000e+00]","[-0.19073656  0.49313655 -0.40629781  0.16445186 -0.09893757 -0.27222944
 -0.17399696  0.5456076  -0.34125281]",0.4970677425442574,0.12344385481138337,31.759524791996228,0.9408797909989792,0.9598164664154308,0.06812825382487832,0.12653529731677432
645,"[1.00000000e+00 6.63818087e-01 1.41006553e-02 1.30922874e-01
 2.97755171e-01 4.29511107e-11 5.00702120e-01 4.58384276e-02
 8.60524537e-01]","[ 0.12990241  0.41068926 -0.12497805 -0.17710996  0.51450223 -0.27930333
  0.43366848 -0.22118608 -0.43331017]",0.3648969237197475,0.12862826059020022,46.31533558299998,0.9403349859831179,0.9593627105354603,0.06751037405843567,0.1301118594210447
646,"[9.99999976e-01 4.14620345e-01 4.32152330e-01 4.65557004e-01
 7.24788611e-02 1.51749922e-02 1.88860027e-07 5.23119614e-02
 8.49247141e-01]","[ 0.09665813  0.39602038  0.33273762  0.52546476 -0.58775553 -0.09996382
  0.07826712 -0.04558948 -0.28869372]",0.3576093892950032,0.13997600445945135,37.63873528901604,0.9267930211610322,0.947940689592203,0.06796164906199866,0.12251707004298218
647,"[0.27538277 0.52452181 0.05807459 0.16747915 0.23662078 0.193678
 0.01376802 0.06342849 0.22249064]","[ 0.02878195  0.09496928 -0.06758261 -0.37367212  0.4334056   0.45839558
  0.09411729  0.47799159 -0.45896974]",0.11206392042467116,0.13729142411312162,39.41482580101001,0.9338171347399997,0.9538978408483708,0.06840316736091531,0.12982750690630995
648,"[3.18649518e-01 1.76845200e-01 9.54411868e-01 1.90115748e-01
 3.16075679e-01 8.96262540e-02 9.16475466e-09 5.39687287e-02
 1.00000000e+00]","[ 0.00625686 -0.70001781  0.36355672 -0.44152542  0.40461218  0.04419865
 -0.04009927 -0.05119291  0.1136861 ]",0.38401358081116743,0.13116210152108276,33.68443311701412,0.9387021579765266,0.9579998566764899,0.06790034735919102,0.12797707254871798
649,"[2.75382781e-01 3.34658660e-01 6.91515069e-02 3.44225307e-01
 2.05860643e-01 1.74263563e-02 1.72902146e-07 6.87292772e-02
 8.21133030e-02]","[ 0.05591198 -0.38283063 -0.01776106 -0.01780599  0.6071725  -0.3352157
  0.1209064  -0.09886031 -0.58673872]",-0.05590016418860643,0.1247831091445844,39.97061156301061,0.9381583987067307,0.9575450555851267,0.06761024885915316,0.13952206022218178
650,"[9.99999999e-01 5.43734996e-02 7.75329035e-01 3.22481722e-01
 8.76467058e-02 3.29925944e-02 1.37723996e-07 6.95664959e-02
 9.93323444e-01]","[ 5.32773742e-02 -8.61405410e-01  1.07860500e-02 -1.57718439e-01
  1.25021110e-01 -4.19935813e-01  7.60977058e-04 -1.48233256e-01
 -1.27282183e-01]",-0.1757003565485623,0.13266052781573165,37.82900414598407,0.9381583987067307,0.9575450555851267,0.06754690148712177,0.13752346763592616
651,"[0.27538278 0.30825342 0.0242301  0.26004021 0.15853916 0.93077235
 0.01591661 0.06516412 1.        ]","[-4.36125271e-04 -2.89199013e-01 -1.88550028e-01 -3.06480735e-01
  3.40138811e-01  4.91988694e-01  2.81490493e-01  4.27508439e-01
 -4.08820912e-01]",-0.03816011514619879,0.1263448859404025,33.363470433978364,0.9447012404539145,0.962984947529998,0.06737134499627515,0.15480230332722517
652,"[0.93896553 0.41245831 0.01283296 0.23294041 0.19660363 0.00451947
 0.62587004 0.04500904 0.78245665]","[ 0.12050471 -0.02027557 -0.05604517  0.20149784  0.44630143  0.0568097
  0.62720671 -0.2620581  -0.52616544]",0.2080591911851334,0.12701416797164922,48.27791187199182,0.9365286219582771,0.956179151980602,0.06747087681363059,0.13959992203348182
653,"[3.51526455e-10 3.57439947e-01 3.73159160e-02 3.54431549e-01
 1.12531432e-01 8.26819807e-02 1.51082165e-03 5.29923993e-02
 3.61390797e-02]","[-0.33006073 -0.29347165 -0.40249281 -0.04389692  0.06298165 -0.0904486
  0.0988774  -0.37751379 -0.6903375 ]",-0.18067152346340232,0.12874241798392236,33.54900632801582,0.9392461732014321,0.9584544019405131,0.06766717932334534,0.12706613785108262
654,"[0.34814296 0.4379705  0.66963802 0.04053768 0.18076894 0.04389781
 0.01755979 0.43248525 1.        ]","[ 0.03586234 -0.09551442  0.28193443 -0.82147075  0.26070296 -0.04210268
  0.22347242  0.33483792  0.05911549]",0.37927708903720614,0.12929549844956773,54.20185308801592,0.9414248668945246,0.9602699515597581,0.06806139679943612,0.13430205541061277
655,"[2.75382781e-01 2.12620873e-01 4.24054804e-02 5.97458103e-01
 7.40121265e-01 1.91494442e-02 5.63971433e-08 6.60370797e-02
 1.00000000e+00]","[ 0.09459282 -0.13774696  0.0697742   0.6162189   0.56219232  0.19150104
  0.07335021  0.44912544 -0.16630406]",0.6509976417363075,0.13204891405544195,32.50691002397798,0.9447012404539145,0.962984947529998,0.0672335255934746,0.12388389893426388
656,"[1.90553622e-01 3.15577287e-01 1.41468975e-01 4.73679743e-01
 6.29252699e-01 3.08133732e-01 1.72606082e-07 2.63914944e-02
 1.00000000e+00]","[ 0.0689646   0.13582517  0.32372115  0.57603389  0.48089641  0.43014284
 -0.00598262 -0.04380502 -0.34920782]",0.4594398557729463,0.1371384676129191,34.63535220202175,0.9436079602345211,0.9620811039124588,0.06766611481181524,0.13099716134098527
657,"[9.99999999e-01 2.68535672e-01 3.33908226e-11 7.20076047e-01
 8.11080130e-02 5.69682111e-11 3.27385489e-01 4.48882987e-02
 1.00000000e+00]","[ 0.1195175   0.3475283  -0.06772705  0.70927936 -0.26280274 -0.04732162
  0.37623572 -0.34237729  0.16491008]",0.9749763820502906,0.13326011526774728,27.63350452700979,0.9403349859831179,0.9593627105354603,0.06739630121217897,0.13782713772842625
658,"[3.28522059e-10 9.69850201e-01 1.96082219e-01 1.92102385e-02
 1.39759028e-01 5.74028014e-02 3.50397653e-08 1.03926392e-01
 7.19688979e-01]","[-0.06344735  0.48906522 -0.00913592 -0.5929515  -0.4893934  -0.01797776
 -0.17982203  0.16960924 -0.32277291]",0.1770395087781862,0.12950358938760576,44.160032837011386,0.9463434302450716,0.964338444858914,0.06680539207521816,0.12584885203514934
659,"[5.42553519e-10 7.93575329e-02 2.84488221e-10 8.67596756e-01
 1.02540198e-01 1.98829656e-02 2.39465773e-07 6.45052704e-02
 1.00000000e+00]","[-0.22374171 -0.50597863 -0.43874949 -0.01838662 -0.09702936 -0.61764915
 -0.12083264  0.02925569  0.30777347]",0.23132508964702173,0.12853132106991563,29.713707055983832,0.9376148918837461,0.9570900021710403,0.06772210438336694,0.12786743503244077
660,"[1.00000000e+00 1.20592042e-01 4.81632277e-02 3.74231181e-01
 2.33209624e-02 9.03086206e-02 4.42371783e-08 1.10481841e-01
 4.61451986e-01]","[ 0.33194712 -0.53431601 -0.13797419 -0.18523708 -0.36291203 -0.6227168
 -0.11407127  0.08722559 -0.10423982]",0.08838109951108096,0.13085931650057617,34.83510139901773,0.9403349859831179,0.9593627105354603,0.06676480858056619,0.12330993028882103
661,"[5.63739501e-01 1.95937103e-01 2.40618030e-01 5.95361973e-01
 6.36240625e-02 3.45571862e-04 3.31739316e-01 2.39599211e-01
 1.00000000e+00]","[ 0.12083734  0.05257855  0.37673544  0.66194053 -0.10651686 -0.1032551
  0.43328001  0.42811269  0.0975678 ]",0.9002329885500092,0.14050055732759859,32.374034175009,0.9490867995625364,0.9665878914851012,0.06700641665492885,0.1256053866322298
662,"[9.90096570e-01 6.79538142e-01 3.01339070e-01 7.54163028e-02
 6.86831074e-02 4.81433485e-02 2.93185538e-07 7.14850136e-02
 6.11018157e-01]","[ 0.07120112  0.31920274  0.19768324 -0.21979624 -0.83710956 -0.16764609
 -0.00949222  0.02974781 -0.27535123]",0.09871547672539098,0.12376482254656815,33.820511120022275,0.9485374621303552,0.966138665286947,0.06678086368148303,0.13424474159963118
