iteration,batch_directions,batch_sources,batch_points,batch_support_values,batch_size_applied,best_gap,ci_lower,ci_upper,mean_gap,max_gap
0,"[[ 0.48017253 -0.18111077  0.20970731  0.11344885  0.25437012  0.48056596
   0.37625114  0.34898258 -0.34753973]
 [ 0.26355936 -0.14058105  0.26239126  0.58468531  0.47096459  0.28503581
  -0.00419572  0.36138974 -0.25767062]
 [-0.03170284  0.44391051  0.33182937  0.30829566  0.27335902  0.47372572
   0.49523763  0.10569839 -0.20299698]
 [ 0.0502297   0.22049239  0.2816352  -0.30920622  0.31349289  0.31172463
   0.21172709  0.52695081 -0.50594235]]","['prob_main', 'random_fill', 'random_fill', 'random_fill']","[[1.00000000e+00 2.48734362e-01 1.66318618e-01 2.40711083e-01
  1.08604965e-01 8.16706234e-01 1.93352727e-02 5.04126911e-02
  9.99999992e-01]
 [1.00000000e+00 1.81857885e-01 5.26177187e-02 6.15537330e-01
  5.09405925e-01 1.03121424e-01 3.33701812e-08 4.93174455e-02
  1.00000000e+00]
 [1.51856441e-09 6.83516877e-01 1.77590958e-01 1.49147495e-01
  1.42374084e-01 2.74216705e-01 6.27704882e-01 2.70401706e-02
  1.00000000e+00]
 [2.55601038e-01 5.70097800e-01 3.04354522e-01 9.99418104e-02
  1.49153469e-01 7.18464881e-02 1.16874973e-02 6.79989459e-02
  1.93376741e-01]]",[0.5947461  0.6411533  0.68787869 0.20297935],4,1.9354495062325605,5.395411025929977e-05,0.0023346635863319577,0.7713475662211561,1.9354495062325605
1,"[[ 0.09957129 -0.31841579  0.3938405   0.22252388  0.04689979 -0.00565941
   0.60865647  0.55798943 -0.00481722]
 [ 0.26055754 -0.40951626 -0.01354995 -0.20043756  0.57215845  0.23763621
   0.51997044  0.01210777 -0.26399863]
 [ 0.32224036 -0.27252601  0.34803701 -0.41050677  0.53974126 -0.0541132
   0.30590612 -0.37884613 -0.02988901]
 [ 0.5609552   0.42193954 -0.196983    0.25954489 -0.04593491 -0.41685273
   0.14994414  0.449877    0.01953617]]","['prob_main', 'random_fill', 'random_fill', 'random_fill']","[[3.33970569e-01 2.62558666e-01 5.26827882e-01 2.26792845e-01
  5.06955286e-02 2.13674445e-02 6.30586542e-01 1.44024733e-01
  1.00000000e+00]
 [9.99999977e-01 3.48938622e-01 7.13103834e-02 2.05722734e-01
  4.40362084e-01 4.11535507e-02 5.07685194e-01 5.51115024e-02
  9.99999995e-01]
 [1.00000000e+00 3.26132228e-01 5.38184628e-01 1.15817669e-01
  5.90075864e-01 8.72623531e-02 1.80466587e-02 4.84956171e-02
  9.99999998e-01]
 [1.00000000e+00 5.70381700e-01 6.82828336e-11 2.35969106e-01
  1.54927291e-01 1.55951430e-03 3.11620917e-03 8.03521465e-01
  1.00000000e+00]]",[0.66921836 0.33784708 0.64415052 1.23658896],4,0.9127521554109435,0.0012531266575342055,0.006173289325202822,0.4493661528607692,0.9127521554109435
2,"[[ 0.23490261  0.60965035 -0.23168924  0.48547901 -0.13036315 -0.03850753
  -0.36878998  0.01205445 -0.35937264]
 [ 0.22431525  0.34030133 -0.17339355  0.63923618 -0.30531786  0.02485566
   0.13948769 -0.3506634  -0.39866154]
 [ 0.44737938 -0.358268    0.41906251 -0.03143337 -0.14922711 -0.3758826
  -0.17035083 -0.1936221  -0.51461529]
 [ 0.20770494  0.57231558  0.28717854  0.4075096  -0.38667499 -0.10761109
   0.07825795 -0.36865279  0.27865941]]","['prob_main', 'random_fill', 'random_fill', 'random_fill']","[[1.00000000e+00 8.48353220e-01 1.20171148e-10 2.19998611e-01
  1.67766850e-01 5.37593217e-03 1.70643999e-08 5.44724763e-02
  5.77194999e-01]
 [9.99999989e-01 3.59820008e-01 1.64354203e-09 4.79622584e-01
  9.94879736e-02 5.69136010e-02 4.47435456e-07 4.58617710e-02
  3.62114806e-01]
 [1.00000000e+00 2.09293155e-01 7.07775876e-01 2.38225322e-01
  9.13460300e-02 1.31036114e-02 8.97213843e-08 6.44234380e-02
  6.25390473e-01]
 [1.00000000e+00 9.99999999e-01 1.34451692e-01 2.21059752e-01
  1.04220570e-01 1.83569937e-02 4.24104956e-07 4.51924952e-02
  1.00000000e+00]]",[0.63005707 0.46395052 0.30864441 1.12844033],4,0.8491528735844529,0.002573531490308808,0.008851453729749386,0.39745518175295635,0.8491528735844529
3,"[[-0.07954683 -0.5332742   0.09243518  0.35221948 -0.2124726   0.30390431
   0.40805142  0.33704114 -0.39885207]
 [-0.31430701 -0.36338228  0.59468476  0.50142491 -0.14314609 -0.04831
   0.04447426  0.02035447 -0.37265345]
 [-0.17757194 -0.18879003  0.46020152  0.5330798  -0.17370276 -0.27076347
   0.26359752  0.32002843 -0.40184533]
 [-0.3548283   0.52043931  0.11766317  0.61162401  0.25909796  0.11586909
  -0.02192703  0.34680671 -0.11831382]]","['prob_main', 'random_fill', 'random_fill', 'random_fill']","[[1.11931855e-09 1.42979765e-01 5.60235821e-02 5.03698382e-01
  2.28073932e-02 1.63239296e-01 2.32983866e-01 7.25976085e-02
  5.12695581e-01]
 [1.08171845e-09 1.30634649e-01 9.99999972e-01 4.53293937e-01
  8.63307935e-02 2.15463075e-02 3.89616114e-07 5.80429197e-02
  9.95592967e-01]
 [8.93441888e-10 1.47346836e-01 9.54411843e-01 4.30899293e-01
  8.98072975e-02 1.57544074e-09 4.41081903e-03 7.09819682e-02
  8.94227874e-01]
 [9.83766649e-11 7.59444385e-01 3.21356674e-02 3.82715415e-01
  1.96758486e-01 3.14952799e-02 4.68239337e-08 5.53552873e-01
  1.00000000e+00]]",[0.06615477 0.39127877 0.29004573 0.76139491],4,0.8159420871503635,0.004768802607230218,0.012649997439923887,0.36584697675992595,0.8159420871503635
4,"[[-0.26305246  0.00667748  0.60524428 -0.26105869 -0.16935931  0.50529582
   0.08693511  0.42278301 -0.16117355]
 [-0.22370681  0.53362654  0.6351828  -0.18034658  0.44088891  0.13704787
  -0.05337448 -0.11483965 -0.0037103 ]
 [-0.33529731 -0.43994374 -0.00387083  0.21910182  0.54388298 -0.12614036
   0.11594094  0.24964185 -0.50844979]
 [-0.0880871  -0.52186077  0.11979423 -0.15801334  0.50351556  0.45481709
   0.30594863  0.35158542  0.05458711]]","['prob_main', 'random_fill', 'random_fill', 'random_fill']","[[1.75397769e-10 3.01272885e-01 9.54411868e-01 1.44488789e-01
  9.32705522e-02 4.22487103e-01 6.63155580e-08 4.25316605e-02
  1.00000000e+00]
 [4.61563582e-09 6.20567955e-01 9.15220155e-01 4.95257775e-02
  2.23884624e-01 8.53598479e-02 1.35379702e-06 4.48883085e-02
  1.00000000e+00]
 [7.71542272e-10 2.82447597e-01 5.55223942e-02 4.30808100e-01
  1.78053010e-01 2.77229398e-02 1.86801664e-03 7.44016612e-02
  1.24481818e-01]
 [5.11824942e-11 2.62288538e-01 1.85661559e-01 2.65238589e-01
  6.58558871e-01 3.64178592e-01 1.59118729e-02 6.26875673e-02
  1.00000000e+00]]",[0.59643686 1.00509314 0.01875548 0.42217649],4,0.6709808534302196,0.008306936494150655,0.018100357576854038,0.3334287045572726,0.6709808534302196
5,"[[ 0.32151718  0.4892854   0.10380497 -0.24208755  0.54204632  0.39999027
   0.24595458 -0.21757807  0.16187755]
 [ 0.23035035  0.59108865 -0.28768437 -0.24984184  0.11498389  0.54566709
  -0.12496843  0.30460649 -0.18164139]
 [-0.37885433 -0.49846006  0.29904433 -0.37989404  0.24183293 -0.01575574
   0.39792503 -0.21155585 -0.33530337]
 [ 0.35878122  0.47716805 -0.21907448  0.1013443   0.6185797   0.03765856
  -0.0194524   0.15860953  0.41919924]]","['prob_main', 'random_fill', 'random_fill', 'random_fill']","[[1.00000000e+00 7.86313465e-01 6.50404426e-02 8.60860434e-02
  6.18679621e-01 1.57843658e-01 3.04850884e-04 4.64934529e-02
  1.00000000e+00]
 [1.00000000e+00 8.50588216e-01 2.43756681e-11 8.14353746e-02
  1.60016414e-01 5.29394712e-01 1.05495244e-08 4.77034002e-02
  1.00000000e+00]
 [2.47524487e-10 2.31458854e-01 7.39953001e-01 1.91693571e-01
  1.29746829e-01 4.24933634e-02 5.00759785e-01 5.62103539e-02
  1.00000000e+00]
 [9.99999997e-01 6.57445668e-01 4.15792578e-10 1.64968976e-01
  7.99897758e-01 2.21665454e-02 1.74244924e-07 6.90597513e-02
  1.00000000e+00]]",[ 1.24248556  0.85293939 -0.0841401   1.615     ],4,0.6584488755184352,0.007104564309876558,0.016306701312664172,0.30495119267421,0.6584488755184352
6,"[[ 0.47705658  0.47634989  0.13507244 -0.26088226  0.00349144 -0.03506867
   0.62372871 -0.19198054 -0.17907443]
 [ 0.55628048  0.03293983 -0.00403974 -0.20232177 -0.29190665  0.16200541
   0.66217417 -0.15358212 -0.27385989]
 [ 0.05493357 -0.11072956 -0.1038767   0.62597206  0.35097582  0.0628469
   0.57957281 -0.30763832  0.15623748]
 [ 0.22149625  0.33303125  0.54795158  0.30276136  0.00199692 -0.332011
   0.20397681  0.42978857  0.33399727]]","['prob_main', 'random_fill', 'random_fill', 'random_fill']","[[1.00000000e+00 6.77197053e-01 6.91553116e-02 8.69303927e-02
  1.19369017e-01 4.15491522e-11 7.39843206e-01 4.49814929e-02
  1.00000000e+00]
 [1.00000000e+00 4.44395497e-01 3.39042068e-02 1.56672246e-01
  4.98266388e-02 4.19672826e-02 8.56326963e-01 5.57427058e-02
  1.00000000e+00]
 [1.74966241e-01 2.18961742e-01 1.61011919e-03 6.16012704e-01
  1.11350980e-01 4.03491673e-03 6.60353616e-01 4.50205332e-02
  1.00000000e+00]
 [1.00000000e+00 3.05141887e-01 9.23533886e-01 1.89328979e-01
  1.17344749e-01 3.29570154e-13 1.62214404e-02 1.86567331e-01
  1.00000000e+00]]",[1.06046992 0.81595444 0.93525099 1.30421629],4,0.653946811271712,0.012009784173531376,0.023385208628784286,0.2899752965356739,0.653946811271712
7,"[[ 0.08885849 -0.59701771 -0.28174454 -0.53694443 -0.370791   -0.26710382
  -0.1695205   0.16015683 -0.06904266]
 [ 0.45248983 -0.49994834 -0.23928355 -0.26654287 -0.2939209  -0.24931372
  -0.08081874  0.33287795 -0.38873727]
 [ 0.11446269  0.02647191 -0.17391003  0.29624615 -0.25338079  0.57113582
   0.22174103  0.62695583  0.18854815]
 [-0.2960267   0.31176552 -0.11621326  0.08536591 -0.28479947  0.04004927
   0.54876931 -0.12641802 -0.62811912]]","['prob_main', 'random_fill', 'random_fill', 'random_fill']","[[1.00000000e+00 1.81985696e-01 4.76065469e-02 2.44674629e-01
  2.69439347e-02 1.15747715e-01 1.81532851e-09 6.38487154e-01
  1.00000000e+00]
 [9.99999998e-01 2.30318917e-01 4.42082948e-02 2.96259635e-01
  5.24837800e-02 8.00197543e-02 4.47314523e-07 9.54733981e-02
  2.60706652e-01]
 [3.38197380e-01 2.97443555e-01 6.32629178e-03 3.76566314e-01
  6.65589402e-02 2.15359448e-01 1.56150958e-02 8.37408596e-01
  1.00000000e+00]
 [3.24387846e-10 5.53528857e-01 3.60901955e-02 2.47381608e-01
  1.18825858e-01 1.82275674e-02 3.28917784e-01 4.98827235e-02
  2.85529149e-01]]",[-0.17227157  0.14285652  0.98020459  0.15123106],4,0.5688872802162381,0.019694677515810596,0.03367497376360176,0.2713023099714805,0.5688872802162381
8,"[[-0.18912203 -0.32053404 -0.05246922 -0.60100092 -0.26904558  0.38227545
   0.07027968  0.26848662 -0.44943445]
 [-0.19855788  0.50701333 -0.33366046 -0.36213795 -0.1370913   0.52072413
   0.16581304 -0.08138206 -0.37010053]
 [ 0.21388446  0.47506527  0.70312505 -0.03901986 -0.01898527  0.11111337
  -0.06831505 -0.29924156 -0.3545983 ]
 [ 0.18044492  0.40084972  0.53281418  0.45390463  0.04896017 -0.09120712
   0.36348272 -0.31565028 -0.27270522]]","['prob_main', 'random_fill', 'random_fill', 'random_fill']","[[1.71486081e-10 3.58022608e-01 1.02985139e-01 2.11243872e-01
  7.07132546e-02 2.09620893e-01 5.87625252e-08 7.08915067e-02
  1.65284490e-01]
 [6.46228814e-11 8.66714868e-01 3.76572186e-11 8.38588780e-02
  1.55675780e-01 6.89247500e-01 1.00246275e-02 4.24388899e-02
  1.00000000e+00]
 [9.99999999e-01 4.02778204e-01 9.87157764e-01 8.48850173e-02
  1.27238921e-01 8.56506802e-02 1.03443864e-07 4.48882996e-02
  9.99999999e-01]
 [9.99999999e-01 3.36736259e-01 8.63356793e-01 2.09093352e-01
  1.08313529e-01 1.12229561e-09 2.25947443e-01 4.48882996e-02
  1.00000000e+00]]",[-0.24126303  0.37474144  0.73508406  0.67089955],4,0.5317198125812159,0.017101772293112483,0.03027638582298846,0.2627563759028038,0.5317198125812159
9,"[[ 0.50653307 -0.24009353 -0.26386604  0.63045603 -0.24107078 -0.14575796
   0.27316749  0.1999304   0.15724539]
 [-0.4828222   0.56921809  0.00998406  0.17286935  0.44985426  0.05916246
  -0.14364023 -0.23708547 -0.36080315]
 [ 0.08581653  0.27020988  0.35479475  0.59956955  0.02744857 -0.4098809
   0.23600328  0.28122462 -0.36155024]
 [-0.27609462  0.43555983 -0.41575282 -0.58875558 -0.12086615 -0.05792754
   0.00228893  0.43223357  0.09889651]]","['prob_main', 'random_fill', 'random_fill', 'random_fill']","[[1.00000000e+00 1.28576902e-01 1.13422080e-09 8.17097188e-01
  6.52912898e-02 1.79267973e-02 1.20620641e-01 5.95515511e-02
  1.00000000e+00]
 [4.97535916e-11 9.25722681e-01 2.26230013e-10 1.52021241e-01
  6.94488478e-01 6.11800556e-02 2.50631297e-08 4.81631126e-02
  1.00000000e+00]
 [2.42208468e-01 3.13331847e-01 2.17451609e-01 5.50400132e-01
  1.15554230e-01 5.89245894e-10 5.69631012e-07 6.15030325e-02
  3.64219719e-01]
 [3.41678116e-10 8.04480955e-01 2.03980381e-10 1.01264617e-01
  1.88140703e-01 2.63163995e-02 2.75722326e-07 7.19986346e-01
  1.00000000e+00]]",[1.17455483 0.49703415 0.40138907 0.67661397],4,0.5262883094564615,0.02100049049809648,0.03536489350919096,0.24789118016538494,0.5262883094564615
10,"[[ 0.19721483  0.10241811  0.53500683 -0.21454517 -0.14287978  0.70836073
   0.1355169   0.11349774 -0.25479166]
 [-0.39879008 -0.34271866  0.44161     0.20754281  0.63513971 -0.14677514
  -0.04671373 -0.23741276 -0.04387018]
 [-0.22514538 -0.29852854  0.51351316  0.15494441  0.66540575 -0.03440385
  -0.24863866  0.22709726 -0.12306074]
 [-0.43541743 -0.3128192   0.1131335   0.57581333  0.01176232  0.50788097
  -0.24287712  0.2141185   0.07265106]]","['prob_main', 'random_fill', 'random_fill', 'random_fill']","[[1.00000000e+00 3.51389438e-01 5.72190989e-01 1.00755530e-01
  7.51287851e-02 6.27800300e-01 1.22184288e-07 2.98470301e-02
  1.00000000e+00]
 [9.59215532e-12 2.36599940e-01 6.73146801e-01 3.11842902e-01
  5.84088578e-01 3.73403653e-02 4.59559306e-09 5.55809594e-02
  1.00000000e+00]
 [1.13711877e-10 2.45023327e-01 7.50023205e-01 2.89512415e-01
  5.34109727e-01 9.89156487e-03 1.88248504e-08 6.99501356e-02
  1.00000000e+00]
 [1.73523593e-11 1.47958525e-01 5.19551434e-02 6.32622231e-01
  6.67249972e-02 7.30430341e-01 5.18610784e-09 3.70156914e-02
  1.00000000e+00]]",[0.70028357 0.5893333  0.60474278 0.77619922],4,0.48524114283866693,0.028494670712474888,0.044846420501047674,0.23693896811508633,0.48524114283866693
11,"[[ 0.2307467   0.15881412  0.09738526  0.29428093  0.62621442  0.24271348
   0.19275841 -0.1508007  -0.56080112]
 [ 0.15521735 -0.12489538  0.3650175   0.08867806 -0.39746691 -0.18104083
   0.53753529 -0.14421524 -0.56454335]
 [ 0.21837885 -0.47795635 -0.15578707 -0.61101747  0.40311792 -0.17526973
   0.07075695  0.32086543 -0.15834058]
 [ 0.09736653 -0.60230348  0.3543098   0.13418588 -0.04331157  0.44911389
   0.23022648 -0.05028869 -0.4744435 ]]","['prob_main', 'random_fill', 'random_fill', 'random_fill']","[[9.99999999e-01 4.49666103e-01 5.74210332e-02 2.51251209e-01
  2.63485628e-01 4.88350898e-02 9.76322331e-03 4.56261413e-02
  2.55147595e-01]
 [9.99999981e-01 3.24107943e-01 3.74823429e-01 2.00054889e-01
  6.58791716e-02 2.20976845e-02 4.01590347e-01 4.68444842e-02
  6.61021711e-01]
 [1.00000000e+00 3.51949192e-01 6.55897452e-02 1.66656628e-01
  7.76894571e-01 3.70401310e-02 3.93346045e-03 1.00640571e-01
  1.00000000e+00]
 [3.33970572e-01 1.33839007e-01 6.14572032e-01 3.15727822e-01
  5.16127558e-02 3.09762277e-01 1.65163002e-04 4.51685474e-02
  6.39193965e-01]]",[0.41045629 0.07504787 0.11903229 0.04340922],4,0.48018684877555584,0.032963225264318066,0.05036351982077756,0.22880993631794286,0.48018684877555584
12,"[[-0.09635659  0.3868293   0.00337814 -0.56438872 -0.19522347 -0.29326648
   0.43424155  0.40878541 -0.20674573]
 [ 0.06165087  0.45670111 -0.11319289 -0.01095696  0.64959733  0.03744073
   0.55684999  0.04197231  0.19866681]
 [-0.18598465  0.30032571  0.29341318 -0.30529005 -0.33009989  0.19075513
   0.48214805  0.52681361  0.20141522]
 [-0.18664814 -0.3355448  -0.09253464 -0.10239854  0.58204773  0.49162887
  -0.08613802  0.06451804 -0.49138906]]","['prob_main', 'random_fill', 'random_fill', 'random_fill']","[[3.51288079e-09 7.85696797e-01 7.91247102e-02 7.51181945e-02
  1.30596560e-01 4.12781006e-09 8.18005871e-01 5.11973575e-02
  1.00000000e+00]
 [2.14435485e-01 6.76662857e-01 3.11336248e-11 1.59524689e-01
  5.33316182e-01 1.14776550e-02 5.31866146e-01 4.59180119e-02
  1.00000000e+00]
 [1.49420288e-09 5.80302275e-01 2.94938489e-01 7.77957887e-02
  9.37665168e-02 3.50715848e-02 6.11899831e-01 3.20175123e-01
  1.00000000e+00]
 [1.09153223e-10 3.47588496e-01 5.16862169e-02 2.85352152e-01
  1.96698942e-01 2.54796375e-01 1.89916591e-08 4.92368031e-02
  2.07053858e-01]]",[ 0.4057016   1.16413916  0.87792016 -0.00944784],4,0.44501037036362295,0.02983117254374982,0.0465056180417803,0.22072930561581944,0.44501037036362295
13,"[[-0.08156546 -0.72750497 -0.47196529 -0.27056281 -0.14048673 -0.17914164
   0.31162377 -0.13338364 -0.03740742]
 [ 0.03865125 -0.12379027 -0.16675273 -0.42836312 -0.0275635   0.48660941
   0.65452595 -0.17429451 -0.27486243]
 [ 0.57739778  0.31691339 -0.02410618  0.59652532  0.10133687  0.3593855
  -0.04789581 -0.24451939  0.09079263]
 [-0.33833411 -0.4533504   0.21402221 -0.26838969  0.02287847 -0.07775018
  -0.26116939  0.51688228 -0.46927567]]","['prob_main', 'random_fill', 'random_fill', 'random_fill']","[[9.60763550e-03 2.24536697e-01 4.13282028e-11 2.96247632e-01
  7.93134763e-03 1.06794857e-01 7.78781383e-01 9.84225995e-02
  1.00000000e+00]
 [2.64387670e-01 4.83810358e-01 3.21608759e-03 1.71137601e-01
  5.34640921e-02 1.25643472e-01 9.29544112e-01 5.38838602e-02
  1.00000000e+00]
 [1.00000000e+00 3.54758930e-01 3.43933189e-10 6.47063249e-01
  1.00750790e-01 4.31165737e-01 7.23615962e-08 1.79833088e-02
  1.00000000e+00]
 [3.02017007e-10 2.72636448e-01 3.04440211e-01 2.40569374e-01
  1.05371943e-01 8.23561542e-02 8.48238062e-08 8.24222975e-01
  9.99999990e-01]]",[-0.07238306  0.26030486  1.32737509 -0.1702511 ],4,0.43064798465700294,0.04200014332351006,0.06129784202347339,0.21384258047319685,0.43064798465700294
14,"[[ 0.15842036  0.0698521  -0.02180836 -0.48583457 -0.53882396  0.45103642
  -0.08595944 -0.14014934 -0.46121238]
 [ 0.14644129  0.74335183  0.00605404  0.34824646  0.23341442  0.19959359
  -0.0215246   0.39919116  0.22479763]
 [ 0.0526182  -0.17726869  0.36128426  0.27789783  0.58109427  0.06060641
   0.54527227 -0.34090915  0.05629413]
 [ 0.16533563  0.38740865 -0.08496554  0.05820107 -0.2997465   0.73393074
  -0.00828341  0.04524351 -0.42585711]]","['prob_main', 'random_fill', 'random_fill', 'random_fill']","[[1.00000000e+00 4.03426473e-01 8.14508996e-02 1.71839436e-01
  8.21264941e-02 2.26898319e-01 1.92762395e-08 5.35783327e-02
  2.74472810e-01]
 [9.99999998e-01 9.99386892e-01 3.35325097e-10 1.67052020e-01
  2.28643872e-01 5.15613242e-02 1.09851317e-07 2.28582179e-01
  1.00000000e+00]
 [2.42208441e-01 3.10146665e-01 3.65047962e-01 2.85294710e-01
  5.44446417e-01 1.90100756e-03 3.71640585e-01 4.48883047e-02
  1.00000000e+00]
 [9.99999998e-01 4.92067584e-01 1.73696900e-02 1.92046858e-01
  1.03115441e-01 8.44388017e-01 4.44747097e-08 4.58512240e-02
  1.00000000e+00]]",[0.02532715 1.32721834 0.72906065 0.53069956],4,0.4425072911488426,0.04336530014421307,0.06292836591752388,0.20871547722291917,0.4425072911488426
15,"[[-0.02111156 -0.47113346  0.43828289 -0.51795246  0.12417627 -0.27278205
  -0.21223405  0.40550061 -0.13385477]
 [-0.29687179 -0.38438671 -0.20796432 -0.55099403  0.19465767 -0.26403432
   0.35492531  0.37774398 -0.20249   ]
 [ 0.27361823  0.25712254  0.28849057  0.51239681 -0.02548235  0.45211127
   0.16899692  0.37712981 -0.37067907]
 [ 0.04114829 -0.44964061  0.35819171 -0.64716512  0.25355116 -0.02149781
  -0.10147056  0.39606148  0.13074721]]","['prob_main', 'random_fill', 'random_fill', 'random_fill']","[[2.59075631e-01 2.08536011e-01 9.54411868e-01 1.84947794e-01
  1.31996114e-01 6.65157682e-03 3.98904372e-08 2.92586111e-01
  1.00000000e+00]
 [1.42366024e-10 4.25909167e-01 4.58010169e-02 1.83471176e-01
  2.15493211e-01 2.23343123e-02 4.51839966e-01 5.05179209e-01
  1.00000000e+00]
 [1.00000000e+00 3.08828345e-01 1.00404572e-01 3.81923450e-01
  7.47103902e-02 7.81087761e-01 9.44796810e-08 3.62962035e-02
  1.00000000e+00]
 [8.78913306e-01 2.13392847e-01 9.45538288e-01 1.22423988e-01
  1.48178458e-01 4.95609585e-02 4.07938046e-09 1.72622682e-01
  1.00000000e+00]]",[ 0.21815587 -0.0895721   0.57193119  0.4352929 ],4,0.41472585532423156,0.04793131434722817,0.06834794694073204,0.2027758448969555,0.41472585532423156
16,"[[-0.06038652  0.64106127  0.49352805 -0.16220397 -0.2626285   0.36481842
   0.07361218  0.31104506 -0.10620669]
 [ 0.19603751  0.68803978 -0.01605282 -0.12270556 -0.46740101 -0.08499104
   0.28777963 -0.20000064 -0.35263531]
 [-0.07567642 -0.75296004 -0.21651739  0.07435871  0.38183743 -0.1913727
   0.08753306 -0.35187872  0.24700459]
 [-0.06639179  0.56676213 -0.14139536  0.34198045 -0.53461802  0.2756633
   0.12167166 -0.13456411 -0.37777158]]","['prob_main', 'random_fill', 'random_fill', 'random_fill']","[[2.50228169e-09 8.79225180e-01 5.35509144e-01 6.46655495e-03
  1.47823242e-01 3.27010930e-01 5.25072866e-07 3.76455639e-02
  1.00000000e+00]
 [1.00000000e+00 9.73438036e-01 4.79645837e-02 1.06049418e-01
  1.23175876e-01 2.31154228e-03 3.01842620e-01 5.05509599e-02
  9.99999998e-01]
 [6.54657571e-02 1.80663884e-01 5.40948099e-02 5.47712703e-01
  7.52891722e-01 7.32045001e-02 7.93593136e-08 5.18252362e-02
  1.00000000e+00]
 [8.63491473e-10 8.04695303e-01 1.61011926e-03 2.36434599e-01
  1.09719299e-01 1.52511435e-01 3.17879496e-04 4.65686748e-02
  4.30151951e-01]]",[0.81285693 0.51836843 0.39026914 0.35135609],4,0.4004578973753974,0.059898470643421665,0.082343300947312,0.1957079464365716,0.4004578973753974
17,"[[-0.00297965 -0.51339333 -0.12983104  0.09805057  0.38494871 -0.26454735
   0.4132513   0.46982095 -0.31665316]
 [-0.23600171 -0.33198836 -0.06528999  0.45079147  0.32487459  0.31209022
   0.25021841  0.60085816  0.00525448]
 [-0.41870732 -0.21776757 -0.47918876  0.43114676  0.14619696 -0.20376502
   0.20645243  0.47174384  0.18355782]
 [ 0.03619919 -0.74137023  0.08727203 -0.42579035  0.34492117 -0.0917382
   0.07754357 -0.27630775 -0.22450052]]","['prob_main', 'random_fill', 'random_fill', 'random_fill']","[[2.61077020e-01 2.35727297e-01 4.51819307e-02 4.12423377e-01
  1.44423871e-01 3.32917714e-02 9.67129950e-02 8.32626499e-01
  1.00000000e+00]
 [1.29185224e-10 2.24852678e-01 4.74331867e-02 4.87867534e-01
  1.27635963e-01 1.05165351e-01 4.65031687e-08 8.40478873e-01
  1.00000000e+00]
 [3.54129373e-10 2.41292827e-01 3.60502531e-10 5.62932937e-01
  1.36615326e-01 2.90240298e-02 3.69717021e-07 7.78227103e-01
  1.00000000e+00]
 [8.78913359e-01 2.23525558e-01 4.81601977e-01 1.64275875e-01
  5.81552263e-01 1.13810584e-01 3.33928785e-03 5.44870374e-02
  1.00000000e+00]]",[ 0.07406111  0.72673097  0.75490136 -0.21096381],4,0.42225305156373233,0.06267689555814611,0.08555621909939655,0.19098215152881448,0.42225305156373233
18,"[[ 0.05020512  0.32966438  0.56159125  0.38477579  0.54407913 -0.0606789
   0.12786192  0.32807005 -0.0410005 ]
 [-0.13603147  0.05159426  0.48400963  0.10755223  0.48029272  0.25802193
  -0.34259007  0.14149845 -0.54621835]
 [-0.34783101 -0.0640518   0.55116788 -0.0558532  -0.31370444  0.08272111
  -0.18745745  0.226788   -0.61333433]
 [-0.33458177  0.03717373  0.38692679  0.58058568  0.02137629  0.33404677
   0.38883402 -0.30104906 -0.21450982]]","['prob_main', 'random_fill', 'random_fill', 'random_fill']","[[2.19150813e-01 3.76831123e-01 6.70669250e-01 2.25956019e-01
  6.13250140e-01 3.45578622e-04 1.35088662e-02 6.54860064e-02
  1.00000000e+00]
 [6.78238730e-10 3.55939046e-01 5.32882286e-01 2.07413349e-01
  1.86842869e-01 8.72535342e-02 6.95397281e-08 5.15960384e-02
  3.49960911e-01]
 [4.41173295e-10 2.97205451e-01 5.77778797e-01 2.17339343e-01
  8.71059254e-02 1.04918905e-01 1.20226319e-07 5.53615522e-02
  3.55382679e-01]
 [1.46334237e-11 1.77502802e-01 6.46067915e-01 5.33672055e-01
  6.34744784e-02 2.71762822e-01 1.53043233e-01 3.08303812e-02
  1.00000000e+00]]",[0.91466109 0.2269906  0.06321788 0.49427725],4,0.40524580257965526,0.06499648647198233,0.08822941289002495,0.18645647990705516,0.40524580257965526
19,"[[ 0.05487451  0.53693721 -0.07774253  0.51630732 -0.43015154  0.26592828
   0.27649041  0.27873623  0.16180556]
 [ 0.03307345  0.3018463   0.2225945   0.57355865  0.42192494  0.45351855
   0.16280502  0.33790173  0.0699595 ]
 [-0.36154592  0.35200153  0.20144231  0.23720618 -0.17607296  0.370422
   0.30274442  0.52379245 -0.33809293]
 [ 0.19883532 -0.63023333  0.26461205  0.30363598 -0.10790271  0.25178809
   0.54821129  0.1397526  -0.07713282]]","['prob_main', 'random_fill', 'random_fill', 'random_fill']","[[1.60847583e-01 9.35591800e-01 3.80613536e-10 3.55303464e-01
  8.13120116e-02 1.49473057e-01 1.47946835e-01 4.10780085e-02
  1.00000000e+00]
 [5.87990986e-02 4.25714727e-01 4.71733588e-02 4.30403439e-01
  2.42232414e-01 7.89917665e-01 3.44179729e-08 3.20376084e-02
  1.00000000e+00]
 [9.87008792e-11 5.36256042e-01 7.31490254e-02 2.44812947e-01
  1.30361994e-01 1.27780835e-01 1.88158662e-02 9.25911449e-01
  1.00000000e+00]
 [9.99999999e-01 1.58607561e-01 2.04346962e-01 3.89241475e-01
  3.06717413e-02 6.44865493e-02 5.82535505e-01 5.94710329e-02
  1.00000000e+00]]",[0.91356026 0.92903853 0.43853791 0.53459427],4,0.39741648390275497,0.07617889842513985,0.10101235550856949,0.18103275796262433,0.39741648390275497
20,"[[ 0.29616437  0.5185211   0.46879928 -0.02197288  0.47995507 -0.04792625
  -0.17755869  0.11866226 -0.38066435]
 [-0.0329051   0.149615    0.59285719 -0.43121023 -0.32642716  0.08476966
   0.46607207  0.23906153 -0.22582407]
 [ 0.20574775 -0.44208622 -0.19522629 -0.48581388 -0.46202952  0.34956319
   0.2910186   0.20117008 -0.16514316]
 [ 0.35761014  0.63361454  0.28558826 -0.18950214 -0.36922258 -0.14529229
  -0.15656296  0.40869496  0.06478569]]","['prob_main', 'random_fill', 'random_fill', 'random_fill']","[[9.99999999e-01 7.33517272e-01 3.53821520e-01 6.27651765e-02
  5.51050817e-01 1.76341172e-02 2.63400389e-08 6.32699298e-02
  1.00000000e+00]
 [7.55810067e-11 4.29076726e-01 8.03838547e-01 9.62217494e-02
  1.08563086e-01 2.68824516e-02 4.67826390e-01 6.44157225e-02
  1.00000000e+00]
 [1.00000000e+00 2.16575218e-01 3.79590142e-02 2.24237726e-01
  8.16611753e-03 5.28007988e-01 3.19300749e-01 7.45604531e-02
  1.00000000e+00]
 [1.00000000e+00 9.33914665e-01 2.41002507e-01 5.63633367e-02
  1.57127398e-01 2.31391853e-03 1.04970693e-07 2.71131765e-01
  1.00000000e+00]]",[0.73147859 0.47372292 0.11723224 1.12474325],4,0.36746002710676984,0.0836732121553808,0.10949493637087647,0.1762452688293739,0.36746002710676984
21,"[[-0.0472087  -0.32709201  0.36617788 -0.02680896 -0.14059383  0.54507669
   0.58336672 -0.30966253  0.05379923]
 [-0.31370917  0.15370905  0.33235271 -0.39981212  0.55856947  0.1623674
   0.17034212  0.41734664  0.25708822]
 [-0.39803595 -0.61585643  0.08026857 -0.38237611  0.02872424  0.38696631
   0.28519883 -0.16801694 -0.22248062]
 [ 0.09592062 -0.28785006 -0.32863322 -0.49602603  0.48909325  0.4676325
  -0.18203957 -0.03962718  0.2475861 ]]","['prob_main', 'random_fill', 'random_fill', 'random_fill']","[[2.60655417e-10 2.62320492e-01 4.77525520e-01 2.06988529e-01
  2.95918126e-02 3.28190714e-01 5.56775125e-01 4.33478738e-02
  1.00000000e+00]
 [9.91630174e-11 6.25106614e-01 3.03879289e-01 7.59356945e-02
  8.36850003e-01 6.38001196e-02 1.65967385e-02 6.70424141e-02
  1.00000000e+00]
 [1.75410235e-10 2.01069421e-01 4.24881111e-01 2.06703680e-01
  7.10096293e-02 7.74042543e-01 2.51328537e-02 5.68198148e-02
  1.00000000e+00]
 [1.00000000e+00 3.73837757e-01 8.95697198e-11 1.91001540e-01
  1.97397581e-01 8.02632271e-01 2.48688492e-08 4.83202575e-02
  1.00000000e+00]]",[ 0.62341597  0.93241283 -0.09205521  0.61112372],4,0.3456040414578564,0.08273486175580144,0.108436175242308,0.17221116395478875,0.3456040414578564
22,"[[ 0.05561792  0.07618378 -0.09398137  0.23576853  0.55866779 -0.06753996
   0.56986369 -0.00279768 -0.53409699]
 [-0.11803835  0.66047892  0.25891864 -0.31081487 -0.29210612 -0.05577352
  -0.16794223 -0.14094767 -0.49968218]
 [-0.03867448 -0.14820358 -0.13021915 -0.21426561  0.57601888 -0.17379443
   0.46227792  0.23537855 -0.53157033]
 [ 0.03306328 -0.3652343   0.05037016 -0.08887098  0.20385997  0.4423351
   0.4718071   0.47193615 -0.41536806]]","['prob_main', 'random_fill', 'random_fill', 'random_fill']","[[2.75382773e-01 4.47514320e-01 1.61012258e-03 2.96052822e-01
  2.48155786e-01 2.75668661e-04 3.68912700e-01 4.52534599e-02
  4.23046947e-01]
 [2.30254083e-10 8.39430033e-01 2.15075268e-01 7.79278740e-02
  2.03202117e-01 2.26313304e-02 3.67245783e-08 5.48591779e-02
  3.84366773e-01]
 [2.40280027e-02 4.81384752e-01 6.64697764e-02 2.27095980e-01
  2.80066893e-01 8.72712139e-03 2.01140402e-01 6.58122827e-02
  2.90385880e-01]
 [2.75382781e-01 2.40782113e-01 1.13058460e-01 2.73558325e-01
  9.66044445e-02 2.14421025e-01 3.76421488e-01 5.03733772e-01
  1.00000000e+00]]",[ 0.24183144  0.32547938 -0.01566657  0.01704672],4,0.3576966061956174,0.0977966894717253,0.12532812393438422,0.16903472767445188,0.3576966061956174
23,"[[-0.20450166 -0.29959701 -0.23686986 -0.45502999 -0.42782481 -0.29133748
  -0.47771592 -0.20673421  0.257678  ]
 [ 0.35470181 -0.21134901  0.45989829  0.70272217  0.15061816  0.20197937
  -0.19758132 -0.11001818 -0.09782362]
 [-0.01407054  0.26950741 -0.19520466 -0.35108217  0.50626377  0.43091729
   0.24660606 -0.47976549 -0.18116854]
 [ 0.25236838  0.37667653 -0.230641   -0.04430244 -0.41833941 -0.23152936
   0.26292626  0.3194655  -0.58263615]]","['prob_main', 'random_fill', 'random_fill', 'random_fill']","[[5.98694682e-11 2.85770868e-01 6.47421131e-04 1.96799704e-01
  2.26609966e-02 1.57049405e-01 7.90190200e-09 1.10858541e-01
  1.00000000e+00]
 [1.00000000e+00 1.25124358e-01 6.81117336e-01 5.33977115e-01
  9.27898789e-02 9.64081724e-02 3.44054056e-08 4.51370289e-02
  1.00000000e+00]
 [1.18545597e-10 7.34662956e-01 2.17484873e-11 1.35158450e-01
  7.01533939e-01 3.17855150e-01 1.46897487e-02 4.23543608e-02
  1.00000000e+00]
 [9.99999996e-01 5.38711713e-01 1.80055542e-03 2.32428238e-01
  1.44305546e-01 1.00414427e-02 3.50258925e-03 7.52736823e-02
  1.91543583e-01]]",[0.0039912  0.94739794 0.44480976 0.29525048],4,0.3830759270256158,0.0930792893098509,0.12005997063777474,0.16531502975611115,0.3830759270256158
24,"[[ 0.00077443  0.34947743 -0.1463517  -0.08758741  0.50152235 -0.23117245
   0.46459444  0.55429914  0.14392238]
 [ 0.10973125  0.26170771  0.63262131  0.01163954  0.5408346   0.39214732
   0.19664304 -0.06060346  0.17464272]
 [ 0.03068512  0.53090715  0.51940281 -0.05381154 -0.23436137 -0.07565406
   0.23603954  0.57147629  0.03965412]
 [ 0.15065123  0.4681704  -0.08082266  0.13484834  0.08730345  0.42986341
   0.42297155 -0.35738451 -0.48411903]]","['prob_main', 'random_fill', 'random_fill', 'random_fill']","[[4.70167545e-02 6.64521433e-01 1.40348369e-09 1.86083272e-01
  2.83053380e-01 3.25782383e-10 2.21635105e-01 6.43427339e-01
  1.00000000e+00]
 [9.38965557e-01 3.56918890e-01 8.85432862e-01 9.84701668e-02
  2.37340324e-01 2.31925860e-01 1.76026323e-02 3.80673182e-02
  1.00000000e+00]
 [1.75686434e-01 6.29571071e-01 3.36809191e-01 1.00388318e-01
  1.56110509e-01 2.04053297e-02 1.74799938e-02 7.74970585e-01
  1.00000000e+00]
 [9.99999996e-01 6.10111253e-01 5.23592813e-10 1.82962357e-01
  1.48854334e-01 1.53863036e-01 3.87426838e-02 4.48883001e-02
  3.33372954e-01]]",[0.96147474 1.15284025 0.95769973 0.37904749],4,0.3407123206665499,0.10346916289898156,0.13163831303152188,0.16222422973424228,0.3407123206665499
25,"[[ 0.24596451  0.08265015  0.29479284 -0.28217564 -0.33541673 -0.18514112
   0.45963212  0.62132847  0.1484996 ]
 [ 0.1887115   0.28557176  0.18934023  0.61997582  0.33795005 -0.100038
   0.46611386 -0.34425905 -0.05121273]
 [-0.34048778  0.13820156  0.22622793 -0.48491854  0.23052341  0.67660151
  -0.0612254   0.08029874 -0.23982547]
 [ 0.14186925  0.13216225  0.11300366 -0.6063221  -0.09609654  0.10495357
   0.45061421  0.54229236 -0.25421639]]","['prob_main', 'random_fill', 'random_fill', 'random_fill']","[[9.99999999e-01 4.32433077e-01 2.76754588e-01 1.21512454e-01
  1.01049067e-01 3.52941821e-02 1.05298381e-01 6.84232318e-01
  1.00000000e+00]
 [9.99999997e-01 3.58157480e-01 4.08041810e-03 5.36203725e-01
  1.47016610e-01 5.75859317e-10 5.13125878e-01 4.48882998e-02
  1.00000000e+00]
 [6.89670878e-11 4.95166738e-01 3.59580672e-01 9.45976410e-02
  1.17088343e-01 8.53889692e-01 2.01453065e-08 4.65979800e-02
  1.00000000e+00]
 [9.99999999e-01 5.15684513e-01 2.54088519e-01 8.19952412e-02
  1.02008316e-01 3.43061374e-02 3.50698564e-01 4.48408745e-01
  1.00000000e+00]]",[0.91060577 0.84639052 0.4725588  0.32980059],4,0.33657603315710016,0.10915349092718497,0.1379366459996642,0.1596511440950551,0.33657603315710016
26,"[[ 0.2561139  -0.55003339 -0.32499     0.48117915 -0.05115421  0.43965278
   0.02043005 -0.23997987 -0.20198519]
 [-0.17233245 -0.76283658 -0.33130844 -0.4053444   0.12812013  0.1857377
   0.1232793   0.17253056 -0.13577437]
 [ 0.115616    0.57125658 -0.01519305  0.25777578  0.46146502  0.07611437
   0.24082174  0.47290594 -0.30535417]
 [ 0.08752377 -0.40775493 -0.07992096  0.31697242  0.51286175  0.50772691
   0.36295983  0.03165108  0.25624445]]","['prob_main', 'random_fill', 'random_fill', 'random_fill']","[[1.00000000e+00 1.26232129e-01 2.76092703e-11 6.02374063e-01
  5.79545523e-02 5.64403558e-01 1.03971824e-08 3.27081389e-02
  1.00000000e+00]
 [6.15580601e-11 1.58833045e-01 2.23862538e-10 3.09882852e-01
  5.97838898e-02 3.70926571e-01 3.86227332e-02 4.55610958e-01
  1.00000000e+00]
 [4.59284073e-01 7.47604370e-01 6.05505232e-11 1.84568080e-01
  3.05952089e-01 4.22476680e-03 8.86803515e-03 6.62413476e-01
  1.00000000e+00]
 [3.99231808e-01 1.93931985e-01 3.43088376e-02 4.49540464e-01
  1.10597041e-01 8.69103332e-01 5.27618622e-03 4.36533633e-02
  1.00000000e+00]]",[ 0.51187435 -0.22262453  0.67930015  0.8531448 ],4,0.3249347628921726,0.11674976315120604,0.14631725309080948,0.15605800917873913,0.3249347628921726
27,"[[-0.25442573  0.15242167 -0.28898603  0.65805101  0.39672817  0.26980067
  -0.19230055  0.14536631 -0.32740589]
 [ 0.04892475  0.07295553 -0.46057634  0.61233578  0.2348214   0.24408512
   0.30391636  0.23944358 -0.37520818]
 [ 0.14429881 -0.55995482 -0.45406676  0.30792114  0.26665817 -0.18075255
   0.03352264 -0.01486687 -0.50942472]
 [ 0.30987039 -0.29345149  0.17056227  0.3615659  -0.32628014 -0.20664014
   0.11888678  0.70149386 -0.05156154]]","['prob_main', 'random_fill', 'random_fill', 'random_fill']","[[1.26487573e-10 2.42599963e-01 6.28744240e-11 8.41142199e-01
  1.82652421e-01 1.26879824e-01 2.72448672e-08 4.51363065e-02
  7.77085193e-01]
 [1.79381260e-01 2.37919739e-01 1.47163098e-10 6.47010935e-01
  1.49743737e-01 1.08405849e-01 1.71094017e-04 5.08946307e-02
  3.82151608e-01]
 [9.99999698e-01 2.02146211e-01 2.42301044e-02 4.54795931e-01
  1.30037087e-01 4.02798863e-02 8.53821163e-06 7.22409968e-02
  3.22822534e-01]
 [9.99999999e-01 2.38625978e-01 6.90637673e-02 3.68334096e-01
  8.33280741e-02 4.76920415e-02 7.18586865e-08 7.96518968e-01
  1.00000000e+00]]",[0.44932661 0.35279696 0.02201249 0.85495022],4,0.339445200725864,0.13868613379773026,0.17031440074677473,0.15204712638116805,0.339445200725864
28,"[[-0.00693434  0.45898699  0.36380002  0.59685231 -0.08298306  0.39251216
   0.14063992 -0.16735781  0.30324827]
 [-0.19221908  0.48263423  0.21134783  0.34180745 -0.5943259  -0.36232609
   0.09635253 -0.25213101 -0.10610589]
 [ 0.27348717  0.54405444  0.38084235 -0.37885222  0.27577608  0.34205549
   0.30180778  0.23599886 -0.02831669]
 [-0.24148217 -0.67232519  0.10949005 -0.55294039 -0.3266539  -0.10097192
  -0.09019723  0.06706796  0.20591821]]","['prob_main', 'random_fill', 'random_fill', 'random_fill']","[[4.59404861e-09 4.70335998e-01 4.20803544e-01 4.38000493e-01
  1.17769740e-01 5.50614557e-01 7.01440621e-07 9.43726104e-03
  1.00000000e+00]
 [1.36546723e-10 1.00000000e+00 1.52244543e-01 3.23523169e-01
  8.07237042e-02 2.17774334e-10 1.61470792e-04 5.90953940e-02
  9.99999997e-01]
 [9.99999995e-01 8.73138314e-01 4.04996880e-01 6.01178352e-04
  1.89532314e-01 2.25948842e-01 2.92594826e-02 4.33139697e-02
  1.00000000e+00]
 [1.11476130e-10 1.07286691e-01 8.52295587e-01 1.78725771e-01
  5.84127019e-02 1.44572724e-01 4.86874280e-08 1.11745973e-01
  1.00000000e+00]]",[1.13840703 0.45642712 1.02282576 0.1020959 ],4,0.31355792186974996,0.13677338373762632,0.1682329322873438,0.14963437471788593,0.31355792186974996
29,"[[ 0.1268424   0.35536014  0.07093969 -0.13462596 -0.23594727  0.5245835
   0.42201753  0.52814694  0.21581621]
 [-0.09534637  0.21544236  0.45240131 -0.2528965   0.54193874 -0.10262182
   0.28484264 -0.20335446 -0.49915216]
 [ 0.05270043 -0.32065978  0.35582034  0.42543954 -0.35762504  0.37608944
  -0.41027092  0.2868987   0.25849762]
 [-0.00273143 -0.42148187  0.51102129  0.21753493  0.38242576  0.44942603
   0.141689    0.36509694 -0.11079986]]","['prob_main', 'random_fill', 'random_fill', 'random_fill']","[[9.99999998e-01 5.23383611e-01 6.20793891e-02 1.53938286e-01
  1.10153912e-01 2.21986254e-01 1.83558669e-02 6.88318158e-01
  1.00000000e+00]
 [6.24065399e-11 5.86895495e-01 3.75798527e-01 1.05918761e-01
  3.55493355e-01 3.76687178e-02 1.88531689e-02 6.12819193e-02
  4.35420137e-01]
 [2.42208467e-01 1.08447812e-01 7.77036526e-01 3.99590008e-01
  3.76144034e-02 4.33118031e-01 1.64274416e-07 3.82333744e-02
  1.00000000e+00]
 [1.86825043e-01 1.26890782e-01 9.54411868e-01 3.26566756e-01
  1.05984398e-01 3.19102465e-01 5.34201875e-08 4.04929229e-02
  1.00000000e+00]]",[0.97406752 0.23402473 0.84338235 0.5927001 ],4,0.31994300255310715,0.13247317499288153,0.16354614907677142,0.14758424270560747,0.31994300255310715
30,"[[ 0.14254534 -0.68296573  0.14076965 -0.5223832  -0.23002443 -0.00863289
   0.24899607 -0.32237476 -0.0403491 ]
 [ 0.09352807 -0.1454746   0.36856495 -0.53491997 -0.27900016 -0.07054909
   0.14127412  0.36401915 -0.55930632]
 [ 0.07803164  0.32325185  0.61834447  0.21100656 -0.27470832  0.2694845
  -0.059994    0.54352837 -0.12424464]
 [-0.05543905 -0.06093339  0.35023179  0.52565862  0.4210798   0.38803033
  -0.22812148 -0.06048627 -0.45897779]]","['prob_main', 'random_fill', 'random_fill', 'random_fill']","[[1.00000000e+00 1.75911560e-01 6.33534015e-01 1.48666539e-01
  4.30490470e-02 9.67937702e-02 4.05830362e-01 5.69574075e-02
  1.00000000e+00]
 [6.77102473e-01 3.70555356e-01 4.00796380e-01 1.17384683e-01
  9.35470094e-02 7.13932779e-02 2.22328213e-03 7.71237416e-02
  2.96884271e-01]
 [3.19339705e-01 3.48418464e-01 8.47660140e-01 1.58604861e-01
  1.10929049e-01 1.40065780e-01 1.19976583e-09 3.73992747e-01
  1.00000000e+00]
 [1.20882519e-09 2.38693219e-01 1.62985803e-01 4.78894708e-01
  1.52737919e-01 1.51921832e-01 6.39678257e-08 4.52876013e-02
  2.57010278e-01]]",[ 0.06552673 -0.07444721  0.78146159  0.29683738],4,0.29482950900380844,0.15594107606952154,0.18900742213159025,0.14586147794468485,0.29482950900380844
31,"[[ 0.14572152  0.12310799  0.31140564  0.09453593  0.63709136  0.13420292
   0.48002944  0.38781369 -0.23016431]
 [ 0.14216163 -0.49823444  0.22404838  0.06258233 -0.15068943 -0.52546675
   0.16517137  0.43089886 -0.40701385]
 [-0.35636726  0.34058656 -0.2878574   0.16065254 -0.02496747  0.1302045
  -0.15555486  0.51278945 -0.58617842]
 [-0.25899484 -0.16569623 -0.50505231 -0.57317547 -0.31124274  0.30898424
   0.21380753 -0.25808156  0.13113134]]","['prob_main', 'random_fill', 'random_fill', 'random_fill']","[[9.99999998e-01 4.65312419e-01 1.22091195e-01 2.01021853e-01
  8.30702073e-01 1.69642306e-02 5.80259954e-02 5.88092514e-02
  1.00000000e+00]
 [9.99999998e-01 1.89431405e-01 3.11090860e-01 3.33563959e-01
  8.63908454e-02 3.15357884e-02 5.59490016e-03 7.54490185e-02
  3.88818757e-01]
 [7.61893433e-10 5.87077639e-01 7.76562059e-04 2.60864039e-01
  1.49282424e-01 3.64518011e-02 2.71426400e-07 7.55023248e-02
  6.11474300e-02]
 [1.80835068e-11 4.66960630e-01 1.25530002e-11 1.74185768e-01
  7.77705612e-02 8.28270494e-01 1.32943340e-01 5.28358433e-02
  1.00000000e+00]]",[ 0.61203554 -0.0160538   0.24552812  0.20042405],4,0.2879770433548514,0.15882354568703042,0.19211627933180964,0.14317595734306435,0.2879770433548514
32,"[[ 0.11161765  0.56091572  0.10287896  0.69760228  0.23198669 -0.26947107
  -0.19624315 -0.02214819  0.10123062]
 [-0.03964919 -0.41253421  0.38953168  0.37979216  0.33328972 -0.17295368
   0.46017943  0.41942143  0.05993321]
 [-0.31984213 -0.40221923 -0.18758667  0.52988773  0.39711704 -0.08635967
   0.34707699 -0.2218375  -0.29174766]
 [ 0.12560641 -0.30195942  0.34849296 -0.11423496  0.53903484  0.13718775
   0.00776534  0.66908903  0.03777687]]","['prob_main', 'random_fill', 'random_fill', 'random_fill']","[[9.99999999e-01 8.61341304e-01 2.42301286e-02 4.13957307e-01
  1.77300996e-01 1.66841017e-09 1.72587971e-07 5.16267093e-02
  1.00000000e+00]
 [7.51579526e-10 1.40455125e-01 8.79285411e-01 3.68796320e-01
  1.14379003e-01 3.45566248e-04 2.78581159e-01 6.17518633e-02
  1.00000000e+00]
 [1.26379626e-10 1.74348587e-01 3.80455956e-02 7.43687295e-01
  2.60815654e-01 3.59049881e-03 3.53189747e-01 4.71068730e-02
  1.00000000e+00]
 [8.78913306e-01 3.27780559e-01 2.98981426e-01 1.64969609e-01
  1.88769370e-01 5.57039730e-02 1.60092675e-08 7.21444467e-01
  1.00000000e+00]]",[1.02724648 0.6767251  0.24045814 0.72665097],4,0.2933874328868751,0.1780842222243455,0.21279777894301188,0.13995677269053572,0.2933874328868751
33,"[[ 1.20324211e-01  3.17599590e-01  5.06691878e-01  3.11184149e-01
  -6.87961327e-02  3.59096991e-01 -1.70228963e-02 -3.97682397e-01
  -4.88830980e-01]
 [ 2.10778912e-01 -7.16134232e-01  4.99645572e-01  8.35954869e-02
  -2.58265065e-01 -2.21200332e-01  2.19931044e-02 -2.64397141e-01
  -8.37462868e-03]
 [ 1.50850848e-01  1.19031768e-04  2.27622408e-01 -1.69373546e-01
  -5.21314271e-01  4.92847550e-01  4.06357294e-01 -1.60008750e-01
  -4.37433792e-01]
 [ 2.20661350e-02  6.46397925e-01  4.78494059e-01  4.04267577e-01
   2.11532894e-01 -4.48448201e-02  3.56611669e-01  5.42891798e-03
  -1.23836147e-01]]","['prob_main', 'random_fill', 'random_fill', 'random_fill']","[[7.85878304e-01 3.95911439e-01 5.72737116e-01 1.62649928e-01
  1.12697358e-01 1.32954133e-01 2.09299695e-08 4.48882988e-02
  4.76535753e-01]
 [1.00000000e+00 8.81270752e-02 9.56689034e-01 2.81438673e-01
  7.58579548e-02 3.06808361e-02 2.01582681e-07 5.57630984e-02
  1.00000000e+00]
 [9.99999995e-01 3.29828164e-01 3.73260220e-01 1.10393168e-01
  5.21702600e-02 4.20656699e-01 1.68055580e-01 4.47887778e-02
  7.65351558e-01]
 [8.98439316e-10 9.31921185e-01 3.46283711e-01 1.02819933e-01
  1.76226884e-01 1.73368884e-02 3.71990251e-01 4.72628944e-02
  9.99999999e-01]]",[0.35031038 0.59970424 0.12361072 0.8552302 ],4,0.3059934989319401,0.17904917523741665,0.21382993463194191,0.13961647016778825,0.3059934989319401
34,"[[ 0.06398242 -0.49364084  0.19162618  0.49827507  0.14746787  0.05167748
   0.35791793 -0.41265109 -0.38003005]
 [-0.07749396  0.70572696 -0.08072664 -0.05752471 -0.32431975 -0.15204793
   0.30093259  0.385813   -0.34409925]
 [-0.07312657 -0.31509798 -0.15275313 -0.77384001  0.11382227 -0.2627709
   0.20031046 -0.28768829 -0.26136372]
 [ 0.06970743  0.23602433  0.54230079  0.26207325  0.38687251  0.09821555
   0.35897226  0.32724727 -0.42590182]]","['prob_main', 'random_fill', 'random_fill', 'random_fill']","[[2.75382782e-01 1.38562920e-01 4.94376388e-02 6.44284069e-01
  9.52097844e-02 4.39909346e-02 1.65758514e-01 4.49927162e-02
  5.05226800e-01]
 [1.34379983e-09 9.99999994e-01 1.20249558e-02 1.20661791e-01
  1.54581906e-01 2.73343922e-09 3.09907039e-01 2.37889404e-01
  9.99999997e-01]
 [3.31767051e-10 4.41470140e-01 9.30117741e-02 1.62043076e-01
  2.29727554e-01 2.07364864e-02 3.84834428e-01 6.75730059e-02
  4.87731493e-01]
 [2.70807600e-01 2.97232768e-01 8.45587967e-01 2.28090414e-01
  1.37650176e-01 6.92460747e-03 7.05219229e-02 5.49378439e-02
  6.54979686e-01]]",[ 0.14479759  0.48862393 -0.32783936  0.4256407 ],4,0.29426591486034637,0.19112552451311568,0.22671744342234562,0.13583660111005247,0.29426591486034637
35,"[[-0.02022346 -0.32240224 -0.09218279 -0.73360322  0.33127821  0.30785287
  -0.15852089  0.30450766 -0.16310743]
 [ 0.00074711 -0.37919834  0.30989027 -0.09645918  0.47039762 -0.27647271
  -0.19644721  0.47492332 -0.43476081]
 [ 0.01675853 -0.55776745  0.25154669 -0.49362569 -0.49904426  0.29052461
   0.06788736  0.17048452 -0.12061999]
 [-0.24320697 -0.18546052 -0.37222764 -0.6035864  -0.28703736 -0.26323092
  -0.00482567  0.38961332 -0.31635742]]","['prob_main', 'random_fill', 'random_fill', 'random_fill']","[[2.03875235e-01 4.23753949e-01 2.30181744e-01 7.40749246e-02
  2.22828959e-01 3.22115667e-01 1.22279530e-07 5.27495301e-01
  1.00000000e+00]
 [2.42208464e-01 2.54468457e-01 5.70150086e-01 2.43601761e-01
  1.77739527e-01 9.62341351e-03 8.30162707e-09 6.40821740e-01
  1.00000000e+00]
 [3.33970570e-01 1.34730860e-01 7.90582616e-01 1.67445380e-01
  3.46964161e-02 4.46610819e-01 1.11452003e-07 6.39143604e-02
  1.00000000e+00]
 [2.31751533e-10 4.75144278e-01 5.96795767e-04 1.84641233e-01
  1.03651471e-01 6.30320720e-02 7.80776924e-03 9.21370493e-01
  1.00000000e+00]]",[-0.04580117  0.0074013   0.04937428 -0.20355031],4,0.2879833155068021,0.19886788083817158,0.23495195564041474,0.1342320767288094,0.2879833155068021
36,"[[ 0.1236297   0.73793856  0.01127962 -0.20199658  0.37615503  0.0783046
  -0.12400174 -0.17598308 -0.4530583 ]
 [ 0.12997332 -0.16319641 -0.01099927  0.7438429   0.06066576  0.01123083
   0.15449259  0.56363204  0.24019809]
 [-0.10109803  0.49468893  0.11476487  0.60344535 -0.04225787  0.40743203
   0.22116499  0.2778409  -0.27175113]
 [-0.2378256  -0.42106615  0.07378048  0.65998978 -0.31158548  0.17849749
  -0.04785898  0.43873506  0.03723458]]","['prob_main', 'random_fill', 'random_fill', 'random_fill']","[[4.59284082e-01 9.40831474e-01 2.58068288e-02 1.01255101e-01
  2.25834687e-01 3.71256667e-02 1.32390838e-07 4.69735330e-02
  5.25350815e-01]
 [3.38197379e-01 1.81237865e-01 4.14687015e-02 6.13438229e-01
  1.24039865e-01 2.27681300e-02 3.35328031e-08 7.09272975e-01
  1.00000000e+00]
 [1.42334923e-10 6.48511589e-01 2.30527541e-02 4.12454468e-01
  1.43596169e-01 7.00469215e-01 9.94426395e-08 2.94094319e-02
  1.00000000e+00]
 [1.02967750e-10 1.27515497e-01 5.56000178e-02 7.32310583e-01
  4.54950428e-02 1.16520988e-01 2.35827745e-08 4.74106519e-01
  1.00000000e+00]]",[0.57246974 1.11797256 0.58809645 0.68559208],4,0.2628870416020712,0.21778110217194696,0.2549823497070676,0.13119997419736124,0.2628870416020712
37,"[[ 0.07791731  0.10024309  0.4184539   0.49635398 -0.33527517  0.29862405
   0.36836642  0.47293036 -0.0382959 ]
 [-0.1040294  -0.63645375 -0.07439306  0.04830264 -0.52336232 -0.35196332
  -0.25753043 -0.28969457 -0.16794604]
 [-0.0242463  -0.64289906  0.07499549 -0.40044452 -0.09436866 -0.48236783
   0.27038761  0.31073392  0.09414658]
 [ 0.00437809 -0.63988705 -0.186189   -0.50431366  0.01409469  0.07288138
  -0.15836079 -0.17125783  0.49153742]]","['prob_main', 'random_fill', 'random_fill', 'random_fill']","[[2.42208476e-01 2.27714235e-01 5.01550928e-01 3.45797049e-01
  6.77317884e-02 1.53913030e-01 2.55938331e-02 6.13968753e-01
  1.00000000e+00]
 [1.39283518e-09 9.45323414e-02 5.61737960e-02 6.12936967e-01
  4.14036442e-02 7.62393380e-02 6.28070047e-08 8.35405172e-02
  5.18757797e-01]
 [2.42208600e-01 2.10715513e-01 4.85861490e-01 2.06171895e-01
  6.13469668e-02 4.68052941e-02 3.63520821e-01 3.92000329e-01
  1.00000000e+00]
 [9.99999999e-01 1.14777822e-01 8.71364184e-02 2.11519616e-01
  3.27381085e-02 5.01340141e-01 1.02722406e-07 9.85162715e-02
  1.00000000e+00]]",[ 0.70796251 -0.19456506  0.09841485  0.31970268],4,0.2759955239835581,0.21389687668505014,0.25087814143897125,0.13052078156738428,0.2759955239835581
38,"[[-0.10780238 -0.14016263  0.4936195  -0.44085677 -0.61509109 -0.21419204
  -0.12288421  0.00278695 -0.30231542]
 [ 0.07143204 -0.10302016 -0.31013303  0.28864478 -0.37268404  0.49911324
   0.47859724  0.0041748  -0.43325031]
 [ 0.06897583  0.46624384 -0.3270473  -0.25051761 -0.32271856  0.39766435
   0.43333693  0.2582706  -0.30227669]
 [ 0.05582671 -0.024634    0.04250872 -0.12141147  0.67136873  0.62248737
   0.28894667 -0.20784128 -0.12171336]]","['prob_main', 'random_fill', 'random_fill', 'random_fill']","[[1.41823367e-09 2.55151419e-01 9.99999990e-01 1.73270021e-01
  1.03147218e-01 5.32975766e-02 1.57914461e-07 7.15379505e-02
  8.40467042e-01]
 [2.75382781e-01 2.66515644e-01 1.25553844e-10 3.55214432e-01
  1.80349911e-02 3.90454197e-01 5.09461238e-01 4.84467135e-02
  8.46367268e-01]
 [2.75382780e-01 7.49934718e-01 9.21208415e-11 9.74567891e-02
  1.07785894e-01 1.36540346e-01 7.45220184e-01 4.62413113e-02
  1.00000000e+00]
 [2.75382781e-01 4.63372108e-01 5.87713938e-02 1.98711337e-01
  8.11739840e-01 2.98298038e-01 2.25180157e-02 4.51404149e-02
  1.00000000e+00]]",[0.05272189 0.16024508 0.39634279 0.58840608],4,0.26470234546884036,0.21778110217194696,0.2549823497070676,0.12999708171604749,0.26470234546884036
39,"[[-0.24200779 -0.36377917 -0.23396858 -0.6624053   0.29929444  0.31149128
   0.32235084 -0.15392164  0.0369994 ]
 [-0.12351448  0.68115177  0.29460727 -0.1948818   0.02791333 -0.32955776
  -0.44072789  0.20399336  0.22530478]
 [ 0.2159585   0.14476406 -0.08995578 -0.63501481  0.20765215  0.49530933
   0.44233306 -0.17892957  0.07031622]
 [ 0.19706681 -0.26916302 -0.09002655  0.39005601  0.63860706 -0.28255823
   0.1782203   0.19563968 -0.41324565]]","['prob_main', 'random_fill', 'random_fill', 'random_fill']","[[2.38569720e-10 4.11262162e-01 2.00465401e-02 1.63617352e-01
  1.69958283e-01 2.70939093e-01 6.89339677e-01 5.06446032e-02
  1.00000000e+00]
 [4.95656788e-11 1.00000000e+00 4.81933207e-01 5.29569990e-03
  2.07710589e-01 5.03614263e-11 5.15264029e-09 7.78700467e-02
  1.00000000e+00]
 [1.00000000e+00 6.05494379e-01 4.27460078e-02 9.70350017e-02
  1.07745844e-01 3.59780244e-01 4.58239194e-01 4.26012437e-02
  1.00000000e+00]
 [1.00000000e+00 2.98167437e-01 4.40781882e-02 3.85947303e-01
  7.90448392e-01 7.81672442e-03 8.32475758e-08 6.57251728e-02
  1.00000000e+00]]",[0.12399619 1.06908841 0.70411252 0.36557408],4,0.26737394409304066,0.24162046606824103,0.28007214094975763,0.12684650305477302,0.26737394409304066
40,"[[ 0.31467636  0.48052632  0.16610183 -0.40772145 -0.51857225  0.13357377
   0.03709171  0.15970782 -0.40324326]
 [-0.06069546  0.30516483  0.31845179  0.52640584  0.39177854  0.24893585
   0.3488242   0.23242975 -0.36539629]
 [-0.127039    0.26155187  0.09697773 -0.21141835  0.30333814  0.6323128
  -0.08810804  0.15756927 -0.58045216]
 [-0.51147785  0.16735312  0.22207758 -0.36235776 -0.47474331 -0.25350852
   0.24373962 -0.21897886 -0.36435315]]","['prob_main', 'random_fill', 'random_fill', 'random_fill']","[[9.99999999e-01 6.82206907e-01 2.26816286e-01 6.79708310e-02
  1.41522079e-01 7.36220746e-02 8.00904375e-08 5.92426528e-02
  4.29458235e-01]
 [4.93897927e-10 4.45650148e-01 1.00514037e-01 3.85089422e-01
  2.57645937e-01 8.68518837e-02 1.21079863e-02 4.95152970e-02
  2.23192555e-01]
 [1.97597208e-10 5.79582485e-01 7.82274197e-02 1.83216279e-01
  1.43702132e-01 2.31287696e-01 2.87462088e-08 5.21582391e-02
  1.76306692e-01]
 [2.17844847e-10 5.93171727e-01 2.94067802e-01 9.74893030e-02
  1.22026138e-01 1.90497709e-02 3.22539505e-01 5.84578112e-02
  4.33409184e-01]]",[ 0.4251861   0.4274583   0.21615936 -0.02561074],4,0.2605400525682725,0.24405754842071142,0.2826278293933547,0.12539597495808186,0.2605400525682725
41,"[[ 0.12918369  0.0772702  -0.0013849  -0.26711404 -0.60084304 -0.18482226
  -0.0140893   0.55068859 -0.45536908]
 [ 0.08105831 -0.05185381 -0.27245612 -0.69242724  0.38849788 -0.1311271
  -0.03534615  0.4017452  -0.32600526]
 [ 0.13744617  0.37976865 -0.23185486 -0.61517828  0.2215145   0.02855453
   0.317101    0.28985151 -0.41259224]
 [ 0.03014056  0.62302069  0.34110857 -0.25412224  0.54935498  0.2089766
   0.08924851 -0.20308941 -0.18796512]]","['prob_main', 'random_fill', 'random_fill', 'random_fill']","[[9.99999998e-01 4.21988325e-01 8.61155020e-02 1.80819157e-01
  1.01447151e-01 4.50002231e-02 3.13694370e-08 8.45184205e-01
  1.00000000e+00]
 [9.99999999e-01 5.54295218e-01 2.85232714e-10 1.25972834e-01
  3.15624851e-01 2.04150961e-02 8.78573675e-08 6.24167028e-01
  9.99999995e-01]
 [9.99999996e-01 7.79039139e-01 7.28205637e-10 9.17728628e-02
  1.82566799e-01 2.24911946e-02 7.76027249e-02 7.35516474e-02
  5.19328956e-01]
 [4.41871120e-02 9.09649311e-01 2.78484171e-01 1.08461132e-02
  5.70764291e-01 1.17524555e-01 1.75741162e-08 5.00787197e-02
  1.00000000e+00]]",[0.05416557 0.00978243 0.24958341 0.80027578],4,0.2530400998635764,0.25479013318835714,0.29386343587209457,0.12371549688856036,0.2530400998635764
42,"[[-0.20193396 -0.37451499  0.05843557 -0.68855537 -0.35807004 -0.11004311
   0.24956916  0.23574486 -0.28853758]
 [ 0.10223277  0.65235775  0.11944348 -0.31384555 -0.23155695  0.39653445
  -0.11771334 -0.08615881 -0.46805352]
 [ 0.17147998  0.3285608  -0.10462603 -0.30959274  0.46260864  0.45268794
  -0.34162489 -0.03287833 -0.46810947]
 [-0.15383672 -0.07732669  0.3253617  -0.55386729  0.23520142  0.03526529
   0.6282136   0.32114575 -0.05809794]]","['prob_main', 'random_fill', 'random_fill', 'random_fill']","[[6.61600725e-10 3.60487891e-01 3.15024019e-01 1.06476294e-01
  4.07717296e-02 8.58693468e-02 4.71781031e-01 9.57369162e-02
  6.93309167e-01]
 [4.59284073e-01 8.35653210e-01 6.93969702e-02 8.51761978e-02
  1.64688960e-01 2.26561234e-01 6.62721555e-09 4.86835228e-02
  5.06332777e-01]
 [9.99999999e-01 6.59085242e-01 1.86989500e-02 1.27591368e-01
  2.81035098e-01 2.22304583e-01 2.63274004e-08 4.76254991e-02
  5.23814567e-01]
 [7.35747837e-12 5.12762963e-01 3.36433936e-01 8.98626844e-02
  8.15631536e-02 1.66713967e-02 8.79038995e-01 5.15092193e-02
  1.00000000e+00]]",[-0.27369707  0.38417468  0.33044725  0.55048042],4,0.25891282255737297,0.2528376275310629,0.29182172496880177,0.12336083576752345,0.25891282255737297
43,"[[ 0.09626565 -0.38306505  0.21558177 -0.40851026  0.37013202  0.32145205
   0.36732009 -0.4724783  -0.17930153]
 [ 0.08955138  0.52540299  0.45299312 -0.35491771 -0.27798383  0.10960353
   0.11377275  0.37032862 -0.38129705]
 [ 0.06792363  0.48428773  0.21770269  0.41261513 -0.48419965  0.19007332
  -0.35908723  0.32554459 -0.19418026]
 [ 0.10793469 -0.66827354  0.09923225  0.05023161  0.42321945  0.39132235
  -0.29243113  0.12398533 -0.31024847]]","['prob_main', 'random_fill', 'random_fill', 'random_fill']","[[1.00000000e+00 2.60044303e-01 4.75664968e-01 1.05726084e-01
  1.24673771e-01 2.73746311e-01 4.05580778e-01 4.29295248e-02
  1.00000000e+00]
 [4.05583330e-01 7.71032686e-01 4.19641797e-01 6.41717533e-03
  1.45958540e-01 9.90754466e-02 7.05160038e-04 6.99509397e-02
  6.22233268e-01]
 [3.38197379e-01 7.56733027e-01 5.23779546e-02 3.01672390e-01
  8.45209588e-02 1.00006736e-01 1.10814770e-08 5.25841510e-01
  1.00000000e+00]
 [9.99999999e-01 1.33020599e-01 1.46296423e-01 3.69158159e-01
  3.87198689e-01 3.99209088e-01 5.50827486e-08 5.45073700e-02
  1.00000000e+00]]",[0.13954151 0.38825496 0.48041371 0.06870036],4,0.2626205931641694,0.27287377428846327,0.3127262974001385,0.1225919162726696,0.2626205931641694
44,"[[ 0.10582855 -0.12470136  0.30291179  0.46268818  0.36730261  0.19233911
   0.53852412  0.44777425  0.07069964]
 [-0.3471349   0.49853823  0.03152087 -0.33197975  0.45586753  0.34510392
  -0.30934566  0.29977334 -0.08533556]
 [ 0.15211038 -0.78648714  0.04525133  0.34357198 -0.31854923 -0.15684999
   0.01323105  0.19435728 -0.27237049]
 [-0.12353609  0.2840937  -0.48840681 -0.57039628 -0.34979493 -0.17612339
  -0.28515714 -0.17149788  0.27574339]]","['prob_main', 'random_fill', 'random_fill', 'random_fill']","[[3.38197381e-01 2.39609675e-01 9.27346460e-02 4.46740059e-01
  1.18252060e-01 1.90740599e-02 5.40373555e-01 3.39915348e-01
  1.00000000e+00]
 [4.39085061e-11 9.39776369e-01 4.61774244e-02 6.29239058e-02
  5.89867604e-01 2.06842403e-01 7.78049025e-09 6.13391109e-02
  1.00000000e+00]
 [9.99999998e-01 6.35272835e-02 4.82484340e-02 6.57231892e-01
  5.23303597e-02 6.35164644e-02 3.33208352e-07 8.03171034e-02
  7.50533633e-01]
 [3.11042161e-09 1.00000000e+00 7.42898403e-10 1.43080071e-02
  1.14321904e-01 5.26745770e-02 3.74136900e-07 1.02724203e-01
  1.00000000e+00]]",[0.8017152  0.72241642 0.11469141 0.48479232],4,0.2433063158787373,0.2846251234608579,0.32494024675447636,0.12028183086378957,0.2433063158787373
45,"[[ 0.01015348 -0.06631234  0.39699859 -0.55872085  0.052627    0.46385576
   0.30092872 -0.01724072 -0.46576347]
 [ 0.06744176  0.42200977  0.32117457 -0.20563524 -0.60226791 -0.18720135
   0.29532907 -0.43105253  0.03352432]
 [-0.00394377  0.38977324 -0.14175495 -0.24628243  0.30954675  0.40422172
   0.4821837   0.45762911  0.2572389 ]
 [-0.53541877 -0.02741193 -0.28711234  0.41831616 -0.31886329 -0.29409289
   0.41292976 -0.15734059 -0.26780954]]","['prob_main', 'random_fill', 'random_fill', 'random_fill']","[[2.40889063e-01 4.13229224e-01 5.35417626e-01 8.72274332e-02
  9.46164233e-02 2.77395460e-01 1.68542766e-02 4.59757432e-02
  4.70084667e-01]
 [3.36417209e-01 7.64079054e-01 3.21052509e-01 3.95859058e-02
  8.95060975e-02 3.45578964e-04 6.10566339e-01 4.51364110e-02
  1.00000000e+00]
 [6.76155202e-09 7.98718028e-01 6.88113535e-09 1.10198331e-01
  1.54856158e-01 7.77025032e-02 6.81703491e-01 1.50613107e-01
  1.00000000e+00]
 [1.46227214e-10 2.65655260e-01 5.32414448e-03 5.50470109e-01
  4.40816824e-02 1.52469314e-02 7.55593128e-01 4.79559145e-02
  9.99999999e-01]]",[0.0578498  0.58052585 1.01839342 0.23957169],4,0.24011123753696617,0.29001659469257407,0.33053287057190495,0.11919780883057815,0.24011123753696617
46,"[[ 0.21768204  0.22859331 -0.12857368  0.40017519 -0.41685583  0.04737364
   0.46682954  0.51116536 -0.26163977]
 [ 0.06274565 -0.48203237 -0.44676802 -0.30446641 -0.07034376 -0.60442805
  -0.14202086 -0.26102613  0.11322649]
 [ 0.07499134 -0.80918941 -0.34426677 -0.02449111  0.35525173 -0.0303754
   0.19200738  0.22700649  0.07031446]
 [-0.04342796  0.14521337  0.01084881 -0.32462659  0.49075847  0.38317952
   0.43370599 -0.28039858 -0.46597457]]","['prob_main', 'random_fill', 'random_fill', 'random_fill']","[[9.99999997e-01 3.76542435e-01 4.59129873e-10 3.11127345e-01
  7.20653551e-02 2.89109068e-02 3.78805798e-01 5.25121266e-01
  1.00000000e+00]
 [9.99999995e-01 1.67549348e-01 1.80656333e-09 3.59886596e-01
  9.19360914e-02 5.22579849e-02 6.74439506e-07 7.29459642e-02
  1.00000000e+00]
 [9.99999978e-01 1.36549882e-01 2.42301178e-02 3.99051376e-01
  5.77449332e-01 9.76217292e-02 8.14134393e-04 9.49251511e-02
  1.00000000e+00]
 [8.42538052e-11 5.67201690e-01 7.59076203e-02 1.76029360e-01
  3.17102847e-01 1.65362137e-01 8.60010203e-02 4.50065270e-02
  3.21989396e-01]]",[ 0.58321308 -0.07145967  0.24057577  0.11966978],4,0.25053199375692603,0.2880556700008506,0.3284995788895946,0.11875925714139209,0.25053199375692603
47,"[[ 1.40115188e-01 -5.50823649e-02  3.12472451e-01  8.43113928e-01
  -4.79452479e-02  3.51927633e-01 -2.03702686e-01 -1.67206536e-02
  -3.04527245e-02]
 [-1.24580817e-01 -6.64624686e-01  2.41587355e-01  6.92742672e-02
   3.60365624e-01  1.83413003e-01  2.45613212e-01  3.05690977e-01
  -4.02881789e-01]
 [ 3.49400434e-01  7.00113507e-02  4.27895807e-01 -3.84305625e-01
   2.16746354e-01 -1.81096929e-01  3.99898766e-01 -1.72752269e-01
  -5.22201745e-01]
 [-2.96041398e-01 -1.47429894e-04  1.80701344e-01  6.80558309e-01
  -4.71836931e-01  2.33730438e-01  8.43632512e-02  5.27842420e-02
  -3.59699235e-01]]","['prob_main', 'random_fill', 'random_fill', 'random_fill']","[[1.00000000e+00 1.28666257e-01 5.46216839e-02 8.21522307e-01
  6.62405473e-02 2.20397637e-01 7.77531681e-09 4.06480416e-02
  1.00000000e+00]
 [1.87845981e-09 1.51471548e-01 4.12187420e-01 3.85110580e-01
  9.89110268e-02 1.14472237e-01 4.24742491e-03 5.92466312e-02
  3.76207541e-01]
 [9.99999997e-01 4.48672462e-01 5.09219731e-01 1.00776041e-01
  1.24808353e-01 2.57003070e-02 1.25918421e-01 5.72312613e-02
  5.44136253e-01]
 [8.86982493e-10 1.69716865e-01 5.52591564e-02 7.79390219e-01
  5.23743916e-02 1.74836967e-01 4.78457648e-07 5.14607387e-02
  6.49427022e-01]]",[ 0.88598833 -0.05018716  0.33869318  0.32565137],4,0.23959982400426305,0.30522858749316056,0.3462760544018263,0.11744779373665196,0.23959982400426305
48,"[[-0.0772283   0.05292887 -0.37655212  0.32475889 -0.44291655 -0.14554285
   0.36804271  0.40551153 -0.47615298]
 [ 0.1437013  -0.6254556   0.01936414  0.34472845  0.38374205  0.05242959
   0.38825025  0.2618967  -0.31560671]
 [ 0.03785885 -0.6001311  -0.28305507 -0.02297224 -0.3045128  -0.07172058
   0.22513234 -0.03322957 -0.63882768]
 [-0.28953875 -0.09724917  0.24122295  0.28257923 -0.33876919  0.59307101
  -0.14404518 -0.45621141 -0.27072998]]","['prob_main', 'random_fill', 'random_fill', 'random_fill']","[[5.40674446e-09 3.62842664e-01 4.81648123e-04 4.02943170e-01
  7.85688801e-02 3.63760679e-02 2.14601766e-01 6.42441885e-02
  2.36685924e-01]
 [9.99999991e-01 1.36287130e-01 4.79054155e-02 5.69476107e-01
  9.41323550e-02 2.81586079e-02 3.13211407e-01 5.21778391e-02
  7.62327183e-01]
 [2.75382782e-01 2.41441842e-01 4.41914676e-02 3.70925014e-01
  6.94352156e-02 9.85014553e-02 9.27672692e-03 6.76565056e-02
  8.34262489e-02]
 [2.64524947e-10 2.59930047e-01 1.78019940e-01 3.84405061e-01
  5.47238767e-02 9.16715386e-01 5.20156879e-08 3.02984562e-02
  1.00000000e+00]]",[ 0.1021248   0.18797494 -0.23716388  0.36687547],4,0.22706447204348817,0.3086671250775179,0.34982739535055424,0.11643522957885151,0.22706447204348817
49,"[[ 0.08393832 -0.11580084  0.31040176 -0.21934045  0.41024584  0.48295259
   0.28686841  0.51009677  0.30174158]
 [-0.188729   -0.84796575  0.15696401  0.31911323  0.28361917  0.05903603
  -0.15783422  0.00886601 -0.09974551]
 [ 0.02126423  0.041369    0.14263819 -0.2590104  -0.55750106 -0.43483583
   0.32141266  0.35124421 -0.4287612 ]
 [-0.07819777 -0.85472488 -0.00447777  0.06690133  0.14776845 -0.21910803
   0.29199164 -0.17864926  0.26798532]]","['prob_main', 'random_fill', 'random_fill', 'random_fill']","[[8.52401112e-01 3.42171249e-01 3.68461473e-01 1.11107102e-01
  1.82455073e-01 2.48765299e-01 1.63863012e-02 5.62770244e-01
  1.00000000e+00]
 [1.42450800e-10 5.26411213e-02 3.06188553e-01 6.93574673e-01
  2.23108579e-01 7.72182740e-02 2.87763512e-08 6.98921262e-02
  1.00000000e+00]
 [2.64888362e-01 4.71089641e-01 1.57736238e-01 1.68766261e-01
  9.49100060e-02 2.07678486e-02 2.96321413e-01 6.40666127e-02
  2.95199097e-01]
 [6.42466786e-09 1.39291013e-01 5.65863256e-02 5.77364726e-01
  7.18084142e-02 3.41080437e-02 6.06486483e-01 6.21981371e-02
  1.00000000e+00]]",[ 0.91042906  0.19346225 -0.06686033  0.35641792],4,0.2193481557111835,0.32834039909270646,0.3700962840080238,0.11434479698491856,0.2193481557111835
50,"[[ 0.0414096  -0.63659883  0.08376651 -0.24651004  0.21297144 -0.43170647
   0.45740356 -0.27965979 -0.07802711]
 [-0.21430911  0.28662015  0.47440621 -0.07169856  0.47739533  0.43030276
  -0.16117963 -0.31988378 -0.3167764 ]
 [-0.26874386  0.09660766 -0.14260236  0.21941594  0.55042583 -0.03036822
  -0.2455644   0.53283478 -0.44928757]
 [-0.14389297  0.43967884  0.40850971  0.33014793 -0.4430508   0.16160746
  -0.10632843 -0.47446398 -0.22642154]]","['prob_main', 'random_fill', 'random_fill', 'random_fill']","[[2.75382788e-01 2.86029499e-01 2.26615612e-01 2.45647602e-01
  1.22338046e-01 1.23742500e-02 8.36368246e-01 4.57210735e-02
  1.00000000e+00]
 [4.32155503e-09 5.12717518e-01 7.77373892e-01 8.73735628e-02
  2.51688189e-01 4.27844800e-01 7.51927869e-07 2.54922726e-02
  1.00000000e+00]
 [3.84640140e-11 5.03359681e-01 1.61011932e-03 3.15179592e-01
  3.05931641e-01 2.92297558e-03 8.33745486e-09 8.37783421e-01
  1.00000000e+00]
 [8.66843903e-11 5.10514485e-01 9.20511904e-01 2.07248145e-01
  8.08187443e-02 1.73354323e-01 2.25300628e-08 4.00825964e-02
  1.00000000e+00]]",[0.10020247 0.48880809 0.28297071 0.41569226],4,0.22033731049824107,0.3332650987136404,0.3751571249657034,0.113634752442316,0.22033731049824107
51,"[[ 0.26242306  0.40487444  0.3044919   0.20492192 -0.4697123   0.19469896
   0.23562253 -0.56431054  0.00090661]
 [ 0.12430603 -0.15572838 -0.09937749  0.02215803  0.66175928  0.28399465
  -0.29231237  0.29912864 -0.50638626]
 [ 0.2047041   0.54843358 -0.31904138  0.39974973  0.34949796  0.34679358
   0.36219703  0.06523291 -0.13368979]
 [-0.31510097 -0.17437075 -0.38840547 -0.67560764  0.38024431  0.0264454
   0.08413797 -0.32756022  0.05780773]]","['prob_main', 'random_fill', 'random_fill', 'random_fill']","[[1.00000000e+00 7.09478629e-01 4.86554045e-01 1.05748674e-01
  7.27224140e-02 2.63297896e-01 5.14097696e-02 2.81030404e-02
  1.00000000e+00]
 [9.38965567e-01 3.95298912e-01 3.13632369e-02 2.49265153e-01
  8.69151864e-01 7.89963351e-02 9.38615855e-08 5.35351608e-02
  1.00000000e+00]
 [9.99999999e-01 8.76504179e-01 3.08499234e-10 1.96403370e-01
  2.20929606e-01 1.67660439e-01 2.80700151e-01 3.52435580e-02
  9.99999997e-01]
 [2.08180388e-10 5.23396332e-01 3.31727803e-10 1.66167505e-01
  9.11123632e-01 1.00190835e-01 8.28013157e-03 5.81334095e-02
  1.00000000e+00]]",[0.73376109 0.16479771 0.86955664 0.18503232],4,0.23524607192860747,0.3362211206972792,0.37819242731374014,0.1136564803011778,0.23524607192860747
52,"[[-0.30000253 -0.07567618  0.27718741 -0.32804891  0.44698174  0.01044002
   0.37347645  0.47229497 -0.39670364]
 [-0.18603238 -0.1399934   0.15514837 -0.26226363 -0.43844781  0.60502979
   0.11925029  0.52820518 -0.03770549]
 [-0.45247593  0.42627045  0.0490956   0.63648233 -0.22005162 -0.27339041
   0.12398387 -0.01686843 -0.25926303]
 [ 0.22489857  0.18013932 -0.14377251  0.61377749 -0.24292722  0.42714139
   0.49087136 -0.14904696  0.1222458 ]]","['prob_main', 'random_fill', 'random_fill', 'random_fill']","[[2.20364286e-10 4.83060367e-01 3.11867409e-01 1.13288664e-01
  2.88591104e-01 3.34655895e-02 4.86882633e-02 7.14677183e-01
  1.00000000e+00]
 [1.30841365e-10 3.06444117e-01 1.94136090e-01 2.40672059e-01
  5.23218673e-02 9.49562272e-01 3.69308605e-08 6.09683596e-02
  1.00000000e+00]
 [2.05413187e-10 3.87095933e-01 3.29566952e-02 8.87640043e-01
  9.00768351e-02 8.00943875e-10 5.35182550e-07 5.45306706e-02
  9.85875535e-01]
 [1.00000000e+00 2.60325358e-01 5.03997473e-10 4.91819409e-01
  3.72534131e-02 2.50627353e-01 4.89826791e-01 3.29358513e-02
  1.00000000e+00]]",[0.1010884  0.47017159 0.45525038 1.02944329],4,0.23731240319580446,0.3510145650225193,0.3933556044867055,0.11245985131913942,0.23731240319580446
53,"[[ 0.23956481  0.59046458  0.28090534  0.39126795  0.34813182  0.46717094
  -0.07659363 -0.04910886 -0.11932787]
 [-0.12332923 -0.61270599 -0.21366622 -0.34484193  0.41884715 -0.22565663
   0.28590785 -0.34716243  0.12725235]
 [ 0.22973123 -0.67978862  0.19190365 -0.45907873 -0.25121052  0.16535306
   0.04325301  0.0687305  -0.37481681]
 [ 0.26214836  0.13478982  0.09606183 -0.02252598  0.55250384  0.46558668
   0.46140445 -0.17373332 -0.37184118]]","['prob_main', 'random_fill', 'random_fill', 'random_fill']","[[1.00000000e+00 8.26993823e-01 7.18340500e-02 1.79663458e-01
  1.90486779e-01 5.10997988e-01 9.64840562e-09 2.14995404e-02
  1.00000000e+00]
 [7.28774264e-10 3.07777838e-01 5.55921398e-02 3.12727619e-01
  7.86647904e-01 4.50656693e-02 1.86373819e-01 6.34543756e-02
  1.00000000e+00]
 [9.99999999e-01 1.93960536e-01 3.62522317e-01 1.54846392e-01
  4.30970785e-02 2.11232893e-01 1.83255683e-07 7.61424415e-02
  4.91417818e-01]
 [9.99999996e-01 4.85796957e-01 7.07801454e-02 1.77377033e-01
  7.89762152e-01 1.60333804e-01 4.16381997e-02 4.49002564e-02
  1.00000000e+00]]",[ 1.00300473  0.16952789 -0.05849505  0.48099862],4,0.23733930525562363,0.3683011134335432,0.41101844752800937,0.11086174378918641,0.23733930525562363
54,"[[ 0.10366176  0.07976174 -0.05296095 -0.37940952 -0.42657822  0.54097777
   0.16763043  0.36296355 -0.44907397]
 [ 0.15324073  0.17477978  0.26465174 -0.5884013   0.71370746 -0.00301132
   0.02165548 -0.13881171 -0.02424086]
 [ 0.11161654  0.0185017   0.08821052 -0.00110559  0.45536641  0.53002944
  -0.05937524  0.61206291 -0.33612635]
 [ 0.10543851 -0.06861529  0.46176228 -0.50527432 -0.249538    0.30378829
   0.32598411  0.3713729   0.34191828]]","['prob_main', 'random_fill', 'random_fill', 'random_fill']","[[9.99999990e-01 3.93952780e-01 7.12894818e-02 1.73229249e-01
  6.64200842e-02 8.44414085e-01 1.48078983e-02 5.93753298e-02
  9.99999954e-01]
 [9.99999997e-01 5.77364567e-01 2.87246235e-01 7.83290084e-02
  7.39430505e-01 4.45436461e-02 6.20506929e-08 5.49800950e-02
  1.00000000e+00]
 [3.38197432e-01 4.08045053e-01 6.54804356e-02 2.46285070e-01
  1.92215964e-01 1.89565799e-01 4.85140188e-08 8.57444183e-01
  1.00000000e+00]
 [9.99999992e-01 2.89256524e-01 9.50214017e-01 7.54414244e-02
  8.97324626e-02 2.40219759e-01 1.29392886e-02 5.35906657e-02
  1.00000000e+00]]",[0.06901901 0.7798139  0.4274893  0.90286816],4,0.21214169407464756,0.35891335356109905,0.40143368064812995,0.11101933096535986,0.21214169407464756
55,"[[ 1.82641220e-01 -3.42225139e-01  4.48762741e-01  1.09890905e-02
  -6.15460301e-02  1.85328388e-01  1.50047727e-01  5.90055363e-01
  -4.89082002e-01]
 [ 4.74732338e-01 -3.81821184e-01 -2.77730909e-01 -6.75631689e-01
  -1.98913792e-02 -1.05790352e-01  2.55305231e-02 -7.93063552e-02
   2.76948700e-01]
 [-1.19298218e-01 -8.90312305e-02  4.24976718e-01 -6.40476283e-01
  -2.25058724e-02  2.86732227e-01  1.95087286e-01  5.15989688e-01
  -5.85048733e-05]
 [ 2.03171762e-01  1.15205967e-01  3.13304897e-01 -3.70095035e-01
   3.27965410e-01  3.19969705e-01  5.05529872e-01  3.33641247e-01
  -3.65376068e-01]]","['prob_main', 'random_fill', 'random_fill', 'random_fill']","[[9.99999996e-01 1.94868201e-01 5.90839248e-01 2.25208238e-01
  7.53319559e-02 9.89164794e-02 1.79425339e-03 4.92501348e-01
  1.00000000e+00]
 [1.00000000e+00 2.76900999e-01 2.26707697e-09 1.14364167e-01
  1.25133811e-01 1.43862892e-01 2.52824420e-01 1.13962559e-01
  1.00000000e+00]
 [4.29304437e-10 4.38731953e-01 5.28338447e-01 9.65616893e-02
  1.07716356e-01 1.57433052e-01 1.51723413e-02 6.44550629e-01
  1.00000000e+00]
 [1.00000000e+00 5.02477936e-01 3.21724108e-01 6.37589579e-02
  1.30358818e-01 7.53558626e-02 6.71073082e-01 4.82298315e-02
  1.00000000e+00]]",[0.19905983 0.54839471 0.501825   0.39508874],4,0.21406023602434038,0.38908307591309277,0.43217575445049977,0.10889135120895158,0.21406023602434038
56,"[[ 0.12554376  0.17194602  0.31524768  0.36102194  0.36826569  0.36251265
   0.43775267  0.41125597 -0.31170736]
 [ 0.33859202 -0.13174154 -0.20485148 -0.05620821  0.45849703  0.04138489
   0.41415104  0.48866484 -0.44791682]
 [-0.41889418  0.50003592 -0.28327591  0.48343851  0.10336183  0.15742113
   0.28209271 -0.3620229  -0.12013219]
 [-0.08473647 -0.01527508  0.23710568  0.31958032  0.49906059  0.47094458
   0.54455315  0.1229281  -0.22745548]]","['prob_main', 'random_fill', 'random_fill', 'random_fill']","[[9.99999995e-01 4.16458406e-01 1.23484397e-01 2.46068611e-01
  1.94545625e-01 6.51063568e-02 3.08256447e-01 4.97384936e-01
  1.00000000e+00]
 [9.99999999e-01 3.98192488e-01 3.36659477e-10 2.26464312e-01
  2.24555105e-01 2.95752551e-02 7.16959759e-02 7.34757547e-01
  1.00000000e+00]
 [1.52364931e-10 9.69618324e-01 1.16521527e-10 3.07271615e-01
  1.71023804e-01 7.59787333e-02 3.12807055e-01 4.18029028e-02
  1.00000000e+00]
 [9.96887103e-10 3.39286451e-01 8.34975581e-02 3.02728388e-01
  1.49784297e-01 2.30593328e-01 7.77215133e-01 3.98423343e-02
  1.00000000e+00]]",[0.44794807 0.31841251 0.61600371 0.49538648],4,0.21570800391178518,0.3851214505788265,0.42814894754247446,0.10897910256444611,0.21570800391178518
57,"[[ 2.25108715e-02  4.18222084e-01  4.77698443e-01  1.28092991e-01
  -1.74768535e-01  4.34391519e-01  3.47714657e-01  3.03252940e-01
  -3.84541378e-01]
 [-2.59366042e-04 -3.62356867e-02 -1.75685462e-01 -5.35179301e-01
   4.47306797e-01  1.74555329e-01  3.27655301e-01  4.05276333e-01
  -4.23373128e-01]
 [ 2.29212134e-02 -1.94566626e-01  4.83582883e-01 -4.24374507e-01
   4.90368066e-01  3.20246468e-01  6.23397199e-02  1.34395591e-01
  -4.27440362e-01]
 [ 1.14160458e-01 -6.16566883e-01  1.60631173e-01  4.28084487e-02
  -2.59369597e-01  3.22113526e-01  4.44684419e-01 -1.77519367e-01
  -4.22954681e-01]]","['prob_main', 'random_fill', 'random_fill', 'random_fill']","[[1.60964047e-09 5.05009421e-01 8.16888916e-01 1.02915003e-01
  1.31339624e-01 4.86186405e-01 2.75000951e-02 2.27441089e-02
  1.00000000e+00]
 [2.33445875e-01 5.21618601e-01 3.23917198e-09 1.69224746e-01
  2.99432131e-01 6.65096603e-02 2.85498950e-02 8.39167831e-02
  2.30352457e-01]
 [2.47331755e-01 2.63635228e-01 9.54411869e-01 1.46983240e-01
  1.98584860e-01 1.87196830e-01 2.51570079e-08 4.54082693e-02
  8.52982732e-01]
 [9.99999991e-01 1.57044540e-01 1.27465954e-01 3.14755570e-01
  1.14347065e-02 1.97089513e-01 2.33029336e-01 6.75039338e-02
  5.85808365e-01]]",[ 0.43477459 -0.01814072  0.15236805 -0.04432855],4,0.21109924865361274,0.38363622161753314,0.4266385144101036,0.10785553943346353,0.21109924865361274
58,"[[-0.42323161 -0.55718645 -0.10995899 -0.3345648   0.05026729 -0.39033061
  -0.03131355 -0.47543726  0.06699083]
 [-0.03546089 -0.03585316 -0.26493211  0.6874192   0.51863627 -0.02941411
  -0.00750506 -0.41318924 -0.1187116 ]
 [-0.1085964  -0.51704012  0.29337489  0.04421957 -0.63725166  0.09791303
   0.25988116 -0.36959877 -0.11416675]
 [-0.24889042  0.28124714  0.43304341  0.01377521 -0.50848668 -0.52338483
   0.02105259  0.25387195  0.27175854]]","['prob_main', 'random_fill', 'random_fill', 'random_fill']","[[4.74118534e-09 2.10649160e-01 2.32964254e-01 2.95449647e-01
  5.37186392e-01 5.63273752e-02 1.22506626e-02 6.80306331e-02
  1.00000000e+00]
 [1.47457513e-02 2.63035163e-01 2.80818655e-11 6.56923984e-01
  6.78438121e-01 4.18876530e-02 5.07687223e-09 4.91775040e-02
  1.00000000e+00]
 [1.81020903e-09 1.25129105e-01 8.80891402e-01 3.32585868e-01
  5.09949939e-02 1.39394909e-01 2.25094658e-01 4.49927260e-02
  1.00000000e+00]
 [8.69405132e-11 4.99133019e-01 9.99999997e-01 1.48048012e-01
  9.89629433e-02 9.91691342e-11 1.40527604e-02 7.45516262e-02
  1.00000000e+00]]",[-0.2025549   0.65322794  0.11729523  0.81612214],4,0.21805615489635105,0.39403717510356084,0.4372071955483011,0.10737019284388585,0.21805615489635105
59,"[[ 0.01205642 -0.35562589 -0.22580441 -0.76841194 -0.2113128   0.24983646
   0.23708692  0.25478866 -0.06116786]
 [ 0.06480146  0.10363877  0.35009998 -0.41795606  0.61140108  0.0727371
   0.53698983 -0.1405774   0.02409288]
 [-0.27170094 -0.45101245 -0.04605725  0.0425567  -0.05466125 -0.04163523
   0.66217091 -0.00172225 -0.52501372]
 [-0.18442547  0.20180938 -0.44382841 -0.27295908 -0.60866409  0.34446881
  -0.06662474  0.33100102 -0.2250303 ]]","['prob_main', 'random_fill', 'random_fill', 'random_fill']","[[8.16198501e-01 3.27239074e-01 1.71993831e-02 1.22829063e-01
  1.03394332e-02 2.84464313e-01 4.87550925e-01 9.96902650e-02
  1.00000000e+00]
 [2.71155971e-01 5.43027004e-01 3.08851543e-01 8.43474784e-02
  4.61643030e-01 1.53111153e-10 5.48422162e-01 4.48882996e-02
  1.00000000e+00]
 [6.84258430e-11 3.09542630e-01 7.27787917e-02 3.21827035e-01
  4.12888912e-02 4.91188161e-02 7.78136102e-01 6.13687926e-02
  7.96232972e-01]
 [9.30752558e-10 5.92049241e-01 2.25137523e-10 1.48343680e-01
  7.55309023e-02 5.38938730e-01 2.28971241e-07 4.32066269e-01
  1.00000000e+00]]",[-0.05609254  0.7412541  -0.03644548  0.13664804],4,0.21377808929218767,0.40990559732976384,0.45329250214759476,0.10637000707260844,0.21377808929218767
60,"[[ 0.00074996  0.53897555 -0.24174785  0.35338942  0.33394053  0.41794923
   0.2197206  -0.14984065 -0.41140185]
 [ 0.36213622  0.45128385  0.40685037  0.55385885  0.33349761 -0.07082601
   0.03378871 -0.00181179  0.27482987]
 [ 0.03942824 -0.55274884 -0.36713329  0.30774018 -0.40268763  0.22734435
   0.01119039  0.44547212  0.22585361]
 [-0.30754597 -0.28134405 -0.07050298 -0.6808909  -0.38577709 -0.36651208
  -0.26684031  0.02723918 -0.05076541]]","['prob_main', 'random_fill', 'random_fill', 'random_fill']","[[1.62416190e-09 7.63457009e-01 1.69172738e-10 2.17354408e-01
  1.83367050e-01 2.27046824e-01 8.81788921e-03 4.20614773e-02
  3.74620594e-01]
 [1.00000000e+00 5.10288774e-01 6.65423111e-01 3.06042227e-01
  2.00338808e-01 4.74102409e-03 2.89436417e-07 4.97267506e-02
  1.00000000e+00]
 [2.75382781e-01 1.33424523e-01 2.42301175e-02 4.77987823e-01
  2.42278331e-02 1.60099245e-01 5.05864604e-09 7.43270119e-01
  1.00000000e+00]
 [2.06162590e-11 3.94843506e-01 3.06699409e-01 4.24880245e-02
  6.06340964e-02 1.11988446e-01 1.04847348e-08 1.46743303e-01
  7.20555620e-01]]",[ 0.48593849  1.37386964  0.65890912 -0.2586583 ],4,0.2027291352625541,0.41387631836462696,0.45731021329875693,0.10588965426891704,0.2027291352625541
61,"[[ 0.10956063  0.30939989 -0.30678495  0.5921437  -0.09595719 -0.10632515
   0.48039055 -0.20839419 -0.39089765]
 [ 0.05614954 -0.55340071  0.24364607  0.44473229 -0.41018439 -0.25954827
  -0.20434286  0.34466828 -0.19306967]
 [ 0.06931983 -0.51948449  0.10023282  0.57999034  0.02467627  0.35128236
   0.03571     0.34063841  0.37091409]
 [-0.24962744 -0.31649463  0.47428805 -0.17994685 -0.35747722  0.00184996
   0.39374094  0.54124199  0.066476  ]]","['prob_main', 'random_fill', 'random_fill', 'random_fill']","[[3.44417072e-01 3.84224802e-01 1.94118996e-10 4.06952384e-01
  8.38803535e-02 4.76875752e-10 5.17218009e-01 4.53067781e-02
  5.71071691e-01]
 [2.42208466e-01 1.10415068e-01 2.95969232e-01 6.24374994e-01
  5.89410623e-02 3.28967991e-02 8.36580302e-08 4.74888224e-01
  1.00000000e+00]
 [2.75382784e-01 7.07603581e-02 4.61482910e-02 8.25624903e-01
  5.04224375e-02 3.81730239e-01 5.44536065e-07 5.26476299e-02
  1.00000000e+00]
 [2.98401958e-10 2.46257454e-01 6.81073339e-01 2.14964751e-01
  7.16125128e-02 3.74431047e-02 2.36932200e-01 3.97855509e-01
  1.00000000e+00]]",[0.40533342 0.24018178 0.98999787 0.55597499],4,0.22470964959700207,0.43574084922441375,0.4793820593475277,0.10434248556435327,0.22470964959700207
62,"[[ 0.16030726  0.07009424 -0.50191258 -0.32550908 -0.4058199  -0.45262892
  -0.32628988 -0.32073821  0.18059671]
 [ 0.03404613 -0.42042739  0.38062387 -0.48080815  0.23433994 -0.19804822
   0.2711854   0.27169022 -0.45225574]
 [ 0.2492746  -0.22989492  0.50053825  0.40214152  0.58861529 -0.30896065
  -0.01822811 -0.13241289  0.1138599 ]
 [ 0.05712353 -0.41822296 -0.26229648 -0.52877177  0.01476946 -0.10983337
  -0.33919542 -0.58477504  0.06426933]]","['prob_main', 'random_fill', 'random_fill', 'random_fill']","[[1.00000000e+00 9.28263858e-01 4.69284431e-11 7.44319474e-02
  1.00335823e-01 2.66573123e-10 2.66050361e-08 4.48883000e-02
  1.00000000e+00]
 [2.65454475e-01 2.47124415e-01 7.70209191e-01 1.90945138e-01
  1.36250932e-01 2.75847305e-02 1.86940925e-02 8.02206254e-02
  5.56208708e-01]
 [1.00000000e+00 1.72622849e-01 8.88222442e-01 2.84620333e-01
  2.56609841e-01 1.15529628e-10 9.57526974e-09 5.83728771e-02
  1.00000000e+00]
 [9.99999998e-01 2.34923324e-01 2.17798557e-10 1.41762557e-01
  1.15102188e-01 1.67593935e-01 2.15376661e-08 1.01412562e-01
  1.00000000e+00]]",[ 0.32662598 -0.09172608  1.0258115  -0.12782846],4,0.20320686416594963,0.4193384042269348,0.4628322216806923,0.10450558556286368,0.20320686416594963
63,"[[ 0.06708932  0.02932773  0.43345845  0.6313454  -0.36358946  0.24355521
  -0.10525647  0.05356517 -0.45021226]
 [ 0.27342188 -0.22600518 -0.10329369 -0.76893512  0.23379128  0.20491875
   0.19280308 -0.31055796 -0.20484629]
 [ 0.23052509 -0.31456142 -0.0242923  -0.60630321 -0.38957668 -0.52473148
  -0.14150054  0.06150285  0.16969824]
 [-0.13954367  0.35689576  0.12633894 -0.42103663 -0.69834845  0.119497
   0.13160523  0.27575648  0.25414159]]","['prob_main', 'random_fill', 'random_fill', 'random_fill']","[[2.16921146e-01 1.75846867e-01 4.78272894e-01 4.96723628e-01
  6.30014722e-02 1.16558562e-01 1.49124033e-07 4.79467286e-02
  5.12841795e-01]
 [1.00000000e+00 4.32515583e-01 2.47960106e-01 1.93468938e-02
  2.15241086e-01 2.60491779e-01 1.63261738e-01 4.55278066e-02
  8.07070167e-01]
 [1.00000000e+00 2.52093504e-01 6.69868388e-01 5.24521798e-02
  6.94153842e-02 5.73913052e-02 8.05708047e-09 1.67246773e-01
  1.00000000e+00]
 [2.48199690e-10 8.97883588e-01 2.94065739e-01 7.30743445e-03
  7.61625620e-02 1.44882419e-01 9.82808905e-03 2.68748314e-01
  1.00000000e+00]]",[0.31778826 0.09089605 0.22597838 0.64819522],4,0.21694342626351215,0.4277851255558205,0.4713609187056815,0.10408418082111273,0.21694342626351215
64,"[[ 0.06264627  0.13417727  0.31264658  0.6203106  -0.04751544  0.41942612
   0.41678053  0.06455832 -0.37348228]
 [ 0.02377303  0.57743891  0.46445863  0.5050689   0.17980127  0.08233372
   0.16647417  0.34896705 -0.08114024]
 [ 0.20587765 -0.02707176  0.38726459  0.67430523 -0.26165871 -0.02808184
   0.4679203  -0.23891748  0.08327825]
 [ 0.05385792  0.3804268   0.15059189  0.50258702  0.12979452  0.10018495
  -0.17396072 -0.68481013 -0.22581466]]","['prob_main', 'random_fill', 'random_fill', 'random_fill']","[[1.73384709e-01 2.00654775e-01 1.69784220e-01 6.11204187e-01
  3.82857880e-02 3.76671528e-01 3.13222612e-01 2.62215011e-02
  9.67526412e-01]
 [7.29078163e-11 8.48343426e-01 3.95671333e-01 2.03725531e-01
  2.05047572e-01 3.77148900e-02 1.17894320e-02 3.11050149e-01
  1.00000000e+00]
 [1.00000000e+00 1.71887112e-01 2.32466082e-01 5.98121430e-01
  5.30565040e-02 1.32089772e-03 4.01073949e-01 4.48882993e-02
  1.00000000e+00]
 [1.68905750e-01 6.62780437e-01 3.05194291e-02 5.25891964e-01
  1.69800339e-01 1.34254491e-01 7.48766068e-08 3.51557733e-02
  6.69659693e-01]]",[0.39705475 0.84587657 0.94087116 0.39033422],4,0.22532844697090643,0.44071605435832495,0.48439239439816645,0.10386123062730901,0.22532844697090643
65,"[[ 0.23380964 -0.23542633 -0.18280579 -0.50456177 -0.0676667  -0.10297721
   0.04610102 -0.12538311 -0.75423977]
 [ 0.1256042   0.41339665  0.2620032   0.59198858 -0.48993815  0.2530103
   0.29134108  0.06504253  0.03266301]
 [ 0.16774638  0.16686255  0.06407966  0.70578051 -0.45117596 -0.25550582
  -0.19756015  0.31689703 -0.18299997]
 [ 0.07068218  0.10146617  0.0972789   0.39438443  0.47319559  0.5505369
   0.12919886 -0.11742243 -0.51207525]]","['prob_main', 'random_fill', 'random_fill', 'random_fill']","[[9.99999984e-01 4.03901903e-01 4.56575944e-02 2.13535268e-01
  1.02082847e-01 8.39652773e-02 4.41402853e-07 5.53030888e-02
  1.56579112e-01]
 [9.99999998e-01 3.55999079e-01 4.65277455e-02 6.46368494e-01
  4.86220156e-02 1.81314513e-01 1.92079744e-01 3.40669062e-02
  1.00000000e+00]
 [1.00000000e+00 1.91522414e-01 3.65519852e-02 8.69935959e-01
  8.01640250e-02 5.84897290e-04 1.17741643e-08 6.68606282e-02
  1.00000000e+00]
 [2.70175386e-01 3.47276146e-01 3.60098983e-02 3.70015284e-01
  1.86003864e-01 2.09704425e-01 3.44520874e-07 4.10494404e-02
  1.87335588e-01]]",[-0.11795408  0.78049841  0.61790082  0.30648087],4,0.1929200496822278,0.4626331213063438,0.5064117041994798,0.10209000591562196,0.1929200496822278
66,"[[-0.01379315  0.57492813  0.31970768 -0.03909659  0.35033399  0.50588175
   0.09266447  0.42219379 -0.00642593]
 [ 0.09037364 -0.64721962  0.22303993 -0.01016233  0.51069044 -0.10991411
   0.30625096  0.36612315 -0.14955816]
 [-0.36998257 -0.24078561  0.16696595  0.04048911  0.6827969  -0.02606432
   0.12183044 -0.21417484 -0.49800977]
 [ 0.24846086 -0.43503485 -0.15805157 -0.14787455  0.44395092  0.38334422
   0.37608745  0.38290838  0.2646864 ]]","['prob_main', 'random_fill', 'random_fill', 'random_fill']","[[2.24985031e-10 8.93108459e-01 2.64114633e-01 4.33702856e-02
  1.85530564e-01 5.60377942e-01 3.88774755e-08 4.95333932e-02
  1.00000000e+00]
 [9.38965526e-01 2.05879920e-01 3.62958448e-01 2.96504231e-01
  6.24784877e-01 2.79045090e-02 1.44934649e-02 7.29314246e-02
  1.00000000e+00]
 [1.12917023e-09 3.86522500e-01 1.09525120e-01 3.05577957e-01
  9.69293196e-01 5.93067493e-02 5.60506543e-03 5.12614979e-02
  1.00000000e+00]
 [1.00000000e+00 2.45780881e-01 3.18256005e-02 2.55281151e-01
  6.01094874e-01 2.52993020e-01 8.28748236e-02 6.66383490e-02
  1.00000000e+00]]",[0.95918643 0.22713619 0.08956927 0.78396894],4,0.22265220722998336,0.45515661484174597,0.4989099004177071,0.10208817175235615,0.22265220722998336
67,"[[ 0.13119056  0.25162722  0.28498056 -0.12306581  0.46594372  0.56829779
  -0.07323014 -0.1957523  -0.48925057]
 [-0.079595   -0.54716428 -0.04843159 -0.45535162  0.3629214  -0.18955668
   0.21781702  0.36493186 -0.36921806]
 [-0.00843794 -0.12972374 -0.45247621 -0.5923268  -0.47811564 -0.39800714
  -0.06752897 -0.16127085 -0.09971009]
 [ 0.09426949  0.21120048 -0.19608513 -0.7713972  -0.38289544  0.04577151
   0.1986939   0.35285106  0.01781878]]","['prob_main', 'random_fill', 'random_fill', 'random_fill']","[[1.00000000e+00 4.94824429e-01 3.41763704e-01 9.49885594e-02
  2.22059717e-01 3.52814011e-01 2.67663290e-08 3.48360031e-02
  6.53527283e-01]
 [2.40279219e-02 3.27262227e-01 1.09933700e-01 2.38279665e-01
  1.88827293e-01 5.14166383e-02 1.87130388e-02 1.08017337e-01
  1.66329489e-01]
 [4.59284067e-01 5.32100437e-01 6.77642294e-11 9.93294192e-02
  9.74640171e-02 5.95959854e-02 4.20875879e-03 1.19524543e-01
  3.48611039e-01]
 [9.99999998e-01 7.08205581e-01 9.51427157e-04 3.39213186e-02
  1.47262361e-01 5.77212008e-02 2.77110112e-02 5.12309696e-01
  1.00000000e+00]]",[ 0.31882095 -0.25393776 -0.25637572  0.36783918],4,0.22048016903809992,0.4771016797547842,0.5209012122135942,0.10047184320895236,0.22048016903809992
68,"[[ 0.11056694  0.63239209  0.50208779  0.2671898  -0.23854102  0.12332243
   0.24558641  0.08992834 -0.35194122]
 [-0.01298706  0.45027715 -0.10111731  0.58810231  0.46846567 -0.43444467
  -0.10637712 -0.11104622  0.09561994]
 [-0.3245657  -0.31008782 -0.15559927  0.3308708  -0.54726225  0.26199791
  -0.04998667 -0.24678942 -0.48298393]
 [ 0.07402937 -0.28326717  0.14746516  0.73006602  0.52252988  0.1418913
  -0.07110038  0.24291021  0.04801824]]","['prob_main', 'random_fill', 'random_fill', 'random_fill']","[[9.99999986e-01 8.39886063e-01 5.28056464e-01 1.02964245e-01
  1.29832504e-01 7.45281226e-02 6.54734124e-03 4.52475153e-02
  9.99999998e-01]
 [1.28919074e-09 5.85944862e-01 2.17121471e-10 3.35340441e-01
  9.09514834e-01 2.62433130e-10 4.99701268e-08 6.72111272e-02
  1.00000000e+00]
 [5.93107140e-10 2.31275276e-01 4.83322787e-02 4.57193446e-01
  5.41273147e-02 1.53530477e-01 1.75239632e-07 6.14341167e-02
  1.79849866e-01]
 [2.19314255e-01 1.63828845e-01 4.82420089e-02 7.58677474e-01
  5.15132844e-01 4.45710204e-02 1.17649630e-07 5.31299475e-02
  1.00000000e+00]]",[ 0.5663023   0.97528495 -0.01938722  0.8672476 ],4,0.1981017377131813,0.497088523407238,0.5408565292010303,0.09941965699837785,0.1981017377131813
69,"[[ 0.45120317  0.26050419  0.45365509 -0.28722929  0.27067643 -0.06825324
  -0.08728763  0.55475795  0.21667929]
 [ 0.15703101  0.34476736  0.08895745 -0.33027733  0.48598171 -0.29804709
   0.17424851 -0.40560218 -0.46860882]
 [-0.28557682 -0.33282326  0.26514547  0.20987221 -0.4575562   0.41449023
   0.27193256  0.48756163  0.02241871]
 [ 0.07465292 -0.01805815 -0.19062328  0.05560003  0.70450914 -0.05436395
  -0.16318298  0.63415694 -0.16309496]]","['prob_main', 'random_fill', 'random_fill', 'random_fill']","[[1.00000000e+00 5.32284243e-01 3.51267996e-01 9.69331304e-02
  1.48717830e-01 1.83815448e-02 2.29131460e-08 6.71519869e-01
  1.00000000e+00]
 [9.99999971e-01 6.85111816e-01 7.28570476e-02 1.33596049e-01
  2.74620140e-01 3.71253791e-03 1.91265764e-03 5.87374923e-02
  4.00567976e-01]
 [2.14994005e-10 1.67766264e-01 2.06344770e-01 3.84929791e-01
  2.61811000e-02 3.22231670e-01 9.41785958e-03 6.31455535e-01
  1.00000000e+00]
 [2.75382794e-01 4.86600729e-01 9.13217834e-10 2.77654547e-01
  2.91836162e-01 6.37634080e-03 1.30251437e-08 8.61917049e-01
  1.00000000e+00]]",[1.34958801 0.27674602 0.5340967  0.61595894],4,0.19580149018575788,0.4850922130034915,0.5288875432182257,0.09911638074554095,0.19580149018575788
70,"[[ 0.13798039  0.45715506  0.36935245 -0.190518    0.28550154 -0.20084753
   0.31886757 -0.52631488 -0.31419355]
 [ 0.017307    0.05952982  0.38173948 -0.37196476  0.54464099  0.42636562
   0.44715813 -0.17513274  0.05505027]
 [-0.2891975   0.44242034  0.16254472 -0.32469091 -0.13685783  0.39681063
   0.23819456  0.43479858 -0.40842242]
 [ 0.07486931 -0.47627394 -0.40007888 -0.11070008 -0.27458848  0.54846598
   0.10483087  0.35435854  0.28717042]]","['prob_main', 'random_fill', 'random_fill', 'random_fill']","[[9.99999999e-01 8.01277126e-01 3.16518730e-01 3.45015896e-02
  1.70648187e-01 3.36070183e-10 4.39868915e-01 4.48882995e-02
  1.00000000e+00]
 [8.72611455e-02 4.97520218e-01 4.50957900e-01 8.42761974e-02
  6.67322850e-01 2.24119139e-01 5.60210719e-02 4.34624508e-02
  1.00000000e+00]
 [1.39805608e-11 7.50938763e-01 2.10227347e-01 5.40512111e-02
  1.56479965e-01 2.49207551e-01 1.19200526e-02 7.05992731e-02
  4.47730798e-01]
 [4.59284073e-01 2.13857330e-01 6.08627179e-11 3.17924781e-01
  3.18039601e-02 8.89521182e-01 2.96366526e-08 6.97832984e-02
  1.00000000e+00]]",[0.4657834  0.7034251  0.27699715 0.68837514],4,0.20459868943085907,0.49358829580052016,0.5373668786936562,0.0984154155674721,0.20459868943085907
71,"[[-2.20662318e-01 -2.84918930e-01  1.19777423e-01  6.66890898e-01
  -4.16079045e-01 -1.06263710e-01  3.71312948e-01  2.43700847e-01
   1.71353690e-01]
 [-9.93228095e-02 -5.24782732e-01  1.28537841e-02 -8.23936049e-01
   3.31140775e-02 -2.12816345e-02 -3.69397215e-04 -9.76208617e-02
  -1.56916577e-01]
 [-5.94328092e-02  1.84134243e-01  5.62115707e-01 -3.83835415e-01
   4.11102152e-01 -1.59708762e-01 -2.46983808e-01  4.93681071e-01
  -4.97574739e-03]
 [ 8.05202734e-02 -1.66107445e-01  3.34651248e-01  1.72675631e-01
   4.23498367e-01  5.72327880e-01 -2.09663736e-01 -4.67691974e-01
  -2.33477490e-01]]","['prob_main', 'random_fill', 'random_fill', 'random_fill']","[[6.43506466e-10 1.60577810e-01 5.69944672e-02 8.22572013e-01
  5.18705471e-02 1.28827856e-02 3.77961801e-01 4.76203043e-02
  1.00000000e+00]
 [1.70176209e-10 2.53792275e-01 4.13790851e-01 8.91781555e-02
  1.26416252e-01 2.45146532e-01 1.11877175e-07 9.98615722e-02
  6.51941893e-01]
 [1.90053899e-08 4.60016164e-01 8.50090409e-01 9.65209386e-02
  2.06190630e-01 3.45597696e-04 9.99081444e-07 3.06553250e-01
  1.00000000e+00]
 [3.33970569e-01 2.59065692e-01 3.50341996e-01 2.47520525e-01
  1.42293410e-01 8.37805886e-01 7.85148120e-08 2.35024253e-02
  1.00000000e+00]]",[ 0.80999047 -0.31442415  0.7565795   0.4391331 ],4,0.19654309611700493,0.516609495874806,0.5602791634050857,0.09765717110712818,0.19654309611700493
72,"[[ 0.17622742 -0.39840425 -0.29781203  0.32089928 -0.14781076  0.43783428
   0.37851513  0.48874478 -0.15118716]
 [-0.07906419 -0.80908142 -0.31831426 -0.05491031 -0.21334046  0.28025851
   0.04470749 -0.21260504 -0.25206814]
 [-0.10357576  0.38128129  0.11622527  0.43090137 -0.63590171  0.08689295
   0.33722395 -0.19322776 -0.28589161]
 [-0.26807097  0.25665992 -0.40821098 -0.5955547   0.2338465  -0.25197967
  -0.14855382 -0.28688914 -0.34407917]]","['prob_main', 'random_fill', 'random_fill', 'random_fill']","[[9.99999999e-01 1.47332734e-01 2.42301161e-02 4.10123404e-01
  3.91488723e-02 2.95093811e-01 3.97147812e-03 5.47667123e-01
  1.00000000e+00]
 [5.54447954e-03 8.73115663e-02 2.70041524e-02 4.62879024e-01
  9.37687602e-03 4.43774321e-01 9.01557729e-08 7.98430029e-02
  6.92694728e-01]
 [9.57042049e-11 4.97022314e-01 2.58402368e-02 3.44665662e-01
  5.64995950e-02 2.16950970e-02 7.48058570e-01 4.52649315e-02
  8.68835772e-01]
 [3.17730998e-10 8.44564820e-01 2.19413254e-10 1.28097221e-01
  2.15736552e-01 1.59501820e-07 1.07090597e-07 6.08494084e-02
  3.31407832e-01]]",[ 0.48332284 -0.1743034   0.30210643  0.05943865],4,0.19706386918371588,0.521119095753204,0.5647565496936862,0.09736866134054772,0.19706386918371588
73,"[[ 0.0143697  -0.70588633 -0.03597762 -0.45983421  0.35573376 -0.03756611
   0.28929003  0.21909014 -0.17067272]
 [-0.2386324  -0.33366868 -0.51610539  0.01990015 -0.38236592  0.51454549
  -0.14521469  0.32114013 -0.17256868]
 [ 0.04885078 -0.11283274  0.38324827 -0.39813221 -0.6789906  -0.00813761
   0.25008893  0.38051564 -0.10517988]
 [-0.08599442 -0.00911291 -0.0080633  -0.75523395 -0.46821412  0.24986606
  -0.00183868 -0.23850128 -0.28902393]]","['prob_main', 'random_fill', 'random_fill', 'random_fill']","[[2.92264364e-01 2.28295790e-01 1.06683153e-01 2.51412934e-01
  5.79820255e-01 7.77416136e-02 2.96858046e-01 9.35087782e-02
  1.00000000e+00]
 [1.70344301e-10 2.17511239e-01 7.96782980e-11 3.85786138e-01
  2.89699054e-02 8.91968074e-01 3.28718459e-08 6.78927787e-02
  1.00000000e+00]
 [8.78913305e-01 2.43157760e-01 7.76681370e-01 1.22590066e-01
  6.05619983e-02 5.08986073e-02 2.04894057e-01 1.91576732e-01
  1.00000000e+00]
 [1.85045819e-09 5.07985463e-01 3.54832097e-01 4.58881668e-02
  9.36194655e-02 2.84414166e-01 3.12884782e-07 5.09695242e-02
  4.26477978e-01]]",[-0.1373642   0.23221597  0.24177876 -0.15033379],4,0.20399778645536834,0.5381715783677634,0.581654903768072,0.09607816326412134,0.20399778645536834
74,"[[ 0.05119313 -0.67011014  0.26121075 -0.04053965  0.31973366  0.33668352
  -0.15727707  0.4879468  -0.00660185]
 [ 0.30573405  0.14672529 -0.0196236  -0.39614557  0.49569162  0.46702111
  -0.01191748  0.51324562  0.01732001]
 [-0.10860949 -0.40876459  0.27758545  0.47684446  0.34449326  0.40255081
   0.4543874   0.12528183 -0.117452  ]
 [-0.06084401 -0.07785797  0.66216015  0.00872591 -0.36728485 -0.1342445
   0.36119514 -0.5127454   0.07358271]]","['prob_main', 'random_fill', 'random_fill', 'random_fill']","[[3.30298600e-01 1.68817092e-01 4.33465208e-01 2.75473775e-01
  9.50528481e-02 1.66924319e-01 2.61185104e-08 6.52741671e-01
  1.00000000e+00]
 [1.00000000e+00 5.19165068e-01 6.09256526e-02 1.45866487e-01
  2.82325538e-01 1.82646165e-01 6.57484025e-09 6.15457031e-01
  1.00000000e+00]
 [2.09442823e-10 1.41043235e-01 1.78535611e-01 5.94543503e-01
  7.24889460e-02 4.32073078e-01 2.91848259e-01 3.12978562e-02
  1.00000000e+00]
 [2.75614563e-10 2.15083072e-01 9.99999999e-01 2.67734128e-01
  9.11085254e-02 1.83019580e-02 2.48601530e-01 4.48882994e-02
  1.00000000e+00]]",[0.40433475 0.88137541 0.49339472 0.75219082],4,0.18885999800070258,0.5376696671642415,0.5811582609498117,0.09560296526948793,0.18885999800070258
75,"[[ 0.26125128  0.45780254  0.24022413  0.19037454 -0.57163473  0.15881875
   0.29900561  0.30586448 -0.30539714]
 [-0.10972191  0.41280307 -0.18368961 -0.70404682  0.33560597 -0.33856398
   0.19527993  0.15018618  0.01355938]
 [-0.16451159 -0.56926611  0.50101777 -0.41871558  0.35564975  0.05785434
  -0.05891205 -0.29507039  0.04647002]
 [-0.52429502 -0.43574733 -0.03355326 -0.29742409 -0.40047944 -0.51504944
  -0.0325503   0.05942761 -0.12410163]]","['prob_main', 'random_fill', 'random_fill', 'random_fill']","[[1.00000000e+00 7.66878876e-01 1.53661113e-01 1.07395874e-01
  7.52359516e-02 2.15003457e-02 4.46299602e-01 4.71531773e-02
  9.32183286e-01]
 [1.69678289e-10 9.99999996e-01 2.64111353e-03 2.47575155e-02
  4.73734825e-01 3.10728744e-10 5.55592394e-02 1.06037340e-01
  1.00000000e+00]
 [1.84962845e-10 2.08384984e-01 9.99999999e-01 1.87842843e-01
  2.66678563e-01 1.09834110e-01 3.99285920e-08 4.95845407e-02
  1.00000000e+00]
 [1.79995479e-11 1.77637252e-01 2.39116820e-01 2.98826988e-01
  2.81478267e-02 9.89447472e-02 4.68505772e-03 1.21849532e-01
  3.71832605e-01]]",[ 0.49327855  0.59421004  0.43677617 -0.27559682],4,0.2030371405696147,0.5446984624434739,0.5881092219852329,0.09544400116454799,0.2030371405696147
76,"[[-0.14409002 -0.35927633  0.17742345 -0.75331977  0.27664505 -0.39494524
  -0.08578585  0.07262034  0.07772815]
 [ 0.30585806  0.09598095  0.38887471  0.35134951  0.50021662 -0.21693078
   0.22810616 -0.35353305 -0.3850647 ]
 [ 0.01871748 -0.43617959  0.16037378 -0.20209281 -0.22611255 -0.56593604
  -0.19618868 -0.41631052 -0.39952576]
 [-0.20412741 -0.06755701  0.36669889  0.66304153  0.34185168 -0.14498299
  -0.41732921 -0.23322416 -0.1150482 ]]","['prob_main', 'random_fill', 'random_fill', 'random_fill']","[[1.73456732e-10 3.78172798e-01 8.31662644e-01 8.44923575e-02
  3.95047681e-01 3.45578233e-04 6.46928402e-08 9.74850026e-02
  1.00000000e+00]
 [1.00000000e+00 3.66805066e-01 5.66849382e-01 2.03848822e-01
  5.71222544e-01 4.96155378e-03 1.71827984e-02 5.20794413e-02
  1.00000000e+00]
 [3.28680569e-01 2.35259772e-01 4.68525424e-01 2.82988509e-01
  7.92726861e-02 3.12346671e-02 9.41442149e-04 6.71857268e-02
  2.93267463e-01]
 [1.06808611e-11 1.56460311e-01 5.66970031e-01 7.21456525e-01
  1.63508668e-01 4.57201290e-03 1.45935425e-09 4.59683336e-02
  1.00000000e+00]]",[ 0.1419972   0.51822162 -0.25943829  0.60515665],4,0.1875743549654928,0.5472098129717016,0.5905906415747191,0.09505908322985436,0.1875743549654928
77,"[[ 0.10378222 -0.02170301  0.30872612 -0.15973153 -0.03502381  0.39436626
   0.634508    0.01831896 -0.55519802]
 [-0.2758267  -0.3292073  -0.10423759  0.06140619 -0.27982614  0.09135597
   0.5275732   0.63779723 -0.17070036]
 [-0.08221998  0.59120986 -0.37393193 -0.23965459  0.13361275  0.20955136
   0.33353521 -0.42282874 -0.30766433]
 [ 0.03367588  0.19688633 -0.19613717  0.01880314  0.29080749  0.61140014
   0.2169003   0.56741413 -0.30642241]]","['prob_main', 'random_fill', 'random_fill', 'random_fill']","[[3.83847546e-01 4.45032548e-01 2.86518340e-01 1.18826772e-01
  6.45290249e-02 7.70009881e-02 6.68943571e-01 5.19656765e-02
  7.68673426e-01]
 [4.60859795e-11 2.82160204e-01 4.90753661e-02 3.58818852e-01
  5.50344380e-02 7.37059005e-02 1.82500977e-01 8.08699000e-01
  1.00000000e+00]
 [2.69804275e-10 9.79144496e-01 9.01381368e-11 9.05665226e-02
  1.99459219e-01 5.25536458e-02 5.43603404e-01 4.48882994e-02
  1.00000000e+00]
 [1.87160175e-01 5.45302632e-01 2.73132337e-11 2.09957813e-01
  1.38798298e-01 2.74183841e-01 1.71205611e-02 7.83895080e-01
  1.00000000e+00]]",[0.1263959  0.35673065 0.44950467 0.46769709],4,0.18034521101126505,0.5482145107967484,0.5915830517975917,0.09438908793258657,0.18034521101126505
78,"[[-0.18653324  0.40412325  0.271528    0.49748206 -0.22876872  0.09937741
   0.45068542  0.40874084 -0.2197191 ]
 [ 0.0863588  -0.30217915  0.38490517  0.63539308  0.39200373 -0.22597996
   0.0503521  -0.3766409  -0.0150331 ]
 [ 0.13226182 -0.69887292 -0.44574369  0.0464091  -0.01526076  0.04511506
   0.3557959  -0.18366483  0.36145602]
 [-0.20225899 -0.12650965 -0.47552732  0.28487536  0.55414474 -0.11936625
   0.36381843  0.40659262  0.12961598]]","['prob_main', 'random_fill', 'random_fill', 'random_fill']","[[1.42663992e-10 4.92958548e-01 7.56788833e-02 2.74038887e-01
  9.10273873e-02 4.20532836e-03 6.32977533e-01 4.18859491e-01
  1.00000000e+00]
 [2.44846848e-01 1.09251929e-01 6.73191612e-01 6.54803080e-01
  1.36765580e-01 1.99668495e-03 1.18210479e-07 4.56585088e-02
  1.00000000e+00]
 [1.00000000e+00 1.34516974e-01 7.75164846e-11 3.93756134e-01
  2.30104539e-02 1.00376380e-01 5.52832555e-01 8.75941829e-02
  1.00000000e+00]
 [1.82789389e-09 3.65883907e-01 7.44709475e-10 4.06244565e-01
  9.09579347e-01 1.78065024e-02 2.67423561e-02 7.79286727e-02
  1.00000000e+00]]",[0.5724477  0.68423476 0.60276635 0.74238491],4,0.18859951313820067,0.5557526244388693,0.5990232485309874,0.09380633841322157,0.18859951313820067
79,"[[-0.14205328  0.11829646 -0.23108287 -0.71093881 -0.53351121 -0.00075682
   0.16543791  0.11317161 -0.28667268]
 [ 0.07186807  0.40355711  0.18601945  0.51835392  0.30727297 -0.51831628
   0.31022286  0.21610645  0.15057873]
 [-0.17025835  0.05056716  0.09655575  0.03745404 -0.57429892  0.24001741
   0.08835077  0.50365836 -0.55571939]
 [ 0.09327825  0.27687643  0.01050771 -0.11500248  0.54307449  0.52078473
   0.42796887  0.21353726 -0.32619087]]","['prob_main', 'random_fill', 'random_fill', 'random_fill']","[[4.05178172e-10 6.33691695e-01 9.05077610e-03 1.01799448e-01
  1.24970441e-01 8.67863841e-02 5.11110315e-02 1.08565985e-01
  2.88842670e-01]
 [2.75382776e-01 7.49163193e-01 2.68628894e-03 3.43853564e-01
  3.55667479e-01 3.43205355e-10 3.90120001e-01 4.51271473e-02
  1.00000000e+00]
 [7.28836326e-10 3.78327776e-01 7.51781828e-02 3.03321294e-01
  8.50237942e-02 1.20490604e-01 1.23918762e-02 6.12632088e-02
  4.32493806e-02]
 [3.35435047e-01 6.75020609e-01 2.18129265e-02 1.29653220e-01
  3.67424659e-01 6.49820054e-01 5.39578624e-02 4.31094715e-02
  1.00000000e+00]]",[-0.128301    0.89150105  0.02575726  0.44756706],4,0.19150786589792906,0.5849484157955323,0.6277435909496882,0.092843202691363,0.19150786589792906
80,"[[-1.85814818e-02 -5.40112483e-01 -1.10954585e-01 -7.31064213e-01
   7.75643987e-02 -2.90200766e-01 -2.65442609e-01 -2.77408129e-04
   2.17911494e-02]
 [ 1.15780417e-01 -8.05942634e-01 -3.66174531e-01 -2.63391521e-01
   2.03799805e-01  1.85224630e-01  8.91656446e-02 -2.22206964e-01
  -2.05794644e-02]
 [-1.58000810e-01 -2.07858628e-01  3.17874615e-01  1.58865263e-01
  -1.06986528e-01 -2.67015879e-01  5.13941208e-01  4.14248435e-01
  -5.35786491e-01]
 [ 8.37808698e-02  5.70521528e-01  4.63426395e-02  2.52712711e-01
   2.78522926e-01 -2.64972094e-01  4.27907451e-01 -3.10957395e-01
  -4.17001293e-01]]","['prob_main', 'random_fill', 'random_fill', 'random_fill']","[[9.79221401e-01 2.57514502e-01 3.02560057e-01 5.47757771e-02
  2.78742183e-01 1.01977248e-01 1.97355912e-09 1.39871441e-01
  1.00000000e+00]
 [1.00000000e+00 1.07119978e-01 2.78829026e-10 3.24697550e-01
  2.17367431e-01 4.31839757e-01 3.54289896e-07 8.15296074e-02
  1.00000000e+00]
 [9.27625062e-10 3.20294997e-01 2.02702813e-01 3.40610160e-01
  6.98497452e-02 2.28512173e-02 3.52219915e-01 5.50422558e-02
  3.86250921e-01]
 [2.75382689e-01 7.77831008e-01 7.93834674e-04 1.56379001e-01
  1.67448844e-01 6.25906361e-10 4.92448205e-01 4.55292184e-02
  6.41541683e-01]]",[-0.21711828  0.0295162   0.03526797  0.48207612],4,0.1892530049263743,0.576886639614332,0.6198285025827716,0.09273409860811374,0.1892530049263743
81,"[[ 0.06076164  0.63001654 -0.04942573 -0.38130375  0.23452535  0.25489069
  -0.23794207  0.41209898 -0.32425041]
 [-0.11730785  0.36387745  0.29241955  0.15864582 -0.66287454 -0.42023107
   0.03245426 -0.14336864 -0.32488418]
 [ 0.06487619 -0.54639294 -0.07216881 -0.24249521  0.21741848  0.16984171
  -0.0209934  -0.68032569 -0.3063214 ]
 [ 0.03204892  0.13536229  0.23256721 -0.55873685 -0.27383531  0.4506759
  -0.14984368  0.474774    0.29735084]]","['prob_main', 'random_fill', 'random_fill', 'random_fill']","[[2.79031496e-01 9.92318358e-01 2.03415568e-02 6.12163783e-02
  2.29935468e-01 1.14176904e-01 5.56503773e-09 3.89872232e-01
  1.00000000e+00]
 [7.10436045e-11 6.51923607e-01 3.14368976e-01 1.83995322e-01
  1.18909783e-01 4.09698146e-03 1.14774375e-03 6.58589263e-02
  3.25935152e-01]
 [9.99999990e-01 2.40450057e-01 5.28976744e-02 2.62512008e-01
  1.38858949e-01 1.68129922e-01 7.34696166e-07 5.04766903e-02
  2.90781787e-01]
 [2.71155971e-01 4.97966542e-01 3.59398917e-01 5.19216616e-02
  9.51532593e-02 3.05308689e-01 7.27058105e-08 5.98370887e-01
  1.00000000e+00]]",[ 0.53722783  0.16249805 -0.19864681  0.82365072],4,0.18004106720557533,0.5940250976138779,0.6366408818103643,0.09175741415183566,0.18004106720557533
82,"[[-0.4576658  -0.19841203  0.29697878  0.17195908 -0.03111428  0.45541246
  -0.05155092  0.44457388 -0.47406363]
 [ 0.04834177 -0.44835002  0.26341802  0.11887389  0.17100276 -0.01542039
   0.46977094 -0.47426979 -0.48788213]
 [-0.22043127  0.23327239  0.15503956 -0.5684625  -0.51322107  0.30802854
   0.30899378  0.2429583  -0.19241577]
 [ 0.36640666 -0.32118288  0.30550898 -0.34908468  0.46670114 -0.03966315
   0.26293832  0.07584529 -0.50311   ]]","['prob_main', 'random_fill', 'random_fill', 'random_fill']","[[7.05702762e-11 2.57480501e-01 2.17114801e-01 3.20686295e-01
  6.95000047e-02 2.94944318e-01 3.82620519e-08 5.89088004e-02
  2.80089222e-01]
 [2.42208466e-01 2.26394044e-01 2.49716718e-01 3.80571507e-01
  9.23316758e-02 6.11317445e-02 1.47719401e-01 4.62351107e-02
  2.81111990e-01]
 [1.67406140e-10 6.12710836e-01 3.18230662e-01 1.55307055e-02
  7.61356889e-02 2.28231793e-01 6.07725868e-01 6.20527009e-02
  1.00000000e+00]
 [1.00000000e+00 3.29608648e-01 4.24741300e-01 1.19649389e-01
  1.95985968e-01 8.39565807e-02 9.79973484e-03 5.53588554e-02
  4.25416073e-01]]",[ 0.09410426 -0.05361194  0.22510967  0.22941777],4,0.17629034148989586,0.5995757424078282,0.6420743314669832,0.09151975432376962,0.17629034148989586
83,"[[-0.28730597  0.59350677  0.25099943 -0.29063589  0.32322072 -0.11863891
   0.33495422  0.36077622  0.23839971]
 [-0.04225071 -0.73304783 -0.0870319  -0.19954479 -0.11883107 -0.57109191
   0.01936835  0.23182301 -0.13812764]
 [-0.22050217 -0.44893452 -0.12896998  0.44312533 -0.49867338  0.12476347
   0.07777345 -0.48093053  0.18777468]
 [ 0.00406047 -0.24655154  0.21646676  0.16858321  0.52906972  0.19800683
   0.45853892 -0.31846229 -0.48282507]]","['prob_main', 'random_fill', 'random_fill', 'random_fill']","[[7.10287646e-11 9.97793691e-01 2.54056037e-01 2.92271899e-03
  2.18365409e-01 2.81147776e-10 3.63013100e-01 6.81988504e-02
  1.00000000e+00]
 [2.42208463e-01 1.29893044e-01 5.75298263e-02 4.35472698e-01
  6.41169737e-02 7.34618667e-02 1.73417869e-08 7.71706270e-01
  1.00000000e+00]
 [1.05574776e-09 9.87705068e-02 4.76321432e-02 8.94649688e-01
  4.03886789e-02 2.64098640e-01 5.35222347e-07 4.50568081e-02
  1.00000000e+00]
 [2.13921770e-01 2.91063475e-01 1.07847804e-01 3.63245278e-01
  1.81208203e-01 7.10348443e-02 6.46424645e-02 4.55742024e-02
  1.35489405e-01]]",[ 1.11029301 -0.20615546  0.52487196  0.07333589],4,0.186515022651788,0.5980616437147573,0.6405927680343522,0.0917251114662333,0.186515022651788
84,"[[ 0.03820656  0.14761813  0.38780866 -0.17554823 -0.43738337  0.0488144
  -0.03489962  0.58305685 -0.51056447]
 [ 0.10763444 -0.37962126  0.46469444  0.52711846 -0.39267543  0.00979787
   0.31396607 -0.02736381 -0.31127843]
 [ 0.09007317  0.52755775 -0.12577801 -0.08576563  0.09024705 -0.2743532
  -0.0322075   0.57292515 -0.52697158]
 [ 0.08697887  0.4020859   0.007268   -0.35131708 -0.15287484 -0.221156
  -0.12731563 -0.51046897 -0.59851194]]","['prob_main', 'random_fill', 'random_fill', 'random_fill']","[[2.54330459e-01 4.51700689e-01 3.18775815e-01 1.22995389e-01
  1.07953614e-01 6.52619010e-02 3.15358383e-03 8.62435464e-01
  9.99999999e-01]
 [3.38197379e-01 1.05345984e-01 9.54411868e-01 4.30619394e-01
  7.12765349e-02 3.33584295e-02 8.68617973e-02 4.96281191e-02
  1.00000000e+00]
 [2.77030695e-01 7.35980068e-01 1.23284195e-02 1.54443496e-01
  1.86509728e-01 2.84882786e-03 4.23820806e-07 8.27455030e-01
  1.00000000e+00]
 [3.32594753e-01 6.57727338e-01 7.18003354e-02 1.54967835e-01
  1.64861400e-01 3.15187550e-02 2.41454966e-07 5.63623649e-02
  1.24614581e-01]]",[0.12657169 0.35388094 0.361577   0.1039423 ],4,0.17285836023436862,0.5970523641311931,0.6396049395353037,0.09088310745113903,0.17285836023436862
85,"[[ 0.03665091 -0.67530016 -0.24736359  0.17889682  0.3045619   0.23096145
   0.26418349 -0.39594081 -0.27707472]
 [ 0.04027708  0.57995324  0.33230901  0.00735219  0.52720041  0.1154403
   0.44622316  0.24715036 -0.00913865]
 [ 0.16960464  0.42149189  0.32422632  0.58088946  0.52075238  0.0342239
   0.03614306 -0.14182727 -0.2392655 ]
 [ 0.09007589 -0.05424913  0.30233708  0.48662136  0.54874025  0.50502321
   0.07257335 -0.30893551  0.06215267]]","['prob_main', 'random_fill', 'random_fill', 'random_fill']","[[3.38197376e-01 1.39636597e-01 2.42301176e-02 5.42346712e-01
  8.86448280e-02 2.17974062e-01 3.04509505e-02 4.67776573e-02
  3.96149265e-01]
 [1.54614056e-03 8.35969037e-01 2.58053297e-01 5.05232283e-02
  3.98613771e-01 3.45920544e-02 4.15988843e-01 5.75278769e-02
  1.00000000e+00]
 [1.00000000e+00 5.22565113e-01 7.19098567e-02 2.64957907e-01
  8.34810976e-01 2.29260328e-02 2.97347893e-08 4.97204153e-02
  1.00000000e+00]
 [3.38197376e-01 2.64270370e-01 1.37417846e-01 4.41683791e-01
  5.89368507e-01 3.72417495e-01 2.30893828e-08 2.45641163e-02
  1.00000000e+00]]",[-0.03376897  0.97585602  0.75628513  0.83865992],4,0.19022728525498978,0.6137177973101235,0.6558917898479408,0.09014137264857161,0.19022728525498978
86,"[[ 0.03103171 -0.28905905  0.21059313 -0.29007025 -0.05528339  0.51232409
  -0.27031156  0.54832277 -0.38436083]
 [ 0.1140125   0.70560594  0.11688239 -0.43010777 -0.15109086  0.29026659
   0.26785222 -0.28657765 -0.17179207]
 [ 0.01869555 -0.39164835 -0.33103541  0.52821953  0.25152311  0.36750279
   0.28364348  0.39920166 -0.13972821]
 [-0.26704732 -0.04538553  0.39464787  0.23163902 -0.45229936 -0.32846545
   0.53328026 -0.30990561 -0.15597666]]","['prob_main', 'random_fill', 'random_fill', 'random_fill']","[[2.55383549e-01 2.68416062e-01 3.54519224e-01 1.83665460e-01
  6.44634980e-02 2.97119976e-01 1.01602836e-08 6.80651704e-01
  1.00000000e+00]
 [9.99999999e-01 9.99999902e-01 1.84837589e-01 1.41610603e-02
  1.67707611e-01 2.11583502e-01 1.67352853e-02 4.65959744e-02
  1.00000000e+00]
 [2.02138085e-01 1.44057857e-01 3.93309625e-10 6.74394848e-01
  9.56968702e-02 2.33608280e-01 6.43657648e-07 4.90620814e-01
  1.00000000e+00]
 [6.50565122e-10 3.19401643e-01 5.52075533e-01 2.14342088e-01
  5.34434569e-02 1.06273951e-02 7.39240558e-01 4.71179219e-02
  1.00000000e+00]]",[0.08923428 0.69054554 0.46963787 0.44900967],4,0.1772322000811244,0.6273729813236086,0.6691975652822377,0.08999928401829516,0.1772322000811244
87,"[[ 0.05567106  0.40213358  0.05361713 -0.23914394 -0.69265733  0.14473483
   0.27931161 -0.31519014 -0.31151653]
 [-0.08609439  0.20240555 -0.40247502  0.37142399 -0.20244022  0.5611909
   0.51032351 -0.17596978 -0.06606897]
 [ 0.18474062 -0.24717104 -0.07636933 -0.82546726 -0.25986521 -0.14028077
   0.07985886  0.19512671 -0.29306725]
 [ 0.00851704  0.64653218  0.31777642  0.52187049  0.32863019  0.24183446
  -0.04044259 -0.2000654  -0.02120082]]","['prob_main', 'random_fill', 'random_fill', 'random_fill']","[[3.93818783e-01 8.06475699e-01 7.07253410e-02 8.54573984e-02
  7.62975922e-02 2.50872152e-02 6.46757410e-01 4.53124037e-02
  9.74365468e-01]
 [1.02723070e-10 3.77697054e-01 2.98380582e-11 3.57541312e-01
  5.29192524e-02 5.80848882e-01 4.63929383e-01 3.12772582e-02
  1.00000000e+00]
 [1.00000000e+00 3.64070935e-01 2.57349281e-01 8.52230893e-02
  7.74128531e-02 7.01228780e-02 3.95394475e-03 1.09476323e-01
  3.94962798e-01]
 [9.72108027e-11 1.00000000e+00 1.55305603e-01 2.78795109e-01
  2.66400549e-01 1.94694407e-01 6.46039367e-09 3.77651488e-02
  1.00000000e+00]]",[ 0.14320753  0.68968277 -0.11927658  0.94725433],4,0.184844270857008,0.6410464941170131,0.6824850121770838,0.08922942680913816,0.184844270857008
88,"[[ 0.19140261 -0.57092576 -0.28603177 -0.50647577 -0.19066706 -0.12679477
   0.0782902  -0.48824437 -0.04619714]
 [ 0.02757548  0.32046439 -0.00282236 -0.20131713 -0.86523742 -0.0115363
  -0.07912082  0.22018338 -0.22911987]
 [-0.21477456  0.46116503  0.41540024  0.54659031 -0.06769943 -0.18123624
   0.31543615 -0.35113518  0.09825835]
 [ 0.05950885  0.19497016  0.10600245  0.56677486  0.49635036  0.33277075
   0.48400834 -0.00095522  0.18603775]]","['prob_main', 'random_fill', 'random_fill', 'random_fill']","[[1.00000000e+00 1.59388514e-01 2.42301178e-02 2.28496224e-01
  4.85394894e-03 1.37646927e-01 5.26516240e-01 1.05946687e-01
  1.00000000e+00]
 [2.75382781e-01 8.46456439e-01 6.22002378e-02 1.28741355e-01
  6.10337714e-02 6.43890187e-02 3.13457233e-08 8.44932416e-02
  5.67176712e-01]
 [3.10043028e-10 3.88874744e-01 7.81940933e-01 3.65156855e-01
  1.15195306e-01 9.24622651e-10 2.86127339e-01 4.50290337e-02
  1.00000000e+00]
 [1.65090670e-01 4.00843666e-01 1.61011942e-03 4.13537363e-01
  6.51945097e-01 5.20661204e-02 3.44131065e-01 4.48882993e-02
  1.00000000e+00]]",[-0.09733714  0.0878606   0.8686484   1.0160066 ],4,0.18664229040591798,0.6405397350381776,0.6819932171886718,0.08925794808898767,0.18664229040591798
89,"[[-0.17826498  0.00452763  0.15369863 -0.23353923 -0.22163239  0.65572319
   0.62441243 -0.01087828  0.14468662]
 [ 0.20713132 -0.34385114 -0.05475873  0.1085639  -0.45961535 -0.48967765
   0.41174848  0.20117005 -0.40378422]
 [-0.28944833 -0.14872415  0.37348489  0.42166706 -0.40372874 -0.12320963
  -0.08250873  0.48431218 -0.39656429]
 [ 0.09902421 -0.27581367  0.07517505  0.16379847 -0.23117251  0.21734792
   0.72598333 -0.40184598 -0.30401803]]","['prob_main', 'random_fill', 'random_fill', 'random_fill']","[[5.49782676e-11 4.19248149e-01 1.34814117e-01 1.91057168e-01
  4.36766949e-02 4.03358054e-01 6.74688349e-01 4.56432492e-02
  1.00000000e+00]
 [1.00000000e+00 2.45360565e-01 4.69762317e-02 3.75358860e-01
  4.50395167e-02 3.55072909e-02 4.01947328e-01 5.33991541e-02
  5.85457112e-01]
 [6.74883784e-10 2.12547729e-01 4.08930073e-01 4.25385819e-01
  7.49131037e-02 3.71006943e-02 1.77029811e-07 6.84075212e-01
  1.00000000e+00]
 [2.75382782e-01 3.04187189e-01 6.48270587e-02 3.00926228e-01
  3.20358326e-02 5.93795860e-02 9.25515588e-01 5.81416375e-02
  1.00000000e+00]]",[0.79828456 0.06269907 0.20041532 0.34756232],4,0.1809271634325622,0.6445945328855986,0.6859268518900423,0.08881480636230701,0.1809271634325622
90,"[[ 0.13854613  0.47608985  0.39457829 -0.2298258   0.48857048  0.00547173
   0.21023763  0.4963632  -0.12776602]
 [-0.27346034  0.44741843  0.03509854  0.12700193 -0.42139856  0.64437934
  -0.26752223 -0.18280268 -0.09944018]
 [-0.09361877  0.45379938  0.26659344 -0.04477024  0.43539997 -0.01554312
  -0.49348828  0.43184165 -0.30396151]
 [-0.33431403  0.33956025 -0.41728865  0.14326267 -0.31173793  0.65281223
  -0.09125209 -0.16835383  0.13514678]]","['prob_main', 'random_fill', 'random_fill', 'random_fill']","[[1.00000000e+00 6.65062130e-01 2.88146508e-01 6.21917916e-02
  3.29041641e-01 4.29403140e-03 1.64818250e-03 4.66002130e-01
  1.00000000e+00]
 [5.78964903e-11 5.90186956e-01 4.79387829e-02 1.96857144e-01
  1.15458149e-01 9.38688597e-01 1.34076823e-08 4.40133662e-02
  1.00000000e+00]
 [7.03498270e-10 7.61651709e-01 2.32742655e-01 8.49248832e-02
  3.24882878e-01 3.77414383e-03 6.02683901e-08 6.11297393e-01
  1.00000000e+00]
 [4.15231126e-11 5.32020825e-01 2.37515325e-11 2.38861541e-01
  1.09937009e-01 9.61549941e-01 1.36291506e-08 4.12050570e-02
  1.00000000e+00]]",[0.81924886 0.73947604 0.5053001  0.93652284],4,0.18462481691292332,0.6466225559437673,0.6878930451157235,0.08814370620743997,0.18462481691292332
91,"[[ 0.00692554 -0.74844865  0.24646084 -0.05577288 -0.17516708  0.14816918
   0.45951121  0.23712345  0.23644747]
 [ 0.08513668  0.41680547  0.15872116 -0.06579161 -0.5663821   0.49599964
   0.0591822  -0.46186604 -0.076661  ]
 [ 0.01629749 -0.33576988 -0.27883559  0.33826177 -0.56761595 -0.40632334
   0.04986433  0.2996854  -0.33946775]
 [ 0.08401409 -0.06383409  0.04215458 -0.41190515  0.30698783  0.11610522
   0.65634299  0.52786502 -0.01656586]]","['prob_main', 'random_fill', 'random_fill', 'random_fill']","[[2.42208464e-01 1.71818960e-01 5.68298472e-01 2.24951671e-01
  3.40767610e-02 7.30838955e-02 5.85116638e-01 7.23577279e-02
  1.00000000e+00]
 [3.38197381e-01 6.09012532e-01 1.23469436e-01 1.45746021e-01
  9.40897236e-02 8.56652368e-01 1.21770871e-08 2.46851021e-02
  1.00000000e+00]
 [2.51354861e-01 1.67400786e-01 2.42301184e-02 5.89768628e-01
  6.16630377e-02 4.29231397e-02 2.67827826e-07 8.57951654e-02
  3.26284919e-01]
 [2.75382781e-01 4.89276614e-01 7.03403776e-02 1.45774404e-01
  1.06426270e-01 2.35981475e-02 9.56309873e-01 5.88768863e-02
  1.00000000e+00]]",[0.52792936 0.57618743 0.00313504 0.61241536],4,0.1784735815302717,0.6638778513989516,0.7045885883502654,0.08751366972529812,0.1784735815302717
92,"[[-0.23073399 -0.63019153  0.18725918  0.42696912  0.27413081 -0.07334835
  -0.12657347  0.3550028  -0.33117416]
 [-0.02301959  0.17214147 -0.4510367  -0.04051048 -0.45233482 -0.24218632
   0.4563693   0.52734324 -0.12303404]
 [ 0.1174979   0.42819478  0.0282386   0.36615243 -0.25922421 -0.25996021
   0.41804622  0.40473765 -0.44116521]
 [ 0.05669673  0.14213887 -0.17746709  0.29731936 -0.00480209  0.44417172
   0.22495831  0.5434943  -0.55980781]]","['prob_main', 'random_fill', 'random_fill', 'random_fill']","[[7.15636838e-10 1.29594198e-01 9.01350913e-02 6.57491216e-01
  1.05481253e-01 3.97063690e-02 1.71053154e-07 5.93971250e-01
  9.99999845e-01]
 [6.94210222e-02 5.35926049e-01 1.68078428e-11 2.09070449e-01
  8.83818651e-02 1.90915360e-02 6.10533624e-01 4.62471441e-01
  1.00000000e+00]
 [8.56732730e-01 5.29055857e-01 2.38085349e-02 2.49322686e-01
  1.25862141e-01 1.48135438e-10 2.66751806e-01 4.63862066e-02
  3.58401746e-01]
 [2.71341019e-01 4.18844515e-01 5.48340412e-10 3.16557015e-01
  9.92294090e-02 1.49534269e-01 1.96641216e-02 5.35439315e-02
  7.27042345e-02]]",[0.1216285  0.43706155 0.35871362 0.22780318],4,0.1971056470450273,0.6603227581879842,0.7011538029645987,0.08723051322481395,0.1971056470450273
93,"[[ 0.02560644  0.56477042 -0.35439199  0.64275421 -0.00915795 -0.17112387
   0.14835414  0.18791557 -0.23444308]
 [ 0.10904017 -0.01317725  0.15919196  0.42813692 -0.46218198  0.13709386
  -0.24955995  0.50717451 -0.47684404]
 [-0.07236137 -0.23630944  0.24502486 -0.62833809  0.29212161  0.40904058
   0.3321372  -0.02386325 -0.3471915 ]
 [ 0.0175447   0.02105038  0.4295338  -0.25814655 -0.06609691  0.53649716
   0.51423082  0.39924856  0.17910719]]","['prob_main', 'random_fill', 'random_fill', 'random_fill']","[[1.00284763e-01 9.97629119e-01 2.10680271e-11 4.25621763e-01
  1.36013081e-01 1.28228080e-10 5.03628726e-08 6.27907716e-02
  1.00000000e+00]
 [3.38197391e-01 2.37944266e-01 6.71687969e-02 4.26156356e-01
  6.09448736e-02 7.37150014e-02 1.79894873e-07 7.97558666e-02
  1.27936708e-01]
 [2.31161960e-11 3.94176523e-01 4.73489568e-01 5.89517176e-02
  1.93378416e-01 6.72989230e-01 2.92392868e-02 4.10332348e-02
  1.00000000e+00]
 [1.25305037e-01 3.87651057e-01 5.00376704e-01 1.04554652e-01
  5.47644568e-02 3.43129621e-01 5.23106888e-01 4.45331237e-02
  1.00000000e+00]]",[ 0.61568023  0.18827015 -0.02086184  0.84464989],4,0.18203301011070527,0.6684506496313194,0.7090027769203114,0.08674025836588976,0.18203301011070527
94,"[[ 0.15699946 -0.68147984  0.23908169  0.06578268 -0.41498728  0.31264303
  -0.25266708  0.26473621 -0.21345483]
 [-0.27371711  0.14090819 -0.11961143 -0.42244246  0.03330434  0.5021135
   0.4383537  -0.35011047 -0.38013267]
 [ 0.06184658 -0.66175231 -0.06842326  0.02156624  0.16514844 -0.64100308
   0.07144709 -0.32638748  0.05761608]
 [ 0.17279107 -0.34652694 -0.24798093 -0.4671061  -0.37947135  0.0559309
   0.42814171  0.13368816 -0.47124841]]","['prob_main', 'random_fill', 'random_fill', 'random_fill']","[[1.00000000e+00 6.37744405e-02 5.96219291e-01 2.77734536e-01
  2.08308032e-02 3.95582125e-01 5.80784786e-08 7.26530790e-02
  1.00000000e+00]
 [1.24989968e-10 6.02078123e-01 4.68229654e-03 1.54115373e-01
  9.18965349e-02 5.12466086e-01 5.01056870e-01 3.91632352e-02
  1.00000000e+00]
 [9.99999997e-01 1.05919287e-01 4.81822415e-02 6.43112573e-01
  3.25493449e-01 4.32863168e-03 5.13069250e-02 4.49288523e-02
  1.00000000e+00]
 [9.99999996e-01 3.26568700e-01 3.88251227e-02 2.06063228e-01
  4.76791313e-02 8.25739059e-02 3.74957281e-01 6.64144318e-02
  5.17538828e-01]]",[ 0.19516423  0.10534551  0.09992464 -0.13420517],4,0.1675308156041782,0.6954255980579526,0.7349511961372672,0.08557794159989664,0.1675308156041782
95,"[[-0.33883334  0.13958782  0.4176459   0.20646778  0.14410538 -0.36139151
   0.34000822  0.60429916 -0.12844032]
 [-0.10083398 -0.46589544 -0.26336861 -0.71547496 -0.13649344 -0.12658465
   0.10203533 -0.36668049  0.10948325]
 [-0.01973027  0.29080115 -0.17043591  0.77263923 -0.22883482  0.06225152
  -0.19331329  0.39213327 -0.20407465]
 [ 0.14521641 -0.10410395  0.37098622 -0.35826204 -0.02012881 -0.54278677
   0.51520144 -0.35785056  0.11653288]]","['prob_main', 'random_fill', 'random_fill', 'random_fill']","[[9.08793808e-12 4.96761560e-01 2.90068691e-01 2.33463710e-01
  1.42876641e-01 5.19312225e-03 1.03327496e-02 8.74473437e-01
  1.00000000e+00]
 [5.21787643e-10 3.20563526e-01 7.48880595e-02 1.64684906e-01
  2.13270797e-02 1.12222022e-01 7.75979942e-01 9.32845868e-02
  1.00000000e+00]
 [2.64175870e-03 2.74246907e-01 3.41137672e-10 8.03968211e-01
  1.00592166e-01 9.21701019e-03 2.86771652e-08 4.05332943e-01
  1.00000000e+00]
 [1.00000000e+00 3.88724493e-01 5.10047740e-01 1.02275002e-01
  7.85585967e-02 1.17325219e-11 6.40696215e-01 4.50796095e-02
  1.00000000e+00]]",[ 0.6609196  -0.14956178  0.63330124  0.68623552],4,0.1795664034740614,0.6755683412180177,0.7158648426652756,0.08595832193865968,0.1795664034740614
96,"[[ 8.03261317e-02 -1.20122744e-01  6.20093732e-01  3.00719993e-02
  -5.31921354e-01  4.11764901e-01  3.34700151e-01 -1.22970165e-01
  -1.18579785e-01]
 [-5.21749699e-02 -3.99735477e-01 -3.24608298e-01 -3.41918916e-01
   1.36060838e-01  5.90159946e-01  1.26494532e-01 -7.33774959e-02
  -4.76470137e-01]
 [-9.28658880e-03  4.52281124e-02  5.85208447e-02 -3.26263096e-01
  -9.09093731e-02  5.20986749e-01  4.85433973e-01  3.40711473e-01
  -5.06531068e-01]
 [ 1.83097026e-01 -5.64215670e-01 -2.35489006e-01  1.55170716e-01
   4.06539373e-01 -1.83906282e-01  5.63853635e-01 -2.27103773e-01
  -5.53579013e-04]]","['prob_main', 'random_fill', 'random_fill', 'random_fill']","[[3.33970571e-01 1.95374622e-01 9.54411869e-01 2.04555659e-01
  6.14599195e-02 3.91035514e-01 1.57181096e-02 3.31410259e-02
  1.00000000e+00]
 [1.35626469e-01 3.05086849e-01 2.58221799e-10 2.95482227e-01
  1.00976300e-01 9.66534437e-01 7.95058043e-08 4.86608666e-02
  1.00000000e+00]
 [4.84319545e-02 4.63319700e-01 1.14178539e-01 1.82824481e-01
  8.49483883e-02 2.00684594e-01 3.01174728e-01 5.64313530e-02
  3.76400144e-01]
 [9.99999993e-01 2.91029127e-01 1.61012104e-03 3.13883874e-01
  1.36006385e-01 1.53427878e-02 7.60881351e-01 4.58187122e-02
  1.00000000e+00]]",[ 0.61226241 -0.12595322  0.03913855  0.5377571 ],4,0.16348100532303678,0.6959353426933692,0.7354400056253076,0.08523590660995087,0.16348100532303678
97,"[[ 5.78358310e-02 -5.44240773e-01  2.56934773e-01  9.66947049e-02
   4.83232331e-01  1.27070616e-01  1.29204872e-02 -5.00236498e-01
  -3.53592610e-01]
 [ 1.81162938e-01  3.49804850e-01  3.12192541e-01 -4.58170045e-01
   1.99543024e-01  5.91330461e-01  6.02190707e-02  3.79538729e-01
   1.63544387e-02]
 [ 9.12466516e-02 -5.27849148e-01 -4.12333116e-01 -7.34584821e-02
   4.82008520e-01  2.90880933e-01 -1.19443749e-01  4.54275557e-01
  -7.58664359e-03]
 [ 7.25165251e-03  3.51032578e-01 -3.54049673e-01  1.23273581e-01
   6.40525067e-01 -2.64893003e-01  1.93947271e-04 -3.11596988e-01
  -3.98299649e-01]]","['prob_main', 'random_fill', 'random_fill', 'random_fill']","[[3.31462492e-01 1.71831728e-01 4.78150310e-01 3.41868391e-01
  6.32668965e-01 9.37459826e-02 1.78859313e-08 4.52288814e-02
  1.00000000e+00]
 [1.00000000e+00 5.85252202e-01 3.35982351e-01 3.61670018e-02
  1.30464840e-01 6.36228129e-01 7.26005342e-09 4.62142718e-02
  1.00000000e+00]
 [9.99999998e-01 2.56633579e-01 2.31972793e-11 2.67075389e-01
  1.45089966e-01 1.61438210e-01 9.32008963e-09 7.30363766e-01
  1.00000000e+00]
 [1.04652051e-01 6.27028686e-01 1.28922738e-10 2.42950146e-01
  9.59638595e-01 2.56541587e-03 4.16729120e-03 6.89687701e-02
  9.99999999e-01]]",[0.02298359 0.91035651 0.37725754 0.44501944],4,0.16353439705643757,0.6959353426933692,0.7354400056253076,0.08460667386091011,0.16353439705643757
98,"[[-0.34946758 -0.36979034 -0.07382574  0.11237933  0.51033725  0.01363673
   0.609604    0.26578155  0.14199019]
 [ 0.11826593  0.31306147  0.40343473 -0.38349687  0.40582878  0.43436064
   0.22632119  0.41455028  0.04167578]
 [ 0.06426357 -0.06636852  0.2782752  -0.28865542  0.58055941 -0.09873804
   0.07816259 -0.18579745 -0.66579116]
 [ 0.08388319 -0.06776633  0.38245744  0.11241838 -0.59255571  0.20377238
   0.29058629 -0.45053073 -0.38651774]]","['prob_main', 'random_fill', 'random_fill', 'random_fill']","[[5.93397624e-10 3.40849967e-01 3.23183578e-02 3.14657456e-01
  1.49505350e-01 2.03331833e-02 9.13629902e-01 5.45162697e-02
  1.00000000e+00]
 [1.00000000e+00 6.20541896e-01 5.34793625e-01 7.89303456e-03
  2.67183232e-01 3.53342021e-01 6.08494143e-03 3.67903482e-02
  1.00000000e+00]
 [2.69521439e-01 4.61912249e-01 1.65547939e-01 1.89930966e-01
  2.47838183e-01 4.35885892e-02 8.09223678e-03 5.68508815e-02
  1.36516653e-01]
 [5.68344295e-01 1.91105699e-01 7.01447105e-01 2.58426527e-01
  6.08327158e-02 1.54002499e-01 2.06225785e-02 4.61951296e-02
  5.90645347e-01]]",[0.69693952 0.84547395 0.01666638 0.08426965],4,0.16121076770765852,0.7173721706066454,0.7559424515792885,0.08403938644790401,0.16121076770765852
99,"[[ 0.09128946  0.20803393  0.46536719  0.71847678  0.3523076   0.11811954
  -0.13928941 -0.11351061 -0.21272882]
 [ 0.13368695  0.44651601 -0.16730908  0.02854817  0.00764466  0.47659315
  -0.35990991  0.49242008 -0.39335961]
 [ 0.08849703 -0.29764312  0.33824364  0.02860775 -0.07440235  0.64971668
   0.47693789  0.30507074 -0.20036043]
 [ 0.08281745  0.61658133 -0.14816619  0.15308618 -0.47934476  0.24775202
   0.02874785  0.34937096 -0.3918433 ]]","['prob_main', 'random_fill', 'random_fill', 'random_fill']","[[1.88198946e-01 1.77116092e-01 8.73446948e-01 5.29859311e-01
  1.51718256e-01 4.00720699e-02 7.46407107e-08 4.48882999e-02
  1.00000000e+00]
 [9.99999998e-01 6.53949161e-01 4.84833772e-11 1.50473371e-01
  1.46335024e-01 2.17140036e-01 9.07830491e-09 6.12905846e-01
  1.00000000e+00]
 [3.19969776e-01 2.21290380e-01 4.03010516e-01 2.04640037e-01
  4.37467314e-02 8.30424292e-01 1.45704106e-02 5.67275465e-02
  1.00000000e+00]
 [3.38197380e-01 8.74537809e-01 1.09658484e-11 1.62706458e-01
  1.25289374e-01 1.08029948e-01 5.27638968e-09 6.19422822e-02
  4.80233509e-01]]",[0.68155256 0.44303513 0.46480117 0.39231282],4,0.15803076587914489,0.7066469454809644,0.7456980395975454,0.0839409116726201,0.15803076587914489
100,"[[-0.06217051  0.38092164  0.3679456   0.50276517 -0.39712808  0.29509938
   0.24211662  0.22938564 -0.32687026]
 [ 0.05750144 -0.24497614  0.15397807 -0.3892528   0.62550787  0.14944598
   0.3601876   0.02992379 -0.46607783]
 [ 0.0261781   0.38092042 -0.07341417 -0.52522095  0.52159867  0.00988764
  -0.20265488  0.40390441  0.31080047]
 [-0.385575    0.14388594 -0.03228512  0.35426932 -0.5281433  -0.38614758
   0.10241817  0.49966068 -0.12603212]]","['prob_main', 'random_fill', 'random_fill', 'random_fill']","[[5.81300978e-10 3.25345740e-01 5.62166090e-01 3.80101735e-01
  8.24972071e-02 1.83997709e-01 2.35712411e-02 4.26441080e-02
  5.65856161e-01]
 [2.75382786e-01 4.26325899e-01 1.75036793e-01 1.63983360e-01
  9.23917426e-01 8.68393957e-02 2.36219887e-02 5.55631841e-02
  9.99999993e-01]
 [1.81069601e-01 8.13516042e-01 3.05860127e-02 8.22003204e-02
  7.71987719e-01 2.34939935e-02 3.20455634e-08 9.33968787e-02
  1.00000000e+00]
 [7.09122319e-11 3.91582214e-01 4.37536596e-02 3.97592751e-01
  1.05933079e-01 1.86782548e-02 2.06740061e-03 9.51221319e-01
  1.00000000e+00]]",[0.37394272 0.00950468 1.0206301  0.48209261],4,0.1736158364992183,0.7081782750311982,0.7471623724689371,0.08345577538779461,0.1736158364992183
101,"[[-0.04993556 -0.6446264  -0.26225632 -0.30225589  0.12904012 -0.20477989
  -0.43414774 -0.40557652 -0.10130899]
 [-0.05477212  0.31065067  0.14843026 -0.20021485 -0.67909161 -0.11272156
   0.0443507  -0.5947346  -0.09397261]
 [ 0.43124118  0.63741998 -0.31466326  0.01314321  0.30297835 -0.35157274
   0.00254769 -0.29480276  0.07890933]
 [-0.15194595 -0.74327321  0.14019426 -0.31705704 -0.32399796  0.24283504
   0.12569318  0.28074983  0.21381063]]","['prob_main', 'random_fill', 'random_fill', 'random_fill']","[[2.74424257e-01 1.22715224e-01 4.53699713e-02 4.00438825e-01
  6.32776169e-01 1.46055729e-01 3.96216643e-09 8.09207026e-02
  1.00000000e+00]
 [3.93558521e-10 9.99999999e-01 3.71228943e-01 6.13082216e-02
  6.42026837e-02 9.31012535e-02 4.54689592e-03 4.48882997e-02
  1.00000000e+00]
 [1.00000000e+00 1.00000000e+00 6.86227694e-11 1.18024251e-01
  4.01709045e-01 2.16465208e-10 4.52510668e-04 4.48882996e-02
  1.00000000e+00]
 [3.65301731e-10 1.18214888e-01 4.34022822e-01 2.47113747e-01
  1.27994327e-02 3.62831278e-01 6.38654228e-03 3.60240162e-01
  1.00000000e+00]]",[-0.30812685  0.17891586  1.25759881  0.29434429],4,0.17298924823478554,0.7311825997829955,0.7690929849848461,0.08333596151664056,0.17298924823478554
102,"[[ 0.19403399  0.44975916 -0.18438682  0.68909637  0.18857229  0.26482798
   0.07242152  0.29636239 -0.22901156]
 [ 0.08144496 -0.84761805 -0.027911   -0.08253629 -0.3594411  -0.15466357
   0.2115652   0.25720247 -0.05733612]
 [-0.06064651 -0.60255102  0.43294992 -0.51309365 -0.25455683 -0.27360348
  -0.13249712 -0.11629782  0.10865006]
 [-0.24312151 -0.51131195  0.42944698 -0.23903574 -0.06772007  0.24970056
  -0.3133381   0.48290707 -0.19892927]]","['prob_main', 'random_fill', 'random_fill', 'random_fill']","[[1.00000000e+00 4.68207204e-01 8.33760994e-12 6.82806546e-01
  1.28223952e-01 1.96802359e-01 5.85624283e-09 3.67380348e-02
  1.00000000e+00]
 [1.00000000e+00 7.74917375e-02 5.06639868e-02 3.77376702e-01
  6.68238898e-03 1.29586365e-01 1.08197743e-01 4.64169165e-01
  1.00000000e+00]
 [1.90092429e-01 1.30232768e-01 1.00000000e+00 1.95512757e-01
  7.78911509e-02 4.99793829e-02 1.81161850e-08 8.39671562e-02
  1.00000000e+00]
 [5.32654997e-11 2.17126421e-01 7.80460975e-01 2.01080318e-01
  8.63858631e-02 1.73685773e-01 8.24544060e-09 4.17457040e-01
  1.00000000e+00]]",[0.73330845 0.04569621 0.30801584 0.21626495],4,0.172559585035306,0.7414283448077865,0.7788183238436632,0.08253897946868774,0.172559585035306
103,"[[-0.03337801 -0.7039649  -0.01619735 -0.33104473 -0.1887826   0.35419575
   0.28498737 -0.30802849  0.23722038]
 [ 0.22104874 -0.18459989  0.55000809  0.38260777  0.20926061  0.59168631
  -0.12470811 -0.24049887  0.02980303]
 [-0.02053305 -0.47715262  0.20799913  0.58203729  0.26387418  0.19335197
   0.30103141  0.30595454 -0.31405425]
 [-0.0100566   0.21311835  0.2869097  -0.32628289 -0.82681557  0.18305754
   0.01452588  0.21663556 -0.03775872]]","['prob_main', 'random_fill', 'random_fill', 'random_fill']","[[2.42208464e-01 1.67242748e-01 1.94456483e-01 2.78112673e-01
  1.03795060e-02 6.94801560e-01 2.27380157e-01 6.57608681e-02
  1.00000000e+00]
 [1.00000000e+00 1.60027290e-01 8.05447246e-01 2.67532444e-01
  6.92098519e-02 3.77971061e-01 1.18057017e-08 2.74167587e-02
  1.00000000e+00]
 [8.24714324e-02 1.04902584e-01 5.97805731e-02 8.72676123e-01
  9.75884261e-02 1.22845059e-01 8.98163317e-02 5.51429126e-02
  8.93998385e-01]
 [1.50324943e-09 5.40465954e-01 7.18930230e-01 3.73288358e-02
  3.83629155e-02 3.97706244e-01 9.36254349e-08 5.49360422e-02
  1.00000000e+00]]",[0.30486605 0.99820274 0.28126459 0.32449796],4,0.16331461070324127,0.7281115343375045,0.7661727253500612,0.08302949163712493,0.16331461070324127
104,"[[ 0.02698659 -0.38562144 -0.2852017  -0.68031909 -0.17580997  0.14688426
   0.25664502  0.15689178 -0.40426221]
 [ 0.07167016  0.08155132 -0.18219721 -0.81872041 -0.01136586  0.41364879
   0.12254224 -0.19356864  0.24696946]
 [-0.15127281 -0.01460101 -0.18092066 -0.70088153 -0.63725652 -0.09450115
   0.02817523  0.13058999  0.14164114]
 [-0.19653702 -0.74971351 -0.54809738 -0.09943687  0.12614344 -0.22112103
   0.10748741  0.01971673 -0.11070435]]","['prob_main', 'random_fill', 'random_fill', 'random_fill']","[[2.75382782e-01 3.96792397e-01 2.48650727e-02 2.00794174e-01
  8.43181798e-02 1.45843070e-01 1.75450188e-02 7.05813044e-02
  9.66351242e-02]
 [9.51885271e-01 6.26319041e-01 1.60991644e-02 6.08862363e-02
  1.21487067e-01 6.69376969e-01 3.57333181e-07 4.54089851e-02
  1.00000000e+00]
 [1.20399178e-10 6.94409647e-01 4.20494631e-02 3.27696732e-02
  4.42415549e-02 1.41865034e-01 2.31144767e-01 2.53570648e-01
  1.00000000e+00]
 [2.86110941e-10 7.69695510e-02 8.45668120e-11 4.81283230e-01
  3.42560666e-02 1.39536025e-01 1.39164607e-01 1.19512868e-01
  6.72093812e-01]]",[-0.30616707  0.5802028   0.09895351 -0.18918445],4,0.15575797340949385,0.7404031467292455,0.7778464135132495,0.08234524310779395,0.15575797340949385
105,"[[-0.05469176 -0.47954253 -0.01946182 -0.70695528 -0.18019198  0.35158017
  -0.04439552 -0.18520828 -0.27300624]
 [ 0.05563455  0.46917064 -0.35771767  0.63963317  0.22600208  0.11769657
   0.25638712 -0.32927079 -0.02466066]
 [ 0.02774817 -0.65624522 -0.48330527 -0.37666421  0.00556842  0.18491813
  -0.31577378  0.08840509 -0.22662319]
 [-0.1636661   0.13656785 -0.07459359  0.01401733 -0.46954311  0.5411348
   0.19674552 -0.39182455 -0.49322314]]","['prob_main', 'random_fill', 'random_fill', 'random_fill']","[[1.63882982e-01 2.50431271e-01 4.18095031e-01 1.31550306e-01
  3.59307851e-02 7.75612473e-01 1.43742427e-07 6.27871421e-02
  1.00000000e+00]
 [1.56929139e-01 6.02514018e-01 1.20944839e-10 6.63000814e-01
  1.56193960e-01 5.29707393e-02 1.96422241e-01 4.35982983e-02
  1.00000000e+00]
 [9.99999975e-01 1.48707924e-01 2.49936577e-10 2.60630605e-01
  4.71658100e-02 2.70468570e-01 8.32953314e-08 9.93074047e-02
  5.69377089e-01]
 [2.96335976e-10 4.28252456e-01 3.74291938e-02 2.59937766e-01
  8.80903890e-02 3.72562161e-01 2.26560887e-02 4.29836057e-02
  2.86392007e-01]]",[-0.24861199  0.76836834 -0.23798853  0.06594157],4,0.15829059912539273,0.7429664059750817,0.7802759252988147,0.08183977503921944,0.15829059912539273
106,"[[ 0.02842312 -0.26042307  0.28359004 -0.39505584  0.32589778  0.17741302
   0.50770677  0.51232232  0.19223541]
 [-0.27974801  0.04770952  0.16899427 -0.48229205 -0.69727993 -0.27340959
   0.02448618  0.23211871 -0.20704924]
 [ 0.16590063 -0.41504737  0.28548509 -0.31093868 -0.23453903  0.53735771
   0.08298379  0.5187779   0.04742761]
 [-0.46025977 -0.60042163 -0.07893621 -0.29752872 -0.38797774  0.08554024
  -0.04469137 -0.41472783  0.03256053]]","['prob_main', 'random_fill', 'random_fill', 'random_fill']","[[2.55585171e-01 3.96046745e-01 3.00678966e-01 1.30164141e-01
  1.53614942e-01 4.79813072e-02 5.03733106e-01 4.07795650e-01
  1.00000000e+00]
 [1.05277327e-10 5.16295324e-01 3.99172988e-01 5.19241556e-02
  7.96692943e-02 6.60468151e-02 8.32313229e-03 6.11039992e-01
  1.00000000e+00]
 [9.99999999e-01 2.10891824e-01 4.14430373e-01 1.41811367e-01
  3.45895660e-02 4.72802934e-01 5.19048736e-08 3.07079835e-01
  1.00000000e+00]
 [5.41772249e-11 1.01312110e-01 2.35728213e-01 3.14112540e-01
  2.49142022e-03 6.07640200e-01 8.98825949e-08 5.92489817e-02
  1.00000000e+00]]",[ 0.65345449 -0.07157371  0.60527513 -0.11389558],4,0.17379131396715375,0.7465564583157028,0.7836757524537554,0.0817444545987783,0.17379131396715375
107,"[[-1.03104824e-01  3.76156721e-01  3.57516672e-01  4.71374262e-01
   3.18885780e-01 -8.05118051e-02 -1.73008626e-01 -5.55298719e-01
   2.26726064e-01]
 [ 2.88004955e-03 -4.52422241e-01  5.05380677e-01 -4.26103726e-01
   1.94210045e-01  2.16484936e-01  3.55200970e-01  3.26626541e-01
  -2.02227376e-01]
 [ 6.39779025e-02 -5.83390810e-01 -1.17532151e-01  4.31701767e-01
  -2.56598480e-01 -3.49211672e-01  4.37347071e-01  2.49053254e-01
  -1.19541678e-01]
 [-3.26876715e-01  5.93274201e-01 -3.68143015e-02 -4.17143015e-01
   3.61418770e-01 -1.61365978e-01  2.96342649e-01  3.46632650e-04
  -3.48327657e-01]]","['prob_main', 'random_fill', 'random_fill', 'random_fill']","[[3.48990520e-10 4.76647715e-01 6.47806713e-01 3.57899766e-01
  4.05061116e-01 6.40354267e-03 5.67426843e-08 4.48883000e-02
  1.00000000e+00]
 [2.48585435e-01 1.86816082e-01 9.54411868e-01 1.69127951e-01
  1.04200341e-01 1.55122805e-01 2.25352988e-01 5.63988564e-02
  1.00000000e+00]
 [2.75382785e-01 1.67469078e-01 4.57759315e-02 6.30618352e-01
  4.82612307e-02 1.04977910e-02 6.30399297e-01 4.60115499e-02
  1.00000000e+00]
 [2.38216267e-10 9.99999991e-01 3.84908577e-02 6.40308512e-02
  2.39939021e-01 9.06717244e-10 1.99041812e-01 6.02582037e-02
  7.46996143e-01]]",[0.91005299 0.27652955 0.33834863 0.45067167],4,0.16645239346464658,0.7583649017360676,0.7948340564058249,0.08149931867014705,0.16645239346464658
108,"[[-0.21032678 -0.01322409  0.42523932 -0.68857795  0.16841581 -0.09370009
   0.19898549 -0.24893367 -0.40238402]
 [-0.24594607  0.20831419  0.37302492  0.69399306 -0.40841549 -0.10551055
   0.01170814 -0.23397102  0.20621973]
 [ 0.07676562  0.21865757 -0.14098012  0.745537   -0.44846951 -0.09707714
   0.18865353 -0.08293017 -0.34289746]
 [-0.06175842 -0.21134639 -0.21675196 -0.5060992  -0.07435499 -0.54932016
  -0.13118278 -0.2178538   0.52578539]]","['prob_main', 'random_fill', 'random_fill', 'random_fill']","[[6.11524023e-10 4.28927181e-01 8.79632914e-01 8.49457801e-02
  1.49011815e-01 6.53659629e-02 1.56182754e-02 5.20935909e-02
  7.28994360e-01]
 [6.02379438e-11 2.01867654e-01 5.68350605e-01 7.30154378e-01
  8.44261711e-02 1.63074532e-02 2.78526577e-08 4.48882992e-02
  1.00000000e+00]
 [2.16084676e-01 2.41907387e-01 2.17779268e-09 8.51829017e-01
  9.21389222e-02 1.02363932e-02 1.06914847e-04 4.99722377e-02
  7.29558264e-01]
 [2.50206009e-07 6.67781608e-01 7.46539316e-03 3.66536396e-02
  3.81069889e-01 5.39235170e-03 2.19144050e-05 4.48887775e-02
  1.00000000e+00]]",[0.02566597 0.9202985  0.40794987 0.32340498],4,0.16524491507557365,0.7486087061161408,0.7856177215359201,0.08161005615509713,0.16524491507557365
109,"[[-2.88673329e-01 -5.87271946e-02  2.47030740e-03  2.10782331e-01
   5.53547598e-01  4.83389540e-01 -3.72316542e-02  5.12356881e-01
  -2.54572920e-01]
 [-1.93424394e-01 -5.57477158e-01 -4.22936588e-01 -6.56357037e-01
   1.10298505e-01  9.97967917e-02 -4.83828128e-02 -6.63556893e-02
  -1.15139786e-01]
 [ 3.48696712e-02  4.44153362e-04  6.03822894e-01 -6.26824601e-01
   3.07528738e-01 -2.57130388e-01  2.72927323e-01  5.42379827e-02
   5.61399863e-02]
 [ 6.78146122e-02 -5.46004879e-01  3.15175236e-01 -3.31083190e-02
  -5.65344476e-01  1.70609467e-01  2.64525692e-01  3.53964586e-01
  -2.29916343e-01]]","['prob_main', 'random_fill', 'random_fill', 'random_fill']","[[1.80289886e-10 3.69257479e-01 4.08872173e-02 3.35174633e-01
  2.13250306e-01 2.04746059e-01 5.30640409e-08 8.19941369e-01
  1.00000000e+00]
 [5.43659956e-12 2.83270219e-01 4.53248222e-12 1.70702990e-01
  1.29239514e-01 3.59184858e-01 2.72417754e-09 1.08392322e-01
  6.89161486e-01]
 [2.75382768e-01 4.32908744e-01 9.99999991e-01 6.35398998e-02
  1.75227074e-01 1.53230104e-09 9.46865255e-02 6.29159228e-02
  1.00000000e+00]
 [9.38965571e-01 9.34107599e-02 7.29976096e-01 2.69422941e-01
  4.08622498e-02 1.53933533e-01 5.36277694e-02 2.07071042e-01
  1.00000000e+00]]",[ 0.43161042 -0.30640072  0.71307162  0.09454977],4,0.1721335983730365,0.7470694661305942,0.784161298857572,0.08150252314863805,0.1721335983730365
110,"[[ 0.0935813   0.58348366  0.32835961 -0.13348158 -0.08400907  0.3451291
   0.43668075  0.0485967  -0.45379362]
 [-0.0079346   0.28396631 -0.19890472 -0.35110015 -0.78328389  0.09237133
  -0.10435    -0.34404243 -0.07173243]
 [ 0.06447049  0.79875322  0.1512097   0.265488   -0.19155294  0.33739683
   0.19300962  0.15390281 -0.23026213]
 [ 0.17951774 -0.33859343  0.33632539  0.36520994  0.07116667  0.45844474
   0.38700054  0.48808099  0.05836147]]","['prob_main', 'random_fill', 'random_fill', 'random_fill']","[[3.05228540e-01 8.01077127e-01 2.65388384e-01 3.99262101e-02
  1.59541676e-01 5.70185860e-02 4.86651676e-01 4.66721518e-02
  8.25864087e-01]
 [1.03340630e-01 9.87218859e-01 1.40992635e-10 6.41849422e-02
  5.29882738e-02 3.00804169e-01 5.53046791e-08 4.69580427e-02
  1.00000000e+00]
 [2.16084677e-01 1.00000000e+00 5.08838524e-02 1.37968471e-01
  1.51364507e-01 4.78833329e-01 6.29382736e-03 3.71333050e-02
  1.00000000e+00]
 [1.00000000e+00 1.40410033e-01 2.60785525e-01 3.88778834e-01
  6.29671801e-02 2.93226252e-01 2.92913398e-07 4.60285490e-01
  1.00000000e+00]]",[0.42407601 0.15537441 0.7662375  0.78359789],4,0.15986985679219462,0.770708170109992,0.806456090486681,0.08051537137012886,0.15986985679219462
111,"[[ 0.02119104 -0.48683218  0.06082291 -0.66869286 -0.32929306 -0.06832237
   0.21181199 -0.27772301 -0.27676623]
 [-0.06568666 -0.43692226 -0.09934099 -0.15943916 -0.34628654 -0.15250848
  -0.010237   -0.72424959  0.31887186]
 [-0.14891305  0.66220412  0.15296033  0.41465321  0.24966847 -0.24168322
  -0.23333098  0.32058098 -0.25693545]
 [ 0.20393639 -0.04466194  0.18484687 -0.34917818  0.38079361 -0.62807916
   0.16594087  0.35622665 -0.32619088]]","['prob_main', 'random_fill', 'random_fill', 'random_fill']","[[9.38965569e-01 2.62923058e-01 3.30765228e-01 1.11396371e-01
  2.79837411e-02 1.36044745e-01 3.49345285e-01 7.02995815e-02
  7.06913155e-01]
 [3.09917921e-10 7.34801435e-02 5.61634204e-02 4.37894502e-01
  3.14384754e-03 1.41983079e-01 1.60387068e-01 9.87991322e-02
  1.00000000e+00]
 [1.74030175e-10 9.99999998e-01 2.86940662e-02 2.37316515e-01
  2.06715562e-01 3.22233966e-10 3.28639253e-08 3.78663445e-01
  9.99999999e-01]
 [1.00000000e+00 4.83576222e-01 2.93730658e-01 1.03972206e-01
  2.93215217e-01 2.29864817e-11 6.92346319e-03 6.05792723e-01
  1.00000000e+00]]",[-0.32216133  0.11543048  0.68106442  0.20274131],4,0.15229177134573302,0.7542553965654136,0.7909551276240729,0.08095974462323309,0.15229177134573302
112,"[[ 0.38658721 -0.44968582  0.0945462   0.17972178 -0.26305481  0.52794031
   0.07342995 -0.48443185  0.13823574]
 [-0.25261644 -0.04130366 -0.15957824 -0.13005866 -0.40919636  0.56132731
   0.31641275  0.54744986 -0.0987426 ]
 [ 0.2150677   0.37153211  0.37135755 -0.14422476 -0.5792425   0.33181703
   0.27833399  0.36591655  0.00366213]
 [-0.35142609 -0.07922768  0.40778178 -0.2669825   0.2908586   0.45114004
  -0.03547909  0.45141084 -0.37349761]]","['prob_main', 'random_fill', 'random_fill', 'random_fill']","[[1.00000000e+00 1.51576311e-01 9.46190509e-02 3.92350717e-01
  2.90209037e-02 7.61572165e-01 3.38367324e-08 4.64028791e-02
  1.00000000e+00]
 [9.32201362e-11 3.73538266e-01 3.13039832e-02 2.65846087e-01
  7.15194943e-02 3.11981139e-01 2.08291526e-02 7.82245287e-01
  1.00000000e+00]
 [1.00000000e+00 4.78820954e-01 6.18598640e-01 3.68429361e-02
  5.22474936e-02 3.74034141e-01 1.83937906e-02 1.06641146e-01
  1.00000000e+00]
 [1.11635610e-10 3.29217434e-01 8.07442956e-01 1.39360023e-01
  1.23922146e-01 2.95013049e-01 3.51956451e-08 3.04144283e-01
  9.99999998e-01]]",[0.90807259 0.42694658 0.75902311 0.19890314],4,0.14937834143728113,0.7815275139517999,0.8166063871280392,0.08012389873942777,0.14937834143728113
113,"[[ 0.38155134 -0.3297276   0.29383014 -0.46734497  0.33156166  0.33278227
  -0.05047705  0.37300103 -0.28034967]
 [-0.03945375 -0.66885027 -0.31604463 -0.27814351  0.10581192 -0.5895465
   0.04373098 -0.02430009  0.11211852]
 [ 0.11501502  0.39003553  0.35835622  0.36976205 -0.20218513 -0.03107537
   0.59189869 -0.37436947 -0.19276828]
 [-0.22818628 -0.71095186 -0.14989106 -0.57362568 -0.0697218  -0.144595
  -0.12963647  0.07153312  0.20802228]]","['prob_main', 'random_fill', 'random_fill', 'random_fill']","[[1.00000000e+00 2.43945956e-01 7.04297799e-01 1.03459707e-01
  1.47107262e-01 2.56889627e-01 6.61074219e-08 2.54609800e-01
  1.00000000e+00]
 [2.75382781e-01 1.67315925e-01 2.42301176e-02 4.04732060e-01
  6.84523892e-01 6.02456781e-02 2.96585908e-02 1.02206992e-01
  1.00000000e+00]
 [2.75382782e-01 5.34839602e-01 1.08414938e-01 1.64110827e-01
  7.86016504e-02 3.64868116e-09 9.57286176e-01 4.50209516e-02
  1.00000000e+00]
 [9.45301700e-11 1.32982387e-01 3.03248700e-01 2.02467186e-01
  5.19272158e-02 1.61478908e-01 5.45698482e-08 3.29777569e-01
  1.00000000e+00]]",[ 0.40859166 -0.09516054  0.68091433 -0.05149593],4,0.15529522123582817,0.7939155661584577,0.8281836394641333,0.07924544121088901,0.15529522123582817
114,"[[ 0.0187973   0.42462895  0.48561953 -0.25983528  0.37137839 -0.23150354
   0.45662383  0.3252834  -0.10082559]
 [ 0.26860165 -0.21690226  0.07181459 -0.01592339 -0.08648264  0.59364265
   0.61598559 -0.36855895 -0.01519475]
 [-0.35760559  0.22225009 -0.25880398  0.16000815  0.38620781 -0.07948169
   0.48321417  0.44465852 -0.37874805]
 [ 0.13713978  0.03806983 -0.04107451 -0.45870045  0.59302144  0.02457241
   0.6255149   0.15471808  0.01285892]]","['prob_main', 'random_fill', 'random_fill', 'random_fill']","[[3.96757893e-04 6.73926380e-01 5.14223116e-01 5.20746482e-02
  1.47323012e-01 1.59708280e-10 6.13134546e-01 4.87074603e-02
  1.00000000e+00]
 [1.00000000e+00 3.02307757e-01 7.02727302e-02 2.45618528e-01
  2.82730750e-02 3.09552505e-01 6.40977396e-01 4.46123647e-02
  1.00000000e+00]
 [1.80200917e-11 6.03936005e-01 6.26671317e-11 1.98855736e-01
  2.09609141e-01 9.73864636e-11 6.13548203e-01 3.70007810e-01
  1.00000000e+00]
 [9.99999993e-01 4.98463305e-01 3.98737957e-02 1.39656584e-01
  2.37912219e-01 1.54777077e-08 7.57528559e-01 4.60070120e-02
  1.00000000e+00]]",[0.77206463 0.74868018 0.32925033 0.72532734],4,0.16031688052729276,0.7717378031909492,0.807423565987452,0.0798711886890269,0.16031688052729276
115,"[[ 0.04556754 -0.40651281  0.32044353 -0.62380098 -0.10448238 -0.35705611
   0.02320514 -0.3521093  -0.27916687]
 [-0.07271813 -0.7655832   0.148078    0.14290847 -0.28465811  0.41622826
   0.23867799  0.14762069  0.18223409]
 [-0.25866826  0.2817927   0.16940646 -0.49870656 -0.08708739 -0.19231918
   0.31284292  0.65579964  0.06133581]
 [-0.28774245 -0.80142195  0.31115131 -0.09864553 -0.08559579  0.34374619
  -0.07820038 -0.11977492  0.14977199]]","['prob_main', 'random_fill', 'random_fill', 'random_fill']","[[9.99999931e-01 2.21849919e-01 9.54411868e-01 1.33069859e-01
  1.12735810e-01 9.25309308e-03 4.19588525e-03 6.07619589e-02
  9.21272640e-01]
 [5.42528303e-02 8.57892748e-02 2.09805353e-01 4.29584822e-01
  9.44592824e-03 7.28615522e-01 3.81389018e-07 7.51811427e-02
  1.00000000e+00]
 [1.18346809e-11 6.20124086e-01 1.46621541e-01 1.44014788e-01
  1.52417267e-01 2.07623173e-02 2.40291158e-02 8.94921231e-01
  1.00000000e+00]
 [2.19503754e-10 8.36460702e-02 8.41691022e-01 3.24661865e-01
  4.41351286e-02 3.69520137e-01 7.18306171e-08 5.52487755e-02
  1.00000000e+00]]",[-0.11536035  0.51674886  0.76623952  0.42922895],4,0.16092522036974544,0.7877183647815733,0.8223981884054518,0.07920656595493492,0.16092522036974544
116,"[[-0.01676158 -0.21503998  0.33306386  0.10802714  0.49786737  0.43972718
   0.0465566   0.4608092  -0.41848647]
 [-0.21699961 -0.27677665 -0.26374061 -0.80875186  0.1666677  -0.18207469
  -0.18144703  0.17020313 -0.17275918]
 [-0.2233654  -0.56595106 -0.24615526 -0.38807322 -0.35938926 -0.29597649
   0.11412142 -0.37689058 -0.21628947]
 [-0.10932908 -0.18641363  0.01211083 -0.09925625  0.502469    0.50161989
   0.49149982  0.43639719 -0.0847729 ]]","['prob_main', 'random_fill', 'random_fill', 'random_fill']","[[2.14457202e-02 2.86732906e-01 4.60524814e-01 2.08517354e-01
  1.74243662e-01 2.43191863e-01 1.77339746e-07 6.13306122e-01
  9.99999919e-01]
 [1.30827137e-10 5.21550817e-01 1.43631217e-02 9.46955798e-02
  2.92573067e-01 5.08366673e-02 4.86248797e-08 1.43083769e-01
  4.56170629e-01]
 [9.35669315e-11 2.03102534e-01 5.53710916e-02 3.65297609e-01
  2.82502136e-02 9.47150297e-02 1.70284666e-01 9.22620339e-02
  3.23969383e-01]
 [2.33145820e-10 3.75182597e-01 7.03374773e-02 2.43354151e-01
  1.74287885e-01 5.17153757e-01 4.97449847e-01 5.54851388e-02
  1.00000000e+00]]",[ 0.17171019 -0.23967441 -0.39393517  0.43768431],4,0.1810255844257313,0.799602110502053,0.8334811935030038,0.07860022786282224,0.1810255844257313
117,"[[ 0.04361465  0.13450465 -0.13794749  0.4865781  -0.23370675  0.54250702
   0.1627092   0.48320994 -0.3395875 ]
 [ 0.44906278  0.44623347  0.02171162  0.5484778  -0.00558863  0.25002318
   0.35653161 -0.13019991 -0.30217443]
 [ 0.26505668 -0.01316508  0.27164504  0.45569193 -0.04391187 -0.31021835
  -0.19518369 -0.18896721 -0.69004095]
 [-0.09510649 -0.32525061 -0.24335999  0.01462699 -0.48998284  0.27404474
  -0.01358892  0.69176643 -0.17838049]]","['prob_main', 'random_fill', 'random_fill', 'random_fill']","[[2.22056995e-01 2.84786567e-01 8.09680442e-10 4.45653773e-01
  6.01413200e-02 9.12864705e-01 1.11235564e-02 4.70009283e-02
  1.00000000e+00]
 [1.00000000e+00 6.51201552e-01 7.21765538e-11 3.32648413e-01
  1.39684208e-01 1.31158524e-01 3.51400890e-01 3.51297854e-02
  8.51409813e-01]
 [9.99999995e-01 3.57947051e-01 7.37702912e-02 3.32408485e-01
  1.03354045e-01 1.95106639e-02 2.39077409e-07 6.22462956e-02
  1.78212053e-01]
 [2.42051125e-09 2.68015170e-01 4.05498392e-02 3.65518146e-01
  5.68725062e-02 1.14336195e-01 1.73286811e-07 9.14662532e-01
  1.00000000e+00]]",[0.43094922 0.81755036 0.28653227 0.36612514],4,0.1666252519045719,0.7990849184149029,0.8329998311784754,0.0788326123797096,0.1666252519045719
118,"[[ 0.23553406  0.23266107  0.27953601 -0.60102678 -0.47161952 -0.27192201
  -0.1356131  -0.26061044 -0.26142628]
 [-0.24451088 -0.6551109  -0.39544348  0.18700778  0.34248139  0.26764208
   0.17977526  0.28593758  0.1291954 ]
 [ 0.22435007 -0.62800535  0.23804629  0.09552658  0.17122136  0.39349208
   0.44861236 -0.06897434 -0.31515344]
 [ 0.04347631 -0.22713222 -0.57672401 -0.47004325 -0.01306029 -0.23606976
   0.32223396  0.35552868 -0.32685571]]","['prob_main', 'random_fill', 'random_fill', 'random_fill']","[[1.00000000e+00 5.55901944e-01 6.53854742e-01 3.19559004e-02
  1.26026935e-01 3.87814189e-02 1.24857360e-08 6.55925210e-02
  7.95214267e-01]
 [1.57321556e-10 1.46776941e-01 9.00381388e-11 5.24346781e-01
  5.59436818e-01 2.49900404e-01 1.47192260e-07 7.44670511e-02
  1.00000000e+00]
 [9.99999996e-01 1.47847457e-01 4.19346316e-01 2.62795529e-01
  5.92590189e-02 3.67955366e-01 3.03971951e-01 4.39582085e-02
  1.00000000e+00]
 [3.77965693e-01 4.61134156e-01 8.78550150e-11 1.84822593e-01
  7.86232279e-02 2.53462676e-02 5.66373464e-01 4.70170455e-01
  1.00000000e+00]]",[ 0.23347411  0.41087067  0.22954295 -0.15938268],4,0.1595412249288212,0.7964996621534315,0.8305923154219148,0.07828546002256603,0.1595412249288212
119,"[[ 0.0945687  -0.41414193  0.10115671 -0.06531966  0.45573128 -0.54674725
   0.15068681  0.29669604 -0.43322659]
 [-0.2365901  -0.45745362  0.14667137  0.20024434 -0.28497656  0.46346829
   0.58788884 -0.1772293  -0.01063107]
 [ 0.1192988  -0.59228967  0.03816678 -0.45005197  0.30275235 -0.18525573
   0.39677375 -0.12519121 -0.36314784]
 [ 0.07349448 -0.05829073  0.01962058  0.64341444  0.0270842  -0.3099179
   0.16543443 -0.27652058 -0.61336678]]","['prob_main', 'random_fill', 'random_fill', 'random_fill']","[[9.51814703e-01 3.05138108e-01 1.08651115e-01 2.96778598e-01
  1.97710850e-01 1.19855966e-02 3.09284814e-03 7.39569705e-02
  2.41204606e-01]
 [2.36625240e-11 2.64197516e-01 9.40962848e-02 3.29910735e-01
  1.10731442e-02 2.86151333e-01 7.48503340e-01 5.41780321e-02
  1.00000000e+00]
 [9.99999999e-01 2.91191452e-01 1.63323403e-01 1.81661143e-01
  1.33944252e-01 2.99477364e-02 6.51712897e-01 5.52398694e-02
  8.85271602e-01]
 [2.75382778e-01 2.75433232e-01 4.51566212e-02 5.08960041e-01
  1.08778443e-01 2.07665598e-02 3.40645788e-07 5.88850748e-02
  1.54866340e-01]]",[-0.04329082  0.50827611 -0.16350781  0.21777965],4,0.15112854413236676,0.8058121481984246,0.8392538089674639,0.0784544977269029,0.15112854413236676
120,"[[-0.08611107 -0.79499166 -0.07997725 -0.45562216  0.10927301 -0.03291196
   0.11028954 -0.26101357  0.23080204]
 [ 0.01074124  0.51715041  0.54916961  0.31009503  0.28065874 -0.00729227
  -0.0225534  -0.237497   -0.44604697]
 [-0.36487531  0.20494059  0.33029817  0.66651985  0.28595689  0.19281764
   0.07109355  0.3724907   0.09362785]
 [ 0.03439807  0.3459545   0.03581716  0.68470867  0.40500999 -0.04956699
   0.26916029  0.26802162 -0.31344951]]","['prob_main', 'random_fill', 'random_fill', 'random_fill']","[[8.76213213e-10 1.30546055e-01 3.26804793e-01 1.96179388e-01
  7.17877678e-02 1.93253962e-01 3.75196422e-01 1.05949618e-01
  1.00000000e+00]
 [9.51695894e-10 6.32218393e-01 4.16440152e-01 1.63190477e-01
  1.83094746e-01 1.22899940e-02 5.27601706e-08 4.48882994e-02
  3.46306306e-01]
 [1.41940970e-10 2.73495078e-01 6.34188623e-02 7.04974202e-01
  1.52756076e-01 7.08313943e-02 7.82655977e-08 5.41118974e-01
  1.00000000e+00]
 [1.46677654e-01 3.50295992e-01 2.42301177e-02 6.68430018e-01
  6.16389918e-01 2.00871945e-10 1.17036551e-02 5.98187110e-02
  9.99999999e-01]]",[0.02670845 0.49242064 0.89940551 0.54015702],4,0.1706292565695676,0.7964996621534315,0.8305923154219148,0.07799957198471555,0.1706292565695676
121,"[[ 0.1416347  -0.66851044  0.10995724  0.49388775  0.18829821 -0.1368594
  -0.17937165 -0.43662984  0.00334381]
 [ 0.04109692  0.08091936 -0.52872527 -0.72869626 -0.00248247  0.14184423
  -0.00726216 -0.30776615 -0.25751847]
 [-0.03305533 -0.52817981 -0.34112816 -0.48831588  0.21557741  0.12583215
   0.02119631 -0.3958211   0.38168263]
 [ 0.34982266 -0.10341893 -0.202641   -0.72255264  0.10757109  0.32597755
   0.28010043  0.327858   -0.00171015]]","['prob_main', 'random_fill', 'random_fill', 'random_fill']","[[1.00000000e+00 8.78731987e-02 4.95235997e-02 8.42657583e-01
  1.19059680e-01 4.22948606e-03 3.30738810e-10 4.48882992e-02
  1.00000000e+00]
 [4.59284072e-01 7.42105815e-01 5.93807330e-11 6.33745174e-02
  1.58268812e-01 2.06241379e-01 8.66910266e-08 4.77793701e-02
  4.43949053e-01]
 [2.75382781e-01 2.64469694e-01 3.53606680e-10 2.62385014e-01
  7.30808169e-01 2.40739237e-01 1.30709502e-07 5.86098758e-02
  1.00000000e+00]
 [1.00000000e+00 4.83462124e-01 1.31187242e-02 1.03762583e-01
  1.13064380e-01 2.91320146e-01 2.97817019e-02 5.45075335e-01
  1.00000000e+00]]",[ 0.5100984  -0.06742358  0.26940488  0.51465652],4,0.1534634491100233,0.8224076891762431,0.8546120120256182,0.07749799316467043,0.1534634491100233
122,"[[-0.40085691  0.13296538  0.0599557  -0.16581221  0.65855292 -0.2221589
   0.52694798 -0.17241518  0.00989357]
 [ 0.178296    0.22861658  0.26094726  0.31585438 -0.70149485 -0.41179127
  -0.05355356 -0.2458135  -0.15207956]
 [ 0.04942865  0.46242163  0.538485    0.02544436  0.38204934 -0.19430664
  -0.20122771  0.35919503 -0.37400416]
 [-0.08023562  0.27553643  0.36104402 -0.54510525 -0.31857905 -0.39886583
  -0.06859206 -0.41389038 -0.23141463]]","['prob_main', 'random_fill', 'random_fill', 'random_fill']","[[1.05719866e-11 5.75910433e-01 8.09099989e-02 1.74376330e-01
  6.37090872e-01 2.54922778e-11 4.83996352e-01 4.84867180e-02
  1.00000000e+00]
 [9.99999999e-01 2.89569264e-01 8.31194510e-01 3.67893885e-01
  7.14457311e-02 2.72001960e-10 7.60822542e-08 5.76386974e-02
  1.00000000e+00]
 [1.92107251e-01 5.95175777e-01 7.90972684e-01 6.80320670e-02
  1.85364678e-01 3.45578976e-04 5.74489545e-08 7.15976507e-02
  7.81309020e-01]
 [3.74424195e-10 6.03269203e-01 9.29674717e-01 3.73286170e-02
  1.68472963e-01 5.38326442e-05 1.28258119e-02 5.28681485e-02
  1.00000000e+00]]",[0.72864611 0.36122842 0.51663171 0.17365869],4,0.15790115266126192,0.8089198052476464,0.8421374786598931,0.07756454285681041,0.15790115266126192
123,"[[ 0.05437772  0.05658667 -0.16623077 -0.80564517  0.27718997  0.16944355
   0.28026936 -0.26559965 -0.25000943]
 [-0.49345669 -0.24395384 -0.15488602 -0.62394864 -0.20209254  0.07207132
  -0.33146148 -0.26450268  0.24046075]
 [ 0.3678836   0.59826556  0.28664393  0.36169903  0.18659216  0.17751045
   0.25801826 -0.40060044  0.01919129]
 [ 0.08652351  0.39067504  0.36947817  0.19765278 -0.40445976  0.52970781
   0.25767957  0.25692441  0.29617391]]","['prob_main', 'random_fill', 'random_fill', 'random_fill']","[[3.96469473e-01 6.96559629e-01 9.75712326e-03 4.74418368e-02
  2.87434858e-01 1.01353116e-01 5.84588681e-01 4.51803764e-02
  1.00000000e+00]
 [1.06185040e-10 4.25512979e-01 2.08952274e-01 2.35358421e-02
  4.24176009e-02 5.12982715e-01 3.12435468e-08 8.12735932e-02
  1.00000000e+00]
 [1.00000000e+00 1.00000000e+00 2.71119061e-01 1.14004961e-01
  2.05934733e-01 8.14296480e-02 1.77352562e-02 4.45125848e-02
  1.00000000e+00]
 [2.71155971e-01 4.65430003e-01 3.81453666e-01 1.24429296e-01
  8.33110730e-02 8.31034472e-01 2.31215499e-02 4.09869709e-02
  1.00000000e+00]]",[0.01981253 0.09650825 1.14391526 1.08999773],4,0.14902238114756597,0.8255254378653969,0.8574855907702804,0.07729916060041891,0.14902238114756597
124,"[[-0.26974523 -0.41955434  0.30521707  0.45168759  0.29562756 -0.16382789
   0.21130599 -0.38751406 -0.3807623 ]
 [ 0.20386102 -0.7789008   0.11799358 -0.28716602  0.22116653  0.29333833
   0.23512828  0.21678034  0.13463429]
 [ 0.03473186 -0.34478018  0.49019815 -0.41876516  0.44437864 -0.36845802
   0.33943482 -0.06683798 -0.10651214]
 [ 0.05534549  0.36428041 -0.05273052  0.15268974 -0.5919663   0.41867295
  -0.32383734 -0.19209234 -0.41311109]]","['prob_main', 'random_fill', 'random_fill', 'random_fill']","[[1.79903535e-11 1.66016685e-01 4.50330597e-01 5.30310725e-01
  1.43464887e-01 3.50610616e-02 5.37521178e-03 4.73531479e-02
  5.38336054e-01]
 [1.00000000e+00 1.21014951e-01 4.80662197e-01 1.58427391e-01
  5.60790959e-02 4.91877452e-01 5.42033150e-02 7.54241598e-02
  1.00000000e+00]
 [2.71155935e-01 2.33754010e-01 9.54411852e-01 1.74204665e-01
  1.85538244e-01 1.00725568e-09 2.47407130e-01 6.25880783e-02
  9.99999999e-01]
 [2.75382781e-01 5.21651373e-01 2.23696567e-10 2.41004688e-01
  1.09194363e-01 2.11943187e-01 2.03506283e-08 4.64933435e-02
  1.46512165e-01]]",[0.12180626 0.44124129 0.37945651 0.19670619],4,0.14599525931197288,0.8317670677126562,0.8632266162623736,0.07657296792398921,0.14599525931197288
125,"[[ 0.25169094 -0.35125825 -0.48002484 -0.72004433  0.15081074  0.007514
   0.04605346  0.12307169 -0.15592858]
 [ 0.32355626 -0.163688    0.0982309  -0.15675123 -0.38706396  0.10340312
   0.45751507  0.53205807 -0.42588823]
 [ 0.07148856  0.29307123  0.28669433  0.23638633  0.59118241  0.45801822
  -0.22545633 -0.19103982 -0.35259382]
 [-0.1042537   0.4300728  -0.05753703  0.37948147  0.40382311 -0.15604341
   0.34248045 -0.56275168 -0.18827348]]","['prob_main', 'random_fill', 'random_fill', 'random_fill']","[[1.00000000e+00 3.91491316e-01 1.80639434e-11 1.05202800e-01
  2.15031125e-01 1.04328784e-01 5.82971453e-03 1.23757449e-01
  5.17351031e-01]
 [9.99999999e-01 3.32958274e-01 1.04165473e-01 1.98561919e-01
  5.06954108e-02 6.45211132e-02 3.72375167e-01 5.35267038e-01
  1.00000000e+00]
 [2.50933753e-01 5.74424293e-01 1.07045441e-01 2.04482109e-01
  9.24449892e-01 1.26671685e-01 5.59885514e-09 4.48882993e-02
  1.00000000e+00]
 [2.49442408e-10 7.21561698e-01 2.87595272e-10 2.28478348e-01
  6.25505004e-01 5.16203692e-10 3.38634516e-01 4.48882996e-02
  1.00000000e+00]]",[0.00646834 0.26448392 0.5086794  0.55206199],4,0.14823115178899246,0.8182537669824286,0.850777497866194,0.07699440001152223,0.14823115178899246
126,"[[-0.30138689 -0.71772182 -0.35759887  0.11939539 -0.3163828  -0.36509766
  -0.13104654  0.03400481  0.01360947]
 [ 0.11845032  0.45545458  0.4263723   0.5376623   0.25289881  0.25746561
   0.36766192  0.08555931 -0.18685428]
 [ 0.0726548  -0.3018589  -0.25228977  0.07584671  0.61190169  0.03153076
   0.07074942  0.46575997 -0.48666614]
 [ 0.14763813  0.50081428 -0.31598002  0.58946766 -0.40083664 -0.05228729
   0.19929989 -0.0267096  -0.27610635]]","['prob_main', 'random_fill', 'random_fill', 'random_fill']","[[2.64031974e-10 4.89583322e-02 2.41283694e-10 8.51497699e-01
  7.83234862e-02 6.57340144e-02 1.22031173e-07 8.10558296e-02
  1.00000000e+00]
 [9.99999999e-01 5.15826709e-01 6.28793286e-01 2.21711317e-01
  1.42136947e-01 7.47458818e-02 2.48583272e-01 4.14714863e-02
  1.00000000e+00]
 [3.38197379e-01 3.30260951e-01 2.42301176e-02 3.58992797e-01
  9.35981931e-01 2.45878586e-02 6.74971947e-09 7.50989904e-02
  1.00000000e+00]
 [9.99999976e-01 7.96844273e-01 3.44095961e-10 4.62391144e-01
  8.67476741e-02 1.74282315e-02 2.02723150e-04 5.36653573e-02
  1.00000000e+00]]",[0.03411264 0.70397117 0.06781104 0.5060915 ],4,0.16100785023001862,0.8348910472621988,0.8660939646374991,0.07642294107239311,0.16100785023001862
127,"[[ 0.13176217  0.57367491  0.0576141  -0.42514308  0.0904859   0.22020011
   0.3781435   0.41742275 -0.30912741]
 [ 0.16452225 -0.36420559  0.27308695  0.29345665 -0.49315415 -0.31585602
   0.30597745  0.38653204 -0.30593819]
 [ 0.23068919 -0.29596582 -0.07936384  0.56022262  0.33273545 -0.31995005
   0.19835204  0.44940208 -0.29095025]
 [ 0.13025453  0.03427254  0.034263    0.07759887  0.26929986  0.62419614
   0.4750935  -0.13136386 -0.51918213]]","['prob_main', 'random_fill', 'random_fill', 'random_fill']","[[9.99999968e-01 8.90675099e-01 5.80885083e-02 5.60270206e-02
  1.66149438e-01 3.38014605e-02 4.48901732e-01 6.29266349e-02
  1.00000000e+00]
 [1.00000000e+00 1.28384328e-01 4.82635370e-01 3.82878514e-01
  4.96620101e-02 2.95997270e-02 1.60581211e-01 3.15945472e-01
  1.00000000e+00]
 [9.99999999e-01 1.83686416e-01 4.19152114e-02 6.10883102e-01
  1.47868810e-01 1.44010674e-09 1.68644863e-07 5.23514808e-01
  1.00000000e+00]
 [9.99999999e-01 3.67547105e-01 5.48064324e-02 2.30280525e-01
  1.19433318e-01 8.63070817e-01 1.82659186e-02 4.07161922e-02
  1.00000000e+00]]",[0.53161348 0.19340244 0.50874789 0.21763475],4,0.1626222336371918,0.8364538509232285,0.8675268250071184,0.07593162204028009,0.1626222336371918
128,"[[ 0.06016994  0.43235178  0.37056936  0.36492209 -0.42266674 -0.20116084
   0.38683294  0.33662964 -0.23851549]
 [-0.18387242 -0.4921466   0.01704667 -0.40966201  0.24685785  0.25392371
   0.36462745 -0.40019947 -0.37059446]
 [-0.20164994 -0.19583045  0.43529346 -0.1323001   0.54212716  0.44278686
   0.43043832 -0.08838507 -0.17593433]
 [-0.17585811 -0.83347498  0.0797847  -0.08084359 -0.38270438 -0.17914566
  -0.15392428 -0.1862665  -0.15667929]]","['prob_main', 'random_fill', 'random_fill', 'random_fill']","[[1.18034900e-01 5.30532844e-01 4.41903464e-01 1.20107894e-01
  8.67947626e-02 6.98684115e-10 7.74058291e-01 4.50005280e-02
  1.00000000e+00]
 [1.28231701e-10 2.86189502e-01 1.47218199e-01 2.48444546e-01
  1.42801971e-01 1.59992904e-01 2.18138943e-01 5.60850785e-02
  3.44617397e-01]
 [3.44778476e-11 2.84718437e-01 8.24461056e-01 1.78898611e-01
  3.58745288e-01 2.81080622e-01 3.08811863e-02 4.06369504e-02
  1.00000000e+00]
 [1.02140398e-10 5.80700859e-02 7.32304477e-01 3.54293339e-01
  5.05951717e-02 9.42410403e-02 2.58110599e-08 8.62577540e-02
  8.27749325e-01]]",[ 0.4834439  -0.23485719  0.43216845 -0.2006196 ],4,0.16838296932789293,0.8317670677126562,0.8632266162623736,0.07554934803714461,0.16838296932789293
129,"[[-0.27492041 -0.16671485  0.39724268  0.00185862 -0.22157259  0.27493062
   0.34461736  0.51849263 -0.47596506]
 [-0.04681718  0.10438842  0.4667024   0.54121368  0.42078531 -0.15806426
   0.00754873  0.52031073 -0.05799134]
 [ 0.11892482 -0.10603397  0.32480744 -0.09059767  0.55132276  0.15002755
   0.55095195 -0.12144436 -0.46491294]
 [-0.00243507 -0.08225056 -0.0957692  -0.2862762  -0.46636873  0.02392283
   0.45693778 -0.45050001 -0.52181282]]","['prob_main', 'random_fill', 'random_fill', 'random_fill']","[[1.17766000e-09 2.69741134e-01 5.41170514e-01 2.24775037e-01
  8.03848919e-02 1.43006999e-01 1.58528749e-02 6.62982899e-01
  1.00000000e+00]
 [1.24247432e-11 2.62547085e-01 6.00618636e-01 3.76240787e-01
  1.53214734e-01 1.27593759e-03 1.02587601e-09 5.63411988e-01
  1.00000000e+00]
 [9.99999998e-01 4.05878172e-01 3.43740289e-01 1.05109999e-01
  2.02743839e-01 2.91099227e-03 6.15076784e-01 4.50205860e-02
  9.32936364e-01]
 [2.73024303e-01 4.20140715e-01 6.20020155e-02 2.32053452e-01
  6.92029362e-02 4.22631186e-02 4.85712996e-01 5.04476283e-02
  4.21661885e-01]]",[ 0.06517973  0.81077049  0.18990472 -0.15966856],4,0.14752926842012815,0.8562996608012119,0.8856260975177734,0.07496130226513495,0.14752926842012815
130,"[[ 0.05439597 -0.19466153 -0.07380585 -0.5505467   0.41651724  0.46827153
   0.50650549 -0.01139915  0.03400596]
 [ 0.13012806  0.31941609  0.43735545 -0.49060263  0.08284013  0.41672755
   0.44877332 -0.24995255 -0.06834624]
 [ 0.18876851  0.01227996 -0.37968404  0.52355581  0.46298889  0.13712165
   0.39991592  0.37655279 -0.10516268]
 [ 0.11511946 -0.21143678  0.47622425  0.58244816  0.0915495  -0.02674272
  -0.02592733  0.23288946 -0.55856996]]","['prob_main', 'random_fill', 'random_fill', 'random_fill']","[[2.75382781e-01 4.50672376e-01 6.69623296e-02 1.59469129e-01
  1.91916127e-01 1.87968635e-01 7.84977618e-01 5.01038329e-02
  1.00000000e+00]
 [1.00000000e+00 5.33481998e-01 5.68603579e-01 3.24460953e-02
  1.12909805e-01 2.61182210e-01 2.76207067e-01 3.50926986e-02
  1.00000000e+00]
 [1.00000000e+00 2.99297298e-01 2.79293440e-12 4.69710342e-01
  5.13156529e-01 4.22948627e-03 2.69185353e-01 4.92931056e-02
  1.00000000e+00]
 [3.33970570e-01 1.80424101e-01 4.30989261e-01 4.21129907e-01
  1.04722344e-01 4.37733790e-02 1.66894854e-07 5.95365411e-02
  3.66306667e-01]]",[0.43350075 0.69832643 0.69757946 0.26850629],4,0.1448939928736685,0.8557761336252682,0.8851510697659175,0.0749122916044196,0.1448939928736685
131,"[[ 0.24553742 -0.31150714  0.4898711   0.37932623 -0.07333326 -0.07713048
   0.59533043 -0.07458966 -0.29581039]
 [ 0.24454564 -0.08736756 -0.04195328  0.59899573 -0.39545889  0.31772254
   0.26214884  0.35912891 -0.34201965]
 [ 0.31426984 -0.22500605 -0.4586912   0.27268772 -0.36392532  0.40737896
  -0.19055874 -0.17769278 -0.44672579]
 [ 0.00965358  0.53501428  0.16018772  0.28973949  0.44057427  0.41261893
   0.10599823 -0.3311023  -0.34472167]]","['prob_main', 'random_fill', 'random_fill', 'random_fill']","[[1.00000000e+00 2.07888236e-01 6.95325610e-01 2.54722263e-01
  6.07174172e-02 6.81249305e-03 4.19193205e-01 4.50793622e-02
  1.00000000e+00]
 [1.00000000e+00 1.27690963e-01 3.15459366e-02 7.17093959e-01
  4.09604133e-02 2.78695250e-01 1.10017050e-04 4.73777405e-02
  8.58108384e-01]
 [9.99999999e-01 2.02211119e-01 4.25699252e-10 3.96090305e-01
  3.63544431e-02 3.21756676e-01 1.24582035e-07 5.56351239e-02
  4.78492458e-01]
 [3.41802629e-09 8.70589208e-01 4.96404758e-02 1.67504288e-01
  4.28174592e-01 4.69238559e-01 4.24944950e-07 2.44642215e-02
  1.00000000e+00]]",[0.56342908 0.45750559 0.27098577 0.55169969],4,0.14301721654929322,0.8369749077300217,0.8680043228876755,0.07532395197877127,0.14301721654929322
132,"[[ 0.18480921 -0.16699153  0.22160405 -0.51067223 -0.09145281  0.31117567
   0.41459313  0.406171   -0.43128719]
 [ 0.03701509 -0.2260879  -0.39513484 -0.67766571  0.35293392 -0.05223876
   0.26368218  0.30749085 -0.20194462]
 [-0.0672794   0.12253947  0.07123706  0.7388938  -0.18349806 -0.19914978
   0.39593536  0.43392724 -0.10501885]
 [ 0.45086975 -0.10743777  0.02565286  0.02300002 -0.3203072   0.40877391
   0.10753746  0.53099389 -0.46986689]]","['prob_main', 'random_fill', 'random_fill', 'random_fill']","[[1.00000000e+00 3.43428754e-01 3.34540802e-01 9.89198808e-02
  5.38716848e-02 1.51058857e-01 3.19540167e-01 6.05614064e-02
  6.32892564e-01]
 [3.96469474e-01 4.52717919e-01 3.72879569e-12 1.43363206e-01
  7.21259156e-01 3.66624150e-02 2.05803087e-01 9.67265732e-02
  1.00000000e+00]
 [6.14509280e-11 2.53004416e-01 4.56918222e-02 7.21332065e-01
  8.17056635e-02 3.45578937e-04 2.78384608e-01 3.40031095e-01
  1.00000000e+00]
 [9.99999998e-01 2.71777102e-01 6.12559645e-02 2.61906637e-01
  5.70997416e-02 1.84430487e-01 2.05518742e-03 7.68299377e-01
  1.00000000e+00]]",[ 0.07727759 -0.05012488  0.70493633  0.42468317],4,0.1507320051750755,0.8432324669367515,0.8737294203606539,0.0746732302967202,0.1507320051750755
133,"[[ 0.03211587  0.06248612  0.37754387 -0.13168178  0.56542705 -0.34577896
  -0.11796678 -0.52831151 -0.32075621]
 [ 0.02406731  0.0662461  -0.23772728  0.54830311  0.25096174  0.43183421
   0.39989025  0.32066435 -0.35451549]
 [ 0.01409435 -0.54592704  0.54727931  0.08811476  0.12502876  0.03601016
  -0.12264948  0.3644258  -0.4792788 ]
 [ 0.02186641  0.71576747  0.15267459  0.4010726   0.12932376 -0.30471484
   0.26387951 -0.03680092 -0.34995365]]","['prob_main', 'random_fill', 'random_fill', 'random_fill']","[[2.64470957e-01 5.17958471e-01 3.27436817e-01 1.58327921e-01
  8.69920570e-01 4.22948626e-03 1.38570866e-03 5.11915423e-02
  1.00000000e+00]
 [1.01811372e-01 2.31172025e-01 8.72317206e-11 5.93447280e-01
  1.14367971e-01 6.54902114e-01 1.29445306e-01 3.53219967e-02
  1.00000000e+00]
 [2.42208464e-01 1.35339774e-01 9.54411867e-01 3.16913116e-01
  1.10678189e-01 1.12739985e-02 3.10466644e-08 6.84763219e-02
  7.80268560e-01]
 [3.46301902e-09 9.99999999e-01 3.34780521e-02 1.91750763e-01
  1.91481910e-01 1.57106976e-10 2.02086949e-02 5.41688858e-02
  5.97628948e-01]]",[0.28608119 0.36323962 0.14501501 0.61674461],4,0.14100663852130335,0.8494993669711851,0.8794451778766983,0.07494971458117158,0.14100663852130335
134,"[[ 0.13850239 -0.41248126 -0.02156134 -0.62003179 -0.36186008 -0.49622768
   0.14691044  0.10017249 -0.13026951]
 [ 0.06010404 -0.46466974  0.29251124  0.20026081 -0.64449025 -0.08769838
   0.29893183  0.05870296 -0.37274302]
 [ 0.077437    0.26010734  0.49815473  0.17733267  0.55001705 -0.08694993
  -0.08209231  0.54427897  0.18353441]
 [ 0.10138844  0.02715362 -0.06471927  0.81374796 -0.01999085  0.03893779
   0.38475448  0.39798069 -0.11945009]]","['prob_main', 'random_fill', 'random_fill', 'random_fill']","[[1.00000000e+00 2.60773120e-01 2.91991654e-01 9.49856496e-02
  1.84439238e-02 8.04407754e-02 5.71307774e-01 1.00307906e-01
  9.99999998e-01]
 [3.33648494e-01 1.30255220e-01 6.65832275e-01 3.32743665e-01
  4.55998437e-02 4.86211439e-02 1.62334793e-01 5.97201015e-02
  6.74226230e-01]
 [2.75493161e-01 5.32187242e-01 3.55884740e-01 1.57200511e-01
  3.02937276e-01 1.28207970e-11 1.46968973e-09 6.91831611e-01
  1.00000000e+00]
 [2.28403038e-01 1.96790944e-01 2.09331538e-09 8.69276673e-01
  8.43767256e-02 1.59571245e-03 2.87206911e-01 5.06010345e-02
  1.00000000e+00]]",[-0.11713289 -0.01200609  1.0916261   0.74544079],4,0.13557593301180615,0.8562996608012119,0.8856260975177734,0.07388500787707815,0.13557593301180615
135,"[[ 0.12413095 -0.60886047  0.25892394  0.31643641  0.39084472  0.27345028
   0.40376524 -0.23348167  0.04039946]
 [ 0.05363792 -0.41697362 -0.54486722  0.47083037 -0.28619555  0.04687823
  -0.0052871  -0.45961961 -0.09649269]
 [-0.09025192  0.08315733 -0.2498538  -0.63728744  0.36690145  0.40636683
  -0.105332   -0.2699407  -0.36423035]
 [-0.12352568 -0.20037462  0.49400203 -0.14301386  0.46925212 -0.31671431
   0.19014961 -0.4115648  -0.39249519]]","['prob_main', 'random_fill', 'random_fill', 'random_fill']","[[1.00000000e+00 1.16546407e-01 4.43870839e-01 4.21403005e-01
  2.03673533e-01 1.47615503e-01 2.06403434e-01 4.33884431e-02
  1.00000000e+00]
 [2.39434414e-01 1.04008594e-01 8.39723118e-11 9.53696762e-01
  6.50645751e-02 7.72757929e-02 1.04028516e-07 4.48883028e-02
  1.00000000e+00]
 [8.44532544e-11 6.44792733e-01 6.55029534e-11 1.09626665e-01
  3.39370317e-01 4.27059822e-01 9.22916056e-09 4.49728284e-02
  6.68554494e-01]
 [4.09890394e-10 2.54952171e-01 9.54411869e-01 2.31256796e-01
  2.16266364e-01 3.14164003e-03 1.57021097e-02 5.46264432e-02
  8.22023551e-01]]",[0.5350243  0.28638045 0.02616612 0.14567412],4,0.17428750676438387,0.8741455542715235,0.9017310770476066,0.07364721475371368,0.17428750676438387
136,"[[-0.15925463 -0.72660294  0.06351424 -0.3766795   0.22602893 -0.40123745
   0.05040807  0.19452947 -0.21977572]
 [-0.08178995 -0.51103574  0.25422134 -0.19381849 -0.2797944   0.13175308
   0.08541915  0.50340048 -0.52307411]
 [ 0.01080577 -0.54863787 -0.25465519 -0.51242333  0.17152438  0.22256315
   0.41574501 -0.0871619  -0.33474874]
 [-0.08196692  0.28221745  0.1767167  -0.07890307  0.4139823   0.51963638
  -0.30504203  0.42714874 -0.39908678]]","['prob_main', 'random_fill', 'random_fill', 'random_fill']","[[2.23090163e-09 2.02417426e-01 5.89936080e-01 2.20786735e-01
  1.38770904e-01 4.37399381e-02 1.21092576e-02 1.04219676e-01
  5.28701888e-01]
 [1.00715390e-01 2.36408500e-01 3.13699781e-01 2.47461461e-01
  5.13403060e-02 1.26078260e-01 7.09791277e-03 9.28556236e-02
  2.49271943e-01]
 [2.75382781e-01 3.02296218e-01 2.42301181e-02 2.17033114e-01
  1.04621418e-01 1.07276098e-01 8.10441439e-01 6.73053174e-02
  9.54097236e-01]
 [3.60796161e-10 6.60316905e-01 9.23827274e-02 1.39358805e-01
  2.02251526e-01 8.41202313e-01 3.10873117e-08 6.15950859e-02
  9.99999999e-01]]",[-0.27426909 -0.1780555  -0.22675008  0.33975404],4,0.15932667756310087,0.8673111626962344,0.8955842511073977,0.07388257896489148,0.15932667756310087
137,"[[ 0.14917174  0.22650029  0.365464   -0.50599586 -0.19939318  0.32617422
  -0.06244103 -0.41610777 -0.46223136]
 [-0.07374061  0.07938948  0.02103175 -0.67791621  0.41937904  0.3499905
  -0.17821096  0.44510018  0.00121188]
 [-0.00389081  0.09527716 -0.01682224 -0.3491275  -0.51237575  0.53391098
   0.39382798 -0.39734947  0.09031721]
 [-0.16627585  0.18985675  0.34436141  0.39999562 -0.0451165  -0.17795505
  -0.3380653  -0.57255327 -0.42651682]]","['prob_main', 'random_fill', 'random_fill', 'random_fill']","[[9.99999998e-01 4.85585924e-01 3.86696056e-01 6.82465444e-02
  1.08685228e-01 1.92951869e-01 2.34300431e-07 4.52633145e-02
  4.44666570e-01]
 [1.20640809e-11 6.22035685e-01 2.49217559e-01 5.40497404e-02
  3.39490497e-01 1.94720355e-01 9.84123847e-10 5.34906454e-01
  1.00000000e+00]
 [1.74064693e-01 4.59097009e-01 1.21010535e-01 1.81555061e-01
  8.28840682e-02 9.42326410e-01 4.74012676e-02 4.16080496e-02
  1.00000000e+00]
 [7.25773402e-10 4.18493014e-01 1.65379215e-01 3.60355077e-01
  1.23303526e-01 3.74120986e-02 9.43514640e-08 4.56825129e-02
  9.84458945e-02]]",[0.18283969 0.46780769 0.53074553 0.20017916],4,0.13869700099100665,0.856823260891967,0.886101052362801,0.07410926374289288,0.13869700099100665
138,"[[-0.24043338 -0.3655786   0.53456905  0.14818236  0.20089935  0.29310668
   0.25416624 -0.2718288  -0.48585855]
 [-0.07220508 -0.13791894  0.13289727 -0.59217239 -0.53590912 -0.44432918
  -0.12199399 -0.20549945 -0.25631113]
 [-0.00971793 -0.72156089  0.15638201  0.25650133 -0.17325842  0.02068542
  -0.04732213 -0.58250495 -0.13042014]
 [-0.12623368 -0.4100162  -0.21573412 -0.32401566 -0.36933911 -0.71943542
  -0.01855124  0.09892153  0.01720713]]","['prob_main', 'random_fill', 'random_fill', 'random_fill']","[[3.59069585e-10 1.57209417e-01 9.54411806e-01 3.18287004e-01
  1.19801209e-01 1.32615676e-01 6.45433374e-03 4.52589581e-02
  8.18279688e-01]
 [2.40279244e-02 4.36696680e-01 3.62763195e-01 1.07844964e-01
  1.03133561e-01 4.79308663e-02 7.04320352e-03 9.56896558e-02
  2.54474377e-01]
 [1.76898664e-01 4.73763198e-02 5.95463213e-01 6.55370465e-01
  8.06702860e-02 6.15282015e-02 1.64097876e-07 4.48882997e-02
  9.99999999e-01]
 [4.38466555e-10 2.40180123e-01 5.25284115e-02 3.10929116e-01
  4.16024471e-02 8.54375910e-02 1.11058062e-02 8.24684556e-01
  1.00000000e+00]]",[ 0.15459926 -0.23993157  0.05604726 -0.18880789],4,0.1575583105697383,0.8657359854808286,0.8941637630010594,0.07376874012268878,0.1575583105697383
139,"[[ 0.14895155  0.4312811   0.36584128  0.61414319  0.22487011  0.28147866
  -0.19917805  0.32605671  0.07082853]
 [ 0.13597547 -0.19502281 -0.09214967 -0.8026126  -0.27809247 -0.0216372
  -0.26665719 -0.34533665  0.1504366 ]
 [ 0.47145029 -0.60936446 -0.01545874 -0.26408079 -0.33467125 -0.4588642
  -0.04242575 -0.03854866 -0.10288246]
 [-0.2422389  -0.23280766  0.45094853  0.01460713 -0.60030248  0.55156936
   0.02478894 -0.03486054 -0.13088693]]","['prob_main', 'random_fill', 'random_fill', 'random_fill']","[[9.99999998e-01 5.18530973e-01 3.19300058e-01 3.99838754e-01
  1.47474368e-01 1.72590312e-01 3.84563154e-08 2.41987928e-01
  1.00000000e+00]
 [1.00000000e+00 2.94455458e-01 3.71614938e-01 2.96457553e-10
  2.32704060e-02 3.64150639e-01 5.27603663e-08 8.60269742e-02
  1.00000000e+00]
 [1.00000000e+00 7.59157967e-02 4.90535598e-01 2.71695105e-01
  3.11265032e-02 8.72473467e-02 1.54028998e-07 1.06165652e-01
  7.76204387e-01]
 [1.12695675e-09 2.20215595e-01 7.98114493e-01 2.18448242e-01
  5.14356165e-02 5.71677859e-01 2.07380413e-07 3.13664658e-02
  9.99999998e-01]]",[0.96642892 0.15068354 0.21145518 0.46429427],4,0.1579679236460032,0.8730931730034257,0.9007863478027148,0.07300989558789298,0.1579679236460032
140,"[[-0.04700061 -0.51876959 -0.48152819 -0.5464034  -0.35406951 -0.05248837
  -0.20458994  0.13082171 -0.10560007]
 [-0.15225135 -0.62595484  0.28456478 -0.36207649 -0.3317876   0.27777167
   0.07839126 -0.1324852  -0.40247476]
 [ 0.08630641  0.02319933  0.29654797  0.24498801 -0.33045624  0.5464884
   0.02171632  0.27920562 -0.59814287]
 [-0.18857361 -0.4957569   0.14202238  0.1604158  -0.36108834 -0.55006654
   0.19519995 -0.36522584 -0.26136292]]","['prob_main', 'random_fill', 'random_fill', 'random_fill']","[[2.75382781e-01 1.77614459e-01 1.45687828e-11 2.76701211e-01
  1.93982989e-02 2.14974453e-01 6.13616027e-09 6.28499265e-01
  1.00000000e+00]
 [1.24423426e-09 2.09123529e-01 6.58042055e-01 2.02929191e-01
  6.32491306e-02 2.38298155e-01 3.11568097e-07 5.66737037e-02
  5.64186448e-01]
 [3.31891979e-01 3.08139242e-01 1.29007932e-01 3.11285382e-01
  7.22965613e-02 2.05576424e-01 4.91958193e-07 5.32552314e-02
  1.36247137e-01]
 [1.01610177e-11 1.39893471e-01 4.01722119e-01 5.03493000e-01
  5.92016647e-02 1.91400418e-02 1.93761800e-01 5.35528402e-02
  6.35361429e-01]]",[-0.29780535 -0.20649419  0.17213945 -0.11123322],4,0.14375618346022895,0.8831053805615025,0.9097466922376344,0.07297006749468399,0.14375618346022895
141,"[[-0.16275779 -0.71625253  0.18168524  0.38971202  0.16260954  0.27960328
   0.12700129 -0.20438617 -0.33628015]
 [ 0.18288207  0.21910832  0.488369   -0.41866297  0.52292622 -0.05498716
   0.36884313  0.16629487 -0.25414184]
 [-0.07677377  0.42838703 -0.02857508  0.45580674 -0.60744716 -0.32375922
   0.14924792  0.18896288 -0.2649906 ]
 [ 0.02825905  0.4651426  -0.02920782  0.67001843 -0.2359163   0.29689997
  -0.1479811   0.27984823 -0.29840655]]","['prob_main', 'random_fill', 'random_fill', 'random_fill']","[[3.72798982e-10 1.26308087e-01 1.26598067e-01 6.31543164e-01
  8.43217044e-02 2.34440082e-01 1.13613642e-07 4.81021122e-02
  5.23175823e-01]
 [1.00000000e+00 4.81998013e-01 6.50974329e-01 6.58064485e-02
  4.11343665e-01 7.94527900e-03 1.01178266e-01 6.63350954e-02
  1.00000000e+00]
 [6.89998193e-11 7.69293363e-01 2.58402368e-02 4.02224112e-01
  8.85314015e-02 1.04951476e-03 5.83147211e-08 6.74640611e-02
  5.82722016e-01]
 [7.52072862e-03 4.20304724e-01 8.09903077e-10 7.97754284e-01
  9.87177267e-02 3.12064726e-01 1.76425247e-07 3.01107339e-02
  1.00000000e+00]]",[0.07214917 0.58773056 0.31636779 0.50960698],4,0.14108922995685674,0.8868027263566443,0.9130392353574116,0.07315459561317161,0.14108922995685674
142,"[[-0.33204925 -0.80736062 -0.04691156 -0.13694302  0.23564518 -0.0952859
   0.3004984   0.09866898 -0.22872502]
 [-0.27299609 -0.35084336  0.07808333 -0.60281075 -0.37570877  0.05228104
   0.07544431 -0.5085945   0.15701483]
 [ 0.15292236 -0.43796393 -0.0818902   0.04165628 -0.38917734 -0.4207316
   0.46820904  0.43542936 -0.19765774]
 [-0.00189371 -0.04703344  0.05791681 -0.54690439  0.55989354 -0.3524244
  -0.07951377  0.3609604  -0.34788922]]","['prob_main', 'random_fill', 'random_fill', 'random_fill']","[[1.76950050e-10 1.90511717e-01 6.08895289e-02 3.41903305e-01
  6.86390777e-02 7.86212811e-02 6.50317885e-01 8.72603538e-02
  8.52000025e-01]
 [1.74606109e-10 2.70255386e-01 7.48452672e-01 8.13322221e-02
  4.49888109e-02 3.57515066e-01 1.22993612e-01 5.55022043e-02
  1.00000000e+00]
 [1.00000000e+00 2.55785665e-01 4.67718129e-02 3.07382059e-01
  3.27534226e-02 4.66177892e-02 6.32214394e-01 2.32994019e-01
  1.00000000e+00]
 [1.95854534e-01 5.42835759e-01 1.18553827e-01 1.64245163e-01
  9.55442891e-01 8.43950218e-04 1.60602729e-08 8.60250054e-02
  1.00000000e+00]]",[-0.18565073  0.05445088  0.21731443  0.10894882],4,0.14326691452495408,0.8636368679502184,0.8922686602411698,0.07323997523551298,0.14326691452495408
143,"[[-0.0855664  -0.17030109  0.09277796  0.48929585  0.51998066 -0.42272523
  -0.21880477  0.44346919 -0.14846143]
 [ 0.04603158 -0.15215232  0.234147   -0.32423344  0.06050808  0.59163037
  -0.09005326 -0.35032796 -0.57467524]
 [-0.08000008 -0.27589092 -0.33513432 -0.02098974 -0.48300686  0.44032833
   0.07229406  0.40583997 -0.45564397]
 [ 0.37742187  0.63336328  0.2165734   0.25437484  0.19075363  0.26393299
   0.03004092  0.22595297 -0.43219015]]","['prob_main', 'random_fill', 'random_fill', 'random_fill']","[[3.46909571e-11 2.36524699e-01 5.63962236e-02 6.09929033e-01
  7.35327687e-01 6.48873425e-11 2.58506187e-09 7.50795044e-02
  1.00000000e+00]
 [2.55504609e-01 3.73753597e-01 3.59953793e-01 1.37675422e-01
  8.65724442e-02 3.14025109e-01 8.81775351e-08 4.67549919e-02
  3.40152954e-01]
 [5.20437370e-09 2.58117873e-01 4.04756707e-04 3.49221902e-01
  4.23497210e-02 2.70088117e-01 3.31193864e-07 7.84382620e-02
  2.65717439e-01]
 [1.00000000e+00 8.16099079e-01 5.13539202e-02 1.69053605e-01
  1.90847165e-01 6.72355774e-02 7.28162053e-08 4.84221823e-02
  5.06825701e-01]]",[ 0.53057785 -0.02629501 -0.06944501  0.79448047],4,0.14008053257061903,0.8788856677298644,0.9059779615230579,0.07274036975982211,0.14008053257061903
144,"[[ 8.05655766e-02  2.13459761e-01 -9.73240040e-02  5.63345969e-01
   2.96359469e-01  4.69947369e-02  4.63795494e-02  5.56430655e-01
  -4.68305348e-01]
 [-7.67224932e-02  4.85895408e-02 -1.33962583e-01  1.04829751e-01
   6.13060707e-01  4.15948874e-02 -8.34726617e-02 -5.49166054e-01
  -5.26016026e-01]
 [-1.28278193e-01  3.31752302e-01  1.46453940e-01 -2.81860289e-01
  -6.02504104e-01  3.48731060e-01  4.69023929e-02 -4.56780556e-01
  -2.77701778e-01]
 [ 1.05313922e-01 -6.57733586e-01  2.72877161e-01  4.32765381e-01
   1.28195324e-01  4.34257674e-01 -2.02080166e-04 -7.67579219e-02
  -2.89209440e-01]]","['prob_main', 'random_fill', 'random_fill', 'random_fill']","[[2.75382781e-01 4.19692705e-01 4.06277146e-03 3.98127273e-01
  1.46925022e-01 7.96774868e-03 1.96232930e-08 9.30235928e-01
  1.00000000e+00]
 [1.84968068e-10 4.70029353e-01 3.62482960e-02 3.08492393e-01
  2.83112146e-01 5.34705501e-02 1.81277865e-08 4.83234336e-02
  1.39378059e-01]
 [4.72821973e-10 6.86041046e-01 3.38471171e-01 5.05138643e-02
  6.81886604e-02 6.63473968e-01 1.63929410e-07 2.65030482e-02
  1.00000000e+00]
 [9.99999981e-01 9.72727979e-02 2.44864700e-01 4.96182010e-01
  5.75402700e-02 5.54739869e-01 1.55272762e-07 3.42926696e-02
  1.00000000e+00]]",[0.42888537 0.12625813 0.16341047 0.27931748],4,0.14122490910650842,0.8862742339383465,0.9125691721667852,0.07258724712767808,0.14122490910650842
145,"[[-0.10159131 -0.44198092  0.06276749  0.06834777  0.46946161  0.27966024
   0.43384715  0.33934761 -0.42864519]
 [ 0.02025341  0.28187483  0.28811588 -0.1318267  -0.69137574  0.06901843
   0.0657457  -0.48371828 -0.31412977]
 [ 0.06051582  0.2137992  -0.20036596 -0.58040869 -0.55155277  0.17818816
  -0.25352579  0.18205538  0.37446764]
 [ 0.16785379 -0.42681462  0.18096406 -0.70845209  0.2908759  -0.17049519
   0.20981955  0.1572736   0.26937967]]","['prob_main', 'random_fill', 'random_fill', 'random_fill']","[[2.52843046e-10 2.55297480e-01 7.94849195e-02 3.65484771e-01
  1.39196321e-01 1.13092510e-01 1.54160558e-01 6.41962548e-02
  2.38016015e-01]
 [2.42208465e-01 5.43894952e-01 4.00265779e-01 9.19923245e-02
  9.68460977e-02 1.27012036e-01 1.26812676e-02 4.49535239e-02
  3.22148799e-01]
 [1.00000000e+00 7.53102737e-01 1.18594851e-11 2.04777895e-02
  4.68208934e-02 3.78986040e-01 2.15151075e-09 9.36356556e-02
  1.00000000e+00]
 [1.00000000e+00 2.58698822e-01 7.93715353e-01 7.96585346e-02
  1.76808906e-01 1.95714650e-02 1.78122035e-01 9.18509132e-02
  1.00000000e+00]]",[0.00074987 0.08111323 0.64286425 0.51392853],4,0.14279512014204615,0.8799400293622253,0.9069207106901491,0.07263385597848625,0.14279512014204615
146,"[[-0.36701054 -0.01692592  0.18847138 -0.03783535  0.09966922 -0.20276797
   0.3997148   0.53982405 -0.57081789]
 [ 0.36586143  0.44853722  0.4745705   0.16625964  0.07474227 -0.24096357
  -0.2361488  -0.00893754 -0.54092916]
 [ 0.15209064 -0.28688594 -0.27235463  0.01996336  0.18685028 -0.11592321
  -0.32054695  0.80582427 -0.13976768]
 [ 0.14996765 -0.62358107  0.18364197 -0.15521241 -0.30357649 -0.03217012
   0.38160344  0.34243284 -0.4180503 ]]","['prob_main', 'random_fill', 'random_fill', 'random_fill']","[[4.61780882e-12 4.84570486e-01 1.10318260e-01 2.58344294e-01
  1.24902354e-01 2.46164985e-02 2.95490157e-02 7.42380638e-02
  4.03104213e-02]
 [9.99999999e-01 5.38850440e-01 3.18192884e-01 1.48631525e-01
  1.53226318e-01 3.45493326e-04 2.53653601e-07 6.17453193e-02
  3.31011722e-01]
 [9.38965569e-01 3.21274293e-01 3.27574138e-02 3.00927624e-01
  1.04040771e-01 4.39767162e-02 3.64553544e-09 8.56913796e-01
  1.00000000e+00]
 [9.99999999e-01 1.59676914e-01 2.85056247e-01 2.48063241e-01
  1.53303553e-02 9.97718340e-02 1.95283597e-01 9.47316554e-02
  5.97817632e-01]]",[ 0.03914973  0.61503572  0.61282106 -0.08657937],4,0.13227593597462672,0.8846893609490565,0.9111583784300715,0.07209290565216978,0.13227593597462672
147,"[[ 0.26648097  0.4471393  -0.14040741  0.59791965  0.41311156  0.340882
   0.18780549 -0.11925399 -0.12441094]
 [ 0.03978814 -0.25435837  0.34961006 -0.04360512  0.56350632  0.41762693
   0.49919588  0.02017631 -0.26083498]
 [ 0.33748682  0.58651399 -0.15163979 -0.41053363 -0.06700128 -0.28016999
  -0.27326218 -0.34871441 -0.2670452 ]
 [ 0.09611576 -0.26710268 -0.47546174  0.3865432   0.38422437 -0.08147246
   0.0314437  -0.56080389 -0.27236477]]","['prob_main', 'random_fill', 'random_fill', 'random_fill']","[[1.00000000e+00 6.43029424e-01 3.48853704e-11 3.46185510e-01
  4.55390285e-01 3.00549390e-01 5.17630586e-08 2.37931006e-02
  1.00000000e+00]
 [2.55554357e-01 2.74401589e-01 5.39579791e-01 1.89442683e-01
  5.23173324e-01 1.76122655e-01 1.81188197e-01 4.61820563e-02
  1.00000000e+00]
 [1.00000000e+00 9.99999999e-01 6.35965778e-10 6.48946806e-02
  2.28768500e-01 2.10173394e-03 4.00311077e-08 5.85067518e-02
  8.21792261e-01]
 [9.99999994e-01 1.87219165e-01 3.15746604e-11 6.21343225e-01
  5.19883749e-01 4.69431669e-02 3.11602787e-08 4.48882994e-02
  1.00000000e+00]]",[0.92432633 0.31966379 0.6415849  0.18467415],4,0.14364939543913913,0.8989876444914305,0.9238211015748602,0.07213520778301054,0.14364939543913913
148,"[[ 0.07767286 -0.61578596 -0.18597542  0.04678344  0.11504103  0.42939323
  -0.14564847  0.41499898 -0.43237532]
 [-0.32914511 -0.29585832  0.2899813  -0.32919495  0.58690385 -0.10456329
   0.44148273  0.24617184  0.02785135]
 [ 0.23285359  0.35109757  0.00281138  0.48604406 -0.57711001 -0.13238507
   0.303289    0.28458874 -0.25041213]
 [-0.03753524 -0.03042413  0.30707761 -0.075529   -0.53683176 -0.39898685
   0.29462905  0.60288972  0.00174921]]","['prob_main', 'random_fill', 'random_fill', 'random_fill']","[[4.59284069e-01 1.41034533e-01 4.08223425e-02 4.18476023e-01
  5.67305577e-02 2.72119744e-01 3.30085240e-08 7.21171609e-02
  3.46999020e-01]
 [2.30691905e-10 4.26831752e-01 3.23808260e-01 1.42289483e-01
  6.58081720e-01 1.70640859e-02 2.97111992e-01 6.76304713e-02
  1.00000000e+00]
 [1.00000000e+00 3.76218419e-01 1.61011924e-03 5.38441123e-01
  5.30091907e-02 4.98383822e-04 4.21663799e-01 1.25734063e-01
  1.00000000e+00]
 [1.17307119e-01 3.83392412e-01 2.88073588e-01 2.26305818e-01
  9.63414024e-02 3.68458974e-02 2.43631653e-02 8.85279623e-01
  1.00000000e+00]]",[-0.03591993  0.48089194  0.50925184  0.5315339 ],4,0.14364420486758556,0.8952729421950439,0.9205459117957067,0.0717282627591398,0.14364420486758556
149,"[[-1.14322915e-01 -4.03990125e-01  2.00413398e-02 -8.88120270e-01
  -4.25089546e-02 -1.20810067e-01  3.50734151e-02  8.46004546e-02
   9.88610908e-02]
 [-1.77992057e-01 -6.11994913e-01  2.22941766e-01  1.25068098e-01
   2.59947251e-01  1.79426693e-01  4.43051453e-01  4.82052444e-01
   5.77398126e-04]
 [ 9.17076738e-02 -2.34508098e-01  1.81883294e-01 -4.59367789e-01
  -1.84390720e-01 -5.73499073e-01 -3.53609786e-01  3.62121676e-01
  -2.70965392e-01]
 [ 1.08503035e-01 -4.68508200e-01  3.22066976e-01  5.86660082e-01
  -3.10060786e-01  3.83525842e-02  8.32667467e-02  3.31775447e-01
  -3.25903451e-01]]","['prob_main', 'random_fill', 'random_fill', 'random_fill']","[[4.30647208e-10 3.35607527e-01 7.52496042e-01 1.75150646e-02
  1.34803076e-01 1.36615293e-01 1.58389042e-02 1.17418449e-01
  1.00000000e+00]
 [3.21317528e-10 1.93813609e-01 1.62235938e-01 4.01578449e-01
  1.04210384e-01 8.46115365e-02 1.54023956e-01 7.12944079e-01
  1.00000000e+00]
 [1.00000000e+00 3.31840000e-01 4.67317570e-01 1.14709366e-01
  9.38640513e-02 3.44726828e-02 1.78210531e-08 6.16608435e-01
  1.00000000e+00]
 [9.99999994e-01 8.58658487e-02 4.25473738e-01 6.55054929e-01
  5.81346682e-02 4.82405142e-02 8.90034406e-08 7.43949884e-02
  9.96722067e-01]]",[-0.04894115  0.42254602 -0.03856385  0.27327194],4,0.13438238407294384,0.89209336743559,0.9177341513598986,0.07172155506779014,0.13438238407294384
150,"[[-0.21404857  0.69739234  0.20227038  0.10673099  0.34805614  0.24207604
   0.15735169  0.38290338 -0.25377923]
 [-0.25411183  0.34257634 -0.29117682  0.05153104 -0.71589799 -0.04893155
   0.14182932 -0.30245918  0.32268855]
 [ 0.06338379 -0.58438373  0.10412779 -0.68167058 -0.06562634  0.0519217
   0.090403    0.39349359 -0.09459491]
 [ 0.11314506  0.47351087 -0.11716715 -0.58548096  0.36041629 -0.39582247
   0.21410911  0.17995726  0.20412473]]","['prob_main', 'random_fill', 'random_fill', 'random_fill']","[[2.75959172e-11 1.00000000e+00 7.53267408e-02 1.15012420e-01
  2.52410788e-01 6.93157031e-02 4.16473912e-03 4.31409879e-01
  1.00000000e+00]
 [5.00570750e-10 9.94734653e-01 3.22253142e-10 1.88676381e-01
  6.40731999e-02 2.87430211e-02 3.26614392e-01 4.84103844e-02
  1.00000000e+00]
 [9.99999999e-01 2.16063239e-01 3.29809941e-01 1.38222574e-01
  5.10910943e-02 1.41638240e-01 3.61581190e-03 6.04595986e-01
  1.00000000e+00]
 [1.00000000e+00 9.82316771e-01 2.88482300e-03 2.94779311e-02
  3.56685400e-01 2.94530269e-11 3.27303907e-02 9.11634570e-02
  1.00000000e+00]]",[0.74160129 0.65758881 0.02487786 0.91677931],4,0.13958259112233018,0.9032402460096588,0.9275569496478867,0.0711011316719258,0.13958259112233018
151,"[[-0.01102351  0.2555968   0.41460776  0.0996841  -0.04216809  0.5888801
  -0.14984225  0.56401092  0.25217712]
 [ 0.03508734  0.55366736 -0.02643319  0.05208011 -0.62415549  0.40296178
   0.02916826  0.28483706 -0.23426284]
 [ 0.00394185  0.46804159  0.41880128 -0.32064318 -0.61936797 -0.01871041
   0.21649181  0.26666657 -0.02772106]
 [ 0.0900834  -0.17460203  0.37732949  0.03432106  0.64589434  0.42338775
  -0.17508165  0.43674082 -0.00328721]]","['prob_main', 'random_fill', 'random_fill', 'random_fill']","[[7.75243285e-10 4.60627148e-01 3.96411194e-01 1.22412674e-01
  9.97541694e-02 3.34009298e-01 2.57149708e-08 6.14441708e-01
  1.00000000e+00]
 [1.37408494e-01 9.00965851e-01 1.66930546e-02 1.31324191e-01
  7.27542115e-02 5.58838457e-01 1.31059051e-07 5.50484620e-02
  9.99999983e-01]
 [1.51914401e-03 7.30719227e-01 7.68804907e-01 5.25325472e-02
  9.30098603e-02 6.33485900e-02 5.54911072e-02 6.88558569e-02
  1.00000000e+00]
 [3.33970570e-01 3.17754042e-01 3.88901373e-01 1.86678624e-01
  7.56584745e-01 1.79845124e-01 1.02699500e-08 5.30119479e-02
  1.00000000e+00]]",[1.08550652 0.47125241 0.59100651 0.71243897],4,0.13751873495080957,0.8984566196747441,0.9233535703093357,0.07076888343202052,0.13751873495080957
152,"[[ 0.02964461  0.06622083  0.41341696  0.04225087 -0.7724498  -0.26426689
  -0.24998747  0.20272684 -0.22788086]
 [ 0.04560388  0.14094192  0.17347452 -0.47522144 -0.63006304 -0.2943544
  -0.28102208 -0.39886874 -0.0208137 ]
 [-0.19759397  0.06689895  0.02733051 -0.57114259 -0.52454867  0.30575911
   0.17986879  0.42119834 -0.22611847]
 [ 0.07076328  0.34909383  0.26153179  0.30806336 -0.00264349  0.46646063
   0.43276933  0.32730801 -0.44476039]]","['prob_main', 'random_fill', 'random_fill', 'random_fill']","[[3.31996652e-01 2.11016241e-01 9.99999999e-01 2.76053921e-01
  7.58413769e-02 2.85136770e-03 1.17393539e-08 7.53539164e-02
  8.59827561e-01]
 [9.99999999e-01 5.77051540e-01 7.33546497e-01 4.78864657e-02
  8.38428123e-02 2.62053585e-02 8.65454332e-09 4.74669561e-02
  1.00000000e+00]
 [9.19349547e-11 4.83366195e-01 2.76045490e-01 9.68527382e-02
  9.70114573e-02 1.72246401e-01 2.18614868e-02 7.80320015e-01
  1.00000000e+00]
 [2.42208465e-01 5.03255964e-01 1.03612693e-01 2.29911700e-01
  1.21339174e-01 1.55394515e-01 5.19948572e-02 4.82187903e-02
  1.15502901e-01]]",[0.2088969  0.13114288 0.09282633 0.34982613],4,0.1380972692862396,0.9005814432076258,0.9252229712563947,0.07113988021182281,0.1380972692862396
153,"[[-0.30676248  0.43696775  0.45179221 -0.10182202  0.28262714  0.20260375
   0.32847357  0.37300218 -0.36403318]
 [ 0.12285038  0.01215936  0.08877837 -0.49871431  0.51016996  0.4270442
   0.08951627  0.36338382 -0.38139385]
 [ 0.06103791 -0.09436604  0.37412528  0.57111105  0.40541556  0.26350446
   0.26125286 -0.32482955 -0.33714713]
 [ 0.1115721   0.20948651  0.25078642 -0.2199658  -0.26312357  0.54802133
   0.5423901  -0.38499161  0.14290323]]","['prob_main', 'random_fill', 'random_fill', 'random_fill']","[[7.17249523e-11 6.92284162e-01 5.20694505e-01 6.27369557e-02
  1.68359948e-01 1.16752815e-01 1.06680707e-01 5.49948763e-02
  6.05489515e-01]
 [1.00000000e+00 4.86249954e-01 2.74817796e-01 7.01967174e-02
  6.52537707e-01 2.12958638e-01 7.52810945e-08 5.85127441e-02
  1.00000000e+00]
 [1.87960067e-01 1.35358072e-01 7.14950034e-01 5.93526703e-01
  1.32500423e-01 1.97745401e-01 1.17041767e-06 3.48037023e-02
  9.99999999e-01]
 [7.91947429e-01 4.44640201e-01 3.14107301e-01 8.86851676e-02
  5.61188005e-02 2.26871057e-01 6.44498037e-01 3.95915147e-02
  1.00000000e+00]]",[0.43773795 0.18186926 0.36252246 0.82756569],4,0.1523152640610238,0.9027082336955785,0.9270904056679998,0.07131818541302516,0.1523152640610238
154,"[[ 0.06467774  0.1202313   0.03481612 -0.5881258   0.35307583 -0.32747297
   0.4367783   0.45550499  0.06399952]
 [ 0.12774645  0.26810599  0.2496316   0.23494164  0.54235663 -0.18815589
   0.30678679  0.38425692 -0.47218814]
 [-0.01115845 -0.18075379 -0.07392939  0.34402593  0.595381    0.48830933
   0.04072522  0.39992514 -0.29809557]
 [ 0.43093608 -0.0056749  -0.32303547  0.3818682   0.46948839  0.35245099
   0.2188222  -0.14752452 -0.3870387 ]]","['prob_main', 'random_fill', 'random_fill', 'random_fill']","[[3.67945980e-01 6.41745272e-01 1.29236080e-01 9.79677841e-02
  1.72696380e-01 1.49483710e-10 5.84594490e-01 3.31844995e-01
  1.00000000e+00]
 [9.99999993e-01 5.11885413e-01 8.96860653e-02 2.19628542e-01
  3.07457069e-01 8.20491685e-10 5.25617344e-03 6.29073539e-02
  3.17975234e-01]
 [9.46427953e-04 3.04218302e-01 3.48227898e-02 3.98838807e-01
  8.50565708e-01 1.97066140e-01 3.24010118e-08 4.99593867e-02
  1.00000000e+00]
 [1.00000000e+00 3.32269794e-01 2.65641123e-10 3.61432132e-01
  2.04465532e-01 1.49921665e-01 9.76093437e-03 4.48882985e-02
  3.21826604e-01]]",[0.57930757 0.38136671 0.40416163 0.58685859],4,0.14519736290421126,0.9053695848745419,0.9294218362503477,0.07080564222682033,0.14519736290421126
155,"[[-0.33019204 -0.4703754   0.11349238 -0.59953175  0.36152512 -0.0417743
  -0.08573412 -0.17778482  0.35496207]
 [-0.1445589   0.29350157  0.31427413 -0.0214465   0.52312802  0.39802229
   0.31946137  0.50795834 -0.03961639]
 [-0.10760957  0.21252099 -0.26446464 -0.22914923  0.3800264  -0.01248896
   0.56260504 -0.42961872 -0.41848701]
 [ 0.05641485  0.34809146  0.4098712  -0.48540913  0.00434583  0.30986158
   0.35639749 -0.35104468 -0.35461056]]","['prob_main', 'random_fill', 'random_fill', 'random_fill']","[[3.63547524e-11 3.84835291e-01 3.53511011e-01 1.23209253e-01
  8.00659402e-01 1.13766104e-01 1.92327790e-08 6.13084802e-02
  1.00000000e+00]
 [2.89264561e-12 5.91910918e-01 2.90311668e-01 1.12596942e-01
  3.43264088e-01 1.25629772e-01 1.33957365e-02 6.33832441e-01
  1.00000000e+00]
 [2.60692627e-11 6.50981774e-01 8.09494989e-03 1.38201358e-01
  1.28940821e-01 2.05892172e-03 9.32229183e-01 4.72673006e-02
  1.00000000e+00]
 [2.94506698e-01 6.65399183e-01 6.29697427e-01 4.49350970e-03
  1.46113778e-01 2.94976812e-01 2.08784400e-01 3.43300005e-02
  1.00000000e+00]]",[0.41400424 0.77874743 0.23919583 0.30393326],4,0.13736723575589688,0.9069679732017701,0.9308191173448823,0.0705478314860653,0.13736723575589688
156,"[[ 0.14753386 -0.87966079  0.08612714 -0.0750948   0.22850683  0.10774135
  -0.20377626  0.23318642 -0.17790254]
 [ 0.07373397 -0.20140452 -0.25347275  0.36073858 -0.3866352  -0.24856543
   0.33195924  0.64895789 -0.13039908]
 [ 0.36566092  0.45937517 -0.18434609  0.21801613  0.44059498  0.16071856
   0.38942196 -0.1798963  -0.41205037]
 [ 0.14235751 -0.08016867 -0.46882287  0.19704161  0.29705292 -0.20737228
   0.4031822  -0.16689908 -0.62692277]]","['prob_main', 'random_fill', 'random_fill', 'random_fill']","[[9.99999999e-01 5.78771572e-02 3.17737716e-01 3.19875506e-01
  3.10388906e-02 1.73825282e-01 3.81822947e-08 3.87522425e-01
  1.00000000e+00]
 [2.75382785e-01 2.74558557e-01 2.83636033e-02 4.13705183e-01
  8.35331681e-02 4.24250383e-02 2.32836346e-02 9.26581372e-01
  1.00000000e+00]
 [9.99999999e-01 6.87526704e-01 4.53066244e-10 1.89631601e-01
  2.68007731e-01 3.54797078e-02 2.39780786e-01 4.76973119e-02
  6.17637227e-01]
 [9.38965569e-01 3.95859426e-01 1.44229318e-10 3.19842331e-01
  1.49527981e-01 4.54285786e-02 1.38229608e-02 5.54720149e-02
  1.84725563e-01]]",[0.03824964 0.54285792 0.67691915 0.0804589 ],4,0.14169251968106358,0.916585092244356,0.9391760216261714,0.06990845052437891,0.14169251968106358
157,"[[ 0.02932588  0.00593006 -0.38490264 -0.04861665 -0.55687959  0.20748699
   0.40568202  0.46417817 -0.33968547]
 [ 0.08285262  0.23186463  0.37568904 -0.58717397  0.01237814 -0.40705481
   0.07739366 -0.28145795 -0.44989278]
 [ 0.05327895 -0.15246338 -0.15421229 -0.10831018  0.62597357  0.23547193
   0.62953883 -0.30752405  0.01495366]
 [-0.08136292 -0.74927011  0.04182652 -0.43018315 -0.23475846 -0.27804963
  -0.11567501  0.25131947 -0.19026837]]","['prob_main', 'random_fill', 'random_fill', 'random_fill']","[[2.75382781e-01 3.80005297e-01 1.79458677e-10 2.60749509e-01
  4.73834808e-02 7.69728523e-02 5.07194127e-01 5.41249747e-01
  1.00000000e+00]
 [4.59284068e-01 6.43741694e-01 3.21425352e-01 7.48119237e-02
  1.68543243e-01 1.57962115e-03 5.41839137e-07 6.85353512e-02
  3.04765322e-01]
 [2.69008539e-01 4.87784134e-01 1.61011981e-03 1.85218843e-01
  3.93936474e-01 1.44365320e-02 7.34288154e-01 4.52345821e-02
  1.00000000e+00]
 [1.59600213e-01 1.61357233e-01 3.23306494e-01 2.56543314e-01
  2.68598688e-02 1.14960608e-01 1.70307485e-08 6.81349464e-01
  1.00000000e+00]]",[ 0.10454689  0.10918395  0.63295295 -0.28802584],4,0.13850600947360736,0.917656699052688,0.9401015293565783,0.06971513261755775,0.13850600947360736
158,"[[-0.14218858 -0.53863903  0.29029579  0.1341293  -0.03923439  0.28566051
   0.5633203   0.10496111 -0.41940462]
 [-0.15027141 -0.29093215  0.03438902 -0.56216679  0.30074052 -0.36795153
  -0.04853655 -0.54806347 -0.21679558]
 [-0.02353745 -0.67405479 -0.11756567 -0.45374746  0.17005703  0.20369873
  -0.48943228 -0.10223895 -0.07055747]
 [ 0.16484468 -0.2249116   0.44810402  0.34145942  0.39178469  0.23283012
   0.0623846  -0.24251716 -0.57830592]]","['prob_main', 'random_fill', 'random_fill', 'random_fill']","[[9.90942282e-10 2.50985433e-01 3.79229985e-01 2.72063819e-01
  3.01529182e-02 8.66098080e-02 7.56844797e-01 5.71511164e-02
  1.00000000e+00]
 [2.15718452e-09 4.90288569e-01 2.89610878e-01 1.10644507e-01
  8.14046914e-01 4.03504678e-03 4.93627797e-03 5.03011802e-02
  9.99999999e-01]
 [2.75382781e-01 1.40587541e-01 1.64453926e-01 2.54616639e-01
  6.10291381e-02 7.65747464e-01 1.61013495e-09 7.94976946e-02
  1.00000000e+00]
 [9.99999983e-01 2.18204389e-01 4.13099812e-01 2.90686910e-01
  1.29027013e-01 7.24951752e-02 1.45994760e-07 4.69379632e-02
  4.21768190e-01]]",[ 0.04788807 -0.19615317 -0.14843631  0.21227302],4,0.14145618866654958,0.9230247602965744,0.9447190438887395,0.06973412864759387,0.14145618866654958
159,"[[ 0.27653701 -0.30387305 -0.32867678 -0.22106804  0.38796897 -0.27686141
  -0.05433296 -0.59411401 -0.30198223]
 [ 0.04972944  0.2325899   0.00418143 -0.62729288 -0.28919337  0.53089374
   0.14994701  0.39293103  0.08692074]
 [-0.05966326 -0.2534682  -0.27377231 -0.3257651  -0.46184794  0.35216118
   0.33151808  0.40529362 -0.3736734 ]
 [ 0.10210092 -0.66029592  0.19196231  0.10332883  0.17723146 -0.168176
   0.50795651  0.27673502 -0.33430836]]","['prob_main', 'random_fill', 'random_fill', 'random_fill']","[[9.99999991e-01 3.87603678e-01 2.42283516e-02 2.41665669e-01
  8.45773638e-01 4.56749226e-02 2.33964565e-04 4.80783441e-02
  9.99999986e-01]
 [2.75382781e-01 6.03954472e-01 7.03865081e-02 1.02943798e-01
  9.91201834e-02 8.50381826e-01 1.18016676e-02 7.37355226e-02
  1.00000000e+00]
 [7.96405855e-09 2.87199931e-01 4.02736306e-04 2.68313174e-01
  2.16516894e-02 1.92698261e-01 3.86994204e-01 5.08858471e-01
  1.00000000e+00]
 [9.99999981e-01 2.10090946e-01 2.01609251e-01 2.86941700e-01
  8.76390148e-02 3.29330698e-02 6.73760515e-01 6.00129642e-02
  9.99999999e-01]]",[ 0.08229619  0.63034757 -0.14159305  0.06626366],4,0.13140295282909806,0.911770587109975,0.9350035135280177,0.06996193708410889,0.13140295282909806
160,"[[ 9.60055533e-02  5.71723671e-01  1.09214159e-01 -1.87134340e-01
   4.86496557e-01 -3.11202132e-02  3.87058023e-01  2.98189627e-01
  -3.74952863e-01]
 [-1.02747328e-01 -6.13200136e-01  3.52551633e-03 -1.61101597e-02
   2.83678749e-01  4.34015083e-01 -2.68501916e-01 -3.85296455e-01
  -3.51805700e-01]
 [ 9.90692969e-03  2.97329808e-01  2.64443094e-01  8.83158019e-02
   3.65842459e-01  2.34018742e-01  5.62450956e-01  3.15458284e-01
  -4.78849167e-01]
 [ 1.16746065e-03 -4.22794487e-01 -2.29885984e-01 -6.60029484e-01
   2.65389500e-01  2.20703395e-01  3.07240679e-01  3.45280408e-01
  -5.49886009e-05]]","['prob_main', 'random_fill', 'random_fill', 'random_fill']","[[3.96469473e-01 8.76484984e-01 5.83286813e-02 6.18370459e-02
  4.63796733e-01 2.28356725e-03 3.19587268e-01 7.06123151e-02
  9.99999999e-01]
 [1.54033178e-09 1.97578015e-01 1.15860555e-01 3.92618044e-01
  1.02044228e-01 8.96685014e-01 1.04701229e-07 3.98738925e-02
  1.00000000e+00]
 [9.08988880e-09 6.23222408e-01 9.36370621e-02 1.53244202e-01
  1.36403786e-01 1.94578109e-02 6.65274180e-01 4.69186435e-02
  6.69996426e-01]
 [2.75382781e-01 3.60598610e-01 4.81666406e-02 1.74674500e-01
  1.83757786e-01 1.24141670e-01 1.63875519e-01 7.04665307e-01
  1.00000000e+00]]",[ 0.52933523 -0.07611793  0.34621169  0.09126648],4,0.16599372131814288,0.9192653333257419,0.9414885672573947,0.06915657981953803,0.16599372131814288
161,"[[ 0.05305821 -0.50020076 -0.0459069  -0.50998554 -0.33377373 -0.43557179
  -0.12758462 -0.39818949 -0.09397313]
 [-0.00102433  0.12708668  0.4627604   0.3001367   0.51232987  0.55884807
  -0.25806089  0.08317089  0.17695429]
 [ 0.03249734 -0.48438606 -0.28680615  0.3858855   0.15142267  0.42107735
   0.53684893  0.14242706 -0.1562737 ]
 [-0.16604174 -0.37181567 -0.46901846  0.04560772  0.39321467  0.44925541
   0.40148863 -0.2436312  -0.18742303]]","['prob_main', 'random_fill', 'random_fill', 'random_fill']","[[1.00000000e+00 1.86249032e-01 5.01692331e-01 1.50887296e-01
  5.36618175e-02 6.73554793e-02 3.84739444e-08 8.39154867e-02
  7.24162329e-01]
 [2.13699162e-10 3.37646425e-01 7.46258225e-01 2.01195955e-01
  2.11784972e-01 5.37955626e-01 5.53695851e-09 2.01022206e-02
  1.00000000e+00]
 [2.28393969e-01 1.81398394e-01 3.58791418e-10 5.23831615e-01
  5.25380146e-02 2.64445098e-01 5.79565361e-01 4.64233231e-02
  1.00000000e+00]
 [6.89350460e-10 2.75822430e-01 2.01591806e-10 3.73188232e-01
  1.41819729e-01 8.10751486e-01 1.47553931e-01 4.08582310e-02
  1.00000000e+00]]",[-0.28880029  1.03640084  0.40247894  0.19632911],4,0.13826594040715212,0.9230247602965744,0.9447190438887395,0.06880219484499643,0.13826594040715212
162,"[[ 0.01310153 -0.34605799 -0.09352527 -0.59680518  0.34334883  0.32737851
   0.14545403 -0.4275439  -0.29348433]
 [ 0.0967572  -0.11118144 -0.40226604  0.39722206 -0.30398757  0.15645682
   0.46667983  0.42392267 -0.37984961]
 [ 0.01400675 -0.50801424  0.14126185 -0.38185806 -0.41315863  0.3552665
   0.30013673 -0.22903724 -0.36945962]
 [-0.03045864  0.62940736  0.1869565  -0.23653679  0.45405864  0.39473025
   0.37828309 -0.04326757  0.0711678 ]]","['prob_main', 'random_fill', 'random_fill', 'random_fill']","[[2.75382784e-01 3.92009666e-01 8.65458068e-02 1.70480148e-01
  2.12520406e-01 3.39070052e-01 1.48380646e-02 4.55400432e-02
  3.75685442e-01]
 [3.98249645e-01 2.48132257e-01 3.83333656e-11 4.48100994e-01
  3.27319297e-02 5.36061444e-02 5.39268548e-01 3.71545701e-01
  1.00000000e+00]
 [2.57285779e-01 1.97047523e-01 3.97373881e-01 1.92721317e-01
  1.87433005e-02 3.85878147e-01 1.53411458e-01 6.29625337e-02
  6.49215198e-01]
 [2.52320914e-10 9.64829685e-01 2.03324043e-01 1.83699004e-02
  4.49121157e-01 2.11742013e-01 6.43401025e-02 4.58829009e-02
  1.00000000e+00]]",[-0.18548481  0.21670116 -0.19284716  1.02196815],4,0.16276903616223679,0.921412533387405,0.9433355974894767,0.06896003545913017,0.16276903616223679
163,"[[ 0.17309776  0.1094807   0.00175685  0.47356391  0.58447918  0.55889776
   0.03004529  0.27575776 -0.05345653]
 [ 0.11106981  0.53094552 -0.22613369  0.50201974 -0.10285915  0.43050235
  -0.29397355  0.15935681 -0.30801424]
 [-0.10693954 -0.6552509  -0.23407196 -0.10720395 -0.11694509  0.38478655
   0.36828847 -0.2616707  -0.35648707]
 [-0.04907688 -0.73435695 -0.31417315 -0.44811251 -0.01331369 -0.24472616
   0.16094587 -0.17155518 -0.20832386]]","['prob_main', 'random_fill', 'random_fill', 'random_fill']","[[9.99999994e-01 3.73447340e-01 4.75015962e-10 3.45050251e-01
  2.18534903e-01 7.40269302e-01 5.99763461e-08 3.42163662e-02
  1.00000000e+00]
 [9.99999999e-01 7.27519170e-01 7.05200091e-11 2.85121825e-01
  1.47697701e-01 5.70050710e-01 3.15380099e-08 2.34939094e-02
  1.00000000e+00]
 [1.06595232e-09 1.81292499e-01 4.37965290e-02 3.81504255e-01
  1.29131592e-02 3.75846816e-01 3.01443073e-01 6.21846636e-02
  6.85746312e-01]
 [2.75382781e-01 1.81394550e-01 4.11664272e-02 2.96553340e-01
  6.96792708e-02 9.72925304e-02 3.32304359e-01 9.82964138e-02
  5.21897538e-01]]",[ 0.87482924  0.5664254  -0.1765453  -0.3893876 ],4,0.1377338070764682,0.9262541316986335,0.947481020773025,0.06889679619938063,0.1377338070764682
164,"[[ 2.44993608e-01 -2.67195196e-01  1.65225988e-01  4.60642277e-01
  -5.92805892e-01 -1.76415726e-01 -2.18560001e-01 -3.09317457e-02
  -4.44777858e-01]
 [-6.32659955e-04 -1.08981997e-02  3.01154201e-01 -2.93838246e-01
  -5.54899081e-01  1.76737088e-01  4.10654589e-01  3.51816760e-01
  -4.37361233e-01]
 [ 1.10884903e-01  6.59918733e-02 -1.53070221e-01 -3.77861437e-01
   7.76146189e-01 -2.60470112e-01  7.57472815e-02 -3.73490790e-01
  -4.07338370e-02]
 [-7.72687567e-02 -1.25443490e-01  2.16316594e-03 -5.67058534e-01
  -6.05117643e-01 -5.73757655e-02 -4.07678368e-01  2.68451835e-01
  -2.21373056e-01]]","['prob_main', 'random_fill', 'random_fill', 'random_fill']","[[9.99999996e-01 1.76707166e-01 4.90744321e-02 5.25627020e-01
  6.82073107e-02 4.05314152e-02 2.10309947e-07 6.02179414e-02
  4.00247101e-01]
 [1.91322358e-01 4.24711960e-01 3.13180642e-01 1.17789596e-01
  6.10502301e-02 7.40816229e-02 5.16224344e-01 6.08308979e-02
  6.10506781e-01]
 [3.54341549e-01 5.79660652e-01 4.84214872e-02 1.84946942e-01
  9.68130860e-01 1.40765004e-02 2.24742426e-03 6.45364594e-02
  1.00000000e+00]
 [4.01189350e-10 4.23939378e-01 2.99749882e-01 9.64842508e-02
  8.51045892e-02 8.83966498e-02 1.26394327e-08 7.88783973e-01
  1.00000000e+00]]",[ 2.20544885e-01  5.50420355e-04  6.83325011e-01 -1.73436914e-01],4,0.13287588748346996,0.9267930211610322,0.947940689592203,0.06834583176440978,0.13287588748346996
165,"[[ 0.20341703  0.19076663 -0.38457075  0.48402802 -0.28677484  0.56402334
   0.07804121 -0.3590567  -0.06839252]
 [-0.13922878 -0.32132063 -0.3165433  -0.39133274 -0.09142592 -0.35278884
  -0.21302267 -0.66717392 -0.02662829]
 [-0.10770564 -0.24271945  0.18867305  0.00203623  0.00089081  0.56578358
   0.51159847 -0.31069983 -0.4642261 ]
 [ 0.28515708  0.57065013  0.24729052 -0.4532455  -0.15229645 -0.34652774
  -0.32958763 -0.17565652  0.20904755]]","['prob_main', 'random_fill', 'random_fill', 'random_fill']","[[1.00000000e+00 3.10747885e-01 5.17728597e-12 3.93982515e-01
  6.76371941e-02 7.99291443e-01 3.79116277e-09 2.69497704e-02
  1.00000000e+00]
 [9.54786634e-11 4.70871405e-01 2.80842669e-10 1.80660553e-01
  2.72949715e-01 1.06162145e-02 2.26988461e-08 4.50869738e-02
  4.32092304e-01]
 [3.89328456e-10 3.01081326e-01 1.63152739e-01 2.77685501e-01
  4.36511563e-02 5.99799814e-01 4.49264263e-01 4.38462790e-02
  1.00000000e+00]
 [1.00000000e+00 1.00000000e+00 3.09832033e-01 3.79180991e-03
  2.01682099e-01 9.84356104e-11 1.07859380e-08 6.46259754e-02
  1.00000000e+00]]",[ 0.8067493  -0.29228578  0.04965921  1.09768722],4,0.1325834681079464,0.9273321050981531,0.9484001640078162,0.06829563892109232,0.1325834681079464
166,"[[ 0.05295009 -0.664347    0.10117792  0.30905056  0.40433462 -0.28611101
   0.13901503  0.31810427 -0.29022169]
 [-0.10341229  0.58518313  0.42002463  0.30117596  0.50023527  0.00279857
   0.19925766  0.14626847 -0.26152957]
 [ 0.00354128  0.08637782  0.55773034  0.10836276 -0.05139733 -0.02249795
  -0.1776651   0.59651359 -0.52837442]
 [ 0.18186705  0.50387986  0.27863981 -0.41090206 -0.30697648  0.34184539
   0.0120292   0.43422911 -0.25837254]]","['prob_main', 'random_fill', 'random_fill', 'random_fill']","[[3.02402861e-01 1.63152575e-01 4.94600073e-02 6.05500731e-01
  6.82694239e-01 1.59449030e-02 6.35153981e-07 7.05391717e-02
  1.00000000e+00]
 [1.89731763e-09 7.75084164e-01 2.99756989e-01 1.18099086e-01
  7.19208465e-01 2.97610680e-02 1.74875153e-02 6.36769752e-02
  1.00000000e+00]
 [1.65543538e-01 3.16268549e-01 6.96382882e-01 2.27960685e-01
  1.18449877e-01 6.91804874e-03 1.13634870e-08 5.86377769e-01
  1.00000000e+00]
 [1.00000000e+00 7.34454228e-01 2.74807398e-01 6.10845006e-03
  1.46498270e-01 2.10083682e-01 2.19483311e-08 3.80492213e-01
  1.00000000e+00]]",[0.10344905 0.72616572 0.25616536 0.55969891],4,0.13114354318681254,0.931652053059268,0.9520686856527718,0.06818057228189184,0.13114354318681254
167,"[[-0.14222082 -0.89219353  0.05534101 -0.28098658  0.06819732  0.20170078
   0.03182899 -0.01615184 -0.23481868]
 [-0.01964353  0.01270066  0.20048947 -0.36330605 -0.6874876  -0.38750992
   0.02635273 -0.38687648  0.23258223]
 [ 0.02626373  0.51423529 -0.09792915 -0.3456232  -0.56370627  0.13954588
   0.28851722  0.34944408  0.25146692]
 [ 0.11065199  0.38005566 -0.03866259 -0.71921093  0.34924418  0.30746569
   0.06407817  0.3214961   0.02413031]]","['prob_main', 'random_fill', 'random_fill', 'random_fill']","[[9.92251756e-11 8.60304277e-02 3.79869172e-01 3.12208885e-01
  2.50507023e-02 3.30061633e-01 2.57959059e-08 8.99535238e-02
  6.77216352e-01]
 [2.03372214e-01 4.25355506e-01 9.63352039e-01 8.13537960e-02
  9.51056785e-02 3.45570653e-04 1.19600699e-02 4.48883031e-02
  1.00000000e+00]
 [1.71966048e-01 9.26252319e-01 3.84305031e-10 7.31525943e-02
  9.98950393e-02 3.25324232e-02 5.36937912e-01 6.61633130e-02
  1.00000000e+00]
 [9.99999996e-01 8.42106186e-01 6.26713929e-02 1.17277421e-02
  4.17987613e-01 2.37244511e-01 3.28394588e-07 7.44080558e-02
  1.00000000e+00]]",[-0.23565384  0.31500626  0.8332763   0.68681797],4,0.14020126981111428,0.931652053059268,0.9520686856527718,0.06818670984855559,0.14020126981111428
168,"[[-0.20059735 -0.79880866  0.11876899 -0.01687405  0.33893144  0.275592
   0.23850571 -0.24306402  0.02200108]
 [ 0.04022973 -0.20885491  0.44383358  0.08261534  0.01324826  0.02826925
   0.4793362   0.52822459 -0.49110953]
 [-0.01565909 -0.43610989 -0.24108954 -0.6247743  -0.20399503 -0.45284142
  -0.25047306  0.09928378 -0.20450553]
 [ 0.07341251  0.14165693  0.54300629 -0.1903587   0.56810513  0.21896436
   0.38125315  0.34336211 -0.09752597]]","['prob_main', 'random_fill', 'random_fill', 'random_fill']","[[6.22143649e-11 1.20869410e-01 3.56546414e-01 4.09165868e-01
  4.16238055e-01 3.50592667e-01 9.23562624e-04 5.40892795e-02
  1.00000000e+00]
 [2.42208466e-01 2.60143466e-01 6.71401357e-01 2.15765725e-01
  7.93099220e-02 1.86634459e-02 3.11576891e-01 3.68634836e-01
  9.99999999e-01]
 [3.38197372e-01 3.76651416e-01 6.53261196e-02 1.87295070e-01
  8.24372314e-02 5.52038556e-02 1.19592797e-07 1.08415160e-01
  1.46638026e-01]
 [2.71155972e-01 4.28249795e-01 7.46912223e-01 1.02159001e-01
  5.21004200e-01 1.15483831e-01 2.61422535e-02 5.86719866e-02
  1.00000000e+00]]",[ 0.18566174  0.12576863 -0.36336369  0.72056056],4,0.1444521687033414,0.9273321050981531,0.9484001640078162,0.06834845974002121,0.1444521687033414
169,"[[ 1.20671023e-02 -8.08260205e-01 -3.53812240e-04 -4.06787806e-01
   1.14388707e-01  1.22778625e-01  2.67656542e-01 -2.53386104e-01
  -1.30726709e-01]
 [ 1.09897977e-01  6.16106662e-02  4.15111388e-01  8.03746989e-01
  -2.10742607e-01  1.15840917e-01  3.10149562e-01 -7.76723780e-02
  -7.57796792e-02]
 [ 3.24680741e-01  4.52554384e-01  2.68686209e-01  3.51739365e-02
   3.06802828e-02  4.64175716e-01  4.13957927e-01 -4.76399869e-01
  -4.03619266e-02]
 [ 1.07191031e-01 -3.69759204e-01 -5.53973243e-02 -2.83160722e-01
  -1.47967497e-01  7.34113861e-01 -6.70351111e-02 -4.44135607e-01
  -7.72765894e-02]]","['prob_main', 'random_fill', 'random_fill', 'random_fill']","[[3.38197377e-01 1.60092648e-01 3.33850993e-01 1.97865316e-01
  4.02602894e-02 2.18704416e-01 5.58063349e-01 7.18021577e-02
  1.00000000e+00]
 [3.98249645e-01 1.45085829e-01 4.90822461e-01 7.35337926e-01
  8.35113762e-02 3.37373133e-02 4.66053915e-02 4.48882999e-02
  1.00000000e+00]
 [1.00000000e+00 6.99429203e-01 2.57865347e-01 8.22216439e-02
  1.44388889e-01 4.27643359e-01 2.05784496e-01 2.29844173e-02
  1.00000000e+00]
 [9.99999999e-01 2.84779229e-01 7.41450840e-02 2.40065762e-01
  6.64802227e-02 8.68036334e-01 2.88400576e-09 4.59878863e-02
  1.00000000e+00]]",[-0.17401629  0.76897444  0.95019339  0.4595058 ],4,0.13225789331226095,0.9305708198575118,0.9511528009612411,0.06738758967488402,0.13225789331226095
170,"[[-0.01624447  0.60741071  0.01237483  0.46571642  0.30409784  0.40273434
  -0.15415257  0.36504504 -0.04530004]
 [-0.31798915  0.30365431 -0.36612822  0.17921349 -0.52748585  0.31624391
   0.28380093  0.31888344 -0.28289304]
 [ 0.32040403 -0.16530985 -0.14819453  0.47759275 -0.48228816  0.05761973
   0.58153076 -0.20516166  0.06136957]
 [ 0.11744369  0.44968747 -0.05243319 -0.18208557 -0.06702606  0.5673801
   0.43928394  0.0858882  -0.47045077]]","['prob_main', 'random_fill', 'random_fill', 'random_fill']","[[2.31721247e-10 9.66366544e-01 8.71784718e-11 2.16738573e-01
  2.15026105e-01 4.95077382e-01 1.63182632e-08 4.14217250e-02
  1.00000000e+00]
 [3.48109153e-10 5.26369508e-01 4.63941357e-10 2.15652909e-01
  6.52359238e-02 2.35041968e-01 5.50075312e-01 3.38658122e-01
  1.00000000e+00]
 [1.00000000e+00 2.53090674e-01 1.61012065e-03 4.35956640e-01
  3.60068407e-02 3.28009513e-02 7.01544445e-01 4.79458111e-02
  1.00000000e+00]
 [3.96469474e-01 7.15168084e-01 1.95442235e-02 1.32921087e-01
  1.47037558e-01 7.98400641e-01 3.90649956e-02 4.40391037e-02
  1.00000000e+00]]",[0.92251449 0.21961316 0.93056368 0.33657077],4,0.14036034311488788,0.9311113297008127,0.9516108500211323,0.0672834871854289,0.14036034311488788
171,"[[ 0.04922696 -0.39644247 -0.30712513 -0.04599297  0.45922939  0.34576421
   0.43028652  0.4547924   0.14677105]
 [ 0.07864794  0.00629937  0.56923317 -0.06881574 -0.18756051  0.1966052
   0.54883712 -0.53789892 -0.02495644]
 [-0.38025931 -0.39655127  0.26759688 -0.54794392  0.10757562  0.25838789
   0.25562529  0.32521293 -0.27722692]
 [-0.1558152   0.041164   -0.51005311  0.29985758 -0.40975387 -0.19081228
  -0.19386358 -0.49784204 -0.36636193]]","['prob_main', 'random_fill', 'random_fill', 'random_fill']","[[2.75382781e-01 2.72869382e-01 1.46533516e-10 3.11584450e-01
  1.44309834e-01 1.66680228e-01 1.01302737e-01 7.91792076e-01
  1.00000000e+00]
 [2.71155971e-01 2.89287341e-01 7.76944452e-01 1.81141915e-01
  7.35515054e-02 2.43908745e-02 5.46521264e-01 4.48882992e-02
  1.00000000e+00]
 [1.51387469e-10 2.35660259e-01 8.12033028e-01 1.45632853e-01
  8.89346159e-02 2.97336508e-01 2.81047305e-02 2.50039392e-01
  1.00000000e+00]
 [7.07560133e-10 3.72862168e-01 4.57444180e-10 4.36887913e-01
  1.00031118e-01 6.42655857e-02 1.00108984e-07 4.87438003e-02
  1.01623140e-01]]",[ 0.5654132   0.69479469 -0.05828375  0.03160427],4,0.1312780699987851,0.9403349859831179,0.9593627105354603,0.06707370880950564,0.1312780699987851
