iteration,batch_directions,batch_sources,batch_points,batch_support_values,batch_size_applied,best_gap,ci_lower,ci_upper,mean_gap,max_gap,wall_time_seconds
0,"[[ 0.31360042  0.35844254  0.31493151  0.34645144  0.36441626  0.33526926
   0.29989136  0.32979794 -0.33174852]
 [ 0.37575464  0.02447512  0.32745908  0.23514658  0.11060245  0.27920416
   0.4980877   0.47566517 -0.36214566]
 [ 0.27511567  0.45011293  0.23739265  0.58422865  0.3646424   0.38117652
  -0.02589167  0.15811528 -0.14177762]
 [ 0.03089687  0.35618758  0.34130174  0.39313888  0.16057839  0.62240155
   0.27378931  0.18678278 -0.27948745]]","['bbo_main', 'random_fill', 'random_fill', 'random_fill']","[[0.09716323 0.15145497 0.23294066 0.19760624 0.26568635 0.17184216
  0.12214946 0.07816925 0.32612479]
 [0.0727562  0.03877857 0.23503798 0.17204445 0.09102572 0.09747108
  0.74719432 0.38954146 1.        ]
 [0.06644835 0.15222956 0.2061653  0.83117295 0.21636412 0.14106696
  0.0425692  0.04261202 1.        ]
 [0.04453575 0.04280104 0.24513189 0.19400748 0.11127785 0.96078916
  0.07553573 0.05311985 0.99999997]]",[0.33523368 0.37830452 0.6178634  0.54353782],4,2.381254530604247,2.4548656141978765e-07,0.0012550263386699402,0.7637550388916281,1.9767704080613568,979.7912379989866
1,"[[ 0.67466444  0.08061167 -0.1860342  -0.20623875 -0.14863292 -0.11370173
  -0.02198639 -0.11253922 -0.64266492]
 [ 0.66505303 -0.06631742 -0.09458416 -0.27509824 -0.04322515 -0.31023434
  -0.15545444 -0.33476868 -0.48407784]
 [ 0.55129369  0.59938182 -0.4257085   0.02461492 -0.33866146 -0.0816973
   0.05730233  0.04759961  0.1675344 ]
 [ 0.50376733 -0.3999079   0.60246373 -0.24524552 -0.26303797 -0.20566404
  -0.17571382 -0.10446475 -0.09954566]]","['bbo_main', 'random_fill', 'random_fill', 'random_fill']","[[0.15255569 0.08024975 0.17756628 0.15451467 0.10530795 0.10175099
  0.07231779 0.05409377 0.0881444 ]
 [0.98839133 0.06234167 0.18502682 0.16205764 0.1115517  0.09449641
  0.05721886 0.04385502 1.00002087]
 [0.61494026 0.55022052 0.10968135 0.10484042 0.05399279 0.06165223
  0.06402325 0.04967133 1.00000001]
 [0.81919235 0.04143613 0.42204662 0.21180584 0.06016317 0.07077755
  0.04862051 0.04650895 1.00000069]]",[-0.04705383  0.0493139   0.77493853  0.45510588],4,0.7535238350600159,0.0009545559495169254,0.005471167122258511,0.3344615429300091,0.622194096357445,622.7549759978428
2,"[[-0.13786218  0.61889232 -0.36284356 -0.15172738 -0.08957351 -0.02002455
   0.63938138 -0.08613573 -0.13651871]
 [-0.05348654  0.66227149 -0.22417214 -0.08676344  0.2273446  -0.21243554
  -0.11423162  0.61988861 -0.08142134]
 [ 0.06038208  0.55033682 -0.35093153 -0.11817766 -0.15578228 -0.21334393
   0.59748648  0.24637177  0.26247205]
 [-0.10851768  0.03851775 -0.16714784  0.70761272 -0.15430751 -0.26088798
   0.53549929 -0.2816683  -0.01078282]]","['bbo_main', 'random_fill', 'random_fill', 'random_fill']","[[0.04108019 0.37654786 0.1279254  0.11390046 0.08321487 0.08388226
  0.73774421 0.08549651 1.00000057]
 [0.04315868 0.91327964 0.13136505 0.11501964 0.11685014 0.09202695
  0.05702634 0.1574399  1.00000018]
 [0.05310369 0.3092067  0.12749117 0.11414671 0.06292824 0.06560462
  0.78794548 0.13958959 1.00000017]
 [0.03719452 0.03141073 0.15647162 0.85758559 0.05509337 0.05088608
  0.26818527 0.06389638 1.00000013]]",[0.48236372 0.57977786 0.85899444 0.67091391],4,0.6891356732398092,0.0015668550208154987,0.006859658346015931,0.3186560705552103,0.6081065014949023,944.2098185720388
3,"[[ 0.60885368 -0.11660733 -0.26185487 -0.27917983 -0.24554204  0.62221173
  -0.08142385 -0.03783736 -0.11700738]
 [-0.09728396  0.27136359 -0.17587281 -0.12527277  0.05304744  0.64008194
  -0.14082532  0.64505754  0.14772683]
 [ 0.02494935  0.1575425   0.12755713 -0.42281573 -0.2237128   0.63470443
  -0.02027522  0.57087165  0.01764301]
 [ 0.14260106  0.07389301 -0.23249419 -0.26705818  0.15078085  0.64905115
   0.169914    0.59011821  0.16648907]]","['bbo_main', 'random_fill', 'random_fill', 'random_fill']","[[0.8019479  0.05552197 0.13923566 0.11921277 0.08609684 0.35439888
  0.05963463 0.04989743 1.00000017]
 [0.04722603 0.04245065 0.13637098 0.11463197 0.12662251 0.22965979
  0.04877199 0.8919175  0.99999995]
 [0.0506234  0.04181798 0.15327284 0.10877684 0.07421198 0.88092378
  0.06318889 0.19056681 1.00000014]
 [0.05632975 0.04058161 0.12056149 0.10002788 0.13518221 0.85866812
  0.09333783 0.20810426 1.00000007]]",[0.48767301 0.83849569 0.6490847  0.83914528],4,0.7100358894485881,0.0043909851837188926,0.012028982676593525,0.3002283761736497,0.6213222782464616,728.2980700789485
4,"[[-0.14012962  0.03926128 -0.26714086 -0.21769746  0.67651041 -0.21937165
  -0.02107476 -0.0442157  -0.59319169]
 [-0.15653808 -0.32507346 -0.26613608 -0.27895817  0.54994621 -0.41819194
  -0.02370621 -0.02400784 -0.49265942]
 [ 0.04464752 -0.22549712 -0.20984695 -0.46450628  0.53314016  0.17997952
   0.50665211  0.3161537   0.11863908]
 [-0.26369669  0.23773672 -0.46280961  0.53393285  0.08988879 -0.19858924
  -0.16682844  0.54516831 -0.04593904]]","['bbo_main', 'random_fill', 'random_fill', 'random_fill']","[[0.05196752 0.03925068 0.15364381 0.13674312 0.33968574 0.15030061
  0.07073039 0.05535827 0.18928905]
 [0.04559267 0.03246664 0.15322323 0.13867376 0.26612114 0.13079054
  0.07795243 0.06198218 0.11843388]
 [0.05023965 0.03461468 0.12331469 0.09583379 0.37063545 0.16140577
  0.70676041 0.17480065 1.00000094]
 [0.03705122 0.03699371 0.1322539  0.3389604  0.0981414  0.07828548
  0.04929132 0.82972767 1.00000005]]",[ 0.0040519  -0.06718026  0.68268005  0.51025235],4,0.6685990253249946,0.004768802607230218,0.012649997439923887,0.28990207008537294,0.6139928195673494,1070.619708654005
5,"[[-0.07854879 -0.0282757  -0.24688396  0.72071767 -0.12363024 -0.09171319
  -0.12494     0.01713526 -0.61077456]
 [-0.35604643 -0.19815722 -0.08265629 -0.07589498 -0.07746703  0.6648518
  -0.1098294   0.05143131 -0.59886209]
 [-0.04695822  0.39785971  0.58547857 -0.32315022 -0.11778129 -0.255148
  -0.36810125 -0.05702757 -0.41781304]
 [-0.11511402  0.02594579 -0.40517062 -0.45761492  0.03186613  0.06466286
   0.16344653  0.52279738 -0.5543215 ]]","['bbo_main', 'random_fill', 'random_fill', 'random_fill']","[[0.04577341 0.03512735 0.17428561 0.46452988 0.08396019 0.07474577
  0.05218005 0.04585565 0.25622093]
 [0.03506442 0.03267263 0.17897563 0.15261928 0.11487846 0.33342925
  0.05254915 0.04896168 0.16776916]
 [0.04460055 0.19540332 0.55779473 0.20050901 0.0547945  0.05986429
  0.03331676 0.04022941 0.48847957]
 [0.05279001 0.04146453 0.13092285 0.10690027 0.12830229 0.10712262
  0.11605925 0.28560127 0.21104921]]",[ 0.10771584  0.0637225   0.0970518  -0.04465898],4,0.6469991564475702,0.008711798638339738,0.018694152883190075,0.27398292566845794,0.5435238387516416,732.4059579879977
6,"[[ 0.62332749  0.05739332 -0.11648111 -0.27317237  0.67596455 -0.22202216
  -0.05424507 -0.08906228 -0.05367797]
 [ 0.59201834  0.12575321 -0.26788628 -0.31019646  0.64226906  0.08698252
   0.18442569 -0.09762317  0.04579179]
 [ 0.47398183 -0.21704122 -0.46496821 -0.35417182  0.43788867 -0.12595909
  -0.41048938  0.09922747  0.02532615]
 [ 0.45984364  0.00314603 -0.42143769 -0.07268679  0.57618165 -0.14217489
  -0.31625903 -0.1688139   0.3534458 ]]","['bbo_main', 'random_fill', 'random_fill', 'random_fill']","[[0.74929251 0.04930105 0.16899448 0.14241699 0.4091674  0.13775188
  0.06159366 0.05036053 1.00000008]
 [0.77042696 0.05396521 0.13934112 0.11486909 0.37025315 0.17559841
  0.08181638 0.05614494 1.00000068]
 [0.8801258  0.04661588 0.1376647  0.11515163 0.25271012 0.14783801
  0.05251595 0.06195148 1.00000035]
 [0.11470511 0.04784825 0.14564252 0.14339476 0.94380175 0.14412729
  0.04734409 0.0377623  1.00000316]]",[0.59578946 0.69840957 0.40420647 0.83650389],4,0.6239010287745629,0.010348751469102262,0.021051761164099687,0.2521796316355698,0.5734970816549699,655.5611996429507
7,"[[-1.34623223e-01  1.95152445e-02  6.84261587e-01 -1.81641170e-01
   6.32650395e-01 -2.55012502e-01 -4.20092845e-02 -8.28709106e-02
  -7.98626443e-02]
 [-2.18640900e-01 -3.48653801e-01  5.11199578e-01 -3.88935047e-01
   4.33818167e-01 -3.10354465e-01 -3.40520978e-01 -1.32545889e-01
   3.99552099e-04]
 [-9.88586295e-02  4.46163387e-01  5.97507368e-01 -8.27792866e-02
   1.77791997e-01 -2.63437269e-01  5.63412553e-01  9.30795525e-02
   1.38217639e-02]
 [ 4.17236727e-01 -7.38651796e-02 -3.87989582e-01  4.77708912e-01
  -4.44538781e-01 -4.24690763e-01  2.42211640e-01 -6.89897296e-02
   1.76832093e-02]]","['bbo_main', 'random_fill', 'random_fill', 'random_fill']","[[0.03473117 0.03472446 0.40742643 0.200211   0.82741724 0.11094301
  0.04708766 0.04364545 1.00000073]
 [0.02757917 0.02297924 0.69097712 0.1968664  0.49595151 0.10982569
  0.03293433 0.03721784 1.00000015]
 [0.03437088 0.16575518 0.328071   0.19639807 0.06745029 0.05262191
  0.83339728 0.0859303  1.00000024]
 [0.57153386 0.04962788 0.14113723 0.57391627 0.04604296 0.03604365
  0.10053646 0.06189633 1.00000042]]",[0.64813796 0.42793677 0.73981934 0.4561931 ],4,0.6177653415199401,0.009937068671683407,0.02046481257346037,0.24663979824301746,0.5421225704021646,814.764006660087
8,"[[-0.06210819  0.09415026  0.70213488 -0.3409383  -0.08307398  0.00759151
  -0.07139275  0.60289128  0.05012241]
 [-0.39830797 -0.04029322  0.56105711 -0.32772858  0.05249014 -0.35694387
   0.21797288  0.4616116  -0.16362924]
 [-0.03080104  0.02376292  0.71138221 -0.42444519 -0.0040868   0.54341159
   0.05337083 -0.00328251  0.11872731]
 [ 0.00780478 -0.42181792  0.47068643 -0.47621735  0.14903969 -0.41577476
  -0.11956098  0.38271914 -0.13352828]]","['bbo_main', 'random_fill', 'random_fill', 'random_fill']","[[0.0367803  0.03585414 0.49255093 0.18902955 0.06339917 0.07625481
  0.04820078 0.7261988  1.00000212]
 [0.02163036 0.03138787 0.63702635 0.18936169 0.05634296 0.04072731
  0.09969598 0.52188616 1.00000002]
 [0.0345066  0.0354195  0.88763908 0.18220243 0.07717057 0.26645448
  0.04810088 0.04374881 1.00000148]
 [0.03520599 0.02333172 0.63388667 0.17683784 0.06837559 0.04325214
  0.04162519 0.52129905 1.00000061]]",[0.76229342 0.37289922 0.81952467 0.25779517],4,0.5516595820741526,0.012848023284494036,0.024544187645002633,0.23587218633824172,0.47511292206629896,1161.7886873011012
9,"[[ 0.02378341  0.01873871 -0.35906904 -0.3373073  -0.27830772  0.56325537
   0.55759711 -0.00610879 -0.22519496]
 [-0.29653634  0.2068747  -0.20253121 -0.19672417 -0.11476559  0.3994949
   0.57362431 -0.0929441  -0.52829822]
 [ 0.51506353  0.12106731 -0.21577539 -0.53429832 -0.29392019  0.13934173
  -0.25177486  0.45135506  0.12288767]
 [ 0.16449961 -0.03329997 -0.2726182  -0.30292627 -0.39447916  0.37712469
   0.56321829 -0.32474383 -0.29195162]]","['bbo_main', 'random_fill', 'random_fill', 'random_fill']","[[0.05350289 0.04128172 0.12117731 0.10032715 0.07130764 0.36244227
  0.77713222 0.10519578 1.00000054]
 [0.03791609 0.04531541 0.15124102 0.12851792 0.10205236 0.21525159
  0.26538063 0.09021833 0.23536287]
 [0.77833106 0.07428743 0.13810727 0.10569015 0.08571287 0.10076083
  0.05484583 0.30826489 1.00000045]
 [0.06619573 0.04366856 0.14020016 0.11837771 0.07602898 0.24820371
  0.88807669 0.07962609 0.99999994]]",[0.31648502 0.03599905 0.56067679 0.18133744],4,0.5511294465952815,0.02362845767386259,0.038728370878609045,0.22534632317252876,0.48070278041703185,890.2992091490887
10,"[[ 0.02963199 -0.08137217  0.65980703  0.69737363 -0.13937406 -0.2060525
   0.08945358 -0.02032083  0.02296908]
 [ 0.16193993  0.51597112 -0.27618411 -0.42603826  0.06032409  0.41805383
  -0.07411094 -0.42287144 -0.29502934]
 [-0.00298137 -0.25301604 -0.4800718  -0.44684598  0.33869778  0.41280199
   0.07589203 -0.3688608  -0.28088107]
 [-0.01363002  0.48389312 -0.46987004 -0.23420999  0.52382862 -0.12579464
  -0.37746678  0.04331286 -0.23548164]]","['bbo_main', 'random_fill', 'random_fill', 'random_fill']","[[0.0344731  0.02780732 0.65178199 0.67909497 0.0454871  0.04122016
  0.04888873 0.0413612  1.00000007]
 [0.07376462 0.90590328 0.11776654 0.08740847 0.12904887 0.18651788
  0.04789617 0.02858343 0.99999998]
 [0.04886515 0.03571513 0.09604843 0.07953674 0.38061791 0.7792584
  0.06247332 0.03180091 0.99999989]
 [0.05483036 0.45302898 0.10499839 0.09746055 0.65777833 0.13125365
  0.03591575 0.04360485 1.00000015]]",[0.91406065 0.18469395 0.07189094 0.22721052],4,0.50260882415693,0.028939761796717287,0.04539989621753072,0.2167509608488276,0.42950266265918996,893.8585286929738
11,"[[ 0.38863245 -0.13631779 -0.34436393 -0.43398774  0.33373554 -0.35197616
   0.42774758 -0.11770176 -0.30226161]
 [-0.24285402 -0.36613438 -0.33023421  0.44991621  0.51949149 -0.20149234
   0.36922156 -0.07167823  0.20869933]
 [-0.35182263 -0.02952444 -0.4709136   0.20800336  0.54638046 -0.18954094
   0.06113154  0.49307664  0.1703089 ]
 [-0.01172406  0.19874271 -0.31343585  0.47547475  0.55867289 -0.28687037
   0.21748235 -0.44029568 -0.0218345 ]]","['bbo_main', 'random_fill', 'random_fill', 'random_fill']","[[0.11405967 0.04741609 0.12617546 0.10222437 0.19643501 0.11338218
  0.87500764 0.09158786 0.99999994]
 [0.02896079 0.02097451 0.13334588 0.38753921 0.79138915 0.11434002
  0.11287521 0.06103718 1.00000058]
 [0.03101249 0.03054279 0.12959602 0.15079428 0.74238892 0.11851662
  0.0811945  0.37273495 1.00000018]
 [0.05083731 0.03978804 0.13678994 0.37567629 0.82758135 0.11465038
  0.06085097 0.03055596 1.00000039]]",[0.03693951 0.74969373 0.70074695 0.5504646 ],4,0.4743749960222122,0.032963225264318066,0.05036351982077756,0.20358646707349978,0.41685803830475476,833.1220156990457
12,"[[-0.05011281  0.56459037 -0.49123485  0.28239942 -0.12780064 -0.13403667
  -0.03015976 -0.08367941 -0.56165347]
 [ 0.00977971  0.65357998  0.0531202   0.44242685 -0.03670102 -0.0593925
   0.03567595 -0.0211564  -0.60628334]
 [ 0.07886632 -0.35762349 -0.5219624   0.40355149 -0.06023421  0.45048034
   0.45678222 -0.11176181  0.05371774]
 [-0.18365402 -0.16841476 -0.54677281  0.55203368 -0.20244201  0.4952672
  -0.09562091 -0.18077848  0.0781626 ]]","['bbo_main', 'random_fill', 'random_fill', 'random_fill']","[[0.05666229 0.31699843 0.14061351 0.16619146 0.08454064 0.07759753
  0.0605976  0.04594482 0.22069288]
 [0.04811942 0.28460385 0.21231208 0.19856972 0.07749259 0.07393686
  0.05311569 0.04388743 0.18307495]
 [0.04527913 0.02798551 0.11824437 0.2391972  0.10451754 0.32836447
  0.74186584 0.06563889 1.00001039]
 [0.03580394 0.02879188 0.10226843 0.74681723 0.07549316 0.3754926
  0.04771183 0.03329928 1.00000024]]",[0.00316245 0.16834841 0.5552517  0.58319291],4,0.48454724930345244,0.03837125759183781,0.05693823992411016,0.1950439827103469,0.4203061590197439,769.226316090906
13,"[[ 0.52699465  0.04333219 -0.33299501  0.49278987 -0.29162901  0.11131623
  -0.00946072  0.51348557 -0.07399813]
 [ 0.39926209  0.33749859  0.54809148 -0.29084004 -0.28909815 -0.08288397
  -0.18046443 -0.45681172  0.1000022 ]
 [ 0.57999585  0.66851423  0.35445689 -0.05971963 -0.15333661 -0.08374429
  -0.20902736  0.09064527  0.07108577]
 [ 0.14597187 -0.44091219  0.4185946  -0.50083835 -0.04630665 -0.18792689
   0.38719112 -0.04647274 -0.41071968]]","['bbo_main', 'random_fill', 'random_fill', 'random_fill']","[[0.72668141 0.05201077 0.14921592 0.2825634  0.07095281 0.07299424
  0.07194426 0.2845909  1.00000015]
 [0.26114415 0.24856978 0.73298517 0.18292399 0.04615715 0.06418276
  0.03492166 0.02436104 1.00000461]
 [0.42785055 0.70822209 0.20668004 0.15453765 0.05423672 0.06448107
  0.03626742 0.04142893 1.00000093]
 [0.05081726 0.03201428 0.28382941 0.16755922 0.07679479 0.08122933
  0.16346032 0.09194627 0.11341613]]",[0.53365526 0.60060668 0.83918221 0.02180565],4,0.4322472918540101,0.05435955580766744,0.07589952416847999,0.1881774559863931,0.4029140758336459,767.4309575790539
14,"[[ 0.25254201 -0.03028349 -0.27817899  0.42945848 -0.34946743 -0.20074978
   0.51296746  0.01166994 -0.49778263]
 [ 0.41497343  0.41520628 -0.36014094 -0.01627364 -0.083366   -0.11195139
  -0.00749061  0.55072632 -0.45010651]
 [ 0.40663837  0.13532986  0.3260235  -0.58000828 -0.25939317 -0.39192263
   0.37324947  0.08676691 -0.07680052]
 [ 0.19569918 -0.09445708 -0.47711379  0.35508113  0.09316908 -0.32227539
  -0.27572646  0.45883772 -0.44716939]]","['bbo_main', 'random_fill', 'random_fill', 'random_fill']","[[0.06654487 0.04112287 0.16683549 0.30890445 0.05892315 0.05858668
  0.20039779 0.09312449 0.20904174]
 [0.15044768 0.10452647 0.12548989 0.12022375 0.07730283 0.07688519
  0.06544183 0.88699384 1.00000676]
 [0.79900135 0.10390083 0.22463946 0.12985011 0.05132441 0.05868775
  0.22645316 0.1204057  0.99999996]
 [0.06727291 0.04098915 0.14025678 0.22491578 0.1025717  0.07906418
  0.05390397 0.31673981 0.27928358]]",[0.06928551 0.08152058 0.31874507 0.01189687],4,0.40514147430911596,0.05804941961538191,0.08019812230838554,0.18270244943280928,0.40224121060894985,892.3093994988594
15,"[[-0.11281705  0.01415588  0.53018007 -0.4722941   0.43533243  0.40884492
  -0.24916901 -0.18137383  0.17683083]
 [ 0.39347647  0.32831299  0.49564237 -0.32664179 -0.1636767   0.43837915
  -0.22563938  0.31295735 -0.13118258]
 [-0.44772134  0.02768492  0.42550611  0.54176163 -0.05414525 -0.20789492
  -0.07554171  0.49424221  0.16758315]
 [-0.30167507  0.49078129 -0.04804217  0.45425004 -0.13075226 -0.37892034
   0.44389833  0.29801513  0.11375067]]","['bbo_main', 'random_fill', 'random_fill', 'random_fill']","[[0.03185339 0.03476622 0.58829155 0.15408056 0.44118028 0.35948377
  0.03208919 0.02755707 1.00000194]
 [0.5347807  0.12904837 0.4066433  0.15515422 0.05475941 0.33290497
  0.03761163 0.07624506 1.00000033]
 [0.02044785 0.02512682 0.38719129 0.41259994 0.0482256  0.04261122
  0.04262722 0.6533417  1.00000027]
 [0.02553903 0.74896245 0.18157717 0.24049546 0.04808537 0.03191715
  0.25519986 0.13452233 1.0000016 ]]",[0.73889826 0.42482959 0.85562604 0.70913598],4,0.36540212908650904,0.050222601508762774,0.0710494538823497,0.1774122183273083,0.369727147275153,771.3664033489767
16,"[[ 0.41423773  0.09561876  0.50531915 -0.33170475  0.46092363 -0.40649503
   0.14879625 -0.01836777 -0.23178045]
 [-0.10393982  0.25214585 -0.31846014 -0.41844375  0.36875239 -0.38638286
   0.42292255  0.33842815 -0.26540499]
 [ 0.31438879  0.16110151 -0.18485204  0.39029378 -0.49104687  0.45905786
   0.10507861 -0.34291501 -0.32895763]
 [-0.08862395 -0.35564872  0.50458833 -0.33054299 -0.07102155  0.46991696
   0.43907397  0.16019777  0.23974245]]","['bbo_main', 'random_fill', 'random_fill', 'random_fill']","[[0.64783618 0.05289536 0.30645861 0.17755548 0.40977451 0.10164884
  0.07075085 0.05921286 1.00000001]
 [0.04936269 0.13415335 0.11753648 0.09130496 0.17042698 0.09649667
  0.8326708  0.20749585 1.00000953]
 [0.09530959 0.05007361 0.16145839 0.26839079 0.04326325 0.86579957
  0.05238021 0.0291033  1.00000741]
 [0.02800406 0.02162525 0.28965125 0.15578906 0.06326121 0.36088963
  0.70541571 0.1100653  1.00000224]]",[0.2945938  0.13558965 0.15570837 0.81668696],4,0.38024372419505015,0.06918088265511771,0.09303202679822982,0.17293618145052567,0.34217772667968754,751.7969519658946
17,"[[ 0.16904123  0.39663383  0.49058243 -0.42384494 -0.18832429  0.45791774
   0.36288748 -0.12167736 -0.04629929]
 [-0.16653197 -0.21096511 -0.10263861  0.18263361 -0.51123506  0.46602002
   0.17847032  0.47611125 -0.38314695]
 [ 0.34429663  0.3762568  -0.2787354  -0.36500866  0.44938761 -0.35227428
   0.1546836   0.42190289  0.0314715 ]
 [-0.1721044  -0.08759159  0.3740909  -0.4466927   0.48959562  0.32898509
  -0.19693135  0.4863169  -0.0028782 ]]","['bbo_main', 'random_fill', 'random_fill', 'random_fill']","[[0.06629974 0.16652768 0.32309435 0.14793425 0.05025476 0.74933366
  0.11905017 0.06537111 1.00000031]
 [0.03252979 0.02810177 0.17407457 0.1548903  0.0401742  0.2600743
  0.12041351 0.82516926 1.00001313]
 [0.27500448 0.2973542  0.09784587 0.07488867 0.47359434 0.09715035
  0.08749119 0.24868817 1.00000034]
 [0.03245482 0.03182827 0.18422195 0.10418059 0.39047666 0.19414575
  0.0380217  0.71846954 1.00000017]]",[0.49567844 0.13094766 0.48048761 0.60809027],4,0.373989958890434,0.07945408820429338,0.10472705780495604,0.16649454997912605,0.34079277436053534,856.4267207700759
18,"[[-0.13042106 -0.02201229  0.48103909  0.45966161 -0.28490073 -0.33853471
  -0.20586615 -0.02383277 -0.54872157]
 [ 0.46376419 -0.10608327  0.42191153  0.55683965  0.07478854 -0.32312069
  -0.01613213 -0.24854401  0.3369788 ]
 [-0.12171242 -0.27520751 -0.47234321 -0.45281479 -0.30857119 -0.38384921
  -0.30665513 -0.37162519  0.08123132]
 [ 0.45218957  0.43997499 -0.07198924 -0.04622374  0.02858552 -0.36445736
   0.47729217 -0.12947401 -0.46519876]]","['bbo_main', 'random_fill', 'random_fill', 'random_fill']","[[0.03742974 0.03240203 0.32847872 0.32181939 0.05095424 0.05305936
  0.04673621 0.0460436  0.15531301]
 [0.56956903 0.04055575 0.36750087 0.5242375  0.0541072  0.03747312
  0.04061304 0.02632151 0.99999986]
 [0.12509714 0.05656259 0.11360198 0.07615805 0.07151722 0.04664284
  0.0563224  0.03008754 1.00000002]
 [0.26541071 0.27417373 0.14700647 0.14425337 0.07109294 0.05384537
  0.13817698 0.06786233 0.3842381 ]]",[ 0.17192257  1.02853229 -0.10613044  0.08421991],4,0.3709669136925493,0.08884162156992845,0.11531063905094356,0.16055710262737516,0.34453163931625885,879.1759937321767
19,"[[-0.25348394  0.36715962 -0.18808342 -0.52667615 -0.13285709  0.37846545
   0.36108691  0.43522323  0.08652427]
 [-0.1068182   0.46639398  0.52553637 -0.42538634  0.48885356 -0.02121139
  -0.14700023 -0.21921976 -0.06950123]
 [ 0.35929781 -0.27363393 -0.57624364 -0.3351183  -0.25979441  0.1973313
   0.34912085  0.33944545  0.09015094]
 [ 0.51997773  0.12414098 -0.14873562  0.37530431  0.5322382  -0.28811656
  -0.06638614 -0.11147924 -0.41001607]]","['bbo_main', 'random_fill', 'random_fill', 'random_fill']","[[0.03372406 0.13061499 0.12293575 0.07539701 0.06805159 0.20409863
  0.30718221 0.67176606 1.00000062]
 [0.0317403  0.62072708 0.29918602 0.1458268  0.41657494 0.1268133
  0.03460423 0.02683054 1.00000008]
 [0.45742058 0.04453758 0.09528263 0.09367521 0.07051771 0.12117883
  0.36572314 0.37705938 1.00000005]
 [0.90475045 0.0513348  0.19117208 0.24087045 0.21997654 0.11488496
  0.05078645 0.04052725 1.00001318]]",[0.53459119 0.50179774 0.41728082 0.20485717],4,0.3498573033195802,0.10678363001017536,0.13531373167255978,0.15763874145024995,0.3644323692962354,996.0136378789321
20,"[[-0.00352719  0.47565712 -0.41135748  0.40957186 -0.19017092  0.48184274
   0.40941013  0.01597473 -0.02375992]
 [-0.14653209  0.53710051  0.53955805  0.44409588 -0.10526322 -0.17814844
  -0.06579215 -0.39304757  0.00866813]
 [-0.18461006 -0.16403178 -0.469729    0.42712614  0.35756513 -0.0121744
   0.43121887  0.43448331  0.18221999]
 [-0.09383653  0.23030129  0.61544502  0.09092722 -0.10499716  0.53756082
  -0.10482644 -0.11192611 -0.4770782 ]]","['bbo_main', 'random_fill', 'random_fill', 'random_fill']","[[0.04881924 0.74538587 0.11485355 0.21131538 0.07077623 0.26212449
  0.13519005 0.07119352 1.0000002 ]
 [0.02894719 0.80643202 0.38786165 0.25981943 0.04758586 0.04854687
  0.03764894 0.02509663 0.99999999]
 [0.03132153 0.02516409 0.10945499 0.29587623 0.17707558 0.0993621
  0.52416046 0.46200264 1.0000061 ]
 [0.03775445 0.03834009 0.34965795 0.2066985  0.06493814 0.2814218
  0.03849295 0.03278999 0.23810848]]",[0.53924762 0.73622133 0.73614011 0.2624383 ],4,0.35358576731963215,0.10630989369951449,0.13478891290581305,0.1530231412032283,0.33893596144166527,886.8172773330007
21,"[[ 0.36977868 -0.0582773  -0.44517639 -0.23421038  0.09042296  0.45335263
  -0.24750047  0.41161193 -0.40304488]
 [ 0.44238831 -0.33293054 -0.46476317 -0.09360599  0.02369302  0.40934568
  -0.13739074  0.24281793 -0.4719332 ]
 [-0.3736955  -0.20332545 -0.31774392  0.53634543  0.09578624  0.4143434
  -0.18971799  0.43514502 -0.15550968]
 [-0.26958301  0.06660199 -0.21780237  0.32689179  0.56013412  0.58243372
  -0.23000584 -0.08784638 -0.23450826]]","['bbo_main', 'random_fill', 'random_fill', 'random_fill']","[[0.09040655 0.04793419 0.1123211  0.09903795 0.15199986 0.31816159
  0.0524028  0.1604753  0.30059458]
 [0.09155728 0.04473181 0.13005809 0.12113367 0.14492736 0.25282213
  0.06866969 0.07246644 0.13158555]
 [0.0253254  0.02090473 0.11723807 0.79405784 0.1358195  0.17577755
  0.04265107 0.22196766 1.00000006]
 [0.03330137 0.03314936 0.15290242 0.16031034 0.65251916 0.57400199
  0.03743259 0.03303664 1.00000031]]",[0.04735292 0.00681364 0.39375182 0.46612812],4,0.3802102321756338,0.12245900557854023,0.15259066886091613,0.149345107865685,0.3330235578727297,873.9175987390336
22,"[[ 0.20130909  0.44374232 -0.23148683 -0.27263199  0.39344474  0.47722099
   0.38577493 -0.32137942 -0.00271882]
 [ 0.40567914 -0.22246473  0.51579997  0.32035524 -0.20193297 -0.36821064
  -0.09993348  0.47737822  0.05499206]
 [-0.25850871 -0.22853404 -0.38006067 -0.02125882  0.32134269  0.36616108
   0.42236686 -0.44221853 -0.3532157 ]
 [-0.20338337  0.17235212  0.5829876   0.44130497  0.49447077 -0.37434442
  -0.05659464  0.07673597 -0.02406015]]","['bbo_main', 'random_fill', 'random_fill', 'random_fill']","[[0.06837407 0.35166557 0.10039659 0.07970764 0.35403344 0.5444938
  0.10571985 0.04675132 1.00000007]
 [0.0821628  0.03799929 0.41869803 0.25249082 0.04257064 0.03191832
  0.04050215 0.75978826 1.00000059]
 [0.03212975 0.02892551 0.12277807 0.12739526 0.27692841 0.28413055
  0.77264581 0.05474155 0.99999983]
 [0.02762662 0.03132064 0.74448099 0.32591107 0.37453236 0.08488677
  0.0438988  0.04337424 1.00000039]]",[0.54701868 0.71503128 0.07765541 0.70783092],4,0.31979167515636897,0.1286549301108508,0.15937595630781404,0.14691544221312938,0.3031345748723221,1237.7966113761067
23,"[[-0.25267175 -0.2036484   0.42049505  0.52964539 -0.00089889  0.04614656
   0.48537098 -0.18304151 -0.40758373]
 [-0.16375176  0.05625494  0.51572892  0.40641947 -0.16770373  0.18951904
   0.5672135  -0.3051629  -0.24488789]
 [ 0.28583819 -0.10184726  0.29052402 -0.71532172 -0.24586822  0.37018673
   0.14797121 -0.03721684 -0.30176867]
 [ 0.40818552  0.27751241  0.47575463  0.464057   -0.24341799  0.47218696
   0.06940576 -0.16437229 -0.02513588]]","['bbo_main', 'random_fill', 'random_fill', 'random_fill']","[[0.02278338 0.02167141 0.35779473 0.40519674 0.06178892 0.06926548
  0.7185004  0.05910569 0.99999993]
 [0.03350664 0.03047134 0.35885364 0.26277197 0.06539281 0.08651513
  0.8576836  0.05820475 1.00000045]
 [0.101067   0.05274678 0.16026674 0.0793741  0.0540277  0.45825717
  0.0945008  0.06520872 0.44561467]
 [0.13328612 0.05403394 0.39440856 0.27821126 0.04075482 0.71997372
  0.04125554 0.02600228 1.00000047]]",[0.288369   0.51736368 0.04674103 0.68964331],4,0.32657603935036184,0.12817793205735975,0.1588543996297851,0.14414655256915007,0.3080046330911599,812.0212855071295
24,"[[-0.16247552 -0.27529745 -0.52186125  0.46793288  0.33795207 -0.22751124
   0.31482766  0.13243517 -0.35197184]
 [ 0.22941968  0.37007825 -0.62005742 -0.21337112 -0.09605033  0.35596987
   0.30770571  0.18872637 -0.33788991]
 [-0.13760644  0.42418874  0.41511822 -0.3739833   0.20563225 -0.5471667
  -0.18018466  0.33839085  0.01705392]
 [ 0.45488    -0.17879286 -0.57090411  0.24862717  0.20193817 -0.03524493
   0.49687988 -0.28180157  0.07104472]]","['bbo_main', 'random_fill', 'random_fill', 'random_fill']","[[0.032919   0.02355035 0.08942527 0.6482563  0.18002096 0.10175279
  0.14393725 0.08329231 0.66209716]
 [0.10587856 0.35616422 0.0794218  0.09285799 0.08634427 0.20716654
  0.1705706  0.09973029 0.51272777]
 [0.03205781 0.86236271 0.28840569 0.16226595 0.0668719  0.03984846
  0.04170003 0.12168261 1.00000142]
 [0.11401722 0.04575431 0.13067551 0.2074429  0.15447511 0.11141806
  0.89372147 0.0634979  1.00000058]]",[0.10583623 0.05055336 0.46309468 0.54514703],4,0.329375852460752,0.1382078585197961,0.169794121401879,0.14080202853297805,0.30743543235785575,719.060595265124
25,"[[-0.19513461  0.38840505  0.43833181 -0.4580382  -0.30796943 -0.03171555
   0.36941252  0.23247123 -0.35038652]
 [ 0.36403666  0.44542892 -0.24603587  0.56315863  0.13860757 -0.20278601
   0.38834825 -0.26448947 -0.1014191 ]
 [ 0.51231086  0.02945588  0.32468061  0.05351257 -0.21654858 -0.39044684
  -0.26548863  0.38535065 -0.45833119]
 [ 0.45610164  0.13766513  0.5811097   0.24980366 -0.28811022 -0.10052573
   0.46355239 -0.23251556  0.10426901]]","['bbo_main', 'random_fill', 'random_fill', 'random_fill']","[[0.02939754 0.27931424 0.25443972 0.13429999 0.04410385 0.06236793
  0.26244027 0.13965836 0.44376853]
 [0.2016029  0.26890639 0.10804456 0.71071071 0.07580445 0.05513699
  0.11035854 0.05168759 1.00000188]
 [0.85746647 0.05043962 0.28211062 0.19767563 0.05264134 0.04935956
  0.04595221 0.19353529 0.99999994]
 [0.42718263 0.04832845 0.60460236 0.25317521 0.04716264 0.05550934
  0.23330329 0.05754478 1.00000085]]",[0.11112917 0.49392306 0.11632542 0.79594542],4,0.3266334300191964,0.15978476936283692,0.1931521645698149,0.13803234427426647,0.29830136912553484,897.8559728050604
26,"[[-0.06756718  0.39872904 -0.27946632  0.36704744 -0.45648233  0.34357035
  -0.32147567  0.40918026 -0.16258165]
 [ 0.39729408 -0.00978457 -0.51855976  0.44054793  0.22329523  0.43965732
  -0.28497218  0.06439373 -0.22485543]
 [-0.13848999  0.13210563  0.49297194 -0.38013133  0.55503926  0.07629723
  -0.23483435 -0.09228894 -0.44530124]
 [ 0.10293396  0.13223872  0.45184107 -0.53447471  0.34299041  0.26098674
   0.21504198 -0.31536657 -0.38812153]]","['bbo_main', 'random_fill', 'random_fill', 'random_fill']","[[0.04232752 0.31643451 0.14507007 0.25928765 0.04781265 0.1941146
  0.03528342 0.55612989 1.00000004]
 [0.49537348 0.04761465 0.08920976 0.43154551 0.1989901  0.31130977
  0.03690521 0.03546966 1.00000202]
 [0.04097134 0.03819577 0.2758413  0.16253594 0.48147203 0.16946817
  0.03955532 0.0394831  0.40968245]
 [0.05444957 0.04103189 0.26145206 0.14241093 0.25826236 0.18741527
  0.0604753  0.03438399 0.17541595]]",[0.27643969 0.28841329 0.1583697  0.12462332],4,0.3103254357629614,0.18387654278407936,0.21898811046446226,0.1341952966275687,0.3062955026963926,956.9950056169182
27,"[[-0.14716488  0.31650072 -0.27961355 -0.42564507  0.47176154  0.34519027
   0.07241904  0.33826529 -0.3967734 ]
 [ 0.39656669 -0.32290888 -0.00906143 -0.36028919  0.49572169  0.49541239
  -0.2757013   0.15239635  0.13477768]
 [ 0.37273442 -0.42027489 -0.09612046 -0.26656026  0.39257834 -0.22953793
  -0.16441434  0.42352418 -0.43696034]
 [ 0.33647667 -0.45668475  0.23537477 -0.46877257  0.39751448  0.4699494
   0.04082071 -0.14912677 -0.01726718]]","['bbo_main', 'random_fill', 'random_fill', 'random_fill']","[[0.04549846 0.14054937 0.11737582 0.08847759 0.38865792 0.21562459
  0.07974028 0.08628897 0.37714659]
 [0.08292665 0.0407995  0.1328804  0.09207475 0.68827537 0.51186094
  0.04095975 0.05699771 1.00000003]
 [0.07884181 0.04111339 0.14467912 0.11607068 0.20390388 0.11716925
  0.05078039 0.28333836 0.2461808 ]
 [0.06770726 0.03536434 0.15793457 0.09190167 0.37903894 0.80647746
  0.05145277 0.04004817 1.00000012]]",[0.11041519 0.71228036 0.02449551 0.50926235],4,0.2880021023696559,0.18291072556107194,0.21795681902863195,0.13178356835403163,0.2564785926294758,1010.6994459549896
28,"[[-0.06616674  0.47809491 -0.52710341  0.45352168  0.33453579 -0.02825436
  -0.04041026 -0.14759948 -0.38392213]
 [-0.20923417  0.30197555 -0.42278075  0.26336182  0.35018833 -0.62248382
  -0.25157513  0.1767491  -0.11081765]
 [-0.12582228  0.23767258  0.38617048 -0.66761759  0.36910413 -0.3111749
   0.2324232   0.17435044  0.1239085 ]
 [ 0.01099801  0.4832341  -0.53368477  0.3627354   0.44818179 -0.1139232
   0.15045157  0.10963794  0.31853709]]","['bbo_main', 'random_fill', 'random_fill', 'random_fill']","[[0.04427473 0.83280216 0.10769893 0.28147978 0.17223793 0.11272503
  0.04678292 0.03365244 1.00000527]
 [0.03567342 0.36613554 0.1186548  0.23508498 0.61866246 0.06719125
  0.04573424 0.06848879 1.00000044]
 [0.0353371  0.1629038  0.20063211 0.08546128 0.77591295 0.10204835
  0.1639076  0.11185469 1.00000004]
 [0.05121717 0.86882731 0.10324577 0.20365439 0.20452813 0.11504626
  0.07949749 0.05537292 1.00000149]]",[0.1297707  0.17945227 0.49083845 0.85431064],4,0.2863186658176208,0.2027428423821658,0.2390654282073557,0.12972427245010157,0.2787822985652075,957.6764885550365
29,"[[ 0.35623759  0.04940118 -0.33372665  0.53291893  0.4001812  -0.34314573
   0.3055738   0.27541367 -0.16779812]
 [-0.02847222 -0.28070957  0.14575284  0.14017552  0.51702834 -0.14363833
   0.51417115 -0.48543738 -0.30253381]
 [ 0.20299184  0.13385008 -0.5742568   0.34282679 -0.3736319  -0.08639423
   0.47338084  0.34822477 -0.03409862]
 [-0.2464338  -0.09347766  0.47522838  0.33316967 -0.50658289  0.47798135
  -0.10942853  0.28542712  0.12309599]]","['bbo_main', 'random_fill', 'random_fill', 'random_fill']","[[0.09201669 0.0432871  0.09512455 0.84248919 0.19189657 0.08114605
  0.14970382 0.0973994  0.99999995]
 [0.03978147 0.02860802 0.20865127 0.18462125 0.29465705 0.12596631
  0.8496221  0.05432702 0.99999995]
 [0.06364311 0.0416368  0.12525644 0.27388681 0.05870144 0.05714343
  0.83235573 0.21240158 1.00000027]
 [0.02430355 0.02430449 0.38680964 0.25250764 0.03615078 0.8052817
  0.04428518 0.06090884 1.00000023]]",[0.40587214 0.28932514 0.44747502 0.76192092],4,0.2783116719227665,0.21098523245058004,0.24779846030181127,0.12885563251941382,0.26631763389078245,1126.9470339601394
30,"[[ 0.39104921 -0.07329197  0.37643821  0.62309084  0.02589429 -0.20931157
  -0.0193442  -0.27310108 -0.43854377]
 [ 0.35303526  0.31524974 -0.34781947 -0.45696286  0.21231997  0.40030471
  -0.37952038 -0.05575379 -0.3061412 ]
 [-0.21579494 -0.10012394  0.07919656  0.55734765 -0.40401995  0.25898092
  -0.05305035  0.50354496 -0.37393067]
 [ 0.21869126 -0.11421486  0.55727421  0.37503128 -0.15935599 -0.19204088
   0.096952    0.47561556 -0.43593832]]","['bbo_main', 'random_fill', 'random_fill', 'random_fill']","[[0.0746935  0.03847102 0.30120219 0.60091554 0.05770785 0.05034689
  0.04029685 0.02619943 0.50146951]
 [0.58014625 0.3385556  0.09082942 0.06812953 0.17436235 0.28449274
  0.03202145 0.04016273 1.00000689]
 [0.03082133 0.02610641 0.22966117 0.4486362  0.05326319 0.07816711
  0.05182576 0.7189228  1.0000036 ]
 [0.04983881 0.0327108  0.44591669 0.26072622 0.04515338 0.04512504
  0.06759149 0.26433543 0.42753584]]",[0.27730338 0.07918581 0.24302271 0.28347621],4,0.2885811598837144,0.22361171452298875,0.26113438783908993,0.12637826170568747,0.2500107439374012,819.7012517340481
31,"[[-0.15111483 -0.23203186 -0.60415675 -0.42472089 -0.34459478 -0.35816558
   0.13872396 -0.31165156 -0.12055349]
 [ 0.20043552 -0.11482499 -0.67202318  0.39790889  0.01597061  0.40290017
   0.26738701  0.29897658  0.11501204]
 [-0.20405706  0.45117553  0.62222134  0.21767056 -0.22434612  0.03026764
  -0.33139157  0.3514006  -0.18897466]
 [ 0.32001244  0.17049713 -0.54916247  0.30859339 -0.12444833  0.47593508
   0.38732154  0.27140835 -0.07766209]]","['bbo_main', 'random_fill', 'random_fill', 'random_fill']","[[0.06490764 0.04223388 0.10602898 0.09886705 0.06248401 0.06041632
  0.35095517 0.09188153 0.54501065]
 [0.06145517 0.03692624 0.06644663 0.43668482 0.10877353 0.57157581
  0.18732521 0.1239264  1.00000051]
 [0.02592621 0.19994177 0.88710604 0.24652698 0.05168808 0.05911241
  0.03547085 0.07868556 1.00000108]
 [0.08625944 0.04671306 0.10384191 0.1900884  0.07263822 0.78589266
  0.23384082 0.1245855  1.00000071]]",[-0.21447991  0.57136152  0.50767011  0.44891965],4,0.28263236721825985,0.22312563693786158,0.2606219112238635,0.12485187799420254,0.24100633955451645,843.2481886870228
32,"[[-0.15353276 -0.44021738  0.44601103 -0.42562421  0.05593406  0.30400661
  -0.1121227   0.3664388  -0.40019622]
 [-0.31322007 -0.51664198  0.28178839 -0.48972766 -0.09722561  0.1714552
  -0.17187402  0.36750511 -0.33509102]
 [ 0.15099872  0.23622672 -0.64146709  0.26377154 -0.3176326  -0.22793915
   0.22064345  0.35552791 -0.33527678]
 [-0.18428162 -0.01838287  0.37263614  0.60510005  0.51407258 -0.15966734
  -0.0916798  -0.19718599 -0.35163449]]","['bbo_main', 'random_fill', 'random_fill', 'random_fill']","[[0.03201821 0.02300383 0.27763378 0.16012458 0.11947826 0.14745258
  0.04814429 0.20165556 0.18551825]
 [0.02768228 0.02147138 0.21518081 0.12077095 0.10856738 0.12364457
  0.04899857 0.40772794 0.37787854]
 [0.07316084 0.06238406 0.11276829 0.21677632 0.05569141 0.0517457
  0.17739993 0.37167002 0.439451  ]
 [0.02566272 0.02531528 0.2754696  0.73894523 0.40808473 0.09975791
  0.03531336 0.02543053 1.00000721]]",[0.08639442 0.00716771 0.00508545 0.37855919],4,0.27644351897161956,0.24210781808669898,0.280583343092331,0.12355710340540134,0.2550362465142421,777.3751092969906
33,"[[ 0.43199522  0.40184814  0.16623026 -0.29580422 -0.029834    0.24599209
   0.4666319   0.50391484 -0.06072804]
 [-0.09261742 -0.0884589  -0.57448122 -0.45953408 -0.28245324  0.07611817
  -0.52463936 -0.28512886 -0.01667484]
 [-0.16661721 -0.29608277  0.35679776  0.59312023 -0.26243902  0.10671833
   0.41299023  0.38235894  0.09195168]
 [-0.2718966   0.49407454 -0.40341236  0.10941463  0.27401932  0.52069344
  -0.24591912  0.28529112 -0.13847026]]","['bbo_main', 'random_fill', 'random_fill', 'random_fill']","[[0.12946856 0.11188702 0.1477067  0.10570876 0.08343985 0.10265391
  0.46286077 0.59863803 0.99999998]
 [0.09227026 0.061686   0.0797513  0.06790684 0.07142483 0.65752956
  0.0212542  0.02921424 1.0000001 ]
 [0.02335409 0.01718183 0.2686581  0.86599117 0.04476665 0.05624404
  0.19278961 0.12285318 1.00000031]
 [0.03048797 0.81898603 0.11252727 0.1162228  0.20423546 0.24935046
  0.04544    0.059396   1.00000005]]",[ 0.57385847 -0.09730332  0.81331476  0.41677208],4,0.2505119714775582,0.2562548362956646,0.29539439517699634,0.1219481193450815,0.23667575182694417,696.2034128231462
34,"[[ 0.46166922 -0.12809738  0.38053908 -0.36879269  0.28729359  0.19899891
   0.48221027 -0.32951835 -0.16244163]
 [ 0.19814462 -0.07938401 -0.70450975  0.16247985  0.35214329  0.07874793
  -0.32819242  0.41336993  0.15136744]
 [-0.24393733  0.36966782 -0.61126896  0.236922    0.37780486 -0.15413624
   0.37533405 -0.23086903 -0.11570595]
 [ 0.22643371 -0.50727877 -0.48771586  0.1048405   0.39381999  0.28075301
  -0.20678781  0.36053506 -0.18940582]]","['bbo_main', 'random_fill', 'random_fill', 'random_fill']","[[0.77488266 0.04550386 0.22911456 0.15373227 0.17415489 0.14444886
  0.26934696 0.05756559 1.00000007]
 [0.065961   0.04226993 0.08134152 0.12078356 0.24362955 0.1485564
  0.04223411 0.84514754 1.00000776]
 [0.03217448 0.3682804  0.08832204 0.14586869 0.29824876 0.11758094
  0.53857681 0.06012692 0.99999996]
 [0.05231113 0.02568075 0.09707955 0.11931734 0.59268376 0.20863869
  0.0444238  0.48204608 1.00000559]]",[0.40965231 0.55639057 0.275979   0.23116775],4,0.26938555371180195,0.2777681695606784,0.31781744322221733,0.12070312403024533,0.22953941696952873,1089.5804416548926
35,"[[ 0.35446917  0.21174329  0.47630051 -0.3248414   0.3501711  -0.15177457
  -0.29231852  0.36893792 -0.3604326 ]
 [-0.44628836 -0.04747959  0.38398082 -0.2921095   0.43914034  0.37941172
   0.3659354   0.27345755 -0.14254092]
 [-0.07237141  0.3945884  -0.16551833  0.51161168  0.28479767  0.46943921
   0.41680217 -0.26066505  0.08225776]
 [-0.03349966 -0.29376054 -0.61084216 -0.59369581 -0.24180784 -0.29039267
   0.03081758  0.1527363   0.14107664]]","['bbo_main', 'random_fill', 'random_fill', 'random_fill']","[[0.11964181 0.05310279 0.31007883 0.15924268 0.18605329 0.10749925
  0.03288767 0.21448768 0.31491388]
 [0.01925429 0.02876292 0.2466097  0.14612365 0.78225345 0.2662983
  0.19292551 0.10064981 0.99999999]
 [0.03694767 0.15270801 0.1306451  0.44637867 0.19536045 0.48498269
  0.22748702 0.050741   1.00000048]
 [0.0579145  0.03579665 0.08180704 0.06814868 0.06009192 0.07075174
  0.19690489 0.7504655  0.99999991]]",[0.15446415 0.44218722 0.7114878  0.12380506],4,0.2576386553557477,0.27874739349065,0.31883532750383237,0.11920308881030536,0.23740558671198808,924.0181973881554
36,"[[ 0.18838061 -0.13210205  0.33582467  0.36818279  0.53197036 -0.36781266
  -0.19123591  0.48798264 -0.07581666]
 [-0.24472402  0.16053988 -0.39116384 -0.53549793 -0.21146031 -0.56663108
  -0.29931104 -0.00252697 -0.13852865]
 [ 0.38586381  0.48965482 -0.16975338  0.52330164 -0.11059955  0.06727896
  -0.09120525 -0.31093131 -0.43235524]
 [-0.34113632  0.0942401  -0.50658551 -0.45421503 -0.35446111  0.13041641
  -0.36438743  0.26703449 -0.25508411]]","['bbo_main', 'random_fill', 'random_fill', 'random_fill']","[[0.04974924 0.03289449 0.25814636 0.21945088 0.69993506 0.08925899
  0.03418332 0.35357085 1.00000035]
 [0.05131403 0.65536485 0.11269521 0.07472233 0.05948631 0.0391938
  0.05168146 0.07058214 0.78298874]
 [0.18657069 0.35070464 0.14268436 0.34245507 0.07069755 0.07179385
  0.04171083 0.0261748  0.52343924]
 [0.03952835 0.04181645 0.12035856 0.09090047 0.07576617 0.14441389
  0.05019475 0.52764607 0.55586112]]",[ 0.60221311 -0.15034251  0.15745783 -0.13900822],4,0.25893628511422195,0.2914875786548774,0.3320575488846655,0.11782850181557274,0.2303943033070755,831.8081907629967
37,"[[-0.11060051  0.46036297  0.22010778 -0.41096538 -0.23601696  0.49218065
  -0.25478688  0.17830645 -0.40476925]
 [ 0.05041828  0.5058487   0.42776519 -0.06275373 -0.30250445  0.47904411
  -0.23511701 -0.16327121 -0.38951804]
 [ 0.4030652   0.45724621 -0.22610435 -0.30881834  0.42437293 -0.25045595
   0.22793924  0.08790347 -0.42363725]
 [-0.2424824  -0.59772651 -0.46753426 -0.20333969  0.11585156 -0.45225337
  -0.25123465 -0.19750142  0.06252707]]","['bbo_main', 'random_fill', 'random_fill', 'random_fill']","[[0.03915081 0.36778051 0.1807262  0.10779189 0.06944202 0.29148746
  0.04270798 0.05195999 0.48524657]
 [0.04751076 0.8517827  0.27430861 0.18279623 0.05616984 0.20983323
  0.03401982 0.02810646 1.00000852]
 [0.21106247 0.39037891 0.11140638 0.09237335 0.18696329 0.10598688
  0.08546582 0.06028693 0.47778856]
 [0.03958387 0.0194066  0.10832988 0.12385412 0.77418377 0.10468221
  0.0538105  0.03960029 0.99999995]]",[ 0.0895084   0.22055589  0.08502369 -0.01349621],4,0.25023216411982063,0.3032642931512802,0.3442461324295069,0.11587633251415465,0.2334586433048848,862.0654167099856
38,"[[ 0.36660058 -0.12717614  0.52827974 -0.47620228  0.11030611  0.12163745
   0.37412976  0.29612707 -0.29825277]
 [ 0.3641264  -0.09900919 -0.59466491 -0.03529584  0.26979124  0.44040833
   0.35166975  0.2292766  -0.2444398 ]
 [-0.20608768  0.37020853  0.3866911   0.58579385 -0.39835339 -0.04920257
  -0.18738553  0.12460253 -0.34065177]
 [-0.34827221  0.11913719  0.44497294  0.42045136  0.37142533  0.46896295
  -0.17687608 -0.31660358  0.01807048]]","['bbo_main', 'random_fill', 'random_fill', 'random_fill']","[[0.09840348 0.04068362 0.78743398 0.15630151 0.09191756 0.09445585
  0.26465516 0.14843155 1.00001137]
 [0.10656266 0.04591191 0.08108706 0.10110885 0.19849506 0.78980739
  0.19611844 0.11072164 1.00000042]
 [0.02993547 0.05659342 0.3605176  0.90388173 0.03867345 0.04896647
  0.04040199 0.04339079 1.00000007]
 [0.01865435 0.02769632 0.35777657 0.24796723 0.23709137 0.76368014
  0.03034035 0.02294911 1.00000008]]",[0.23879731 0.23377311 0.32304843 0.71189958],4,0.2617816434013986,0.3209580939010452,0.3625002782676878,0.1146739472824714,0.24167062379679435,1139.8704406041652
39,"[[ 0.25699732  0.43804383  0.3255743   0.529382   -0.22006001 -0.30139859
  -0.10811757  0.44305523  0.09258077]
 [ 0.42744987 -0.1694731  -0.60960036 -0.04574369 -0.31655922  0.12671099
   0.39103578 -0.12791349 -0.35961665]
 [-0.31070353  0.28154799  0.27626729 -0.476405    0.25035691  0.29704173
  -0.57488428  0.18590268  0.07031777]
 [ 0.27952012 -0.19809397 -0.58022295 -0.48870085 -0.4237689  -0.11796979
   0.07591106 -0.32616515 -0.03869043]]","['bbo_main', 'random_fill', 'random_fill', 'random_fill']","[[0.07316299 0.16938785 0.29347157 0.49303178 0.0414385  0.0310207
  0.03884794 0.50480378 1.00000013]
 [0.85687062 0.04982204 0.1257305  0.12489242 0.08125879 0.17492038
  0.18121043 0.08974837 1.00001369]
 [0.02219331 0.61305058 0.15673191 0.07466105 0.36521934 0.2721196
  0.01785312 0.06700275 1.00000052]
 [0.8579369  0.06813816 0.12001255 0.09810732 0.07002864 0.11082228
  0.10721625 0.06110344 1.0000016 ]]",[ 0.74311898 -0.02833338  0.418215    0.01550266],4,0.2404104400534398,0.33720666058370197,0.37920399553537837,0.11327505381010884,0.236422511480208,713.4343393400777
40,"[[ 0.44217224  0.35750646 -0.10145962  0.35819511 -0.31317935 -0.41785424
   0.39780592  0.32491885 -0.03962038]
 [ 0.34668713  0.46014745 -0.35728443  0.35467912  0.23622057 -0.1703816
  -0.26074676  0.44311699 -0.25583457]
 [ 0.37300521  0.22487909  0.17194511  0.55476973 -0.32778846 -0.02113128
  -0.09644285  0.43703848 -0.40591412]
 [ 0.28951146  0.37027468  0.22520406 -0.63790529 -0.37958232  0.09174107
  -0.20519605 -0.05375783 -0.3520586 ]]","['bbo_main', 'random_fill', 'random_fill', 'random_fill']","[[0.7480944  0.23237687 0.17214792 0.20731904 0.04381309 0.03107964
  0.18495706 0.1238992  1.00000014]
 [0.184315   0.74762994 0.11853626 0.19961778 0.11516257 0.08386019
  0.03760411 0.19106343 1.00000057]
 [0.09130296 0.04755367 0.23899084 0.53940267 0.04164121 0.04957646
  0.0459283  0.13794043 0.4760069 ]
 [0.19158708 0.42016645 0.15795533 0.08214731 0.05973742 0.09339672
  0.04412834 0.04276927 0.46481991]]",[0.51816311 0.26830787 0.23302866 0.00510869],4,0.23180496891712776,0.34706749151949584,0.3893142456149714,0.11165670887884656,0.22855169971321815,811.8685482230503
41,"[[-0.14316014 -0.21508531  0.06199168  0.0983096  -0.51766613  0.46372308
   0.42521145 -0.34315673 -0.3716949 ]
 [ 0.47473968 -0.23847172  0.63977078 -0.04125326  0.42445335  0.3482648
  -0.07230746  0.00145775  0.00809131]
 [ 0.35124501 -0.18949751  0.23342939 -0.21793716  0.35712716 -0.46159769
   0.32281311  0.35117359  0.41302338]
 [ 0.3079799   0.25791542  0.45701908  0.07798978 -0.44327875 -0.39670819
   0.3272309   0.05366286 -0.39980741]]","['bbo_main', 'random_fill', 'random_fill', 'random_fill']","[[0.03103306 0.02780632 0.21650267 0.18111325 0.04057275 0.44154003
  0.30527544 0.05737181 0.57561343]
 [0.42617336 0.03943065 0.63186019 0.19264633 0.23462012 0.16910709
  0.03802653 0.03571687 1.00000074]
 [0.61602568 0.04138499 0.18800972 0.14354539 0.15858138 0.06164385
  0.27620358 0.2972609  1.00000444]
 [0.08482859 0.12237186 0.35260858 0.21835168 0.03883862 0.03611115
  0.114761   0.06581514 0.21949069]]",[0.10071878 0.75308984 0.85589329 0.15765438],4,0.22866120376840005,0.35348227396883564,0.395880665766056,0.11116066737161007,0.23037368119327195,809.9960347879678
42,"[[ 0.36388903 -0.41864099  0.10591887  0.45137151 -0.44979023  0.3102012
   0.40662997 -0.09761331 -0.06290567]
 [ 0.2408401   0.13819409  0.54911953  0.26854797  0.38286309 -0.05335465
   0.4351145  -0.30179807  0.34555839]
 [-0.05885263 -0.1117474   0.3828055   0.40373549 -0.11390104  0.52622214
   0.43291266  0.43955444 -0.06326003]
 [ 0.02842036 -0.29626805 -0.63997168  0.22629685 -0.49742363 -0.41360312
  -0.17658673  0.0084781  -0.02984875]]","['bbo_main', 'random_fill', 'random_fill', 'random_fill']","[[0.09096442 0.03244375 0.22383159 0.48605529 0.04531321 0.1255759
  0.64952301 0.06136742 1.00000053]
 [0.056961   0.0388394  0.70616203 0.25110192 0.16544101 0.09580986
  0.39874957 0.05140203 1.00000357]
 [0.02831121 0.02394812 0.2684469  0.21037147 0.04855328 0.73112557
  0.25524568 0.17148716 1.00000014]
 [0.06307077 0.03420254 0.08090825 0.87167202 0.04104024 0.03200535
  0.06805899 0.06554745 1.00000006]]",[0.47641007 1.03606381 0.68517623 0.06217378],4,0.2400545634254555,0.35940723196564783,0.40193835628524266,0.11032476351233172,0.20884941819637026,1096.0378195960075
43,"[[-0.17672851 -0.24540002  0.11658212 -0.73194467 -0.35398379 -0.18875487
  -0.26661093 -0.34475977 -0.0913119 ]
 [ 0.29490085 -0.09461644 -0.55268255  0.44721378  0.33718359  0.31201088
   0.32390947 -0.21213908 -0.19405968]
 [-0.11075157  0.3903141   0.13627173 -0.06082277  0.54094565 -0.54185557
  -0.16596083 -0.09491894 -0.43627668]
 [-0.23386013 -0.16464792 -0.29441386  0.52505445  0.13748644  0.42898304
   0.13430437 -0.41540085 -0.40288249]]","['bbo_main', 'random_fill', 'random_fill', 'random_fill']","[[0.05284072 0.03813324 0.31114592 0.09389295 0.05236557 0.07895699
  0.04324868 0.02984222 0.4655212 ]
 [0.07615905 0.03873525 0.06370099 0.74439248 0.29674153 0.18891109
  0.13808966 0.05016042 1.00000003]
 [0.04199977 0.19035477 0.20458051 0.16876809 0.42924666 0.10408703
  0.03967985 0.03824783 0.41098935]
 [0.03064921 0.02541015 0.13770042 0.53639699 0.1544865  0.18201503
  0.05034387 0.02811682 0.44724016]]",[-0.14891342  0.3155171   0.07353837  0.14396294],4,0.24370959353580943,0.37819216562286956,0.42109847604759304,0.10918563172258627,0.21886692725066625,1067.511855368968
44,"[[-0.20636881  0.23425374 -0.38006199  0.24802282  0.39886209 -0.48499314
   0.34790828  0.24937382 -0.34501867]
 [ 0.32023424 -0.32352277  0.47653337  0.2015546  -0.35235568  0.40863891
  -0.3500669  -0.11064814 -0.31487236]
 [ 0.27266621  0.37343898  0.41648546  0.43963024  0.35700631 -0.28885719
  -0.24575286 -0.36387966  0.12556559]
 [-0.21789255 -0.15145132 -0.12156135  0.17766708  0.41702742  0.48103553
   0.35990818  0.51059705 -0.29612884]]","['bbo_main', 'random_fill', 'random_fill', 'random_fill']","[[0.03651025 0.13288717 0.12906255 0.168012   0.27266101 0.08124708
  0.25527847 0.14673493 0.42054468]
 [0.06472276 0.03113019 0.73699918 0.24985298 0.03937913 0.41790803
  0.02564385 0.02674105 0.99999991]
 [0.08880036 0.18633636 0.58735492 0.52753636 0.17029407 0.06135332
  0.02413507 0.01968961 1.00000264]
 [0.02931437 0.02721459 0.14026027 0.13310985 0.27095963 0.204135
  0.13357084 0.80902169 1.00000001]]",[0.06587322 0.24230862 0.72588756 0.37231221],4,0.22582355369321827,0.3880925314389051,0.4311691908651142,0.10802113224906024,0.20615053911013803,930.7712771289516
45,"[[-0.3166057   0.30373106 -0.44911041  0.3307831   0.35261732  0.3607728
   0.24187817 -0.25802224 -0.34178085]
 [-0.03755733  0.0492393   0.44022732 -0.49349219  0.10263457  0.32227088
   0.36508667  0.42411076 -0.36232544]
 [ 0.37357414  0.49555381  0.30508706 -0.3736316   0.26356406 -0.28186137
   0.33632234 -0.34616397  0.01833127]
 [-0.12512457 -0.22829594 -0.11109756 -0.75108651  0.31038545 -0.42521952
  -0.09884044  0.17105116 -0.19892837]]","['bbo_main', 'random_fill', 'random_fill', 'random_fill']","[[0.03144717 0.14923052 0.11454641 0.21006474 0.29353122 0.22272571
  0.08095028 0.04512843 0.33316934]
 [0.03608749 0.03510129 0.2089991  0.11080232 0.09892626 0.13325195
  0.30622461 0.40304414 0.53530812]
 [0.19189481 0.88105381 0.17408811 0.10970696 0.11612557 0.07980025
  0.07139    0.03775843 1.00000029]
 [0.04346872 0.03522102 0.13643567 0.07339968 0.82697    0.11616039
  0.07599246 0.21792634 0.99999989]]",[ 0.13133411  0.17957465  0.55780319 -0.04564413],4,0.22401579495343615,0.4113944491020786,0.45479931244590627,0.10632644461455126,0.20497029062274955,1078.3662852940615
46,"[[ 0.3122248  -0.06574872 -0.30911989 -0.50980602 -0.36883452 -0.44056018
   0.27983456  0.19695844 -0.3090361 ]
 [-0.21267517  0.03448242  0.00285797 -0.52731877  0.33392583 -0.58292999
   0.33568803 -0.16149918 -0.29227505]
 [ 0.44798888 -0.15312068 -0.31606149 -0.08950069 -0.44210589 -0.39632
   0.3328634   0.29524962 -0.34272036]
 [-0.15845276  0.28072756  0.12093365 -0.38618629  0.29195815 -0.31703997
   0.49460537 -0.2867741  -0.46871336]]","['bbo_main', 'random_fill', 'random_fill', 'random_fill']","[[0.11182598 0.04907689 0.12994746 0.09889257 0.05648975 0.05522053
  0.24426652 0.24154249 0.34313317]
 [0.04014312 0.04932565 0.15200237 0.10238058 0.28914805 0.09193635
  0.39198598 0.09912782 0.54084197]
 [0.78737446 0.04672792 0.1503268  0.14265723 0.05385055 0.05223192
  0.21617546 0.22694034 1.00003019]
 [0.04484811 0.13743777 0.17820849 0.13939781 0.14041193 0.09969593
  0.20962899 0.07229359 0.16893842]]",[-0.0941731  -0.05992649  0.0370216   0.01234896],4,0.22367182579120468,0.4213252883587856,0.4648395536345625,0.10564706230432605,0.20245712933638277,586.9440388379153
47,"[[-0.13039673  0.4219203   0.11591471  0.55222801 -0.04838184 -0.27070844
   0.5228921  -0.07227421 -0.36376419]
 [ 0.37060966  0.43477505  0.27968159 -0.2442166   0.41215162  0.25860818
  -0.15500793 -0.51308693  0.10827187]
 [-0.12219341  0.19222471 -0.56774729 -0.54435315 -0.42266919  0.27566966
   0.18370411 -0.13734471 -0.14902121]
 [-0.07231333 -0.38893628  0.49346692 -0.21359166  0.40247468 -0.40698338
   0.3996408  -0.13401766 -0.2215254 ]]","['bbo_main', 'random_fill', 'random_fill', 'random_fill']","[[0.03680087 0.14386313 0.22380678 0.34808368 0.05629835 0.05025917
  0.7872982  0.06722278 1.00000552]
 [0.24577736 0.69606432 0.17385693 0.1118178  0.27741957 0.16618826
  0.03175626 0.02189987 1.00000016]
 [0.05889781 0.11365586 0.08455677 0.06905973 0.05458843 0.78419841
  0.15419079 0.08599763 1.0000025 ]
 [0.02854801 0.01965859 0.57220258 0.20290908 0.20334598 0.08747687
  0.53694061 0.06885435 1.0000061 ]]",[ 0.30078206  0.66446513 -0.01034977  0.25938192],4,0.2228835786846043,0.4292763911690864,0.4728653151521764,0.10553912023700089,0.19732821612527474,791.4655976549257
48,"[[ 0.39069437  0.05591398  0.06961415  0.44333504 -0.25859165  0.46381016
  -0.18513897  0.44437816 -0.35930706]
 [-0.27958575  0.33807834 -0.51907758  0.29476827  0.26845423  0.12556683
  -0.23860062  0.40568862 -0.37663877]
 [ 0.40391666 -0.08808195  0.20785759  0.59972826 -0.16282521  0.55227341
  -0.09557657  0.28435822  0.06856888]
 [-0.17723637  0.44110129  0.32250786  0.31009656 -0.35525298  0.44208301
   0.47692995 -0.15304215  0.03632601]]","['bbo_main', 'random_fill', 'random_fill', 'random_fill']","[[0.11119526 0.04639662 0.21830025 0.25817064 0.05013932 0.31110424
  0.03710495 0.67630282 0.9999998 ]
 [0.03729761 0.15723611 0.12267432 0.19380746 0.18058803 0.12210661
  0.04941183 0.22574306 0.30508106]
 [0.07590138 0.03849195 0.2368261  0.48196529 0.05399286 0.67778823
  0.04450262 0.04555687 1.00000108]
 [0.02920087 0.17597895 0.26694159 0.19765069 0.0492724  0.20929276
  0.77966806 0.06018371 1.00000094]]",[0.24137581 0.06487954 0.80834473 0.6938137 ],4,0.24678597063201685,0.44370223720648055,0.4873975356576898,0.10410788362190818,0.2151007195396105,832.1430579228327
49,"[[-0.18775977 -0.07610432  0.4789631   0.29581546  0.25086932  0.34866433
  -0.53917416  0.348429   -0.21313889]
 [ 0.41173829  0.39376501  0.04835542  0.2154103  -0.51532353  0.40670327
  -0.28582286  0.29479751 -0.16466537]
 [ 0.17179522  0.37687085 -0.27444093 -0.26362103  0.38334825  0.32473262
  -0.50510535  0.38846527 -0.1587358 ]
 [-0.23846801  0.42618423 -0.01053875  0.43067349 -0.34992682 -0.30574997
  -0.21660336  0.41184553 -0.37873964]]","['bbo_main', 'random_fill', 'random_fill', 'random_fill']","[[0.02318883 0.0223732  0.82747774 0.27179644 0.15548204 0.17650341
  0.01830287 0.16084864 1.00000033]
 [0.67972052 0.31548424 0.20026289 0.16163067 0.03757844 0.24096998
  0.03711813 0.06356277 0.99999996]
 [0.06997499 0.31208271 0.10286417 0.08361484 0.37934936 0.19732575
  0.02392564 0.46457048 1.00000039]
 [0.03100028 0.32604336 0.22340794 0.27348594 0.04159787 0.03396516
  0.04082337 0.16956148 0.45163619]]",[0.40425932 0.37069612 0.29851316 0.11198774],4,0.2108255069075951,0.4471871200801769,0.490902530907027,0.1035952978711199,0.198490521627537,803.0034107151441
50,"[[ 0.42099482  0.44393135 -0.19030039  0.40378146  0.51283469  0.34497974
   0.00525698 -0.20365624  0.05404321]
 [ 0.01158946 -0.34123346  0.52952598  0.33227403  0.11317065 -0.23581551
   0.38420494  0.36212034  0.38139282]
 [ 0.28275331 -0.42724174 -0.44598938  0.16872472 -0.50760883 -0.37921106
  -0.11464669  0.16255216 -0.26287958]
 [-0.25894381 -0.34625539  0.47913466  0.25353626  0.28676186  0.40206461
   0.41394889 -0.3124944  -0.07943489]]","['bbo_main', 'random_fill', 'random_fill', 'random_fill']","[[0.16309487 0.23766969 0.13540997 0.20268173 0.73830797 0.19697807
  0.04371988 0.02694451 1.00000048]
 [0.0283226  0.01688754 0.78947453 0.28115672 0.0600395  0.0407814
  0.25610244 0.17738995 1.00000188]
 [0.13807981 0.0438202  0.14493331 0.30947425 0.04694978 0.04069242
  0.08035215 0.11180155 0.27558507]
 [0.01991794 0.01481616 0.42019178 0.22667745 0.16835823 0.20651563
  0.68280823 0.05132857 0.9999999 ]]",[ 0.72561071  1.0472377  -0.09484941  0.56699587],4,0.2192504542814635,0.44967698259016137,0.4934054384833681,0.10329865034584657,0.19364855592230934,1052.7995325701777
51,"[[ 0.39575946  0.38606478  0.014591    0.1908737   0.47476056 -0.43979867
   0.43556034 -0.06480065 -0.21201502]
 [ 0.09561047  0.30850445 -0.44804233 -0.58627456 -0.52406339 -0.16402913
   0.21762703 -0.04402137  0.01940224]
 [ 0.04419168 -0.31260008 -0.04421815 -0.37745746 -0.18599405 -0.31967147
   0.52154134  0.56071382 -0.18085886]
 [ 0.1289627   0.40396286  0.51124708  0.39431732 -0.0123568  -0.26409555
   0.44719288 -0.36445326  0.02482138]]","['bbo_main', 'random_fill', 'random_fill', 'random_fill']","[[0.21651322 0.24105973 0.16264858 0.16854507 0.45602991 0.08269511
  0.40681346 0.06349317 1.00000003]
 [0.09294512 0.84607678 0.1040213  0.07143972 0.0432069  0.06348671
  0.15441368 0.08765832 1.0000001 ]
 [0.0450199  0.03348268 0.14579899 0.11671652 0.05815337 0.06298016
  0.60393898 0.57109683 1.00000047]
 [0.04929532 0.19107886 0.46531441 0.27621448 0.04742733 0.03566378
  0.60720607 0.05115626 1.00000011]]",[0.35449405 0.19750691 0.36441327 0.69806366],4,0.2388827676682017,0.4751049218961568,0.5189037540089523,0.10199092951719327,0.19355653763377928,1213.0444640088826
52,"[[-0.24857753 -0.21367882 -0.6013526   0.36522772 -0.3335554   0.29137595
   0.22449047  0.24024612 -0.30538667]
 [-0.31708489 -0.3235667  -0.05398215 -0.69821319 -0.29825619 -0.29335265
   0.07871393 -0.17980476  0.30134344]
 [-0.51471807  0.22347715 -0.46454     0.32449664  0.16414221  0.37060753
   0.03790303  0.33517475 -0.29318328]
 [ 0.4900812   0.33252055 -0.24668807 -0.15444565 -0.24417022  0.41438197
   0.47492717 -0.24273833  0.2207551 ]]","['bbo_main', 'random_fill', 'random_fill', 'random_fill']","[[0.03197577 0.02521483 0.08814999 0.5344495  0.06438737 0.18621325
  0.18134694 0.12090212 0.62791437]
 [0.0326772  0.02452505 0.18584621 0.06822755 0.05043862 0.04762782
  0.64385526 0.12111524 0.99999929]
 [0.02023307 0.04691376 0.09800883 0.3172113  0.17589622 0.6539627
  0.07795314 0.2156773  1.00000647]
 [0.7592899  0.21364871 0.12989943 0.11289546 0.06936757 0.197453
  0.18462353 0.06020958 1.000002  ]]",[0.03963177 0.22526445 0.11076937 0.75238201],4,0.22209802085954633,0.48958935068694565,0.5333773916783471,0.10041171781689312,0.19059833381658384,933.8862288889941
53,"[[ 0.18717379 -0.119424   -0.66784015  0.08698014  0.21075336 -0.52232088
  -0.1721758  -0.34380105 -0.17901987]
 [ 0.04074021  0.2953817   0.11053527  0.56662027 -0.04363084 -0.15008972
   0.42334857  0.49992345 -0.35247025]
 [ 0.09123566 -0.09455812  0.0861602  -0.68671027 -0.232054   -0.4322034
  -0.38304799 -0.16735596  0.29725011]
 [ 0.27567713  0.12747837 -0.57647652  0.11451333  0.35648683  0.28864517
  -0.27082362 -0.4527269  -0.27130599]]","['bbo_main', 'random_fill', 'random_fill', 'random_fill']","[[0.13426853 0.05745906 0.08013501 0.28194104 0.4010559  0.08177182
  0.05238162 0.02957119 0.62728915]
 [0.0459509  0.03914778 0.20372355 0.43591265 0.05146415 0.04753603
  0.29987093 0.59548543 1.0000044 ]
 [0.62899681 0.13271339 0.19673829 0.07388159 0.05052079 0.03892585
  0.03059345 0.04612295 0.99999966]
 [0.11650972 0.05360553 0.08796833 0.13017404 0.77106414 0.34845484
  0.03789434 0.02500195 1.00000313]]",[-0.10039447  0.34574632  0.26031843  0.08571303],4,0.20198909304390264,0.4855918073859394,0.529386502851674,0.10082292090783405,0.2073301712299644,751.6362986541353
54,"[[-0.01773535  0.32044742  0.57780655  0.36489243 -0.03109144  0.42762934
   0.42795091  0.24812384 -0.03809284]
 [ 0.36492585 -0.21466829  0.34369289 -0.1125936   0.46174359 -0.26807703
   0.33506207  0.45714559 -0.28917711]
 [ 0.42502471 -0.14155147 -0.02351094  0.42756458  0.34479303 -0.5419979
  -0.14029599  0.39761422  0.15977782]
 [ 0.28363344  0.31074443 -0.56010023  0.38513738 -0.49830741  0.20080427
  -0.13973849  0.20065202 -0.1119204 ]]","['bbo_main', 'random_fill', 'random_fill', 'random_fill']","[[0.03570162 0.04075762 0.81395358 0.27322009 0.06045199 0.20780832
  0.20311657 0.07548979 1.00000085]
 [0.07444245 0.03894237 0.20649506 0.15661576 0.35277382 0.09516068
  0.18253866 0.69962982 1.00000751]
 [0.78762091 0.04418634 0.20493202 0.32917046 0.09451608 0.05512161
  0.04632974 0.17402245 1.00000014]
 [0.31767461 0.3379412  0.07405141 0.54536688 0.04419857 0.08811808
  0.05488031 0.05991329 1.00000012]]",[0.73697841 0.30133908 0.68961165 0.25178388],4,0.20382913586725704,0.4860914236613769,0.5298854405921448,0.10023544036837294,0.2058914635522407,903.9790831070859
55,"[[ 0.06021087  0.4608774   0.58357141 -0.29503133  0.27573279 -0.17693148
   0.3765587  -0.09282383 -0.3140407 ]
 [ 0.31181201  0.45949275  0.44019504 -0.10698109 -0.42086863 -0.14236062
   0.33358088  0.38247945 -0.17736792]
 [-0.50436689 -0.27010975  0.21336144  0.3849303   0.34966604 -0.42175849
   0.33666131  0.03312727 -0.25372329]
 [ 0.05567578  0.20922592  0.34130322 -0.69613201 -0.43454337 -0.19747282
   0.20715242 -0.25466441 -0.12824786]]","['bbo_main', 'random_fill', 'random_fill', 'random_fill']","[[0.04466911 0.34113154 0.75847982 0.1780626  0.10580293 0.0763076
  0.10011372 0.05715587 0.99999996]
 [0.0926456  0.79111568 0.28420917 0.17153102 0.03661214 0.05031059
  0.18321717 0.12924836 1.00000012]
 [0.01492315 0.01645255 0.26277739 0.51330881 0.23556292 0.05700694
  0.50996271 0.07173566 0.99999992]
 [0.07432295 0.3327971  0.64895348 0.09581157 0.038231   0.06096628
  0.1119971  0.05989961 1.        ]]",[0.28402718 0.40977032 0.22034698 0.07960628],4,0.2064597905867957,0.5060940459947272,0.5498249789146227,0.09946980787136683,0.190043388937724,909.3372787630651
56,"[[-0.33316337  0.34657512  0.43194568  0.34957369  0.3726735  -0.23036889
  -0.3516569   0.37693435 -0.04910772]
 [-0.23120014  0.40981219  0.11825109  0.04124828  0.41765657  0.56218559
  -0.10878675 -0.21977762 -0.46074866]
 [ 0.11155634 -0.31118899 -0.59867914 -0.4768643  -0.22313236 -0.40419263
  -0.26944519 -0.07620504 -0.11546716]
 [-0.25101957  0.40050969 -0.02157898 -0.32186437  0.37753646 -0.14513205
   0.23459357  0.51766184 -0.43117726]]","['bbo_main', 'random_fill', 'random_fill', 'random_fill']","[[0.01662603 0.16906269 0.47712882 0.26524939 0.22818256 0.07464533
  0.0223026  0.46114842 1.00000012]
 [0.03319139 0.06727576 0.18244981 0.15143928 0.27666794 0.33001179
  0.03987886 0.02946664 0.28317602]
 [0.13948266 0.06024841 0.10492992 0.09076943 0.07154994 0.05033671
  0.0645469  0.12551731 0.40338688]
 [0.03342842 0.09588883 0.13153485 0.10006101 0.18144605 0.11162701
  0.10968724 0.89531763 1.00001551]]",[ 0.53658541  0.20751076 -0.2191382   0.10529034],4,0.20225309553247106,0.5181124969093105,0.5617718244256389,0.09835297814179265,0.17996587396982125,1112.1899725510739
57,"[[ 0.26446051  0.44720933  0.20711932 -0.08397894 -0.13409982  0.4747551
   0.43535485 -0.3085209  -0.38989667]
 [ 0.31472401  0.43317747 -0.29694165  0.00212479  0.43605455  0.31600132
   0.39022555  0.27495956 -0.32748753]
 [ 0.43142663 -0.25308989 -0.15670496  0.40639136 -0.24734113 -0.27070117
   0.33421903 -0.39965622 -0.39271106]
 [ 0.04257657  0.4219764   0.0718912  -0.03561313 -0.38354764  0.55918949
   0.43430109  0.25816369 -0.31403647]]","['bbo_main', 'random_fill', 'random_fill', 'random_fill']","[[0.09977853 0.2442782  0.18617014 0.14509192 0.06434792 0.2703412
  0.25363865 0.05457906 0.50366301]
 [0.10192867 0.6105351  0.09116711 0.09541926 0.3700718  0.19364903
  0.18674192 0.08116636 0.99999995]
 [0.8337519  0.04562765 0.18957735 0.36935226 0.05472874 0.05348509
  0.09087554 0.05075688 0.99999983]
 [0.04955018 0.06692585 0.17791004 0.14134313 0.04859926 0.88123875
  0.18968042 0.11241815 0.99999997]]",[0.17893006 0.25994715 0.05790963 0.30961084],4,0.2078761702733179,0.5321501178560504,0.5756937160249188,0.09796352899425148,0.1903052124259198,1202.432331260061
58,"[[ 0.32470161  0.20879623  0.4576409  -0.10269039 -0.40476412  0.41849015
   0.33586656  0.42107287  0.04376967]
 [-0.10406137  0.20959143 -0.07596809  0.57344033  0.56533892  0.00653461
  -0.30134311  0.44182222 -0.0705149 ]
 [-0.08067975  0.02532466  0.05785916 -0.52519364 -0.33016704 -0.69007007
  -0.19433584  0.24406977 -0.17643681]
 [ 0.19568666 -0.29081557  0.32578336 -0.42696653  0.33713708  0.47660571
   0.13502537  0.44957296 -0.16593885]]","['bbo_main', 'random_fill', 'random_fill', 'random_fill']","[[0.07956544 0.04632747 0.28256395 0.16715116 0.03551722 0.27829003
  0.24257896 0.64408913 1.00000048]
 [0.03860853 0.033666   0.15759626 0.49524014 0.68989272 0.11905383
  0.03741947 0.10021744 1.00000007]
 [0.05803194 0.05639695 0.18146158 0.09849807 0.04690646 0.03379689
  0.05479652 0.86701748 1.00000818]
 [0.04853665 0.03109711 0.17690151 0.10258478 0.27278169 0.25952761
  0.07199074 0.76101623 1.00000024]]",[ 0.64619388  0.6283453  -0.05876872  0.41585691],4,0.19061829801999286,0.5421876738958681,0.5856272404180063,0.09700540191522576,0.1724962934406329,958.0061829600018
59,"[[-2.61301215e-01  3.50855038e-01  4.95872838e-01  3.26825916e-01
   2.63680955e-04 -3.62965511e-01  3.46435976e-01 -2.58383912e-01
  -3.70665891e-01]
 [ 5.78509007e-01  1.14834958e-01  2.54690663e-01  2.33921514e-02
   1.49459919e-01  4.88432363e-01 -2.33866742e-01 -6.07543653e-02
  -5.17142677e-01]
 [ 4.13581328e-01  5.18882376e-02 -6.50666353e-01  3.91497720e-01
   1.50659073e-01  2.05123287e-01  1.65567927e-01  2.92987356e-01
  -2.67568459e-01]
 [-7.98958273e-02  3.99246822e-01  2.80496797e-01  5.46512499e-01
   3.19161551e-01 -1.06641931e-01 -1.23013246e-01 -3.38600432e-01
  -4.62433950e-01]]","['bbo_main', 'random_fill', 'random_fill', 'random_fill']","[[0.02604175 0.18157418 0.48754104 0.27735162 0.0489373  0.0330655
  0.08863285 0.04740431 0.44132848]
 [0.92987258 0.05186035 0.20975966 0.16556039 0.13979751 0.22492631
  0.03881411 0.03695513 1.00001663]
 [0.77095845 0.05145955 0.10242653 0.36310317 0.14478049 0.11051237
  0.10492851 0.08079704 0.99999998]
 [0.04067958 0.09907107 0.25966851 0.32118735 0.12929876 0.09103693
  0.03789458 0.02561012 0.1626229 ]]",[0.23218848 0.20347331 0.21499074 0.22769612],4,0.19165857035699999,0.5612838183916744,0.6044761488729952,0.09620703410465234,0.17914005170522856,874.234465777874
60,"[[-0.20048265 -0.05861956  0.13932937  0.43262364  0.3399518  -0.29986135
  -0.45079592  0.41016714 -0.4157601 ]
 [ 0.31875711  0.2628324   0.49327094  0.36336386 -0.34269653  0.37168276
  -0.11081466  0.43076681  0.02312125]
 [ 0.22376022 -0.07454816  0.11899322 -0.63438089  0.28671692 -0.48841816
  -0.19024501 -0.35417191 -0.21303907]
 [ 0.32479689 -0.4236326   0.48083556  0.30602721  0.10808665 -0.44634259
   0.23603181 -0.20830614 -0.28316074]]","['bbo_main', 'random_fill', 'random_fill', 'random_fill']","[[0.03254907 0.02827161 0.2453651  0.29603796 0.12619307 0.08263061
  0.03050462 0.17497086 0.2004266 ]
 [0.08172111 0.04796093 0.46432974 0.25590159 0.04498585 0.16326858
  0.03601957 0.63885188 1.00000042]
 [0.12952255 0.06165312 0.1803916  0.08381574 0.81019762 0.1049072
  0.04725302 0.03448794 1.00000384]
 [0.06993146 0.02832806 0.9095856  0.34764475 0.05768808 0.03251289
  0.07402331 0.04465716 1.00000188]]",[ 0.14688518  0.70027421 -0.06050527  0.27119433],4,0.19348744255703285,0.5748721268547554,0.61784879921285,0.09577237285845397,0.18093652965239793,866.9727954159025
61,"[[ 2.44062611e-02  2.45400767e-01  3.42000718e-01 -6.93861109e-01
  -2.47291717e-01 -4.93147365e-02 -3.63283729e-01  2.88213497e-01
  -2.49294692e-01]
 [ 1.61731290e-01 -2.22906647e-01  2.38732690e-01 -8.76582369e-01
   5.54621662e-02  3.68126349e-04 -3.03265072e-01 -3.89179910e-02
   4.69592166e-02]
 [-4.43516825e-01 -2.28785960e-02 -3.75029538e-01 -5.07276587e-01
   4.20771397e-01  2.43823194e-01  2.77114282e-01 -2.47294648e-01
  -1.74205108e-01]
 [-1.07970241e-01  2.81609448e-01 -6.59176750e-01  1.81447191e-01
   2.45692326e-01 -5.05372730e-01  1.57457157e-01  3.09748428e-01
  -7.14024845e-02]]","['bbo_main', 'random_fill', 'random_fill', 'random_fill']","[[0.06648664 0.23574483 0.32277696 0.08923629 0.05604107 0.07202391
  0.03101409 0.31827127 0.65449978]
 [0.10824689 0.0452357  0.71247302 0.07459383 0.17692035 0.17719968
  0.03505538 0.0478938  1.00000619]
 [0.02856396 0.03470433 0.11644858 0.0813199  0.86032186 0.28733619
  0.10992797 0.05945391 1.00000005]
 [0.04503882 0.32193291 0.07592476 0.1582799  0.10300035 0.05616048
  0.17128471 0.60954029 1.00000046]]",[0.00783652 0.15646866 0.175227   0.20576416],4,0.18417288857089778,0.5834363771220619,0.6262599675165819,0.09502480851458726,0.1715624627085287,843.1338700291235
62,"[[-0.5123123   0.3473502   0.22498788  0.43720656  0.32481041 -0.39054549
   0.2580206  -0.06078232 -0.21637498]
 [ 0.44670232  0.01036449  0.32543798  0.47197236 -0.19507797 -0.10559395
   0.40926067  0.41320932 -0.29024144]
 [ 0.37827318 -0.26125248  0.16767125 -0.43705164 -0.46921489 -0.03943664
  -0.18548447  0.43105555 -0.35720796]
 [ 0.10833629  0.46049576  0.38246429  0.51515247 -0.18096658  0.38286278
  -0.03481187  0.22338096 -0.36619964]]","['bbo_main', 'random_fill', 'random_fill', 'random_fill']","[[0.01360849 0.18914626 0.27336309 0.81566622 0.09522836 0.045137
  0.09658223 0.05438924 1.00000016]
 [0.72863849 0.04050266 0.27687033 0.30475681 0.04419101 0.04639826
  0.20757918 0.14702874 1.00000473]
 [0.12058507 0.05057628 0.19075604 0.12006903 0.04920618 0.07645169
  0.04690164 0.91187595 1.00000661]
 [0.0485497  0.65312081 0.34409713 0.39711455 0.05386197 0.14171595
  0.04540063 0.04395161 1.00000333]]",[0.29538859 0.40178996 0.01296493 0.32874562],4,0.18457604855899734,0.5869647959192559,0.6297214269709142,0.09460901065987787,0.1925521133873595,732.2063027741387
63,"[[-0.19521864 -0.08083264 -0.66386567  0.00467359 -0.64642962  0.03865032
  -0.06031969 -0.26209243 -0.15139447]
 [ 0.37215298  0.33673301  0.34551046  0.17243565  0.0787851  -0.38844371
   0.06716666 -0.58406661 -0.31025915]
 [ 0.10566987 -0.0896918  -0.52875085 -0.54669504 -0.07749728  0.12924063
   0.36769052  0.35733205 -0.34167946]
 [-0.08013949  0.48306054  0.35015118 -0.38572499  0.20071955  0.38956465
   0.4217146   0.20089818  0.28033609]]","['bbo_main', 'random_fill', 'random_fill', 'random_fill']","[[0.05626046 0.04255364 0.09870625 0.15667525 0.0409918  0.27476473
  0.07580475 0.04459449 0.3587354 ]
 [0.74771912 0.28158467 0.32346408 0.21405936 0.05312316 0.03357924
  0.04115485 0.02387001 1.00001018]
 [0.06223016 0.04147976 0.10036168 0.07315102 0.09850025 0.11543191
  0.41883426 0.42975495 0.69676983]
 [0.03412838 0.8598994  0.17565483 0.10282514 0.1358665  0.1510552
  0.16742091 0.09102282 1.0000012 ]]",[-0.16566779  0.19145837 -0.01342251  0.88983537],4,0.19292952017869267,0.6046242981555312,0.6470113161541959,0.09427465286900988,0.1761483746025646,649.4914916469716
64,"[[-0.41800416 -0.15513852 -0.68239811  0.09564144 -0.25020487 -0.22397104
   0.21745606 -0.37473491  0.16096954]
 [ 0.21934643  0.21928094 -0.21369473  0.50526733 -0.28794899  0.43760941
   0.46344991 -0.06092778 -0.33155372]
 [ 0.18899164  0.0808091  -0.54688051  0.39771337 -0.42661436  0.21783865
   0.25547864 -0.3588602  -0.27747859]
 [ 0.02486032  0.4085092   0.47303616 -0.08648907  0.31229898  0.43619125
  -0.24148254  0.4145518  -0.2886142 ]]","['bbo_main', 'random_fill', 'random_fill', 'random_fill']","[[0.03147683 0.03037668 0.09933527 0.34781893 0.07071238 0.06593066
  0.73156839 0.06448718 1.00000021]
 [0.0675818  0.04234239 0.14273322 0.47164899 0.06434448 0.20066331
  0.63645826 0.06394535 0.99999991]
 [0.08952418 0.05190469 0.07875824 0.82222498 0.05490957 0.12738751
  0.08376362 0.04240556 0.91075273]
 [0.03684279 0.18130712 0.31744588 0.16282867 0.25523705 0.23281784
  0.02665439 0.57829138 1.00000014]]",[0.21103848 0.2607172  0.0628447  0.33700632],4,0.20846197924470072,0.6061393348838687,0.6484919415612554,0.09316301866222375,0.17406127171631985,892.7842743641231
65,"[[ 3.61631634e-01 -5.55650723e-02 -5.54435898e-01 -1.14621144e-02
   3.62649499e-01 -3.42996250e-01  2.83130574e-01  3.69249333e-01
  -3.04853179e-01]
 [ 3.47457287e-04  3.55553002e-01 -4.96847569e-01  3.92872377e-01
   2.25953468e-01  3.13375697e-01  3.60032261e-01  3.31547454e-01
   2.89083881e-01]
 [-2.74669107e-02  6.46509188e-02 -6.27894932e-01 -4.67849802e-01
   5.15311269e-02 -4.88915282e-01  2.17026973e-01 -2.71825281e-01
  -1.38733719e-01]
 [ 1.25465839e-01  1.46107081e-01 -4.33739471e-01 -6.52657873e-01
   1.87543447e-01 -3.89415967e-01 -3.64042853e-01 -1.61700699e-01
  -5.76815446e-02]]","['bbo_main', 'random_fill', 'random_fill', 'random_fill']","[[0.53960207 0.04894517 0.08677988 0.11609451 0.198451   0.10087005
  0.20066169 0.39924141 1.00000733]
 [0.04739694 0.20830499 0.06977164 0.43629128 0.16238244 0.13850702
  0.43598785 0.19409512 1.00000046]
 [0.07490739 0.24822157 0.08932988 0.08208836 0.1004728  0.06253232
  0.72586951 0.08839773 1.0000008 ]
 [0.36128656 0.44447934 0.08066643 0.05310658 0.33985172 0.08791841
  0.03425798 0.04128759 1.0000003 ]]",[ 0.07972074  0.80132191 -0.11112936 -0.00670698],4,0.20110812114833532,0.6056342984609093,0.6479984239388243,0.09273775751413836,0.1764381455965105,777.7254105480388
66,"[[-0.22606534  0.45349198  0.16160604  0.28952567 -0.4720913   0.30064595
   0.29437015  0.46250298  0.13955964]
 [ 0.02659033 -0.22573657  0.23207898  0.381719    0.43956074 -0.52126902
   0.34035109  0.38963425 -0.12718949]
 [-0.46003037  0.28240289  0.3433099   0.12547028  0.39354339 -0.32009863
   0.25830705  0.36926709 -0.33852022]
 [ 0.32093022  0.12221977  0.50928117  0.4459536   0.46168323  0.42384975
  -0.1460025   0.09735402 -0.01515423]]","['bbo_main', 'random_fill', 'random_fill', 'random_fill']","[[0.02626314 0.26124313 0.21320977 0.17478458 0.04530732 0.10720368
  0.17507277 0.71933196 1.00000006]
 [0.03330284 0.02089471 0.23438003 0.24707943 0.58889427 0.05740672
  0.26587716 0.2921388  1.00000059]
 [0.01720391 0.06893562 0.29528521 0.19343955 0.23319688 0.081315
  0.14587123 0.22711764 0.39260626]
 [0.06945521 0.03684705 0.47858385 0.28323116 0.54868151 0.31611888
  0.03246566 0.03486687 1.00000021]]",[0.73222527 0.45093817 0.1915843  0.7676395 ],4,0.18056266185649983,0.6268669098934818,0.6687050826546752,0.09217770035310813,0.17623140949428795,1125.4171741551254
67,"[[-0.24356884  0.23010154 -0.801307    0.11734393 -0.34344648 -0.21975228
  -0.12594615 -0.1945843   0.1090549 ]
 [ 0.34691169  0.12076182  0.42942188 -0.23509945  0.37575287  0.38374566
  -0.52939312  0.22867277 -0.06629252]
 [-0.20828509  0.40036692  0.23765832 -0.46742541  0.46222185  0.4169657
   0.33265108 -0.06394083 -0.13820658]
 [ 0.14266659  0.14942803 -0.74910026  0.16578939 -0.17566094  0.24486592
  -0.51370547  0.0660988  -0.09798849]]","['bbo_main', 'random_fill', 'random_fill', 'random_fill']","[[0.05049932 0.81591904 0.07419046 0.19914626 0.05932897 0.05823444
  0.06096685 0.04017822 1.00000017]
 [0.38493893 0.04933969 0.31686093 0.15493911 0.43264431 0.37317861
  0.01812974 0.06379799 1.00000001]
 [0.03014731 0.24067552 0.14189411 0.07568643 0.70467992 0.31492142
  0.11035961 0.06055555 1.00000003]
 [0.14329509 0.08910864 0.0615916  0.27838062 0.07902774 0.68893288
  0.03075144 0.04315475 1.00000036]]",[0.19974828 0.48361068 0.44008641 0.07765389],4,0.18227026212385236,0.653216531659011,0.6942802723685527,0.09157337936592862,0.15814801971232872,826.4697846190538
68,"[[ 0.40981244  0.11433414  0.32834649  0.55903026  0.2617348   0.09762183
   0.4157686  -0.33537316 -0.18783345]
 [ 0.18104543 -0.22209213  0.13602171  0.5779964   0.46423061  0.16477271
   0.45706914 -0.32878942 -0.0751073 ]
 [-0.00329411 -0.02335438  0.29910944  0.32725027  0.48605497 -0.51464812
   0.35596623 -0.17471626 -0.38017716]
 [-0.14171092  0.3864426  -0.34108173 -0.60004683  0.05139718  0.28071576
   0.14794365 -0.28676008 -0.41064037]]","['bbo_main', 'random_fill', 'random_fill', 'random_fill']","[[0.11477078 0.04527043 0.25807015 0.87693727 0.11402866 0.08733285
  0.13566938 0.03815187 1.00000075]
 [0.04015563 0.02410749 0.19751053 0.76018515 0.25308095 0.12633514
  0.25723508 0.04850526 1.00000007]
 [0.03997092 0.03096074 0.28581342 0.25210676 0.87859647 0.08756363
  0.10325618 0.05520444 0.9999999 ]
 [0.04909523 0.30745654 0.12030652 0.07744862 0.14991204 0.16195615
  0.07087658 0.04781553 0.28413889]]",[ 0.52133057  0.63298931  0.19605196 -0.04238623],4,0.1829457121672433,0.6496653759621006,0.6908415495353761,0.09147766139900156,0.1700410443217344,1035.3381344059017
69,"[[ 0.42164288 -0.02726656  0.50178507 -0.05195787 -0.21005776  0.43313245
   0.41390762  0.1219122  -0.38610342]
 [ 0.17350595  0.29473523 -0.49796237 -0.67752734 -0.16470958  0.17310136
   0.06134613  0.31637613 -0.12274555]
 [ 0.2956974   0.3430186   0.34328869 -0.59571077 -0.31807877 -0.28973794
  -0.13235289  0.34499992  0.02276916]
 [-0.27204122 -0.08077107  0.25378384  0.60519306  0.19636024  0.49126169
   0.18585884 -0.14221153 -0.39260886]]","['bbo_main', 'random_fill', 'random_fill', 'random_fill']","[[0.71197569 0.04400358 0.31975305 0.18819081 0.05399643 0.24267956
  0.19809256 0.0756848  1.00001317]
 [0.12186105 0.40340434 0.08088825 0.05961238 0.08293796 0.13423345
  0.10405991 0.52525638 1.00000012]
 [0.48238202 0.47793155 0.16471152 0.0792735  0.04078219 0.03689837
  0.04233859 0.22304698 1.0000001 ]
 [0.02382298 0.02402142 0.22732596 0.91803247 0.12899511 0.1893529
  0.04965374 0.03305275 0.99999983]]",[0.2485494  0.11876477 0.38635196 0.33512811],4,0.1869216665531993,0.657276589474011,0.6982086471855418,0.09097641298376144,0.16218112592189893,1232.8074022841174
70,"[[ 0.31244067  0.22235484 -0.66227968  0.30379921  0.35308644 -0.19021497
  -0.30391404  0.25910856 -0.04096416]
 [-0.15415361 -0.32441985  0.12249148 -0.24413537 -0.47983125 -0.54347644
   0.18637453  0.35971016 -0.32657411]
 [ 0.18757048  0.35772949 -0.41118579  0.35389743  0.41504446  0.33179876
  -0.08578362  0.39568578  0.31024409]
 [-0.07615418  0.30769666 -0.10340444 -0.64586255 -0.31547982  0.31457849
  -0.36892621  0.30487798 -0.21011453]]","['bbo_main', 'random_fill', 'random_fill', 'random_fill']","[[0.29387558 0.22752178 0.06456786 0.35128412 0.43441129 0.10132071
  0.04410698 0.10334864 1.00000009]
 [0.03519794 0.02883815 0.20576668 0.16037312 0.04158947 0.03317722
  0.16484806 0.39986898 0.39213937]
 [0.06667826 0.13013787 0.10387999 0.21613094 0.51556947 0.20433325
  0.04694099 0.44058273 1.00000141]
 [0.05179925 0.58224003 0.13035446 0.07241388 0.05870735 0.30242944
  0.0327753  0.25421868 0.99999997]]",[ 0.31288875 -0.02021876  0.85516709  0.04687625],4,0.17649172586771483,0.658291871431905,0.6991904733901446,0.0903414717021223,0.15735509283591387,1395.132872025948
71,"[[ 0.34755786  0.32231912  0.39055627 -0.54212426  0.28338739  0.27541251
   0.34253869 -0.15800375 -0.17442077]
 [ 0.2640346   0.24621348  0.36667665 -0.594066    0.07529783 -0.3670877
   0.23209602 -0.33858276 -0.27086618]
 [ 0.1959064  -0.27427247  0.2903595  -0.47122259 -0.49268694 -0.23506852
  -0.38636079 -0.31057054 -0.19055075]
 [ 0.37557541 -0.06702428 -0.15094859 -0.45566949  0.19574039  0.23102959
   0.43586974 -0.41506694 -0.41240603]]","['bbo_main', 'random_fill', 'random_fill', 'random_fill']","[[0.66034582 0.2498081  0.16238958 0.08052285 0.2273878  0.16256201
  0.17943856 0.05772707 1.00000004]
 [0.34588266 0.32897254 0.31623086 0.09829899 0.06588258 0.04540548
  0.06863939 0.03602529 0.70591587]
 [0.11024019 0.04448437 0.88652529 0.18114705 0.03874602 0.06712141
  0.03247212 0.02705273 1.00000115]
 [0.09234516 0.04736822 0.12935074 0.10106875 0.1835979  0.21194644
  0.19696096 0.05793599 0.23060052]]",[ 0.31692841  0.03069853 -0.06492012  0.01753288],4,0.1999518050220115,0.6715004211104054,0.7119443299991495,0.09008605243973779,0.16882281336302477,760.0795815759338
72,"[[ 0.38779596  0.21075515  0.24278476  0.35101948  0.47137684 -0.4315668
  -0.28163172 -0.07548935 -0.35996714]
 [ 0.45961103  0.15283319  0.58878339  0.36835716  0.13338383 -0.10755429
  -0.18671078  0.33521326 -0.32628028]
 [ 0.39158862 -0.326129    0.45120151  0.41745496  0.24116819 -0.134035
  -0.44290378  0.23655196 -0.18492895]
 [-0.26525001 -0.30164274  0.34913742 -0.13926706 -0.39095394 -0.5638409
   0.32103409  0.23748771 -0.25910808]]","['bbo_main', 'random_fill', 'random_fill', 'random_fill']","[[0.13579695 0.06053062 0.25207043 0.26500115 0.84544517 0.09104037
  0.03349609 0.0342264  1.00001311]
 [0.47393287 0.04630724 0.66225748 0.2800777  0.0761229  0.06963053
  0.04026091 0.07973911 1.        ]
 [0.7343796  0.03389848 0.4096715  0.32938606 0.10096864 0.07968832
  0.02591774 0.05183123 1.00000003]
 [0.02593469 0.02158    0.32879482 0.1958411  0.03726377 0.02975814
  0.78890766 0.23466306 1.00000257]]",[0.2068822  0.41359357 0.42838982 0.09267155],4,0.17516633034657908,0.6633698994520436,0.7040979862104955,0.09017368396424354,0.15819385168648098,907.1751675850246
73,"[[ 0.34903121  0.32864423  0.10406911 -0.59073686 -0.22488361  0.21950039
   0.34023509  0.29070576 -0.33368691]
 [ 0.37255853  0.28305401  0.42395366 -0.32989869  0.25950007 -0.22029106
   0.32825641  0.43508284 -0.28212219]
 [ 0.40367544  0.05820936 -0.15182816 -0.26393976 -0.53520984  0.2561676
   0.3060793   0.43981563 -0.31897975]
 [ 0.41892815 -0.19908881  0.51083671  0.09451761  0.39715116  0.28962668
  -0.18626132  0.48733682  0.03423477]]","['bbo_main', 'random_fill', 'random_fill', 'random_fill']","[[0.31444319 0.30174798 0.13095733 0.07075657 0.05809477 0.0966052
  0.24049844 0.13331544 0.63799319]
 [0.12325203 0.06330136 0.25678299 0.1417835  0.10357761 0.07336247
  0.18908416 0.81509645 0.99999995]
 [0.12191304 0.05165324 0.12876064 0.09952985 0.04944553 0.13068019
  0.20542193 0.83615472 1.00000514]
 [0.08222861 0.03840279 0.30959977 0.18647627 0.21385512 0.13388461
  0.03274032 0.81150205 1.00000029]]",[0.09658023 0.27122388 0.12506085 0.74990324],4,0.20099635320718995,0.6949158832035325,0.7344623568689224,0.08888198218695037,0.1868792801820789,968.7106596571393
74,"[[ 0.29887246  0.08091805 -0.61989869  0.07448526 -0.39527909 -0.14430773
   0.32738768 -0.45495094  0.15189389]
 [ 0.16836164 -0.26479286 -0.65494806 -0.42714295  0.21108071 -0.09888535
   0.12489467 -0.46495558  0.06336633]
 [-0.32602941 -0.16002214 -0.65781984 -0.55516891 -0.05857552  0.18448272
  -0.25993411  0.13937059  0.05199424]
 [-0.29131612 -0.21818639  0.35816432 -0.61424721  0.37525552 -0.17473095
   0.21137283  0.22830524 -0.30626613]]","['bbo_main', 'random_fill', 'random_fill', 'random_fill']","[[0.24583306 0.19953003 0.11079716 0.15698364 0.06132115 0.06358186
  0.69339713 0.05572388 1.00000611]
 [0.10032266 0.04468562 0.08391137 0.09125773 0.8216384  0.17327335
  0.08921367 0.03558629 1.00000071]
 [0.03369779 0.03449575 0.06857441 0.06337369 0.15873276 0.74007759
  0.05210782 0.17815797 0.99999999]
 [0.02768517 0.02889007 0.2241711  0.10681336 0.42266959 0.11658709
  0.13763489 0.1549739  0.46954627]]",[0.3527668  0.12538084 0.09371403 0.05921697],4,0.17725502883751781,0.702054618718835,0.7413033791368022,0.08877091205269237,0.17433328356909078,826.953972178977
75,"[[ 0.3398232  -0.07280838  0.12907932 -0.70523075  0.26962438  0.35371409
   0.24665334  0.28537958  0.15848313]
 [ 0.25306125 -0.1025293   0.08390291  0.45488936  0.18742673  0.25779946
   0.49015582 -0.44066363 -0.41887612]
 [ 0.10111376 -0.22945974 -0.46010632 -0.70196753  0.1655461   0.09626739
  -0.38689688 -0.15469589 -0.14958296]
 [-0.38690534  0.35395213  0.40231183  0.37919164 -0.33358944  0.11672155
   0.2846448   0.33260679 -0.32066378]]","['bbo_main', 'random_fill', 'random_fill', 'random_fill']","[[0.675824   0.04514535 0.13213788 0.0707273  0.27131411 0.30298787
  0.13132741 0.1072709  1.00000016]
 [0.05982304 0.03590502 0.19923895 0.29097797 0.13738028 0.11202151
  0.90011002 0.05292501 0.99999994]
 [0.08409182 0.04519302 0.07853582 0.04847842 0.48844832 0.34955575
  0.03254393 0.0420326  0.75490822]
 [0.01624085 0.18540291 0.39102336 0.27381217 0.03667664 0.05267201
  0.15552207 0.11123338 0.41738147]]",[ 0.59536332  0.21416085 -0.08953553  0.26182012],4,0.1689392945928081,0.702054618718835,0.7413033791368022,0.08847327229438622,0.16202586975324212,1094.3744918759912
76,"[[-0.2401357  -0.07801454  0.38660624 -0.75731812  0.03186759  0.04811508
   0.30088005 -0.33558428  0.082324  ]
 [-0.69559794 -0.04856534 -0.32157626 -0.19129463 -0.48732207 -0.19015226
  -0.28811607 -0.05324305  0.11955591]
 [-0.40178735  0.0236814  -0.63067682 -0.09489373 -0.37650425 -0.28656316
  -0.29233681  0.07351783  0.34133338]
 [ 0.1023051  -0.40556823 -0.72265209  0.13607195  0.2382797  -0.28077434
   0.24143394 -0.2913681  -0.07422467]]","['bbo_main', 'random_fill', 'random_fill', 'random_fill']","[[0.03076106 0.03413574 0.49676116 0.11840086 0.12666594 0.12405033
  0.59139893 0.06271359 1.00000032]
 [0.01117496 0.30683865 0.15292955 0.10012167 0.01992523 0.03516419
  0.04884957 0.13629614 1.00000011]
 [0.03252275 0.16876326 0.07649283 0.13608202 0.05327324 0.03986919
  0.06496754 0.64786257 1.00000009]
 [0.06019554 0.02944832 0.06891791 0.29750888 0.3266977  0.11651111
  0.59333122 0.06143216 1.00000044]]",[ 0.34155763 -0.00917806  0.26826154  0.08115227],4,0.1805522856709197,0.7010344375423063,0.740326452049906,0.08855152476737632,0.15965635968503078,1120.36358616082
77,"[[ 0.38988615 -0.05665136  0.22331589 -0.44052379  0.48163621  0.40703399
  -0.0998527   0.11604561 -0.42398227]
 [-0.45193948 -0.33261371 -0.63956007 -0.40878846 -0.25647515 -0.07554216
  -0.03716065 -0.17997735  0.06094948]
 [ 0.14327361  0.01417787 -0.10223913 -0.05434251 -0.20926658 -0.45522902
   0.39586933 -0.69442825 -0.27549345]
 [-0.2722921   0.36951577  0.01237374  0.52593051  0.20848533  0.37293227
   0.32009789  0.45700399  0.13674494]]","['bbo_main', 'random_fill', 'random_fill', 'random_fill']","[[0.08056829 0.0436434  0.16334844 0.10463292 0.37632562 0.26849835
  0.04881684 0.05408439 0.33236711]
 [0.03005181 0.02163689 0.06455914 0.05293701 0.07105574 0.27537636
  0.17941886 0.09050701 1.00000111]
 [0.07923852 0.0545611  0.20879002 0.19208369 0.06156869 0.0537699
  0.92608484 0.05244087 1.00000223]
 [0.0271143  0.05569682 0.15509916 0.44282328 0.13654368 0.1209845
  0.16116973 0.64272188 1.00000051]]",[ 0.17034901 -0.08474136 -0.00232226  0.80365922],4,0.1700257423906532,0.7107311124577671,0.7496023057611629,0.08805251209238338,0.1713432379410368,869.6278489821125
78,"[[ 0.34840091  0.26173861  0.51282514  0.15327751  0.40919129 -0.33813683
   0.2606499   0.34713097 -0.23111421]
 [ 0.33160115 -0.40879348 -0.12706609  0.41600417  0.37673398  0.3937508
  -0.1667358   0.37002621 -0.26839318]
 [ 0.3168173   0.5052279  -0.02784086  0.39155569 -0.31559658  0.04437526
   0.4825043   0.02289308 -0.3941773 ]
 [ 0.37683971 -0.58482367  0.1829912   0.13782724  0.39798362  0.38197061
   0.32710329 -0.14952663  0.17275327]]","['bbo_main', 'random_fill', 'random_fill', 'random_fill']","[[0.11517461 0.05226369 0.79870677 0.22887275 0.23328795 0.0739845
  0.10259385 0.12898114 0.99999999]
 [0.06422062 0.02762399 0.13433268 0.40510195 0.43998797 0.33405759
  0.03379207 0.28762489 1.00000013]
 [0.11250216 0.74421682 0.19104272 0.21037657 0.04462907 0.05665981
  0.29171677 0.06809473 0.99999999]
 [0.70594404 0.02380262 0.20106488 0.17179432 0.38016108 0.22252999
  0.09620662 0.05158489 1.00000006]]",[0.40932705 0.29115314 0.22526279 0.74538572],4,0.16717506569906376,0.7209503604359107,0.7593541408709188,0.08695072450571073,0.17095585607112557,1061.5200901459903
79,"[[ 0.35848108  0.22389519 -0.62385177  0.32129791  0.27612375  0.02855396
   0.29904861 -0.17727474 -0.36197074]
 [ 0.38351882  0.24145407 -0.60228594 -0.1699388  -0.22994527  0.15209682
  -0.39426453 -0.20373695 -0.36058863]
 [-0.3334041   0.18035651 -0.6662589   0.36121435  0.07112155  0.04304862
  -0.2543557  -0.25004731  0.3844536 ]
 [ 0.46317783 -0.21156882  0.11897318  0.17442608 -0.70881283  0.29280129
  -0.27500352 -0.16783294  0.06467448]]","['bbo_main', 'random_fill', 'random_fill', 'random_fill']","[[0.14393125 0.09690643 0.10266556 0.28673827 0.17342315 0.11612224
  0.09623388 0.05524454 0.26902021]
 [0.41606201 0.34939122 0.09791557 0.10215136 0.08253532 0.11211422
  0.03981251 0.03518928 0.6048724 ]
 [0.03348885 0.04856238 0.07394132 0.90953001 0.15048923 0.11405651
  0.04147605 0.02720895 1.00000123]
 [0.89882811 0.04616793 0.25665501 0.19789666 0.04931358 0.20308234
  0.04105543 0.03409255 1.00000019]]",[ 0.07418353 -0.07530563  0.65957833  0.54377389],4,0.1847646401448901,0.7199278590502424,0.7583795339317589,0.08719477637665517,0.15292020394471326,994.8973129661754
80,"[[-0.45570026 -0.11965739 -0.23794339  0.14590546 -0.34825551  0.03313152
   0.49622668  0.3465184  -0.45980257]
 [ 0.4753193   0.4608448  -0.12365506  0.20524395  0.3266588   0.34005789
   0.01328404  0.4790978   0.22852019]
 [-0.30187965 -0.31974868 -0.55707588 -0.05506935 -0.5682395   0.14239229
  -0.32396929  0.18269265  0.1084384 ]
 [-0.22132272 -0.32261538 -0.70696093  0.00737082 -0.34592358  0.30400233
   0.20263727  0.30492848 -0.0310436 ]]","['bbo_main', 'random_fill', 'random_fill', 'random_fill']","[[0.03063111 0.02938661 0.17301638 0.15910409 0.06492762 0.07755966
  0.30110565 0.23757431 0.291111  ]
 [0.75068009 0.27709797 0.13394684 0.13158692 0.16626415 0.12763654
  0.0574869  0.1576117  0.99999951]
 [0.03355047 0.02557095 0.09985258 0.122531   0.04307935 0.25519601
  0.05467993 0.74432957 0.99999994]
 [0.03480365 0.0263694  0.07455794 0.10831814 0.05477416 0.33315691
  0.23900523 0.61463054 1.00000005]]",[0.04241632 0.89746672 0.15788822 0.21901775],4,0.16626877806151508,0.7491218585610288,0.7861031233149498,0.08581045590000716,0.1722532900842959,989.8692541341297
81,"[[ 3.96754025e-01  4.33998725e-01  1.60380060e-01  1.78784061e-01
   4.72573887e-01 -3.88341850e-01 -2.31786325e-01  3.98766431e-01
  -9.83402683e-02]
 [-2.99191624e-01 -1.49033293e-01  2.32821024e-01 -5.55988194e-01
  -4.41159028e-01  2.34700745e-01 -5.22356587e-01 -5.72929963e-04
   4.88107502e-02]
 [-5.66744444e-01 -2.89335473e-01 -4.85621358e-01 -7.84130914e-02
  -1.18710043e-01 -4.71473282e-01 -2.41799547e-01 -1.85519554e-01
   1.54419391e-01]
 [-8.76555854e-03 -3.37551268e-01  1.23706243e-01 -6.35240295e-01
  -4.27903234e-01  8.71769243e-02 -3.67959953e-01 -2.76411227e-01
   2.54263942e-01]]","['bbo_main', 'random_fill', 'random_fill', 'random_fill']","[[0.35053535 0.34817103 0.19757256 0.16768498 0.46912885 0.084225
  0.03202421 0.13695129 1.00000075]
 [0.02737807 0.03362284 0.2974544  0.10983583 0.04161228 0.79707784
  0.02240383 0.04751181 1.00000189]
 [0.01652564 0.01806591 0.08978437 0.34911523 0.08616708 0.0401136
  0.06115892 0.03388916 1.00000024]
 [0.05487165 0.02861688 0.43023998 0.07691918 0.03368517 0.48278877
  0.02089212 0.02505112 0.99999973]]",[0.48968661 0.20078196 0.0186334  0.26154661],4,0.1686124544153344,0.7604205614027453,0.7967726137509585,0.08590020348532712,0.15448506947526375,993.3936062098946
82,"[[ 0.4234416  -0.05870945  0.04244934  0.46259641 -0.1665913   0.36836862
   0.43077046  0.37940786 -0.32938035]
 [-0.08223447  0.4215024  -0.29937422  0.25823576 -0.53987091  0.39271478
  -0.06291506 -0.29797773 -0.3476033 ]
 [-0.32411003 -0.19631922  0.10201857 -0.65637286 -0.46613733  0.22159732
   0.20298959 -0.31305032  0.09789624]
 [ 0.07853883 -0.48674896  0.5290133   0.31707575  0.19622493  0.28562203
  -0.29131211 -0.10034895 -0.40186836]]","['bbo_main', 'random_fill', 'random_fill', 'random_fill']","[[0.61300215 0.03865853 0.19231078 0.32765033 0.06006501 0.1363944
  0.29209449 0.15321084 1.00001016]
 [0.0446519  0.83869416 0.14979837 0.15605021 0.04367467 0.24626478
  0.04606857 0.02780323 1.00000746]
 [0.02603526 0.03370329 0.16351241 0.07888634 0.03824029 0.55476053
  0.47255457 0.06298026 1.00000102]
 [0.03535593 0.0187816  0.47125926 0.26836046 0.12504583 0.13060632
  0.03419316 0.0331777  0.30594903]]",[0.3118428  0.05963574 0.22905979 0.25362759],4,0.16658902704985912,0.7619627077911566,0.7982261301375329,0.08536900605065816,0.16408794981655647,916.340859947959
83,"[[ 0.39642947  0.46708906 -0.16411229  0.24813091  0.31437092  0.53095137
  -0.12121381  0.05121406 -0.37163906]
 [-0.41520482  0.15828475 -0.66259645 -0.38753344  0.07691862  0.2259422
   0.21886139 -0.3262298  -0.04518983]
 [ 0.14223881 -0.25852364 -0.64948148  0.05114679 -0.56444881 -0.06890941
  -0.31370476  0.24168253  0.09121057]
 [-0.4273265  -0.14070824 -0.56944532 -0.51545503  0.20289865 -0.17047897
   0.26223119  0.25133671 -0.07392636]]","['bbo_main', 'random_fill', 'random_fill', 'random_fill']","[[0.14425457 0.21433899 0.13979895 0.14116626 0.19536707 0.78136448
  0.04343829 0.03857154 0.99999993]
 [0.0259754  0.10952845 0.06988533 0.07118022 0.20664306 0.45467511
  0.47131875 0.05561557 1.00000218]
 [0.09587379 0.04966174 0.09563603 0.15407787 0.0464311  0.06920586
  0.0539958  0.85446898 1.00000019]
 [0.02857797 0.033654   0.08071363 0.06563836 0.17988431 0.11143774
  0.54195185 0.48922432 1.00000247]]",[0.27074246 0.09110617 0.19637016 0.11190752],4,0.1623900436260074,0.7542553965654136,0.7909551276240729,0.08576956711618601,0.15345127261206803,1019.2429722580127
84,"[[-0.28383515  0.22508755 -0.3566132  -0.40742293  0.25989084 -0.62623244
  -0.13458854  0.24247948 -0.19744896]
 [-0.17138317 -0.15107368  0.57283743  0.22798488  0.43393427  0.12298767
   0.3817833   0.27843549 -0.37546638]
 [ 0.07373266  0.09361208  0.00179985 -0.0752111  -0.64681993 -0.49688258
  -0.06167191 -0.28700876 -0.47822019]
 [-0.26471043 -0.29257264 -0.62828509  0.15490548  0.20612858  0.12233778
  -0.57896598 -0.12744037 -0.1292037 ]]","['bbo_main', 'random_fill', 'random_fill', 'random_fill']","[[0.02953858 0.43019112 0.10701736 0.07693411 0.3911436  0.06157888
  0.05895319 0.28632249 1.00000041]
 [0.02263918 0.02104001 0.88361097 0.23927509 0.20745908 0.11242757
  0.12641498 0.08421711 0.99999992]
 [0.06656325 0.07846281 0.25091377 0.20266404 0.0491619  0.05571217
  0.06251335 0.04656386 0.0682925 ]
 [0.03022181 0.02064413 0.0672387  0.47098947 0.55949335 0.23906448
  0.02099081 0.03207848 1.00000119]]",[-0.05392613  0.35375459 -0.11189773  0.01580311],4,0.17426833789884572,0.768649386185021,0.8045206572693993,0.08475079411436723,0.15099708413543578,963.9148089429364
85,"[[ 0.26451756  0.32845463 -0.07055514  0.44870224  0.31875184 -0.51808507
   0.34882707 -0.07295272 -0.34470129]
 [-0.15916652  0.16448977  0.32907041 -0.6860324   0.13244928  0.27143433
  -0.3635917  -0.29610433 -0.23996925]
 [ 0.09508151  0.03143237 -0.67275578 -0.0170669  -0.55844259 -0.26903031
   0.07292939 -0.3768841  -0.07405505]
 [ 0.32927347  0.44183635  0.16253776  0.4937941  -0.15714224  0.35758702
   0.3787133  -0.09992016  0.34661004]]","['bbo_main', 'random_fill', 'random_fill', 'random_fill']","[[0.10642602 0.10868912 0.15551685 0.49756831 0.08541701 0.04698143
  0.13584742 0.06416056 0.45848169]
 [0.03671111 0.05596216 0.27964669 0.08485779 0.20045457 0.3444022
  0.03080542 0.02673887 0.4417272 ]
 [0.47873868 0.41218513 0.05286848 0.15648669 0.03296195 0.03540557
  0.08648439 0.03498939 1.00000949]
 [0.13536294 0.63845388 0.21514496 0.40167779 0.05739705 0.13918014
  0.12383132 0.05570798 1.00000164]]",[ 0.1636923   0.03208389 -0.08863114  0.98866919],4,0.16091621311123044,0.7830746432998317,0.8180549207776711,0.08442482790189376,0.16301590999509386,733.8121833249461
86,"[[ 0.21944532  0.42084957 -0.11010101  0.28735392 -0.3823761   0.43400787
   0.28093775  0.37899561 -0.35056651]
 [ 0.19853208  0.35347466  0.04789225 -0.0970872  -0.49580846  0.40405553
   0.30072764  0.23849683 -0.51721981]
 [ 0.23381425  0.06778773 -0.69387996 -0.16373784 -0.53673666  0.25048607
  -0.04436268 -0.25786879  0.11472735]
 [ 0.32170255  0.41379139 -0.4039132   0.34532885  0.48381632 -0.1427912
  -0.13941612 -0.06722552 -0.40553986]]","['bbo_main', 'random_fill', 'random_fill', 'random_fill']","[[0.07228242 0.6868659  0.16139236 0.15139566 0.04089164 0.29140837
  0.17743408 0.13511182 1.00000648]
 [0.06850808 0.13439703 0.18491702 0.14608882 0.0577364  0.16869458
  0.1237077  0.08369678 0.12902855]
 [0.51263031 0.11892605 0.07678553 0.10328347 0.04767335 0.48215989
  0.06302032 0.03690676 1.00000195]
 [0.12097229 0.22106818 0.12613064 0.20768318 0.39294381 0.11563008
  0.04490002 0.03464035 0.47644277]]",[0.19198741 0.08574314 0.25533167 0.122963  ],4,0.15895115980049357,0.7861700653680581,0.8209508247625834,0.08421204752399913,0.14527706127448267,781.4404379629996
87,"[[-1.67303048e-01 -1.81625631e-01 -6.59371597e-01 -1.08799106e-02
   4.44506970e-02 -6.28911845e-01 -3.12872055e-01  3.29280449e-02
  -8.74836694e-02]
 [ 2.57103584e-01 -4.32773186e-01 -5.37273732e-02 -3.12371637e-01
   2.36787981e-01 -6.99055404e-01 -1.59143776e-01  2.28899179e-01
  -1.53863136e-01]
 [ 2.49081466e-02  2.80088204e-01  1.28517506e-04 -4.38788168e-01
   2.93351717e-01 -6.41227510e-01  1.75342259e-01 -3.97820994e-01
   2.05330730e-01]
 [ 3.80311195e-01 -7.57347726e-02  3.59027141e-01 -5.28529634e-02
  -1.70885110e-01 -4.21661399e-01  4.34214939e-01 -4.48886205e-01
  -3.47695586e-01]]","['bbo_main', 'random_fill', 'random_fill', 'random_fill']","[[0.0564793  0.03577809 0.06963824 0.21197622 0.10509947 0.04064537
  0.05588921 0.30290889 0.60874009]
 [0.71442536 0.04136631 0.1511181  0.11931261 0.11136167 0.05589978
  0.05404672 0.33449517 1.00000023]
 [0.07165004 0.67562272 0.13532051 0.08085793 0.35007967 0.05549126
  0.06605516 0.0325776  1.00000287]
 [0.11120595 0.04572023 0.32700887 0.21170903 0.05241701 0.04424408
  0.85338613 0.05784857 1.00000858]]",[-0.14582854  0.0217834   0.42662399  0.11431957],4,0.16142930769384128,0.8052943784228086,0.8387730242969164,0.08336114679215982,0.14628586546470512,718.6977728079073
88,"[[ 0.4246721   0.41272184 -0.25075918  0.30703534  0.34569491 -0.19144741
   0.38087463  0.43623804  0.02524336]
 [-0.55334659  0.35971114 -0.10541149 -0.28914663  0.18151403  0.44084528
   0.35909564  0.19092902 -0.27749345]
 [ 0.06045515  0.36611994  0.47498604 -0.52792381  0.29557874  0.36069579
   0.17223308  0.29498337  0.15439692]
 [-0.29865409 -0.27040932  0.04515693  0.30605104  0.54865269  0.06432786
  -0.35479596 -0.27753299 -0.48364819]]","['bbo_main', 'random_fill', 'random_fill', 'random_fill']","[[0.66015654 0.2691145  0.12064427 0.14806762 0.12355665 0.08215673
  0.21182663 0.18131032 1.00000054]
 [0.01937016 0.19332241 0.12473043 0.09105577 0.14623445 0.73240846
  0.21657154 0.10867414 1.00000097]
 [0.04747616 0.20569489 0.67316776 0.11143704 0.27299066 0.20260022
  0.07261133 0.07337549 1.00000501]
 [0.03411422 0.02594469 0.21054333 0.21584321 0.31881012 0.15269482
  0.03898226 0.03257782 0.18870577]]",[0.61863026 0.18979297 0.6814098  0.12896168],4,0.1710642866898966,0.7964996621534315,0.8305923154219148,0.08329262418446222,0.15084811049233837,759.6442587911151
89,"[[ 0.40225443  0.36567492  0.11788674  0.12540373 -0.35639942 -0.52883212
   0.01205518  0.34266106 -0.38807726]
 [ 0.19437101 -0.67462514 -0.41814282 -0.4398528  -0.16849936  0.22586304
   0.18044751 -0.16371377 -0.00415582]
 [-0.1296214   0.07992685 -0.75027045 -0.29401416 -0.40027885 -0.11995963
   0.30440265  0.22192636  0.10456655]
 [-0.01152623  0.29237646  0.57099845  0.28437754  0.39935374  0.33282211
   0.08042713 -0.41829042 -0.23618628]]","['bbo_main', 'random_fill', 'random_fill', 'random_fill']","[[0.28151151 0.27142129 0.21727812 0.18070191 0.04070112 0.03036622
  0.06628603 0.09804936 0.4142285 ]
 [0.09454428 0.02608114 0.08895873 0.07345247 0.07575157 0.78348693
  0.18590704 0.08904968 1.00000004]
 [0.05443008 0.06064097 0.08242674 0.09480258 0.05791242 0.07117217
  0.7242518  0.34574671 1.00000004]
 [0.03740437 0.05195013 0.89438748 0.2404435  0.22452357 0.15833424
  0.04043248 0.02456227 1.00000064]]",[0.10384575 0.11028458 0.27811802 0.4929812 ],4,0.1527976694267598,0.8063299671462326,0.839734544468855,0.08257476852521739,0.14871433794437305,881.7987149469554
90,"[[-0.04828344  0.06887591 -0.10546398  0.45752197  0.38582015  0.45457625
   0.43474479  0.33401782 -0.34118634]
 [-0.01105119 -0.39409153 -0.62494916  0.02036051 -0.44381315  0.1839552
   0.20993597 -0.3985851  -0.14085777]
 [-0.09821498 -0.08133197  0.42526481 -0.71543257 -0.20509829  0.30587717
   0.13497651  0.35059074 -0.11952545]
 [-0.03714972  0.59632266  0.03737222 -0.2885039   0.2925216  -0.24904214
   0.50686301  0.37833671 -0.10367424]]","['bbo_main', 'random_fill', 'random_fill', 'random_fill']","[[0.03476253 0.03070474 0.13453413 0.31541272 0.25311248 0.27851774
  0.63690427 0.10609426 1.00000511]
 [0.04821442 0.02660105 0.08585253 0.13747346 0.05185759 0.44704108
  0.57295608 0.05650654 1.00000804]
 [0.03433747 0.03425653 0.38457458 0.0918863  0.05961321 0.1976693
  0.11337268 0.63569095 1.00000004]
 [0.0398317  0.85593078 0.13277891 0.10187324 0.10932431 0.08171804
  0.21682321 0.13259401 1.00000038]]",[ 0.32595965 -0.04574753  0.25852949  0.55252165],4,0.16285800995600425,0.8073657532154037,0.840695867307293,0.08291309697965105,0.1439560646589198,811.714155866066
91,"[[ 0.32712987  0.15440967 -0.6626376  -0.54708568  0.06152643  0.04173445
   0.18665663 -0.27395977 -0.12381623]
 [-0.28984196 -0.07223375  0.06952454 -0.61612789  0.1151462  -0.58459691
   0.03983697 -0.30230481  0.27989159]
 [ 0.43492873  0.11263711 -0.61462875 -0.56410292  0.03525719  0.19951024
   0.00131275  0.21958285  0.11359368]
 [ 0.34018886  0.15784711  0.49419622  0.11895264 -0.46779816  0.24555451
  -0.05559048 -0.4617023  -0.32493806]]","['bbo_main', 'random_fill', 'random_fill', 'random_fill']","[[0.75163754 0.31507097 0.08191281 0.06727998 0.13481572 0.12025089
  0.08584508 0.05354831 1.00000352]
 [0.03321327 0.06046693 0.20020324 0.08192559 0.63739804 0.0556314
  0.0899698  0.04076847 0.99999945]
 [0.87257866 0.09637693 0.10912689 0.09045622 0.14345182 0.19725299
  0.08012875 0.08844806 1.0000005 ]
 [0.11572869 0.04912797 0.91840058 0.2411856  0.04801126 0.14395794
  0.04017725 0.02509882 0.99999988]]",[0.0942968  0.26147113 0.4497983  0.20381434],4,0.15382621242397912,0.8213688823378453,0.8536537097521801,0.08260922695053938,0.1480699341729855,994.32326779305
92,"[[ 0.4728359   0.44454714  0.17511986  0.52994729  0.13701619  0.26792604
  -0.39921156  0.11295845  0.06786505]
 [-0.49162707  0.12323393  0.08786943 -0.59807025 -0.59473929  0.08387245
  -0.07091684 -0.08589027  0.06746415]
 [ 0.13053315 -0.28271644  0.21555893 -0.69109249  0.01212641 -0.51198512
   0.27693115  0.05773019 -0.19146431]
 [-0.27736841 -0.06132495  0.20792661 -0.51716158  0.21917986 -0.66100306
  -0.27344181  0.02756927 -0.2193652 ]]","['bbo_main', 'random_fill', 'random_fill', 'random_fill']","[[0.7910086  0.21277797 0.2075176  0.31089676 0.1113702  0.09783984
  0.03045624 0.0358099  1.0000015 ]
 [0.01382496 0.6677078  0.18681341 0.06914764 0.020806   0.23303171
  0.06230013 0.04843434 1.0000001 ]
 [0.06585609 0.0385824  0.21524343 0.09438892 0.06310045 0.04281174
  0.84115318 0.17063308 1.00000075]
 [0.03691052 0.03646651 0.27751701 0.14849927 0.14300737 0.06334131
  0.04649112 0.07820446 0.17205657]]",[ 0.77093152  0.11660436  0.00902864 -0.09039333],4,0.15677035959265218,0.8104743088503016,0.8435786384708551,0.08268034037494482,0.14001275951454226,745.4230912178755
93,"[[ 0.29654576  0.23288685  0.33523982  0.42361437  0.2931823  -0.3757019
  -0.50476628  0.28322461  0.06226156]
 [-0.11230957 -0.15803329 -0.77289144  0.12861076  0.38409494  0.16609742
   0.25524396  0.18500509 -0.27205973]
 [-0.45933433  0.28967591 -0.49263551 -0.23499422 -0.27629428 -0.31534695
   0.17484593 -0.39425285 -0.21307081]
 [ 0.43365685 -0.37948415 -0.28643024  0.14499951  0.18839315  0.35473008
   0.44838885  0.44983848  0.01156463]]","['bbo_main', 'random_fill', 'random_fill', 'random_fill']","[[0.11472785 0.05323636 0.38982961 0.78803759 0.07140661 0.03844426
  0.01791769 0.11573789 1.00000109]
 [0.04518415 0.03186941 0.07857245 0.12952497 0.83433808 0.24758596
  0.12737711 0.09929486 0.99999991]
 [0.02872076 0.90971329 0.11580974 0.10799718 0.06236074 0.05646615
  0.10029384 0.04876218 0.99999995]
 [0.31267142 0.03806225 0.12303075 0.12813677 0.12619992 0.13316161
  0.46425042 0.44527526 0.99999999]]",[ 0.60341934  0.0862303  -0.08189691  0.59553105],4,0.1566985062771743,0.8198110814513675,0.852215847000584,0.08184044338748184,0.14960155181256496,927.833560797153
94,"[[ 0.29851567  0.18754126  0.49787804  0.45471819 -0.08548216  0.27433896
   0.36185962 -0.27616846 -0.36233276]
 [-0.61078186  0.22007884 -0.51937565 -0.4355922   0.23006072  0.09055387
   0.10359865  0.21018382 -0.05460159]
 [ 0.41846226 -0.05678838  0.30384303  0.33934412  0.45882567 -0.17098259
   0.1763365   0.40660702 -0.42191176]
 [-0.43288689  0.3775849   0.4076834   0.45565629  0.20472949  0.32824814
  -0.10999697  0.36551086 -0.02918301]]","['bbo_main', 'random_fill', 'random_fill', 'random_fill']","[[0.07171027 0.03997785 0.62078736 0.39983414 0.06006759 0.10492394
  0.08444144 0.04123263 0.6593336 ]
 [0.01541724 0.5247903  0.0651758  0.05572054 0.39353189 0.17767516
  0.10936609 0.15685673 1.00000045]
 [0.09208301 0.03988371 0.25365515 0.20593663 0.18516323 0.1022776
  0.0744947  0.13035941 0.14112983]
 [0.01311386 0.20302383 0.54189631 0.53072971 0.12406924 0.12141601
  0.0333263  0.14303379 1.00000017]]",[0.32371303 0.14427923 0.25728987 0.61842117],4,0.15727017600515475,0.8244859652576688,0.8565279542167068,0.08181625466023147,0.14525125125028202,984.8441265181173
95,"[[ 0.19030851 -0.31703944 -0.59282218 -0.26835887 -0.29140744  0.18157421
  -0.54108171  0.16633595 -0.03859396]
 [ 0.28941573 -0.58079038  0.3211942  -0.43893398  0.34041252  0.04738816
   0.29812837  0.10467113 -0.25520468]
 [-0.45568742 -0.32615467 -0.26228693 -0.73554898 -0.07470427  0.17967424
  -0.02896082 -0.06327099 -0.18286572]
 [ 0.11977602 -0.10456062 -0.02343397 -0.59393751 -0.21105446 -0.49903458
   0.09365768 -0.54899286 -0.1329114 ]]","['bbo_main', 'random_fill', 'random_fill', 'random_fill']","[[0.47139009 0.05143327 0.08331252 0.09701151 0.06993021 0.42603415
  0.02874165 0.20161667 1.00000374]
 [0.08672973 0.02377692 0.21982921 0.1162533  0.78062554 0.15589809
  0.24019099 0.09590236 0.99999997]
 [0.02457966 0.02946882 0.1241373  0.07050855 0.13307972 0.39269552
  0.07806192 0.06034181 0.35624732]
 [0.16616276 0.09055319 0.1829571  0.08536238 0.05572208 0.04389538
  0.08426762 0.03434417 0.39437559]]",[ 0.0343488   0.1304356  -0.11584252 -0.14159843],4,0.1619944401574433,0.8312466125927837,0.8627485167452622,0.0811719211260949,0.14387268605886577,900.3583717769943
96,"[[-0.51580243 -0.31999393 -0.18213703  0.19189801 -0.57236728  0.15478999
  -0.24941079 -0.04009792 -0.38232861]
 [ 0.41021743  0.44802877  0.23868413  0.0188007   0.43626614 -0.10422414
  -0.46327766  0.01869889 -0.39686477]
 [-0.01941035  0.32995714  0.44976709 -0.39920144  0.35194403  0.36295889
   0.41474288  0.19275512 -0.2536323 ]
 [ 0.06248556  0.32161773 -0.38236891  0.13965146  0.04954365  0.21905611
   0.53389874  0.46773233 -0.41555689]]","['bbo_main', 'random_fill', 'random_fill', 'random_fill']","[[0.02846806 0.02603702 0.22233354 0.25152872 0.05871851 0.14306639
  0.05246145 0.0452035  0.09736803]
 [0.26100476 0.31776808 0.2068129  0.16027804 0.19226297 0.10792225
  0.02471376 0.03831874 0.45445407]
 [0.03932038 0.13853368 0.22519185 0.12055435 0.268274   0.18968993
  0.75731453 0.07873339 0.99999985]
 [0.05308064 0.08260115 0.13165703 0.13197131 0.09789796 0.0978484
  0.87616535 0.26126756 1.00000111]]",[-0.0788298   0.18335433  0.33700726  0.19868523],4,0.14531506797529561,0.8479317384816805,0.8780171418906402,0.08100145978859961,0.14052342465593246,868.3587373779155
97,"[[ 0.24835109  0.43501493 -0.41716556  0.51116332  0.10222855  0.02227003
   0.14555858  0.38847639 -0.36155341]
 [-0.51178931  0.01126486 -0.27337098  0.29306601  0.45701678  0.09835126
  -0.35052811  0.3276456  -0.35856174]
 [-0.44678483  0.25491546 -0.21330872  0.30549249 -0.15888079 -0.664166
   0.01226904 -0.35370017  0.07043597]
 [ 0.01079632 -0.37992833 -0.62353285 -0.43788605  0.07015867  0.16970169
   0.20234366 -0.42073066 -0.15271654]]","['bbo_main', 'random_fill', 'random_fill', 'random_fill']","[[0.09351733 0.50406031 0.08197938 0.54188729 0.10578686 0.08366196
  0.08994423 0.1113657  1.00000706]
 [0.0246158  0.02847774 0.14725686 0.21501337 0.84044334 0.15433391
  0.03941674 0.20361036 0.99999999]
 [0.02032964 0.44432012 0.13900463 0.63442755 0.04669755 0.02773796
  0.05009057 0.02824139 1.00000027]
 [0.05078293 0.02934624 0.07172008 0.07268835 0.20190009 0.39497733
  0.58409528 0.0517247  1.00000221]]",[ 0.19276956  0.10408933  0.30356266 -0.06224794],4,0.1496971546150046,0.8542059859975832,0.8837255526571819,0.08071925915414073,0.14110902205718223,771.6764241070487
98,"[[-0.05741603 -0.02628762  0.21045331 -0.50661634 -0.0776206   0.07168669
   0.30592776 -0.73119206 -0.23593239]
 [ 0.40455276 -0.14270331 -0.17419196  0.40168932  0.45336462  0.14062944
   0.46114164  0.06480216 -0.42674188]
 [ 0.31623958  0.38650945 -0.65898741  0.17524033  0.19364632  0.31264386
   0.37440515  0.05329866  0.08581577]
 [ 0.28811582 -0.23204851  0.46445857 -0.56174111  0.01769647  0.41588955
   0.00148974  0.22172312 -0.33079795]]","['bbo_main', 'random_fill', 'random_fill', 'random_fill']","[[0.05072964 0.04136803 0.22620566 0.1208484  0.10665514 0.17332923
  0.85567601 0.03241281 0.99999993]
 [0.07989026 0.03901109 0.15828452 0.23649946 0.2404797  0.1440634
  0.20977115 0.06224434 0.2626035 ]
 [0.27785484 0.55261775 0.06311155 0.1049621  0.16379163 0.16472448
  0.27391574 0.06733808 1.00000412]
 [0.07641756 0.0407712  0.38566754 0.12033118 0.10047218 0.42927924
  0.05982252 0.07091104 0.57751737]]",[-0.01132877  0.21216864  0.55344291  0.12916877],4,0.14419465152015257,0.8557761336252682,0.8851510697659175,0.08080769319893098,0.14032063699223263,917.5037681281101
99,"[[-0.14372989 -0.26161075  0.27981694 -0.80044763 -0.26151928 -0.26361181
   0.02154431  0.14071397 -0.18368318]
 [ 0.26381257 -0.00690808 -0.51365064 -0.02208428 -0.60453212  0.08626218
  -0.4317602   0.17293619 -0.27713981]
 [ 0.09576544 -0.14061916  0.27336754 -0.78535974 -0.47757135  0.14204386
   0.15178178 -0.07011957  0.05770773]
 [ 0.27854078  0.15060281 -0.18493493 -0.51339923  0.37527391  0.42633839
   0.1421995   0.42667458 -0.27764601]]","['bbo_main', 'random_fill', 'random_fill', 'random_fill']","[[0.0367531  0.03036788 0.69448307 0.08952722 0.05274088 0.05867319
  0.1251897  0.25000175 1.00000009]
 [0.14433326 0.06530215 0.13779888 0.13056281 0.05953429 0.13843157
  0.04831281 0.1757841  0.24005281]
 [0.06936651 0.04280825 0.65428797 0.08049453 0.03385099 0.26966716
  0.15606554 0.08893181 1.00000011]
 [0.08266576 0.04774882 0.10567963 0.0700927  0.31786789 0.23723723
  0.08244923 0.71805884 1.00000003]]",[-0.06562784 -0.11707534  0.21356527  0.23557404],4,0.15557738169926308,0.8583945023116014,0.8875254757993629,0.08034345761955293,0.15080517650894487,1109.3144515999593
100,"[[-0.46217688  0.33813882  0.23300364 -0.4041396   0.30294621 -0.14573877
   0.33909887 -0.37761759 -0.28954426]
 [-0.47595613  0.47215657  0.12427563  0.28857459  0.47647099  0.18486341
  -0.39608258  0.16101446 -0.08836322]
 [ 0.28181146  0.30497206  0.17579819 -0.74778923  0.11063671  0.2737398
   0.2265247   0.31386416 -0.02196595]
 [-0.19596765 -0.02098907 -0.73208255 -0.4086279  -0.19056028 -0.16810524
  -0.41743824 -0.12964819  0.05097628]]","['bbo_main', 'random_fill', 'random_fill', 'random_fill']","[[0.01675786 0.40625013 0.15533592 0.08228296 0.20356305 0.11721353
  0.59534595 0.05291394 1.00000478]
 [0.01952423 0.75117224 0.20317591 0.17429117 0.36302473 0.15782521
  0.02906575 0.03964801 0.99999998]
 [0.4584153  0.41826316 0.1219882  0.04677995 0.11356324 0.16972842
  0.14625334 0.18345024 1.00000053]
 [0.08778624 0.48355685 0.050549   0.06158742 0.09549266 0.07950449
  0.03895246 0.04778064 1.00000001]]",[ 0.06950425  0.52957915  0.3709772  -0.09256592],4,0.14793076113367953,0.8578706812777567,0.8870507418729044,0.0802975332871925,0.13969377859825344,1021.155590434093
101,"[[ 0.39578133  0.33954097  0.3107787  -0.3630066   0.09164029  0.40046723
  -0.10092275  0.43018846 -0.36836452]
 [-0.19175394  0.33853739 -0.51882239 -0.424994   -0.32610839 -0.0824842
   0.17826897  0.35339552 -0.35917647]
 [ 0.20039191 -0.36495483 -0.73698887 -0.14515918 -0.3236053  -0.28561198
   0.22009133 -0.0580382   0.15596174]
 [-0.29219841 -0.23666929  0.28058306 -0.5345306   0.28305821 -0.48730724
  -0.29563258  0.29765154  0.02392843]]","['bbo_main', 'random_fill', 'random_fill', 'random_fill']","[[0.2160009  0.12427358 0.18046005 0.10556662 0.11324505 0.188956
  0.04146642 0.3604838  0.55832461]
 [0.04393787 0.29827644 0.11397995 0.09478179 0.06282207 0.07220362
  0.16658313 0.17028839 0.36006493]
 [0.10837327 0.04145071 0.09908552 0.11951833 0.06604038 0.05929539
  0.80980242 0.16091135 1.00000039]
 [0.02733908 0.02932745 0.22850417 0.10504467 0.22772447 0.08005208
  0.0347709  0.79566832 1.00000097]]",[ 0.17671944 -0.07275813  0.20276218  0.26896572],4,0.16011644232813582,0.8636368679502184,0.8922686602411698,0.07928784815757108,0.13818356456149156,908.6344682029448
102,"[[ 0.33915236  0.34206165  0.44364122 -0.0743999  -0.55621897  0.20841399
   0.26051718  0.21846187 -0.31177862]
 [-0.32903928  0.43691256  0.07362295  0.43498068  0.33051896 -0.45979636
   0.0669385   0.40971191  0.11494325]
 [-0.42166698  0.07933617  0.16290645 -0.66506179 -0.00608982 -0.31189557
  -0.29252351 -0.22826073  0.33476579]
 [ 0.34008287  0.35064355  0.33006016 -0.49362356 -0.22028816  0.43566573
  -0.32536976 -0.23782733 -0.08961023]]","['bbo_main', 'random_fill', 'random_fill', 'random_fill']","[[0.36150763 0.33937617 0.54215031 0.18426045 0.02345524 0.07335999
  0.11954111 0.07347636 0.99999984]
 [0.02343144 0.82264682 0.21048925 0.26789304 0.08390294 0.04623182
  0.07177484 0.14310929 1.00000076]
 [0.01664056 0.4130255  0.54514961 0.08773496 0.08287862 0.05505486
  0.03191171 0.02834774 0.99999953]
 [0.29807666 0.27749401 0.18519107 0.09969198 0.05209187 0.60367669
  0.03193923 0.0276148  1.00000014]]",[0.20316372 0.66859571 0.35749425 0.3555423 ],4,0.1481558179505439,0.8704637265413117,0.8984230181880317,0.0791781750423168,0.14576885788441418,956.8286439660005
103,"[[-4.16693937e-01 -3.15870264e-02 -7.23264199e-01 -1.44818670e-01
   9.95066637e-03 -4.47195660e-02 -4.77254529e-01 -1.84859963e-01
  -1.31304714e-01]
 [-3.89103740e-01 -1.22048550e-04 -3.07400879e-01 -4.70588629e-01
  -5.26854046e-01 -2.93667411e-01  6.39656674e-02 -4.03568794e-01
  -4.32919780e-02]
 [ 3.32195929e-01  2.40812836e-01 -2.95616292e-01 -4.83431741e-01
   4.70636292e-01 -2.54665463e-01 -1.63413942e-01  2.03589669e-01
  -3.95036600e-01]
 [-1.74922544e-01  3.59715984e-01  2.22926375e-01 -3.08290258e-01
  -2.57766704e-01 -5.96758704e-01 -2.43227528e-01 -3.79263001e-01
  -2.64012849e-01]]","['bbo_main', 'random_fill', 'random_fill', 'random_fill']","[[0.0360602  0.08992359 0.08475223 0.11983251 0.21860888 0.2106849
  0.03527347 0.03577117 0.31512572]
 [0.02765736 0.41378266 0.1222427  0.0741456  0.02834639 0.03877903
  0.32452215 0.04838617 1.00000603]
 [0.11081477 0.16869626 0.12092614 0.09356874 0.41393165 0.12332665
  0.05948686 0.07583882 0.42773085]
 [0.03442355 0.92401302 0.25728913 0.17526501 0.04376243 0.03199186
  0.03742623 0.02647996 1.0000001 ]]",[-0.16858973 -0.15166533 -0.0033915   0.01615408],4,0.1582396747722212,0.8715152493093039,0.899368605816274,0.07935199265142359,0.13867907928908463,684.2456098201219
104,"[[ 0.29743061  0.20405828  0.44361943  0.5338397   0.38519213 -0.29765493
   0.22980668  0.30576756  0.06954047]
 [ 0.3169283  -0.27558795  0.42604136  0.55747524  0.36910147 -0.04243763
   0.00594716  0.43179498 -0.08245442]
 [-0.28414689 -0.24075017  0.3817177   0.0919265  -0.09414211  0.50390682
  -0.43017241  0.50921629  0.0025799 ]
 [-0.21316821  0.34788751 -0.19230129  0.48749202 -0.47960296  0.27006552
  -0.08742442 -0.48968155 -0.09230334]]","['bbo_main', 'random_fill', 'random_fill', 'random_fill']","[[0.0724961  0.04013494 0.45271919 0.80889185 0.08856638 0.05152364
  0.07772291 0.06445811 1.00000113]
 [0.04946496 0.0272984  0.37293663 0.8232699  0.14403096 0.08692902
  0.04447402 0.12789006 1.00000066]
 [0.02683872 0.0241269  0.27728421 0.18852571 0.07239812 0.22903051
  0.02990161 0.83520067 1.0000005 ]
 [0.03415443 0.08732094 0.14694613 0.91784773 0.04824512 0.12139899
  0.04102321 0.02527541 1.00000046]]",[0.78829584 0.64849803 0.63334927 0.34366321],4,0.14344184539587568,0.8831053805615025,0.9097466922376344,0.07882270341501044,0.13684919647385052,910.6219264199026
105,"[[ 0.43497805  0.04448846 -0.31373564  0.39645795  0.15011937  0.49108908
   0.39942656 -0.35393635 -0.06847687]
 [-0.42461168  0.14876119 -0.55538791  0.30385433  0.12098905 -0.01279967
   0.40670298 -0.31431486 -0.34320332]
 [ 0.08367875 -0.66910123 -0.34760575 -0.46721815  0.09402063 -0.44389206
   0.00184312  0.01704775  0.00218765]
 [-0.32221367  0.23128451 -0.59705336 -0.17138936 -0.59555171  0.15639655
  -0.12994519  0.17764174 -0.1710402 ]]","['bbo_main', 'random_fill', 'random_fill', 'random_fill']","[[0.70543811 0.04838422 0.12648976 0.21605597 0.13706082 0.36244607
  0.11264419 0.04951428 1.00000015]
 [0.03138795 0.03730409 0.12483019 0.31759887 0.14182563 0.10663859
  0.84920191 0.06207763 1.0000058 ]
 [0.23189045 0.01950182 0.09315096 0.06498267 0.36312685 0.05679603
  0.16675847 0.25660971 1.00000033]
 [0.03340029 0.70758852 0.08619482 0.09773159 0.03671052 0.22359422
  0.07854024 0.14443434 1.00000011]]",[ 0.51253548  0.01784645 -0.04058554 -0.05780306],4,0.1546954247617181,0.8862742339383465,0.9125691721667852,0.07857988500269818,0.14553633887162315,979.9798217818607
106,"[[ 0.22130012  0.18236136 -0.75924108 -0.40338766 -0.16819243 -0.28900455
   0.20206615  0.14321771  0.07380787]
 [-0.56676453 -0.08268545 -0.01277921 -0.56762349  0.22514254  0.31215621
   0.27810862  0.24962065 -0.24858764]
 [ 0.49935802 -0.23982347 -0.36768264  0.64595626  0.13847982 -0.1741579
  -0.11615248 -0.25686429 -0.10815711]
 [ 0.24925942  0.27520604 -0.61423051 -0.39457977  0.18771608 -0.15360472
  -0.40147794  0.22005196 -0.24641414]]","['bbo_main', 'random_fill', 'random_fill', 'random_fill']","[[0.46589531 0.41357463 0.06226228 0.06783966 0.05940962 0.0441
  0.22835657 0.14174181 1.00000152]
 [0.01548468 0.03193864 0.1274229  0.07107344 0.2268117  0.40688658
  0.31773869 0.16580168 0.69049083]
 [0.43267178 0.04372947 0.11942655 0.70607533 0.1064181  0.08323568
  0.04408057 0.03174665 1.00000058]
 [0.4827679  0.50863231 0.06747461 0.06514035 0.14366731 0.09903659
  0.03481214 0.14068556 1.00000339]]",[ 0.22139865  0.08279469  0.49656227 -0.02451187],4,0.1413447603667663,0.9043046554111189,0.9284896529207503,0.07758648545166427,0.1384701139085789,931.1334684451576
107,"[[ 0.40909039  0.35550734 -0.15413578  0.42537605 -0.05929529  0.23446184
   0.39442952 -0.40251367 -0.354227  ]
 [ 0.19940969 -0.25406304 -0.70021669  0.10032205 -0.20896606 -0.11015274
  -0.531688   -0.2380803  -0.01204275]
 [ 0.31604405  0.38520952 -0.24761516  0.47650322  0.02758179  0.50489774
  -0.05230735 -0.21188244 -0.4000606 ]
 [-0.37619523  0.28123043 -0.7164396   0.35577479 -0.22384653  0.0185825
   0.21416759 -0.18168785 -0.10096724]]","['bbo_main', 'random_fill', 'random_fill', 'random_fill']","[[0.71483386 0.22397547 0.14107884 0.31218717 0.08990126 0.09520961
  0.14537055 0.04230336 0.9999999 ]
 [0.68609182 0.0549905  0.09139394 0.3807304  0.0848565  0.08509268
  0.03284198 0.03394631 1.00000068]
 [0.10436477 0.09041891 0.13591011 0.31847141 0.11273732 0.80033059
  0.0433952  0.0285571  0.99999466]
 [0.02880752 0.3014869  0.06992236 0.70613157 0.07249674 0.07235481
  0.12738485 0.06535216 1.00000003]]",[0.18618433 0.03235068 0.18472884 0.17463587],4,0.148563868106605,0.8931527808642441,0.9186718495790679,0.0779898239837863,0.13791907681943302,922.9284072418232
108,"[[-0.01377201  0.28284789  0.28776304 -0.74992898  0.26390506 -0.17049884
  -0.23511677  0.22988367 -0.26031564]
 [ 0.40178299  0.20419051  0.09563954 -0.65424353  0.0418205  -0.28296582
  -0.38701908  0.08685876 -0.3472007 ]
 [ 0.0661821  -0.42682646 -0.39623573 -0.19230913 -0.58634279 -0.07853108
  -0.41252622 -0.27714304  0.15000801]
 [ 0.47855107  0.09748738  0.14232934  0.42751096 -0.43745594  0.00242047
  -0.37826868 -0.204912   -0.42662881]]","['bbo_main', 'random_fill', 'random_fill', 'random_fill']","[[0.04837063 0.33212812 0.15924292 0.07325939 0.20267848 0.11589109
  0.03910358 0.11902371 0.39419763]
 [0.82194466 0.29529869 0.1456841  0.07878989 0.09788067 0.08447787
  0.03887    0.05851167 1.00000256]
 [0.5702788  0.04117211 0.12964536 0.11854256 0.02981509 0.19011103
  0.0336528  0.02609235 0.99999989]
 [0.87719951 0.05688495 0.25800935 0.32692937 0.05074089 0.06840947
  0.03521787 0.03280763 1.00000752]]",[ 0.03344094 -0.02404775  0.04248449  0.13311069],4,0.1624263245551123,0.8820498810025484,0.9088050808212563,0.07800962516790616,0.13582914413245906,906.3602056419477
109,"[[ 0.08805932 -0.00658841 -0.47222075 -0.69666448 -0.38598234 -0.06382012
  -0.36029931  0.02993638 -0.01005784]
 [-0.36822658 -0.29530749 -0.4478882  -0.5005019   0.04290906 -0.03972259
  -0.39989603 -0.01480473  0.40316446]
 [ 0.26874675  0.34793864 -0.40828945 -0.16601086  0.22118727 -0.39951282
   0.40720143  0.32504157 -0.36394324]
 [ 0.00607269 -0.16232768 -0.80645761  0.20510192 -0.05180032 -0.09295297
  -0.46536714 -0.00495288 -0.23077594]]","['bbo_main', 'random_fill', 'random_fill', 'random_fill']","[[0.48381016 0.30221341 0.08223694 0.04283427 0.05106296 0.07878241
  0.03659306 0.16466065 1.00000008]
 [0.02768568 0.02496072 0.06681055 0.03773785 0.43689002 0.30688099
  0.02091542 0.12574725 1.00000017]
 [0.08836404 0.25848486 0.10868654 0.10149399 0.09159542 0.05907301
  0.31503526 0.16868831 0.47162141]
 [0.06694923 0.04339836 0.07249255 0.51101097 0.12676845 0.10238709
  0.03901635 0.04316193 0.47958662]]",[-0.07111247  0.3331181   0.06058917 -0.10542262],4,0.14465282510960975,0.8963337031575096,0.9214822627384227,0.07740867798137248,0.13206874135777247,947.8289127799217
110,"[[ 0.16093083  0.17024264 -0.00657822 -0.12268046 -0.49392419 -0.49481665
   0.49546623  0.29180506 -0.33254075]
 [ 0.28804006  0.03869803 -0.58486299  0.22325203 -0.57542259  0.27277282
   0.13003547  0.27969855  0.15156694]
 [ 0.40306459 -0.44171598  0.00800822  0.11732286 -0.50812245 -0.29070554
   0.15865132  0.49864412  0.10992183]
 [ 0.41315933 -0.14003056 -0.31462811 -0.06466238  0.24264963  0.49659935
   0.40134926 -0.34850712 -0.34422455]]","['bbo_main', 'random_fill', 'random_fill', 'random_fill']","[[0.06088308 0.0871752  0.18561159 0.15441976 0.0467442  0.03696079
  0.90476466 0.19849761 1.00001626]
 [0.48921624 0.05407116 0.09192511 0.19203987 0.0392825  0.3136051
  0.14530527 0.27513466 1.00000075]
 [0.07766612 0.03899769 0.20350567 0.18645539 0.04006418 0.04424223
  0.11228765 0.94385758 1.00000114]
 [0.10687408 0.04560865 0.11538923 0.11169217 0.19822954 0.88684121
  0.128183   0.05287889 1.00000429]]",[0.1367535  0.44247159 0.60275035 0.17153898],4,0.13415808145085545,0.9059022473255467,0.9298877302417297,0.07745800104061204,0.14361306292853315,722.555878814077
111,"[[ 0.23775836  0.3203107  -0.56633946  0.200067   -0.14438085  0.39373428
   0.31666141 -0.38174664 -0.24130348]
 [-0.12743519  0.06810333  0.07222196  0.5409345   0.49059991  0.46659833
  -0.20251602 -0.29772804 -0.30535072]
 [-0.19240561  0.3551532  -0.09209601 -0.408985   -0.42025558 -0.46349018
   0.29847795  0.3715025   0.20628813]
 [ 0.28990721  0.40439658 -0.20893687 -0.049906    0.45305841 -0.18841319
  -0.39342472  0.42367526 -0.36225239]]","['bbo_main', 'random_fill', 'random_fill', 'random_fill']","[[0.14775104 0.27183651 0.08873604 0.1386072  0.07271065 0.67426441
  0.12854727 0.0439239  1.00000004]
 [0.03240934 0.02899412 0.17730682 0.50590111 0.58349092 0.3126014
  0.0318884  0.02362338 1.00000045]
 [0.0353014  0.4219962  0.13743513 0.08571774 0.04111786 0.03568811
  0.29144961 0.48116846 1.00000071]
 [0.12819617 0.30307589 0.12036581 0.10863693 0.44009361 0.10936246
  0.0302257  0.22440074 0.7614983 ]]",[0.13729485 0.39758709 0.53358036 0.11526707],4,0.14166817404956547,0.9064350430599738,0.9303534909810289,0.0767082536659228,0.134178616312995,837.1255025989376
112,"[[-0.47947181  0.10128175  0.41633253  0.16511155  0.36385328  0.40443316
   0.36823268  0.01826078 -0.3568894 ]
 [ 0.19806817  0.03114127  0.20073089 -0.56873057 -0.42934089  0.17007678
  -0.45981003 -0.38080001 -0.16235224]
 [-0.57187074 -0.1238756   0.32109069  0.38663277  0.30893879  0.26738155
   0.26507369 -0.29309071 -0.28623812]
 [ 0.01961079  0.40690069  0.34482757  0.47273766  0.33418063 -0.29796137
  -0.42688052  0.10962659 -0.31138025]]","['bbo_main', 'random_fill', 'random_fill', 'random_fill']","[[0.01647097 0.02930177 0.30886673 0.1912642  0.2753242  0.22521862
  0.11104235 0.0566268  0.29959666]
 [0.6054663  0.09078214 0.20876229 0.08730201 0.04105245 0.38089634
  0.0257793  0.02319093 1.00000416]
 [0.01194948 0.01903363 0.35522641 0.47439076 0.23986247 0.15396437
  0.05421189 0.02637411 0.5463425 ]
 [0.04219223 0.62060072 0.35716689 0.43263761 0.11121298 0.06744047
  0.02215112 0.03741291 1.00000008]]",[ 0.28150565 -0.02087709  0.25380969  0.28137122],4,0.13508396062886485,0.9059022473255467,0.9298877302417297,0.07697587585949658,0.12876933129816462,1077.6098279438447
113,"[[-0.18455842  0.03895793 -0.8335616   0.07979001 -0.39123671  0.09091369
   0.24094622  0.0234211  -0.20807207]
 [-0.26176422 -0.07207332  0.33893675  0.40851405  0.51807108  0.36792066
  -0.30434217  0.38425704  0.02195904]
 [ 0.34444658  0.33207853 -0.22110128 -0.57802834  0.46049233 -0.05774416
   0.32492088 -0.15210772 -0.20971398]
 [-0.40399034  0.20934357 -0.15955466  0.43606712 -0.41017195 -0.3506174
  -0.03028099 -0.43891663 -0.30432961]]","['bbo_main', 'random_fill', 'random_fill', 'random_fill']","[[0.05084199 0.05156638 0.07482103 0.14008555 0.06577364 0.20139689
  0.77660077 0.14385069 1.00000168]
 [0.02615933 0.02357654 0.26206583 0.21609433 0.88747632 0.21584802
  0.03668319 0.08357627 1.00000148]
 [0.19686855 0.23913938 0.11503761 0.0731981  0.73107049 0.13455912
  0.11135687 0.06089598 1.00000049]
 [0.02889565 0.04784662 0.17903056 0.7760628  0.04078581 0.03643416
  0.0472256  0.02743073 0.73546165]]",[-0.0835725   0.75065485  0.22556591  0.04139688],4,0.14516809711241357,0.9155141235668863,0.9382498759505629,0.07630361845792975,0.13844961939576284,844.5998189030215
114,"[[ 0.29737397 -0.46318114  0.23895964  0.09736811  0.30054408 -0.25506394
   0.26470171 -0.56702377 -0.2889332 ]
 [ 0.33958914  0.35570487  0.41702803  0.34688416  0.06846343  0.22265363
  -0.57434749 -0.23743534 -0.15296994]
 [ 0.4771903   0.4257661   0.24571247  0.51985461 -0.072025   -0.18778277
   0.36885862  0.17567449 -0.23026297]
 [-0.40738449 -0.2716915   0.0985721   0.04821018  0.16078663 -0.74343562
  -0.40996744  0.03447997 -0.01923261]]","['bbo_main', 'random_fill', 'random_fill', 'random_fill']","[[0.0914959  0.03028715 0.28884375 0.21303115 0.18595256 0.10353805
  0.0568871  0.02693112 0.13127926]
 [0.44812475 0.39495652 0.44374743 0.2595456  0.08396951 0.09428523
  0.01819585 0.02104833 0.99999999]
 [0.78931398 0.205872   0.2434527  0.28416381 0.04686002 0.04496464
  0.11507592 0.06351756 1.00000163]
 [0.01537153 0.01537183 0.35292296 0.28822157 0.65459442 0.03103228
  0.0201345  0.0625219  1.0000004 ]]",[0.09427921 0.42607713 0.48337266 0.09509322],4,0.13229418940432242,0.9251769275615176,0.9465611085537405,0.07665646640515467,0.12368992428885928,743.5264408830553
115,"[[-0.42783045  0.22551689 -0.63638114  0.22247056 -0.34240566 -0.02689613
  -0.33931901  0.15861735 -0.2310135 ]
 [ 0.23394514 -0.07397292  0.31069479 -0.78280211  0.23427844 -0.24736517
   0.1392079   0.05520941  0.3032894 ]
 [ 0.16838232 -0.65757778  0.17421919 -0.5491292  -0.42992099  0.07399045
   0.00766557  0.13028964  0.0016917 ]
 [-0.1593191   0.36763816  0.00270931  0.08987139 -0.34955734 -0.50894497
   0.45114803  0.1434465  -0.47544573]]","['bbo_main', 'random_fill', 'random_fill', 'random_fill']","[[0.0279444  0.36664436 0.09281291 0.37843785 0.06770724 0.06764774
  0.05199915 0.09470187 0.62406001]
 [0.63394869 0.0479344  0.34239166 0.08086358 0.20431235 0.11358531
  0.11052738 0.09656934 1.000001  ]
 [0.63611092 0.02050539 0.21267759 0.08785636 0.03824651 0.13845206
  0.12035795 0.2422945  1.00000044]
 [0.04524983 0.17062889 0.20956496 0.18248435 0.04748053 0.03618681
  0.19448458 0.11397892 0.2008912 ]]",[-0.07593611  0.53161894  0.1104179   0.04605251],4,0.1369994807141844,0.9144437809006034,0.9373231044418538,0.0764586144489858,0.13150304412057995,989.5166977029294
116,"[[ 1.69026273e-01 -1.83407280e-04 -4.45443149e-01 -5.78601001e-01
  -4.46042166e-01  9.81548438e-02  1.78090625e-01 -3.96856083e-01
  -2.01077994e-01]
 [ 3.45887605e-01 -4.38253141e-01 -3.61513749e-01  4.45895569e-01
  -2.97942333e-01 -2.96211526e-01  7.82005315e-02  4.18120677e-01
   3.64660689e-02]
 [-4.66303374e-01  1.82348181e-01 -2.76214380e-01  4.59337370e-01
  -7.41453772e-02 -5.42538727e-01  1.40854734e-01  3.72569241e-01
   5.94255660e-02]
 [ 9.87654470e-02  2.71668777e-02 -7.63145169e-01 -1.46397955e-01
  -3.22093551e-01  3.78800819e-01 -2.32749778e-01 -5.30580397e-02
  -2.85416373e-01]]","['bbo_main', 'random_fill', 'random_fill', 'random_fill']","[[0.132476   0.07192465 0.11233688 0.07315253 0.0607751  0.25755181
  0.11707506 0.05424589 0.3376469 ]
 [0.08271112 0.03686892 0.12398256 0.48584248 0.04909077 0.04020806
  0.10061406 0.63092047 0.99999999]
 [0.02278315 0.03100872 0.11927925 0.82679967 0.05209915 0.03235415
  0.1312828  0.22074279 1.00000052]
 [0.09002727 0.05713348 0.08670162 0.11119376 0.07123954 0.89989806
  0.05789157 0.05038163 1.00000027]]",[-0.14038659  0.46586316  0.48060695 -0.05562827],4,0.15357078333631394,0.916585092244356,0.9391760216261714,0.07564839110212594,0.12392221436829937,1007.8587936318945
117,"[[-0.04095847 -0.39618666  0.53781081  0.02837157 -0.12873613  0.43009928
   0.18538768  0.41717439 -0.37596766]
 [-0.63776061 -0.33301676 -0.06024882 -0.30468177 -0.10387185 -0.47348628
  -0.28892696 -0.20723922  0.15650826]
 [-0.34461922  0.02224374 -0.81627289 -0.17866611  0.31636693 -0.24079272
  -0.09310262 -0.12450315 -0.01677783]
 [ 0.15315384  0.06767688  0.18533021 -0.76170284  0.29391677  0.16619358
  -0.35785768 -0.23718957  0.24309843]]","['bbo_main', 'random_fill', 'random_fill', 'random_fill']","[[0.02650749 0.01675982 0.624405   0.20474023 0.05838064 0.23013156
  0.084642   0.2112889  0.73858922]
 [0.01211344 0.01837195 0.29304164 0.11666378 0.05998187 0.0292668
  0.03556697 0.0313522  1.00000196]
 [0.04229661 0.11893221 0.08922584 0.10945842 0.87773049 0.14728251
  0.06974194 0.05219574 1.0000017 ]
 [0.07001224 0.05150115 0.15338843 0.07268373 0.84915524 0.28904824
  0.03173106 0.03232515 1.00000451]]",[0.25150879 0.05260267 0.10813093 0.50896825],4,0.1476480557854455,0.9160495289064845,0.9387130277647794,0.07563701447174863,0.13198562145553716,734.5978383459151
118,"[[ 0.34938167  0.41293835  0.51558748  0.12428271  0.17962119  0.48288014
  -0.09503509 -0.12422033 -0.36910482]
 [-0.39192996 -0.06643741  0.54958035 -0.1328906  -0.12956422 -0.01201546
   0.44891321 -0.36866262 -0.40977072]
 [ 0.29813984  0.29479944 -0.20056325 -0.4026866  -0.52456571  0.36244703
   0.06797346  0.29228091  0.35389019]
 [ 0.15479072  0.29587705 -0.70068265 -0.35880761 -0.36431586  0.0145793
  -0.25322907 -0.21479118 -0.15999599]]","['bbo_main', 'random_fill', 'random_fill', 'random_fill']","[[0.0934329  0.16056935 0.39257151 0.20188625 0.10613068 0.72311334
  0.03438968 0.02613575 0.99999998]
 [0.02683474 0.02970889 0.43565465 0.21257353 0.06500419 0.08233252
  0.24652197 0.05735746 0.37106212]
 [0.41888683 0.34861265 0.1028312  0.06968397 0.03343002 0.39409713
  0.08338349 0.10321674 1.0000037 ]
 [0.17201696 0.85283644 0.08151708 0.09231538 0.06809734 0.09423914
  0.05114619 0.03940683 1.00000304]]",[ 0.31906567  0.12674664  0.69400345 -0.01612713],4,0.14192978854652438,0.9257154345412206,0.9470211597183252,0.07549845278396347,0.1278905819405723,864.438069568947
119,"[[-0.01064827 -0.39637801  0.29959343  0.47144444  0.19860771  0.36586041
   0.35892828  0.32710236 -0.34875591]
 [-0.29023201  0.13975696 -0.08236354  0.05613622 -0.79106791  0.40759911
  -0.26705614  0.12701498  0.08319303]
 [-0.22395631 -0.18441679 -0.06269548 -0.73442989  0.06216043 -0.25255507
  -0.51141824 -0.17516346 -0.11241532]
 [-0.14491683  0.43107486  0.01086264  0.40124874  0.47120662 -0.04840216
   0.39749433  0.39780158 -0.30237186]]","['bbo_main', 'random_fill', 'random_fill', 'random_fill']","[[0.02652559 0.01542589 0.25310781 0.45398136 0.12420987 0.13973935
  0.19458069 0.10800596 0.46195982]
 [0.03370126 0.04039618 0.1978672  0.16508627 0.03000305 0.94353939
  0.04544519 0.05320551 1.00000332]
 [0.04440772 0.03720766 0.1634487  0.07459325 0.21912637 0.12782539
  0.02978826 0.04461122 0.29457515]
 [0.02715697 0.21410098 0.16963652 0.2037978  0.62185165 0.09646851
  0.27565426 0.18874368 1.00000022]]",[ 0.30331192  0.4275009  -0.15666335  0.3426073 ],4,0.13503539046497431,0.9144437809006034,0.9373231044418538,0.07581221976586568,0.13075559739474812,882.2226854949258
120,"[[ 0.20173218 -0.34333537 -0.71982814  0.17667223  0.22155205 -0.36168292
   0.21552956  0.21913059 -0.13299726]
 [ 0.27399778  0.11216285 -0.36649687 -0.42175562  0.35724072 -0.49928926
   0.31613009  0.22254425 -0.27161018]
 [ 0.34669118  0.34663373  0.34783838  0.05644621  0.48191259  0.53626246
   0.31798186 -0.11374655  0.04005803]
 [-0.1075827  -0.0678629   0.38559908 -0.01335085  0.52517182  0.04449785
   0.20126925  0.5390303  -0.47550732]]","['bbo_main', 'random_fill', 'random_fill', 'random_fill']","[[0.08504798 0.03366693 0.05175185 0.27486632 0.20604569 0.06708211
  0.4012681  0.41991957 1.00000119]
 [0.11739208 0.08205597 0.10580701 0.07989254 0.58795818 0.09037385
  0.33106624 0.23943452 1.00000435]
 [0.0813411  0.05098283 0.20596121 0.16064723 0.42433251 0.75459356
  0.07631326 0.04594483 1.00000018]
 [0.03219818 0.03104048 0.22793977 0.16479211 0.21410315 0.12162116
  0.07726162 0.28133632 0.25596881]]",[0.08379901 0.02014906 0.79483134 0.24345975],4,0.13303074872708714,0.9365286219582771,0.956179151980602,0.07513081813707109,0.12214693618608125,862.1397593240254
121,"[[ 1.54665874e-01 -5.50278816e-02 -8.23248896e-01 -3.69884362e-02
  -3.80761931e-01  1.81840552e-01  1.97431628e-01  1.61052918e-01
  -2.25788809e-01]
 [ 1.87215639e-01  5.19250218e-01  3.78078229e-01  6.68430759e-02
   3.70916448e-01  1.79653913e-01  5.14596643e-01 -2.70026498e-01
   2.00847746e-01]
 [ 4.59636641e-01  1.75246204e-01 -2.27616069e-02 -8.94850565e-02
  -5.20036395e-01 -5.50368728e-01 -3.11960725e-01 -1.16518508e-01
   2.55455701e-01]
 [-9.48940202e-02  9.70162729e-02 -4.10332380e-01  7.99020341e-04
   1.61828325e-01 -7.45159123e-01  1.97758270e-02 -4.59718774e-01
  -1.41515749e-01]]","['bbo_main', 'random_fill', 'random_fill', 'random_fill']","[[0.08295237 0.0459482  0.06522311 0.103035   0.06230165 0.34256582
  0.23117228 0.16530393 0.52032286]
 [0.05377905 0.23929502 0.2274926  0.17065069 0.1694064  0.11643436
  0.80370243 0.05388195 1.00000061]
 [0.87994224 0.22742506 0.19831614 0.17299563 0.04682681 0.03737365
  0.04281901 0.04120981 1.00000103]
 [0.06471501 0.31574209 0.11055686 0.15838581 0.26537086 0.03729604
  0.06243774 0.03041565 0.55620332]]",[-0.0538539   0.91537348  0.61669004 -0.09705383],4,0.1352691154183832,0.931652053059268,0.9520686856527718,0.07475296766407552,0.12957032820293168,812.5374333290383
122,"[[-0.42645254  0.24552615  0.31016038 -0.42383685 -0.49566767  0.19196429
   0.25111488  0.18127141  0.32181247]
 [-0.3500252  -0.21137778 -0.6137476  -0.37128699  0.20899333 -0.00404218
  -0.48895029  0.13813898 -0.12811063]
 [-0.35867195  0.35020151  0.56526798 -0.2730137   0.11704081 -0.1490387
   0.41430096  0.38346644  0.0067882 ]
 [ 0.11791063 -0.13264079 -0.05542145  0.26813264  0.25077395 -0.73729376
  -0.32317021 -0.11962921  0.41024026]]","['bbo_main', 'random_fill', 'random_fill', 'random_fill']","[[0.01402456 0.33146129 0.32958795 0.09886411 0.02467342 0.14217316
  0.45763239 0.16450667 1.00000117]
 [0.03204142 0.03164334 0.08174134 0.07730496 0.6428563  0.18491291
  0.03174616 0.34642433 1.00000045]
 [0.0211682  0.14858087 0.71676724 0.17374269 0.06026471 0.05345429
  0.30500032 0.17655159 1.00000116]
 [0.06055172 0.03732918 0.17195798 0.66278448 0.43428663 0.03459355
  0.02919241 0.03169504 1.00000084]]",[ 0.61733833 -0.05894793  0.60211066  0.6507893 ],4,0.13259604872206654,0.9354433217491056,0.9552673325294242,0.07464541794907882,0.12899201863526827,768.0706446310505
123,"[[-0.12450426 -0.05490521 -0.66717501 -0.68008016  0.1350964  -0.03649751
   0.03776924  0.01975938 -0.22902519]
 [ 0.30725645  0.43419852  0.52540103  0.00631369  0.01224058 -0.37759178
  -0.12786823  0.44049286 -0.29642772]
 [ 0.35021336  0.17429435  0.10736352 -0.03418792  0.39339416 -0.62210416
   0.37805625  0.2006162  -0.33065149]
 [-0.28991181 -0.29870324 -0.11427872  0.21073777 -0.65633172 -0.37351334
   0.44052375  0.03807874 -0.05884537]]","['bbo_main', 'random_fill', 'random_fill', 'random_fill']","[[0.05912712 0.05235026 0.09253236 0.06947826 0.22154088 0.21063293
  0.09980843 0.08405536 0.2588184 ]
 [0.10815164 0.20956132 0.58867458 0.20640494 0.05000895 0.03255527
  0.03825955 0.42469225 0.99999999]
 [0.11989611 0.06548237 0.19942039 0.16474675 0.25224784 0.0577259
  0.32872308 0.14660973 0.49422728]
 [0.03230222 0.02571139 0.20789278 0.26789774 0.03967721 0.04598558
  0.906563   0.12135242 0.99999999]]",[-0.15082551  0.30888845  0.12277298  0.31757405],4,0.1361148372532778,0.9305708198575118,0.9511528009612411,0.0747963513839735,0.13163736842135754,1159.8860293030739
124,"[[ 0.23981347 -0.26920381 -0.8346854   0.039208    0.18770465  0.02982346
  -0.27606964  0.08394657 -0.22890581]
 [-0.36660583 -0.44273929 -0.01500202  0.06804381 -0.30354604 -0.39045536
  -0.58170148  0.2857579  -0.00986358]
 [-0.05708918  0.31350806 -0.19905429 -0.12553391 -0.23980558 -0.28170653
  -0.50050748  0.40079559 -0.54319612]
 [-0.32159962  0.11933322  0.25827184 -0.8305419  -0.00632448  0.16578909
   0.09499977 -0.2811984   0.10102255]]","['bbo_main', 'random_fill', 'random_fill', 'random_fill']","[[0.11301343 0.04445656 0.07255822 0.140028   0.25965451 0.2217362
  0.05670102 0.07176612 0.32596115]
 [0.02544497 0.01968972 0.24305414 0.21058001 0.04582981 0.03359532
  0.02675573 0.9088471  0.99999999]
 [0.0582107  0.14235044 0.18343847 0.1541336  0.08243401 0.07835259
  0.0459688  0.13699308 0.10730821]
 [0.02400936 0.11247015 0.64116895 0.06907268 0.14091628 0.28706885
  0.06263508 0.03235631 1.00000584]]",[-0.06883082  0.19989055 -0.08278988  0.25850473],4,0.1439448856351106,0.9468914515309058,0.9647889863354089,0.07417409017865072,0.11983468471948164,1046.7928573607933
125,"[[-0.45093766 -0.12518198 -0.55316666 -0.53482253  0.0295611  -0.40271545
  -0.02495668 -0.07601874  0.13964572]
 [ 0.4347528  -0.27450554 -0.13119301  0.31601424  0.48161938  0.20114129
   0.4507234   0.31803214 -0.20457038]
 [-0.43966171 -0.32349066  0.01342727 -0.15612445 -0.51826924 -0.47925651
   0.14165802 -0.34737872 -0.19613123]
 [-0.18667862  0.35895532  0.12257196  0.44700898 -0.57515357  0.43802818
  -0.20235369  0.20454101  0.12651836]]","['bbo_main', 'random_fill', 'random_fill', 'random_fill']","[[0.02814613 0.03944799 0.07262673 0.04113461 0.1933573  0.06635409
  0.18554821 0.20362124 1.00000034]
 [0.57630182 0.0366935  0.15978678 0.17335795 0.36317094 0.1440598
  0.27991626 0.12286814 1.00000002]
 [0.02690984 0.02647057 0.28079365 0.20936463 0.04139484 0.03555983
  0.11489742 0.05750164 0.15762896]
 [0.03258767 0.15488691 0.24438209 0.38323988 0.03263371 0.68195146
  0.04189332 0.04557124 1.00000092]]",[ 0.01872539  0.43885391 -0.12242147  0.65808707],4,0.14764762189841343,0.9485374621303552,0.966138665286947,0.07347810920797003,0.12042246223608327,863.9826735081151
126,"[[ 0.32920493  0.2068561   0.53383485 -0.2923934   0.44473781 -0.09758225
   0.3872057  -0.00626349 -0.34796498]
 [ 0.29480758 -0.2118744   0.26154508  0.15311841  0.45078164  0.32717921
  -0.49623865 -0.35947505 -0.3010336 ]
 [ 0.21430938 -0.3581724   0.06565359 -0.04108866 -0.47550305  0.21538834
   0.34093776 -0.55538852 -0.35013583]
 [ 0.32424739  0.49275459  0.53086293  0.00551979 -0.15388435  0.34402274
   0.00902257  0.47477219  0.05185126]]","['bbo_main', 'random_fill', 'random_fill', 'random_fill']","[[0.08814745 0.05281734 0.66637932 0.17041207 0.4180595  0.11742871
  0.16649478 0.06731538 0.99999989]
 [0.07251816 0.03681913 0.24021601 0.18294663 0.9179705  0.22951346
  0.02589915 0.02285383 1.00000874]
 [0.06774268 0.03786618 0.22660062 0.18028571 0.0557127  0.19151852
  0.10313026 0.04097821 0.1093808 ]
 [0.0977624  0.76957739 0.32460879 0.18985675 0.05883659 0.11052846
  0.04864395 0.16590157 1.00000055]]",[ 0.23640237  0.27121019 -0.00271195  0.74430864],4,0.12895659784779168,0.9452483296818558,0.9634364204874016,0.07325098082831413,0.1289446943497577,997.411300007021
127,"[[-0.36738103  0.20885029  0.2733488  -0.66130937 -0.33777164  0.29320813
   0.1699332   0.04066487 -0.28066257]
 [-0.30471322  0.05304662  0.24200153 -0.80210205 -0.24059233  0.09277675
   0.11039862 -0.30563174 -0.17410532]
 [-0.40977567  0.04265131  0.18440867 -0.05179959 -0.5529038   0.03908489
  -0.40627271  0.40767351 -0.39381411]
 [ 0.36855759 -0.13232975  0.56806716  0.1023854   0.32859001  0.37646464
  -0.20570376  0.35986672 -0.30324242]]","['bbo_main', 'random_fill', 'random_fill', 'random_fill']","[[0.0285553  0.08114523 0.17174987 0.08214242 0.05694082 0.34491068
  0.13677577 0.08803806 0.35418848]
 [0.03107757 0.06592208 0.37198207 0.0866418  0.06625999 0.2132704
  0.08805775 0.04566553 0.46201331]
 [0.03116913 0.03564522 0.26722086 0.18971613 0.0502432  0.07251983
  0.03766678 0.34342868 0.28848958]
 [0.07150799 0.03579181 0.8783178  0.21009629 0.20688619 0.17317463
  0.03678978 0.0860542  0.99999998]]",[ 0.00839557 -0.0662776   0.01434589  0.39540547],4,0.1447637778868422,0.9496364801792224,0.967036774735682,0.0734150021288161,0.12862384146223416,819.8200265858322
