iteration,point,cut_direction,cut_support_value,trial_direction_gap,ci_lower,ci_upper,mean_gap,max_gap
0,"[1.         0.46811308 0.63822885 0.14978238 0.26140827 0.33600802
 0.04058987 0.02450608 1.        ]","[ 0.26016334  0.30887737  0.36904428  0.34722881  0.37248459  0.36698939
  0.35357094  0.32705827 -0.27339125]",0.6619533294736283,2.2570962614173093,0.0002078592656904649,0.003204185101432733,0.7683958870456248,1.8000571781705057
1,"[0.24220846 0.29314239 0.0746209  0.2892096  0.04296655 0.06382675
 0.42299863 0.06910219 0.41451523]","[-0.01952335 -0.40284159 -0.0607001  -0.13505365 -0.1110568  -0.00549293
  0.52259129  0.48998777 -0.53838653]",-0.13978408759135527,1.188895801217952,0.0009545559495169254,0.005471167122258511,0.5244669177324914,1.0803522331966957
2,"[8.15528074e-10 3.51322751e-01 1.11418563e-01 2.58199187e-01
 1.98493769e-01 2.60815862e-01 2.42608430e-07 4.95097742e-02
 2.19360833e-01]","[-0.15195984 -0.34184222  0.02278913 -0.18962706  0.58045502  0.49601376
  0.0781359   0.07953741 -0.47768739]",-0.02278241563357951,1.0873213204815095,5.395411025929977e-05,0.0023346635863319577,0.4956426073801597,0.9847053674393673
3,"[1.00000000e+00 2.51740282e-01 2.50825586e-02 2.55617710e-01
 5.20532024e-02 8.41781197e-01 2.27031682e-09 6.62672944e-02
 1.00000000e+00]","[ 0.552121   -0.31848115 -0.17471781 -0.11830963 -0.12633039  0.54663616
  0.10071268  0.47040983 -0.05486132]",0.8672056666520213,1.0172479400894119,0.0015668550208154987,0.006859658346015931,0.47301494783264086,0.9401037332717426
4,"[1.00000000e+00 1.57011499e-01 4.57760732e-02 5.66192064e-01
 9.40694133e-02 2.79424300e-02 5.86599462e-08 5.78303928e-01
 1.00000000e+00]","[ 0.5797557  -0.35136502 -0.03454243  0.52248348 -0.15244629 -0.19109503
  0.00956218  0.45185396 -0.04715053]",1.0133103294331267,1.0108733393759248,0.0009545559495169254,0.005471167122258511,0.4557107095802236,0.9597916709695472
5,"[1.93425526e-09 1.38206602e-01 9.54411868e-01 4.41016480e-01
 8.27841757e-02 6.02393968e-02 3.27385349e-07 4.68073994e-02
 9.07092828e-01]","[-0.07856023 -0.27162223  0.52486097  0.58619473 -0.20956514  0.12396902
  0.1679928  -0.14207092 -0.43960751]",0.30661949198385213,0.9328889306494302,0.0002078592656904649,0.003204185101432733,0.44467618204734,0.8824716779397968
6,"[1.         0.24491162 0.08950431 0.29815773 0.27838254 0.03071807
 0.58787538 0.04807197 1.        ]","[ 0.23852418 -0.64303597  0.10042319  0.03804621  0.48171083  0.02642792
  0.45753069 -0.25048876  0.11513439]",0.6083448991476521,0.9132103391721174,0.0009545559495169254,0.005471167122258511,0.4331703419183923,0.8565254713313246
7,"[1.00000000e+00 3.86118742e-01 6.61412741e-02 2.03188991e-01
 8.40069598e-01 2.39769414e-02 2.11722379e-08 8.52439464e-02
 1.00000000e+00]","[ 0.34821137 -0.29546789 -0.09465593 -0.30042371  0.62377979 -0.14300231
  0.05951632  0.52832179 -0.00405356]",0.728394572640889,0.9569418656158524,0.0015668550208154987,0.006859658346015931,0.41857156710487947,0.858523224465448
8,"[5.61135496e-10 2.31575157e-01 6.89289544e-01 1.90877023e-01
 6.14378207e-02 3.59027899e-01 1.00662581e-07 3.60107829e-01
 1.00000000e+00]","[-0.16100124 -0.36141498  0.44901029 -0.2484143  -0.03242609  0.52026975
  0.07035979  0.550429    0.02198306]",0.5833828159626396,0.9885551550718373,0.0018928073353613854,0.007533425909306678,0.408842546828641,0.8472639243978652
9,"[7.93437573e-10 7.18586344e-01 3.57082561e-01 6.83464403e-02
 1.75097551e-01 6.81335312e-02 5.07821277e-07 5.83892021e-02
 3.54551458e-01]","[-0.19866654  0.61585876  0.49678234 -0.22107538 -0.205333    0.04632505
 -0.04385549  0.08956449 -0.48096759]",0.40673509132009633,0.9212824512047438,0.0036481066926209622,0.010774069897874302,0.3989916455701862,0.8224165236916819
10,"[1.36406808e-09 7.62319895e-01 3.07778294e-10 4.21714290e-01
 1.69135287e-01 2.92371574e-03 1.75563586e-07 5.43310791e-02
 5.29451938e-01]","[-0.0311278   0.59334975 -0.15256143  0.68908311 -0.01740081 -0.14672705
  0.04331764 -0.11355734 -0.33504225]",0.5559879762934639,0.8501279909081401,0.002925546913451879,0.00949859344778915,0.3876197689866583,0.8309542018413267
11,"[1.17038994e-10 1.93221075e-01 5.02412929e-02 5.63276499e-01
 2.39644697e-02 3.61299254e-01 4.90322315e-01 3.93209665e-02
 1.00000000e+00]","[-0.07788346 -0.37536206  0.01383341  0.51473153 -0.10635099  0.50078848
  0.5682432   0.00751321  0.05330254]",0.7287094716174132,0.9068747728122591,0.002925546913451879,0.00949859344778915,0.3815511536179619,0.8064048140913127
12,"[1.         0.17648496 0.71734088 0.23380787 0.08842527 0.07231741
 0.00178989 0.04859736 0.64613423]","[ 0.39496392 -0.49013152  0.49144464 -0.07230404  0.03249976 -0.0575632
  0.02279534 -0.17853457 -0.56591952]",0.26850666153543634,0.9113454425260177,0.002573531490308808,0.008851453729749386,0.3708176048616051,0.8117852378639009
13,"[1.00000000e+00 8.01925237e-01 4.15000467e-11 1.09234922e-01
 1.82493523e-01 1.47808893e-02 2.82526142e-08 7.65477294e-02
 4.79767540e-01]","[ 0.43823798  0.54755928 -0.16168998 -0.38754171 -0.19350062 -0.07974007
  0.04234068  0.35578862 -0.39951824]",0.6340741897099699,0.8707222575091287,0.0018928073353613854,0.007533425909306678,0.362129191406132,0.8201348155065842
14,"[1.90499058e-09 2.10688443e-01 5.55820059e-02 5.59218399e-01
 1.45688211e-01 3.07096077e-02 3.27611419e-07 7.84444114e-01
 1.00000000e+00]","[-0.21487058 -0.45377521  0.01848047  0.43380326  0.54492247  0.03580151
 -0.02037197  0.50494038 -0.07609103]",0.5485074572368809,0.8722357122165432,0.004017275968787517,0.01140382039228177,0.35422622963088524,0.7542811619977978
15,"[1.09330536e-11 9.10621446e-01 2.22441336e-02 9.70627965e-02
 1.65217384e-01 2.60481468e-01 2.33741098e-09 4.55677910e-01
 1.00000000e+00]","[-0.15012524  0.68456999  0.00662245 -0.18330627 -0.15699745  0.42641885
 -0.10791476  0.48329833 -0.15322267]",0.7578804085353944,0.7962642624838467,0.0032839908114535928,0.01013920583390629,0.3460013037168227,0.7086708013606692
16,"[4.63528921e-11 4.75164468e-01 6.66537692e-01 1.06433885e-01
 1.09302003e-01 3.45578569e-04 6.30370740e-01 4.89670431e-02
 1.00000000e+00]","[-0.10287809  0.20079821  0.66685264 -0.30659882 -0.13601425 -0.03541107
  0.62038521  0.00134281  0.07594384]",0.9594655028351535,0.7434142600366273,0.002573531490308808,0.008851453729749386,0.33899530293986196,0.6599691279132467
17,"[1.59186856e-10 9.01261563e-01 1.24726675e-09 8.71342221e-02
 1.62381940e-01 6.23567865e-01 5.72142008e-02 4.13396429e-02
 1.00000000e+00]","[-0.11381715  0.62159241 -0.132665   -0.29443775 -0.0632503   0.56074124
  0.41912854 -0.04763012 -0.00249841]",0.8934639358140258,0.7892521796633096,0.002925546913451879,0.00949859344778915,0.3314939848979728,0.6643275631163643
18,"[6.94947086e-11 7.42241262e-01 7.80239047e-01 1.15053908e-02
 2.27571121e-01 9.84697249e-03 1.89379265e-08 5.82144737e-02
 1.00000000e+00]","[-0.15694515  0.56601484  0.57271659 -0.27161083  0.47466048 -0.12416599
 -0.09010296  0.01800283  0.06368893]",1.0353837337617873,0.755002170440813,0.007104564309876558,0.016306701312664172,0.32810731887110917,0.693264535040838
19,"[1.00000000e+00 7.43671791e-01 9.29730170e-03 9.67115726e-02
 1.32884930e-01 4.10716856e-09 6.90654728e-01 4.49315553e-02
 1.00000000e+00]","[ 0.46047637  0.57859512 -0.16793226 -0.20363223 -0.15908697 -0.08893838
  0.57347204 -0.13234592  0.06259033]",1.3010810613866706,0.7565441874438732,0.006314533720347517,0.015099318939894302,0.32175796844312127,0.6802258675831723
20,"[2.74642768e-01 6.41869527e-01 3.26354567e-02 1.34002026e-01
 5.02853240e-01 3.58819126e-11 5.82688140e-01 4.59180116e-02
 1.00000000e+00]","[ 0.06597032  0.30391375 -0.02919411 -0.32810611  0.65391014 -0.16190268
  0.56695636 -0.09083767 -0.10619082]",0.7170892684594247,0.6905339788629946,0.007104564309876558,0.016306701312664172,0.31617030581395805,0.7499191795453959
21,"[5.83186932e-11 7.61710683e-01 1.72437480e-10 1.44887158e-01
 4.06290352e-01 1.63897854e-02 2.84057552e-08 6.10609417e-01
 1.00000000e+00]","[-0.29176382  0.47209612 -0.21074258 -0.1510435   0.59008974 -0.00864906
  0.00159876  0.52544365  0.01995643]",0.9181196834112532,0.6758604227092084,0.011176539530947749,0.02222122141652122,0.3113893593856051,0.6643589597901021
22,"[1.00000000e+00 1.75394585e-01 3.48063856e-02 5.44417458e-01
 1.14963479e-01 7.33820674e-02 2.34915365e-08 4.75260291e-02
 4.08396477e-01]","[ 0.45505737 -0.28919841 -0.17661924  0.60176999  0.21075897  0.06373428
 -0.01156041 -0.18411253 -0.48316986]",0.5486316768785737,0.82240937404594,0.007104564309876558,0.016306701312664172,0.30665976851365323,0.6778150403390129
23,"[1.         0.31128706 0.57051207 0.11852565 0.09547097 0.05262162
 0.00235535 0.5485315  1.        ]","[ 0.39019683 -0.16823323  0.46753618 -0.3679228  -0.15886603 -0.04911824
  0.11482184  0.60977274  0.22984536]",1.107798325848413,0.7092805429241086,0.011176539530947749,0.02222122141652122,0.3032422485326781,0.6691078612049166
24,"[1.00000000e+00 8.06809958e-01 4.65694775e-01 2.10629834e-01
 1.19226248e-01 3.10555909e-03 1.38928551e-08 5.22408066e-02
 1.00000000e+00]","[ 0.22043256  0.58150013  0.42492817  0.57413142 -0.22290811 -0.13502999
  0.00560107 -0.11807269  0.14554242]",1.1207870528615635,0.6597920324012407,0.009526959248201466,0.019876285103336635,0.29983200216670924,0.5783842629000263
25,"[6.96338346e-12 6.14603639e-01 3.95003666e-02 5.71918091e-01
 1.14147924e-01 4.76684512e-01 2.10417833e-09 1.55078809e-02
 1.00000000e+00]","[-0.13667889  0.54087974  0.20563379  0.66121404 -0.25741142  0.36921386
  0.06525158 -0.04903863 -0.00605365]",0.8585109574539757,0.6385386614608327,0.007904028017353142,0.017504600027769775,0.294627248336918,0.6123077194046602
26,"[1.90092429e-01 2.60269906e-01 8.41810830e-01 1.79496950e-01
 4.73543913e-01 4.63821173e-02 5.77589401e-08 7.04720936e-02
 1.00000000e+00]","[-0.02397799 -0.36463122  0.46882557 -0.38203862  0.60697727 -0.02828504
 -0.11907711  0.24135823  0.24303006]",0.7727846487405358,0.6604575534684569,0.007904028017353142,0.017504600027769775,0.2926314372307169,0.582079559703019
27,"[1.35873694e-09 2.35073600e-01 4.40190270e-02 5.60862379e-01
 3.29809548e-01 7.25560821e-03 5.29594332e-01 4.71308152e-02
 1.00000000e+00]","[-0.05826517 -0.22513297  0.01867849  0.5192703   0.51788515  0.13928292
  0.55461844  0.03716814 -0.28167702]",0.4247501484546963,0.6401804256444893,0.012009784173531376,0.023385208628784286,0.2911891124794427,0.6180686920819359
28,"[9.99999999e-01 4.21771371e-01 2.53379509e-02 1.98949125e-01
 9.70726666e-02 1.48709359e-01 1.33918501e-07 4.88990065e-02
 1.90739369e-01]","[ 0.37999999  0.10164795 -0.16145747 -0.23270439 -0.22940177  0.46415001
 -0.11366508 -0.20681913 -0.66429928]",0.28241836998173353,0.6382444537008432,0.014537937772140186,0.02684867643442838,0.28556062829068835,0.6165110758838646
29,"[1.56357683e-10 2.96065141e-01 8.58414416e-01 1.60092672e-01
 8.19521717e-02 5.30648506e-01 1.55797716e-08 3.01311992e-02
 1.00000000e+00]","[-0.08589657 -0.07231421  0.55476182 -0.31498985 -0.00531072  0.58569203
  0.01170173 -0.06670347 -0.4824557 ]",0.23027408838694424,0.63308157745421,0.009118505830421869,0.019286095513680296,0.283872215106501,0.5668021009900361
30,"[7.35284670e-10 7.52952527e-01 1.61011975e-03 1.57978927e-01
 1.57159941e-01 2.00287550e-09 4.55882300e-01 4.76795167e-01
 1.00000000e+00]","[-0.04428582  0.62554677 -0.04658559  0.08498724 -0.01916782  0.00785837
  0.51219838  0.57282732  0.08018401]",1.0681532803617557,0.6553998664958418,0.012009784173531376,0.023385208628784286,0.2778355165515171,0.570015578584313
31,"[1.         0.25538028 0.55917706 0.12568664 0.04260793 0.12993834
 0.51776713 0.05047514 1.        ]","[ 0.1882368  -0.35236898  0.40306318 -0.34522897 -0.11726272  0.37598135
  0.60910937  0.10383067 -0.14782584]",0.49689162485514193,0.6147185982707419,0.015388958966391782,0.02799484351959068,0.27365825211622963,0.5824404880767574
32,"[9.05754148e-10 8.10908071e-01 1.69865022e-02 1.49425380e-01
 2.76664362e-01 1.96416114e-02 4.46824234e-08 5.81049808e-02
 3.26617938e-01]","[-0.02258337  0.56277133 -0.16151835 -0.19439356  0.54780144  0.00291646
 -0.07512407  0.03920163 -0.55823478]",0.39612758503507517,0.6419899403948306,0.012009784173531376,0.023385208628784286,0.2717514437812342,0.5663780049173901
33,"[1.23135858e-10 1.80962614e-01 3.53477270e-02 5.75263857e-01
 6.98567925e-02 4.09452243e-01 2.65502902e-08 4.42417571e-02
 5.45211848e-01]","[-0.21337431 -0.14557946 -0.05985693  0.60423175 -0.05379551  0.52762099
  0.04824701  0.23009281 -0.47754667]",0.28122567038672275,0.6408381388207987,0.014537937772140186,0.02684867643442838,0.2659169962462705,0.548832910036086
34,"[2.00881624e-10 4.08455358e-01 4.24957244e-01 1.47586476e-01
 1.94241772e-01 2.09020976e-02 1.51354948e-02 7.38615155e-01
 1.00000000e+00]","[-0.20389195 -0.15480978  0.35106403 -0.28702864  0.36902728 -0.28331498
  0.1721976   0.51840608 -0.46258538]",0.032274907682342424,0.5949228426791657,0.015388958966391782,0.02799484351959068,0.2643640584184917,0.5583096583591141
35,"[0.13573145 0.19280357 0.31982602 0.47769485 0.04040158 0.01632827
 0.58220707 0.13733783 1.        ]","[ 0.01262847 -0.29650604  0.36365244  0.50683855 -0.12946486 -0.01032167
  0.55866912  0.44007323 -0.01236752]",0.6708995060275794,0.5990311009206502,0.019694677515810596,0.03367497376360176,0.26036141163447324,0.5302576004896287
36,"[1.31794733e-09 6.25095858e-01 4.89056983e-02 1.87763110e-01
 1.45291641e-01 1.57224009e-01 8.97075728e-02 5.09483227e-02
 1.91374113e-01]","[-0.13831519  0.47547409 -0.01512369  0.01537448 -0.12459064  0.43610337
  0.484807   -0.00177575 -0.55998058]",0.2860625518517308,0.604044113643956,0.010761931731628042,0.021637207314271274,0.25634703207962817,0.49323323129499075
37,"[1.00000000e+00 1.38714490e-01 8.77448463e-02 8.59835972e-01
 1.27272657e-01 2.91105708e-03 8.67691628e-07 4.64675798e-02
 1.00000000e+00]","[ 0.43080631 -0.18012482  0.3560488   0.71837551  0.18226487 -0.14983648
  0.16804776 -0.21463331  0.09564458]",1.1631793339422525,0.6250490144516735,0.019694677515810596,0.03367497376360176,0.25227690248237916,0.5464784349555618
38,"[7.27444288e-10 4.83628811e-01 1.26560003e-03 1.94893386e-01
 1.37844766e-01 2.78151042e-01 3.97456454e-02 7.69539962e-01
 1.00000000e+00]","[-0.09292958 -0.15167162 -0.26124168 -0.40065426  0.25620642  0.49122973
  0.41806071  0.50753055  0.01668456]",0.44405021277939255,0.5767796363184716,0.014113886723585264,0.026274130259420443,0.24820004888006847,0.517175774383581
39,"[7.30701556e-11 2.34534862e-01 8.04630982e-01 3.61482358e-01
 4.41787724e-01 2.89436692e-02 1.24825306e-08 4.73081498e-02
 1.00000000e+00]","[-0.1641181   0.05663915  0.51385717  0.58133014  0.58264266  0.03029458
 -0.12555577 -0.1034089   0.031866  ]",0.9221449735778904,0.5454319003079753,0.014962973439029201,0.027422235885236176,0.2447221701844435,0.4965348464461554
40,"[4.12856886e-01 4.41800499e-01 4.09721760e-11 4.57283823e-01
 1.25721208e-01 1.77244736e-03 7.08720584e-09 8.08424416e-01
 1.00000000e+00]","[ 0.13634374  0.44433596 -0.09576437  0.71429618 -0.11411037 -0.11657795
 -0.02870356  0.48480044 -0.04603417]",0.9105720049778703,0.5694082197916764,0.017101772293112483,0.03027638582298846,0.24230701495435988,0.48102866583275083
41,"[3.85996688e-01 7.01554011e-01 2.90341455e-01 6.34077902e-02
 1.72400866e-01 1.50494834e-02 1.07721775e-08 7.14784562e-01
 1.00000000e+00]","[ 0.10657112  0.6057735   0.35086721 -0.37214514 -0.1041914  -0.05949311
 -0.06197662  0.58349536 -0.03712201]",0.9054867592603435,0.5361741194697776,0.02231188838394824,0.037049221021403754,0.23939612722913312,0.5141476225765842
42,"[1.00000000e+00 9.37477575e-01 3.13586744e-02 5.60913024e-02
 1.66674828e-01 4.12281453e-01 3.60650959e-08 3.80578100e-02
 1.00000000e+00]","[ 0.38837582  0.68381414 -0.01095817 -0.33144487 -0.16330368  0.43556513
 -0.05520566 -0.20704894  0.09635692]",1.2513353352562826,0.5601612560607778,0.02318905002633464,0.03816920611390749,0.2362759485314818,0.488810360485155
43,"[1.00000000e+00 1.25269547e-01 9.42127005e-01 2.98521476e-01
 7.71469792e-02 1.80110614e-01 1.67035969e-07 4.40426460e-02
 1.00000000e+00]","[ 0.32781134 -0.3344521   0.58205576  0.41188714 -0.05980049  0.40642555
 -0.06973232 -0.0503397   0.30997916]",1.3335924723473997,0.5390674805993971,0.02318905002633464,0.03816920611390749,0.23534081658164285,0.4737807762839066
44,"[2.75382781e-01 2.06729005e-01 3.01003583e-02 5.24098057e-01
 7.49253852e-01 1.62050499e-01 8.85412890e-09 4.63272139e-02
 1.00000000e+00]","[ 0.07994899 -0.34889646 -0.1195662   0.50282387  0.59424532  0.44899021
  0.01038965 -0.00883092 -0.22326187]",0.5041482823534488,0.530502519021822,0.020564576926309235,0.034802230379607876,0.2328603278869682,0.46059403381976716
45,"[8.62257320e-02 7.95709457e-01 7.70112971e-02 1.14129794e-01
 7.43834838e-01 2.08036344e-01 1.38280472e-09 4.48882995e-02
 1.00000000e+00]","[ 0.04196213  0.51552663  0.16474239 -0.21635576  0.60020779  0.47512377
 -0.04466958 -0.22895529 -0.13458722]",0.8022558558881261,0.5095455002433684,0.02539130519074852,0.04095980732680653,0.2309118575381201,0.4926774502468739
46,"[0.99999999 0.49502915 0.36404781 0.10812491 0.13084395 0.06655064
 0.01323153 0.05089124 0.34631985]","[ 0.17510337  0.35906255  0.52647987 -0.12572729 -0.22799518 -0.02117741
  0.3565286  -0.09405098 -0.59919611]",0.29209577083775273,0.5127187733322953,0.021437024125278807,0.0359269357710986,0.22893637717104712,0.4666680620457021
47,"[1.         0.39581147 0.08434568 0.17134033 0.08265016 0.19979509
 0.01523205 0.75573106 1.        ]","[ 0.14617056  0.06190049  0.00385488 -0.48020148 -0.35980129  0.43871934
  0.18261099  0.53103802 -0.32697768]",0.2237608648725961,0.49054223592275387,0.024068399160635752,0.03928700120824358,0.22568999662122702,0.49210237724486916
48,"[7.16531276e-10 2.21909505e-01 1.44979622e-01 2.41185302e-01
 3.58841963e-01 9.66405187e-02 4.82281254e-01 8.76244765e-02
 1.00000000e+00]","[-0.16603318 -0.69490618 -0.09497617 -0.54926829  0.24294591 -0.07400161
  0.18581767 -0.20765616 -0.19150463]",-0.3405077149832394,0.5102864125423799,0.02716195448589473,0.043183434086322615,0.22243939270983099,0.4746167530587385
49,"[2.99568524e-11 2.83939832e-01 7.06765378e-01 4.46312521e-01
 1.03442165e-01 5.54817831e-04 6.07994596e-09 3.76052363e-01
 1.00000000e+00]","[-0.11302463  0.40177534  0.44737134  0.61418834 -0.24823448 -0.16615066
 -0.0242248   0.39028446  0.07936225]",0.9047460949503051,0.5192934928867498,0.02627569707903695,0.042072554366292286,0.2192326595128747,0.4656762598700089
50,"[1.00000000e+00 1.83025051e-01 1.17940691e-01 2.67282873e-01
 8.97834728e-02 1.35592479e-01 3.34627825e-08 9.45693397e-02
 3.43501945e-01]","[ 0.08503541 -0.72282616  0.04874805 -0.26007145  0.15417482  0.17465017
 -0.18023291  0.38759759 -0.40409087]",-0.1756507088563068,0.4611606807296042,0.02716195448589473,0.043183434086322615,0.21791581577719416,0.427742641992088
51,"[7.90064215e-10 5.68499079e-01 1.09749441e-01 2.33008318e-01
 1.48358057e-01 2.48711659e-02 1.27923311e-02 9.60072496e-01
 1.00000000e+00]","[-0.14386454  0.44544209  0.32142407  0.24568534 -0.27859553  0.15930832
  0.17955281  0.51712424 -0.4632044 ]",0.3439558002781358,0.47345982207186155,0.02760575837086324,0.04373819813760526,0.21564094461068606,0.4382815589500916
52,"[1.         0.30576787 0.00679786 0.36139822 0.04408193 0.02236765
 0.77673614 0.04716144 1.        ]","[ 0.32443771 -0.06246261 -0.04353402  0.5115261  -0.28375688 -0.04718914
  0.71523757  0.04846221 -0.17500365]",0.8591760502048948,0.4737038763374837,0.041091312213344805,0.06020955202418361,0.21065980306945195,0.44689630181185497
53,"[1.10950404e-11 1.45213679e-01 5.58354522e-01 4.82114561e-01
 6.26366965e-02 5.64417458e-01 2.77636251e-09 2.66632575e-02
 1.00000000e+00]","[-0.15924007 -0.29449789  0.42703666  0.5873032   0.23395273  0.54175923
  0.10479882  0.03690991 -0.00679415]",0.793442533335862,0.46264975203749525,0.039730048440241826,0.05857513310547533,0.21064271762001963,0.44005443546443046
54,"[0.39523578 0.29983366 0.05592529 0.28922606 0.0252285  0.32163817
 0.73078929 0.04648736 1.        ]","[ 0.10051868 -0.17378469 -0.00336854  0.07581924 -0.04361333  0.58646151
  0.6126546  -0.0106698  -0.4823238 ]",0.16179230901813624,0.48726507177018563,0.03656357951259832,0.05475167031814423,0.2084108834806201,0.4272275849688706
55,"[2.16790781e-11 4.62018562e-01 2.04060246e-11 5.29758660e-01
 7.51935849e-01 7.50574273e-04 1.20456047e-08 6.98425613e-02
 1.00000000e+00]","[-0.18068722  0.40204998 -0.11889968  0.69562377  0.44783392  0.00667904
  0.18109946  0.26590303  0.05980905]",0.9693950617504881,0.4826207223979604,0.04382084801939801,0.06347137804172286,0.20672121067467134,0.44333629316363365
56,"[3.38197379e-01 1.91137063e-01 6.47032650e-02 4.17483042e-01
 6.78912168e-02 2.26303152e-01 7.31387736e-08 7.88123499e-01
 1.00000000e+00]","[ 0.08709491 -0.32820075  0.13604861  0.35370876  0.04701687  0.57240569
  0.11020116  0.62973183  0.05014287]",0.8023727115441427,0.480157122506484,0.041091312213344805,0.06020955202418361,0.20531544612340588,0.4418816538506358
57,"[1.         0.46666061 0.09047558 0.159244   0.20735016 0.00370039
 0.51736528 0.04714805 0.6834889 ]","[ 0.13997317 -0.03097596  0.07818131 -0.46949645  0.41110329 -0.12905561
  0.54379234  0.04591473 -0.51906572]",0.07132009923979787,0.45460527411025653,0.036112412103017945,0.05420427535647621,0.20378313713682292,0.41088175310109365
58,"[8.82319385e-11 9.16562967e-01 5.67486132e-02 1.28827012e-01
 1.80179484e-01 2.36725648e-02 6.43460650e-01 4.54181193e-02
 1.00000000e+00]","[-0.19152675  0.64363409  0.29069501  0.45071873  0.21301992  0.04472748
  0.40778833 -0.17796292  0.12673419]",1.0849802760948366,0.45011771174441084,0.041091312213344805,0.06020955202418361,0.2024461789972094,0.418503054980247
59,"[4.59284073e-01 5.89764178e-01 4.56990298e-01 5.18539341e-02
 1.16868772e-01 6.78564960e-01 6.20390048e-09 2.05128278e-02
 1.00000000e+00]","[ 0.12061141  0.47158919  0.43746924 -0.21793084 -0.13961495  0.60782171
  0.08573454 -0.2114074  -0.28844457]",0.6254886972115221,0.4477457416889593,0.04154559805948689,0.06075382679856786,0.19902311272509407,0.42010536742960136
60,"[1.01511272e-10 4.29161395e-01 3.35336548e-01 1.30850380e-01
 5.74548714e-01 1.91943052e-01 2.93229062e-01 4.51906047e-02
 1.00000000e+00]","[-0.10338307 -0.12866584  0.28415932 -0.11702832  0.58902955  0.4786405
  0.52021801 -0.11626619 -0.13460219]",0.4677419910424475,0.46789455213532183,0.04018353358456912,0.059120209001020725,0.19830926780638855,0.38264642731449416
61,"[2.42208464e-01 2.60896993e-01 1.17551040e-01 3.93933840e-01
 8.88050378e-01 2.25778565e-02 1.82672995e-08 7.12468401e-02
 1.00000000e+00]","[ 0.02121693 -0.5440218   0.19462375  0.13247157  0.59343585 -0.30467757
 -0.03739644 -0.11151249 -0.43512635]",0.015319226262007934,0.4359006373983274,0.03701505247000205,0.055298759546085506,0.19617485965150908,0.4259896275709739
62,"[9.99999999e-01 2.54749126e-01 4.65222109e-01 1.12504521e-01
 7.97729835e-02 6.83584603e-01 1.26212108e-07 4.42357185e-02
 1.00000000e+00]","[ 0.17089486 -0.3723817   0.37401396 -0.48212352  0.14975238  0.64723677
  0.13196856  0.01846546  0.02644631]",0.6774398799895353,0.4228018074209836,0.04336530014421307,0.06292836591752388,0.1964726646835737,0.39303435016358895
63,"[4.43718984e-10 4.17801039e-01 1.56416488e-01 3.79147670e-01
 2.40818620e-01 4.22948822e-03 4.70969901e-08 6.51978667e-02
 1.94459703e-01]","[-0.09697267  0.26975822  0.40478777  0.54720163  0.45562694 -0.13107859
 -0.13734998 -0.03000675 -0.45825878]",0.4015907764424497,0.44136277648521544,0.04063728946453968,0.05966501401688203,0.1950810466043872,0.4396387558859334
64,"[9.38965571e-01 1.13536786e-01 1.19153676e-01 2.27623629e-01
 1.11948585e-02 1.55316489e-01 3.19050591e-08 3.73063688e-01
 1.00000000e+00]","[-0.0153587  -0.67811322 -0.18571817 -0.57312697 -0.2607728  -0.26318714
 -0.14686069  0.09950266  0.09067547]",-0.15999865119698395,0.43527088857011775,0.04930545897246173,0.0699694790272821,0.19256155697914676,0.4016607130556843
65,"[1.82910359e-01 1.51451996e-01 1.02407941e-01 6.33713313e-01
 8.04390990e-02 2.79558021e-02 5.31502191e-08 5.84879348e-02
 3.69749856e-01]","[ 0.01584376 -0.43061497  0.26859178  0.55761724 -0.29218436 -0.21812852
  0.03179951  0.32514941 -0.43767121]",0.14614334066636042,0.44541811140591553,0.04564543096193057,0.06564103398915161,0.1931768603490886,0.3870341113591276
66,"[1.00000000e+00 8.93954179e-01 3.54185673e-10 6.56519371e-02
 5.17177847e-01 3.06037821e-09 5.90870740e-08 9.39939045e-02
 1.00000000e+00]","[ 0.24492083  0.54885922 -0.1686474  -0.346033    0.49288632 -0.15922606
 -0.24034782  0.40561474  0.0025117 ]",1.0084049668670303,0.4648210233305745,0.052518979226974995,0.07374586830136655,0.18988456931956482,0.39056459461253323
67,"[1.         0.15647312 0.54813117 0.21899667 0.23573758 0.07587714
 0.29202662 0.0618445  1.        ]","[ 0.09731374 -0.6443976   0.23148684 -0.04117624  0.43079965  0.19085087
  0.39458908  0.35750418 -0.1203244 ]",0.24740320219532055,0.43250658570631595,0.056664402510523314,0.07858746661259494,0.18910671234892498,0.36982406541380497
68,"[9.99999998e-01 2.11243823e-01 3.79300705e-10 6.79814482e-01
 5.79290598e-02 4.74727047e-01 1.48154605e-07 2.75355150e-02
 1.00000000e+00]","[ 0.2142765   0.18648174 -0.10990202  0.79071108 -0.09849659  0.51835547
 -0.01054263  0.03525221  0.0475377 ]",1.0800863895108128,0.4372564444334084,0.05159983599218381,0.07266789490184683,0.18664265158903748,0.38302431341037435
69,"[8.82375587e-11 1.00822198e-01 6.02784572e-02 3.86669193e-01
 5.18541855e-03 7.12473303e-01 5.47455851e-08 9.36098054e-02
 1.00000000e+00]","[-0.29157009 -0.81272039 -0.16926548 -0.35327493 -0.2217143   0.22301942
 -0.0376121   0.01211739 -0.02370812]",-0.09357196628092031,0.412579780046819,0.052518979226974995,0.07374586830136655,0.18529162279328373,0.37720564702116377
70,"[3.00344662e-09 2.99098294e-01 7.54273526e-04 6.47368517e-01
 7.32457623e-02 3.32681590e-02 2.82940374e-01 5.06444306e-02
 5.95663699e-01]","[-0.03656174  0.27075541 -0.08828814  0.63503766 -0.29461786  0.17955063
  0.36378592  0.3619467  -0.36318508]",0.38133722981506024,0.42390665238867453,0.05343889144625947,0.07482307243848244,0.18458765933140348,0.37595295804876655
71,"[1.00000000e+00 5.49630664e-01 4.68913409e-02 1.72706629e-01
 1.98580301e-01 8.40858150e-03 4.58411476e-08 7.90738264e-01
 1.00000000e+00]","[ 0.13936933  0.12992805 -0.13558829 -0.43852215  0.40638796 -0.22440512
  0.15536113  0.53783296 -0.47339078]",0.15939621601967902,0.4222124402403595,0.057587575710727555,0.07966140866717095,0.18240485636897957,0.3792543718222018
72,"[1.03611465e-10 6.22930990e-01 3.49408751e-01 6.82296663e-02
 1.14706703e-01 7.27136002e-01 8.30768805e-02 4.73408484e-02
 1.00000000e+00]","[-0.03919138  0.42969883  0.34069084 -0.16382554 -0.21689884  0.51240392
  0.42489601  0.40018858 -0.14360881]",0.6338783928250027,0.4121081022200719,0.05620307676559841,0.07805023464615847,0.18116642763089014,0.3795584720203686
73,"[1.00000000e+00 5.30550726e-01 1.90647220e-11 1.44859491e-01
 2.79494875e-01 6.97614629e-01 8.12320802e-03 4.50583183e-02
 1.00000000e+00]","[ 0.17188928  0.11520104 -0.22025333 -0.44729233  0.55409065  0.58305114
  0.19623456 -0.14007198 -0.05922502]",0.6658828660980353,0.4125243513704834,0.06453226963492568,0.08769507286663444,0.1778408716065702,0.3756229457281994
74,"[1.00000000e+00 4.33228123e-01 9.54411866e-01 5.38886000e-02
 1.57147541e-01 3.42682001e-02 4.77691007e-07 4.75765901e-02
 1.00000000e+00]","[ 0.31395646  0.34196968  0.70518091 -0.46841523  0.24190869 -0.05852465
 -0.05843714 -0.04718349 -0.01445697]",1.1292061260280502,0.4186207817825197,0.06685480701348083,0.09036531941128405,0.1769051963745657,0.36889031768936487
75,"[9.99999889e-01 3.60010474e-01 3.80535696e-10 3.94231550e-01
 2.30950640e-01 2.39811468e-03 1.98544011e-07 6.99494907e-01
 1.00000000e+00]","[ 0.12832168  0.05975842 -0.23686589  0.51215015  0.4684906  -0.17755463
 -0.03319903  0.47093225 -0.43320988]",0.3557183015360213,0.3868430608250593,0.06267689555814611,0.08555621909939655,0.17557871171621184,0.3886061281512582
76,"[1.03140168e-09 6.55011646e-01 3.24301940e-10 3.25858997e-01
 1.63052597e-01 8.07548541e-01 6.53951423e-08 2.29322854e-02
 1.00000000e+00]","[-0.03369733  0.47405016 -0.1046407   0.5095005   0.28054489  0.47782622
 -0.17702295 -0.06409022 -0.40141311]",0.5052622826963424,0.3985368963534587,0.06221343231559588,0.08502112527625444,0.1745600596133052,0.353493499672322
77,"[6.21649581e-11 4.18732587e-01 3.72032750e-01 1.60916728e-01
 7.91569940e-01 1.82461108e-01 1.11431061e-08 5.75882962e-02
 1.00000000e+00]","[-0.12320065  0.02303614  0.38698103  0.08711126  0.59670763  0.43994447
 -0.00675386  0.51911153 -0.08840089]",0.6617357020353438,0.3749736976715039,0.07151034707924969,0.09569534458888113,0.1721720067743264,0.36914715457713565
78,"[7.15113097e-11 7.79908207e-01 3.51557449e-01 3.86613265e-02
 6.27772209e-01 1.32985820e-01 5.83558447e-02 5.00759167e-02
 1.00000000e+00]","[-0.02961649  0.43633964  0.39098759 -0.27923627  0.50412731  0.2629372
  0.34534733 -0.07871277 -0.35936835]",0.4752509251322615,0.3673994057177735,0.0719766342537227,0.09622761376614053,0.17152597710733902,0.348939011982925
79,"[3.31243665e-01 3.40189656e-01 7.65812095e-01 1.42887691e-01
 1.18666457e-01 3.35992365e-02 6.15375920e-08 7.41004579e-02
 5.41896784e-01]","[ 0.05714125  0.04985659  0.59324134 -0.2226202  -0.26770886  0.00489933
  0.0026055   0.46900595 -0.54871555]",0.16419299259152687,0.396734322062181,0.0719766342537227,0.09622761376614053,0.17189201467836626,0.3610556554770901
80,"[1.68281643e-01 1.71318537e-01 2.71312253e-01 7.19663312e-01
 4.24949283e-01 2.36040169e-11 3.15655172e-09 6.95694434e-02
 1.00000000e+00]","[ 0.05702453  0.03057672  0.36791581  0.70857887  0.4439548  -0.07837202
  0.11055562  0.37797696 -0.00632763]",0.8332191152483013,0.3602592840221224,0.07617889842513985,0.10101235550856949,0.16951745284985031,0.35538009445608276
81,"[0.13573145 0.23815363 0.47564208 0.38348296 0.06104378 0.0021604
 0.52876095 0.04502088 0.8415613 ]","[ 0.04035228  0.06339606  0.39907347  0.52609637 -0.01051397  0.04667584
  0.5077476  -0.36957944 -0.40203214]",0.32510285666843314,0.3800066448596094,0.08179694460218617,0.10737698078862573,0.16956681232017573,0.3451864360222814
82,"[1.00000000e+00 1.25450533e-01 2.10535534e-01 4.82198745e-01
 4.12799061e-02 6.23280420e-01 2.24278836e-08 2.86353272e-02
 1.00000000e+00]","[ 0.19494544 -0.49324262  0.2513234   0.42299438 -0.13386677  0.46860057
  0.08566879 -0.3163832  -0.36287191]",0.30455966248666144,0.38700860443273144,0.0785177372615773,0.10366629684249043,0.1675271267797986,0.33183431191981494
83,"[8.95470797e-11 1.52889315e-01 9.87935318e-01 2.08517859e-01
 8.07124662e-02 5.30947994e-02 9.66506496e-02 9.48576423e-02
 1.00000000e+00]","[-0.2661072  -0.65417226  0.45086628 -0.42211116 -0.15808607 -0.11607552
  0.18928101  0.21328923 -0.00174404]",0.27525273486508,0.35249503000257165,0.08743082783321475,0.11372576606165351,0.1679623055611719,0.3446430014676492
84,"[0.99999997 0.43567507 0.01308949 0.15664084 0.04911884 0.03863801
 0.85071553 0.06005651 1.        ]","[ 0.18366121 -0.05379404 -0.15430161 -0.45656196 -0.37741374 -0.18813147
  0.54885682  0.4814299   0.14235103]",0.6990663903555792,0.36242672131815057,0.08555118871665125,0.11161118263814965,0.16560945829029938,0.3274202708126822
85,"[9.38965570e-01 7.90023592e-01 8.13243614e-02 1.88923910e-01
 1.41547661e-01 1.83918796e-01 5.94206360e-08 4.27892028e-02
 5.92715248e-01]","[ 0.10789835  0.593187    0.32614348  0.40714927 -0.25560254  0.37597423
  0.10412717  0.00316979 -0.38315172]",0.4793927542109758,0.3770217014590521,0.08555118871665125,0.11161118263814965,0.16544261780622366,0.3354211445170029
86,"[3.33970570e-01 1.58940958e-01 5.73491749e-01 3.10036280e-01
 4.23758124e-02 3.19847372e-01 4.37869676e-07 5.24999027e-02
 6.02719156e-01]","[ 0.08907992 -0.18044478  0.37512859  0.32038056 -0.27216396  0.48088743
  0.05744145  0.44677143 -0.45597052]",0.2064434800212238,0.38988921339220883,0.0977966894717253,0.12532812393438422,0.1625741151946192,0.3309362071779507
87,"[1.         0.18834216 0.02423012 0.2174054  0.04419642 0.20244386
 0.54845567 0.07785525 1.        ]","[ 0.07603794 -0.65096402 -0.27340453 -0.56655992  0.0015039   0.08135076
  0.17721686 -0.36582501  0.05357175]",-0.037542467062168045,0.3410351334187096,0.09968614694399688,0.12743288748841541,0.16175173424797948,0.31942491375895704
88,"[0.27538278 0.4384004  0.13112984 0.15846623 0.2422838  0.12235618
 0.03651737 0.81579341 1.        ]","[ 0.01495862 -0.16145684  0.01349581 -0.52684996  0.40818598  0.28313997
  0.35667073  0.42204608 -0.3792545 ]",-0.036768250928234325,0.35100954132708917,0.0902533077623656,0.11689461943849754,0.16063780764070443,0.3197749676294796
89,"[1.56554533e-01 9.99999999e-01 2.63815895e-02 3.85223244e-01
 2.45794644e-01 8.43210257e-02 1.19884039e-07 4.69567985e-02
 1.00000000e+00]","[ 0.05678052  0.67270873  0.13780745  0.63599236  0.30895004  0.10810526
  0.10384668  0.05329242 -0.00081844]",1.0169704242294417,0.3656231652423897,0.0902533077623656,0.11689461943849754,0.15916248331579422,0.32679914384575515
90,"[1.58662445e-10 6.32116081e-01 1.50793253e-02 1.97831222e-01
 2.60290190e-01 2.74114589e-10 5.60526717e-01 4.70637499e-02
 6.59880266e-01]","[-0.10062569  0.38112464 -0.01293629  0.29289857  0.50165122 -0.09472129
  0.52420018  0.06534437 -0.46795275]",0.4173500906228684,0.3590001669880261,0.10725744550410256,0.13583847124635395,0.1577629414076377,0.33618809456678145
91,"[4.10709068e-10 3.07910071e-01 2.42763718e-03 4.28977958e-01
 1.74954308e-01 8.69726282e-01 3.49007743e-02 4.37688410e-02
 1.00000000e+00]","[-0.05865861 -0.03971372 -0.09292539  0.42769441  0.47355336  0.48348857
  0.4296298   0.32906916 -0.22922064]",0.47454730273899404,0.3548167124644416,0.09213691463788361,0.11900523445332954,0.1591848091225803,0.32013663765807365
92,"[1.64205782e-09 2.57180030e-01 5.14905047e-01 1.90592894e-01
 2.58782023e-02 2.39516908e-01 5.97690794e-01 5.46679283e-02
 1.00000000e+00]","[-0.08598352 -0.36647837  0.32826166 -0.16968493 -0.40108204  0.35378515
  0.50206817  0.11028582 -0.41410819]",0.008792601762041607,0.3375489381580374,0.09543685435237614,0.12269518249052834,0.15694561239600768,0.3792463948884117
93,"[9.99999998e-01 6.00520406e-01 3.02061953e-01 7.54305977e-02
 7.19332592e-01 5.42086060e-02 6.42052119e-08 5.02286711e-02
 1.00000000e+00]","[ 0.2074847   0.35866495  0.4600575  -0.28610897  0.69951445  0.12530516
  0.13588238 -0.09009314  0.05653011]",1.1022358481487577,0.3357678576479919,0.09732454410668571,0.12480171401226532,0.1570114760646446,0.3226351354583936
94,"[1.55648948e-09 9.99999999e-01 3.08755023e-01 5.64640991e-02
 2.73743732e-01 5.48701389e-02 1.05611280e-07 2.68689384e-01
 1.00000000e+00]","[ 0.00674818  0.68607161  0.38701872  0.07772758  0.36892904  0.14144423
 -0.04240081  0.36553315 -0.28619527]",0.730727077015759,0.33544684906781497,0.09921365219728516,0.12690682699657435,0.15648766040482456,0.3090218845930943
95,"[4.84022919e-11 4.33257957e-01 2.84816626e-11 1.06065754e-01
 3.49363975e-02 1.46273589e-01 1.84181717e-08 1.45613032e-01
 1.00000000e+00]","[-0.19357777 -0.25697201 -0.36471087 -0.5684622  -0.49893921 -0.38101843
 -0.20539932 -0.06130106  0.01636049]",-0.23735935716153178,0.3556386256118271,0.10867936288222617,0.13741221901446685,0.15583379331361963,0.3121563099448653
96,"[1.         0.88144542 0.03057854 0.3902623  0.09460314 0.01546743
 0.00995439 0.04600601 1.        ]","[ 0.13360111  0.57246392  0.0704955   0.62944608 -0.39504829  0.01649223
  0.24300965  0.00473086 -0.19455749]",0.6569629850422193,0.33221445091364543,0.10962769608540651,0.13846099586249278,0.15410769418643055,0.31665236485005394
97,"[1.         0.2983326  0.07535914 0.31463054 0.07765778 0.04598156
 0.01352358 0.8294543  1.        ]","[ 0.27052291 -0.13627759  0.17984845  0.18987196 -0.43203371 -0.18380129
  0.33890356  0.71031845  0.00223309]",0.857150322347338,0.3290341368082952,0.1129492581270956,0.14212931872224333,0.15350031613137866,0.3073746333601817
98,"[6.20551281e-10 6.01649239e-01 7.21237630e-04 1.63492547e-01
 1.18671628e-01 9.18651335e-01 7.37395891e-08 4.47345255e-02
 1.00000000e+00]","[-0.1534943   0.19358506 -0.21975108 -0.39053325 -0.08831892  0.59283103
 -0.24208213 -0.25604855 -0.50472179]",0.07041058654862287,0.3286811140376594,0.13151824078207477,0.16250397390755456,0.15189407114548154,0.3166431408128555
99,"[0.18627777 0.99719935 0.36827792 0.04186204 0.10738319 0.00552373
 0.16338135 0.06610068 1.        ]","[ 0.03761747  0.62001855  0.3874556  -0.21712218 -0.5512184  -0.13331064
  0.23920999  0.19444413 -0.01595776]",0.734941169964154,0.315197939390754,0.1296091162108201,0.16041887965377052,0.1504608524381193,0.3015922243294167
100,"[1.18195272e-09 3.09547962e-01 5.10632632e-01 2.20364155e-01
 9.10212527e-02 7.89770616e-02 7.08654109e-03 5.62942040e-02
 2.98080556e-01]","[-0.31338815 -0.29173362  0.36548546 -0.31454974 -0.38417444 -0.23169494
  0.13285481 -0.25789833 -0.54655623]",-0.20275334392959016,0.3149030080808626,0.12245900557854023,0.15259066886091613,0.15160529983173393,0.28286599700394854
101,"[1.         0.11435108 0.04672842 0.60959553 0.04372083 0.09000835
 0.40518458 0.0631289  1.        ]","[ 0.20487509 -0.61844893  0.04177231  0.44290982 -0.11589816  0.2350995
  0.43628567  0.15882304 -0.30554702]",0.30345186578279654,0.3204720440241733,0.12913199158679498,0.15989744955766522,0.1495106328482107,0.3018383430150572
102,"[3.17698543e-09 1.00000000e+00 4.01566798e-10 1.37894277e-01
 9.67368228e-02 1.94543707e-02 2.51814544e-07 8.64331166e-02
 7.06762278e-01]","[-0.04047512  0.55986089 -0.29047098 -0.17750737 -0.6374271  -0.30210347
 -0.14632245  0.07239404 -0.21167032]",0.3245003436667465,0.3110139816203041,0.12293522026473866,0.15311300897991176,0.1505271685517808,0.29957718356052065
103,"[9.99999992e-01 5.28508341e-01 2.49259383e-10 2.23313212e-01
 1.21905463e-01 8.10790407e-01 1.12299981e-07 4.85887785e-02
 1.00000000e+00]","[ 0.15536727  0.42813232 -0.11375611  0.34596173  0.05780702  0.57578059
  0.03772444  0.52406943 -0.22135246]",0.736892399443484,0.31992009337481264,0.13199567711232452,0.1630250922699783,0.14856055668749707,0.28351324691538227
104,"[1.         0.32648766 0.58121181 0.10593223 0.56170614 0.08794196
 0.00216103 0.05140774 1.        ]","[ 0.2368697  -0.26595447  0.37176547 -0.47962403  0.55297058 -0.02790577
  0.0480325  -0.11877731 -0.42654639]",0.19090989873159658,0.3326670709704033,0.13533944050859795,0.16667121157635328,0.14837567777120272,0.2839759309760462
105,"[0.99999998 0.25002727 0.10819164 0.22973481 0.02412115 0.07268537
 0.59375088 0.0697378  0.78780889]","[ 0.18941897 -0.65418786  0.0597446  -0.27353366 -0.12680811 -0.07497342
  0.43352687 -0.28333944 -0.40968343]",-0.12413516154650187,0.2948663612131718,0.13151824078207477,0.16250397390755456,0.14770894032189358,0.2875419946250447
106,"[6.68975866e-10 4.57318595e-01 1.00000000e+00 1.19753174e-01
 1.60148709e-01 9.32932934e-02 2.13102437e-02 1.34704453e-01
 1.00000000e+00]","[ 0.01764794  0.36655937  0.69748248  0.21827665  0.29539922  0.17899613
  0.20175815  0.41372478 -0.00462689]",1.0106663602420438,0.29935875992894245,0.12913199158679498,0.15989744955766522,0.1476040398022678,0.28412271933770605
107,"[4.75750603e-10 2.08513443e-01 5.11515768e-02 4.51276303e-01
 2.61732426e-02 5.75944109e-02 7.83777836e-01 6.48261819e-02
 1.00000000e+00]","[-0.31292901 -0.71299842 -0.21904582  0.10286754 -0.13994879 -0.17713677
  0.46210876  0.06336071 -0.25811568]",-0.0191352522851459,0.3362479563717915,0.13677338373762632,0.1682329322873438,0.1471717937477102,0.29252483485412684
108,"[0.14708312 0.71329898 0.06508608 0.1153534  0.1351681  0.02574107
 0.34567534 0.06184461 0.45380756]","[ 0.01115293  0.37709465 -0.02501245 -0.46435474 -0.58069051  0.01725121
  0.28116899  0.30808091 -0.36049321]",0.09003380005993186,0.33778089756955365,0.12770099770307594,0.15833277924676376,0.14593717644079457,0.27646443502589624
109,"[6.33762932e-10 4.45504538e-01 8.25094638e-02 3.45167764e-01
 1.72431280e-01 1.57913516e-09 6.59943131e-01 2.68651104e-01
 1.00000000e+00]","[-0.31299262  0.28707333  0.25760357  0.51759956  0.34101117 -0.14804412
  0.44989134  0.36022754 -0.1224085 ]",0.6578765999928249,0.3042251529384584,0.1530604376328521,0.1858967336313001,0.1441802712128353,0.27830725771971887
110,"[2.42208464e-01 2.89358458e-01 4.35548566e-01 2.64298050e-01
 7.34159209e-01 1.49104753e-01 1.88918247e-08 4.50205856e-02
 1.00000000e+00]","[ 0.0574424  -0.10494313  0.37586584  0.27545222  0.58463879  0.41359861
  0.02168829 -0.19303394 -0.46683986]",0.23541327060762668,0.3049690158414243,0.14586711168578304,0.178111741670277,0.1441274470508165,0.2892338905027425
111,"[7.84252637e-11 6.48642580e-02 5.57484134e-02 4.40764891e-01
 1.52732827e-02 1.58529977e-01 9.67696051e-08 1.32134441e-01
 5.71440358e-01]","[-0.44995841 -0.77077538 -0.20669342 -0.28358946 -0.14069709 -0.20467011
 -0.08527367  0.01632241 -0.10523332]",-0.27908795735342246,0.29857161406501775,0.15258051195472586,0.18537810480788927,0.1426619397125211,0.2722402494454199
112,"[1.03533642e-10 2.85051355e-01 3.41900815e-02 2.62902294e-01
 7.91171188e-01 7.21207924e-02 7.11663354e-08 1.24813317e-01
 1.00000000e+00]","[-0.41210965 -0.56973516 -0.26997436 -0.52095034  0.24192651 -0.19726353
 -0.13916241  0.20728772 -0.03894055]",-0.14448307336326854,0.3292120365238229,0.1607461910325361,0.19418785180157533,0.14230731978405067,0.2716728504289163
113,"[9.99999998e-01 2.98071796e-01 1.61011927e-03 7.20489350e-01
 1.02686206e-01 6.97367725e-10 3.01810404e-01 4.48882996e-02
 1.00000000e+00]","[ 0.13886058  0.38751135 -0.03157208  0.74541685  0.22462123 -0.02053162
  0.39950543 -0.14439783 -0.20634452]",0.7221949479505563,0.3038718236650142,0.1545005255709772,0.1874523091769562,0.14191689959570333,0.296734739741929
114,"[9.99999999e-01 1.83703113e-01 9.69451021e-01 1.13657936e-01
 8.25472565e-02 1.15174156e-01 2.31181728e-07 4.94531834e-02
 9.99999996e-01]","[ 0.05905878 -0.47993697  0.37407928 -0.66479397 -0.31594969 -0.06959321
 -0.02829319 -0.20148842 -0.19550123]",0.018423702018577542,0.3186395218892541,0.1382078585197961,0.169794121401879,0.1431528851575533,0.27691252093166463
115,"[2.00052295e-10 2.44166253e-01 2.30997447e-01 1.34228203e-01
 1.03207178e-02 4.35903035e-01 3.24197550e-01 9.26776844e-02
 1.00000000e+00]","[-0.0833703  -0.48551041 -0.1573269  -0.76003825 -0.1412652   0.23756307
  0.18418212  0.06135992 -0.20208655]",-0.29149789907902834,0.31182727312425773,0.1607461910325361,0.19418785180157533,0.14074527478059565,0.2661059701453107
116,"[0.24220846 0.40716364 0.44301658 0.16988432 0.10814332 0.05767778
 0.03915026 0.7709219  1.        ]","[ 0.04136474  0.11838301  0.52408025  0.00604668 -0.13125332  0.14997884
  0.47490995  0.65625788 -0.11680239]",0.6935939369953286,0.2934103101840111,0.15882354568703042,0.19211627933180964,0.14046144272327388,0.2775011108172306
117,"[1.00000000e+00 5.48459990e-01 8.06976574e-11 2.52036763e-01
 8.46507932e-01 4.48811042e-03 2.54881133e-08 6.22852684e-02
 1.00000000e+00]","[ 0.24384337  0.37912752 -0.24868025  0.4752784   0.6019148  -0.23949603
 -0.03692967 -0.29271678 -0.04862739]",1.0131587127319717,0.2908371790904729,0.1631506028385803,0.19677621219650937,0.14048892971606244,0.2681322471653975
118,"[2.10835848e-09 3.52671892e-01 2.85659845e-02 2.99176601e-01
 4.91142424e-01 1.56473537e-02 5.81402039e-01 5.87911917e-02
 9.99999878e-01]","[-0.1029401  -0.42853151 -0.22550112 -0.03746174  0.4889487  -0.18528113
  0.43204392  0.36858082 -0.39698393]",-0.055659422918276746,0.2823760350957575,0.17181636053586666,0.2060844338415423,0.13862854059352298,0.2744476252659801
119,"[0.22322947 0.70468286 0.06620575 0.10475469 0.12050352 0.21772746
 0.71893855 0.03815604 1.        ]","[ 0.06911983  0.33042441  0.08419603 -0.24117786  0.24870638  0.5257883
  0.54372042 -0.11588554 -0.41643351]",0.3430786310753628,0.28999627838692404,0.17470827823257926,0.20918384240562268,0.13847976554503222,0.2647308924207541
120,"[0.1748014  0.21201688 0.17608611 0.80868667 0.06210071 0.25639039
 0.1053671  0.03134199 1.        ]","[ 0.06232014  0.26685967  0.35677327  0.70817625 -0.25690486  0.31633781
  0.32962946  0.10758619 -0.09900133]",0.707242654511451,0.30258742937063765,0.16988932752942168,0.20401724929092,0.1381993866787334,0.26471163107787077
121,"[1.00000000e+00 1.00000000e+00 3.11172487e-01 9.65341518e-04
 2.26575398e-01 2.02214281e-02 7.91583941e-03 5.97628000e-02
 1.00000000e+00]","[ 0.21522245  0.67041724  0.37683654 -0.50103176  0.12738984  0.03200973
  0.17578475  0.17598693  0.17904454]",1.2228813637505875,0.2792953725160654,0.17133453338767526,0.205567706604278,0.13742742160115992,0.25939054972434633
122,"[1.67156692e-11 3.83421908e-01 1.56607886e-01 4.04277326e-01
 6.13138512e-01 3.59942214e-01 4.09862268e-02 2.22039244e-02
 1.00000000e+00]","[-0.02100634  0.19949913  0.31132155  0.51616401  0.46037845  0.40948045
  0.40197594 -0.23022837 -0.04690547]",0.728044246880273,0.29442385885478284,0.17953171736637538,0.2143459468506369,0.135915313768666,0.2613832824371877
123,"[1.         0.361359   0.03343633 0.34065475 0.09742405 0.0258141
 0.01053469 0.06427941 0.18127912]","[ 0.24921026  0.08114683 -0.04475233  0.35065926 -0.45626115 -0.35623345
  0.30195866  0.18920509 -0.58676285]",0.25181930733546665,0.29099834722332285,0.17374412471462705,0.20815088717973898,0.13672096177511558,0.25651061107766177
124,"[1.00000000e+00 1.88600347e-01 8.70496715e-01 4.01646534e-01
 9.09627316e-02 2.21497245e-11 5.55718756e-09 8.43133906e-02
 1.00000000e+00]","[ 0.25226639  0.22211758  0.4713871   0.59423319 -0.21523305 -0.29867752
  0.02109847  0.40420365 -0.1111184 ]",0.8465536584783625,0.2815954447251664,0.17422617896788423,0.20866738729960368,0.13526726410705692,0.2665744570072299
125,"[2.40972768e-01 1.72834223e-01 3.91485826e-02 4.04544471e-01
 4.47549143e-02 1.61909807e-01 5.73997710e-07 7.04147759e-02
 1.85966408e-01]","[-0.05036365 -0.62917466 -0.29475597  0.0697078  -0.32615437  0.27966038
  0.11432384  0.0075447  -0.55870298]",-0.17690447026019837,0.27631840527341195,0.19354390951331904,0.229291829890008,0.1337649468928327,0.27979027238119053
126,"[1.19474703e-09 1.28915830e-01 3.97832651e-01 4.42863261e-01
 8.02664613e-02 1.87389168e-01 2.30087725e-01 4.57140969e-02
 7.01884898e-01]","[-0.05458852 -0.74704341  0.15934784  0.10999259  0.3040828   0.19877433
  0.32478091 -0.31703469 -0.25196212]",-0.03915772271525744,0.28085966920772054,0.18822480967598965,0.2236268324370972,0.13408886848551038,0.28051978740822836
127,"[9.99999999e-01 3.63051976e-01 7.64494642e-01 1.13358138e-01
 1.33902548e-01 3.45578471e-04 3.90527839e-01 4.92760591e-02
 1.00000000e+00]","[ 0.12684924 -0.01099578  0.59279781 -0.22437648  0.47096347 -0.10497164
  0.54526145 -0.22264973 -0.04822585]",0.7673826030227822,0.3027383660498234,0.1848425299371954,0.22001923196194184,0.13400683025256346,0.27358010002353095
128,"[2.52177050e-10 7.67934388e-01 2.51946286e-10 1.98351616e-01
 7.99859444e-01 7.71262360e-02 8.40031251e-02 5.80792580e-02
 1.00000000e+00]","[-0.09762335  0.52492629 -0.09261676  0.33633703  0.48381732  0.28859673
  0.39967042  0.31514621  0.1296177 ]",1.0605608996709828,0.28022038698816787,0.18774150161425698,0.22311158618844443,0.13354430532296097,0.27444178427434474
129,"[9.99999930e-01 4.99288561e-01 9.26440915e-02 2.07290066e-01
 1.33402125e-01 1.55055187e-02 4.36071524e-07 8.48772669e-01
 9.99999999e-01]","[ 0.13440797  0.32200318  0.19509935 -0.01145291 -0.51792594 -0.11259705
 -0.00923205  0.55258524 -0.50367894]",0.20538320025326684,0.28059510919846364,0.18339361287196076,0.21847248604820016,0.13331335696006216,0.2545398658289143
130,"[1.23709581e-10 1.74069205e-01 6.25200094e-01 3.11410628e-01
 8.17256431e-02 4.91095408e-02 1.49908587e-08 5.70064715e-01
 1.00000000e+00]","[-0.19606771 -0.62497682  0.38265825 -0.03596019 -0.14644985 -0.09397771
 -0.25234666  0.5661936  -0.09331432]",0.33211912720588366,0.31268276950777973,0.18629182722805956,0.22156559763178807,0.13184664070227436,0.25092878979762967
131,"[0.09139602 0.27031259 0.20015122 0.40325549 0.13111047 0.02449455
 0.30790534 0.05136485 0.41576259]","[ 0.01060922 -0.12271286  0.32450256  0.38638743  0.30962614  0.19559989
  0.48065359  0.42562835 -0.42885523]",0.22550379094791043,0.2813611739804682,0.18629182722805956,0.22156559763178807,0.13197474802040546,0.24785787762749978
132,"[6.13768114e-10 5.02456330e-01 7.17850093e-02 1.74325396e-01
 1.20137954e-01 6.19176142e-02 5.72060444e-03 8.61773192e-02
 7.92208644e-02]","[-0.26032892 -0.1836017  -0.17339639 -0.78566812  0.01056968 -0.22781918
  0.01227756 -0.07461024 -0.43982706]",-0.29570015830004803,0.26938669996145437,0.21535319077381063,0.2524174900180258,0.13059595497913107,0.250395314719838
133,"[2.72814280e-11 2.00012983e-01 8.95421874e-02 3.42285720e-01
 3.50218014e-02 1.23844920e-01 2.16523848e-02 8.29842817e-01
 1.00000000e+00]","[-0.29892138 -0.61617237 -0.03089283 -0.3199158  -0.375554    0.06122038
  0.2545067   0.46662856 -0.01930065]",0.13235634586284983,0.27415235144961986,0.19693133632833562,0.23289428305577917,0.13017043519308877,0.2372650389649018
134,"[1.         0.33143394 0.67974235 0.07737313 0.08863129 0.25424961
 0.00998549 0.045125   0.70995823]","[ 0.11834956 -0.07002608  0.45531585 -0.55943158 -0.06272708  0.40678647
  0.21911253 -0.12363653 -0.47760581]",0.11674741933120625,0.27340706695472355,0.2051659435941751,0.24163509826393237,0.12922205008834026,0.25200513043896633
135,"[3.37901792e-01 1.46388266e-01 6.53532950e-02 4.26992993e-01
 7.32840068e-02 8.67314198e-01 5.27101332e-09 5.19018504e-02
 1.00000000e+00]","[ 0.03611166 -0.75750133 -0.05136911  0.06762528  0.4176801   0.48181271
  0.07982454 -0.06629658 -0.01756066]",0.35432197594240966,0.2725558868488109,0.19838368575514329,0.23443759645231504,0.12892394582368905,0.27332447318570197
136,"[1.00000000e+00 8.86018979e-02 1.03481767e-01 3.36259128e-01
 4.34261052e-01 1.64684802e-01 3.93855202e-08 9.17876461e-02
 1.00000000e+00]","[ 0.04993548 -0.79443245 -0.09699877 -0.34177063  0.15326163 -0.1256239
 -0.18969356 -0.40568709  0.01820596]",-0.11857774694565171,0.2798468764111326,0.2066202600090835,0.2431764445921248,0.1296083284331528,0.23373275825110473
137,"[1.15143484e-10 2.00109303e-01 3.29381753e-01 2.21250303e-01
 1.55048329e-02 1.07591813e-01 3.24869732e-01 1.07909417e-01
 6.34324468e-01]","[-0.23880488 -0.70705108  0.07835496 -0.39973631 -0.19410824 -0.24995323
  0.23106013  0.23362646 -0.26267404]",-0.3003687537158384,0.2602101795381092,0.2071051075519353,0.24369015129402688,0.12853953367767684,0.25466504107474364
138,"[0.05794504 0.80427399 0.48645072 0.21210368 0.17102818 0.34401011
 0.00706087 0.02782882 1.        ]","[0.04037114 0.56406088 0.40851097 0.47935464 0.03827047 0.34951547
 0.16507175 0.35866404 0.06347555]",0.9577966155491866,0.28447778824605585,0.22507015583502357,0.2626716091211803,0.12829332521299672,0.2457138501662508
139,"[0.58706506 0.34883724 0.37195591 0.12537127 0.07639304 0.04632919
 0.14985212 0.08526101 0.39596595]","[ 0.05168495 -0.32362238  0.20341142 -0.49362731 -0.28887655 -0.30349389
  0.32284272  0.38468579 -0.4240098 ]",-0.19162057885288172,0.2777308099988739,0.2134115112653937,0.2503649526333858,0.12782736514945256,0.24786694147192967
140,"[3.98249600e-01 7.15197195e-01 6.60200698e-11 1.31159062e-01
 1.85792368e-01 2.10916989e-01 2.93976041e-08 6.85202305e-01
 1.00000000e+00]","[ 0.09991366  0.40548777 -0.24043129 -0.13043042  0.42596761  0.49418251
  0.04243803  0.52115078 -0.22740658]",0.6257473133999364,0.2661496617904928,0.22069577372361254,0.25805900341866517,0.12721771021702422,0.2534712592717383
141,"[9.99999999e-01 4.99793823e-01 3.38570897e-01 7.38147608e-02
 8.28388085e-02 1.79753216e-04 7.24414562e-01 4.50711635e-02
 1.00000000e+00]","[ 0.27687803  0.34133865  0.41757101 -0.03944508 -0.3592581  -0.28116469
  0.56825163 -0.14991378 -0.27821033]",0.6828143304735819,0.2568576418336824,0.20952990680638012,0.24625812324170426,0.1279400105639218,0.2673484756078197
142,"[6.32241496e-10 5.01105612e-01 9.99999996e-01 1.86266705e-01
 1.08412495e-01 3.45578649e-04 6.95923342e-08 5.30061135e-02
 9.99999962e-01]","[-0.07420652  0.39848683  0.52431928  0.19997981 -0.3768909  -0.31395321
 -0.28466919 -0.32410488 -0.30676557]",0.3963395543559308,0.2704153444514067,0.22361171452298875,0.26113438783908993,0.12679058254799483,0.2501650400772635
143,"[2.01671388e-01 6.47224136e-02 4.29409690e-02 8.65090329e-01
 5.35356892e-02 2.80325342e-01 5.81450259e-08 8.17696742e-02
 1.00000000e+00]","[ 0.01281284 -0.63147502  0.00953141  0.61680882 -0.02891777  0.3041092
  0.03003093  0.35485165 -0.0197728 ]",0.5886627167848497,0.2710463553097028,0.21389687668505014,0.25087814143897125,0.1265881883417351,0.27640194861334877
144,"[2.02591461e-10 4.34827074e-01 2.88231474e-02 2.53694602e-01
 9.19909040e-02 2.30629019e-01 2.11261655e-02 5.86064444e-02
 1.36499938e-01]","[-0.10010932  0.09678815 -0.14263072  0.00487596 -0.34260998  0.50656888
  0.22724166  0.50596855 -0.5278317 ]",0.08692929663685278,0.26001743511683856,0.20904487237592706,0.24574460343458635,0.12645273477210903,0.2445240699401738
145,"[3.38197382e-01 6.52140181e-01 8.62440963e-02 2.05054402e-01
 1.81424454e-01 9.05450285e-03 6.74586002e-08 4.76752400e-02
 1.28565213e-01]","[ 0.13382526  0.49192811  0.2826593   0.1210727   0.45850678 -0.0368101
  0.04501188 -0.31036081 -0.57931797]",0.4088440102554177,0.2592664716898676,0.23090701501515387,0.2688174002170045,0.1259705327376543,0.24980480409976463
146,"[2.77677918e-11 2.12621766e-01 1.96902701e-03 6.56122650e-01
 1.54690336e-01 4.47948901e-02 1.53757413e-08 6.15331890e-02
 3.78524228e-01]","[-0.3834668  -0.40377346 -0.34440012  0.531439    0.35392561 -0.08184001
  0.0380812  -0.00912657 -0.39419127]",0.163470328857317,0.2587796368213438,0.24113314639556005,0.2795609064604873,0.12488301706077105,0.258110440432193
147,"[1.         0.31471818 0.05641628 0.26934876 0.67211588 0.28550757
 0.02804726 0.04159191 1.        ]","[ 0.36258995 -0.16518495  0.01451185  0.11925116  0.55688632  0.50671543
  0.4669441  -0.14724984 -0.14215771]",0.727319719248212,0.2642312492080783,0.2372357607797467,0.2754698587468838,0.12453956005451264,0.244263769144762
148,"[9.99999998e-01 2.53713087e-01 2.89693524e-08 1.43914138e-01
 2.58664401e-02 1.52971764e-01 3.41014122e-06 1.10739119e-01
 9.99989784e-01]","[ 0.18066833 -0.36565953 -0.35654179 -0.62579263 -0.34455639 -0.25769684
 -0.2726059  -0.23301019 -0.03433817]",-0.1106395699235857,0.26535608853398757,0.23188030060462542,0.26984122299177377,0.12428466789598645,0.29946877252786547
149,"[1.85624415e-11 6.13309121e-01 8.38326790e-01 3.66294302e-02
 8.31807575e-02 2.66902240e-01 2.45031691e-09 4.55904080e-02
 1.00000000e+00]","[-0.05553935  0.44286986  0.45683613 -0.29994971 -0.63412313  0.24831229
 -0.11183158  0.13882497 -0.08101095]",0.5824535112254493,0.24970654926867997,0.23382727464993883,0.27188846566249547,0.12480610310644814,0.2517179503630522
150,"[9.37315413e-11 5.91291213e-01 3.36992663e-02 1.62341498e-01
 9.43358461e-01 8.24875565e-02 1.40989227e-02 5.89965678e-02
 9.99999999e-01]","[-0.32915258 -0.02417733 -0.21015725 -0.63938964  0.51939446  0.06707653
  0.12884533 -0.21577384 -0.31726885]",0.042148494131929004,0.2502884046832172,0.23918419237584396,0.2775156438230849,0.12415843906419204,0.2441605836230334
151,"[0.69073026 0.7367641  0.35730993 0.13157139 0.38866389 0.02809841
 0.25284723 0.04526713 1.        ]","[ 0.09529523  0.49896941  0.40219539  0.42196263  0.39874986  0.03293098
  0.33814731 -0.15787035 -0.32059665]",0.5463342562971389,0.28432655020698083,0.24503260611414585,0.283649880012062,0.12263547217883117,0.23774110639224866
152,"[1.00000000e+00 9.64183542e-01 1.51707469e-10 5.78624520e-02
 1.04591561e-01 9.46958260e-03 1.43296615e-07 6.43873754e-02
 1.00000000e+00]","[ 0.08386173  0.16094803 -0.48206942 -0.45941614 -0.53184145 -0.36394126
 -0.19851422 -0.20732905  0.1609566 ]",0.3009969280580276,0.27086017899563064,0.2489341095465113,0.2877368097934174,0.12236521334060317,0.2785935618256
153,"[2.42208465e-01 1.89946673e-01 8.94374685e-01 2.74884627e-01
 7.64655549e-02 3.45579101e-04 3.77433167e-01 4.62427583e-02
 1.00000000e+00]","[ 0.02563292 -0.45516741  0.46978268  0.06218719 -0.02465372 -0.20677812
  0.49534779 -0.5139206   0.12146504]",0.6397110174641751,0.25017948457579386,0.2699385289590611,0.30967021804286876,0.12134195803159281,0.23481766704855667
154,"[1.09757776e-10 3.56646331e-01 9.54411866e-01 1.15912880e-01
 1.56316914e-01 8.32386290e-02 2.84985728e-08 4.65851064e-02
 7.85131464e-01]","[-0.22461388 -0.16264576  0.4973921  -0.563011    0.34670378  0.04932502
 -0.08260082 -0.21784125 -0.4263807 ]",0.06483802831088487,0.2676342367289847,0.2606505962955063,0.2999856223727552,0.121769310692531,0.22840217207353433
155,"[3.30092698e-01 3.48796684e-01 4.54256747e-10 3.04015097e-01
 6.96020988e-02 2.95102980e-01 3.48621186e-02 7.71844277e-01
 1.00000000e+00]","[ 0.09598731  0.04699249 -0.20512675  0.16155923 -0.31945709  0.55784416
  0.44793616  0.55359909  0.00617176]",0.6886586217533259,0.277074826802158,0.2518615607209799,0.2908006834938036,0.12177273723540401,0.2363875293176722
156,"[0.27115597 0.35246808 0.95441187 0.13972632 0.10057332 0.12116498
 0.26790754 0.0448883  1.        ]","[ 0.08740343  0.3491509   0.69382884  0.04199078 -0.29643314  0.24187667
  0.42082466 -0.22998342 -0.10454621]",0.8121962523321331,0.25344894038079346,0.2684713015042629,0.3081417831455574,0.12017122858032302,0.23921451424904144
157,"[3.43307727e-01 9.52303842e-01 2.92453582e-02 8.02655620e-02
 2.26435935e-01 3.66115254e-10 1.88627464e-01 3.62593909e-01
 1.00000000e+00]","[ 0.08585936  0.6348949   0.0292115  -0.23566126  0.41318463 -0.05529213
  0.38742274  0.45173031 -0.07219196]",0.8742689687037051,0.288184741686382,0.2733630837869343,0.31323554201388093,0.12029260451805351,0.23606775264073643
158,"[1.86719496e-01 3.07695844e-01 4.39250853e-10 7.00779509e-01
 1.77009638e-01 3.25544346e-01 5.36922670e-08 2.60868528e-01
 1.00000000e+00]","[0.07404882 0.27995653 0.05756413 0.65028285 0.33970766 0.41185358
 0.14753043 0.38255338 0.19189243]",1.0415694334684145,0.2544954989231961,0.28168574904442917,0.32188829657075263,0.12027343790420968,0.2449434903858475
159,"[9.99999990e-01 5.55890180e-01 4.47545207e-10 3.16843173e-01
 9.10549695e-02 3.51575866e-03 3.36802337e-01 4.00264338e-01
 1.00000000e+00]","[ 0.13441485  0.45867733 -0.06354436  0.50808364 -0.48628628 -0.02526893
  0.35723768  0.37767362 -0.04463066]",0.7328613943095889,0.25972351169469976,0.27287377428846327,0.3127262974001385,0.11999761095637222,0.2409867211351516
160,"[9.62226946e-12 1.00000000e+00 1.86002216e-11 6.34565555e-02
 5.65327038e-01 1.56184532e-11 1.81782191e-09 7.46077749e-02
 1.00000000e+00]","[-0.19219411  0.58002073 -0.18798664 -0.43949265  0.31962658 -0.37435055
 -0.3586831  -0.15323684  0.06090998]",0.7823029147648775,0.2583854308747803,0.2743417897701465,0.3142539442532151,0.12004887415311169,0.22690614891730426
161,"[1.         0.27599826 0.0474374  0.4187173  0.58604342 0.00343197
 0.24714035 0.04551735 1.        ]","[ 0.18546529 -0.25917786  0.08038559  0.40648107  0.55018708 -0.18416135
  0.44447827 -0.10343202 -0.42645095]",0.288437686413755,0.2597664719104448,0.2777681695606784,0.31781744322221733,0.11861159987521563,0.23031526120807813
162,"[9.53158329e-01 4.35902918e-01 3.24842640e-01 8.77360500e-02
 1.14586438e-01 7.49854701e-01 4.36743360e-09 5.07506734e-02
 1.00000000e+00]","[ 0.12309007  0.16086713  0.21901476 -0.35835223  0.27109296  0.65813426
  0.04478436  0.50332959 -0.14355628]",0.6337083807761784,0.25433134476769637,0.2856051398686574,0.32595733854227954,0.1188677875892704,0.22733429600364713
163,"[2.02537843e-01 1.86298419e-01 6.58306658e-01 6.99179229e-02
 7.55936987e-02 3.43789184e-01 3.38778930e-07 8.94418356e-02
 1.00000000e+00]","[-0.04366795 -0.60006567  0.07089295 -0.78145995 -0.05300895  0.10438314
  0.00221286  0.08125329  0.04467726]",-0.044781095293805084,0.2392062836165749,0.2934492759866633,0.33409006791249557,0.11814265078948555,0.2141901637398072
164,"[4.83931914e-11 4.94939040e-01 3.38836862e-01 2.12533031e-02
 8.84138474e-02 1.78867422e-01 8.10029468e-09 6.09271463e-01
 1.00000000e+00]","[-0.14441689 -0.05661826  0.02271897 -0.82222216 -0.44617437  0.10356927
 -0.16245834  0.25111702 -0.01104844]",0.08322766418458694,0.2524262587632176,0.271406020288893,0.31119838905926417,0.11820282955145515,0.23554392125067825
165,"[2.67176624e-10 1.11589914e-01 5.62046038e-02 8.37969654e-01
 5.48899774e-02 3.54298276e-02 2.91839996e-01 5.61020894e-02
 9.92455840e-01]","[-0.10715033 -0.63525855  0.00868256  0.43872313 -0.46781826 -0.05761306
  0.29450935 -0.15002701 -0.24697159]",0.10194084902555633,0.250777238763473,0.3017913528144582,0.342723410525989,0.11760198834195215,0.2191402239177117
166,"[1.         0.63298907 0.00444584 0.29108712 0.1842655  0.0404857
 0.27004621 0.04523687 0.61970647]","[ 0.1436381   0.42141052  0.09413069  0.5433615   0.32907734  0.23564797
  0.35455882  0.31113211 -0.3336794 ]",0.5421869837037159,0.24624859776453017,0.28756550822833615,0.3279911865672809,0.11745873475650899,0.23635298399402255
167,"[1.37757206e-10 2.89615604e-01 3.80963008e-01 2.06333795e-01
 5.62251807e-02 8.68288405e-01 1.64735960e-02 4.86934745e-02
 1.00000000e+00]","[-0.34622789 -0.14592222  0.32112092 -0.04654191 -0.40176201  0.68166866
  0.29334669 -0.1322808   0.15463765]",0.7927954353114743,0.25015083563944507,0.29933698899144684,0.34018500393930234,0.11774833580471382,0.22778414733931596
168,"[1.68936349e-01 5.42509075e-01 6.46283320e-01 7.17749520e-02
 5.82288029e-01 3.01081901e-02 8.85977396e-08 7.46474091e-02
 1.00000000e+00]","[ 0.01702797  0.23875867  0.53033652 -0.37494531  0.55398885  0.0414071
 -0.06031215  0.45102733 -0.07198702]",0.7337501168939887,0.25454501150264697,0.29246837238668355,0.3330738633336774,0.11717638329042775,0.24053434081583688
169,"[1.         0.38189535 0.87853972 0.06732267 0.09024645 0.30654269
 0.00667297 0.04195226 1.        ]","[ 0.11150491  0.29329071  0.49367714 -0.21503444 -0.42851953  0.39468419
  0.19740189  0.41184544  0.2521934 ]",0.9958532447855386,0.2556936237443548,0.30424638701623,0.3452611467225422,0.11653105072403404,0.214850776902172
170,"[0.09428762 0.10315398 0.05070879 0.50464513 0.01006875 0.16814878
 0.14483298 0.550324   1.        ]","[-0.05552787 -0.67750925 -0.16439838  0.25425942 -0.41049683  0.20823122
  0.32627416  0.34488547  0.09462813]",0.40741375036586536,0.23919254179672605,0.2880556700008506,0.3284995788895946,0.11665255727541982,0.22004204656920012
171,"[1.13196228e-09 3.40691984e-01 5.50388312e-02 4.20723789e-01
 9.30231504e-02 5.38683121e-02 7.28972383e-07 5.40829052e-02
 6.49369880e-02]","[-0.3579939  -0.07119383  0.10340148  0.47765536 -0.39922541 -0.13169675
  0.10758201 -0.08912813 -0.65702559]",0.09067992151764209,0.23582339569261587,0.3091584504646238,0.3503346240378994,0.11529613319021353,0.22585361187950959
172,"[1.00000000e+00 3.63753944e-01 1.15868349e-11 1.46608918e-01
 2.08348094e-01 5.46458563e-02 1.50955304e-09 6.75339636e-01
 1.00000000e+00]","[ 0.04581506 -0.40336464 -0.31441647 -0.74958077  0.18504266 -0.2279188
 -0.13123681  0.20531823 -0.17000724]",-0.21605486960979217,0.2518876926047497,0.3071933072668609,0.34830555093532073,0.11529698094966401,0.22058121501626582
173,"[1.00000000e+00 1.69689598e-01 4.31665348e-02 5.04084363e-01
 6.29058755e-01 3.39643030e-02 1.62866505e-09 7.16875812e-02
 1.00000000e+00]","[ 0.22402547 -0.66703517 -0.14952993  0.35358243  0.55087446 -0.0881991
 -0.06373119  0.20201728 -0.03718254]",0.6034536035768507,0.2655929637505762,0.3071933072668609,0.34830555093532073,0.11511821273442999,0.22524598915994665
174,"[9.99999994e-01 6.66518953e-01 9.22606418e-03 8.75613598e-02
 3.74219358e-01 1.95831029e-01 3.71146161e-08 4.48882994e-02
 6.56066009e-01]","[ 0.07376343  0.14126882 -0.13515408 -0.5737847   0.37928792  0.2521587
 -0.06418498 -0.55071732 -0.33504322]",0.06321961026082917,0.2354870994644852,0.31800678281132827,0.3594602649618224,0.11425012497085289,0.23626749183969908
175,"[1.00000000e+00 2.55855402e-01 1.35410652e-10 3.51408532e-01
 1.51587133e-01 1.96175007e-01 5.67719764e-08 6.84147774e-01
 9.99999994e-01]","[ 0.14530523 -0.34846754 -0.40199394  0.15352766  0.46383775  0.34435448
 -0.19486796  0.41746986 -0.35539673]",0.1781787699247543,0.2399088579560718,0.32834039909270646,0.3700962840080238,0.11439942863397828,0.2287767194215361
176,"[1.         0.76697177 0.30801708 0.0060605  0.07787074 0.30421284
 0.12391789 0.04384857 1.        ]","[ 0.16325988  0.45428836  0.25244152 -0.35009077 -0.61436097  0.33530094
  0.29798758  0.01850712 -0.04089989]",0.6383205175115882,0.23787737081763916,0.32391032842821343,0.36553936812286975,0.11366510247049637,0.22300228313366022
177,"[2.56001685e-01 1.67904246e-01 4.36631215e-01 1.90901885e-01
 8.85743721e-02 4.78936319e-01 2.07260906e-07 6.08052766e-02
 6.95751992e-01]","[-0.01703585 -0.73704527  0.07388808 -0.44294865  0.30610027  0.26275328
  0.03172707 -0.16260977 -0.25421624]",-0.21421638091723733,0.23395621847963133,0.31948232255930953,0.3609803874133136,0.11349823965587905,0.219201706129583
178,"[2.70487783e-01 8.61809071e-01 2.80495762e-10 2.29692530e-01
 7.30088215e-02 3.46861403e-01 2.36637562e-01 2.81804869e-02
 1.00000000e+00]","[ 0.06479615  0.50406463 -0.19091108  0.35960199 -0.5022472   0.30222489
  0.28499233 -0.28004188  0.26967287]",0.931914644451724,0.2411911517420634,0.33868515654909737,0.38072116172978043,0.11343254396808608,0.21704334919941576
179,"[9.14839131e-01 7.96621517e-02 9.54411867e-01 2.90779603e-01
 7.64577238e-02 2.21219308e-02 1.43775845e-07 7.13071063e-02
 1.00000000e+00]","[ 0.07058784 -0.77667056  0.38919806  0.09886056 -0.22633618 -0.26079888
  0.09008747  0.09108715 -0.30805019]",0.07827761308632147,0.23030120762607914,0.33178742508299314,0.3736391364262118,0.11322883472162232,0.20988930660367294
180,"[0.40608989 0.15778533 0.03774602 0.38204692 0.02431158 0.0992785
 0.08919299 0.75626215 1.        ]","[ 0.07221253 -0.63824444 -0.32213709 -0.03106963 -0.32068174 -0.20719281
  0.28777217  0.41101734 -0.29185279]",-0.07912502195916224,0.23853302098507498,0.32538679017169986,0.36705856856573055,0.1128598367814985,0.23847719646098964
181,"[0.27115597 0.43167321 0.44025488 0.11903806 0.08482709 0.26613057
 0.04034463 0.04978931 0.39465097]","[ 0.07787231  0.2939697   0.35324127  0.11215947 -0.50507795  0.3889059
  0.34395609  0.30388885 -0.39134743]",0.2520988371782447,0.23388819238160058,0.33277251579132866,0.37465115383162484,0.11268949647595364,0.22217282909021813
182,"[3.87808316e-09 3.04529322e-01 5.46304842e-01 1.81216800e-01
 1.86548445e-01 5.15633680e-02 2.89656546e-01 5.52717806e-02
 6.22281698e-01]","[-0.06499209 -0.37812565  0.32085238 -0.39651486  0.45593492 -0.0121367
  0.41496915 -0.15225962 -0.43499471]",-0.08620052936568837,0.24154681024255684,0.34114981133812156,0.3832492772010798,0.11223352727724487,0.20539806404770666
183,"[8.29609234e-12 6.43125534e-01 3.78726666e-01 6.86943775e-02
 3.39851455e-01 2.63635391e-02 7.84163788e-02 5.20769999e-01
 1.00000000e+00]","[-0.12479936  0.22149573  0.40257803 -0.44581227  0.44927664  0.05154612
  0.37862184  0.4514396  -0.15128911]",0.5318352999945173,0.23518436119184272,0.3564443207196135,0.39890994327770024,0.11130879119419079,0.21329035713247324
184,"[0.21800599 0.12449778 0.04797591 0.69493138 0.08442354 0.11380153
 0.19674587 0.37576741 1.        ]","[ 0.04609145 -0.45288286  0.1156502   0.53035618  0.36654656  0.26024931
  0.39226416  0.37529019  0.03633277]",0.6428677533869829,0.2131446251134259,0.3391780380823845,0.38122683424915405,0.11119708591457624,0.2284453332735843
185,"[1.         0.53761791 0.0174128  0.15358426 0.08926839 0.14495318
 0.48749186 0.32585037 1.        ]","[ 0.12953372  0.35063286 -0.06589353 -0.0924005  -0.11778129  0.54654157
  0.50861023  0.52462131 -0.03009639]",0.7602053645251562,0.22686625583021403,0.3569380793355359,0.39941473870464667,0.11124171706502987,0.23017063913447164
186,"[9.03448791e-10 5.85683566e-01 3.13123641e-01 1.16992169e-01
 1.77212148e-01 2.21530219e-01 5.08936183e-08 4.66823054e-02
 3.12534319e-01]","[-0.02880488  0.31027195  0.33231138  0.17118193  0.41804092  0.50278097
 -0.20458176  0.28716486 -0.45967731]",0.3610063562107876,0.25217482753646553,0.34706749151949584,0.3893142456149714,0.11090364927304541,0.21236510554331856
187,"[2.13372942e-01 1.35483182e-01 3.53066600e-02 8.59051546e-01
 1.05370445e-01 2.77445636e-01 1.70962209e-07 3.43008042e-02
 8.81749474e-01]","[ 0.07514776 -0.1216037   0.01625771  0.76918863  0.20964962  0.36825023
  0.16368609 -0.12963162 -0.40557514]",0.42310411358322086,0.23532380727168062,0.34953423021004026,0.3918402771606551,0.11030300507987431,0.22694384616775007
188,"[9.99999998e-01 5.75948676e-01 9.18466518e-11 8.28109487e-02
 7.83479666e-02 4.89238374e-01 2.73702737e-01 4.36330517e-02
 1.00000000e+00]","[ 0.1527132   0.13978264 -0.37680403 -0.62314292 -0.31170888  0.379727
  0.29265636 -0.22055408 -0.22628358]",0.18716684427868946,0.22311459245156046,0.3549631890279786,0.39739541283924906,0.11083264407872052,0.21470296607886522
189,"[8.78913306e-01 2.94215594e-01 3.85905865e-01 2.26773455e-01
 9.49060444e-02 3.85411280e-02 1.88631531e-07 6.79240757e-02
 3.13337941e-01]","[ 0.14755405 -0.2382947   0.47353454  0.01312843 -0.07704973 -0.32023646
  0.16960591 -0.09437928 -0.74220917]",-0.01333350745196979,0.21164162112483548,0.3510145650225193,0.3933556044867055,0.11008246827303902,0.19970089018278858
190,"[4.66037423e-10 9.98040028e-01 4.00230193e-02 3.87847951e-01
 7.86525242e-02 3.20586539e-04 2.43669975e-07 6.60482371e-02
 1.00000000e+00]","[-0.34175363  0.44515895  0.12453749  0.39529711 -0.61739581 -0.27420693
  0.02636975  0.01816909  0.23638119]",0.7915195771494082,0.26208258410012264,0.35940723196564783,0.40193835628524266,0.10958158004511437,0.23079710829758182
191,"[2.02467473e-09 1.96219329e-01 7.75058007e-02 3.88775455e-01
 3.67854657e-02 7.56063308e-01 1.98854504e-01 6.37916659e-02
 1.00000000e+00]","[-0.16029383 -0.42006301 -0.00427321  0.05966808  0.07547009  0.51060082
  0.44143542  0.41719455 -0.39868404]",0.04497547147174863,0.2402690132047856,0.3579256685330168,0.4004242575921718,0.1100971778272947,0.20804538055342248
192,"[4.76199847e-12 5.58190754e-01 7.91893922e-01 5.48715763e-02
 1.09677618e-01 3.25861061e-02 1.14527224e-09 2.76561045e-01
 1.00000000e+00]","[-0.22500385  0.27595373  0.41771094 -0.46218556 -0.49729743 -0.2328185
 -0.20882272  0.35917607 -0.10488717]",0.39177461194741603,0.21485234254342855,0.35940723196564783,0.40193835628524266,0.10959036213741441,0.2186686393074935
193,"[0.26429806 0.43491177 0.46090984 0.04889619 0.2214289  0.6761119
 0.0186154  0.04116557 1.        ]","[ 0.01598325 -0.10764455  0.31812045 -0.6252371   0.38744026  0.47396913
  0.30118252  0.1658488   0.05533263]",0.5474747562043697,0.21963145292227987,0.35249511787007376,0.39487071377532457,0.10972792124430424,0.21846752949174156
194,"[9.99999999e-01 2.19356866e-01 9.54411869e-01 2.20199339e-01
 2.39632633e-01 3.45579487e-04 6.36804206e-08 5.05201509e-02
 1.00000000e+00]","[ 0.24477383 -0.08760712  0.60737346  0.11686616  0.54455996 -0.27622169
 -0.1099866  -0.37981975  0.14368884]",1.0858740536207931,0.21200618696354268,0.3658298198740656,0.40849697089733533,0.1089902528511694,0.20664689308165962
195,"[9.99999999e-01 9.29296008e-01 3.44084143e-01 6.03451562e-02
 7.06455704e-02 7.65393780e-02 1.67349355e-07 4.70189373e-02
 1.00000000e+00]","[ 0.24819137  0.376366    0.22390234 -0.17931689 -0.78645392 -0.0737598
 -0.04620488 -0.2000871  -0.21987009]",0.37368412691513164,0.2077915715055192,0.3692897961136743,0.4120268729224381,0.10880226820683947,0.2024550707510072
196,"[1.96142472e-01 5.25873429e-01 2.35202181e-01 6.26989649e-01
 8.10788672e-02 4.75180610e-02 1.86457515e-08 5.40916006e-02
 8.69620413e-01]","[ 0.06860589  0.47043587  0.32536439  0.59864879 -0.35608922  0.1031443
 -0.17960533  0.26686287 -0.26235248]",0.4750371366078895,0.2481211496213273,0.3861117186671832,0.4291557875156993,0.10838471685700879,0.2312585922401319
197,"[2.81446841e-11 4.97270324e-01 1.94305187e-11 1.49705456e-01
 9.86867225e-02 7.99747994e-02 4.41216558e-02 8.41418112e-01
 1.00000000e+00]","[-0.16904231 -0.15508892 -0.37452873 -0.76188417 -0.32534274 -0.07294467
  0.16794106  0.29448471  0.02320746]",0.04928198353724887,0.22540946418676922,0.3722564090503117,0.41505158420446775,0.10805260985557243,0.19761518548245205
198,"[4.59284079e-01 6.88098690e-01 3.31771241e-01 6.85535929e-02
 1.81067910e-01 5.03690535e-09 8.55511836e-07 7.25693414e-02
 3.56686767e-01]","[ 0.10782963  0.41939444  0.43449116 -0.24099808  0.29200281 -0.36082012
  0.05019128  0.3708604  -0.45837215]",0.38202978024227086,0.2279726548458596,0.3856165730871957,0.42865237906498144,0.10734126212481317,0.20766356765740232
199,"[3.72293831e-10 4.54380661e-01 2.99064902e-01 5.30713714e-02
 2.37733731e-01 7.05100608e-01 1.81362879e-07 4.63027191e-02
 1.00000000e+00]","[-0.21354957 -0.3260581  -0.11037234 -0.76047278  0.28828214  0.28197782
 -0.00324998 -0.30223727 -0.06004809]",-0.028207696349905442,0.2298368822196026,0.37027857302908584,0.41303520408074407,0.10780080538355696,0.20227172072841987
200,"[0.00253325 0.49022411 0.30204219 0.09145625 0.06325675 0.03395978
 0.89327788 0.05327297 1.        ]","[-0.03437357 -0.18881266  0.25349731 -0.66756323 -0.1170195   0.02638949
  0.59892657 -0.28240301 -0.02030322]",0.4160205592439878,0.21566858192196164,0.38314119153016607,0.42613499046590014,0.10756179793143988,0.20150604958697055
201,"[1.00000000e+00 6.52913208e-02 4.31475167e-02 8.22877271e-01
 5.31454641e-02 7.94582533e-02 2.53654707e-08 6.05759961e-02
 1.00000000e+00]","[ 0.11867062 -0.5960541  -0.17764454  0.3885981  -0.62055029 -0.08589123
 -0.15619327 -0.17333246 -0.03420949]",0.30734359407585,0.2120176561732634,0.3866068873055052,0.4296591729079131,0.10746833071246889,0.20604663083919766
202,"[3.33970570e-01 2.26974249e-01 2.57985761e-01 2.79948999e-01
 1.29983294e-01 3.56347987e-01 3.16655510e-08 6.14523732e-01
 1.00000000e+00]","[ 0.07837191 -0.2899404   0.29526403  0.18868307  0.51041852  0.49916356
  0.15339184  0.46327572 -0.19790273]",0.4203734651853891,0.23328329537351533,0.4059363173478317,0.4492733499358751,0.10610849558218735,0.21061390021264215
203,"[1.00000000e+00 1.13465923e-01 5.36345105e-01 5.11699817e-01
 2.62615873e-01 8.43963352e-04 2.14043072e-08 5.84245154e-02
 1.00000000e+00]","[ 0.23399453 -0.59504946  0.30595668  0.46889903  0.41102341 -0.15278514
 -0.06088207 -0.11262576 -0.26270168]",0.4090411478131848,0.21827843763553567,0.39403717510356084,0.4372071955483011,0.10655894106576491,0.2153417723835876
204,"[2.63231301e-10 1.26651354e-01 5.62235275e-02 6.29715487e-01
 5.76550338e-01 4.02636366e-02 1.65196454e-07 7.12081723e-02
 9.99999997e-01]","[-0.35708422 -0.79945814 -0.08446525  0.06107117  0.25981921 -0.27619385
 -0.06517462 -0.27204699 -0.02114491]",0.030617473464576616,0.2266681014842195,0.39601945546055584,0.4392191313022982,0.10605309357865199,0.19366636110696073
205,"[9.99999995e-01 5.10526860e-01 1.49545617e-01 1.78720059e-01
 8.39432271e-01 3.76537385e-10 4.13027300e-08 7.15482413e-02
 1.00000000e+00]","[ 0.14379998  0.17972213  0.33893963  0.03791381  0.70557468 -0.19783878
  0.02924675  0.51375745 -0.17007671]",0.7519797389655883,0.2111056954977919,0.3900737123089409,0.4331822261135734,0.10644227241730592,0.1985942121604744
206,"[1.         0.44277997 0.23145599 0.0490538  0.32650689 0.01566094
 0.47885808 0.06057862 1.        ]","[ 0.03944892 -0.29735402 -0.14731568 -0.85668997  0.22987096 -0.1539924
  0.15728913 -0.21337716 -0.08706752]",-0.12036613016890875,0.21800326070447096,0.41387631836462696,0.45731021329875693,0.10510699214059348,0.19937829126794765
207,"[3.38197379e-01 1.60605670e-01 2.95609070e-01 4.11939185e-01
 9.11414069e-02 4.10069815e-02 1.11962471e-07 7.46002554e-01
 1.00000000e+00]","[ 0.10524604 -0.58929785  0.32793595  0.28981757 -0.13734801 -0.20602774
  0.23538865  0.5675796   0.10606028]",0.6657868857513276,0.21618998052069427,0.41040185875030294,0.45379479475071555,0.1048235616441007,0.2017408736445372
208,"[8.46703568e-11 3.48998188e-01 6.42985364e-01 4.68598713e-02
 8.08716673e-02 8.30792557e-02 4.55994706e-08 1.23266740e-01
 8.21520322e-01]","[-0.21083811 -0.32177266  0.01114125 -0.76712683 -0.41743286 -0.24113466
 -0.14193715 -0.05668495 -0.0874442 ]",-0.2736982262557182,0.2240450834922394,0.40742462815828917,0.4507807011989627,0.10534228383549585,0.20988378122992243
209,"[0.24220846 0.11809962 0.0892169  0.43944242 0.05048927 0.08355298
 0.04593963 0.09578675 0.32624688]","[-0.02647492 -0.79036558 -0.02309761 -0.15328768 -0.1941497  -0.41904559
  0.11950789 -0.27322137 -0.21992124]",-0.30642056920379307,0.20736020175216097,0.40742462815828917,0.4507807011989627,0.10560076062476503,0.21449986940469778
210,"[0.34639587 0.29503674 0.04343149 0.34133991 0.17690773 0.07564408
 0.00592695 0.05104503 0.09008671]","[ 0.09509832 -0.47780241 -0.19482491 -0.13723259  0.50307792  0.02354372
  0.20730666 -0.26930875 -0.58028155]",-0.1373466146683426,0.21388847413760442,0.40990559732976384,0.45329250214759476,0.10556236126047305,0.20425667652884316
211,"[0.30201269 0.2983054  0.00176329 0.25869945 0.13361682 0.33377998
 0.6560936  0.04308791 1.        ]","[ 0.04032818 -0.3986257  -0.18928961 -0.31102882  0.41787725  0.39838767
  0.41686207 -0.29605376 -0.33488171]",-0.07285758235323447,0.22034065506697922,0.4108981426775118,0.4542970648470485,0.10502786359866778,0.19630846904906163
212,"[1.00000000e+00 9.48554604e-01 5.28855702e-11 1.24098144e-01
 8.24262765e-02 8.14777423e-02 4.39091265e-08 2.32064589e-01
 1.00000000e+00]","[ 0.31049027  0.5062048  -0.21734026 -0.09729264 -0.68506942  0.12720243
  0.00607712  0.32194482  0.03826063]",0.8454483943121479,0.2026996072012034,0.4113944491020786,0.45479931244590627,0.1043871813406836,0.19010087907526313
213,"[1.00000000e+00 3.01198005e-01 8.06188476e-01 9.85527729e-02
 2.12659831e-01 8.31368792e-03 3.91246050e-08 8.77481539e-02
 8.21222729e-01]","[ 0.16089534 -0.20318028  0.38236697 -0.50024397  0.38557745 -0.22276178
 -0.23813072  0.36324906 -0.38656568]",0.15322003244053217,0.21287890222176215,0.43375138635801186,0.4773773061381676,0.10421365776299413,0.19244897343445638
214,"[5.80090172e-02 1.11189063e-01 9.54411855e-01 3.39526847e-01
 5.72827089e-02 3.04037856e-01 1.06492275e-07 4.25359843e-02
 1.00000000e+00]","[-0.05355672 -0.51682212  0.55748263  0.19028793 -0.43587744  0.42394159
  0.08796059 -0.0537308   0.05187016]",0.6896148831236859,0.20567435978861615,0.40742462815828917,0.4507807011989627,0.10472179287500828,0.1995069642523249
215,"[1.         0.30528228 0.01346997 0.12143057 0.14141164 0.60691475
 0.01338979 0.10498219 1.        ]","[ 0.09615526 -0.45472268 -0.21987125 -0.76359742  0.20305536  0.22868484
  0.16771697  0.1756185   0.00761451]",0.057454368258800084,0.22185268684446136,0.44320448493105224,0.48689673391531973,0.10358480342547013,0.1911222397435864
216,"[0.2689266  0.26870258 0.42270992 0.19966657 0.03241755 0.04228802
 0.77589441 0.05820609 1.        ]","[ 0.03953571 -0.66571064  0.18238294 -0.257281   -0.21257107 -0.29765306
  0.54655791  0.12491927  0.08772137]",0.3570641681314767,0.21855952104741133,0.41486922323363173,0.45831441647512533,0.10373952312450865,0.19792419064687278
217,"[1.         0.33614798 0.17019535 0.23959191 0.07264081 0.83998968
 0.00833368 0.03023544 1.        ]","[ 0.25963682  0.14926709  0.3661824   0.27269171 -0.13967653  0.75560133
  0.22141926 -0.2283431   0.10123131]",1.1581935106732755,0.21207841759109636,0.41536570931082584,0.4588164844204531,0.10448821901524483,0.19715223205525662
218,"[6.65380120e-01 8.02182359e-01 1.90905256e-01 1.80475045e-02
 1.81864460e-01 2.14122455e-01 2.11252048e-07 6.06368298e-02
 6.02207347e-01]","[ 0.11084842  0.45283757  0.10912505 -0.51420713  0.31876852  0.39009492
 -0.02100126  0.2544986  -0.43282273]",0.34485073741369776,0.22005709313527783,0.4372331787047236,0.4808853919232897,0.10365284616388211,0.2084868452769953
219,"[1.         0.34799095 0.03846935 0.25684311 0.12255832 0.01678492
 0.57935548 0.32768474 1.        ]","[ 0.17579582 -0.20740921 -0.10307101  0.06207609  0.3281024  -0.1814727
  0.62348616  0.61611078  0.05185723]",0.7677311649335598,0.21718792186122315,0.4412136963496632,0.4848933064249257,0.10325758256540292,0.20182905544222252
220,"[3.13533278e-01 1.07150190e-01 6.72079198e-01 6.11917926e-01
 7.36367534e-02 9.40362636e-10 1.20502841e-01 6.13597510e-02
 1.00000000e+00]","[ 0.09250458 -0.37456825  0.3842445   0.62654838 -0.39515576 -0.18534992
  0.30896094  0.06580008 -0.14368589]",0.4989914017428205,0.2110512474138716,0.43176227786136506,0.4753721985578583,0.10278362817247091,0.19306623968541103
221,"[1.00000000e+00 1.02422102e-01 6.05607894e-11 3.91185890e-01
 1.05489979e-02 3.13646755e-01 1.70989582e-08 7.94081364e-02
 6.22493425e-01]","[ 0.24429464 -0.68590386 -0.39011804  0.00565454 -0.38265626  0.22299988
  0.13049947 -0.17141144 -0.27398033]",0.057999030585807576,0.2154024625508572,0.41635874870739215,0.459820553068606,0.10322213431820194,0.2014922189893954
222,"[5.21587917e-11 1.33915932e-01 4.24479137e-01 6.46367203e-01
 5.09676205e-02 1.44572257e-01 8.79943554e-09 3.07415144e-01
 1.00000000e+00]","[-0.14232869 -0.14937749  0.35666906  0.66075622 -0.43213994  0.19811316
 -0.06232856  0.37579007  0.15006842]",0.8306941962159564,0.20852882012374796,0.4362382702672666,0.47988319232343546,0.10298184530379725,0.20600283289170707
223,"[1.00000000e+00 8.74895452e-02 2.42301183e-02 4.83918118e-01
 2.90607541e-02 6.15133753e-01 1.07828684e-07 7.12311088e-02
 1.00000000e+00]","[ 0.22538395 -0.73668197 -0.25728477  0.27681303  0.02274152  0.38475503
 -0.01163617  0.32429104 -0.09913202]",0.4499570712705947,0.20856178497789507,0.44469780788088953,0.4883990730187068,0.10234328205248983,0.21039138490227954
224,"[3.99231801e-01 4.88608706e-01 1.17488357e-09 1.97042289e-01
 1.03348315e-01 9.50311333e-01 8.97359970e-08 5.44267785e-02
 1.00000000e+00]","[ 0.09583157  0.16936839 -0.13501161 -0.18995845  0.02202954  0.66697699
 -0.12625957  0.36116606 -0.56222087]",0.1771327546199436,0.20841614233077577,0.45166926848959954,0.4954073686521384,0.10226567799907996,0.21428918416684462
225,"[2.73325854e-01 2.68931959e-01 3.81856884e-11 5.18141074e-01
 6.11644915e-02 8.50269863e-01 7.09949505e-09 2.23091052e-02
 1.00000000e+00]","[ 0.07000112  0.1564213  -0.0736631   0.62688554 -0.19472327  0.58021812
 -0.05959946 -0.28404632 -0.3367727 ]",0.5243372572982996,0.2109839281168216,0.4501750210853773,0.4939059540052728,0.10242406143327963,0.20383371305043846
226,"[1.36467555e-10 4.66564884e-01 3.32433600e-01 6.23902820e-02
 2.76748247e-01 5.48494111e-11 2.14196773e-08 4.49281352e-02
 1.00000000e+00]","[-0.09944782 -0.3250933  -0.10000842 -0.47842117 -0.02707451 -0.50037463
 -0.18989926 -0.57978269  0.14905865]",-0.09925484316636993,0.2301136841921326,0.4347460735186802,0.47837972701552606,0.10225286748163885,0.19606377455160878
227,"[1.         0.57791838 0.31042325 0.06780389 0.14600676 0.02747777
 0.03949066 0.63896356 1.        ]","[ 0.31075533  0.24909077  0.36593204 -0.51882525  0.12880453  0.00330373
  0.38708873  0.51554271 -0.07794562]",0.8187757950402738,0.2024059883435947,0.4387257071576986,0.4823885255257703,0.10229042178517533,0.20146845800980612
228,"[0.27538278 0.62212285 0.00161012 0.18706887 0.11358245 0.00181484
 0.59823895 0.04525346 0.5952008 ]","[ 0.07420461  0.49271184 -0.14192446  0.2636255  -0.5226307  -0.08704287
  0.42838269 -0.14949206 -0.41893776]",0.31668802496140536,0.2045607893449733,0.4586450370110011,0.5024113563643136,0.10218877799299497,0.20554481349869458
229,"[2.01611170e-10 2.26616616e-01 4.83725453e-01 1.69549248e-01
 5.40280683e-01 8.80059711e-02 1.08491546e-07 1.22473952e-01
 1.00000000e+00]","[-0.25021486 -0.63365774  0.08252036 -0.60531262  0.26773436 -0.06753477
  0.02178651  0.23091285 -0.18060835]",-0.2199297705461516,0.20676705001942233,0.4427067547029389,0.4863959101255767,0.10260242123848025,0.2130957709182134
230,"[1.         0.11582291 0.23966502 0.29136441 0.00169641 0.37130063
 0.3363407  0.06627605 1.        ]","[ 0.22656829 -0.78747648  0.12685016 -0.07362746 -0.24054116  0.30790906
  0.35684473 -0.12396968 -0.10798591]",0.26204764738499664,0.20100925159605326,0.44818299907540016,0.4919037599464819,0.10205837990492077,0.19154332310808397
231,"[2.10115191e-10 4.55015956e-01 1.09540888e-01 8.17261785e-01
 1.47719851e-01 2.37347565e-02 2.82725471e-07 4.48883004e-02
 1.00000000e+00]","[-0.19473466  0.48439127  0.3223713   0.71705117  0.25286859 -0.0161394
  0.18839243 -0.08339409 -0.05204415]",0.8229202413371999,0.21976870211876987,0.4471871200801769,0.490902530907027,0.10192142727441716,0.1891756518048534
232,"[0.25652141 0.25829412 0.66321181 0.17883797 0.101132   0.1745205
 0.52715135 0.04296836 0.99999999]","[ 0.06875103 -0.13380775  0.39207888 -0.02359074  0.34424057  0.4023555
  0.52847777 -0.27834168 -0.43119838]",0.17934931525948178,0.20262262338751497,0.45465835661496645,0.4984096046277904,0.10133995225048321,0.18607335723564544
233,"[9.99999999e-01 2.57141403e-01 3.09536068e-10 2.48216449e-01
 3.07839812e-02 1.65570312e-01 2.65937415e-01 5.29892941e-01
 1.00000000e+00]","[ 0.14266361 -0.33321806 -0.33605316 -0.10186416 -0.27315337  0.34334561
  0.42314323  0.49553231 -0.35805494]",0.0971879325200295,0.21794546962650796,0.4591434707989697,0.502911476592762,0.10166382298873154,0.21039891177166914
234,"[2.31953483e-10 5.24863476e-01 6.28039647e-01 6.98741244e-02
 1.36847648e-01 7.89973621e-02 2.29579754e-02 7.08407797e-02
 5.01386435e-01]","[-0.08560914  0.18848735  0.39365255 -0.61368204 -0.48340992 -0.14279873
  0.19666401  0.0174602  -0.36402939]",0.049077311899227954,0.20362699237132026,0.45515661484174597,0.4989099004177071,0.10118070579123031,0.18254022124806218
235,"[2.61908727e-10 1.39738900e-01 3.86476547e-10 7.30877209e-01
 4.05476914e-02 5.85292153e-01 1.38074476e-07 3.15843411e-02
 1.00000000e+00]","[-0.39611625 -0.43841495 -0.31287499  0.41856219 -0.2457238   0.32251238
 -0.01269513 -0.45531397  0.07702454]",0.48609812029746857,0.2070485109663751,0.4461913291341924,0.48990121381812823,0.10188040440434988,0.1797209217976251
236,"[9.99999993e-01 2.01857637e-01 1.69264339e-10 3.73752535e-01
 1.20094843e-01 6.14244930e-02 8.98092535e-02 8.44353980e-02
 3.82651812e-01]","[ 0.09186675 -0.60306255 -0.44753996  0.02448357  0.36447466 -0.09252913
  0.32880573  0.24707342 -0.34120771]",-0.06279947604449784,0.20508137181798108,0.45615319715785824,0.4999104261348749,0.10098167964749546,0.18300428136466185
237,"[2.54207252e-10 4.20318263e-01 3.05837837e-03 3.57062689e-01
 2.46678764e-01 1.33404746e-01 1.50031207e-02 8.25725777e-01
 1.00000000e+00]","[-0.06056693  0.08698499 -0.09877651  0.31964401  0.50049562  0.35727612
  0.2283567   0.49316706 -0.45092521]",0.2812378141800141,0.21235530955734974,0.4601404041715674,0.5039116512529054,0.10080943715636285,0.19115655863119474
238,"[8.29610261e-10 6.92620608e-02 2.05333618e-01 6.43376892e-01
 6.84337118e-02 3.10002612e-02 2.34640387e-07 6.34920292e-02
 1.00000000e+00]","[-0.25720456 -0.5971801  -0.0890005  -0.14994196 -0.17277782 -0.6230877
 -0.25414683 -0.17778919  0.1803552 ]",-0.018178672548849972,0.20873951491710124,0.4621345340365989,0.5059117374530087,0.10051508830634198,0.20293629166299987
239,"[1.15249402e-11 1.00000000e+00 7.00046124e-12 3.27723719e-02
 8.40282551e-02 5.45387875e-02 1.11530972e-07 1.70408474e-01
 1.00000000e+00]","[-0.15053445  0.24741594 -0.32504815 -0.53033616 -0.61429561 -0.25371914
 -0.02287744  0.12160891  0.26863989]",0.4539429192539336,0.20379887736677427,0.48359356120491837,0.5273905329691797,0.10003214102771031,0.20544432807679747
240,"[2.60580730e-11 3.25373353e-01 6.39185623e-04 3.99816095e-01
 8.22947400e-02 5.70843327e-02 6.39958212e-09 9.28943720e-01
 1.00000000e+00]","[-0.2407994  -0.13370635 -0.3991129   0.23657694 -0.37521557 -0.08288633
 -0.17883018  0.5829783  -0.43517549]",0.12159643315673352,0.1925527391572509,0.46811902739707434,0.5119098922856313,0.10047228123082923,0.19398531164708738
241,"[9.99999999e-01 1.22119879e-01 2.83019689e-01 6.57525886e-01
 1.07196869e-01 3.06648120e-01 1.56020877e-07 3.12443646e-02
 1.00000000e+00]","[ 0.31607873 -0.21657216  0.33308991  0.63980781  0.3746049   0.36167758
 -0.04968876 -0.16714929  0.17703236]",1.127466260166924,0.20777254100139864,0.46612384576714416,0.5099108578515272,0.10001612136816453,0.1930093220435774
242,"[3.29556295e-11 1.13057712e-01 1.00000000e+00 4.12820760e-01
 1.30498968e-01 4.99852365e-11 6.03336813e-09 8.03881582e-02
 1.00000000e+00]","[-0.20922525 -0.57096756  0.46379786  0.2403763   0.23081142 -0.33155596
 -0.19037927  0.27070145  0.29086908]",0.8412288228931395,0.20579431703355056,0.4825945694550684,0.5263924166873244,0.09979609988631671,0.18465586469214734
243,"[2.42208463e-01 3.11693021e-01 1.24135253e-01 2.57011461e-01
 7.78501522e-02 1.65836056e-01 2.59714487e-07 5.49536612e-02
 8.14685310e-02]","[-0.04232206 -0.4149073   0.11447439 -0.28714196 -0.24992887  0.33392155
 -0.06215943 -0.36528281 -0.64748939]",-0.23606736098844022,0.19716790433739725,0.4945882512127127,0.5383640313139221,0.09855260155049549,0.19580025235113663
244,"[1.63463375e-10 6.67357381e-01 2.49927500e-01 8.04930911e-02
 3.78647981e-01 2.44206940e-01 2.86946535e-02 4.39488469e-01
 1.00000000e+00]","[-0.04364615  0.31310665  0.24597063 -0.01927333  0.46683939  0.46609376
  0.35852613  0.43796646 -0.28922002]",0.4730175844430648,0.21225370129313537,0.49308835097122694,0.5368682695067587,0.0986102477088027,0.18852992989208384
245,"[3.98249648e-01 1.12145154e-01 4.34336293e-02 3.80789970e-01
 5.74302637e-01 1.10857361e-01 9.63244433e-07 1.15809894e-01
 1.00000000e+00]","[ 0.00213323 -0.78976235 -0.2797929  -0.32365565  0.1669452  -0.34844864
  0.03773915  0.10932923  0.17484153]",0.021636237482279774,0.20098427988173992,0.4805968486105335,0.524395921468535,0.09929193773517665,0.18224797420953687
246,"[4.33631981e-10 4.82488855e-01 3.19424789e-01 1.54715398e-01
 8.69992404e-01 6.07600115e-03 7.48117576e-03 7.15596472e-02
 1.00000000e+00]","[-0.39834884 -0.20665863  0.28895404 -0.36727703  0.56074799 -0.40360987
  0.05672721 -0.27832754 -0.14899706]",0.25266964907771083,0.19730473749415878,0.48858983347133916,0.5323798008619371,0.09853555562595985,0.19541187259977244
247,"[9.44820288e-01 2.36214117e-01 9.54411869e-01 2.34174316e-01
 1.03032645e-01 3.45578430e-04 2.65785211e-02 5.82510860e-02
 8.88578716e-01]","[ 0.11839446  0.17513102  0.63813369  0.25130059 -0.39293918 -0.26216981
  0.25724892  0.01149637 -0.44215597]",0.39516084879285207,0.20346465672792674,0.4945882512127127,0.5383640313139221,0.0981571605256867,0.1990557790602403
248,"[5.76727067e-10 3.40005435e-01 4.65935749e-03 4.65120950e-01
 5.61716419e-02 7.12780355e-01 2.26333611e-01 2.21395940e-02
 1.00000000e+00]","[-0.13083411  0.28650758  0.00708751  0.48460457 -0.42595857  0.42528311
  0.35668921 -0.2567565  -0.33233492]",0.34476490155401407,0.2050673186505988,0.499589343931938,0.5433484787587436,0.09777036655216552,0.1944886037051904
249,"[0.99999999 0.11565648 0.25264407 0.40504263 0.0364501  0.07669749
 0.04965138 0.08881776 0.54040481]","[ 0.13842207 -0.64948954  0.22967629  0.27552814 -0.4031799   0.03600954
  0.25782287  0.25800091 -0.3653052 ]",0.05930092192996794,0.20006654114354824,0.497088523407238,0.5408565292010303,0.09870751144312165,0.18660581014623112
250,"[1.00000000e+00 2.90776661e-01 5.81877582e-11 3.68548947e-01
 9.16926023e-02 2.27514050e-01 1.90886761e-08 4.64982601e-02
 3.19834289e-01]","[ 0.24222194 -0.005989   -0.28796852  0.46798943  0.07105812  0.55629478
 -0.0427102  -0.05819936 -0.56535673]",0.36251123438003663,0.2005707901987236,0.5015903953722096,0.5453416433850335,0.09810072098605568,0.1887686259963008
251,"[0.81412367 0.40280038 0.28483116 0.17529323 0.63112908 0.00929771
 0.2668719  0.04546788 1.        ]","[ 0.11116823 -0.1852021   0.33082317 -0.00737418  0.67999531  0.08087506
  0.53576468 -0.25836258  0.1453067 ]",0.815298120511072,0.21477250386985003,0.4960883487470946,0.5398595958284327,0.09796161520015025,0.1908527852295212
252,"[2.85364025e-02 9.07502055e-01 6.27753009e-11 5.63336583e-02
 6.18620164e-02 4.15405367e-01 5.61576061e-08 7.58017134e-02
 9.43696316e-01]","[-0.03222247  0.36830567 -0.21597903 -0.4471189  -0.68123929  0.26827794
  0.04135952  0.03359303 -0.27901839]",0.1166698447788439,0.19808487981591133,0.5085968435691106,0.5523149514263213,0.09738296295023757,0.18767555351718415
253,"[1.04821067e-09 5.28774594e-01 1.49107477e-09 2.71558146e-01
 3.17033918e-01 3.33452530e-02 1.14623579e-02 6.20844882e-02
 1.93357693e-01]","[-0.25146623 -0.01487431 -0.462812   -0.08974407  0.54099386 -0.21979132
  0.12658506 -0.30129025 -0.51624836]",0.014873435594350018,0.20843387167535438,0.5050930809139786,0.5488288359612679,0.09828100257760149,0.1836109920870055
254,"[3.29018320e-10 9.99999999e-01 3.11581010e-02 1.77812518e-01
 1.47512428e-01 2.68700465e-03 9.46729531e-08 4.45984287e-01
 1.00000000e+00]","[-0.20929283  0.76319127  0.02862513  0.14697895 -0.38037942 -0.14975481
 -0.08584429  0.42049285  0.00385951]",0.9250974930699082,0.2018803951249588,0.5221214723520657,0.5657512811327045,0.09686948530175171,0.19069562400315446
255,"[0.27115597 0.41845987 0.67400165 0.19775896 0.14601562 0.00279629
 0.0136744  0.05896698 0.47055529]","[ 0.0743918   0.34239041  0.5295625   0.30410767  0.35927099  0.06771173
  0.11559077  0.42483585 -0.42048722]",0.46193240380494777,0.20135115259998027,0.5136040898744233,0.5572932452970611,0.09751045355840611,0.19208430499731763
256,"[3.22803800e-01 9.70245633e-01 1.81153461e-10 5.32852202e-02
 2.05166860e-01 4.46981901e-02 4.90463120e-01 4.56194523e-02
 1.00000000e+00]","[ 0.05172871  0.45593588 -0.31190805 -0.51041277  0.31849599  0.1711928
  0.3191353  -0.29849222 -0.33158282]",0.3161916202218677,0.20714898054146524,0.4945882512127127,0.5383640313139221,0.09753590873012852,0.1828289637554467
257,"[1.00000000e+00 3.27745266e-01 2.61196650e-01 4.48276447e-02
 3.55218533e-02 3.39974229e-01 9.58865823e-08 1.00291195e-01
 7.28471333e-01]","[ 0.02834845 -0.17900361 -0.10482339 -0.79384266 -0.40580533  0.23351024
 -0.08580137  0.21248847 -0.2329415 ]",-0.17669273402362354,0.189453977616521,0.5156076056018335,0.559283945641675,0.09688577380898424,0.18476426865975082
258,"[0.04458916 0.25332006 0.3327334  0.17173623 0.02860827 0.13036638
 0.21091741 0.57308309 1.        ]","[-0.07586378 -0.35808412  0.17168766 -0.57511088 -0.55615042  0.04131
  0.24611832  0.36476195 -0.03399941]",0.08069130924835848,0.1957679911559156,0.511100191353618,0.5548043737291567,0.0973687116181814,0.18044476788472577
259,"[3.05023064e-01 3.22497796e-01 2.23876826e-01 5.51129880e-01
 1.50354486e-01 2.14367934e-01 5.90501564e-09 3.16064134e-02
 5.60020633e-01]","[ 0.08985214  0.26867622  0.34244477  0.58696231  0.27920733  0.32763633
 -0.36838627 -0.12904008 -0.34682044]",0.4281220828107034,0.19832063853218562,0.5156076056018335,0.559283945641675,0.09697741166164706,0.19576388490135577
260,"[2.77424751e-10 2.29269029e-01 5.08007812e-02 2.56765662e-01
 6.80406340e-02 8.21211298e-02 7.74838251e-01 9.83667017e-02
 1.00000000e+00]","[-0.07042699 -0.59777286 -0.24317614 -0.48282234 -0.11931215 -0.53726834
  0.17051053  0.0514068  -0.10414627]",-0.2925871677743574,0.18349416925822368,0.5316484744398756,0.5751968054204727,0.09607324673390091,0.1906481816000094
261,"[9.99999999e-01 1.66848386e-01 4.26807986e-01 4.59955837e-01
 1.10413552e-01 4.90555852e-09 3.95352200e-01 4.50237403e-02
 1.00000000e+00]","[ 0.20076464 -0.30588949  0.35283536  0.50526823  0.35550686  0.06085081
  0.48604407 -0.03874683 -0.34425034]",0.4181379861422215,0.18951066088146618,0.5050930809139786,0.5488288359612679,0.09741922293157447,0.1895792688900093
262,"[0.25756858 0.21976761 0.95441187 0.18873402 0.12876447 0.02790757
 0.00308202 0.3124587  1.        ]","[ 0.02266225 -0.33374666  0.61315526 -0.3370349   0.2030113  -0.07677677
  0.04909891  0.58810002  0.05627693]",0.7182662929285571,0.207912437433319,0.5181124969093105,0.5617718244256389,0.09668323161917719,0.17436121361289447
263,"[2.75382781e-01 6.78042389e-01 2.16731384e-01 4.93059912e-02
 7.88558973e-01 1.06220890e-10 6.26191319e-09 9.85147077e-02
 1.00000000e+00]","[ 0.03353557  0.11498598 -0.02131659 -0.71271965  0.44291504 -0.34308718
 -0.1632478   0.33475829  0.15695347]",0.5866358709088937,0.19918029872644671,0.5436940796503722,0.5871164967320626,0.09548198902182702,0.18815397022907682
264,"[1.00000000e+00 3.19803289e-01 2.21908598e-01 2.56584817e-01
 2.01658621e-01 1.53152950e-02 3.60547619e-09 7.25758790e-01
 9.99999999e-01]","[ 0.17537234 -0.17262506  0.3042999   0.15025253  0.48533476 -0.09082481
 -0.37698486  0.49057423 -0.44462484]",0.2341402009657676,0.2072914857729194,0.5176114744742297,0.5612742928423013,0.09652051377514993,0.18344804152174266
265,"[1.08754678e-01 3.55855674e-01 6.40205426e-01 3.99390652e-01
 6.22954625e-02 1.29894808e-09 3.80901376e-01 4.51063239e-02
 1.00000000e+00]","[ 0.04953889  0.39295533  0.34319556  0.50357865 -0.54909592 -0.18817126
  0.30946145  0.19683006 -0.01827982]",0.6403297966546055,0.20264009552030704,0.5386735119380017,0.5821515242197186,0.0954625576778467,0.18179341795625722
266,"[8.76150928e-01 4.42173634e-01 5.12246919e-03 2.07999534e-01
 2.07793177e-01 5.18127313e-10 8.06951949e-01 4.50209631e-02
 1.00000000e+00]","[ 0.11435614 -0.04234414 -0.03714902  0.19224796  0.58100121 -0.20977054
  0.65648253  0.06828501 -0.359989  ]",0.41483016444896215,0.18670779820015498,0.5457029351529514,0.5891018573224882,0.09545763286111937,0.17300986092384152
267,"[9.05234666e-11 9.99999999e-01 3.84387501e-01 3.83466502e-03
 2.31556007e-01 2.74821508e-01 2.15311545e-08 3.57781218e-02
 1.00000000e+00]","[-0.24325689  0.72427319  0.36295013 -0.2524667   0.19871956  0.34658796
 -0.10283197 -0.18728507 -0.1245769 ]",0.8728054897225548,0.21167575676007,0.5467074978524052,0.5900944026702362,0.09476429514495337,0.18042588927273556
268,"[3.79127838e-01 7.06550020e-01 2.46377484e-01 4.30212846e-02
 1.39580885e-01 9.18942368e-10 7.66788452e-01 4.49842129e-02
 1.00000000e+00]","[ 0.10790922  0.43409439  0.32156478  0.00100131  0.3616971   0.09216588
  0.59277255  0.45337607 -0.0162557 ]",0.9360464004927378,0.20541383151675796,0.5567580913527783,0.6000148896694051,0.09520365305898221,0.18829006751993949
269,"[3.23550199e-10 1.73908456e-01 7.82872800e-11 4.20942955e-01
 8.63464637e-02 1.74671636e-01 8.59805404e-03 7.56853298e-01
 1.00000000e+00]","[-0.13067743 -0.64734852 -0.53759725 -0.058189    0.32010409  0.17884185
  0.15350748  0.29003958  0.17125419]",0.31389628750803245,0.19459684520269188,0.5446984624434739,0.5881092219852329,0.09507719244893917,0.18338265786552657
270,"[2.98384566e-10 1.66306293e-01 2.02471590e-01 4.52902810e-01
 1.10448489e-01 5.64047817e-02 8.05239678e-08 8.40459494e-02
 2.73474994e-01]","[-0.24777764 -0.78574632  0.12745055  0.05983267  0.29076512 -0.20035277
 -0.00922272  0.19402818 -0.37278384]",-0.14259712299032878,0.2102996722689279,0.5376696671642415,0.5811582609498117,0.09523203580839826,0.1867045934612121
271,"[6.20098084e-09 7.44847925e-01 4.34168919e-09 2.58656985e-01
 9.01725449e-02 8.27719217e-02 6.79559422e-01 4.57150510e-02
 9.99999995e-01]","[-0.10517249  0.50972511 -0.09518193  0.4750348  -0.38812762  0.25788691
  0.36500173  0.24460198 -0.290166  ]",0.4579424439902612,0.20184600885937126,0.5306452544004301,0.574202917418948,0.09550802763983085,0.17629575209056847
272,"[7.37211616e-10 2.93182945e-01 9.91967855e-09 2.86107979e-01
 1.55058945e-01 9.06811733e-01 1.40547762e-07 6.95917836e-02
 1.00000000e+00]","[-0.22668665 -0.4964221  -0.27615021 -0.35092462  0.40230823  0.41830212
 -0.13327224  0.25024212 -0.2925065 ]",-0.0793337950532832,0.1911184310683381,0.5532393541854216,0.5965437486560017,0.09447536712522928,0.18006289337457598
273,"[0.87891331 0.26759818 0.28482982 0.14709377 0.1578882  0.05676864
 0.02551268 0.67205129 1.        ]","[ 0.03646267 -0.5899426   0.04705733 -0.46787841  0.31328242 -0.2745845
  0.23802387  0.33665157 -0.29322593]",-0.20826907955905322,0.19641119381418462,0.5507266500641249,0.5940636826521684,0.09507268764668149,0.18232865540966525
274,"[9.99999994e-01 3.14357293e-01 4.22000114e-09 1.69401379e-01
 6.25273761e-01 1.98277869e-01 5.31259283e-08 5.88720042e-02
 1.00000000e+00]","[-0.00090393 -0.47047702 -0.30321754 -0.64480965  0.13273563 -0.00885365
 -0.17670442 -0.4711131   0.00781417]",-0.19671403507448135,0.19540645002005252,0.5572608588842209,0.6005106761643342,0.0946202936694635,0.18046068433140894
275,"[1.39583585e-10 4.25986577e-01 1.11183678e-01 2.67282616e-01
 8.46794690e-02 3.23625931e-02 3.72494662e-01 5.21292114e-02
 3.19895754e-01]","[-0.37111404 -0.1149121   0.26738946 -0.11465881 -0.12452909 -0.03513872
  0.54666748 -0.26774291 -0.61412701]",-0.06833334021094903,0.18732726887668982,0.5567580913527783,0.6000148896694051,0.09430436483297495,0.18144551559891314
276,"[7.70664914e-02 1.39907186e-01 4.41648826e-10 5.72084470e-01
 8.56139238e-02 2.10232190e-01 5.07635112e-07 6.75331217e-02
 4.15686378e-01]","[-0.0466923  -0.67816819 -0.42716708  0.22463062  0.30224475  0.23340926
  0.19674176  0.21475472 -0.27261406]",0.006156381992845669,0.196016664167882,0.539175467883158,0.5826481222965514,0.09492133013131021,0.1874376449448727
277,"[3.38197379e-01 2.22512468e-01 9.39352695e-02 2.54602382e-01
 4.88629042e-02 2.46032830e-01 2.26355019e-08 7.80197807e-01
 1.00000000e+00]","[ 0.02834106 -0.51759604 -0.13918302 -0.5436596  -0.10958554  0.41457129
 -0.15036756  0.45809637  0.00352408]",0.20049542178567492,0.18814271618335746,0.5517316638596704,0.5950557769062866,0.09409767561763817,0.17906357000944031
278,"[1.         0.48104725 0.05416437 0.07799278 0.08753079 0.08236618
 0.00257347 0.1203499  0.4451732 ]","[ 0.01849376 -0.0933347  -0.19627775 -0.74832491 -0.53712512 -0.18138817
 -0.055761   -0.2081348  -0.15683442]",-0.2523660597461108,0.1905727006455879,0.5457029351529514,0.5891018573224882,0.09487131934072443,0.1862311819723097
279,"[1.62267040e-09 8.22241605e-02 5.08949314e-01 3.54903007e-01
 2.07100714e-02 4.77477937e-01 1.21041641e-01 7.36915120e-02
 1.00000000e+00]","[-0.23325705 -0.76281394  0.2012395   0.07663128 -0.10533993  0.33942711
  0.32666038  0.29037087  0.00261369]",0.2903340640859024,0.198889913725112,0.5522342046737044,0.5955517901172777,0.09463566086798762,0.17003009432313132
280,"[1.         0.1715917  0.07648652 0.51737103 0.08103405 0.27319934
 0.40503777 0.03317259 1.        ]","[ 0.14961715 -0.20615993  0.25232252  0.48526622  0.3876875   0.42231621
  0.49367237 -0.00422632 -0.25215071]",0.4790612147093715,0.19373842858338003,0.5592721564309294,0.6024935947245269,0.09440233170323276,0.17555601932636156
281,"[1.80519273e-10 3.16431668e-01 4.37789574e-02 3.88975912e-01
 9.20607161e-01 1.01075211e-01 2.91504061e-03 4.52174725e-02
 1.00000000e+00]","[-0.31582671 -0.43557665 -0.15571256  0.1141983   0.68138254  0.24843142
  0.05194935 -0.36853414 -0.09339345]",0.4422629095757207,0.19925615547698416,0.563295845503745,0.6064583378725183,0.09399508024747658,0.16854092891908107
282,"[0.27115597 0.42413828 0.31094174 0.10693601 0.2506104  0.0733425
 0.00693858 0.06179687 0.26274714]","[ 0.02014035 -0.22457572  0.10235614 -0.73165976  0.43577104 -0.10608662
 -0.0591825  -0.16880155 -0.41256518]",-0.1540182361319883,0.19024242955431914,0.5809167807934759,0.6237867936715072,0.09307609990049237,0.17359506547803857
283,"[0.04756475 0.44563167 0.71058984 0.0841157  0.13228074 0.10078452
 0.04000219 0.48116243 1.        ]","[-0.0329424  -0.00683974  0.44263674 -0.57921366  0.02690428  0.16603869
  0.34458956  0.4609292  -0.32857553]",0.18848097669170505,0.18911217163382638,0.563295845503745,0.6064583378725183,0.09354838550549247,0.1752372131497424
284,"[1.06144897e-09 7.86405660e-01 1.67481494e-09 1.36507255e-01
 1.89829423e-01 2.88863926e-02 2.39684597e-07 7.78342154e-01
 1.00000000e+00]","[-0.15308775  0.54096617 -0.18730556 -0.40146578  0.13956151  0.12335266
  0.00349415  0.55689957 -0.37791398]",0.45621638631529304,0.1805089089341193,0.5622897862569125,0.6054672890632522,0.09355008655362619,0.18031191440778405
285,"[3.37584762e-10 6.16564664e-01 2.87417451e-10 1.02377665e-01
 7.12627832e-02 2.22202995e-01 7.44706883e-01 4.96571460e-02
 1.00000000e+00]","[-0.16281778  0.09594288 -0.34170513 -0.61129822 -0.39760491  0.30194499
  0.31661158 -0.21249779 -0.28138722]",-0.020826081414992814,0.19283117079229709,0.577390325827636,0.6203233704022977,0.09336957442076975,0.1662659830693315
286,"[0.99999999 0.18873658 0.80491368 0.15059937 0.05635767 0.41712848
 0.01450376 0.03897654 1.        ]","[ 0.10901751 -0.4545393   0.49645155 -0.2327174  -0.21133991  0.50625608
  0.37886677 -0.17064481 -0.08525387]",0.5006360488617992,0.18484338478757423,0.577390325827636,0.6203233704022977,0.09258971558512351,0.1722692890768201
287,"[1.         0.22420813 0.04076854 0.57963083 0.06651019 0.01107978
 0.25333225 0.0448883  0.65485734]","[ 0.13213096  0.09038906  0.04939583  0.64182958 -0.42402409 -0.18667635
  0.38010618 -0.12215222 -0.43120726]",0.3045953813798881,0.20000086294104097,0.5854524755922206,0.62823808518893,0.09259274845417235,0.17281751351292599
288,"[1.         0.4716563  0.74817663 0.04858037 0.11081769 0.0431462
 0.00818789 0.26235956 0.99999998]","[ 0.119412    0.28794003  0.39954683 -0.43175458 -0.56761716 -0.09367136
  0.01326816  0.37467851 -0.29198978]",0.27265329874997607,0.19198376549912727,0.5743685566177879,0.617353815417893,0.09296682112351949,0.16478870868715068
289,"[2.16084672e-01 9.99999995e-01 5.68727732e-10 1.44513010e-01
 2.94681346e-01 3.95169289e-01 3.67330446e-02 2.69737228e-02
 1.00000000e+00]","[ 0.07449212  0.65483283 -0.07805987  0.25980968  0.37886163  0.37931423
  0.33925955 -0.2969172  -0.03712395]",0.9373412310736057,0.19608737769962203,0.5839403665760573,0.6267545320979111,0.09177433779876307,0.17207188545712204
290,"[4.18263801e-01 4.85182411e-01 4.29695987e-02 1.98213595e-01
 8.66156274e-01 2.20467655e-01 6.51919471e-09 5.09593869e-02
 1.00000000e+00]","[ 1.05740327e-01  8.37593033e-02  5.50085733e-04 -2.41699254e-03
  6.67366125e-01  5.92940802e-01  3.64171795e-02  4.06238373e-01
 -1.35959748e-01]",0.677919982660696,0.1925157760130347,0.593520636459191,0.6361467889254753,0.09217425627697091,0.1687337369121794
291,"[1.         0.90378628 0.19548157 0.07058266 0.17106087 0.00411179
 0.00106031 0.35771707 1.        ]","[ 0.20892152  0.68053038  0.25070687 -0.02575205 -0.13040075 -0.03719719
  0.19477822  0.46265579 -0.39916934]",0.6152441130016392,0.18495937730401457,0.590998686493612,0.6336759686965228,0.09255279997830075,0.17771467167700786
292,"[2.50564852e-11 2.01176291e-01 2.05971754e-01 2.88537599e-01
 5.45426972e-01 3.98156570e-01 1.69792704e-02 7.00174823e-02
 1.00000000e+00]","[-0.1915754  -0.67776035  0.0909637  -0.16174221  0.38841336  0.33026431
  0.20211592  0.27844225 -0.30196762]",-0.09997405172079898,0.18792193322177317,0.59856631935187,0.6410866464389009,0.09136212638008627,0.18266095059280218
293,"[1.         0.15076941 0.30123969 0.14901449 0.00352834 0.11543361
 0.39843946 0.11519161 1.        ]","[ 0.11517081 -0.53698068 -0.06530792 -0.47302469 -0.35786364 -0.54762673
  0.02562808 -0.13889008  0.14987088]",0.023655636175096473,0.20562985743579495,0.5678242455495002,0.6109169240869072,0.0925302159738304,0.1695453236821084
294,"[1.21010380e-10 5.03843345e-01 8.13038814e-01 1.07686059e-01
 2.32395144e-01 4.14780035e-01 6.36543317e-09 2.53708900e-02
 1.00000000e+00]","[ 0.00172348  0.39094015  0.55102418  0.21149575  0.49684631  0.44426999
 -0.09744049 -0.17265772  0.12356092]",1.0866712225140074,0.18297645331590306,0.5864606656382039,0.6292270032154199,0.09168531608693879,0.19309758952257972
295,"[1.         0.69857284 0.04604935 0.12351865 0.71605584 0.10412339
 0.04457567 0.04809476 1.        ]","[ 0.168214    0.40496607 -0.04577909 -0.31288559  0.58211396  0.33821098
  0.430154   -0.26346584 -0.00483437]",0.8640674753707869,0.19541416838340675,0.5849484157955323,0.6277435909496882,0.09229835479764642,0.16851243002851157
296,"[1.         0.58665118 0.10197628 0.29275184 0.08412618 0.15314814
 0.49946956 0.03434399 1.        ]","[ 0.13962807  0.45670674  0.3090747   0.53209111 -0.33655048  0.2506681
  0.35881356 -0.18386006 -0.23371442]",0.5441087486114382,0.18795892367405387,0.5824284684482128,0.6252707681203776,0.09246446887815804,0.1810681438306508
297,"[2.75177807e-10 3.42034768e-01 1.87769073e-01 2.23561113e-01
 6.72293112e-02 2.65749839e-01 4.03679714e-08 7.97206685e-01
 1.00000000e+00]","[-0.18400441 -0.07953837  0.175385   -0.24764764 -0.56588441  0.48228165
 -0.09794855  0.55247358  0.00922233]",0.49014281215128375,0.19332389252984106,0.5940250976138779,0.6366408818103643,0.09166599666881843,0.1779073489129261
298,"[8.21854700e-10 3.68282247e-01 1.49819303e-01 3.63440458e-01
 7.14875768e-02 9.16889092e-01 2.25750706e-07 4.28031081e-02
 1.00000000e+00]","[-0.1947531   0.31960319  0.31394455  0.43530149 -0.32348836  0.46374547
 -0.02730117  0.37816335 -0.32927041]",0.41193922269353916,0.18283325832621095,0.5960431800149011,0.6386170155699209,0.09162667918515835,0.17471473691689932
299,"[1.53647043e-09 1.32519598e-01 8.36086912e-02 4.79938341e-01
 3.10306739e-02 9.67024653e-02 3.11811257e-07 7.39236886e-01
 1.00000000e+00]","[-0.13364244 -0.75407091  0.05443259  0.12393257 -0.32592277 -0.33495228
  0.05947265  0.320764   -0.26523454]",-0.10651640533918283,0.18416201892029488,0.590998686493612,0.6336759686965228,0.09192065112164849,0.18551376566598032
300,"[1.         0.21051872 0.39416687 0.14971975 0.04445491 0.31739277
 0.01001096 0.46767013 0.99999922]","[ 0.14366092 -0.44404784  0.24533777 -0.25806487 -0.11223864  0.3887896
  0.27125625  0.47243599 -0.44143444]",0.00888224447132857,0.1846153435113309,0.6071494803690315,0.6494789041676564,0.09061151630530906,0.17310547646623609
301,"[1.52848731e-10 4.02816367e-01 9.54411866e-01 1.07719903e-01
 3.50788886e-01 3.71834014e-02 2.11342604e-02 5.10493047e-02
 1.00000000e+00]","[-0.18030742  0.09867027  0.64810961 -0.21145804  0.54003808 -0.17990601
  0.23223247 -0.33918179  0.00305653]",0.8089306987034914,0.18691814762162617,0.6015948761629544,0.6440494138828463,0.09113598713864816,0.1689181384692141
302,"[1.         0.18458992 0.0708952  0.37767054 0.04312791 0.20320722
 0.18529025 0.51797848 1.        ]","[ 0.19677561 -0.29128856  0.17917607  0.36011069 -0.01335956  0.41761737
  0.46420772  0.48273554 -0.30255811]",0.4095009632759137,0.18605849720916273,0.6066443955132945,0.6489854349774806,0.09058413629800831,0.16562898764435952
303,"[0.99999999 0.53267103 0.05362086 0.20785146 0.14271115 0.00414447
 0.02630576 0.06849796 0.19186899]","[ 0.24033195  0.22074795 -0.05012295 -0.25333935  0.0606896  -0.42065112
  0.39993778 -0.18402575 -0.67258565]",0.17835805874266816,0.17633295612410463,0.5970523641311931,0.6396049395353037,0.09114457791687039,0.16693504644923812
304,"[4.38264892e-11 1.89597393e-01 3.79439602e-01 1.31216950e-01
 7.45687628e-03 3.46672136e-01 3.59641610e-08 8.77295854e-02
 1.00000000e+00]","[-0.37136686 -0.43735036 -0.07954186 -0.50091915 -0.37630627 -0.06959531
 -0.22298981 -0.44873136  0.12661049]",-0.11852025470454289,0.19410125850307083,0.6056342984609093,0.6479984239388243,0.0910976291451818,0.18170162526882921
305,"[3.73977655e-08 2.08586682e-01 9.54411869e-01 2.25195641e-01
 9.40830295e-02 1.17598435e-01 9.93702601e-08 5.12941936e-02
 7.64525065e-01]","[-0.07694554 -0.38057132  0.65547484 -0.13904057 -0.19990171  0.21897116
 -0.12213442  0.04947378 -0.54313145]",0.10914292727165964,0.1811764104521334,0.6278790778886525,0.6696900227752126,0.08989038028568362,0.1752040752436766
306,"[9.57776863e-10 3.40074791e-01 1.88010455e-01 2.53266212e-01
 8.08988561e-02 8.61395261e-02 1.58935111e-02 9.14264219e-01
 1.00000000e+00]","[-0.11326065 -0.24550347  0.2346801  -0.1988865  -0.23443706  0.10681574
  0.30498867  0.60425047 -0.5547634 ]",-0.09697456153402201,0.1819430316355829,0.6071494803690315,0.6494789041676564,0.09117735185050915,0.1645161525143355
307,"[0.25636989 0.16324653 0.20967194 0.27267632 0.03071336 0.58718371
 0.33491227 0.06854457 1.        ]","[ 0.01552369 -0.72231367  0.09831792 -0.17202892  0.05761032  0.4156625
  0.41391467  0.30220519 -0.0037433 ]",0.26120689129699554,0.17823305732064956,0.6202902576043474,0.6623005322230022,0.09021107541710159,0.17463102838890215
308,"[3.68625108e-10 4.90821348e-01 1.22614314e-03 2.64995855e-01
 8.89120733e-02 2.38913087e-02 5.60182060e-01 5.11060997e-01
 1.00000000e+00]","[-0.24301817  0.1264604  -0.23111741  0.14076939  0.00187434 -0.05043264
  0.63151857  0.66817765 -0.06240688]",0.7308891701762896,0.17996542016209416,0.6202902576043474,0.6623005322230022,0.08988293914442176,0.16969662655472306
309,"[1.38254240e-10 6.33454496e-01 5.64579853e-02 2.44170870e-01
 1.72267632e-01 4.98405962e-04 1.66322697e-03 5.91141762e-02
 8.55285821e-02]","[-0.21062329  0.50652605  0.01067493  0.13135221 -0.20122687 -0.42997667
  0.02517745 -0.34257924 -0.58166589]",0.2486986168527142,0.17544518329628797,0.612707018500193,0.6549054605592443,0.0905200507610277,0.17726963914610339
310,"[2.40770956e-09 6.36079963e-01 2.65087831e-09 1.22970091e-01
 1.81302257e-01 7.77376289e-03 8.78814691e-01 5.30052489e-02
 1.00000000e+00]","[-0.37834926  0.0609018  -0.3187805  -0.63870517  0.32135135 -0.04677579
  0.44954891  0.17694385  0.06869858]",0.4912425996445493,0.18032735713192583,0.6192788382702196,0.6613148434509026,0.08956832390582763,0.16862913326916185
311,"[4.18201902e-01 5.15523662e-01 4.41366027e-02 2.07205273e-01
 1.22144139e-01 2.10218752e-01 8.45917066e-09 8.46224874e-01
 1.00000000e+00]","[ 0.11055377  0.24114808  0.05702823  0.11143673  0.18349006  0.55958622
  0.02407976  0.55372975 -0.50985615]",0.2949301406772473,0.1751309768070604,0.6471296270371343,0.6883845280943273,0.08877614350361114,0.1765344695535936
312,"[5.07478252e-11 3.92727536e-01 4.06359258e-01 5.05532353e-02
 6.03845923e-02 3.75914161e-01 1.91202407e-02 6.33128113e-02
 6.06425896e-01]","[-0.16093255 -0.23212152  0.11937544 -0.74293965 -0.45695631  0.19295154
  0.13727602 -0.16728251 -0.24727107]",-0.19318706076845274,0.18472864606618364,0.6334478061347544,0.6751053891895786,0.08882867479347382,0.1609942272590783
313,"[1.         0.18031508 0.94348363 0.20175858 0.08282913 0.00268986
 0.16012372 0.0691858  1.        ]","[ 0.19661375 -0.1852415   0.57376524 -0.03005785 -0.39179463 -0.09409532
  0.40342172  0.51785664 -0.06030787]",0.7058983295104899,0.18638903724941247,0.630409938603171,0.6721519323557916,0.08966931001388184,0.17213861809581044
314,"[2.42208467e-01 5.15001183e-01 2.94759061e-01 1.74080921e-01
 2.95956486e-01 8.43962234e-04 2.71909232e-01 5.18773533e-01
 1.00000000e+00]","[ 0.07184872  0.27957809  0.37048167  0.34670577  0.49517181  0.05439615
  0.44286561  0.44807617 -0.1189791 ]",0.7114285269361762,0.2046874975683991,0.6324350821462258,0.6741210050549304,0.08911196328811849,0.16717731448442041
315,"[0.27538278 0.82411542 0.07056961 0.11880683 0.05910425 0.49447935
 0.00792339 0.17490315 1.        ]","[ 0.05108668  0.46328376  0.12727478 -0.0233201  -0.70857946  0.34277566
  0.17544693  0.33968975  0.01627444]",0.6067716401625984,0.18641718958151743,0.6324350821462258,0.6741210050549304,0.08928433260354898,0.17854081075163603
316,"[9.93570632e-04 4.50462161e-01 1.15470700e-01 3.15638872e-01
 1.92154379e-01 8.91416171e-01 1.93429536e-02 2.72538872e-02
 1.00000000e+00]","[ 0.00608804  0.22933493  0.28752028  0.36595806  0.37198682  0.5060847
  0.41087596 -0.08073521 -0.40117585]",0.3792058584634934,0.18857286739590307,0.6440875923033413,0.6854352384023346,0.08894737342676422,0.16303802756537586
317,"[8.99192758e-10 6.02189690e-01 2.79698498e-01 1.13504276e-01
 1.34822175e-01 1.06954067e-03 4.58241142e-01 4.84961190e-02
 5.36050180e-01]","[-0.08889696  0.19675177  0.28922311 -0.31612044  0.20697825 -0.1721288
  0.46584316 -0.44993544 -0.52714691]",0.10028847873782087,0.18088322408777072,0.6415532790398686,0.6829767813218579,0.08863112138255534,0.16997340304169817
318,"[2.16084677e-01 1.57624827e-01 4.47885702e-02 6.83924875e-01
 6.75683519e-02 2.85230124e-02 1.07676130e-07 6.06978032e-01
 1.00000000e+00]","[ 0.03257722 -0.30899325 -0.15060897  0.57907526 -0.46944783 -0.3725738
 -0.0083851   0.42229888 -0.0886088 ]",0.47300344218516593,0.17621537848680352,0.6385129566055077,0.6800257793561283,0.0880954474117605,0.18286653569894767
319,"[1.         0.25546482 0.07280557 0.31667789 0.06458651 0.12783244
 0.00966097 0.05751479 0.21619864]","[ 0.18181616 -0.35796872  0.12730676  0.12575422 -0.36269606  0.35690716
  0.28467204 -0.07192829 -0.67943885]",0.013378519147652895,0.1700324591077343,0.6420600898348598,0.6834685245948802,0.08867060378791726,0.1681140019295544
320,"[3.07572488e-11 1.14744189e-01 1.93218591e-01 9.04141781e-01
 9.44821075e-02 1.23744359e-01 1.53585497e-08 4.65327491e-02
 1.00000000e+00]","[-0.35144276 -0.42576822  0.32857861  0.67714717 -0.01447528  0.16993527
  0.02293815 -0.17086628 -0.26440167]",0.37417844654846805,0.18962434668340872,0.6506798597085028,0.6918241739382975,0.08854402064740526,0.1642160521813325
321,"[3.13817182e-10 6.15177292e-01 2.33974158e-01 4.14492092e-01
 1.79808651e-01 1.92156650e-02 1.99001718e-07 5.21703969e-01
 1.00000000e+00]","[-0.29037385  0.43541296  0.32870042  0.5894941   0.2727109   0.09885543
  0.1156439   0.3122361  -0.27485049]",0.5280839168609566,0.17503998217412114,0.6628619747253387,0.7036073568510084,0.08763553500902933,0.17558249672040338
322,"[1.90850848e-11 4.24299876e-01 1.15296347e-01 1.97665723e-01
 6.51543696e-02 6.48325681e-01 4.12467285e-01 4.30999211e-02
 1.00000000e+00]","[-0.30703912 -0.14970566 -0.0345627  -0.41916412 -0.09619844  0.56389797
  0.47994572 -0.38477305  0.02808548]",0.418426066553676,0.17778113406599566,0.6669261366663226,0.7075316276133164,0.08761599788343076,0.1758357682838363
323,"[0.32666412 0.17290576 0.95441186 0.20136208 0.06161107 0.1817956
 0.21225694 0.05150013 1.        ]","[ 0.05365917 -0.29384038  0.51550916 -0.08024597 -0.53913932  0.2590557
  0.38432927  0.35322757 -0.09126688]",0.4649505713919121,0.16547854975981213,0.6628619747253387,0.7036073568510084,0.08779786435264456,0.16495072692211898
324,"[2.61568300e-10 2.46526461e-01 1.20344476e-01 3.49251101e-01
 4.60122141e-02 1.42079696e-01 1.70648498e-01 6.28953832e-02
 2.62153284e-01]","[-0.20898515 -0.41578693  0.19915789  0.04818955 -0.20404905  0.39818352
  0.48955908  0.04197468 -0.54758036]",-0.07188708119851249,0.16696669315045137,0.6547388532774578,0.69575361298377,0.0874456620889278,0.1682836656281006
325,"[1.00000000e+00 5.58747260e-01 5.76246231e-11 1.28163475e-01
 1.04266219e-01 4.60475596e-02 2.19035668e-02 7.12295857e-01
 1.00000000e+00]","[ 0.17852257  0.16020445 -0.38130302 -0.42931394 -0.65935271 -0.24101987
  0.12289003  0.28229996  0.15852437]",0.49546460179223073,0.18303102958538509,0.658291871431905,0.6991904733901446,0.08748362675278902,0.16467614380073392
326,"[2.75382781e-01 1.57343741e-01 4.17973747e-02 7.63997178e-01
 4.98226856e-01 1.71939487e-02 1.39812568e-08 4.48882994e-02
 1.00000000e+00]","[ 0.09261521 -0.36790123 -0.13431974  0.63535626  0.46103967 -0.07455111
 -0.11154846 -0.37727927 -0.24789834]",0.4110006068548786,0.1748638883355157,0.6527091442779812,0.6937891056725685,0.0876619002735018,0.17987191518065626
327,"[1.         0.36944153 0.2216656  0.10047187 0.03687873 0.35504782
 0.49683975 0.05150719 1.        ]","[ 0.11553817 -0.13926913 -0.00411707 -0.6856393  -0.25156542  0.48678236
  0.43610926 -0.04892375 -0.0656491 ]",0.3063472933945872,0.1828269752906952,0.6537239455981737,0.6947714125068394,0.08737283046006183,0.16377070698551888
328,"[7.91041761e-01 5.15895631e-01 6.88552261e-01 6.43881184e-02
 1.68594982e-01 2.09570559e-01 8.04463634e-08 4.06402636e-02
 7.54633854e-01]","[ 0.1057002   0.36519052  0.49705133 -0.14795063  0.3840146   0.34492457
 -0.06470133 -0.3628048  -0.42925539]",0.4030868556453859,0.18345462361734438,0.6781117034292474,0.7183142509555709,0.0870700730967966,0.1658614893510736
329,"[2.71155980e-01 3.87844752e-01 3.77545265e-01 1.10336715e-01
 9.95600175e-02 4.34902078e-01 1.15632013e-07 4.34193239e-02
 5.03209704e-01]","[ 0.04485077 -0.18300461  0.13829397 -0.48423869  0.21720486  0.56052619
 -0.18568311 -0.29054582 -0.48023196]",-0.04890668214894134,0.18909929785926083,0.6654018709099148,0.7060602311022779,0.08776599337346952,0.16573123617037067
330,"[2.44086814e-11 1.00000000e+00 4.37368426e-01 6.39127185e-02
 1.03459514e-01 1.33963360e-03 1.03344937e-03 5.89545412e-02
 1.00000000e+00]","[-0.3536329   0.56032767  0.24196955 -0.20061958 -0.53799456 -0.29348437
 -0.02904451 -0.24719865 -0.15702616]",0.42565188815335864,0.17569642861118417,0.6689588757233907,0.709493104919927,0.08773732271750356,0.16208451997131104
331,"[0.24220847 0.3248083  0.14217013 0.34419314 0.07175401 0.12607425
 0.17357752 0.77047009 1.        ]","[ 0.07840173  0.19947555  0.33517257  0.39159656 -0.26639899  0.37081219
  0.41343799  0.47482813 -0.28898326]",0.4424730832282745,0.17218004122510655,0.6715004211104054,0.7119443299991495,0.08670401576656296,0.1610683727665726
332,"[1.26244936e-11 5.03121577e-01 9.20852776e-12 4.34080257e-02
 2.43811990e-01 4.60703226e-01 1.87711126e-08 5.68076910e-02
 1.00000000e+00]","[-0.15566949 -0.32632325 -0.34182095 -0.76792958  0.05109131  0.08230199
  0.03138365 -0.37400543 -0.11168623]",-0.2800737223792749,0.18130337236587496,0.658291871431905,0.6991904733901446,0.0875058090569529,0.17230406377722252
333,"[2.00468420e-09 4.14785536e-01 4.09310692e-01 8.89428990e-02
 9.47096687e-02 8.27728742e-01 2.55575665e-07 5.42824812e-02
 1.00000000e+00]","[-0.08977794 -0.19470759  0.21211201 -0.57473124  0.15980692  0.49053174
  0.04115822  0.42361613 -0.36251499]",0.03658199785716176,0.17201850405234348,0.6725172335907064,0.7129246257090387,0.08635115821567203,0.169236880326546
334,"[3.57852935e-01 5.73193612e-01 3.60862076e-11 1.95343662e-01
 3.47643445e-01 3.31043153e-02 1.44138440e-02 6.53129278e-02
 2.53051391e-01]","[ 0.10530662  0.09516882 -0.29647972 -0.24948094  0.65932348 -0.03300478
  0.31067078 -0.03692088 -0.54409208]",0.13600009591215395,0.18325170880869923,0.6745511933383376,0.7148848823482524,0.08706629246235148,0.16381043906526888
335,"[1.         0.62113796 0.06466841 0.08358793 0.31608149 0.09190313
 0.53957761 0.05604816 1.        ]","[ 0.18052422  0.16825818 -0.01683247 -0.52853345  0.43885784  0.36516897
  0.434907    0.37578102 -0.05629563]",0.6114755118208589,0.1783930263278174,0.6765856015148308,0.7168446905673855,0.08699166409521693,0.1693587442223939
336,"[4.54864991e-11 2.28030579e-01 2.94859472e-02 4.30100162e-01
 4.59511674e-02 9.17324926e-01 2.10918560e-08 4.86909731e-02
 1.00000000e+00]","[-0.37369446 -0.31958343 -0.22137912  0.20234213 -0.3063222   0.6477828
  0.09315692 -0.27032215 -0.2702956 ]",0.3043186193644088,0.16936808757212446,0.6882922790332893,0.7281047575044345,0.08638497485852857,0.1675095019046487
337,"[1.78990129e-01 2.68103559e-01 1.58306826e-10 8.02407921e-01
 4.36580716e-01 1.38537199e-02 2.10585824e-02 4.48882998e-02
 1.00000000e+00]","[ 0.05164556  0.20689137 -0.33793899  0.6337242   0.37310177 -0.01591348
  0.26593313 -0.37382749 -0.2979832 ]",0.4267227397399812,0.17674978197922225,0.6837095980144706,0.7237004515244988,0.08657491522804718,0.16507766237973395
338,"[7.18679144e-02 2.28346189e-01 9.54411867e-01 2.95703964e-01
 8.47568242e-02 3.45578514e-04 9.28508418e-03 7.16977797e-02
 7.77787438e-01]","[-0.01642085  0.12724013  0.50735405  0.21658821 -0.54029321 -0.22662142
  0.11675107  0.40539195 -0.39745975]",0.2512840806334274,0.17739588190414773,0.6776029745424841,0.7178244257409006,0.08589514792382502,0.16265800787105567
339,"[7.55335497e-02 2.13064409e-01 9.99999999e-01 4.44349947e-01
 1.04404191e-01 8.54588143e-02 4.96684510e-08 4.48882992e-02
 1.00000000e+00]","[ 0.02381451  0.26313764  0.49710599  0.54304847  0.21496138  0.13383003
  0.23351562 -0.51510811  0.06473527]",0.8717663904274272,0.1684378810118733,0.6954255980579526,0.7349511961372672,0.08555640201864023,0.17341022550698726
340,"[0.16381848 0.2967852  0.76892154 0.09098941 0.07357588 0.06669343
 0.39773785 0.06338372 1.        ]","[-0.0615169  -0.42733612  0.14319633 -0.80958733 -0.10332343 -0.17694557
  0.15530796 -0.24876144 -0.09835853]",-0.17221909134967162,0.18332401551384514,0.6821825567777826,0.7222318304393216,0.08586919966872557,0.1649044569442441
341,"[0.99999999 0.46725305 0.0450575  0.17855592 0.08261475 0.00997293
 0.64415256 0.30326351 1.        ]","[ 0.16106396  0.03710401  0.00641261 -0.04355307  0.05296564 -0.18292209
  0.60062286  0.569081   -0.49987682]",0.23306210531315014,0.16414597633582617,0.6918582168544426,0.7315286984957371,0.08519666578053128,0.16433216651508709
342,"[1.         0.35814916 0.15351295 0.2453169  0.21224376 0.05659596
 0.02185391 0.04670952 0.25626183]","[ 0.24258117 -0.19420243  0.30114306  0.10686769  0.57639721  0.08708212
  0.41028711 -0.17949846 -0.51084215]",0.2424115030284994,0.17220050741943418,0.6944061980829705,0.7339734878674076,0.08530998731437497,0.15940607804714302
343,"[5.74688004e-10 3.18256562e-01 1.53872590e-01 2.93209094e-01
 1.40836896e-01 1.36185226e-02 8.86718808e-01 4.75546726e-02
 1.00000000e+00]","[-0.13440863 -0.43498286  0.22292076  0.10910578  0.41992731 -0.09809375
  0.62682665 -0.39014758 -0.00619494]",0.5167321215025135,0.1861589858847315,0.7127739456688581,0.7515536891399341,0.08475474354340004,0.15334481692277224
344,"[0.94396539 0.70915558 0.51402491 0.0049627  0.18256707 0.26542354
 0.12721109 0.03656745 1.        ]","[ 0.10881513  0.44258058  0.44470331 -0.29405673  0.33830397  0.35695057
  0.38485377  0.33998348  0.04986811]",0.9114698209479906,0.19910340992174813,0.698484514251747,0.7378836046947393,0.08502681001387066,0.1649653127862928
345,"[2.31158760e-09 8.83684812e-02 7.03943661e-11 4.12306935e-01
 1.31595393e-02 1.66536988e-01 2.18294505e-08 1.09122541e-01
 1.00000000e+00]","[-0.05539771 -0.44959098 -0.34198913 -0.26731327 -0.13428503 -0.11303329
 -0.33377421 -0.66940947  0.12673927]",-0.11684453758321617,0.17982967714555953,0.7066469454809644,0.7456980395975454,0.08471560246752939,0.16201313530386735
346,"[1.00000000e+00 1.94660332e-01 6.10137187e-01 1.55732126e-01
 1.37519887e-01 1.87322272e-02 2.36819463e-08 5.13597530e-02
 8.55417416e-01]","[ 0.06741661 -0.50235357 -0.11756571 -0.40864509 -0.10169869 -0.59941373
 -0.1544065  -0.41027661 -0.02180993]",-0.23068434107354086,0.17190216110953416,0.7229957533124616,0.7613029646552464,0.08459850436164794,0.15683912895710203
347,"[1.00000000e+00 3.72598775e-01 3.30509590e-01 9.28623012e-02
 6.30992301e-01 2.37956170e-01 1.06626018e-08 4.63520763e-02
 1.00000000e+00]","[ 0.11117005 -0.22950466  0.11951429 -0.54281128  0.55492378  0.44410377
 -0.22583117 -0.26419878 -0.00847379]",0.4498607252170594,0.18461392407466348,0.7061365641279054,0.7452098668116429,0.08457165597311109,0.17063015867663345
348,"[1.08341171e-10 3.44082162e-01 2.80700218e-01 5.88058139e-02
 1.78336772e-01 1.12093030e-01 2.53374949e-07 4.08978622e-01
 1.00000000e+00]","[-0.14479976 -0.48480332 -0.20308536 -0.81302872  0.02486085 -0.14331348
 -0.01785551  0.08789921  0.11197098]",-0.1353400600062595,0.17705570283629568,0.7046056048230036,0.7437451637043354,0.08453060790838325,0.1640844349159678
349,"[0.23799312 0.13111867 0.95441187 0.30885024 0.13557116 0.00710909
 0.00346084 0.06906799 0.79967471]","[-0.02472256 -0.70090795  0.3970396  -0.10748023  0.37301473 -0.07268278
  0.15940221  0.11131953 -0.39585417]",-0.010302861904431193,0.1641969038587381,0.6944061980829705,0.7339734878674076,0.08482240039471381,0.1616651198581659
350,"[1.         0.29406336 0.39695804 0.1591651  0.03762312 0.03777398
 0.69204556 0.0565306  1.        ]","[ 0.22138621 -0.32738192  0.29290061  0.01663493 -0.35114131 -0.21929427
  0.58741106  0.49016076 -0.03228331]",0.6244784692745727,0.17287224821670977,0.6969549214969208,0.7364175350707631,0.08526928907202819,0.15926517950472419
351,"[0.27538278 0.18762133 0.03042344 0.5947216  0.04846967 0.00987178
 0.68124236 0.04516183 1.        ]","[ 0.04673091 -0.59627759 -0.23413157  0.34696731 -0.12889557 -0.39491515
  0.45579614 -0.26709098 -0.12411929]",0.2644003431631201,0.16715384470265598,0.6959353426933692,0.7354400056253076,0.08514708788855486,0.17271597895995877
352,"[5.80090224e-02 6.08851400e-02 4.88797610e-01 5.09203088e-01
 5.07999705e-02 1.57240608e-01 3.01591257e-08 7.39656292e-02
 7.21179187e-01]","[-0.0601511  -0.80257625  0.24001878  0.33166026 -0.09629607  0.15559045
  0.09251768  0.23598562 -0.29481453]",0.058262778691235056,0.1649627174661194,0.7168611293019829,0.7554549387274366,0.08447927479215514,0.15638823519685396
353,"[2.63805375e-10 4.32305644e-01 7.79630800e-02 3.03746503e-01
 9.79500153e-01 6.86850959e-03 6.71626824e-08 7.58152092e-02
 9.99999993e-01]","[-0.29615532 -0.17230179  0.07561568  0.01088489  0.61862566 -0.21027862
 -0.16938729  0.4346244  -0.48193638]",0.09022881465533622,0.16630601587032406,0.7178832439605072,0.7564299323828336,0.08443958593677953,0.15918529069217086
354,"[2.75382781e-01 6.07505629e-01 2.07142402e-10 1.13368864e-01
 1.07382375e-01 3.04941393e-01 2.78105611e-02 7.64907578e-02
 3.71637569e-01]","[ 0.03493214  0.20460384 -0.4022557  -0.48657029 -0.31785486  0.37773313
  0.26418835  0.33387011 -0.36520946]",0.05696987624214439,0.17609595954921137,0.7168611293019829,0.7554549387274366,0.08419463422688195,0.1569848538341606
355,"[3.59766967e-12 2.97779295e-01 1.23266818e-12 8.04766799e-01
 1.15175418e-01 1.08392644e-01 3.19853825e-01 4.03384389e-02
 1.00000000e+00]","[-0.10987253  0.30880139 -0.25812213  0.71582735  0.23140727  0.30163255
  0.40914741  0.03939348 -0.00699494]",0.8528374270496276,0.17304964247867294,0.7122631902065826,0.7510658904534887,0.08366200534911487,0.14990138194489705
356,"[3.98249645e-01 1.93438484e-01 1.15268227e-10 4.70310662e-01
 2.21901888e-02 8.28998722e-02 4.23168253e-01 5.99242266e-02
 6.12644913e-01]","[ 0.09293023 -0.46516281 -0.32679541  0.27612987 -0.33945588  0.18717089
  0.45118932 -0.25636215 -0.41519634]",0.006078486061956545,0.16721968845730967,0.7086887802221682,0.7476504214201047,0.0846847527211571,0.16075386261151658
357,"[1.14542820e-09 8.62979119e-01 3.00144562e-01 2.39152377e-02
 1.69008774e-01 1.33382950e-09 6.02540178e-01 5.19193700e-02
 1.00000000e+00]","[-0.08867491  0.61267807  0.42964515 -0.31390418  0.02783799 -0.08432077
  0.41676414  0.20152939 -0.33382655]",0.5826356744174929,0.16951773959358996,0.719416656907669,0.757892181913301,0.08407885722718761,0.15936877021174106
358,"[1.         0.27042856 0.34825299 0.11742798 0.06692609 0.16629761
 0.00997103 0.06741149 0.40904237]","[ 0.18130263 -0.55208304  0.0819787  -0.71781895 -0.09001155  0.01066887
  0.13179132 -0.14851559 -0.30447887]",-0.16123133211035617,0.16544954232515025,0.718905487051675,0.7574047976091782,0.08367933124388072,0.15630204421479899
359,"[1.07512373e-10 3.46882772e-01 1.03298784e-01 2.28042221e-01
 5.12003872e-02 1.10910927e-01 9.23807199e-01 6.98520371e-02
 1.00000000e+00]","[-0.23463932 -0.28545912  0.07113192 -0.11163169  0.13425464  0.40065141
  0.6380907   0.49724019 -0.11394154]",0.4444452460978413,0.1625385508927063,0.7178832439605072,0.7564299323828336,0.0838674356892235,0.1534368803107613
360,"[0.27538278 0.41800225 0.08286442 0.21823614 0.07732171 0.07004151
 0.3531756  0.05142698 0.31016524]","[ 0.08708614 -0.06791366  0.01419517 -0.23069052 -0.26853708  0.17411529
  0.54796874 -0.37669738 -0.62432777]",-0.08163121110133667,0.16780096437169514,0.7357914809178672,0.7734710915420515,0.08348701021975129,0.19057888224769015
361,"[1.         0.94730758 0.02754455 0.08975362 0.07947475 0.13327312
 0.18418246 0.04717778 1.        ]","[ 0.09569115  0.50144131 -0.02847445 -0.22796985 -0.68659842  0.20456784
  0.24430651 -0.18930681 -0.27898145]",0.27924546832027675,0.16774224067006482,0.7143064014768048,0.7530168957832415,0.08377504458920368,0.16101762640976158
362,"[2.75382781e-01 4.73451646e-01 3.18492074e-11 2.38780150e-01
 2.80220921e-01 1.28145059e-02 2.08569438e-02 8.63095842e-01
 1.00000000e+00]","[ 0.03792005 -0.16090244 -0.3556284  -0.16014365  0.58882549 -0.312418
  0.22843198  0.55155953  0.14083814]",0.6786728941424552,0.16399809940215915,0.7337427485767892,0.7715256071202302,0.08347342507283188,0.1711670841150047
363,"[1.         0.55298155 0.3175575  0.02545388 0.10557068 0.34498813
 0.02421046 0.04368417 0.66349643]","[ 0.14382792  0.19177104  0.11088198 -0.6681272  -0.20101694  0.39895789
  0.32280247 -0.1970818  -0.3758068 ]",0.1343523513700454,0.16258210802582956,0.7398906002742554,0.7773604057655417,0.08315085731995413,0.15128947359468758
364,"[9.99999999e-01 1.17262450e-01 5.51167689e-01 5.55017038e-01
 1.14986840e-01 1.01872594e-01 1.14884421e-08 1.24669970e-01
 1.00000000e+00]","[ 0.13504278 -0.31886191  0.36655247  0.58221389  0.33997572  0.25507439
  0.26948424  0.38671672 -0.0627598 ]",0.6733527495795596,0.1655338894471562,0.7275998072159435,0.7656858982951686,0.08346384846168149,0.170528709235775
365,"[1.00000000e+00 1.75604598e-01 4.42313437e-02 4.40574021e-01
 4.74917792e-02 7.26340362e-02 7.46564188e-04 8.83012951e-02
 3.47071729e-01]","[ 0.14504692 -0.18813821 -0.04723184  0.34402135 -0.69402243 -0.11671956
  0.22128266  0.37507701 -0.37154341]",0.12438133130354234,0.16864103100123806,0.7439919570067017,0.7812474826882608,0.0833040882378113,0.16001499443621092
366,"[1.22035778e-10 9.80022600e-01 6.65295485e-03 2.27363043e-02
 2.11737269e-01 4.82457653e-03 2.74431209e-01 2.12577613e-01
 9.99999998e-01]","[-0.19945361  0.35089298 -0.20130557 -0.71743663  0.07604443 -0.30034639
  0.2112719   0.2788671  -0.25191216]",0.20623266011544228,0.16789063019225547,0.7270881133815571,0.7651990379541109,0.08372661369362805,0.16002867023867567
367,"[0.33819738 0.12962013 0.04944229 0.52609374 0.01800316 0.30658653
 0.21127707 0.05678735 0.64773967]","[ 0.08995472 -0.4412694   0.1762333   0.44255038 -0.21270227  0.39040251
  0.42691055  0.19516785 -0.39023193]",0.1791350262831808,0.16704473405654968,0.721461659800182,0.7598413956704557,0.08337057267626773,0.1571294509225768
368,"[0.24220847 0.16052488 0.6117282  0.29729012 0.04281229 0.6507146
 0.02731816 0.03177333 1.        ]","[ 0.04307748 -0.46235852  0.37436518  0.14449157 -0.2780247   0.56185784
  0.43382472 -0.10199793 -0.17819203]",0.39230401597510856,0.17145712590741502,0.7281115343375045,0.7661727253500612,0.08353739261685646,0.15769125332503509
369,"[1.22844486e-10 2.23732605e-01 9.54411869e-01 1.90940320e-01
 1.76002551e-01 1.62671488e-01 1.99620467e-02 2.11138140e-01
 1.00000000e+00]","[-0.26967299 -0.35420577  0.43633282 -0.19254828  0.4149062   0.25551729
  0.31645539  0.40349757  0.27196145]",0.7784908171485139,0.1628052409382601,0.7250416696202706,0.7632512650235895,0.08353980700672256,0.1453473071940764
370,"[2.90492948e-10 2.29934375e-01 1.81700056e-10 3.22260032e-01
 4.99018627e-02 2.76937321e-01 2.29290426e-07 7.41717927e-02
 3.07402999e-01]","[-0.35506545 -0.56081959 -0.50945462 -0.29599331 -0.15964528  0.20710848
  0.02158962 -0.2639441  -0.27155244]",-0.2780022792604233,0.16481373903344726,0.7306706715532704,0.7686063590319268,0.08323198446748596,0.155185808719019
371,"[3.38197358e-01 1.88592198e-01 4.38505233e-02 3.30566759e-01
 2.44783152e-02 9.01266918e-01 2.52702484e-07 6.96572772e-02
 9.99999991e-01]","[ 0.02736096 -0.49642319 -0.13261314 -0.13874484 -0.44922837  0.51752645
  0.03534631  0.25246619 -0.42585294]",-0.08888142803557653,0.16404755685223538,0.7434791637477711,0.7807617217360427,0.08237433178718408,0.15485363725536072
372,"[6.53407544e-10 6.30404749e-01 5.94226350e-01 1.33791742e-01
 8.64408946e-02 6.81654037e-03 1.56519476e-01 6.14685545e-02
 7.30293405e-01]","[-0.11938121  0.39370015  0.36846322  0.04759023 -0.68537123 -0.2612464
  0.21727012 -0.04309942 -0.32507088]",0.20644390747595387,0.16924897682222106,0.7137955512476025,0.7525291918611721,0.08322913408674561,0.15356100964932173
373,"[2.75382781e-01 3.89528452e-01 3.86235818e-11 2.79947305e-01
 9.44487915e-01 8.63703725e-02 3.58759980e-02 5.58310974e-02
 1.00000000e+00]","[ 0.08434452 -0.24913721 -0.31970808 -0.02047791  0.66258295  0.25702762
  0.48172303  0.29515298 -0.06270838]",0.5395020446781189,0.1650607007592943,0.7393780887761365,0.7768743630621384,0.0831628375987639,0.15732027331587778
374,"[7.01858251e-11 9.97860595e-01 2.05486222e-01 1.85160209e-02
 2.41361282e-01 1.40309969e-02 6.88956672e-04 6.08851693e-02
 6.68045297e-01]","[-0.08382827  0.722339    0.11165033 -0.50365548  0.09042959 -0.07352589
  0.10978097 -0.03268788 -0.42232762]",0.4711565411928438,0.15690145810663403,0.7306706715532704,0.7686063590319268,0.08303012439306418,0.164460803421239
375,"[4.50304406e-10 3.73362257e-01 4.81599315e-04 2.78604001e-01
 6.67347087e-02 5.94482239e-02 2.43386234e-01 7.80049304e-02
 2.84935189e-01]","[-0.16756248 -0.30239326 -0.38357512 -0.36257978 -0.43371028 -0.35522884
  0.09243822 -0.4935604  -0.18827729]",-0.3338131672661974,0.16707278079926552,0.7542553965654136,0.7909551276240729,0.08253985806624188,0.15726417235845774
376,"[6.31648270e-11 1.06981532e-01 6.17821674e-01 3.80489187e-01
 6.16530764e-02 4.28372155e-02 4.03850078e-01 7.22807083e-02
 1.00000000e+00]","[-0.11000154 -0.87143217  0.15675066  0.05976802  0.13305888 -0.08261155
  0.32241378  0.26238884  0.0550887 ]",0.23528371343999924,0.17340551528497306,0.7552825478785349,0.7919250847903543,0.08212320697025591,0.14624168398143303
377,"[2.75382780e-01 8.60855509e-01 2.20504472e-02 1.36574252e-01
 2.10659321e-01 9.10685577e-10 4.51884092e-07 6.15394659e-02
 3.46993482e-01]","[ 0.09196206  0.69280263  0.04679901  0.07671924  0.17686267 -0.10248222
  0.14604571  0.47081285 -0.46766912]",0.5371908140993924,0.16860186160709895,0.7465564583157028,0.7836757524537554,0.08275501320386774,0.16319655130762117
378,"[6.78812691e-12 7.79271385e-01 8.11320142e-02 1.64295162e-02
 4.22247794e-01 4.61535044e-01 1.90536504e-09 7.25766923e-02
 1.00000000e+00]","[-0.14593244  0.12182925 -0.06704858 -0.76004913  0.3389262   0.34845518
 -0.07740271  0.24431156 -0.28234707]",0.11633039777481025,0.16730891065831568,0.7501482726150932,0.7870738177127021,0.08246891057081314,0.15815956784207763
379,"[3.37178885e-01 1.76945025e-01 5.72540381e-01 1.98319383e-01
 5.80862207e-02 7.48089319e-02 1.03290180e-08 5.61289531e-01
 1.00000000e+00]","[ 0.02810104 -0.73190965  0.18199992 -0.47110178 -0.22773951 -0.13975169
 -0.07582592  0.3362679   0.13504166]",0.19084310896979223,0.17110140713240146,0.7445047858291776,0.7817332080781727,0.08247582780904003,0.15769853873588324
380,"[4.96704210e-10 1.80358871e-01 2.59619997e-01 6.97397228e-01
 4.29766931e-01 7.93627051e-10 5.55761571e-02 4.48883005e-02
 1.00000000e+00]","[-0.18680923 -0.10937512  0.26758099  0.51801345  0.3523515  -0.433807
  0.21736956 -0.42966254 -0.262683  ]",0.2925435077845585,0.16713040451376626,0.7624768335879093,0.7987105586022386,0.08154015188466224,0.1524995943807681
381,"[0.27115597 0.37853716 0.3430735  0.11018277 0.07029553 0.2691999
 0.12566911 0.60559702 1.        ]","[ 0.03644923 -0.14156195  0.16402133 -0.49068152 -0.29696055  0.46336197
  0.41051189  0.47922586 -0.09946352]",0.30470859131226796,0.17353080365463425,0.7527149484104457,0.7894999130705403,0.08251079994221053,0.15968809197653805
382,"[6.40356091e-10 2.90600313e-01 7.19256780e-01 4.30480354e-01
 1.41686607e-01 3.92271694e-01 2.73073257e-02 2.14339844e-02
 1.00000000e+00]","[ 0.00394506  0.22859526  0.36794287  0.54941567  0.32321909  0.38274479
  0.35970705  0.28124456 -0.22591434]",0.5534601560648638,0.16379690469295238,0.754768953576495,0.7914401248519796,0.08205492183550935,0.15306005386014299
383,"[9.99999982e-01 5.96653932e-01 3.02489750e-09 4.41692765e-01
 1.02053004e-01 4.80690758e-01 1.48856856e-06 2.90936674e-02
 1.00000000e+00]","[ 0.11696696  0.47427359  0.09435223  0.58327435 -0.27950462  0.35164424
  0.28217399  0.29907268  0.20354078]",1.0103223961162002,0.1755247974852252,0.7501482726150932,0.7870738177127021,0.08189422434954019,0.15975344578247114
384,"[0.27115597 0.4175699  0.55288337 0.10760776 0.44164809 0.00567836
 0.36712112 0.06495775 1.        ]","[ 0.05723212 -0.14917189  0.35711351 -0.3352563   0.49683723  0.0732798
  0.4140906   0.4028635  -0.3854325 ]",0.12719642132135595,0.17319683322480872,0.7604205614027453,0.7967726137509585,0.08206357693346848,0.15163598608569206
385,"[8.24966456e-01 7.32355655e-01 1.10641065e-01 1.71405131e-01
 3.78815131e-01 4.70351392e-01 7.95044402e-09 1.96183307e-02
 1.00000000e+00]","[ 0.11271686  0.47992021  0.32603296  0.34260924  0.44650037  0.45015684
  0.18890028 -0.29472379  0.09350792]",1.0078564445345668,0.17855010383407321,0.7496350473666142,0.7865884887346063,0.08251859664249404,0.1605196057070889
386,"[7.33465013e-11 5.75293388e-02 9.03143082e-01 2.99741542e-01
 6.76243385e-02 9.35259802e-02 2.95109397e-09 8.02699027e-02
 1.00000000e+00]","[-0.08241351 -0.79737134  0.05155429 -0.35252827 -0.20600477 -0.15585428
 -0.2015613  -0.34720634  0.050648  ]",-0.1107082951075478,0.16610527272842818,0.7552825478785349,0.7919250847903543,0.08156992565334201,0.15769693311207755
387,"[1.00000000e+00 3.12302432e-01 5.13239984e-02 4.24323367e-01
 7.62293857e-01 4.07754003e-02 2.17047738e-08 4.51364111e-02
 1.00000000e+00]","[ 0.29628924  0.09698467  0.28612692  0.61665584  0.56881605  0.18789565
 -0.14444761 -0.24669137 -0.00976731]",1.0232888687194397,0.15974356171335935,0.7614486205575168,0.7977416631112867,0.08143739243155451,0.15450218170278968
388,"[9.99999999e-01 1.04378207e-01 1.29102190e-01 4.97747816e-01
 7.44050185e-02 2.80685851e-01 2.08039786e-07 5.50757611e-02
 6.31471613e-01]","[ 0.17252837 -0.71356061  0.15615233  0.2869507   0.31459786  0.27949296
  0.21925015  0.20122835 -0.2978076 ]",0.18592007347685754,0.17634424442248606,0.7568235554078752,0.7933797399909165,0.08139692279835112,0.15797558716428622
389,"[2.65291515e-01 4.56780762e-01 2.80603239e-01 1.06971423e-01
 1.11814025e-01 4.25883439e-02 1.16991944e-07 8.61718764e-01
 1.00000000e+00]","[-0.01748967 -0.13976807  0.03729045 -0.7730271  -0.10714572 -0.2579742
 -0.05556989  0.47145219 -0.27894706]",-0.03636617222517369,0.16455966828581278,0.7583649017360676,0.7948340564058249,0.08166811968249808,0.1627302412453755
390,"[1.50789348e-01 7.58739804e-01 1.12072927e-10 1.65027079e-01
 8.67863003e-01 5.42702475e-03 3.95514243e-08 7.59936398e-02
 1.00000000e+00]","[ 0.04953985  0.57405358 -0.12461328  0.19542858  0.56493301 -0.06120421
 -0.09892783  0.40012831 -0.3485726 ]",0.6470652931098011,0.18184202508047553,0.7763731675629029,0.8117751903240104,0.08198658608358514,0.16392634130041572
391,"[0.93006848 0.07186482 0.35906907 0.26722816 0.00948275 0.19850604
 0.00236459 0.09999839 0.68416488]","[ 0.04000811 -0.86592384  0.13189485 -0.25245028 -0.16196152  0.09565837
  0.19308098  0.14066488 -0.27385931]",-0.20051082086352615,0.16764676571038958,0.7676202336854991,0.8035527012081937,0.08146865681021052,0.1556690879216709
392,"[1.01007278e-08 9.94251120e-01 3.45525830e-10 1.36870897e-01
 2.37291659e-01 1.15706411e-01 9.42244625e-08 5.72160619e-02
 6.00076520e-01]","[ 0.02804666  0.67678682 -0.09955327  0.15474963  0.26675901  0.32191726
 -0.17016876  0.39148338 -0.3876944 ]",0.5843771695106064,0.15420339620545986,0.7671057169442208,0.8030686636716644,0.08132909561199425,0.1525553517772879
393,"[4.60526232e-10 6.86776803e-01 2.51721171e-01 9.12477922e-02
 8.43065308e-01 8.02526480e-03 1.00042474e-07 8.02168629e-02
 1.00000000e+00]","[-0.15468951  0.34147563  0.24235797 -0.22012247  0.62113625 -0.13440829
 -0.09863729  0.37218279 -0.44738026]",0.38049331094073013,0.15233265093424536,0.7768884138115556,0.812258498385743,0.08071829426934687,0.15129693615818623
394,"[9.99999997e-01 3.15189758e-01 4.90905798e-10 2.63210988e-01
 1.18421905e-01 1.88493113e-01 7.07016996e-01 5.28742148e-02
 1.00000000e+00]","[ 0.15630154 -0.08214791 -0.14583436  0.22943798  0.38212597  0.49800577
  0.56770903  0.42219247 -0.01849514]",0.7351305931676524,0.1831188456217976,0.770708170109992,0.806456090486681,0.08098598665819429,0.16053149801668565
395,"[1.66345257e-09 3.37053444e-01 1.16846071e-04 4.48767121e-01
 9.49369149e-02 6.39845746e-02 8.20767630e-01 4.49535212e-02
 1.00000000e+00]","[-0.11321437  0.10447059 -0.19275902  0.51247192  0.2620694   0.25580916
  0.53544305 -0.34201485 -0.37241479]",0.3581028611665147,0.15671659462968712,0.7660768019751166,0.802100470090205,0.08126006866469869,0.1526420926235505
396,"[1.63257938e-10 2.77989236e-01 1.22922466e-03 8.34865750e-01
 6.19401400e-02 4.62243563e-02 8.11639729e-08 5.00863696e-02
 7.60326731e-01]","[-0.29626     0.19973744 -0.1506228   0.42508497 -0.71136079 -0.19699723
 -0.11586147 -0.2728864  -0.1903091 ]",0.19869574364897943,0.1651056367156794,0.7691640221464893,0.8050045755908757,0.08004981108597185,0.149768979850614
397,"[1.00000000e+00 2.48439140e-01 2.25766617e-11 8.47776333e-01
 6.92547955e-02 4.47813147e-02 6.39315077e-09 4.90603408e-02
 1.00000000e+00]","[ 0.20028922  0.31264444 -0.25811761  0.76656424 -0.45129626  0.03788107
 -0.04098033 -0.03298917 -0.00461245]",0.8920483836125555,0.16474737904920034,0.7789498155366374,0.8141913139217477,0.08037547574393711,0.14814802661583812
398,"[1.00000000e+00 2.24152691e-01 9.54411869e-01 1.12719337e-01
 1.66281566e-01 2.17327192e-01 3.52210771e-09 4.54002219e-02
 1.00000000e+00]","[ 0.09641095 -0.34225032  0.5839779  -0.40887867  0.48178169  0.35903772
  0.01474396  0.0502899  -0.03986921]",0.6515155698715936,0.15553702356450294,0.7892670610193614,0.8238451552445525,0.08005568935639053,0.14156542587023946
399,"[1.47868749e-10 2.76586811e-01 9.99999997e-01 2.41532586e-01
 1.13738661e-01 2.84818608e-04 2.63706178e-01 4.69749399e-02
 1.00000000e+00]","[-0.2841211   0.08572335  0.7732334   0.21202826  0.13759093 -0.12861032
  0.44381351 -0.0633797  -0.18061436]",0.7972126008338556,0.16379768235216252,0.7835904388503435,0.8185376795639412,0.07999181611644547,0.1567126004731958
400,"[0.21647053 0.32211039 0.00161011 0.32848838 0.04317262 0.04512098
 0.93282471 0.05853817 1.        ]","[ 0.03067583 -0.45633266 -0.34325873  0.13042996  0.03952646  0.00750873
  0.79697686 -0.07943679  0.11348981]",0.756267656674982,0.15555464037361044,0.791849112820261,0.8262558752853729,0.07932537525098214,0.15124812641420216
401,"[2.75382779e-01 6.12118173e-01 2.29687136e-10 2.34095161e-01
 7.34782691e-01 2.68695104e-01 7.53176202e-02 3.17406168e-02
 9.99999992e-01]","[ 0.06649787  0.27871119 -0.0777366   0.23935855  0.44790094  0.38530161
  0.36548078 -0.48842383 -0.36517939]",0.3244326304403577,0.1677671899968281,0.791849112820261,0.8262558752853729,0.08007910767945012,0.15321270278043586
402,"[2.43382111e-11 6.25806585e-01 3.08935337e-01 8.05513980e-02
 7.67790436e-02 4.74552375e-02 2.37065448e-01 5.15588355e-01
 1.00000000e+00]","[-0.32361355  0.2463204   0.21727151 -0.2585736  -0.75100347 -0.11870351
  0.20074594  0.30752742 -0.0869743 ]",0.2563220635152496,0.16419954342919202,0.7753427992955876,0.8108084499763167,0.08048604438979778,0.15013540829954397
403,"[1.79488558e-01 1.17859176e-01 1.40259688e-01 5.98098314e-01
 9.97875258e-02 2.94873096e-02 3.53431930e-07 6.26870073e-01
 1.00000000e+00]","[-0.0200228  -0.78363327  0.13449459  0.22318096  0.22576557 -0.35869242
  0.01509717  0.30622059 -0.20973822]",0.05057010779774318,0.16146252388115478,0.8063299671462326,0.839734544468855,0.0795731674430921,0.1556884206296916
404,"[3.38197384e-01 2.58183541e-01 4.19052345e-10 3.21048894e-01
 5.17859850e-02 7.73517254e-02 1.78699253e-07 1.08899548e-01
 1.66542552e-01]","[ 0.02749704 -0.36177988 -0.41597124 -0.27183175 -0.53449938 -0.39176795
 -0.16136945  0.25813431 -0.2993151 ]",-0.2510989880079629,0.1613162930519385,0.79598275070908,0.8301106724705783,0.07944027126204181,0.15465646397398924
405,"[1.         0.24472699 0.65590302 0.50340681 0.16152842 0.00116635
 0.02185306 0.0448883  1.        ]","[ 0.18168214  0.27224804  0.38951953  0.61240264  0.33911675 -0.16831568
  0.24492561 -0.37269815 -0.15455528]",0.7007312689500161,0.16066060041085495,0.7923656580893081,0.8267378843918751,0.07947950308938909,0.1492705070259861
406,"[0.27538278 0.36383635 0.03870479 0.24100327 0.06099159 0.0611872
 0.34968346 0.69904117 1.        ]","[ 0.04051748 -0.27178461 -0.18085331 -0.4073923  -0.21294458  0.0757317
  0.53747265  0.61624565 -0.07809496]",0.33936732630113986,0.16209457556804124,0.7856540531493631,0.8204682826336246,0.07981697252789309,0.14786584962716162
407,"[1.28286892e-03 8.24684503e-01 3.40411330e-01 1.35157518e-02
 6.36267442e-02 3.60353102e-01 3.77312557e-07 5.06133642e-02
 8.82122394e-01]","[ 3.37086437e-04  3.98985697e-01  1.64734876e-01 -3.09945156e-01
 -7.30386243e-01  2.74755617e-01 -1.11671343e-01 -3.54593663e-02
 -3.08097634e-01]",0.15988858841256542,0.15650140457070055,0.7933988846208037,0.8277017666188383,0.07953027466675977,0.1604969736629904
408,"[9.99999968e-01 2.46789819e-01 2.35216224e-10 5.13770689e-01
 1.59057734e-01 1.55497643e-01 6.33870034e-08 5.53597112e-01
 1.00000000e+00]","[ 0.12463371  0.078344   -0.12135221  0.57575381  0.39943162  0.41302057
  0.00480438  0.4241819  -0.34932058]",0.453035342937275,0.15834193185269213,0.7892670610193614,0.8238451552445525,0.07959484560548509,0.15534105787879232
409,"[1.35919842e-01 3.93319489e-01 1.00000000e+00 5.89702339e-02
 1.10226871e-01 2.73636709e-01 4.37782293e-08 4.48882996e-02
 1.00000000e+00]","[-0.01823594  0.01657484  0.7355284  -0.52186989 -0.19873163  0.20085462
 -0.08097421 -0.30816628 -0.06842801]",0.6595887575833849,0.16598198028824485,0.8058121481984246,0.8392538089674639,0.07928700794778551,0.15710914554417732
410,"[1.00000000e+00 7.12399245e-01 2.52283865e-01 6.61164816e-02
 1.60262342e-01 4.81050326e-10 2.74458332e-01 5.32539484e-02
 6.62903964e-01]","[ 0.23557958  0.58766906  0.33994665 -0.09419892  0.09320559 -0.07242785
  0.40371453  0.30614025 -0.45174088]",0.5763520478066598,0.15540708191427544,0.799602110502053,0.8334811935030038,0.07954449771271385,0.16653731891019546
411,"[0.38814097 0.86540543 0.47003806 0.05039282 0.14233335 0.05807693
 0.00105393 0.05003723 0.77370658]","[ 0.09696552  0.64424711  0.53110821 -0.19394383 -0.26749564  0.07588045
  0.07832223 -0.06886356 -0.40946903]",0.4812002052761357,0.16418171649623503,0.799602110502053,0.8334811935030038,0.079322851783344,0.15687292004398762
412,"[0.99999998 0.17220716 0.38119936 0.39926355 0.06703282 0.02748788
 0.07181648 0.0562362  0.54464367]","[ 0.15869082 -0.2317654   0.32956657  0.38118487 -0.46787697 -0.32780759
  0.2940348  -0.26083677 -0.43165615]",0.12757838687054385,0.15892526428250284,0.8011539711193764,0.8349249961372653,0.07882766249240138,0.14811566254502517
413,"[1.00000000e+00 3.63285671e-01 1.76086113e-01 6.24732378e-01
 3.46697718e-01 4.40368025e-11 4.35992859e-09 5.97817305e-02
 1.00000000e+00]","[ 0.11692377  0.38915894  0.3383667   0.63992117  0.35394958 -0.18512173
 -0.19388424  0.29844416 -0.15710712]",0.7011086838235715,0.17618127959345886,0.8063299671462326,0.839734544468855,0.07918716947998769,0.15253372679392052
414,"[5.71140009e-10 3.66463664e-01 1.28357759e-01 2.92102224e-01
 2.20033965e-01 7.20079901e-02 5.02103266e-03 5.19120601e-02
 1.01665227e-01]","[-0.21541988 -0.32941852  0.24811257 -0.13375515  0.54553843  0.00642394
  0.05336668 -0.24178845 -0.63770238]",-0.08455930001209971,0.16092554419585653,0.8125476908230438,0.8454994744290227,0.07874552810436157,0.16323062216530534
415,"[3.38197366e-01 2.60288691e-01 4.26902814e-02 2.63400582e-01
 1.31537519e-01 3.17257425e-01 2.38291512e-07 7.14504335e-02
 3.02786505e-01]","[ 0.02992598 -0.46987011 -0.17107543 -0.46573397  0.25672081  0.44113913
 -0.01818206  0.33799188 -0.39632459]",-0.1642878404776114,0.1629247405268243,0.8068478354301851,0.8402152306371631,0.07902082315365527,0.1526255836163399
416,"[2.96735400e-11 6.55628336e-01 8.55443428e-02 1.28574686e-01
 1.35441068e-01 2.40043048e-01 1.34110999e-08 7.55248070e-01
 1.00000000e+00]","[-0.02178257  0.28591241  0.06572136 -0.53344289 -0.10533154  0.54157172
  0.09650201  0.56073799 -0.02765136]",0.6360663592287993,0.15674218288155017,0.8047766576565892,0.8382921906199815,0.07872537031188746,0.16055548513352869
417,"[1.66742703e-10 7.43593556e-01 1.18313340e-10 9.59909954e-02
 3.93811007e-01 8.06041728e-03 1.97957043e-01 9.96869436e-02
 6.42608154e-01]","[-0.11879411  0.21157373 -0.24136152 -0.6113749   0.42469348 -0.09743145
  0.31259478  0.30546802 -0.35805895]",0.12734191543066198,0.17199404088570902,0.8063299671462326,0.839734544468855,0.07851181981156942,0.14813168990895523
418,"[1.00000000e+00 7.98959375e-02 4.54390133e-01 1.84091812e-01
 3.41602663e-02 4.33621401e-01 8.02676317e-09 8.81426804e-02
 1.00000000e+00]","[ 0.10480291 -0.88940083  0.03502283 -0.31037549  0.14394982  0.19452001
 -0.10707222  0.17410696  0.00925735]",0.1063888406289089,0.1583683491383684,0.8042589857381179,0.8378113080982825,0.07822531854869402,0.15049446339891193
419,"[0.27538278 0.69190573 0.52175521 0.07341928 0.15604984 0.03616671
 0.41780141 0.04562894 0.87797958]","[ 0.08675808  0.53528948  0.47519056  0.2585061   0.1249362   0.13898468
  0.35484215  0.34817307 -0.36227546]",0.5317667728752953,0.1674638432554828,0.8078837206681904,0.8411764543129696,0.0785880603977411,0.14307826359594053
420,"[9.99999997e-01 1.64718685e-01 1.00119857e-08 6.54604400e-01
 1.15621268e-01 4.59443072e-10 4.18325408e-01 4.87057701e-02
 1.00000000e+00]","[ 0.17367455 -0.60043231 -0.24755984  0.34731424  0.30851553 -0.36223745
  0.3610812  -0.26043131  0.05294555]",0.5291069873711238,0.15702849076465902,0.8037413625068813,0.8373303768923073,0.07902581680029946,0.14929364210519663
421,"[9.77087917e-10 1.24024416e-01 1.79786029e-09 9.52682944e-01
 6.72152943e-02 4.99414720e-02 4.63291828e-07 8.13299399e-02
 9.99999999e-01]","[-0.36612037 -0.2897374  -0.2608979   0.60259976 -0.42842323  0.00991799
 -0.01832022  0.29520405 -0.28229071]",0.25156893512791173,0.1479528402421184,0.8130661643662505,0.8459795553769692,0.0785199069366757,0.14696600491819356
422,"[8.73408603e-12 1.55345212e-01 9.54411869e-01 2.99021667e-01
 7.31106939e-02 3.47410347e-02 2.62757311e-01 4.48882992e-02
 1.00000000e+00]","[-2.11889942e-01 -4.90505689e-01  4.76610678e-01 -8.33142010e-04
 -3.83261855e-01 -4.55500954e-04  3.36007007e-01 -3.70808370e-01
 -3.00098277e-01]",0.12194474935290789,0.15694949818066734,0.8011539711193764,0.8349249961372653,0.0784198661730232,0.1607549864197859
423,"[0.50704007 0.46453339 0.35777397 0.10844147 0.25317306 0.44686037
 0.02591576 0.03003289 0.69521744]","[ 0.08340346  0.11454915  0.17769236 -0.17030198  0.42253289  0.46505368
  0.31986141 -0.51004556 -0.40258943]",0.16847882562893735,0.1650901357005326,0.8244859652576688,0.8565279542167068,0.07799122065359339,0.15089602575261896
424,"[5.36229911e-09 4.48328861e-01 1.28944303e-01 2.56637492e-01
 2.55095520e-01 1.56178325e-08 3.73497021e-01 4.70699590e-02
 4.38902731e-01]","[-0.10896708 -0.03711765  0.27711308  0.09911547  0.56884656 -0.15814803
  0.48573777 -0.31571677 -0.46466918]",0.15225445734272097,0.1653140689969542,0.8166969336124021,0.8493386676666898,0.07886121944499419,0.14283219094400956
425,"[9.99999998e-01 5.82016090e-01 9.16154307e-10 2.47457892e-02
 6.59519713e-02 5.12014492e-01 3.38143294e-07 5.04989308e-02
 1.00000000e+00]","[ 0.14180374 -0.03077636 -0.31746342 -0.71739863 -0.45197708  0.16278324
 -0.202351   -0.2911794   0.08359225]",0.22856534317647964,0.16478881050955707,0.8068478354301851,0.8402152306371631,0.0780548299043717,0.15233832197136654
426,"[4.59284069e-01 7.32218005e-01 9.53629596e-10 1.27430888e-01
 1.49489364e-01 7.89996026e-01 4.20788240e-03 4.35545368e-02
 1.00000000e+00]","[ 0.13620137  0.54266336 -0.15772709 -0.36978597 -0.11850226  0.67816726
  0.22382136 -0.03124465 -0.01789744]",0.9124989904569882,0.156818262911817,0.8146218951921107,0.8474194880452741,0.07792386490392307,0.14742524539150048
427,"[5.56658117e-11 2.01354174e-01 7.51672748e-11 3.21476555e-01
 2.75020813e-03 3.80783131e-01 5.41587299e-01 6.13541253e-02
 1.00000000e+00]","[-0.17271751 -0.59280384 -0.39071844 -0.24748121 -0.2113992   0.17020669
  0.20207678 -0.49214911  0.21940534]",0.16395969523755682,0.152275894106093,0.8239663129140766,0.8560490519859686,0.07760218767617508,0.1471874302739266
428,"[1.         0.29337665 0.16642722 0.33165906 0.07768228 0.1640956
 0.20027172 0.04186089 0.48256277]","[ 0.27340065  0.09761944  0.32454711  0.41768242  0.14993505  0.3793758
  0.43141194 -0.33544365 -0.41338588]",0.44135573955144025,0.16089313714997133,0.8260452585600805,0.857964324662649,0.07834321030559685,0.142676620904153
429,"[1.00000000e+00 3.50846851e-01 3.80807126e-01 7.98904589e-02
 1.85098331e-01 3.01215542e-01 7.43324951e-09 5.43305627e-02
 5.66852507e-01]","[ 0.12415289 -0.14161397  0.25795903 -0.47022107  0.36959758  0.45503677
 -0.16845552  0.36309015 -0.41594264]",0.12455934099901753,0.15056586781290732,0.8208495609959573,0.853174476544123,0.07776522364331055,0.14179500898764147
430,"[1.64486029e-01 1.32423141e-01 3.45531808e-01 1.78552426e-01
 2.69813129e-10 2.48415705e-01 4.04977162e-01 9.41731018e-02
 1.00000000e+00]","[-0.05308768 -0.64053579 -0.0322186  -0.47959143 -0.27957483 -0.03079674
  0.09879188 -0.51392606  0.05347216]",-0.15288649859906883,0.16503217193026137,0.8177347693294928,0.8502979409922433,0.07812478591756178,0.14561765671204235
431,"[9.99999999e-01 2.68194805e-01 3.08164536e-11 3.62076500e-01
 1.43830727e-01 7.93100071e-01 1.38099432e-08 3.06446809e-02
 1.00000000e+00]","[ 0.1849824  -0.16203942 -0.35178596  0.32139502  0.39745707  0.58075396
 -0.13065988 -0.44736654  0.00452879]",0.7664757814729667,0.15107121479576124,0.8151405761420097,0.8478993616004361,0.07817964550461941,0.14799290143594612
432,"[1.00000000e+00 2.57498064e-01 1.94019241e-09 2.66831851e-01
 1.37927938e-01 2.49640992e-01 8.68381389e-02 6.40306418e-02
 4.32104615e-01]","[ 0.38695645 -0.39544465 -0.26911771 -0.06811988  0.37892058  0.36584898
  0.36171003  0.2798187  -0.36092193]",0.30391945980780777,0.1585025966571888,0.8208495609959573,0.853174476544123,0.07780202452347165,0.13764187403649875
433,"[2.75382782e-01 4.30944130e-01 1.64733192e-10 3.30340590e-01
 9.80048055e-02 2.88824486e-01 1.36426656e-07 3.73472262e-02
 2.22616350e-01]","[ 0.07960285  0.30656037 -0.17246208  0.36737922 -0.3205795   0.52450909
  0.07493588 -0.32910387 -0.49312039]",0.2733968853348019,0.1579069859067954,0.8286452147072405,0.8603571415164276,0.07741001480527554,0.14010307882424067
434,"[6.91037502e-10 9.58311174e-01 3.01373987e-10 3.12185662e-02
 1.46233763e-01 1.34047804e-02 2.35840862e-07 4.48883000e-02
 1.00000000e+00]","[-0.10809235 -0.01779295 -0.29584355 -0.39760103 -0.31209941 -0.18645819
 -0.12306232 -0.76833957  0.06875132]",-0.04334078216039375,0.1607647088271836,0.833849481250691,0.8651384213208819,0.07718994186477954,0.14149981824097901
435,"[1.00000000e+00 1.58555451e-01 1.55420505e-11 2.44991295e-01
 7.52251191e-02 2.33898612e-01 1.79707281e-08 5.22000511e-01
 1.00000000e+00]","[ 0.01617266 -0.72032641 -0.36870434 -0.47142497  0.20798322  0.10642817
  0.05145052  0.20491932 -0.15316937]",-0.21919644744825223,0.16358186175403472,0.8141032663686999,0.8469395623671478,0.07786582458413512,0.15223864560628203
436,"[6.49470938e-09 1.72179136e-01 4.07151162e-03 5.84851749e-01
 2.64913771e-01 1.19215460e-02 3.34651025e-01 4.57446949e-02
 1.00000000e+00]","[-0.06906573 -0.55700687 -0.26969116 -0.21467274  0.02982418 -0.46913427
  0.03148619 -0.55619581  0.18663857]",-0.04851426639899675,0.15369557469682063,0.818772818089817,0.8512570012894474,0.0779308759042241,0.15263544567764878
437,"[2.31257556e-09 2.75375028e-01 7.70886408e-02 4.02049654e-01
 5.48775972e-02 4.00469886e-02 3.31971964e-01 6.61856816e-01
 1.00000000e+00]","[-0.13145278 -0.4613784  -0.00159245  0.01962105 -0.2934333  -0.48121883
  0.43798957  0.4836002  -0.16150523]",0.14930861776030202,0.15441957752702606,0.8063299671462326,0.839734544468855,0.07806008115328775,0.148211664966309
438,"[1.         0.40551628 0.03297053 0.26015356 0.23731075 0.012795
 0.02678797 0.77203564 1.        ]","[ 0.12492919 -0.16993375 -0.13991975  0.02071651  0.55394216 -0.25791116
  0.36255685  0.50212716 -0.42256274]",0.1597604662624056,0.15248658687368433,0.8286452147072405,0.8603571415164276,0.07777673220690846,0.144091566391132
439,"[5.17344829e-11 6.61170967e-01 1.25375127e-03 1.42139652e-01
 3.61803199e-01 2.25762117e-01 5.57958490e-01 4.23550447e-02
 9.99999999e-01]","[-0.20666728  0.17986695 -0.1340348  -0.27095911  0.54744967  0.50382421
  0.4938614  -0.14405491 -0.12394144]",0.5375654556965117,0.15479997495236697,0.8312466125927837,0.8627485167452622,0.07706282459965555,0.1405555527514021
440,"[1.00000000e+00 5.86550989e-01 2.40668982e-01 7.58599372e-02
 3.44890157e-01 7.44468497e-11 5.15699263e-09 8.55076102e-02
 5.19536283e-01]","[ 0.12529407  0.11065578  0.08809902 -0.52901138  0.46293249 -0.22360146
 -0.26802595  0.40131914 -0.43271601]",0.14043628510216508,0.15476407347904148,0.833849481250691,0.8651384213208819,0.07734183777402813,0.14665981602952322
441,"[1.         0.1383296  0.0696158  0.33417131 0.00567407 0.12277983
 0.58986866 0.09046992 1.        ]","[ 0.08818903 -0.75625353  0.08106074  0.10336376 -0.11544184  0.20036747
  0.49825289  0.29601404 -0.11702216]",0.2513691186585561,0.14677351934110294,0.8421889051204763,0.8727758726728359,0.07686390342076646,0.14363018988172205
442,"[0.99999997 0.16286829 0.03806164 0.72620514 0.07288642 0.02289205
 0.00191099 0.06294018 0.69897536]","[ 0.12651033 -0.06938802 -0.05864051  0.72350064 -0.37929626 -0.02651563
  0.23985758  0.31379175 -0.38951623]",0.3580808338360673,0.15082200344860208,0.8234467162597683,0.8555700940701072,0.07761357478595925,0.14360633534120032
443,"[1.         0.15534251 0.04277065 0.25402321 0.01405631 0.19059766
 0.15229347 0.08918808 0.58380611]","[ 0.01603679 -0.60254744 -0.2972002  -0.50453305 -0.31484862 -0.10657568
  0.07041259 -0.39199496 -0.15713636]",-0.3591527541247998,0.15589709183581185,0.8296855992532253,0.8613138662022697,0.07683377107720325,0.14595218670237023
444,"[1.07137140e-09 2.42433738e-01 6.16185645e-01 1.77983434e-01
 5.83189259e-02 2.18609929e-01 9.01535273e-04 6.75933230e-02
 5.18152698e-01]","[-0.18597288 -0.36637755  0.2913883  -0.52252929 -0.3930991   0.24060414
  0.12042934  0.31074167 -0.38698412]",-0.15200544504796515,0.1538648999608151,0.8401025504423347,0.870868008413205,0.07685829113645812,0.1419791124321778
445,"[0.18831622 0.47954774 0.32859836 0.12357013 0.11472772 0.08533045
 0.01402526 0.05607734 0.15724004]","[-0.02232854  0.08992569  0.38086428 -0.45651099 -0.32256424 -0.13343403
  0.18161073 -0.30928252 -0.62246643]",-0.0534071977077864,0.1479917528867239,0.8255254378653969,0.8574855907702804,0.07678238834398071,0.15625975584746032
446,"[5.96401350e-10 2.06157811e-01 9.54411678e-01 3.55039487e-01
 5.84691586e-02 2.64695883e-01 1.26439420e-07 3.59228754e-02
 9.62834622e-01]","[-0.14923576  0.24426389  0.46994651  0.39046249 -0.54932892  0.31153436
 -0.0620779   0.01821291 -0.37649949]",0.32599952030626217,0.15589477087196035,0.8390597531317925,0.8699136962890925,0.07691247125595342,0.14257888489838194
447,"[1.         0.52502888 0.65114102 0.0622756  0.08350092 0.01100836
 0.21192142 0.06378997 0.91596824]","[ 0.09609177  0.22500534  0.29616429 -0.42887866 -0.68380641 -0.2821622
  0.15825062 -0.13985911 -0.27690835]",0.09113333361732606,0.15513168646790712,0.8234467162597683,0.8555700940701072,0.07721656443995896,0.14842952212599125
448,"[2.87246339e-09 4.88014942e-01 5.42677079e-01 5.02926788e-02
 6.40986723e-02 3.20636319e-01 4.42229887e-01 4.23391588e-02
 1.00000000e+00]","[-0.00609992  0.15253236  0.32119414 -0.42445434 -0.65857069  0.28133569
  0.29752873 -0.29750018 -0.05894648]",0.3354224648576217,0.14330184503588683,0.8260452585600805,0.857964324662649,0.0765809253453135,0.14154169345713852
449,"[7.27799870e-10 6.35862756e-01 7.69617592e-02 1.53062596e-02
 7.01201088e-02 5.87300950e-01 5.28007124e-03 5.25390781e-02
 1.00000000e+00]","[-0.08083122 -0.04806324 -0.14081275 -0.76135907 -0.50500325  0.1692281
  0.05994495 -0.32289628 -0.01177018]",-0.017493773744832613,0.15748558729630593,0.8328081553872058,0.8641826378762772,0.0773494908918904,0.14883612705853105
450,"[8.78524153e-09 1.63396974e-01 2.74818763e-01 3.65705628e-01
 3.32381562e-02 3.75506120e-01 2.53638520e-06 5.89541540e-02
 4.76789810e-01]","[-0.23284786 -0.56639766  0.25227137  0.03005944 -0.22558219  0.44489588
  0.06191747 -0.30520094 -0.46328188]",-0.09154344769072112,0.15167663475547927,0.8390597531317925,0.8699136962890925,0.07643123716255167,0.14660289137884286
451,"[2.06813908e-10 1.74533298e-01 2.46130410e-01 6.35726038e-01
 5.06497090e-02 8.55415062e-02 8.15587083e-02 4.73300065e-02
 5.75214961e-01]","[-0.19532212 -0.02937945  0.2648156   0.49525359 -0.61051381  0.08048837
  0.22865885 -0.34775832 -0.30521547]",0.17748505112672416,0.15092295489706742,0.8348910472621988,0.8660939646374991,0.07674101631933612,0.15247887710027913
452,"[2.49656748e-12 3.29014432e-01 1.45345919e-01 3.43923772e-01
 2.00454801e-01 2.08012087e-02 2.64161143e-10 8.99321478e-01
 1.00000000e+00]","[-0.17267278 -0.25712351  0.34914602  0.15815119  0.4517518  -0.21788401
 -0.20565728  0.67195866 -0.10853746]",0.6023345259781157,0.15303588241632737,0.8432324669367515,0.8737294203606539,0.07635251611506057,0.15167365987196602
453,"[3.85952706e-10 9.09860571e-01 1.80060747e-09 4.97163168e-02
 1.62667589e-01 1.50190951e-01 5.33599016e-01 6.99729805e-02
 1.00000000e+00]","[-0.09036247  0.56177967 -0.14401325 -0.48587341 -0.01047828  0.3310204
  0.39649812  0.34592306  0.18129432]",0.9520677125608032,0.15355172989332244,0.8395811203462294,0.8703908837891798,0.07687757797268492,0.15647135117717345
454,"[5.96009648e-11 5.67175999e-01 2.97105948e-01 9.89581703e-02
 1.35465545e-01 2.23065274e-02 2.61048835e-08 9.52022090e-02
 2.19251476e-01]","[-0.30353147  0.12420875  0.17933544 -0.332064   -0.61966669 -0.44104397
 -0.17418622  0.24822873 -0.28204292]",-0.04111865406727344,0.15132833817348226,0.848976756082874,0.8789692339330418,0.07596867934791607,0.13620015316002826
455,"[1.00000000e+00 1.00000000e+00 4.88642922e-11 1.73587053e-01
 3.67982857e-01 3.22566046e-03 3.17739957e-08 4.48882993e-02
 1.00000000e+00]","[ 0.29086886  0.64342509  0.01894328  0.27814721  0.29979038 -0.15175606
  0.04873676 -0.55029546  0.07463377]",1.142336852177406,0.146019471721351,0.8369749077300217,0.8680043228876755,0.07662596970659898,0.13940590763398755
456,"[2.25418371e-10 4.01861330e-01 7.08599285e-11 1.98103015e-01
 2.72220524e-02 8.52297609e-01 8.94377280e-08 9.73302358e-02
 1.00000000e+00]","[-0.0721712  -0.04531055 -0.24957318 -0.31743637 -0.74794575  0.36976898
  0.10799643  0.32841828 -0.11837193]",0.1272920447610816,0.14930655732514653,0.8458425112244796,0.8761121499399442,0.07586161029337264,0.1412030107598431
457,"[2.75382780e-01 2.04098049e-01 4.68520347e-02 5.02951721e-01
 1.11360979e-01 3.64973125e-02 4.55360896e-08 6.95174976e-02
 1.66273466e-01]","[ 0.02768732 -0.48195105 -0.21929955  0.27482742  0.04920305 -0.40031284
  0.21043903 -0.4392596  -0.49338556]",-0.08449455350354257,0.1495939400159775,0.8390597531317925,0.8699136962890925,0.07628396425998357,0.13835669558716845
458,"[5.21160360e-02 4.53786155e-01 3.99428651e-02 5.93978643e-01
 1.22749052e-01 8.74359696e-11 5.58120627e-01 4.48882992e-02
 1.00000000e+00]","[ 0.01300788  0.34776062  0.22144683  0.54703339  0.22745435 -0.24565431
  0.33533352 -0.50050051 -0.23575043]",0.4491175584530117,0.15752612702630397,0.8479317384816805,0.8780171418906402,0.07604962089865265,0.14346093657915265
459,"[9.99999999e-01 3.13805522e-01 2.70283139e-01 9.27309227e-02
 5.59480016e-02 9.48317659e-02 2.58367452e-07 6.34277733e-01
 1.00000000e+00]","[ 0.05993819 -0.18427267 -0.06329282 -0.61758004 -0.6942064  -0.1579497
 -0.02028328  0.26204896 -0.03298801]",0.007142353503221052,0.14994023330542738,0.8474093311390839,0.8775409944214598,0.07508966261044814,0.15770604641446714
460,"[9.99999998e-01 1.02200855e-01 9.96691395e-02 3.65884914e-01
 1.53468621e-02 1.97023655e-01 1.07960410e-07 5.76906722e-01
 1.00000000e+00]","[ 0.1780316  -0.79836735  0.10298214  0.09883829 -0.24021743  0.24747279
 -0.13291443  0.41058376  0.07312681]",0.4979320846481433,0.16179493358516817,0.8421889051204763,0.8727758726728359,0.07609357502615105,0.15167007728396148
461,"[0.21849395 0.49918812 0.04099845 0.34172634 0.08141244 0.0267361
 0.01833593 0.86065554 0.99999997]","[ 0.03435398  0.33123486  0.12737062  0.31318728 -0.71752336 -0.11710481
  0.20112831  0.33335741 -0.30766972]",0.206478797825828,0.15987342794649317,0.8369749077300217,0.8680043228876755,0.07627884127374168,0.1447710966953727
462,"[0.27538278 0.43674278 0.07365226 0.18376717 0.20248056 0.02264767
 0.02884955 0.08356754 0.12873513]","[ 0.02853511 -0.29854292 -0.15661166 -0.60901384  0.14068979 -0.47725022
  0.18912607 -0.30953705 -0.36808905]",-0.2960986391394051,0.15611175170197658,0.8646862683274402,0.8932163699898247,0.07508644843981441,0.14016133585073537
463,"[1.46843775e-10 1.87403832e-01 4.97755100e-02 7.68456066e-01
 4.67553721e-01 1.42055586e-01 8.55026349e-08 4.29417376e-02
 1.00000000e+00]","[-0.15729426 -0.15841791  0.11542739  0.63065541  0.43990907  0.28441233
  0.20340288 -0.46165661 -0.10100811]",0.5859393589751989,0.14526582181795145,0.8604905341761219,0.8894236638607567,0.07466821340856927,0.14634982234924213
464,"[9.99999997e-01 4.12025906e-02 3.03629934e-02 4.32481709e-01
 1.72555112e-02 1.33426876e-01 6.72426921e-07 1.28700222e-01
 7.59704486e-01]","[ 0.03349009 -0.81221814 -0.27494513 -0.11111628 -0.29293855 -0.39111337
 -0.08832579  0.02279034 -0.06430351]",-0.1595377613543673,0.15439078933550476,0.8604905341761219,0.8894236638607567,0.07495702779398582,0.1405002870896378
465,"[4.26074179e-09 5.46039453e-01 7.48243576e-01 3.96571606e-02
 9.14488890e-02 1.56160286e-02 7.04361396e-07 4.48883114e-02
 1.00000000e+00]","[-0.1075119  -0.06888558  0.04481685 -0.51498754 -0.536669   -0.29509232
 -0.18355927 -0.54379834  0.10941446]",0.00681492462351134,0.1627267552933347,0.8547292965789024,0.8842007969802638,0.07520868472647999,0.13906572418954988
466,"[1.04660823e-10 2.33911739e-01 1.00000000e+00 1.75404636e-01
 2.31533171e-01 2.12703079e-01 1.46353364e-02 4.48882993e-02
 1.00000000e+00]","[-0.07665694 -0.37298729  0.53569965 -0.30594676  0.41167304  0.27642638
  0.23049075 -0.35607035 -0.22051837]",0.31577331370560513,0.1519638760142335,0.8594423679353913,0.888474720121387,0.07538142128232345,0.14359787923795797
467,"[2.08963141e-11 1.80694408e-01 4.58883335e-01 4.37752570e-01
 5.67403338e-01 9.20655780e-03 6.87333749e-02 7.07140270e-02
 1.00000000e+00]","[-0.2053112  -0.56490607  0.26414706  0.22971124  0.48341821 -0.17117501
  0.35481216  0.35224969 -0.05676219]",0.3849454164936536,0.16520500720487818,0.864161528753646,0.8927425544958975,0.07472934747750158,0.14355945862602382
468,"[0.90251516 0.29764887 0.33977808 0.06216473 0.12502418 0.18235765
 0.52129592 0.06611139 1.        ]","[ 0.02815871 -0.43979107  0.09619339 -0.72361056  0.33811867  0.20369681
  0.31818815  0.04960462 -0.11577803]",0.015001963865568055,0.15665611584597106,0.8542059859975832,0.8837255526571819,0.07524542427000104,0.1433574076510652
469,"[9.99999995e-01 7.36436240e-01 3.40697737e-02 9.81389558e-02
 3.94578083e-02 5.08251185e-01 3.23151985e-07 7.10958824e-02
 1.00000000e+00]","[ 0.18123433  0.37348259  0.0071171  -0.19823401 -0.74070417  0.31198218
  0.02259503  0.27360304 -0.25879102]",0.32706823040909694,0.14834402389496826,0.8631122854988665,0.891794687643815,0.07507194094741124,0.14515106858075366
470,"[9.42863182e-03 2.08016158e-01 2.24787387e-10 7.94110544e-01
 1.42825140e-01 1.36968106e-10 4.11436668e-01 4.75113267e-02
 1.00000000e+00]","[-0.02713734 -0.03721568 -0.16787272  0.68238155  0.31334897 -0.1631833
  0.42792637  0.27899932 -0.343911  ]",0.42405239146392726,0.15033538515741984,0.8599664132860962,0.8889492297563949,0.07520270676677336,0.15940830332831651
471,"[0.77031705 0.35066939 0.33799959 0.11153213 0.1405128  0.63684614
 0.17240647 0.0549098  1.        ]","[ 0.08195322 -0.08638109  0.18979701 -0.30682225  0.33438456  0.53765903
  0.48656484  0.46664023  0.01644595]",0.5781169144416926,0.1616285031756306,0.8589183977379753,0.8880001353416613,0.07551424445537122,0.1460211939171242
472,"[2.66387327e-10 5.13360512e-01 3.61702615e-01 7.21398185e-02
 7.82301120e-01 1.35949182e-01 7.63578321e-08 5.09836484e-02
 1.00000000e+00]","[-0.06821921 -0.10164442  0.24482586 -0.76393221  0.43938996  0.09289813
 -0.00836604 -0.37123247  0.04364965]",0.3623515424663812,0.14832872947384967,0.8683616869684782,0.8965308371010184,0.07485652932969095,0.1387351863444336
473,"[0.13969483 0.99674596 0.3600504  0.08915279 0.14589024 0.21172253
 0.07697027 0.03461979 1.        ]","[ 0.04720866  0.6745451   0.35936535  0.32557444 -0.25234334  0.34582517
  0.34218739 -0.0477786  -0.07050426]",0.8279448828903758,0.1459781427979927,0.8673111626962344,0.8955842511073977,0.07476872885277978,0.13694718738112088
474,"[9.99999998e-01 1.70324517e-01 7.58779687e-01 2.75339698e-01
 8.74824603e-02 7.37639153e-03 1.11458247e-06 3.36874068e-01
 1.00000000e+00]","[ 0.21948815 -0.32522639  0.42976111  0.28789933 -0.16883978 -0.28647241
  0.23664094  0.53009357 -0.36180198]",0.3693476463743485,0.14437454545750494,0.8604905341761219,0.8894236638607567,0.07501787099503938,0.138477683028293
475,"[1.79488639e-01 4.87157574e-02 6.73133526e-02 8.92207288e-01
 7.13791657e-02 4.57069612e-02 8.69843574e-08 6.19533260e-02
 9.46823474e-01]","[-0.01058516 -0.78724214  0.11946856  0.33303978 -0.39010341 -0.19392001
  0.05173525 -0.16407219 -0.18859394]",0.039492605103196965,0.14167533967277626,0.8620633540003357,0.890846509072815,0.07519118109991163,0.14350162397682503
476,"[1.         0.42098576 0.14552263 0.12387485 0.06075815 0.06462344
 0.48333356 0.06907663 0.6592963 ]","[ 0.12568787 -0.0104252   0.00273785 -0.65216365 -0.34144406  0.13733764
  0.35843461  0.37075585 -0.39672158]",-0.033662555440646696,0.15405941021777358,0.856823260891967,0.886101052362801,0.07499827129833826,0.13212219982940265
477,"[0.03255107 0.87793329 0.02103507 0.1005595  0.17279773 0.21635866
 0.35503669 0.24487172 1.        ]","[ 0.02808283  0.51400904  0.0348424  -0.07415817  0.25188749  0.42704099
  0.39675337  0.41756693 -0.38820863]",0.4362786869439758,0.14612468990089578,0.8573469342616109,0.8865759339370172,0.07480141137076526,0.14067374952583872
478,"[0.33819738 0.35011858 0.00161012 0.40865045 0.12958695 0.0032636
 0.33860096 0.04519021 0.37410332]","[ 0.10013951 -0.09696421 -0.31018541  0.33908929  0.23883688 -0.35243011
  0.4650225  -0.38791285 -0.47053283]",0.13168676982473365,0.14880295728636686,0.8767780497838616,0.9040913580347592,0.07452606863172051,0.14583442161972748
479,"[2.30635430e-11 4.78112475e-01 2.20315730e-11 2.36899472e-01
 1.77530288e-01 1.96513298e-01 8.10076535e-01 4.41433539e-02
 1.00000000e+00]","[-0.0788255   0.16917232 -0.06524119  0.30787313  0.42512799  0.48693092
  0.57246654  0.30377416  0.16820457]",0.9703357664406664,0.14967946454745606,0.8725671125115846,0.9003138530560031,0.07477831107545319,0.13806405643476694
480,"[2.96755724e-09 2.37491010e-01 1.16808626e-01 2.55241488e-01
 1.25945593e-01 8.35680203e-02 1.51499352e-06 8.22667544e-02
 4.24637813e-01]","[-0.17833235 -0.5159602  -0.14509681 -0.50302121 -0.10506881 -0.40286067
 -0.12038781 -0.48413808 -0.07536678]",-0.3866078079370003,0.16033869299794884,0.856823260891967,0.886101052362801,0.07512359969748238,0.14630389956048712
481,"[0.2358137  0.60581794 0.0465171  0.10613221 0.09105523 0.00774916
 0.93144744 0.05059103 1.        ]","[ 1.85890372e-02  9.91212495e-03 -1.51259513e-01 -7.79804650e-01
 -1.05932395e-02 -2.39411895e-01  4.58551473e-01  3.17618054e-01
  7.15313488e-04]",0.36167066913936463,0.14586544810252022,0.8673111626962344,0.8955842511073977,0.07472202894284422,0.13685763329860176
482,"[2.51504428e-01 2.38742804e-01 6.87726389e-01 1.88589527e-01
 1.52884092e-01 1.99620691e-01 5.65728004e-09 5.03799676e-02
 5.44061907e-01]","[ 0.03089887 -0.30591242  0.41971191 -0.15828799  0.41811744  0.38008921
 -0.011642    0.39705413 -0.4766258 ]",0.09401911731197471,0.1538569295147818,0.877831676038907,0.9050348424699395,0.07453124385412671,0.13845906669921015
483,"[2.47080165e-09 5.06428407e-01 4.47268579e-02 1.92360863e-01
 6.83013000e-02 1.21997474e-01 7.50993367e-01 5.64344204e-02
 7.61973255e-01]","[-0.03390257  0.14016754 -0.01949525  0.06827417 -0.0717558   0.45768548
  0.54822697  0.48304918 -0.47502425]",0.21120124140253288,0.1405273648477831,0.8678363839212511,0.8960575850100888,0.07415136273186704,0.15019607387544442
484,"[1.21986394e-10 5.78983442e-01 6.25167062e-11 8.02993720e-02
 9.38080170e-02 6.73113493e-02 3.25028072e-01 1.21818468e-01
 6.16154386e-01]","[-0.17613721 -0.19470169 -0.42467752 -0.79020619 -0.05533706 -0.25176291
  0.11946831  0.12823272 -0.1706665 ]",-0.24902492475973392,0.16398934287385414,0.8730931730034257,0.9007863478027148,0.0737606796439484,0.13837735047074617
485,"[2.54009512e-01 5.13459322e-01 3.57959807e-10 4.31735347e-01
 7.04339245e-02 7.52694298e-01 8.63309237e-08 3.57563935e-02
 9.99999998e-01]","[ 0.06564095  0.45078516 -0.07608646  0.50042663 -0.44462998  0.39293987
 -0.07174904  0.27003352 -0.32573679]",0.412550324631551,0.1622341113392174,0.8894467297910009,0.9153880102312945,0.0735795282579583,0.13713293218731465
486,"[3.38197380e-01 2.07415928e-01 4.43608400e-02 3.71500983e-01
 1.15228777e-01 7.11440630e-02 5.15608752e-08 8.92483693e-01
 1.00000000e+00]","[ 0.04283571 -0.73742293 -0.1610678  -0.12142388  0.31156604 -0.02879766
 -0.15795284  0.5082107  -0.18043281]",0.11626900157813244,0.13999520032706192,0.8704637265413117,0.8984230181880317,0.07438485783300569,0.14706623692784607
487,"[0.18045054 0.36427346 0.02423012 0.40301747 0.21810255 0.00157135
 0.26802663 0.6632839  1.        ]","[ 0.03141066  0.02554239 -0.0288795   0.44165769  0.53577281 -0.10294431
  0.48514742  0.50129696  0.13471719]",0.9062119673106361,0.1405523509241705,0.8631122854988665,0.891794687643815,0.07444673626459752,0.13767468778230296
488,"[3.05023066e-01 3.87000824e-01 6.35506110e-01 2.81442999e-01
 5.70762905e-02 5.52405379e-01 1.73186326e-08 1.08163942e-02
 1.00000000e+00]","[ 0.08162938  0.41363424  0.3900224   0.44022262 -0.53110043  0.38702131
  0.0487746  -0.2050038  -0.0084414 ]",0.7295554350519653,0.15508365464280482,0.8773048175094716,0.9045631456476239,0.07427539225569388,0.1549266562416619
489,"[9.99999997e-01 5.15351303e-01 7.74110372e-10 1.01296967e-01
 9.99118077e-02 7.35193301e-01 1.42591450e-02 7.44908712e-02
 1.00000000e+00]","[ 0.15750026 -0.01095255 -0.28032224 -0.72025028  0.05533328  0.40438877
  0.16304594  0.27129278 -0.33310191]",0.0711608614153737,0.15213454080565636,0.8751982859877346,0.9026754558933143,0.07401588938160504,0.1381113949159176
490,"[1.00000000e+00 4.10661529e-01 3.53021585e-10 1.01257682e-01
 6.61008307e-02 7.85333559e-02 1.54398220e-01 4.63238675e-01
 1.00000000e+00]","[ 0.1589532  -0.27989706 -0.38259457 -0.65183443 -0.26674358 -0.46225649
 -0.00178191  0.06938723  0.18834494]",0.1442851367885973,0.14378191116133837,0.8688870722923665,0.8970040069258703,0.0741619343920025,0.14068742704940934
491,"[0.99999998 0.4257638  0.15822702 0.13195036 0.05114105 0.03231555
 0.82460185 0.05221158 1.        ]","[ 0.1474186   0.02920735  0.27886737 -0.15238091 -0.46789533 -0.04266043
  0.74279296 -0.30075014 -0.11614535]",0.6392248742169208,0.1427210481723944,0.8652110870941869,0.8936901063004855,0.0747470731644582,0.13833781803186812
492,"[4.51175324e-10 4.78211174e-01 4.57079782e-01 1.60517956e-01
 3.01686856e-01 4.04701257e-02 7.20859393e-03 5.64462919e-02
 4.01988136e-01]","[-0.07717286  0.06350254  0.48827507 -0.06964923  0.60113246 -0.08839339
 -0.0455237  -0.30829867 -0.52957919]",0.18952977389059325,0.1467213420614824,0.8794128020177072,0.9064493826279214,0.07304178363595415,0.13361120426198964
493,"[7.40001627e-12 8.55122459e-01 1.61011926e-03 2.40297620e-01
 7.08666483e-02 9.94647564e-02 2.55296059e-09 4.55458336e-02
 5.50247718e-01]","[-0.1647433   0.37891231 -0.07674953  0.17160737 -0.72884238  0.07599908
 -0.09489404 -0.42852351 -0.25361618]",0.16196912075389697,0.14603776245957187,0.875724784561092,0.9031475126196827,0.07376858304469644,0.15237682272059427
494,"[5.07353982e-10 8.06439562e-01 2.94245816e-01 1.37915792e-02
 1.59228985e-01 6.40771970e-01 3.92260885e-08 3.71161926e-02
 9.99999997e-01]","[-0.0554531   0.47463904  0.23191161 -0.45708096  0.06910095  0.55380224
 -0.27979318 -0.09885524 -0.33076925]",0.4761282890489742,0.14654690246627744,0.8783586259257291,0.9055064479483299,0.07365410948224851,0.141240363444133
495,"[0.99999995 0.4546109  0.01771255 0.15921733 0.21090044 0.11811311
 0.64043094 0.13887977 1.        ]","[ 0.09446101  0.00616719 -0.09991177 -0.19162685  0.44384135  0.43425327
  0.47783783  0.43929037 -0.37075573]",0.20615695342635582,0.1425336828387243,0.8857458426756859,0.9120990078374837,0.0743392928309473,0.14644458746359346
496,"[6.38851869e-11 2.22026644e-01 1.09599465e-01 6.16851977e-01
 6.97954149e-01 1.30302391e-10 4.05314490e-08 7.31780568e-02
 1.00000000e+00]","[-0.34306449 -0.20829701  0.25104963  0.44636396  0.4184371  -0.40748549
  0.10101427  0.33858853 -0.33267447]",0.24076060188774945,0.1426197525084254,0.8788856677298644,0.9059779615230579,0.07338016133374521,0.13560561798337384
497,"[0.89369051 0.31359851 0.30283101 0.11841307 0.04168361 0.1521416
 0.3818002  0.05838757 0.66317307]","[ 0.07233163 -0.25466744  0.11467273 -0.43260117 -0.31198082  0.352328
  0.43533728 -0.3472     -0.44506806]",-0.14033860864027983,0.15249069580478541,0.8751982859877346,0.9026754558933143,0.07386137902723522,0.14047080015800284
498,"[3.49436742e-09 9.52434293e-01 7.60118487e-02 1.53270807e-01
 1.56393422e-01 2.97634908e-02 3.62386875e-02 4.60135367e-02
 5.35773478e-01]","[-0.04258509  0.60943325  0.15355121  0.02699523 -0.39676665  0.01459774
  0.24665701 -0.5021985  -0.36303032]",0.32596578771422136,0.15244104775852696,0.8889177212620617,0.9149184630625348,0.07366127149729385,0.14582479284137467
499,"[3.23544742e-09 3.84556128e-01 1.47035809e-01 2.40612792e-01
 6.51427188e-02 3.64863863e-02 5.91265286e-01 4.68036658e-01
 1.00000000e+00]","[-0.11387703 -0.24576902  0.27707238 -0.1044436   0.1437765  -0.11757382
  0.61839836  0.64370613  0.08765068]",0.6807394825547385,0.15058993457896952,0.8815222755663781,0.9083341307924867,0.07382659713356463,0.13570353628059517
500,"[9.99999988e-01 8.25482773e-01 5.55697690e-10 6.42513177e-02
 1.98981339e-01 2.74789525e-02 3.31421487e-07 4.85699877e-01
 1.00000000e+00]","[ 0.14135476  0.45010508 -0.46681645 -0.54045202  0.15232545  0.07229314
  0.02342654  0.42776971 -0.23548502]",0.4827631476237758,0.14837983856659354,0.8809947655466704,0.9078630853621164,0.07360507403629396,0.13499091194327895
501,"[2.42208464e-01 1.30571039e-01 8.01220298e-01 3.96618053e-01
 3.69269109e-01 3.99946981e-02 3.75076323e-09 4.48882992e-02
 1.00000000e+00]","[ 0.05206426 -0.60051942  0.32397716  0.34197548  0.4509242  -0.07915369
  0.06350444 -0.44731824 -0.0321395 ]",0.440538480348776,0.1521810859371982,0.8820498810025484,0.9088050808212563,0.0740041382838191,0.13861679936820326
502,"[2.42501190e-01 1.87942620e-01 6.90866199e-01 2.47383501e-01
 6.90516143e-02 5.20125501e-02 1.27355181e-08 7.16045131e-02
 5.05056800e-01]","[-0.01973599 -0.32136897  0.22561016 -0.32541831 -0.70205323 -0.30994119
 -0.20400569 -0.18887201 -0.27074385]",-0.20468546687866512,0.1516318634197269,0.8942126369697171,0.9196091052044413,0.07292617353633037,0.1409774775994174
503,"[9.99999996e-01 4.23406285e-01 7.56066378e-10 2.36558534e-01
 5.33419050e-02 4.11214810e-01 5.21201343e-01 2.68622760e-02
 1.00000000e+00]","[ 0.23294744  0.26249379 -0.02163843  0.18464281 -0.40701026  0.44993534
  0.40162539 -0.48864042 -0.27221266]",0.4750662119811365,0.14314333229642323,0.8926230192113742,0.9182030553978138,0.07322176702841685,0.1319143491320145
504,"[1.         0.52647809 0.15288431 0.14432205 0.29802684 0.14803087
 0.00536003 0.0483798  0.41235481]","[ 0.12331364  0.26663475  0.2540234  -0.00687909  0.49182237  0.43803673
  0.24979508  0.38728367 -0.45052503]",0.347253050408319,0.14644827738966348,0.8942126369697171,0.9196091052044413,0.07220500072407163,0.13982898450394382
505,"[1.72600204e-10 7.01688493e-01 3.08399261e-01 3.70860594e-02
 1.61976201e-01 7.14086046e-02 3.36467580e-08 6.93453934e-01
 1.00000000e+00]","[-0.17610752  0.41269583  0.34160148 -0.60274948 -0.0966827   0.08788856
 -0.18575146  0.44864136 -0.25654466]",0.41776311172024205,0.15920535182689416,0.8862742339383465,0.9125691721667852,0.07304784574372072,0.13432514698638753
506,"[3.38197380e-01 2.65408519e-01 8.99891794e-01 7.78407254e-02
 6.89917422e-02 4.89437595e-02 1.12551549e-08 1.35980274e-01
 1.00000000e+00]","[-0.0197162  -0.26831765  0.088704   -0.60288613 -0.53233679 -0.47223988
 -0.14955288  0.1194574   0.11509883]",0.026515793628218584,0.1467992840696865,0.89209336743559,0.9177341513598986,0.07365705725389378,0.13327750924114082
507,"[1.63585936e-10 5.88706015e-01 2.90295601e-01 5.97723000e-02
 3.06983734e-01 1.90086267e-02 7.00170191e-01 4.50885723e-02
 1.00000000e+00]","[-0.23579275  0.06567123  0.14246891 -0.60467025  0.42366589  0.18285838
  0.42016342 -0.35616577 -0.19453594]",0.26100198961258014,0.1406504616076118,0.8889177212620617,0.9149184630625348,0.07299761578283827,0.13386053146403334
508,"[0.33397057 0.15224458 0.95441187 0.28804845 0.06792185 0.16367172
 0.01095123 0.0448883  0.83491444]","[ 0.07242736 -0.1292622   0.51388257  0.17477282 -0.43316055  0.25202168
  0.24779087 -0.44675616 -0.41387239]",0.19424701751210666,0.1368160577580662,0.89209336743559,0.9177341513598986,0.07268486113366396,0.13543235792936847
509,"[5.60630610e-11 2.65546671e-01 4.30966035e-02 4.30453186e-01
 1.14568568e-01 1.79959896e-01 2.22288569e-01 4.72736197e-02
 3.58738241e-01]","[-0.08756455 -0.23980388 -0.09475642  0.33468722  0.24605799  0.4135749
  0.51520132 -0.29980925 -0.476367  ]",0.10838102302035554,0.1438522860217466,0.8868027263566443,0.9130392353574116,0.07334373047783704,0.13397821592869152
510,"[4.41776706e-02 4.75270379e-01 9.99999992e-01 8.27140917e-02
 1.61476765e-01 2.98227168e-09 1.30617447e-01 5.39015005e-02
 9.99999997e-01]","[ 0.00581801  0.32831194  0.74084423 -0.25028238  0.10797568 -0.27394754
  0.31944168 -0.08509743 -0.29102477]",0.6399848854493595,0.14490607988056314,0.8841612691712563,0.9106879146653029,0.07272313185697146,0.12781765019897912
511,"[3.09082606e-01 4.46661475e-01 2.32376704e-10 2.48515359e-01
 6.46746975e-02 9.00303896e-01 7.79479881e-02 4.06098629e-02
 1.00000000e+00]","[ 0.05763319  0.21645595 -0.10768867  0.02436332 -0.67453257  0.46021667
  0.34512565 -0.28551023 -0.26497819]",0.2415894183267736,0.1433772528482662,0.8958032652885667,0.9210141446435185,0.07320948653210264,0.1329244084433429
512,"[1.00000000e+00 9.03671378e-01 5.03654363e-12 1.96319875e-01
 7.64245458e-02 1.35432643e-02 1.09973455e-08 6.72317596e-02
 7.68118567e-01]","[ 0.09091136  0.34783386 -0.34596279  0.08927647 -0.80149945 -0.22293399
  0.03692297 -0.05922219 -0.21474331]",0.18956219578202013,0.14452348286231329,0.8836332759211554,0.9102173523888176,0.07243061447869824,0.1403118977570994
513,"[0.41855485 0.68218167 0.00792939 0.08971334 0.15229878 0.03194823
 0.11542365 0.70344642 1.        ]","[ 0.07050124  0.06695565 -0.1726399  -0.82808532  0.12841787 -0.10474271
  0.28903695  0.37392179  0.15554626]",0.4676787700065792,0.1523554679559982,0.8820498810025484,0.9088050808212563,0.07267845019391674,0.1384889618058553
514,"[3.94745536e-11 7.08415752e-01 7.33200555e-02 1.05754065e-01
 1.06953131e-01 7.31670408e-11 9.01236034e-01 4.69669140e-02
 1.00000000e+00]","[-0.24749909  0.54860286  0.15720647 -0.10819915 -0.35830645 -0.26288109
  0.61538384 -0.15754779  0.01869806]",0.9163054217057781,0.14733637152593815,0.8905050636291235,0.9163267878446192,0.07314716432168858,0.13698658464485125
515,"[4.53147109e-09 5.87360826e-01 2.08073208e-03 2.16562562e-01
 1.48520274e-01 2.68944277e-02 6.05848785e-03 8.91026230e-02
 7.70588177e-02]","[-0.14129128  0.1355317  -0.2329807  -0.21956155  0.23774157 -0.05373706
  0.20578883  0.62050438 -0.61024356]",0.07494733121188851,0.1387553115445907,0.8942126369697171,0.9196091052044413,0.07229312519822889,0.12923875423307926
516,"[1.         0.26369839 0.09901755 0.55456561 0.07550223 0.01078517
 0.18891692 0.41445383 1.        ]","[ 0.14435959  0.2178774   0.33433285  0.61412882 -0.32228834  0.0081545
  0.32546554  0.39468549 -0.27769833]",0.4986140485530113,0.16409269010316596,0.8968642566573578,0.9219502652253094,0.07219536650087087,0.13360527711648673
517,"[0.99999981 0.1957141  0.11856398 0.24085244 0.07904296 0.2352243
 0.40483845 0.07181847 0.77097499]","[ 0.05604909 -0.66376404  0.02079375 -0.14215105  0.36412012  0.31396728
  0.38045661  0.23974556 -0.31976931]",-0.07828959388025658,0.15942989977194374,0.8905050636291235,0.9163267878446192,0.072000164655699,0.13047280897273494
518,"[4.28779406e-11 2.26068345e-01 7.20415624e-01 3.28624368e-01
 1.40378729e-01 4.46629058e-03 1.27691475e-08 6.50066783e-02
 5.38135411e-01]","[-0.26645638 -0.27682966  0.36823003  0.24748243  0.2549049  -0.42403655
 -0.06506092 -0.44116293 -0.46030889]",0.041527307987098666,0.15230669200930536,0.9027082336955785,0.9270904056679998,0.0722819161422916,0.13532876651873188
519,"[9.99999998e-01 6.34163934e-01 2.05608350e-01 5.86291725e-02
 4.72871562e-01 9.10713614e-09 3.54715535e-01 5.39714347e-02
 9.99999980e-01]","[ 0.23139467  0.22576623  0.05721689 -0.58703897  0.46420667 -0.14062698
  0.34104223 -0.25001357 -0.36540009]",0.3135035740421332,0.1446992518015614,0.9021763482638911,0.9266237348338385,0.07184016245406011,0.13586154759847843
520,"[2.56574106e-09 3.28757912e-01 1.55862409e-01 2.80142692e-01
 2.93531028e-02 3.42604752e-01 7.18830720e-01 4.12658762e-02
 1.00000000e+00]","[-0.02777385  0.09355278  0.3334159   0.29077338 -0.28487712  0.5856037
  0.60610081 -0.0517116   0.02534208]",0.815341881410813,0.1478771883551555,0.9021763482638911,0.9266237348338385,0.07179528183760854,0.1319075737323831
521,"[1.         0.22516672 0.09853966 0.21558404 0.04467504 0.08200015
 0.0063845  0.12060363 0.38147041]","[ 0.05161949 -0.48832346 -0.11148897 -0.44450365 -0.26893151 -0.66445895
  0.03214123  0.11821657 -0.14150712]",-0.2711671661465316,0.15121091501675527,0.8926230192113742,0.9182030553978138,0.07183847347706424,0.143017125821288
522,"[2.65291515e-01 3.34168642e-01 3.07046040e-01 1.70631560e-01
 8.40633171e-01 9.41911050e-02 6.60454150e-08 5.55288739e-02
 1.00000000e+00]","[-0.01253523 -0.55459594  0.04530855 -0.48839427  0.42051604 -0.22599326
 -0.16622052 -0.4119499  -0.1626214 ]",-0.11136107533948515,0.14813015408826216,0.909634680588716,0.9331451929865192,0.07163608969827456,0.13597578398614663
523,"[9.99999998e-01 8.32873902e-01 2.42301203e-02 2.03054215e-01
 1.63071878e-01 5.73530461e-10 5.92903100e-08 4.97084609e-01
 1.00000000e+00]","[ 0.20811775  0.66228945  0.07449767  0.50243537 -0.05233115 -0.18836235
 -0.20002994  0.42535211  0.03021858]",1.0966688730815393,0.1420487403734172,0.9000500553217761,0.9247558029840507,0.0720261956395,0.13901202886060182
524,"[0.09052454 1.         0.03343617 0.16032646 0.05437151 0.0241845
 0.2447336  0.04488831 1.        ]","[-0.02215234  0.26906304 -0.1002977  -0.15314325 -0.78859755 -0.18165528
  0.05386667 -0.45671568  0.16500397]",0.3495664989647285,0.1486969086336637,0.908567581571959,0.9322151786892434,0.07153095757954875,0.12935443616639553
525,"[2.62826726e-10 3.40695383e-01 7.94141441e-01 1.78344836e-01
 8.19057939e-02 1.78758963e-01 3.16207169e-08 3.98411083e-01
 1.00000000e+00]","[-0.04350813  0.23220517  0.5237757   0.0760507  -0.60858755  0.225953
  0.06200292  0.48418988  0.0659192 ]",0.7579965604855826,0.14589669258371885,0.9075010388921397,0.9312846081926843,0.07182639649397328,0.1349615812710695
526,"[0.30502307 0.09734331 0.34190572 0.51270732 0.07555479 0.03403631
 0.23828927 0.34532348 1.        ]","[ 0.04351494 -0.81020591  0.16050576  0.22615242  0.22262137 -0.04683673
  0.31648776  0.27470412 -0.19335201]",0.09738414342370852,0.1443603058029501,0.9064350430599738,0.9303534909810289,0.07166877196419379,0.1366890019521903
527,"[9.99999987e-01 9.99999999e-01 3.81034471e-11 1.80932802e-01
 1.54369177e-01 2.86382987e-03 2.31428231e-01 4.93865427e-02
 1.00000000e+00]","[ 0.11661792  0.74330865 -0.22893387  0.41930054 -0.11709085 -0.01779954
  0.33521312  0.19556637 -0.20255301]",0.8023487127324915,0.13786606546782465,0.9101684417708491,0.9336099885146875,0.07169483862017029,0.1305693360816822
528,"[6.26659847e-01 1.33200183e-01 5.96976118e-01 6.21186877e-01
 5.74132909e-02 1.62288579e-01 1.04282860e-07 4.11404376e-02
 1.00000000e+00]","[ 0.09749482  0.04914555  0.35116546  0.61009792 -0.3819008   0.17198298
  0.13715273 -0.47716378 -0.2657448 ]",0.37687368503081325,0.1439671781537788,0.9149788747237455,0.9377865676844042,0.07156882931116666,0.1412541527774911
529,"[5.83854089e-10 3.35390379e-01 4.83273711e-10 2.52455679e-01
 2.95704856e-02 2.52359101e-01 4.76680603e-01 3.96996913e-01
 9.99999999e-01]","[-0.10792139 -0.1909594  -0.29835646 -0.30873107 -0.30335033  0.41456319
  0.39451674  0.43255856 -0.40115036]",-0.08770575337510972,0.14407470661884844,0.9005814432076258,0.9252229712563947,0.07172211836924106,0.1291636298424434
530,"[3.33970571e-01 4.93392865e-01 2.71361828e-01 1.94300335e-01
 1.89469194e-01 2.91100465e-03 1.40278237e-08 6.83326467e-02
 1.57276097e-01]","[ 0.10675248  0.102823    0.38790847  0.0636462   0.4853376  -0.28957381
  0.01533841  0.37535593 -0.60247373]",0.22602227141772802,0.13530810633790644,0.9149788747237455,0.9377865676844042,0.07086111151368928,0.1446086610985664
531,"[1.         0.23006018 0.16521418 0.32170115 0.13643981 0.03455504
 0.01403952 0.07888764 0.29006791]","[ 0.34172678 -0.43125386  0.22668532  0.0130984   0.21723308 -0.29137289
  0.33361604  0.42486099 -0.4709461 ]",0.20534241284081656,0.14063773409456823,0.9128394151545094,0.9359317992437964,0.07101570453554179,0.1351816377562779
532,"[0.19009263 0.17983262 0.71098373 0.18766683 0.05972584 0.40931743
 0.23740193 0.04972602 1.        ]","[-0.01446343 -0.43919397  0.35711041 -0.2810761   0.22472562  0.47014214
  0.41811102  0.39211163 -0.0162559 ]",0.4277821545170396,0.1427482324667564,0.9043046554111189,0.9284896529207503,0.0718662469504713,0.12828228336106307
533,"[1.         0.13615142 0.03252016 0.39104119 0.00511951 0.55851503
 0.21319948 0.05259774 1.        ]","[ 0.07916848 -0.55678179 -0.19589773  0.02457609 -0.47716513  0.35717661
  0.32951849 -0.42454049  0.02584058]",0.277411015770702,0.13500916895073228,0.9107023457329295,0.9340746412993544,0.07139200107174638,0.13883417946990306
534,"[0.23884132 0.20489608 0.57094436 0.273583   0.04863503 0.08446208
 0.24323107 0.04791992 0.57636364]","[ 0.00080707 -0.22103543  0.35164261  0.07092034 -0.54338981  0.14609879
  0.40587932 -0.38056138 -0.4430329 ]",-0.013875606767952797,0.13787562528463534,0.911770587109975,0.9350035135280177,0.07126206422146361,0.13515138484772526
535,"[1.00000000e+00 7.15109086e-01 2.49559178e-01 5.41182259e-03
 1.50581139e-01 2.51304285e-01 2.13952188e-08 3.78031464e-01
 1.00000000e+00]","[ 0.16616973  0.40332392  0.17022291 -0.58346244 -0.04571244  0.43808618
 -0.03352581  0.46510508 -0.16987447]",0.6030728080377852,0.1551050074071748,0.908567581571959,0.9322151786892434,0.0712700221586543,0.1335839024502925
536,"[1.00000000e+00 4.43349669e-02 4.93844566e-10 3.79837705e-01
 1.42738866e-02 2.99946260e-01 2.67210384e-07 9.37598885e-02
 1.00000000e+00]","[ 0.1745695  -0.75887016 -0.29449283 -0.3414471  -0.12837422 -0.03028082
 -0.04210175 -0.34272342  0.23173401]",0.19991579687656091,0.14198874451397397,0.9112363937480746,0.934539150068117,0.07147427915936891,0.13866270381231516
537,"[1.         0.16681367 0.19079185 0.29202552 0.02527963 0.76616801
 0.00693275 0.05698987 1.        ]","[ 0.15107587 -0.57542462  0.20262908 -0.03523859 -0.32951814  0.57077279
  0.25256547 -0.26971834 -0.18127658]",0.31753753057884393,0.13623190101653615,0.9219497653538415,0.9437969232344016,0.07071712784743851,0.132887131825155
538,"[1.11954257e-08 3.58710934e-01 3.94942715e-02 4.22314967e-01
 2.27687962e-01 2.19142377e-03 1.47502707e-06 6.52653525e-02
 1.52323490e-01]","[-0.09454678 -0.18827915 -0.20604324  0.28792914  0.52018658 -0.50551647
  0.05909397 -0.31590435 -0.4481364 ]",0.07437466770950417,0.13657487650516484,0.9208754759779967,0.9428740972439189,0.07078661754182715,0.13963867868802105
539,"[2.75382781e-01 1.81752923e-01 7.53415730e-02 5.68024030e-01
 1.37235424e-01 2.06192949e-02 2.87687419e-08 7.55165200e-01
 9.99999999e-01]","[ 0.0665233  -0.43932737  0.21751538  0.4339989   0.46761721 -0.0659939
 -0.08057159  0.43546484 -0.38439   ]",0.2086508833144834,0.1381504127093376,0.920338591332829,0.9424124242892724,0.0710299576157877,0.13175969364746154
540,"[9.99999996e-01 6.01260452e-01 7.55907506e-10 9.35117620e-02
 1.63887081e-01 3.22054755e-02 3.33688409e-01 7.95376884e-02
 6.37091821e-01]","[ 0.22397252 -0.00240737 -0.36782962 -0.7145955   0.20472646  0.01303176
  0.29648323  0.24450387 -0.33781348]",0.0928357716256269,0.14095564317545214,0.909634680588716,0.9331451929865192,0.07100424467301772,0.13235992229942883
541,"[6.63568526e-11 5.15403783e-01 6.65795851e-01 4.89517442e-02
 3.17821848e-01 1.95150929e-01 1.33335951e-08 2.83299973e-01
 9.99999995e-01]","[-0.20895504  0.09322282  0.37524596 -0.40549489  0.42000545  0.31125402
 -0.27225338  0.39753968 -0.37009231]",0.2147940097796464,0.14623934291819163,0.911770587109975,0.9350035135280177,0.07085133879745223,0.1365488946437331
542,"[7.63183466e-11 1.55650630e-01 6.40057370e-04 5.19463257e-01
 9.88562008e-02 5.63326142e-02 4.91661018e-03 1.03361977e-01
 3.77973190e-01]","[-0.36907343 -0.62660462 -0.32598587 -0.15570299  0.0840302  -0.55689924
  0.05841579  0.08834752 -0.11056999]",-0.23406022676992108,0.1373901697534614,0.909634680588716,0.9331451929865192,0.07152945121609809,0.12731078738952684
543,"[3.37045143e-09 6.40459136e-01 5.56141820e-02 2.30600199e-01
 9.52599473e-01 1.52339598e-02 7.13027033e-07 5.58916139e-02
 9.99999982e-01]","[-0.1925769   0.45449326  0.15802317  0.25041975  0.59801498 -0.09479244
 -0.2164747  -0.49331053 -0.10883264]",0.7894395138022832,0.14051381928257023,0.9160495289064845,0.9387130277647794,0.07086770129776626,0.13073882717399093
544,"[1.28057701e-01 6.50502478e-01 1.91221882e-11 5.53487535e-01
 3.19748850e-01 3.08749295e-01 3.59929606e-09 2.31310388e-02
 1.00000000e+00]","[ 0.04655307  0.48537486  0.01725553  0.68182364  0.38468439  0.30808704
 -0.16768864  0.04773019 -0.15416055]",0.764147453330328,0.13661492752004567,0.9155141235668863,0.9382498759505629,0.07083717329501027,0.12579793279405627
545,"[0.00239722 0.6932281  0.39480417 0.06295577 0.1538622  0.24117731
 0.01983831 0.04229365 0.48427893]","[ 0.02019381  0.52528241  0.35010711 -0.13434132 -0.24299633  0.39490043
  0.31287233 -0.31454351 -0.41379674]",0.3443188233369914,0.13956833018866982,0.9144437809006034,0.9373231044418538,0.07061276625446078,0.1266935989384873
546,"[1.00000000e+00 5.18493835e-01 3.14393651e-01 1.97397236e-01
 1.34922315e-01 2.16041490e-03 1.64666651e-08 5.84445559e-02
 3.53229217e-01]","[ 0.14999263  0.39939879  0.36287553  0.36936562 -0.47053281 -0.30622821
 -0.07396433 -0.29793586 -0.37477976]",0.3301331094262096,0.1392103909800722,0.9198018776916145,0.9419505803846181,0.07066752215032988,0.137891351927583
547,"[1.00000000e+00 9.74016510e-01 6.46572612e-11 1.20653357e-01
 2.26338649e-01 1.15653205e-01 8.03424033e-08 4.48882994e-02
 7.75607635e-01]","[ 0.20282894  0.66200459 -0.27998499 -0.00941746  0.33116888  0.32131988
  0.17334375 -0.18863362 -0.40445034]",0.6364518857661832,0.13768239533106796,0.9123049271333655,0.9354677303650744,0.07066326945247794,0.13016784816364724
548,"[1.14398565e-01 1.00000000e+00 2.70047778e-01 1.60834376e-02
 4.66082989e-01 1.39992683e-03 4.65373921e-04 5.48697898e-02
 1.00000000e+00]","[ 0.04489154  0.74058026  0.35861521 -0.20583023  0.4952234  -0.16081663
 -0.01030737 -0.07514118 -0.04115859]",1.0245522802193885,0.14419258079925157,0.916585092244356,0.9391760216261714,0.07101366071760233,0.12833405229233796
549,"[0.99999999 0.2274135  0.04450299 0.33678254 0.74233932 0.09921218
 0.01777344 0.05117777 1.        ]","[ 0.08612126 -0.6913848  -0.18145982 -0.08418029  0.5019543   0.12300092
  0.31076014 -0.30182755  0.14070225]",0.40806734153490476,0.13975245578086481,0.9224871737034429,0.9442580726538378,0.07075997153626722,0.1302993038297522
550,"[1.70333099e-10 5.55552141e-01 1.37610862e-01 1.50633322e-01
 3.34259829e-01 1.05497502e-02 5.65829849e-02 6.30348487e-02
 2.99566521e-01]","[-0.15266535 -0.06849277 -0.02363058 -0.6792341   0.34618837 -0.2843027
  0.21077117 -0.36274332 -0.36524383]",-0.1512551091241507,0.1439785323983642,0.9230247602965744,0.9447190438887395,0.07052748313795403,0.1343555957116669
551,"[0.32826908 0.13856917 0.8743396  0.19454447 0.12159853 0.02459182
 0.24317536 0.07517226 1.        ]","[-0.01679944 -0.72356028  0.05661481 -0.49282282  0.15168109 -0.40088023
  0.13848552 -0.13619295 -0.0930584 ]",-0.21318751125334584,0.1573203501296227,0.931652053059268,0.9520686856527718,0.07007576865749306,0.14459739072632272
552,"[2.09075284e-01 1.36534257e-01 2.42301162e-02 5.33057025e-01
 2.16973310e-02 3.19809181e-01 1.94438286e-07 5.71918086e-01
 1.00000000e+00]","[ 0.01154545 -0.308873   -0.23867556  0.46393619 -0.47703843  0.36261494
  0.0687338   0.42237732 -0.3001319 ]",0.2488138982453887,0.14338059863126673,0.92410047583152,0.9456404441923325,0.069848046714708,0.13623460126618941
553,"[9.99999999e-01 2.11597571e-01 1.28290043e-01 5.59735227e-01
 1.57186012e-01 2.05379758e-10 1.94151246e-04 6.76343584e-02
 5.03092363e-01]","[ 0.21576777  0.03401911  0.35331028  0.59336283  0.32910384 -0.3018087
  0.28620599  0.1749909  -0.40428437]",0.4606475118533733,0.1407316671188743,0.9198018776916145,0.9419505803846181,0.07039568448939755,0.133446280054072
554,"[1.         0.30542508 0.95441187 0.09027535 0.2321922  0.03489994
 0.01108341 0.0448883  1.        ]","[ 0.03994411 -0.16854966  0.36532064 -0.52362001  0.31320917 -0.2091371
  0.14519462 -0.60694906 -0.17621418]",0.1534372127613097,0.13594936975551347,0.9198018776916145,0.9419505803846181,0.07042477011297084,0.1313660526444722
555,"[9.76466268e-11 4.60072537e-01 1.87452709e-01 2.16379562e-01
 1.08303376e-01 1.19662432e-01 2.08022769e-08 5.05980199e-02
 7.91147660e-02]","[-0.30177684  0.25437316  0.34134683  0.04790459 -0.3894039   0.29242842
 -0.30732062 -0.2079196  -0.59210321]",0.12683657316124347,0.13584904822191723,0.9251769275615176,0.9465611085537405,0.06992295260260306,0.1244477603793116
556,"[5.28427996e-11 3.67592912e-01 2.84603683e-02 2.56911469e-01
 2.13709440e-01 3.75780723e-02 9.07816883e-03 1.03116253e-01
 1.54062815e-01]","[-0.19641909 -0.43573574 -0.32867618 -0.36877193  0.23866509 -0.4244407
  0.04537673  0.36777304 -0.3912878 ]",-0.25116161925106406,0.1339381193733492,0.9235625270287396,0.9451798350449641,0.07000869251265558,0.1262004244029965
557,"[5.56279706e-10 5.63391478e-01 3.95204256e-10 4.50295199e-02
 2.79892443e-01 4.58794677e-01 2.01246944e-07 2.37344537e-01
 1.00000000e+00]","[-0.15134584 -0.21815878 -0.29018323 -0.79228058  0.25062091  0.2621099
  0.02181886  0.25107564 -0.15019615]",-0.0587879991481203,0.14160002875230882,0.9246386086735486,0.9461008693636581,0.07016281802651202,0.13345646843432682
558,"[5.75447761e-11 4.76479155e-01 4.92557409e-01 4.45429967e-02
 2.15742981e-01 2.48642857e-01 1.61741650e-01 4.48882992e-02
 6.84686156e-01]","[-0.07693152 -0.11040901  0.23807521 -0.66138146  0.26504489  0.22105776
  0.27393439 -0.45655237 -0.29187448]",-0.02868546483870854,0.13912668854213625,0.9289505461176503,0.9497773984912372,0.06988822518001131,0.15043134446208464
559,"[9.99999993e-01 6.82012222e-01 6.73854861e-10 2.85386771e-02
 1.39589313e-01 1.72674774e-02 1.97181400e-01 4.78660606e-02
 1.00000000e+00]","[ 0.00361135 -0.1857084  -0.32045    -0.64448826 -0.16949823 -0.33697412
 -0.00783546 -0.53484369  0.13800599]",-0.060055601469660824,0.14976965760310196,0.9235625270287396,0.9451798350449641,0.06979819864219126,0.13367968479272652
560,"[1.00000000e+00 5.16638220e-01 2.50865968e-10 3.11009072e-01
 3.84095428e-02 2.41860397e-01 7.09749929e-03 5.13183432e-02
 5.34143364e-01]","[ 0.1716827   0.36819098 -0.07388968  0.37139656 -0.63278066  0.28114119
  0.22855039  0.28089385 -0.28456457]",0.38514290527604134,0.14950393788429295,0.9257154345412206,0.9470211597183252,0.07037105275728758,0.13660347164979125
561,"[0.33397057 0.13192533 0.74603394 0.35415304 0.03858687 0.20863147
 0.29332984 0.03985842 1.        ]","[ 0.0783279  -0.43560895  0.35681523  0.36473073 -0.30149527  0.29229571
  0.44819845 -0.31932438  0.25412176]",0.7862704317294805,0.14826271863276308,0.9273321050981531,0.9484001640078162,0.07021397685229899,0.13175948317475794
562,"[1.91220243e-01 1.25098287e-01 1.11104675e-01 5.67581866e-01
 8.67868238e-02 2.25452371e-01 1.48519539e-07 5.97837591e-01
 1.00000000e+00]","[ 0.01071013 -0.62165344  0.16081984  0.35790647  0.37221147  0.31710239
 -0.02554801  0.3499947  -0.31181393]",0.146509860184188,0.15143127336961437,0.9224871737034429,0.9442580726538378,0.07003041903310198,0.1300082193409367
563,"[1.         0.34134789 0.02539578 0.17911574 0.20198283 0.06601164
 0.06677707 0.07535282 0.3518133 ]","[ 0.10512695 -0.46347525 -0.28992573 -0.63600195  0.22394597 -0.21160678
  0.10344284 -0.38021669 -0.18812024]",-0.23102146480841612,0.12902794805905357,0.9251769275615176,0.9465611085537405,0.06997210327853566,0.13608446033713517
564,"[1.13430491e-10 1.79653364e-01 2.42301179e-02 3.27263197e-01
 6.64072538e-02 6.49596373e-01 2.37262150e-01 6.22292088e-02
 9.99999999e-01]","[-0.21450198 -0.69457753 -0.27905494 -0.34025192  0.19508128  0.21830083
  0.17476727 -0.38964495 -0.09914225]",-0.17005830501556546,0.13525449638677067,0.9246386086735486,0.9461008693636581,0.06946283023810035,0.13259480725207803
565,"[1.         0.18405718 0.04235427 0.46925091 0.10287411 0.14458457
 0.20126711 0.45919183 1.        ]","[ 0.13937191 -0.29918865 -0.02730112  0.38022471  0.35934324  0.33605881
  0.44282803  0.41346542 -0.3696377 ]",0.25647356651147174,0.13515931606799403,0.9273321050981531,0.9484001640078162,0.06986848691005047,0.13438219891151082
566,"[1.         0.88937149 0.19336812 0.02977949 0.18662269 0.07291753
 0.35735414 0.0448883  1.        ]","[ 0.21552424  0.57299559  0.17815656 -0.37412603  0.28199628  0.28990116
  0.39169603 -0.36699706 -0.04287309]",0.9028317156769843,0.14038662260623536,0.9349010273539713,0.9548110672573905,0.07010577190200629,0.1202869116327191
567,"[1.72990962e-11 8.79009658e-01 3.40275004e-01 7.91541516e-02
 9.08615248e-02 1.75082186e-01 7.92796906e-03 5.60503665e-02
 7.23471350e-01]","[-0.17908806  0.52869392  0.30427108  0.19064066 -0.48231051  0.27116887
  0.19884733  0.33332058 -0.3204475 ]",0.3754308901610388,0.13780100395357348,0.9208754759779967,0.9428740972439189,0.07025134862629849,0.1275755533121454
568,"[0.39858552 0.27546621 0.11266329 0.38782549 0.07132206 0.02018243
 0.28468148 0.6808456  1.        ]","[ 0.09863028 -0.33247426  0.19009723  0.19962425 -0.01286737 -0.42124404
  0.45455096  0.48762239 -0.42631193]",0.07222994670283223,0.13583275797985617,0.9278713857233936,0.9488594418082151,0.06981966648637897,0.13385136414529042
569,"[2.24226128e-10 7.68753524e-01 2.60657200e-10 3.27351347e-01
 1.74344175e-01 3.02081296e-01 4.04139368e-01 1.81794444e-02
 1.00000000e+00]","[-0.13245919  0.43017087 -0.07338399  0.48546028  0.21231107  0.28233783
  0.34383898 -0.48163168 -0.28524679]",0.45687190895884633,0.13705664650589688,0.9224871737034429,0.9442580726538378,0.06976956411457827,0.12590004378134353
570,"[0.23805293 0.44393029 0.10498811 0.15581269 0.19857169 0.00660924
 0.90734405 0.0465527  1.        ]","[ 0.02384621 -0.33802656  0.03938317 -0.43595346  0.54642586  0.06511054
  0.58121536 -0.18360353  0.13863907]",0.5582132895151655,0.13656176441034434,0.9305708198575118,0.9511528009612411,0.06973386080597106,0.12562309657835813
571,"[1.64127129e-10 1.37350702e-01 5.47047285e-02 5.09196386e-01
 2.77345885e-02 1.66870373e-01 4.73988912e-08 7.34710904e-02
 3.36985748e-01]","[-0.34747722 -0.48923222 -0.05502813  0.20064715 -0.51741286  0.05059422
 -0.23887538 -0.44060967 -0.27413477]",-0.0986970335410521,0.1382695687271841,0.9294904305432127,0.950236072721109,0.07029885760071575,0.12920966814399615
572,"[2.63916269e-01 1.94836245e-01 9.54411869e-01 2.62772868e-01
 3.08741400e-01 8.14330286e-11 7.57328307e-02 6.18092188e-02
 1.00000000e+00]","[ 0.06190799 -0.17995717  0.59191771  0.13665654  0.53343318 -0.07119187
  0.40735583  0.31380205 -0.20177088]",0.5952873570647637,0.1337268466406628,0.9246386086735486,0.9461008693636581,0.0700969240892124,0.12679780943920402
573,"[0.27538278 0.25550656 0.0838071  0.1602795  0.00354663 0.16011736
 0.58416651 0.1648047  1.        ]","[-0.02444356 -0.43356165 -0.2143735  -0.70513097 -0.46949985  0.01720572
  0.13585762  0.16711581  0.03391158]",-0.10658692562363639,0.14141866640778175,0.9311113297008127,0.9516108500211323,0.06991072500523826,0.13751053692712312
574,"[1.         0.12733956 0.68826573 0.2817264  0.04695767 0.03883223
 0.33219464 0.05599009 1.        ]","[ 0.11802637 -0.70139441  0.25251601  0.11902446 -0.18545741  0.01036076
  0.40796354 -0.33568649 -0.32025463]",0.024208810267980996,0.14229225989488115,0.9219497653538415,0.9437969232344016,0.06965422889962122,0.138976598011336
575,"[0.33819738 0.32374379 0.13287968 0.27338628 0.16070668 0.00626092
 0.5707196  0.04536316 0.61657126]","[ 0.09253388 -0.36970945  0.21260298 -0.04377087  0.31702212 -0.32300069
  0.53541669 -0.27654565 -0.48954621]",-0.03199917911527311,0.1425642026083443,0.9327341508251472,0.9529837061370092,0.06932508017107972,0.12652536886494878
576,"[0.45928405 0.79758936 0.07319584 0.1275959  0.77003693 0.07154836
 0.00258901 0.06691215 1.        ]","[0.10599789 0.57267867 0.28619783 0.21258274 0.5056516  0.22503191
 0.170124   0.431758   0.10964909]",1.097969203281924,0.13929510293856318,0.9251769275615176,0.9465611085537405,0.06923314171699156,0.13102628052747733
577,"[2.75382784e-01 3.32021856e-01 3.00156965e-02 7.12843236e-01
 9.67977846e-02 3.94219607e-01 8.16693240e-05 1.84902189e-02
 8.34731346e-01]","[ 0.09237581  0.31977791  0.10403376  0.63535001  0.08974166  0.36331939
  0.32665703 -0.32798995 -0.34695731]",0.44389991418798597,0.14415358053550698,0.9338171347399997,0.9538978408483708,0.0696435759569477,0.1296831177518866
578,"[1.71688450e-10 5.60817564e-01 1.51684609e-10 1.85731404e-01
 1.06493374e-01 2.70850002e-02 6.07304356e-01 5.17175753e-02
 5.72091618e-01]","[-0.15994095 -0.01642534 -0.47488288 -0.31448035  0.16782244  0.01253994
  0.52146056 -0.27109138 -0.52536101]",-0.0472984302529485,0.13587843411970918,0.9359858522443276,0.9557233618090268,0.06940267422791341,0.13145992694868852
579,"[1.74319322e-11 2.81116059e-01 1.48171167e-01 2.02172439e-01
 4.84878444e-02 1.51851066e-01 4.40043517e-08 7.84289523e-01
 1.00000000e+00]","[-0.13905761 -0.45475192 -0.10975002 -0.70653758 -0.32325366  0.03423934
 -0.01419118  0.30172552 -0.25635584]",-0.31713254463578855,0.13705697999858574,0.9332755306278921,0.9534408855991012,0.06952319710515446,0.1344038353773931
580,"[0.33397055 0.27163225 0.50897598 0.22613489 0.36459074 0.00763406
 0.45649495 0.04488831 1.        ]","[ 0.06984464 -0.39692986  0.26715157  0.07094593  0.48555458  0.0271255
  0.44062195 -0.45589619 -0.35025284]",0.07518440384401004,0.1443038521234689,0.9365286219582771,0.956179151980602,0.06959166665079085,0.13008004452792893
581,"[0.25135487 0.08442049 0.03563123 0.51145776 0.02289313 0.07677694
 0.50277646 0.09534756 1.        ]","[-0.02480892 -0.80532751 -0.26421307 -0.06688384 -0.17225924 -0.46591057
  0.13514653  0.10645301  0.01440114]",-0.0650595487680046,0.1395567858776357,0.9262541316986335,0.947481020773025,0.06934948621753895,0.12730885828502084
582,"[0.31212377 0.48571446 0.69870088 0.05381758 0.10579378 0.01704842
 0.5084363  0.06415222 1.        ]","[ 0.06668239  0.26266292  0.45061781 -0.36846508 -0.52002342  0.04799538
  0.35526969  0.41429069 -0.13098659]",0.46543558207585645,0.13987144980432165,0.9192653333257419,0.9414885672573947,0.06946166495944593,0.13246445684038252
583,"[3.33970570e-01 2.59255989e-01 3.81159489e-01 2.22941311e-01
 8.50500994e-02 8.75472141e-02 5.58101631e-08 7.94070030e-01
 1.00000000e+00]","[ 0.10181047 -0.39967004  0.39446528 -0.18401484 -0.10211182  0.16832003
 -0.02405371  0.74616101 -0.21057274]",0.427697207480372,0.13525819139426104,0.9300305209727179,0.9506945410275383,0.06881551948075287,0.12492833480219645
584,"[2.75382781e-01 6.04276010e-01 5.05262157e-11 1.41074837e-01
 9.91987866e-02 1.11365756e-01 1.40326036e-08 8.16070240e-01
 1.00000000e+00]","[ 0.02329264  0.24627167 -0.18775342 -0.35103824 -0.75698486  0.12859366
 -0.17838051  0.35946678 -0.17242433]",0.16586255619839962,0.1311444556435042,0.931652053059268,0.9520686856527718,0.06952678513364254,0.13469298494487814
585,"[1.         0.35405844 0.95441212 0.21556471 0.09967356 0.09167459
 0.01564883 0.0448883  1.        ]","[ 0.25911337  0.41946789  0.51441459  0.44795374 -0.09633239  0.14389817
  0.16111521 -0.44436247 -0.19549754]",0.7858231253647765,0.13644281277323156,0.9365286219582771,0.956179151980602,0.06895366888502025,0.12909237603739343
586,"[5.41482399e-10 2.87195230e-01 3.61007968e-01 2.04431897e-01
 1.47252844e-01 3.59905573e-01 1.71364068e-01 4.36919239e-01
 1.00000000e+00]","[-0.17449391 -0.25966425  0.25376108 -0.00962068  0.46606826  0.47762527
  0.44034519  0.44505955  0.01765484]",0.543167799992006,0.13705095112094967,0.9349010273539713,0.9548110672573905,0.06909598474110286,0.1331412120191675
587,"[6.83695247e-11 1.97969625e-01 9.95902743e-01 1.83010737e-01
 5.22993565e-02 2.63806019e-01 5.27817973e-08 4.53054388e-02
 1.00000000e+00]","[-0.30148752 -0.3067132   0.31298669 -0.29348122 -0.63417896  0.08893962
 -0.02125387 -0.46933142 -0.01111183]",0.15519474855613666,0.13185481041217761,0.932192992544572,0.9525263052467499,0.06943810820865887,0.13836724976497589
588,"[1.         0.27876815 0.04222687 0.37849269 0.07217806 0.75007448
 0.09545702 0.0370795  1.        ]","[ 0.12459311  0.12304645  0.14077434  0.48952904  0.16231705  0.4866872
  0.43081777  0.33695807 -0.38408864]",0.39641971522537917,0.14431054138241206,0.9365286219582771,0.956179151980602,0.06910570192902218,0.13454413623024092
589,"[9.99999999e-01 9.99999996e-01 1.81395553e-01 1.67029084e-02
 2.15976537e-01 4.43918759e-02 1.70034625e-07 4.48883002e-02
 8.82790537e-01]","[ 0.11338666  0.57980149  0.01051613 -0.51274654 -0.16475189 -0.03359115
 -0.03261564 -0.51685805 -0.30245086]",0.3592560068864924,0.13425890102297533,0.9436079602345211,0.9620811039124588,0.06890994041252,0.12980431337693532
590,"[2.67217176e-01 3.27649363e-01 4.80046249e-01 1.88018875e-01
 1.83245421e-01 7.57876361e-01 5.91662181e-08 2.25322431e-02
 1.00000000e+00]","[ 0.07760042  0.04151452  0.41578207  0.1977719   0.53543299  0.60707056
 -0.25903402 -0.20268944  0.12985175]",0.9546026053369223,0.1394633844946226,0.9300305209727179,0.9506945410275383,0.06922530153864748,0.1300372595035435
591,"[0.12612172 0.16026029 0.12823082 0.65455125 0.1169033  0.03918089
 0.19405045 0.0448883  0.58051145]","[-0.00733944 -0.26480993  0.24669962  0.47232975  0.32078291  0.15199718
  0.3238791  -0.56682726 -0.30605573]",0.2006264247402306,0.13936958797062687,0.9332755306278921,0.9534408855991012,0.0687926756580039,0.13355531085016908
592,"[3.33564387e-01 6.13331930e-01 8.42837404e-11 1.92777325e-01
 1.48211687e-01 6.73161938e-02 5.00393240e-08 5.46672468e-02
 9.88644578e-02]","[ 0.06711315  0.39794078 -0.40448472 -0.10957609 -0.42874739  0.02997708
 -0.12350905 -0.46990096 -0.49065243]",0.10960884236351087,0.1356010058037904,0.9370716340824761,0.956634699855787,0.06886062767733307,0.14081973436681644
593,"[3.86236013e-10 3.20668354e-01 1.11276771e-01 2.84581970e-01
 5.70531859e-02 5.16071535e-01 1.66732198e-02 4.62099160e-02
 4.67988186e-01]","[-0.16441596 -0.09009543 -0.01458225 -0.12570598 -0.60053551  0.495368
  0.18723782 -0.35346594 -0.4275594 ]",-0.05820873729393988,0.1388207908035674,0.9354433217491056,0.9552673325294242,0.06902128538055831,0.14044825608875086
594,"[2.79820187e-01 3.04607267e-01 6.00912779e-01 9.69947227e-02
 7.23339688e-02 1.75558687e-01 2.29944914e-07 7.51853929e-02
 5.25189219e-01]","[ 0.00319745 -0.34636992  0.26183344 -0.71500239 -0.25780003  0.13922196
 -0.09026707  0.31812254 -0.32409688]",-0.15712459446073998,0.1468513670962373,0.9408797909989792,0.9598164664154308,0.06810209823048383,0.13122768942735163
595,"[3.38197379e-01 2.56150233e-01 3.02404000e-02 3.65044203e-01
 1.05417101e-01 3.65042402e-01 5.49006947e-08 4.01863397e-02
 3.18757684e-01]","[ 0.05157897 -0.34387006 -0.16241317  0.10516815  0.19489786  0.55162161
  0.13020735 -0.48100835 -0.50105893]",0.005705565057132156,0.1396587579587395,0.9403349859831179,0.9593627105354603,0.0683274241375742,0.12340935322995311
596,"[0.99999998 0.41174108 0.36856675 0.05045642 0.05561167 0.24569295
 0.53185446 0.05442667 0.99999999]","[ 0.12694341  0.03031958  0.26720993 -0.46096091  0.09581222  0.41620615
  0.43542322  0.42338687 -0.38447708]",0.19238892428224108,0.138335380670216,0.9425158473073122,0.961176093677008,0.06828390732972807,0.14330341638972127
597,"[2.75382782e-01 5.86578631e-01 5.65849183e-10 2.37350630e-01
 1.51694763e-01 1.48205910e-02 5.08258006e-03 9.57736338e-01
 1.00000000e+00]","[ 0.10010896  0.41550651 -0.40371756  0.01317566  0.17447956 -0.00273176
  0.18170834  0.75626798  0.13697195]",1.163050747453642,0.13865643980682796,0.9387021579765266,0.9579998566764899,0.06864208406204896,0.13001799234308553
598,"[9.99999999e-01 3.44526754e-01 3.47040749e-02 2.28045540e-01
 1.22630359e-01 5.88471941e-02 5.24940401e-08 8.70347902e-02
 1.98906452e-01]","[ 0.23331714 -0.31659951 -0.20990747 -0.25491524  0.23084172 -0.01864225
 -0.05834857  0.59068869 -0.57474501]",0.023124345406589003,0.13673518752430314,0.9338171347399997,0.9538978408483708,0.06827739985328884,0.12648319980095585
599,"[2.91486830e-01 8.78556472e-01 8.51386459e-02 1.65962572e-01
 8.82784475e-02 6.70919199e-03 3.08546166e-08 5.12516973e-01
 1.00000000e+00]","[ 0.04253967  0.36208931  0.12059767 -0.04197732 -0.7812057  -0.33970297
 -0.07236011  0.27487423 -0.21048406]",0.19296740693028647,0.13176499779295173,0.9447012404539145,0.962984947529998,0.06795625027257057,0.1271272019481096
600,"[1.         0.46393906 0.42614845 0.03789727 0.20819529 0.10810431
 0.03476077 0.05670635 0.55884628]","[ 0.14604493 -0.06456972  0.19813701 -0.83689753  0.20420016 -0.10256872
  0.19983832 -0.25909356 -0.27488725]",0.03886811972248713,0.133883767766553,0.9425158473073122,0.961176093677008,0.06859112725262573,0.1379498421757256
601,"[1.05228500e-09 4.10242322e-01 1.51934703e-10 8.81856021e-01
 1.22788018e-01 5.31743476e-10 1.57919629e-03 5.47534349e-02
 1.00000000e+00]","[-0.02845525  0.50443551 -0.24306473  0.73994499  0.0165397  -0.14079501
  0.21751615  0.24525222  0.1028462 ]",0.9781147212704746,0.1421868542683743,0.9376148918837461,0.9570900021710403,0.06780978348406924,0.12835398817516536
602,"[3.96469474e-01 6.73752686e-01 1.59922529e-02 3.33925119e-02
 2.18984355e-01 6.54246239e-01 2.57651723e-08 4.83000773e-02
 1.00000000e+00]","[ 0.02509094  0.01351903 -0.21203696 -0.861598    0.21761573  0.36713983
  0.01592381 -0.15864725 -0.06562109]",0.20146493069080706,0.14097365346516721,0.9447012404539145,0.962984947529998,0.06794342471433941,0.1331155145339631
603,"[5.00657862e-01 4.69038793e-01 4.12443436e-01 1.04884655e-01
 1.11155829e-01 1.95321734e-01 1.19170844e-07 6.75358111e-01
 1.00000000e+00]","[ 0.12011258  0.26629827  0.46743602 -0.04323793  0.11192483  0.5349608
  0.13995844  0.5859251   0.18079111]",1.0667264131325929,0.14067391389693018,0.9452483296818558,0.9634364204874016,0.06826859583677589,0.1260158249959269
604,"[6.98687049e-10 2.68121350e-01 6.74684354e-01 3.03809847e-01
 7.85208258e-02 1.18903539e-02 2.77199598e-01 3.58434631e-01
 1.00000000e+00]","[-0.11833868  0.10434377  0.41995465  0.32007123 -0.48392442 -0.05490606
  0.36871428  0.43274112 -0.36863019]",0.2585900837332098,0.1271692524381703,0.94798846205785,0.9656891019576997,0.06755120805164247,0.12330942713194526
